#VRML V2.0 utf8
WorldInfo {
  title "/home/rob/Documents/Safecast/bGeigieScint/bGeigieScint Physics.wrl - Generated by Pcbnew"
}
Transform {
  scale 0.00254 0.00254 0.00254
  children [
Transform {
  rotation 0 0 1 1.5708
  translation 59.75 -34.8907 0.314961
  scale 1 1 1
  children [
    Inline {
      url "shapes3D/R_0805_2012Metric.wrl"
    } ]
  }
Transform {
  rotation 0 0 1 1.5708
  translation 58.3333 -34.8907 0.314961
  scale 1 1 1
  children [
    Inline {
      url "shapes3D/R_0805_2012Metric.wrl"
    } ]
  }
Transform {
  translation 61.5522 -34.876 0.314961
  scale 1 1 1
  children [
    Inline {
      url "shapes3D/SOT-23-5.wrl"
    } ]
  }
Transform {
  rotation 0 0 1 1.5708
  translation 55.5 -34.8907 0.314961
  scale 1 1 1
  children [
    Inline {
      url "shapes3D/R_0805_2012Metric.wrl"
    } ]
  }
Transform {
  translation 61.75 -38 0.314961
  scale 1 1 1
  children [
    Inline {
      url "shapes3D/C_0805_2012Metric.wrl"
    } ]
  }
Transform {
  translation 62.0059 -40.25 0.314961
  scale 1 1 1
  children [
    Inline {
      url "shapes3D/PinHeader_2x02_P2.54mm_Vertical_SMD.wrl"
    } ]
  }
Transform {
  translation 53.626 -34.75 0.314961
  scale 1 1 1
  children [
    Inline {
      url "shapes3D/C_0805_2012Metric.wrl"
    } ]
  }
Transform {
  rotation 0 0 1 3.14159
  translation 53.624 -38.25 0.314961
  scale 1 1 1
  children [
    Inline {
      url "shapes3D/C_0805_2012Metric.wrl"
    } ]
  }
Transform {
  translation 53.7618 -40.25 0.314961
  scale 1 1 1
  children [
    Inline {
      url "shapes3D/PinHeader_2x02_P2.54mm_Vertical_SMD.wrl"
    } ]
  }
Transform {
  rotation 0 0 1 1.5708
  translation 56.9167 -34.8907 0.314961
  scale 1 1 1
  children [
    Inline {
      url "shapes3D/R_0805_2012Metric.wrl"
    } ]
  }
Transform {
  translation 53.626 -37.0833 0.314961
  scale 1 1 1
  children [
    Inline {
      url "shapes3D/C_0805_2012Metric.wrl"
    } ]
  }
Transform {
  translation 61.5 -36.5925 0.314961
  scale 1 1 1
  children [
    Inline {
      url "shapes3D/WSON-6-1EP_2x2mm_P0.65mm_EP1x1.6mm.wrl"
    } ]
  }
Transform {
  translation 53.626 -35.9167 0.314961
  scale 1 1 1
  children [
    Inline {
      url "shapes3D/C_0805_2012Metric.wrl"
    } ]
  }
Transform {
  rotation 1 0 0 3.14159
  translation 58.025 -36.525 -0.314961
  scale 1 1 1
  children [
    Inline {
      url "shapes3D/MICROFJ-60035-TSV-TR.wrl"
    } ]
  }
Transform {
  children [
    Group {
      children [
        Shape {
          appearance Appearance {
            material Material {
              diffuseColor 0 0 0
              specularColor 0.1 0.1 0.1
              emissiveColor 0 0 0
              ambientIntensity 0.7
              transparency 0
              shininess 0.01
            }
          }
          geometry IndexedFaceSet {
            solid TRUE
            coord Coordinate {
              point [
53.88815 -39.629331 0.310039, 53.901291 -39.630811 0.310039,
53.913773 -39.635179 0.310039, 53.92497 -39.642215 0.310039,
53.934321 -39.651566 0.310039, 53.941356 -39.662763 0.310039,
53.945724 -39.675245 0.310039, 53.947205 -39.688386 0.310039,
53.945724 -39.701527 0.310039, 53.941356 -39.714009 0.310039,
53.934321 -39.725206 0.310039, 53.92497 -39.734557 0.310039,
53.913773 -39.741593 0.310039, 53.901291 -39.74596 0.310039,
53.88815 -39.747441 0.310039, 53.875009 -39.74596 0.310039,
53.862527 -39.741593 0.310039, 53.851329 -39.734557 0.310039,
53.841978 -39.725206 0.310039, 53.834943 -39.714009 0.310039,
53.830575 -39.701527 0.310039, 53.829094 -39.688386 0.310039,
53.830575 -39.675245 0.310039, 53.834943 -39.662763 0.310039,
53.841978 -39.651566 0.310039, 53.851329 -39.642215 0.310039,
53.862527 -39.635179 0.310039, 53.875009 -39.630811 0.310039,
63.440883 -41.778412 0.310039, 63.589676 -41.692506 0.310039,
63.730416 -41.593959 0.310039, 63.862031 -41.483521 0.310039,
63.983521 -41.362031 0.310039, 64.093959 -41.230416 0.310039,
64.192506 -41.089676 0.310039, 64.278412 -40.940883 0.310039,
64.351023 -40.785169 0.310039, 64.409786 -40.623719 0.310039,
64.454254 -40.457761 0.310039, 64.484089 -40.28856 0.310039,
64.499063 -40.117402 0.310039, 64.5 -40.031496 0.310039,
64.5 -32.968504 0.310039, 64.499063 -32.882598 0.310039,
64.484089 -32.71144 0.310039, 64.454254 -32.542239 0.310039,
64.409786 -32.376281 0.310039, 64.351023 -32.214831 0.310039,
64.278412 -32.059117 0.310039, 64.192506 -31.910324 0.310039,
64.093959 -31.769584 0.310039, 63.983521 -31.637969 0.310039,
63.862031 -31.516479 0.310039, 63.730416 -31.406041 0.310039,
63.589676 -31.307494 0.310039, 63.440883 -31.221588 0.310039,
63.285169 -31.148977 0.310039, 63.123719 -31.090214 0.310039,
62.957761 -31.045746 0.310039, 62.78856 -31.015911 0.310039,
62.617402 -31.000937 0.310039, 62.531496 -31. 0.310039,
53.468504 -31. 0.310039, 53.382598 -31.000937 0.310039,
53.21144 -31.015911 0.310039, 53.042239 -31.045746 0.310039,
52.876281 -31.090214 0.310039, 52.714831 -31.148977 0.310039,
52.559117 -31.221588 0.310039, 52.410324 -31.307494 0.310039,
52.269584 -31.406041 0.310039, 52.137969 -31.516479 0.310039,
52.016479 -31.637969 0.310039, 51.906041 -31.769584 0.310039,
51.807494 -31.910324 0.310039, 51.721588 -32.059117 0.310039,
51.648977 -32.214831 0.310039, 51.590214 -32.376281 0.310039,
51.545746 -32.542239 0.310039, 51.515911 -32.71144 0.310039,
51.500937 -32.882598 0.310039, 51.5 -32.968504 0.310039,
51.5 -40.031496 0.310039, 51.500937 -40.117402 0.310039,
51.515911 -40.28856 0.310039, 51.545746 -40.457761 0.310039,
51.590214 -40.623719 0.310039, 51.648977 -40.785169 0.310039,
51.721588 -40.940883 0.310039, 51.807494 -41.089676 0.310039,
51.906041 -41.230416 0.310039, 52.016479 -41.362031 0.310039,
52.137969 -41.483521 0.310039, 52.269584 -41.593959 0.310039,
52.410324 -41.692506 0.310039, 52.559117 -41.778412 0.310039,
52.714831 -41.851023 0.310039, 52.876281 -41.909786 0.310039,
53.042239 -41.954254 0.310039, 53.21144 -41.984089 0.310039,
53.382598 -41.999063 0.310039, 53.468504 -42. 0.310039,
62.531496 -42. 0.310039, 62.617402 -41.999063 0.310039,
62.78856 -41.984089 0.310039, 62.957761 -41.954254 0.310039,
63.123719 -41.909786 0.310039, 63.285169 -41.851023 0.310039,
63.379921 -32.5 0.310039, 63.331971 -32.74106 0.310039,
63.195422 -32.945422 0.310039, 62.99106 -33.081971 0.310039,
62.75 -33.129921 0.310039, 62.50894 -33.081971 0.310039,
62.304578 -32.945422 0.310039, 62.168029 -32.74106 0.310039,
62.120079 -32.5 0.310039, 62.168029 -32.25894 0.310039,
62.304578 -32.054578 0.310039, 62.50894 -31.918029 0.310039,
62.75 -31.870079 0.310039, 62.99106 -31.918029 0.310039,
63.195422 -32.054578 0.310039, 63.331971 -32.25894 0.310039,
52.620079 -32.5 0.310039, 52.668029 -32.25894 0.310039,
52.804578 -32.054578 0.310039, 53.00894 -31.918029 0.310039,
53.25 -31.870079 0.310039, 53.49106 -31.918029 0.310039,
53.695422 -32.054578 0.310039, 53.831971 -32.25894 0.310039,
53.879921 -32.5 0.310039, 53.831971 -32.74106 0.310039,
53.695422 -32.945422 0.310039, 53.49106 -33.081971 0.310039,
53.25 -33.129921 0.310039, 53.00894 -33.081971 0.310039,
52.804578 -32.945422 0.310039, 52.668029 -32.74106 0.310039,
53.032362 -40.25 0.310039, 53.030882 -40.263141 0.310039,
53.026514 -40.275623 0.310039, 53.019478 -40.28682 0.310039,
53.010127 -40.296171 0.310039, 52.99893 -40.303207 0.310039,
52.986448 -40.307574 0.310039, 52.973307 -40.309055 0.310039,
52.960166 -40.307574 0.310039, 52.947684 -40.303207 0.310039,
52.936487 -40.296171 0.310039, 52.927136 -40.28682 0.310039,
52.9201 -40.275623 0.310039, 52.915733 -40.263141 0.310039,
52.914252 -40.25 0.310039, 52.915733 -40.236859 0.310039,
52.9201 -40.224377 0.310039, 52.927136 -40.21318 0.310039,
52.936487 -40.203829 0.310039, 52.947684 -40.196793 0.310039,
52.960166 -40.192426 0.310039, 52.973307 -40.190945 0.310039,
52.986448 -40.192426 0.310039, 52.99893 -40.196793 0.310039,
53.010127 -40.203829 0.310039, 53.019478 -40.21318 0.310039,
53.026514 -40.224377 0.310039, 53.030882 -40.236859 0.310039,
62.120048 -36.862268 0.310039, 62.133189 -36.860787 0.310039,
62.14633 -36.862268 0.310039, 62.158812 -36.866636 0.310039,
62.170009 -36.873671 0.310039, 62.17936 -36.883022 0.310039,
62.186396 -36.894219 0.310039, 62.190763 -36.906702 0.310039,
62.192244 -36.919843 0.310039, 62.190763 -36.932984 0.310039,
62.186396 -36.945466 0.310039, 62.17936 -36.956663 0.310039,
62.170009 -36.966014 0.310039, 62.158812 -36.973049 0.310039,
62.14633 -36.977417 0.310039, 62.133189 -36.978898 0.310039,
62.120048 -36.977417 0.310039, 62.107566 -36.973049 0.310039,
62.096369 -36.966014 0.310039, 62.087018 -36.956663 0.310039,
62.079982 -36.945466 0.310039, 62.075614 -36.932984 0.310039,
62.074134 -36.919843 0.310039, 62.075614 -36.906702 0.310039,
62.079982 -36.894219 0.310039, 62.087018 -36.883022 0.310039,
62.096369 -36.873671 0.310039, 62.107566 -36.866636 0.310039,
61.72752 -35.792835 0.310039, 61.726039 -35.805976 0.310039,
61.721671 -35.818458 0.310039, 61.714636 -35.829655 0.310039,
61.705285 -35.839006 0.310039, 61.694088 -35.846041 0.310039,
61.681606 -35.850409 0.310039, 61.668465 -35.85189 0.310039,
61.655324 -35.850409 0.310039, 61.642842 -35.846041 0.310039,
61.631644 -35.839006 0.310039, 61.622293 -35.829655 0.310039,
61.615258 -35.818458 0.310039, 61.61089 -35.805976 0.310039,
61.609409 -35.792835 0.310039, 61.61089 -35.779694 0.310039,
61.615258 -35.767212 0.310039, 61.622293 -35.756014 0.310039,
61.631644 -35.746663 0.310039, 61.642842 -35.739628 0.310039,
61.655324 -35.73526 0.310039, 61.668465 -35.73378 0.310039,
61.681606 -35.73526 0.310039, 61.694088 -35.739628 0.310039,
61.705285 -35.746663 0.310039, 61.714636 -35.756014 0.310039,
61.721671 -35.767212 0.310039, 61.726039 -35.779694 0.310039,
61.849803 -39.717913 0.310039, 61.851284 -39.704772 0.310039,
61.855651 -39.69229 0.310039, 61.862687 -39.681093 0.310039,
61.872038 -39.671742 0.310039, 61.883235 -39.664707 0.310039,
61.895717 -39.660339 0.310039, 61.908858 -39.658858 0.310039,
61.921999 -39.660339 0.310039, 61.934481 -39.664707 0.310039,
61.945679 -39.671742 0.310039, 61.955029 -39.681093 0.310039,
61.962065 -39.69229 0.310039, 61.966433 -39.704772 0.310039,
61.967913 -39.717913 0.310039, 61.966433 -39.731054 0.310039,
61.962065 -39.743536 0.310039, 61.955029 -39.754734 0.310039,
61.945679 -39.764085 0.310039, 61.934481 -39.77112 0.310039,
61.921999 -39.775488 0.310039, 61.908858 -39.776969 0.310039,
61.895717 -39.775488 0.310039, 61.883235 -39.77112 0.310039,
61.872038 -39.764085 0.310039, 61.862687 -39.754734 0.310039,
61.855651 -39.743536 0.310039, 61.851284 -39.731054 0.310039,
53.573189 -40.188386 0.310039, 53.571708 -40.201527 0.310039,
53.567341 -40.214009 0.310039, 53.560305 -40.225206 0.310039,
53.550954 -40.234557 0.310039, 53.539757 -40.241593 0.310039,
53.527275 -40.24596 0.310039, 53.514134 -40.247441 0.310039,
53.500993 -40.24596 0.310039, 53.488511 -40.241593 0.310039,
53.477314 -40.234557 0.310039, 53.467963 -40.225206 0.310039,
53.460927 -40.214009 0.310039, 53.456559 -40.201527 0.310039,
53.455079 -40.188386 0.310039, 53.456559 -40.175245 0.310039,
53.460927 -40.162763 0.310039, 53.467963 -40.151566 0.310039,
53.477314 -40.142215 0.310039, 53.488511 -40.135179 0.310039,
53.500993 -40.130811 0.310039, 53.514134 -40.129331 0.310039,
53.527275 -40.130811 0.310039, 53.539757 -40.135179 0.310039,
53.550954 -40.142215 0.310039, 53.560305 -40.151566 0.310039,
53.567341 -40.162763 0.310039, 53.571708 -40.175245 0.310039,
54.528235 -35.077896 0.310039, 54.540717 -35.073528 0.310039,
54.553858 -35.072047 0.310039, 54.566999 -35.073528 0.310039,
54.579481 -35.077896 0.310039, 54.590679 -35.084931 0.310039,
54.600029 -35.094282 0.310039, 54.607065 -35.105479 0.310039,
54.611433 -35.117961 0.310039, 54.612913 -35.131102 0.310039,
54.611433 -35.144243 0.310039, 54.607065 -35.156725 0.310039,
54.600029 -35.167923 0.310039, 54.590679 -35.177274 0.310039,
54.579481 -35.184309 0.310039, 54.566999 -35.188677 0.310039,
54.553858 -35.190157 0.310039, 54.540717 -35.188677 0.310039,
54.528235 -35.184309 0.310039, 54.517038 -35.177274 0.310039,
54.507687 -35.167923 0.310039, 54.500651 -35.156725 0.310039,
54.496284 -35.144243 0.310039, 54.494803 -35.131102 0.310039,
54.496284 -35.117961 0.310039, 54.500651 -35.105479 0.310039,
54.507687 -35.094282 0.310039, 54.517038 -35.084931 0.310039,
54.522874 -34.704882 0.310039, 54.521393 -34.718023 0.310039,
54.517026 -34.730505 0.310039, 54.50999 -34.741702 0.310039,
54.500639 -34.751053 0.310039, 54.489442 -34.758089 0.310039,
54.47696 -34.762456 0.310039, 54.463819 -34.763937 0.310039,
54.450678 -34.762456 0.310039, 54.438196 -34.758089 0.310039,
54.426999 -34.751053 0.310039, 54.417648 -34.741702 0.310039,
54.410612 -34.730505 0.310039, 54.406244 -34.718023 0.310039,
54.404764 -34.704882 0.310039, 54.406244 -34.691741 0.310039,
54.410612 -34.679259 0.310039, 54.417648 -34.668062 0.310039,
54.426999 -34.658711 0.310039, 54.438196 -34.651675 0.310039,
54.450678 -34.647307 0.310039, 54.463819 -34.645827 0.310039,
54.47696 -34.647307 0.310039, 54.489442 -34.651675 0.310039,
54.500639 -34.658711 0.310039, 54.50999 -34.668062 0.310039,
54.517026 -34.679259 0.310039, 54.521393 -34.691741 0.310039,
56.190945 -33.75 0.310039, 56.192426 -33.736859 0.310039,
56.196793 -33.724377 0.310039, 56.203829 -33.71318 0.310039,
56.21318 -33.703829 0.310039, 56.224377 -33.696793 0.310039,
56.236859 -33.692426 0.310039, 56.25 -33.690945 0.310039,
56.263141 -33.692426 0.310039, 56.275623 -33.696793 0.310039,
56.28682 -33.703829 0.310039, 56.296171 -33.71318 0.310039,
56.303207 -33.724377 0.310039, 56.307574 -33.736859 0.310039,
56.309055 -33.75 0.310039, 56.307574 -33.763141 0.310039,
56.303207 -33.775623 0.310039, 56.296171 -33.78682 0.310039,
56.28682 -33.796171 0.310039, 56.275623 -33.803207 0.310039,
56.263141 -33.807574 0.310039, 56.25 -33.809055 0.310039,
56.236859 -33.807574 0.310039, 56.224377 -33.803207 0.310039,
56.21318 -33.796171 0.310039, 56.203829 -33.78682 0.310039,
56.196793 -33.775623 0.310039, 56.192426 -33.763141 0.310039,
54.675866 -35.839764 0.310039, 54.674386 -35.852905 0.310039,
54.670018 -35.865387 0.310039, 54.662982 -35.876584 0.310039,
54.653631 -35.885935 0.310039, 54.642434 -35.892971 0.310039,
54.629952 -35.897338 0.310039, 54.616811 -35.898819 0.310039,
54.60367 -35.897338 0.310039, 54.591188 -35.892971 0.310039,
54.579991 -35.885935 0.310039, 54.57064 -35.876584 0.310039,
54.563604 -35.865387 0.310039, 54.559237 -35.852905 0.310039,
54.557756 -35.839764 0.310039, 54.559237 -35.826623 0.310039,
54.563604 -35.814141 0.310039, 54.57064 -35.802944 0.310039,
54.579991 -35.793593 0.310039, 54.591188 -35.786557 0.310039,
54.60367 -35.782189 0.310039, 54.616811 -35.780709 0.310039,
54.629952 -35.782189 0.310039, 54.642434 -35.786557 0.310039,
54.653631 -35.793593 0.310039, 54.662982 -35.802944 0.310039,
54.670018 -35.814141 0.310039, 54.674386 -35.826623 0.310039,
55.539094 -40.742323 0.310039, 55.540575 -40.729182 0.310039,
55.544943 -40.7167 0.310039, 55.551978 -40.705503 0.310039,
55.561329 -40.696152 0.310039, 55.572527 -40.689116 0.310039,
55.585009 -40.684748 0.310039, 55.59815 -40.683268 0.310039,
55.611291 -40.684748 0.310039, 55.623773 -40.689116 0.310039,
55.63497 -40.696152 0.310039, 55.644321 -40.705503 0.310039,
55.651356 -40.7167 0.310039, 55.655724 -40.729182 0.310039,
55.657205 -40.742323 0.310039, 55.655724 -40.755464 0.310039,
55.651356 -40.767946 0.310039, 55.644321 -40.779143 0.310039,
55.63497 -40.788494 0.310039, 55.623773 -40.79553 0.310039,
55.611291 -40.799897 0.310039, 55.59815 -40.801378 0.310039,
55.585009 -40.799897 0.310039, 55.572527 -40.79553 0.310039,
55.561329 -40.788494 0.310039, 55.551978 -40.779143 0.310039,
55.544943 -40.767946 0.310039, 55.540575 -40.755464 0.310039,
61.067598 -37.267598 0.310039, 61.069079 -37.254457 0.310039,
61.073447 -37.241975 0.310039, 61.080482 -37.230778 0.310039,
61.089833 -37.221427 0.310039, 61.10103 -37.214392 0.310039,
61.113513 -37.210024 0.310039, 61.126654 -37.208543 0.310039,
61.139795 -37.210024 0.310039, 61.152277 -37.214392 0.310039,
61.163474 -37.221427 0.310039, 61.172825 -37.230778 0.310039,
61.17986 -37.241975 0.310039, 61.184228 -37.254457 0.310039,
61.185709 -37.267598 0.310039, 61.184228 -37.280739 0.310039,
61.17986 -37.293221 0.310039, 61.172825 -37.304419 0.310039,
61.163474 -37.31377 0.310039, 61.152277 -37.320805 0.310039,
61.139795 -37.325173 0.310039, 61.126654 -37.326654 0.310039,
61.113513 -37.325173 0.310039, 61.10103 -37.320805 0.310039,
61.089833 -37.31377 0.310039, 61.080482 -37.304419 0.310039,
61.073447 -37.293221 0.310039, 61.069079 -37.280739 0.310039,
62.845748 -34.838189 0.310039, 62.847229 -34.825048 0.310039,
62.851596 -34.812566 0.310039, 62.858632 -34.801369 0.310039,
62.867983 -34.792018 0.310039, 62.87918 -34.784982 0.310039,
62.891662 -34.780614 0.310039, 62.904803 -34.779134 0.310039,
62.917944 -34.780614 0.310039, 62.930426 -34.784982 0.310039,
62.941623 -34.792018 0.310039, 62.950974 -34.801369 0.310039,
62.95801 -34.812566 0.310039, 62.962378 -34.825048 0.310039,
62.963858 -34.838189 0.310039, 62.962378 -34.85133 0.310039,
62.95801 -34.863812 0.310039, 62.950974 -34.875009 0.310039,
62.941623 -34.88436 0.310039, 62.930426 -34.891396 0.310039,
62.917944 -34.895763 0.310039, 62.904803 -34.897244 0.310039,
62.891662 -34.895763 0.310039, 62.87918 -34.891396 0.310039,
62.867983 -34.88436 0.310039, 62.858632 -34.875009 0.310039,
62.851596 -34.863812 0.310039, 62.847229 -34.85133 0.310039,
62.803071 -38.204488 0.310039, 62.804552 -38.191347 0.310039,
62.808919 -38.178865 0.310039, 62.815955 -38.167668 0.310039,
62.825306 -38.158317 0.310039, 62.836503 -38.151281 0.310039,
62.848985 -38.146914 0.310039, 62.862126 -38.145433 0.310039,
62.875267 -38.146914 0.310039, 62.887749 -38.151281 0.310039,
62.898946 -38.158317 0.310039, 62.908297 -38.167668 0.310039,
62.915333 -38.178865 0.310039, 62.9197 -38.191347 0.310039,
62.921181 -38.204488 0.310039, 62.9197 -38.217629 0.310039,
62.915333 -38.230111 0.310039, 62.908297 -38.241308 0.310039,
62.898946 -38.250659 0.310039, 62.887749 -38.257695 0.310039,
62.875267 -38.262063 0.310039, 62.862126 -38.263543 0.310039,
62.848985 -38.262063 0.310039, 62.836503 -38.257695 0.310039,
62.825306 -38.250659 0.310039, 62.815955 -38.241308 0.310039,
62.808919 -38.230111 0.310039, 62.804552 -38.217629 0.310039,
62.790245 -40.091008 0.310039, 62.803386 -40.089528 0.310039,
62.816527 -40.091008 0.310039, 62.829009 -40.095376 0.310039,
62.840206 -40.102412 0.310039, 62.849557 -40.111762 0.310039,
62.856593 -40.12296 0.310039, 62.86096 -40.135442 0.310039,
62.862441 -40.148583 0.310039, 62.86096 -40.161724 0.310039,
62.856593 -40.174206 0.310039, 62.849557 -40.185403 0.310039,
62.840206 -40.194754 0.310039, 62.829009 -40.20179 0.310039,
62.816527 -40.206157 0.310039, 62.803386 -40.207638 0.310039,
62.790245 -40.206157 0.310039, 62.777763 -40.20179 0.310039,
62.766566 -40.194754 0.310039, 62.757215 -40.185403 0.310039,
62.750179 -40.174206 0.310039, 62.745811 -40.161724 0.310039,
62.744331 -40.148583 0.310039, 62.745811 -40.135442 0.310039,
62.750179 -40.12296 0.310039, 62.757215 -40.111762 0.310039,
62.766566 -40.102412 0.310039, 62.777763 -40.095376 0.310039,
52.860709 -38.161811 0.310039, 52.859228 -38.174952 0.310039,
52.85486 -38.187434 0.310039, 52.847825 -38.198631 0.310039,
52.838474 -38.207982 0.310039, 52.827277 -38.215018 0.310039,
52.814795 -38.219386 0.310039, 52.801654 -38.220866 0.310039,
52.788513 -38.219386 0.310039, 52.77603 -38.215018 0.310039,
52.764833 -38.207982 0.310039, 52.755482 -38.198631 0.310039,
52.748447 -38.187434 0.310039, 52.744079 -38.174952 0.310039,
52.742598 -38.161811 0.310039, 52.744079 -38.14867 0.310039,
52.748447 -38.136188 0.310039, 52.755482 -38.124991 0.310039,
52.764833 -38.11564 0.310039, 52.77603 -38.108604 0.310039,
52.788513 -38.104237 0.310039, 52.801654 -38.102756 0.310039,
52.814795 -38.104237 0.310039, 52.827277 -38.108604 0.310039,
52.838474 -38.11564 0.310039, 52.847825 -38.124991 0.310039,
52.85486 -38.136188 0.310039, 52.859228 -38.14867 0.310039,
54.515787 -37.053937 0.310039, 54.517268 -37.040796 0.310039,
54.521636 -37.028314 0.310039, 54.528671 -37.017117 0.310039,
54.538022 -37.007766 0.310039, 54.549219 -37.00073 0.310039,
54.561702 -36.996363 0.310039, 54.574843 -36.994882 0.310039,
54.587984 -36.996363 0.310039, 54.600466 -37.00073 0.310039,
54.611663 -37.007766 0.310039, 54.621014 -37.017117 0.310039,
54.628049 -37.028314 0.310039, 54.632417 -37.040796 0.310039,
54.633898 -37.053937 0.310039, 54.632417 -37.067078 0.310039,
54.628049 -37.07956 0.310039, 54.621014 -37.090757 0.310039,
54.611663 -37.100108 0.310039, 54.600466 -37.107144 0.310039,
54.587984 -37.111511 0.310039, 54.574843 -37.112992 0.310039,
54.561702 -37.111511 0.310039, 54.549219 -37.107144 0.310039,
54.538022 -37.100108 0.310039, 54.528671 -37.090757 0.310039,
54.521636 -37.07956 0.310039, 54.517268 -37.067078 0.310039,
60.507205 -34.653307 0.310039, 60.508685 -34.640166 0.310039,
60.513053 -34.627684 0.310039, 60.520089 -34.616487 0.310039,
60.52944 -34.607136 0.310039, 60.540637 -34.6001 0.310039,
60.553119 -34.595733 0.310039, 60.56626 -34.594252 0.310039,
60.579401 -34.595733 0.310039, 60.591883 -34.6001 0.310039,
60.60308 -34.607136 0.310039, 60.612431 -34.616487 0.310039,
60.619467 -34.627684 0.310039, 60.623834 -34.640166 0.310039,
60.625315 -34.653307 0.310039, 60.623834 -34.666448 0.310039,
60.619467 -34.67893 0.310039, 60.612431 -34.690127 0.310039,
60.60308 -34.699478 0.310039, 60.591883 -34.706514 0.310039,
60.579401 -34.710882 0.310039, 60.56626 -34.712362 0.310039,
60.553119 -34.710882 0.310039, 60.540637 -34.706514 0.310039,
60.52944 -34.699478 0.310039, 60.520089 -34.690127 0.310039,
60.513053 -34.67893 0.310039, 60.508685 -34.666448 0.310039,
57.619634 -34.860224 0.310039, 57.610283 -34.869575 0.310039,
57.599086 -34.876611 0.310039, 57.586604 -34.880978 0.310039,
57.573463 -34.882459 0.310039, 57.560322 -34.880978 0.310039,
57.54784 -34.876611 0.310039, 57.536643 -34.869575 0.310039,
57.527292 -34.860224 0.310039, 57.520256 -34.849027 0.310039,
57.515889 -34.836545 0.310039, 57.514408 -34.823404 0.310039,
57.515889 -34.810263 0.310039, 57.520256 -34.797781 0.310039,
57.527292 -34.786584 0.310039, 57.536643 -34.777233 0.310039,
57.54784 -34.770197 0.310039, 57.560322 -34.765829 0.310039,
57.573463 -34.764349 0.310039, 57.586604 -34.765829 0.310039,
57.599086 -34.770197 0.310039, 57.610283 -34.777233 0.310039,
57.619634 -34.786584 0.310039, 57.62667 -34.797781 0.310039,
57.631037 -34.810263 0.310039, 57.632518 -34.823404 0.310039,
57.631037 -34.836545 0.310039, 57.62667 -34.849027 0.310039,
57.620079 -40.5 0.310039, 57.668029 -40.25894 0.310039,
57.804578 -40.054578 0.310039, 58.00894 -39.918029 0.310039,
58.25 -39.870079 0.310039, 58.49106 -39.918029 0.310039,
58.695422 -40.054578 0.310039, 58.831971 -40.25894 0.310039,
58.879921 -40.5 0.310039, 58.831971 -40.74106 0.310039,
58.695422 -40.945422 0.310039, 58.49106 -41.081971 0.310039,
58.25 -41.129921 0.310039, 58.00894 -41.081971 0.310039,
57.804578 -40.945422 0.310039, 57.668029 -40.74106 0.310039,
53.88815 -39.629331 -0.310039, 53.901291 -39.630811 -0.310039,
53.913773 -39.635179 -0.310039, 53.92497 -39.642215 -0.310039,
53.934321 -39.651566 -0.310039, 53.941356 -39.662763 -0.310039,
53.945724 -39.675245 -0.310039, 53.947205 -39.688386 -0.310039,
53.945724 -39.701527 -0.310039, 53.941356 -39.714009 -0.310039,
53.934321 -39.725206 -0.310039, 53.92497 -39.734557 -0.310039,
53.913773 -39.741593 -0.310039, 53.901291 -39.74596 -0.310039,
53.88815 -39.747441 -0.310039, 53.875009 -39.74596 -0.310039,
53.862527 -39.741593 -0.310039, 53.851329 -39.734557 -0.310039,
53.841978 -39.725206 -0.310039, 53.834943 -39.714009 -0.310039,
53.830575 -39.701527 -0.310039, 53.829094 -39.688386 -0.310039,
53.830575 -39.675245 -0.310039, 53.834943 -39.662763 -0.310039,
53.841978 -39.651566 -0.310039, 53.851329 -39.642215 -0.310039,
53.862527 -39.635179 -0.310039, 53.875009 -39.630811 -0.310039,
63.440883 -41.778412 -0.310039, 63.589676 -41.692506 -0.310039,
63.730416 -41.593959 -0.310039, 63.862031 -41.483521 -0.310039,
63.983521 -41.362031 -0.310039, 64.093959 -41.230416 -0.310039,
64.192506 -41.089676 -0.310039, 64.278412 -40.940883 -0.310039,
64.351023 -40.785169 -0.310039, 64.409786 -40.623719 -0.310039,
64.454254 -40.457761 -0.310039, 64.484089 -40.28856 -0.310039,
64.499063 -40.117402 -0.310039, 64.5 -40.031496 -0.310039,
64.5 -32.968504 -0.310039, 64.499063 -32.882598 -0.310039,
64.484089 -32.71144 -0.310039, 64.454254 -32.542239 -0.310039,
64.409786 -32.376281 -0.310039, 64.351023 -32.214831 -0.310039,
64.278412 -32.059117 -0.310039, 64.192506 -31.910324 -0.310039,
64.093959 -31.769584 -0.310039, 63.983521 -31.637969 -0.310039,
63.862031 -31.516479 -0.310039, 63.730416 -31.406041 -0.310039,
63.589676 -31.307494 -0.310039, 63.440883 -31.221588 -0.310039,
63.285169 -31.148977 -0.310039, 63.123719 -31.090214 -0.310039,
62.957761 -31.045746 -0.310039, 62.78856 -31.015911 -0.310039,
62.617402 -31.000937 -0.310039, 62.531496 -31. -0.310039,
53.468504 -31. -0.310039, 53.382598 -31.000937 -0.310039,
53.21144 -31.015911 -0.310039, 53.042239 -31.045746 -0.310039,
52.876281 -31.090214 -0.310039, 52.714831 -31.148977 -0.310039,
52.559117 -31.221588 -0.310039, 52.410324 -31.307494 -0.310039,
52.269584 -31.406041 -0.310039, 52.137969 -31.516479 -0.310039,
52.016479 -31.637969 -0.310039, 51.906041 -31.769584 -0.310039,
51.807494 -31.910324 -0.310039, 51.721588 -32.059117 -0.310039,
51.648977 -32.214831 -0.310039, 51.590214 -32.376281 -0.310039,
51.545746 -32.542239 -0.310039, 51.515911 -32.71144 -0.310039,
51.500937 -32.882598 -0.310039, 51.5 -32.968504 -0.310039,
51.5 -40.031496 -0.310039, 51.500937 -40.117402 -0.310039,
51.515911 -40.28856 -0.310039, 51.545746 -40.457761 -0.310039,
51.590214 -40.623719 -0.310039, 51.648977 -40.785169 -0.310039,
51.721588 -40.940883 -0.310039, 51.807494 -41.089676 -0.310039,
51.906041 -41.230416 -0.310039, 52.016479 -41.362031 -0.310039,
52.137969 -41.483521 -0.310039, 52.269584 -41.593959 -0.310039,
52.410324 -41.692506 -0.310039, 52.559117 -41.778412 -0.310039,
52.714831 -41.851023 -0.310039, 52.876281 -41.909786 -0.310039,
53.042239 -41.954254 -0.310039, 53.21144 -41.984089 -0.310039,
53.382598 -41.999063 -0.310039, 53.468504 -42. -0.310039,
62.531496 -42. -0.310039, 62.617402 -41.999063 -0.310039,
62.78856 -41.984089 -0.310039, 62.957761 -41.954254 -0.310039,
63.123719 -41.909786 -0.310039, 63.285169 -41.851023 -0.310039,
63.379921 -32.5 -0.310039, 63.331971 -32.74106 -0.310039,
63.195422 -32.945422 -0.310039, 62.99106 -33.081971 -0.310039,
62.75 -33.129921 -0.310039, 62.50894 -33.081971 -0.310039,
62.304578 -32.945422 -0.310039, 62.168029 -32.74106 -0.310039,
62.120079 -32.5 -0.310039, 62.168029 -32.25894 -0.310039,
62.304578 -32.054578 -0.310039, 62.50894 -31.918029 -0.310039,
62.75 -31.870079 -0.310039, 62.99106 -31.918029 -0.310039,
63.195422 -32.054578 -0.310039, 63.331971 -32.25894 -0.310039,
52.620079 -32.5 -0.310039, 52.668029 -32.25894 -0.310039,
52.804578 -32.054578 -0.310039, 53.00894 -31.918029 -0.310039,
53.25 -31.870079 -0.310039, 53.49106 -31.918029 -0.310039,
53.695422 -32.054578 -0.310039, 53.831971 -32.25894 -0.310039,
53.879921 -32.5 -0.310039, 53.831971 -32.74106 -0.310039,
53.695422 -32.945422 -0.310039, 53.49106 -33.081971 -0.310039,
53.25 -33.129921 -0.310039, 53.00894 -33.081971 -0.310039,
52.804578 -32.945422 -0.310039, 52.668029 -32.74106 -0.310039,
53.032362 -40.25 -0.310039, 53.030882 -40.263141 -0.310039,
53.026514 -40.275623 -0.310039, 53.019478 -40.28682 -0.310039,
53.010127 -40.296171 -0.310039, 52.99893 -40.303207 -0.310039,
52.986448 -40.307574 -0.310039, 52.973307 -40.309055 -0.310039,
52.960166 -40.307574 -0.310039, 52.947684 -40.303207 -0.310039,
52.936487 -40.296171 -0.310039, 52.927136 -40.28682 -0.310039,
52.9201 -40.275623 -0.310039, 52.915733 -40.263141 -0.310039,
52.914252 -40.25 -0.310039, 52.915733 -40.236859 -0.310039,
52.9201 -40.224377 -0.310039, 52.927136 -40.21318 -0.310039,
52.936487 -40.203829 -0.310039, 52.947684 -40.196793 -0.310039,
52.960166 -40.192426 -0.310039, 52.973307 -40.190945 -0.310039,
52.986448 -40.192426 -0.310039, 52.99893 -40.196793 -0.310039,
53.010127 -40.203829 -0.310039, 53.019478 -40.21318 -0.310039,
53.026514 -40.224377 -0.310039, 53.030882 -40.236859 -0.310039,
62.120048 -36.862268 -0.310039, 62.133189 -36.860787 -0.310039,
62.14633 -36.862268 -0.310039, 62.158812 -36.866636 -0.310039,
62.170009 -36.873671 -0.310039, 62.17936 -36.883022 -0.310039,
62.186396 -36.894219 -0.310039, 62.190763 -36.906702 -0.310039,
62.192244 -36.919843 -0.310039, 62.190763 -36.932984 -0.310039,
62.186396 -36.945466 -0.310039, 62.17936 -36.956663 -0.310039,
62.170009 -36.966014 -0.310039, 62.158812 -36.973049 -0.310039,
62.14633 -36.977417 -0.310039, 62.133189 -36.978898 -0.310039,
62.120048 -36.977417 -0.310039, 62.107566 -36.973049 -0.310039,
62.096369 -36.966014 -0.310039, 62.087018 -36.956663 -0.310039,
62.079982 -36.945466 -0.310039, 62.075614 -36.932984 -0.310039,
62.074134 -36.919843 -0.310039, 62.075614 -36.906702 -0.310039,
62.079982 -36.894219 -0.310039, 62.087018 -36.883022 -0.310039,
62.096369 -36.873671 -0.310039, 62.107566 -36.866636 -0.310039,
61.72752 -35.792835 -0.310039, 61.726039 -35.805976 -0.310039,
61.721671 -35.818458 -0.310039, 61.714636 -35.829655 -0.310039,
61.705285 -35.839006 -0.310039, 61.694088 -35.846041 -0.310039,
61.681606 -35.850409 -0.310039, 61.668465 -35.85189 -0.310039,
61.655324 -35.850409 -0.310039, 61.642842 -35.846041 -0.310039,
61.631644 -35.839006 -0.310039, 61.622293 -35.829655 -0.310039,
61.615258 -35.818458 -0.310039, 61.61089 -35.805976 -0.310039,
61.609409 -35.792835 -0.310039, 61.61089 -35.779694 -0.310039,
61.615258 -35.767212 -0.310039, 61.622293 -35.756014 -0.310039,
61.631644 -35.746663 -0.310039, 61.642842 -35.739628 -0.310039,
61.655324 -35.73526 -0.310039, 61.668465 -35.73378 -0.310039,
61.681606 -35.73526 -0.310039, 61.694088 -35.739628 -0.310039,
61.705285 -35.746663 -0.310039, 61.714636 -35.756014 -0.310039,
61.721671 -35.767212 -0.310039, 61.726039 -35.779694 -0.310039,
61.849803 -39.717913 -0.310039, 61.851284 -39.704772 -0.310039,
61.855651 -39.69229 -0.310039, 61.862687 -39.681093 -0.310039,
61.872038 -39.671742 -0.310039, 61.883235 -39.664707 -0.310039,
61.895717 -39.660339 -0.310039, 61.908858 -39.658858 -0.310039,
61.921999 -39.660339 -0.310039, 61.934481 -39.664707 -0.310039,
61.945679 -39.671742 -0.310039, 61.955029 -39.681093 -0.310039,
61.962065 -39.69229 -0.310039, 61.966433 -39.704772 -0.310039,
61.967913 -39.717913 -0.310039, 61.966433 -39.731054 -0.310039,
61.962065 -39.743536 -0.310039, 61.955029 -39.754734 -0.310039,
61.945679 -39.764085 -0.310039, 61.934481 -39.77112 -0.310039,
61.921999 -39.775488 -0.310039, 61.908858 -39.776969 -0.310039,
61.895717 -39.775488 -0.310039, 61.883235 -39.77112 -0.310039,
61.872038 -39.764085 -0.310039, 61.862687 -39.754734 -0.310039,
61.855651 -39.743536 -0.310039, 61.851284 -39.731054 -0.310039,
53.573189 -40.188386 -0.310039, 53.571708 -40.201527 -0.310039,
53.567341 -40.214009 -0.310039, 53.560305 -40.225206 -0.310039,
53.550954 -40.234557 -0.310039, 53.539757 -40.241593 -0.310039,
53.527275 -40.24596 -0.310039, 53.514134 -40.247441 -0.310039,
53.500993 -40.24596 -0.310039, 53.488511 -40.241593 -0.310039,
53.477314 -40.234557 -0.310039, 53.467963 -40.225206 -0.310039,
53.460927 -40.214009 -0.310039, 53.456559 -40.201527 -0.310039,
53.455079 -40.188386 -0.310039, 53.456559 -40.175245 -0.310039,
53.460927 -40.162763 -0.310039, 53.467963 -40.151566 -0.310039,
53.477314 -40.142215 -0.310039, 53.488511 -40.135179 -0.310039,
53.500993 -40.130811 -0.310039, 53.514134 -40.129331 -0.310039,
53.527275 -40.130811 -0.310039, 53.539757 -40.135179 -0.310039,
53.550954 -40.142215 -0.310039, 53.560305 -40.151566 -0.310039,
53.567341 -40.162763 -0.310039, 53.571708 -40.175245 -0.310039,
54.528235 -35.077896 -0.310039, 54.540717 -35.073528 -0.310039,
54.553858 -35.072047 -0.310039, 54.566999 -35.073528 -0.310039,
54.579481 -35.077896 -0.310039, 54.590679 -35.084931 -0.310039,
54.600029 -35.094282 -0.310039, 54.607065 -35.105479 -0.310039,
54.611433 -35.117961 -0.310039, 54.612913 -35.131102 -0.310039,
54.611433 -35.144243 -0.310039, 54.607065 -35.156725 -0.310039,
54.600029 -35.167923 -0.310039, 54.590679 -35.177274 -0.310039,
54.579481 -35.184309 -0.310039, 54.566999 -35.188677 -0.310039,
54.553858 -35.190157 -0.310039, 54.540717 -35.188677 -0.310039,
54.528235 -35.184309 -0.310039, 54.517038 -35.177274 -0.310039,
54.507687 -35.167923 -0.310039, 54.500651 -35.156725 -0.310039,
54.496284 -35.144243 -0.310039, 54.494803 -35.131102 -0.310039,
54.496284 -35.117961 -0.310039, 54.500651 -35.105479 -0.310039,
54.507687 -35.094282 -0.310039, 54.517038 -35.084931 -0.310039,
54.522874 -34.704882 -0.310039, 54.521393 -34.718023 -0.310039,
54.517026 -34.730505 -0.310039, 54.50999 -34.741702 -0.310039,
54.500639 -34.751053 -0.310039, 54.489442 -34.758089 -0.310039,
54.47696 -34.762456 -0.310039, 54.463819 -34.763937 -0.310039,
54.450678 -34.762456 -0.310039, 54.438196 -34.758089 -0.310039,
54.426999 -34.751053 -0.310039, 54.417648 -34.741702 -0.310039,
54.410612 -34.730505 -0.310039, 54.406244 -34.718023 -0.310039,
54.404764 -34.704882 -0.310039, 54.406244 -34.691741 -0.310039,
54.410612 -34.679259 -0.310039, 54.417648 -34.668062 -0.310039,
54.426999 -34.658711 -0.310039, 54.438196 -34.651675 -0.310039,
54.450678 -34.647307 -0.310039, 54.463819 -34.645827 -0.310039,
54.47696 -34.647307 -0.310039, 54.489442 -34.651675 -0.310039,
54.500639 -34.658711 -0.310039, 54.50999 -34.668062 -0.310039,
54.517026 -34.679259 -0.310039, 54.521393 -34.691741 -0.310039,
56.190945 -33.75 -0.310039, 56.192426 -33.736859 -0.310039,
56.196793 -33.724377 -0.310039, 56.203829 -33.71318 -0.310039,
56.21318 -33.703829 -0.310039, 56.224377 -33.696793 -0.310039,
56.236859 -33.692426 -0.310039, 56.25 -33.690945 -0.310039,
56.263141 -33.692426 -0.310039, 56.275623 -33.696793 -0.310039,
56.28682 -33.703829 -0.310039, 56.296171 -33.71318 -0.310039,
56.303207 -33.724377 -0.310039, 56.307574 -33.736859 -0.310039,
56.309055 -33.75 -0.310039, 56.307574 -33.763141 -0.310039,
56.303207 -33.775623 -0.310039, 56.296171 -33.78682 -0.310039,
56.28682 -33.796171 -0.310039, 56.275623 -33.803207 -0.310039,
56.263141 -33.807574 -0.310039, 56.25 -33.809055 -0.310039,
56.236859 -33.807574 -0.310039, 56.224377 -33.803207 -0.310039,
56.21318 -33.796171 -0.310039, 56.203829 -33.78682 -0.310039,
56.196793 -33.775623 -0.310039, 56.192426 -33.763141 -0.310039,
54.675866 -35.839764 -0.310039, 54.674386 -35.852905 -0.310039,
54.670018 -35.865387 -0.310039, 54.662982 -35.876584 -0.310039,
54.653631 -35.885935 -0.310039, 54.642434 -35.892971 -0.310039,
54.629952 -35.897338 -0.310039, 54.616811 -35.898819 -0.310039,
54.60367 -35.897338 -0.310039, 54.591188 -35.892971 -0.310039,
54.579991 -35.885935 -0.310039, 54.57064 -35.876584 -0.310039,
54.563604 -35.865387 -0.310039, 54.559237 -35.852905 -0.310039,
54.557756 -35.839764 -0.310039, 54.559237 -35.826623 -0.310039,
54.563604 -35.814141 -0.310039, 54.57064 -35.802944 -0.310039,
54.579991 -35.793593 -0.310039, 54.591188 -35.786557 -0.310039,
54.60367 -35.782189 -0.310039, 54.616811 -35.780709 -0.310039,
54.629952 -35.782189 -0.310039, 54.642434 -35.786557 -0.310039,
54.653631 -35.793593 -0.310039, 54.662982 -35.802944 -0.310039,
54.670018 -35.814141 -0.310039, 54.674386 -35.826623 -0.310039,
55.539094 -40.742323 -0.310039, 55.540575 -40.729182 -0.310039,
55.544943 -40.7167 -0.310039, 55.551978 -40.705503 -0.310039,
55.561329 -40.696152 -0.310039, 55.572527 -40.689116 -0.310039,
55.585009 -40.684748 -0.310039, 55.59815 -40.683268 -0.310039,
55.611291 -40.684748 -0.310039, 55.623773 -40.689116 -0.310039,
55.63497 -40.696152 -0.310039, 55.644321 -40.705503 -0.310039,
55.651356 -40.7167 -0.310039, 55.655724 -40.729182 -0.310039,
55.657205 -40.742323 -0.310039, 55.655724 -40.755464 -0.310039,
55.651356 -40.767946 -0.310039, 55.644321 -40.779143 -0.310039,
55.63497 -40.788494 -0.310039, 55.623773 -40.79553 -0.310039,
55.611291 -40.799897 -0.310039, 55.59815 -40.801378 -0.310039,
55.585009 -40.799897 -0.310039, 55.572527 -40.79553 -0.310039,
55.561329 -40.788494 -0.310039, 55.551978 -40.779143 -0.310039,
55.544943 -40.767946 -0.310039, 55.540575 -40.755464 -0.310039,
61.067598 -37.267598 -0.310039, 61.069079 -37.254457 -0.310039,
61.073447 -37.241975 -0.310039, 61.080482 -37.230778 -0.310039,
61.089833 -37.221427 -0.310039, 61.10103 -37.214392 -0.310039,
61.113513 -37.210024 -0.310039, 61.126654 -37.208543 -0.310039,
61.139795 -37.210024 -0.310039, 61.152277 -37.214392 -0.310039,
61.163474 -37.221427 -0.310039, 61.172825 -37.230778 -0.310039,
61.17986 -37.241975 -0.310039, 61.184228 -37.254457 -0.310039,
61.185709 -37.267598 -0.310039, 61.184228 -37.280739 -0.310039,
61.17986 -37.293221 -0.310039, 61.172825 -37.304419 -0.310039,
61.163474 -37.31377 -0.310039, 61.152277 -37.320805 -0.310039,
61.139795 -37.325173 -0.310039, 61.126654 -37.326654 -0.310039,
61.113513 -37.325173 -0.310039, 61.10103 -37.320805 -0.310039,
61.089833 -37.31377 -0.310039, 61.080482 -37.304419 -0.310039,
61.073447 -37.293221 -0.310039, 61.069079 -37.280739 -0.310039,
62.845748 -34.838189 -0.310039, 62.847229 -34.825048 -0.310039,
62.851596 -34.812566 -0.310039, 62.858632 -34.801369 -0.310039,
62.867983 -34.792018 -0.310039, 62.87918 -34.784982 -0.310039,
62.891662 -34.780614 -0.310039, 62.904803 -34.779134 -0.310039,
62.917944 -34.780614 -0.310039, 62.930426 -34.784982 -0.310039,
62.941623 -34.792018 -0.310039, 62.950974 -34.801369 -0.310039,
62.95801 -34.812566 -0.310039, 62.962378 -34.825048 -0.310039,
62.963858 -34.838189 -0.310039, 62.962378 -34.85133 -0.310039,
62.95801 -34.863812 -0.310039, 62.950974 -34.875009 -0.310039,
62.941623 -34.88436 -0.310039, 62.930426 -34.891396 -0.310039,
62.917944 -34.895763 -0.310039, 62.904803 -34.897244 -0.310039,
62.891662 -34.895763 -0.310039, 62.87918 -34.891396 -0.310039,
62.867983 -34.88436 -0.310039, 62.858632 -34.875009 -0.310039,
62.851596 -34.863812 -0.310039, 62.847229 -34.85133 -0.310039,
62.803071 -38.204488 -0.310039, 62.804552 -38.191347 -0.310039,
62.808919 -38.178865 -0.310039, 62.815955 -38.167668 -0.310039,
62.825306 -38.158317 -0.310039, 62.836503 -38.151281 -0.310039,
62.848985 -38.146914 -0.310039, 62.862126 -38.145433 -0.310039,
62.875267 -38.146914 -0.310039, 62.887749 -38.151281 -0.310039,
62.898946 -38.158317 -0.310039, 62.908297 -38.167668 -0.310039,
62.915333 -38.178865 -0.310039, 62.9197 -38.191347 -0.310039,
62.921181 -38.204488 -0.310039, 62.9197 -38.217629 -0.310039,
62.915333 -38.230111 -0.310039, 62.908297 -38.241308 -0.310039,
62.898946 -38.250659 -0.310039, 62.887749 -38.257695 -0.310039,
62.875267 -38.262063 -0.310039, 62.862126 -38.263543 -0.310039,
62.848985 -38.262063 -0.310039, 62.836503 -38.257695 -0.310039,
62.825306 -38.250659 -0.310039, 62.815955 -38.241308 -0.310039,
62.808919 -38.230111 -0.310039, 62.804552 -38.217629 -0.310039,
62.790245 -40.091008 -0.310039, 62.803386 -40.089528 -0.310039,
62.816527 -40.091008 -0.310039, 62.829009 -40.095376 -0.310039,
62.840206 -40.102412 -0.310039, 62.849557 -40.111762 -0.310039,
62.856593 -40.12296 -0.310039, 62.86096 -40.135442 -0.310039,
62.862441 -40.148583 -0.310039, 62.86096 -40.161724 -0.310039,
62.856593 -40.174206 -0.310039, 62.849557 -40.185403 -0.310039,
62.840206 -40.194754 -0.310039, 62.829009 -40.20179 -0.310039,
62.816527 -40.206157 -0.310039, 62.803386 -40.207638 -0.310039,
62.790245 -40.206157 -0.310039, 62.777763 -40.20179 -0.310039,
62.766566 -40.194754 -0.310039, 62.757215 -40.185403 -0.310039,
62.750179 -40.174206 -0.310039, 62.745811 -40.161724 -0.310039,
62.744331 -40.148583 -0.310039, 62.745811 -40.135442 -0.310039,
62.750179 -40.12296 -0.310039, 62.757215 -40.111762 -0.310039,
62.766566 -40.102412 -0.310039, 62.777763 -40.095376 -0.310039,
52.860709 -38.161811 -0.310039, 52.859228 -38.174952 -0.310039,
52.85486 -38.187434 -0.310039, 52.847825 -38.198631 -0.310039,
52.838474 -38.207982 -0.310039, 52.827277 -38.215018 -0.310039,
52.814795 -38.219386 -0.310039, 52.801654 -38.220866 -0.310039,
52.788513 -38.219386 -0.310039, 52.77603 -38.215018 -0.310039,
52.764833 -38.207982 -0.310039, 52.755482 -38.198631 -0.310039,
52.748447 -38.187434 -0.310039, 52.744079 -38.174952 -0.310039,
52.742598 -38.161811 -0.310039, 52.744079 -38.14867 -0.310039,
52.748447 -38.136188 -0.310039, 52.755482 -38.124991 -0.310039,
52.764833 -38.11564 -0.310039, 52.77603 -38.108604 -0.310039,
52.788513 -38.104237 -0.310039, 52.801654 -38.102756 -0.310039,
52.814795 -38.104237 -0.310039, 52.827277 -38.108604 -0.310039,
52.838474 -38.11564 -0.310039, 52.847825 -38.124991 -0.310039,
52.85486 -38.136188 -0.310039, 52.859228 -38.14867 -0.310039,
54.515787 -37.053937 -0.310039, 54.517268 -37.040796 -0.310039,
54.521636 -37.028314 -0.310039, 54.528671 -37.017117 -0.310039,
54.538022 -37.007766 -0.310039, 54.549219 -37.00073 -0.310039,
54.561702 -36.996363 -0.310039, 54.574843 -36.994882 -0.310039,
54.587984 -36.996363 -0.310039, 54.600466 -37.00073 -0.310039,
54.611663 -37.007766 -0.310039, 54.621014 -37.017117 -0.310039,
54.628049 -37.028314 -0.310039, 54.632417 -37.040796 -0.310039,
54.633898 -37.053937 -0.310039, 54.632417 -37.067078 -0.310039,
54.628049 -37.07956 -0.310039, 54.621014 -37.090757 -0.310039,
54.611663 -37.100108 -0.310039, 54.600466 -37.107144 -0.310039,
54.587984 -37.111511 -0.310039, 54.574843 -37.112992 -0.310039,
54.561702 -37.111511 -0.310039, 54.549219 -37.107144 -0.310039,
54.538022 -37.100108 -0.310039, 54.528671 -37.090757 -0.310039,
54.521636 -37.07956 -0.310039, 54.517268 -37.067078 -0.310039,
60.507205 -34.653307 -0.310039, 60.508685 -34.640166 -0.310039,
60.513053 -34.627684 -0.310039, 60.520089 -34.616487 -0.310039,
60.52944 -34.607136 -0.310039, 60.540637 -34.6001 -0.310039,
60.553119 -34.595733 -0.310039, 60.56626 -34.594252 -0.310039,
60.579401 -34.595733 -0.310039, 60.591883 -34.6001 -0.310039,
60.60308 -34.607136 -0.310039, 60.612431 -34.616487 -0.310039,
60.619467 -34.627684 -0.310039, 60.623834 -34.640166 -0.310039,
60.625315 -34.653307 -0.310039, 60.623834 -34.666448 -0.310039,
60.619467 -34.67893 -0.310039, 60.612431 -34.690127 -0.310039,
60.60308 -34.699478 -0.310039, 60.591883 -34.706514 -0.310039,
60.579401 -34.710882 -0.310039, 60.56626 -34.712362 -0.310039,
60.553119 -34.710882 -0.310039, 60.540637 -34.706514 -0.310039,
60.52944 -34.699478 -0.310039, 60.520089 -34.690127 -0.310039,
60.513053 -34.67893 -0.310039, 60.508685 -34.666448 -0.310039,
57.619634 -34.860224 -0.310039, 57.610283 -34.869575 -0.310039,
57.599086 -34.876611 -0.310039, 57.586604 -34.880978 -0.310039,
57.573463 -34.882459 -0.310039, 57.560322 -34.880978 -0.310039,
57.54784 -34.876611 -0.310039, 57.536643 -34.869575 -0.310039,
57.527292 -34.860224 -0.310039, 57.520256 -34.849027 -0.310039,
57.515889 -34.836545 -0.310039, 57.514408 -34.823404 -0.310039,
57.515889 -34.810263 -0.310039, 57.520256 -34.797781 -0.310039,
57.527292 -34.786584 -0.310039, 57.536643 -34.777233 -0.310039,
57.54784 -34.770197 -0.310039, 57.560322 -34.765829 -0.310039,
57.573463 -34.764349 -0.310039, 57.586604 -34.765829 -0.310039,
57.599086 -34.770197 -0.310039, 57.610283 -34.777233 -0.310039,
57.619634 -34.786584 -0.310039, 57.62667 -34.797781 -0.310039,
57.631037 -34.810263 -0.310039, 57.632518 -34.823404 -0.310039,
57.631037 -34.836545 -0.310039, 57.62667 -34.849027 -0.310039,
57.620079 -40.5 -0.310039, 57.668029 -40.25894 -0.310039,
57.804578 -40.054578 -0.310039, 58.00894 -39.918029 -0.310039,
58.25 -39.870079 -0.310039, 58.49106 -39.918029 -0.310039,
58.695422 -40.054578 -0.310039, 58.831971 -40.25894 -0.310039,
58.879921 -40.5 -0.310039, 58.831971 -40.74106 -0.310039,
58.695422 -40.945422 -0.310039, 58.49106 -41.081971 -0.310039,
58.25 -41.129921 -0.310039, 58.00894 -41.081971 -0.310039,
57.804578 -40.945422 -0.310039, 57.668029 -40.74106 -0.310039
              ]
            }
            coordIndex [
132, 133, 23, -1, 132, 23, 24, -1, 132, 24, 25, -1, 132, 25, 26, -1,
132, 26, 27, -1, 132, 27, 0, -1, 132, 0, 322, -1, 132, 322, 323, -1,
132, 323, 324, -1, 132, 324, 325, -1, 132, 325, 326, -1, 132, 326, 327, -1,
132, 327, 341, -1, 132, 341, 61, -1, 132, 61, 131, -1, 279, 252, 134, -1,
134, 252, 21, -1, 134, 21, 133, -1, 133, 21, 22, -1, 133, 22, 23, -1,
134, 135, 272, -1, 134, 272, 273, -1, 134, 273, 274, -1, 134, 274, 275, -1,
134, 275, 276, -1, 134, 276, 277, -1, 134, 277, 278, -1, 134, 278, 279, -1,
135, 136, 100, -1, 135, 100, 266, -1, 135, 266, 267, -1, 135, 267, 268, -1,
135, 268, 269, -1, 135, 269, 270, -1, 135, 270, 271, -1, 135, 271, 272, -1,
136, 137, 164, -1, 136, 164, 165, -1, 136, 165, 166, -1, 136, 166, 167, -1,
136, 167, 140, -1, 136, 140, 98, -1, 136, 98, 99, -1, 136, 99, 100, -1,
137, 138, 554, -1, 137, 554, 555, -1, 137, 555, 556, -1, 137, 556, 557, -1,
137, 557, 558, -1, 137, 558, 559, -1, 137, 559, 532, -1, 137, 532, 97, -1,
137, 97, 154, -1, 137, 154, 155, -1, 137, 155, 156, -1, 137, 156, 157, -1,
137, 157, 158, -1, 137, 158, 159, -1, 137, 159, 160, -1, 137, 160, 161, -1,
137, 161, 162, -1, 137, 162, 163, -1, 137, 163, 164, -1, 138, 139, 546, -1,
138, 546, 547, -1, 138, 547, 548, -1, 138, 548, 549, -1, 138, 549, 550, -1,
138, 550, 551, -1, 138, 551, 552, -1, 138, 552, 553, -1, 138, 553, 554, -1,
96, 97, 546, -1, 96, 546, 139, -1, 96, 139, 124, -1, 96, 124, 68, -1,
96, 68, 95, -1, 81, 83, 80, -1, 80, 83, 84, -1, 80, 84, 79, -1,
79, 84, 85, -1, 79, 85, 78, -1, 78, 85, 86, -1, 78, 86, 77, -1,
77, 86, 87, -1, 77, 87, 76, -1, 76, 87, 88, -1, 76, 88, 75, -1,
75, 88, 89, -1, 75, 89, 74, -1, 74, 89, 90, -1, 74, 90, 73, -1,
73, 90, 91, -1, 73, 91, 72, -1, 72, 91, 92, -1, 72, 92, 71, -1,
71, 92, 93, -1, 71, 93, 70, -1, 70, 93, 94, -1, 70, 94, 69, -1,
69, 94, 95, -1, 69, 95, 68, -1, 98, 140, 141, -1, 98, 141, 142, -1,
98, 142, 143, -1, 98, 143, 144, -1, 98, 144, 145, -1, 98, 145, 146, -1,
98, 146, 147, -1, 98, 147, 148, -1, 98, 148, 149, -1, 98, 149, 150, -1,
98, 150, 151, -1, 98, 151, 152, -1, 98, 152, 153, -1, 98, 153, 154, -1,
98, 154, 97, -1, 97, 532, 533, -1, 97, 533, 534, -1, 97, 534, 535, -1,
97, 535, 536, -1, 97, 536, 537, -1, 97, 537, 538, -1, 97, 538, 539, -1,
97, 539, 540, -1, 97, 540, 541, -1, 97, 541, 542, -1, 97, 542, 543, -1,
97, 543, 544, -1, 97, 544, 545, -1, 97, 545, 546, -1, 571, 572, 370, -1,
370, 572, 573, -1, 370, 573, 369, -1, 369, 573, 574, -1, 369, 574, 419, -1,
419, 574, 575, -1, 419, 575, 576, -1, 375, 567, 374, -1, 374, 567, 568, -1,
374, 568, 373, -1, 373, 568, 569, -1, 373, 569, 372, -1, 372, 569, 570, -1,
372, 570, 371, -1, 371, 570, 571, -1, 371, 571, 370, -1, 376, 377, 566, -1,
376, 566, 567, -1, 376, 567, 375, -1, 563, 564, 297, -1, 297, 564, 565, -1,
297, 565, 296, -1, 296, 565, 566, -1, 296, 566, 378, -1, 378, 566, 377, -1,
298, 299, 561, -1, 298, 561, 562, -1, 298, 562, 563, -1, 298, 563, 297, -1,
560, 561, 299, -1, 560, 299, 300, -1, 560, 300, 301, -1, 560, 301, 302, -1,
560, 302, 303, -1, 560, 303, 313, -1, 560, 313, 314, -1, 560, 314, 315, -1,
560, 315, 316, -1, 560, 316, 317, -1, 560, 317, 318, -1, 560, 318, 319, -1,
560, 319, 320, -1, 560, 320, 321, -1, 560, 321, 322, -1, 560, 322, 7, -1,
560, 7, 587, -1, 379, 380, 295, -1, 295, 380, 381, -1, 295, 381, 294, -1,
294, 381, 382, -1, 294, 382, 293, -1, 293, 382, 383, -1, 293, 383, 292, -1,
292, 383, 384, -1, 292, 384, 291, -1, 291, 384, 385, -1, 291, 385, 290, -1,
290, 385, 289, -1, 295, 296, 378, -1, 295, 378, 379, -1, 310, 307, 309, -1,
309, 307, 280, -1, 309, 280, 308, -1, 308, 280, 340, -1, 308, 340, 341, -1,
311, 312, 305, -1, 311, 305, 306, -1, 311, 306, 307, -1, 311, 307, 310, -1,
312, 313, 303, -1, 312, 303, 304, -1, 312, 304, 305, -1, 114, 115, 172, -1,
114, 172, 173, -1, 114, 173, 174, -1, 114, 174, 175, -1, 114, 175, 176, -1,
114, 176, 102, -1, 114, 102, 113, -1, 115, 116, 169, -1, 115, 169, 170, -1,
115, 170, 171, -1, 115, 171, 172, -1, 116, 117, 431, -1, 116, 431, 432, -1,
116, 432, 433, -1, 116, 433, 434, -1, 116, 434, 211, -1, 116, 211, 212, -1,
116, 212, 213, -1, 116, 213, 214, -1, 116, 214, 215, -1, 116, 215, 216, -1,
116, 216, 217, -1, 116, 217, 218, -1, 116, 218, 219, -1, 116, 219, 220, -1,
116, 220, 221, -1, 116, 221, 222, -1, 116, 222, 223, -1, 116, 223, 196, -1,
116, 196, 224, -1, 116, 224, 225, -1, 116, 225, 226, -1, 116, 226, 227, -1,
116, 227, 228, -1, 116, 228, 229, -1, 116, 229, 230, -1, 116, 230, 231, -1,
116, 231, 232, -1, 116, 232, 233, -1, 116, 233, 234, -1, 116, 234, 235, -1,
116, 235, 236, -1, 116, 236, 237, -1, 116, 237, 238, -1, 116, 238, 190, -1,
116, 190, 191, -1, 116, 191, 192, -1, 116, 192, 193, -1, 116, 193, 194, -1,
116, 194, 195, -1, 116, 195, 168, -1, 116, 168, 169, -1, 494, 495, 105, -1,
105, 495, 496, -1, 105, 496, 512, -1, 512, 496, 497, -1, 512, 497, 511, -1,
511, 497, 510, -1, 510, 497, 509, -1, 509, 497, 498, -1, 509, 498, 508, -1,
508, 498, 499, -1, 508, 499, 507, -1, 507, 499, 500, -1, 507, 500, 506, -1,
506, 500, 501, -1, 506, 501, 502, -1, 531, 504, 476, -1, 476, 504, 505, -1,
476, 505, 503, -1, 503, 505, 506, -1, 503, 506, 502, -1, 487, 488, 468, -1,
468, 488, 489, -1, 468, 489, 467, -1, 467, 489, 490, -1, 467, 490, 105, -1,
105, 490, 491, -1, 105, 491, 492, -1, 473, 483, 472, -1, 472, 483, 484, -1,
472, 484, 471, -1, 471, 484, 485, -1, 471, 485, 470, -1, 470, 485, 486, -1,
470, 486, 469, -1, 469, 486, 487, -1, 469, 487, 468, -1, 474, 475, 482, -1,
474, 482, 483, -1, 474, 483, 473, -1, 448, 449, 111, -1, 448, 111, 112, -1,
448, 112, 528, -1, 448, 528, 529, -1, 448, 529, 530, -1, 448, 530, 531, -1,
448, 531, 476, -1, 448, 476, 477, -1, 448, 477, 478, -1, 448, 478, 479, -1,
448, 479, 480, -1, 448, 480, 481, -1, 448, 481, 482, -1, 448, 482, 475, -1,
111, 449, 450, -1, 111, 450, 451, -1, 111, 451, 452, -1, 111, 452, 453, -1,
111, 453, 454, -1, 111, 454, 455, -1, 111, 455, 456, -1, 111, 456, 457, -1,
111, 457, 458, -1, 111, 458, 459, -1, 111, 459, 460, -1, 111, 460, 461, -1,
111, 461, 462, -1, 111, 462, 106, -1, 111, 106, 110, -1, 112, 113, 102, -1,
112, 102, 103, -1, 112, 103, 526, -1, 112, 526, 527, -1, 112, 527, 528, -1,
102, 176, 177, -1, 102, 177, 178, -1, 102, 178, 179, -1, 102, 179, 180, -1,
102, 180, 181, -1, 102, 181, 182, -1, 102, 182, 183, -1, 102, 183, 184, -1,
102, 184, 185, -1, 102, 185, 186, -1, 102, 186, 187, -1, 102, 187, 188, -1,
102, 188, 189, -1, 102, 189, 190, -1, 102, 190, 238, -1, 102, 238, 239, -1,
102, 239, 240, -1, 102, 240, 241, -1, 102, 241, 242, -1, 102, 242, 243, -1,
102, 243, 244, -1, 102, 244, 245, -1, 102, 245, 246, -1, 102, 246, 247, -1,
102, 247, 248, -1, 102, 248, 249, -1, 102, 249, 250, -1, 102, 250, 251, -1,
102, 251, 441, -1, 102, 441, 442, -1, 102, 442, 443, -1, 102, 443, 444, -1,
102, 444, 445, -1, 102, 445, 446, -1, 102, 446, 447, -1, 102, 447, 652, -1,
102, 652, 653, -1, 102, 653, 654, -1, 102, 654, 655, -1, 102, 655, 656, -1,
102, 656, 657, -1, 102, 657, 406, -1, 102, 406, 407, -1, 102, 407, 408, -1,
102, 408, 409, -1, 102, 409, 410, -1, 102, 410, 411, -1, 102, 411, 412, -1,
102, 412, 413, -1, 102, 413, 414, -1, 102, 414, 101, -1, 224, 196, 197, -1,
224, 197, 198, -1, 224, 198, 199, -1, 224, 199, 200, -1, 224, 200, 201, -1,
224, 201, 202, -1, 224, 202, 203, -1, 224, 203, 204, -1, 224, 204, 205, -1,
224, 205, 206, -1, 224, 206, 207, -1, 224, 207, 208, -1, 224, 208, 209, -1,
224, 209, 210, -1, 224, 210, 434, -1, 224, 434, 251, -1, 251, 434, 435, -1,
251, 435, 436, -1, 251, 436, 437, -1, 251, 437, 438, -1, 251, 438, 439, -1,
251, 439, 440, -1, 251, 440, 441, -1, 447, 420, 602, -1, 447, 602, 603, -1,
447, 603, 604, -1, 447, 604, 605, -1, 447, 605, 606, -1, 447, 606, 607, -1,
447, 607, 608, -1, 447, 608, 609, -1, 447, 609, 610, -1, 447, 610, 611, -1,
447, 611, 612, -1, 447, 612, 613, -1, 447, 613, 614, -1, 447, 614, 615, -1,
447, 615, 652, -1, 650, 651, 589, -1, 589, 651, 652, -1, 589, 652, 588, -1,
588, 652, 615, -1, 644, 645, 643, -1, 644, 643, 616, -1, 644, 616, 617, -1,
644, 617, 618, -1, 644, 618, 619, -1, 644, 619, 620, -1, 644, 620, 621, -1,
644, 621, 622, -1, 644, 622, 623, -1, 644, 623, 624, -1, 644, 624, 625, -1,
644, 625, 626, -1, 644, 626, 627, -1, 644, 627, 350, -1, 644, 350, 351, -1,
644, 351, 352, -1, 644, 352, 353, -1, 644, 353, 354, -1, 644, 354, 355, -1,
644, 355, 659, -1, 659, 355, 356, -1, 659, 356, 357, -1, 659, 357, 358, -1,
659, 358, 359, -1, 659, 359, 360, -1, 659, 360, 361, -1, 659, 361, 362, -1,
659, 362, 363, -1, 659, 363, 406, -1, 659, 406, 658, -1, 336, 337, 364, -1,
336, 364, 392, -1, 336, 392, 393, -1, 336, 393, 394, -1, 336, 394, 395, -1,
336, 395, 396, -1, 336, 396, 397, -1, 336, 397, 398, -1, 336, 398, 399, -1,
336, 399, 400, -1, 336, 400, 401, -1, 336, 401, 402, -1, 336, 402, 403, -1,
336, 403, 404, -1, 336, 404, 405, -1, 336, 405, 406, -1, 336, 406, 363, -1,
419, 392, 364, -1, 419, 364, 365, -1, 419, 365, 366, -1, 419, 366, 367, -1,
419, 367, 368, -1, 419, 368, 369, -1, 419, 576, 577, -1, 419, 577, 578, -1,
419, 578, 579, -1, 419, 579, 580, -1, 419, 580, 581, -1, 419, 581, 582, -1,
419, 582, 583, -1, 419, 583, 584, -1, 419, 584, 585, -1, 419, 585, 586, -1,
419, 586, 587, -1, 419, 587, 7, -1, 419, 7, 418, -1, 7, 8, 416, -1,
7, 416, 417, -1, 7, 417, 418, -1, 416, 8, 9, -1, 416, 9, 10, -1,
416, 10, 11, -1, 416, 11, 12, -1, 416, 12, 13, -1, 416, 13, 415, -1,
415, 13, 14, -1, 415, 14, 15, -1, 415, 15, 16, -1, 415, 16, 252, -1,
415, 252, 414, -1, 252, 16, 17, -1, 252, 17, 18, -1, 252, 18, 19, -1,
252, 19, 20, -1, 252, 20, 21, -1, 414, 252, 253, -1, 414, 253, 254, -1,
414, 254, 255, -1, 414, 255, 256, -1, 414, 256, 257, -1, 414, 257, 258, -1,
414, 258, 259, -1, 414, 259, 260, -1, 414, 260, 101, -1, 101, 260, 261, -1,
101, 261, 262, -1, 101, 262, 263, -1, 101, 263, 264, -1, 101, 264, 265, -1,
101, 265, 266, -1, 101, 266, 100, -1, 108, 28, 55, -1, 55, 28, 29, -1,
55, 29, 54, -1, 54, 29, 30, -1, 54, 30, 53, -1, 53, 30, 31, -1,
53, 31, 52, -1, 52, 31, 32, -1, 52, 32, 51, -1, 51, 32, 33, -1,
51, 33, 50, -1, 50, 33, 34, -1, 50, 34, 49, -1, 49, 34, 35, -1,
49, 35, 48, -1, 48, 35, 36, -1, 48, 36, 47, -1, 47, 36, 37, -1,
47, 37, 46, -1, 46, 37, 38, -1, 46, 38, 45, -1, 45, 38, 39, -1,
45, 39, 44, -1, 44, 39, 40, -1, 44, 40, 43, -1, 43, 40, 41, -1,
43, 41, 42, -1, 108, 55, 123, -1, 123, 55, 56, -1, 123, 56, 122, -1,
122, 56, 57, -1, 122, 57, 121, -1, 121, 57, 58, -1, 121, 58, 59, -1,
120, 121, 59, -1, 120, 59, 60, -1, 120, 60, 61, -1, 120, 61, 119, -1,
61, 341, 342, -1, 61, 342, 343, -1, 61, 343, 344, -1, 61, 344, 345, -1,
61, 345, 346, -1, 61, 346, 347, -1, 61, 347, 348, -1, 61, 348, 349, -1,
61, 349, 350, -1, 61, 350, 631, -1, 61, 631, 632, -1, 61, 632, 633, -1,
61, 633, 634, -1, 61, 634, 635, -1, 61, 635, 636, -1, 61, 636, 637, -1,
61, 637, 638, -1, 61, 638, 639, -1, 61, 639, 640, -1, 61, 640, 641, -1,
61, 641, 590, -1, 61, 590, 591, -1, 61, 591, 592, -1, 61, 592, 593, -1,
61, 593, 594, -1, 61, 594, 595, -1, 61, 595, 596, -1, 61, 596, 597, -1,
61, 597, 598, -1, 61, 598, 599, -1, 61, 599, 600, -1, 61, 600, 601, -1,
61, 601, 602, -1, 61, 602, 117, -1, 61, 117, 118, -1, 61, 118, 119, -1,
117, 602, 421, -1, 117, 421, 422, -1, 117, 422, 423, -1, 117, 423, 424, -1,
117, 424, 425, -1, 117, 425, 426, -1, 117, 426, 427, -1, 117, 427, 428, -1,
117, 428, 429, -1, 117, 429, 430, -1, 117, 430, 431, -1, 647, 648, 590, -1,
590, 648, 649, -1, 590, 649, 589, -1, 589, 649, 650, -1, 590, 641, 645, -1,
590, 645, 646, -1, 590, 646, 647, -1, 350, 627, 628, -1, 350, 628, 629, -1,
350, 629, 630, -1, 350, 630, 631, -1, 390, 391, 339, -1, 339, 391, 364, -1,
339, 364, 338, -1, 338, 364, 337, -1, 339, 340, 289, -1, 339, 289, 385, -1,
339, 385, 386, -1, 339, 386, 387, -1, 339, 387, 388, -1, 339, 388, 389, -1,
339, 389, 390, -1, 340, 280, 281, -1, 340, 281, 282, -1, 340, 282, 283, -1,
340, 283, 284, -1, 340, 284, 285, -1, 340, 285, 286, -1, 340, 286, 287, -1,
340, 287, 288, -1, 340, 288, 289, -1, 341, 327, 328, -1, 341, 328, 329, -1,
341, 329, 330, -1, 341, 330, 331, -1, 341, 331, 332, -1, 341, 332, 333, -1,
341, 333, 334, -1, 341, 334, 335, -1, 341, 335, 308, -1, 322, 0, 1, -1,
322, 1, 2, -1, 322, 2, 3, -1, 322, 3, 4, -1, 322, 4, 5, -1,
322, 5, 6, -1, 322, 6, 7, -1, 61, 62, 129, -1, 61, 129, 130, -1,
61, 130, 131, -1, 63, 64, 128, -1, 63, 128, 129, -1, 63, 129, 62, -1,
124, 125, 67, -1, 67, 125, 126, -1, 67, 126, 66, -1, 66, 126, 127, -1,
66, 127, 65, -1, 65, 127, 128, -1, 65, 128, 64, -1, 109, 110, 107, -1,
109, 107, 28, -1, 109, 28, 108, -1, 462, 463, 106, -1, 106, 463, 464, -1,
106, 464, 105, -1, 105, 464, 465, -1, 105, 465, 466, -1, 493, 494, 105, -1,
493, 105, 492, -1, 105, 512, 513, -1, 105, 513, 514, -1, 105, 514, 515, -1,
105, 515, 516, -1, 105, 516, 517, -1, 105, 517, 518, -1, 105, 518, 519, -1,
105, 519, 520, -1, 105, 520, 104, -1, 104, 520, 521, -1, 104, 521, 522, -1,
104, 522, 523, -1, 104, 523, 524, -1, 104, 524, 525, -1, 104, 525, 526, -1,
104, 526, 103, -1, 642, 643, 645, -1, 642, 645, 641, -1, 467, 105, 466, -1,
110, 106, 107, -1, 124, 67, 68, -1, 421, 602, 420, -1, 211, 434, 210, -1,
406, 657, 658, -1, 83, 81, 82, -1, 793, 792, 683, -1, 683, 792, 684, -1,
684, 792, 685, -1, 685, 792, 686, -1, 686, 792, 687, -1, 687, 792, 660, -1,
660, 792, 982, -1, 982, 792, 983, -1, 983, 792, 984, -1, 984, 792, 985, -1,
985, 792, 986, -1, 986, 792, 987, -1, 987, 792, 1001, -1, 1001, 792, 721, -1,
721, 792, 791, -1, 912, 939, 794, -1, 912, 794, 681, -1, 681, 794, 793, -1,
681, 793, 682, -1, 682, 793, 683, -1, 795, 794, 932, -1, 932, 794, 933, -1,
933, 794, 934, -1, 934, 794, 935, -1, 935, 794, 936, -1, 936, 794, 937, -1,
937, 794, 938, -1, 938, 794, 939, -1, 796, 795, 760, -1, 760, 795, 926, -1,
926, 795, 927, -1, 927, 795, 928, -1, 928, 795, 929, -1, 929, 795, 930, -1,
930, 795, 931, -1, 931, 795, 932, -1, 797, 796, 824, -1, 824, 796, 825, -1,
825, 796, 826, -1, 826, 796, 827, -1, 827, 796, 800, -1, 800, 796, 758, -1,
758, 796, 759, -1, 759, 796, 760, -1, 798, 797, 1214, -1, 1214, 797, 1215, -1,
1215, 797, 1216, -1, 1216, 797, 1217, -1, 1217, 797, 1218, -1, 1218, 797, 1219, -1,
1219, 797, 1192, -1, 1192, 797, 757, -1, 757, 797, 814, -1, 814, 797, 815, -1,
815, 797, 816, -1, 816, 797, 817, -1, 817, 797, 818, -1, 818, 797, 819, -1,
819, 797, 820, -1, 820, 797, 821, -1, 821, 797, 822, -1, 822, 797, 823, -1,
823, 797, 824, -1, 799, 798, 1206, -1, 1206, 798, 1207, -1, 1207, 798, 1208, -1,
1208, 798, 1209, -1, 1209, 798, 1210, -1, 1210, 798, 1211, -1, 1211, 798, 1212, -1,
1212, 798, 1213, -1, 1213, 798, 1214, -1, 757, 756, 1206, -1, 1206, 756, 799, -1,
799, 756, 784, -1, 784, 756, 728, -1, 728, 756, 755, -1, 743, 741, 740, -1,
743, 740, 744, -1, 744, 740, 739, -1, 744, 739, 745, -1, 745, 739, 738, -1,
745, 738, 746, -1, 746, 738, 737, -1, 746, 737, 747, -1, 747, 737, 736, -1,
747, 736, 748, -1, 748, 736, 735, -1, 748, 735, 749, -1, 749, 735, 734, -1,
749, 734, 750, -1, 750, 734, 733, -1, 750, 733, 751, -1, 751, 733, 732, -1,
751, 732, 752, -1, 752, 732, 731, -1, 752, 731, 753, -1, 753, 731, 730, -1,
753, 730, 754, -1, 754, 730, 729, -1, 754, 729, 755, -1, 755, 729, 728, -1,
800, 758, 801, -1, 801, 758, 802, -1, 802, 758, 803, -1, 803, 758, 804, -1,
804, 758, 805, -1, 805, 758, 806, -1, 806, 758, 807, -1, 807, 758, 808, -1,
808, 758, 809, -1, 809, 758, 810, -1, 810, 758, 811, -1, 811, 758, 812, -1,
812, 758, 813, -1, 813, 758, 814, -1, 814, 758, 757, -1, 1192, 757, 1193, -1,
1193, 757, 1194, -1, 1194, 757, 1195, -1, 1195, 757, 1196, -1, 1196, 757, 1197, -1,
1197, 757, 1198, -1, 1198, 757, 1199, -1, 1199, 757, 1200, -1, 1200, 757, 1201, -1,
1201, 757, 1202, -1, 1202, 757, 1203, -1, 1203, 757, 1204, -1, 1204, 757, 1205, -1,
1205, 757, 1206, -1, 1232, 1231, 1030, -1, 1232, 1030, 1233, -1, 1233, 1030, 1029, -1,
1233, 1029, 1234, -1, 1234, 1029, 1079, -1, 1234, 1079, 1235, -1, 1235, 1079, 1236, -1,
1227, 1035, 1034, -1, 1227, 1034, 1228, -1, 1228, 1034, 1033, -1, 1228, 1033, 1229, -1,
1229, 1033, 1032, -1, 1229, 1032, 1230, -1, 1230, 1032, 1031, -1, 1230, 1031, 1231, -1,
1231, 1031, 1030, -1, 1037, 1036, 1226, -1, 1226, 1036, 1227, -1, 1227, 1036, 1035, -1,
1224, 1223, 957, -1, 1224, 957, 1225, -1, 1225, 957, 956, -1, 1225, 956, 1226, -1,
1226, 956, 1038, -1, 1226, 1038, 1037, -1, 959, 958, 1221, -1, 1221, 958, 1222, -1,
1222, 958, 1223, -1, 1223, 958, 957, -1, 1221, 1220, 959, -1, 959, 1220, 960, -1,
960, 1220, 961, -1, 961, 1220, 962, -1, 962, 1220, 963, -1, 963, 1220, 973, -1,
973, 1220, 974, -1, 974, 1220, 975, -1, 975, 1220, 976, -1, 976, 1220, 977, -1,
977, 1220, 978, -1, 978, 1220, 979, -1, 979, 1220, 980, -1, 980, 1220, 981, -1,
981, 1220, 982, -1, 982, 1220, 667, -1, 667, 1220, 1247, -1, 1040, 1039, 955, -1,
1040, 955, 1041, -1, 1041, 955, 954, -1, 1041, 954, 1042, -1, 1042, 954, 953, -1,
1042, 953, 1043, -1, 1043, 953, 952, -1, 1043, 952, 1044, -1, 1044, 952, 951, -1,
1044, 951, 1045, -1, 1045, 951, 950, -1, 1045, 950, 949, -1, 956, 955, 1038, -1,
1038, 955, 1039, -1, 967, 970, 969, -1, 967, 969, 940, -1, 940, 969, 968, -1,
940, 968, 1000, -1, 1000, 968, 1001, -1, 972, 971, 965, -1, 965, 971, 966, -1,
966, 971, 967, -1, 967, 971, 970, -1, 973, 972, 963, -1, 963, 972, 964, -1,
964, 972, 965, -1, 775, 774, 832, -1, 832, 774, 833, -1, 833, 774, 834, -1,
834, 774, 835, -1, 835, 774, 836, -1, 836, 774, 762, -1, 762, 774, 773, -1,
776, 775, 829, -1, 829, 775, 830, -1, 830, 775, 831, -1, 831, 775, 832, -1,
777, 776, 1091, -1, 1091, 776, 1092, -1, 1092, 776, 1093, -1, 1093, 776, 1094, -1,
1094, 776, 871, -1, 871, 776, 872, -1, 872, 776, 873, -1, 873, 776, 874, -1,
874, 776, 875, -1, 875, 776, 876, -1, 876, 776, 877, -1, 877, 776, 878, -1,
878, 776, 879, -1, 879, 776, 880, -1, 880, 776, 881, -1, 881, 776, 882, -1,
882, 776, 883, -1, 883, 776, 856, -1, 856, 776, 884, -1, 884, 776, 885, -1,
885, 776, 886, -1, 886, 776, 887, -1, 887, 776, 888, -1, 888, 776, 889, -1,
889, 776, 890, -1, 890, 776, 891, -1, 891, 776, 892, -1, 892, 776, 893, -1,
893, 776, 894, -1, 894, 776, 895, -1, 895, 776, 896, -1, 896, 776, 897, -1,
897, 776, 898, -1, 898, 776, 850, -1, 850, 776, 851, -1, 851, 776, 852, -1,
852, 776, 853, -1, 853, 776, 854, -1, 854, 776, 855, -1, 855, 776, 828, -1,
828, 776, 829, -1, 1155, 1154, 765, -1, 1155, 765, 1156, -1, 1156, 765, 1172, -1,
1156, 1172, 1157, -1, 1157, 1172, 1171, -1, 1157, 1171, 1170, -1, 1157, 1170, 1169, -1,
1157, 1169, 1158, -1, 1158, 1169, 1168, -1, 1158, 1168, 1159, -1, 1159, 1168, 1167, -1,
1159, 1167, 1160, -1, 1160, 1167, 1166, -1, 1160, 1166, 1161, -1, 1161, 1166, 1162, -1,
1164, 1191, 1136, -1, 1164, 1136, 1165, -1, 1165, 1136, 1163, -1, 1165, 1163, 1166, -1,
1166, 1163, 1162, -1, 1148, 1147, 1128, -1, 1148, 1128, 1149, -1, 1149, 1128, 1127, -1,
1149, 1127, 1150, -1, 1150, 1127, 765, -1, 1150, 765, 1151, -1, 1151, 765, 1152, -1,
1143, 1133, 1132, -1, 1143, 1132, 1144, -1, 1144, 1132, 1131, -1, 1144, 1131, 1145, -1,
1145, 1131, 1130, -1, 1145, 1130, 1146, -1, 1146, 1130, 1129, -1, 1146, 1129, 1147, -1,
1147, 1129, 1128, -1, 1135, 1134, 1142, -1, 1142, 1134, 1143, -1, 1143, 1134, 1133, -1,
1109, 1108, 771, -1, 771, 1108, 772, -1, 772, 1108, 1188, -1, 1188, 1108, 1189, -1,
1189, 1108, 1190, -1, 1190, 1108, 1191, -1, 1191, 1108, 1136, -1, 1136, 1108, 1137, -1,
1137, 1108, 1138, -1, 1138, 1108, 1139, -1, 1139, 1108, 1140, -1, 1140, 1108, 1141, -1,
1141, 1108, 1142, -1, 1142, 1108, 1135, -1, 1109, 771, 1110, -1, 1110, 771, 1111, -1,
1111, 771, 1112, -1, 1112, 771, 1113, -1, 1113, 771, 1114, -1, 1114, 771, 1115, -1,
1115, 771, 1116, -1, 1116, 771, 1117, -1, 1117, 771, 1118, -1, 1118, 771, 1119, -1,
1119, 771, 1120, -1, 1120, 771, 1121, -1, 1121, 771, 1122, -1, 1122, 771, 766, -1,
766, 771, 770, -1, 773, 772, 762, -1, 762, 772, 763, -1, 763, 772, 1186, -1,
1186, 772, 1187, -1, 1187, 772, 1188, -1, 836, 762, 837, -1, 837, 762, 838, -1,
838, 762, 839, -1, 839, 762, 840, -1, 840, 762, 841, -1, 841, 762, 842, -1,
842, 762, 843, -1, 843, 762, 844, -1, 844, 762, 845, -1, 845, 762, 846, -1,
846, 762, 847, -1, 847, 762, 848, -1, 848, 762, 849, -1, 849, 762, 850, -1,
850, 762, 898, -1, 898, 762, 899, -1, 899, 762, 900, -1, 900, 762, 901, -1,
901, 762, 902, -1, 902, 762, 903, -1, 903, 762, 904, -1, 904, 762, 905, -1,
905, 762, 906, -1, 906, 762, 907, -1, 907, 762, 908, -1, 908, 762, 909, -1,
909, 762, 910, -1, 910, 762, 911, -1, 911, 762, 1101, -1, 1101, 762, 1102, -1,
1102, 762, 1103, -1, 1103, 762, 1104, -1, 1104, 762, 1105, -1, 1105, 762, 1106, -1,
1106, 762, 1107, -1, 1107, 762, 1312, -1, 1312, 762, 1313, -1, 1313, 762, 1314, -1,
1314, 762, 1315, -1, 1315, 762, 1316, -1, 1316, 762, 1317, -1, 1317, 762, 1066, -1,
1066, 762, 1067, -1, 1067, 762, 1068, -1, 1068, 762, 1069, -1, 1069, 762, 1070, -1,
1070, 762, 1071, -1, 1071, 762, 1072, -1, 1072, 762, 1073, -1, 1073, 762, 1074, -1,
1074, 762, 761, -1, 856, 884, 857, -1, 857, 884, 858, -1, 858, 884, 859, -1,
859, 884, 860, -1, 860, 884, 861, -1, 861, 884, 862, -1, 862, 884, 863, -1,
863, 884, 864, -1, 864, 884, 865, -1, 865, 884, 866, -1, 866, 884, 867, -1,
867, 884, 868, -1, 868, 884, 869, -1, 869, 884, 870, -1, 870, 884, 1094, -1,
1094, 884, 911, -1, 1094, 911, 1095, -1, 1095, 911, 1096, -1, 1096, 911, 1097, -1,
1097, 911, 1098, -1, 1098, 911, 1099, -1, 1099, 911, 1100, -1, 1100, 911, 1101, -1,
1080, 1107, 1262, -1, 1262, 1107, 1263, -1, 1263, 1107, 1264, -1, 1264, 1107, 1265, -1,
1265, 1107, 1266, -1, 1266, 1107, 1267, -1, 1267, 1107, 1268, -1, 1268, 1107, 1269, -1,
1269, 1107, 1270, -1, 1270, 1107, 1271, -1, 1271, 1107, 1272, -1, 1272, 1107, 1273, -1,
1273, 1107, 1274, -1, 1274, 1107, 1275, -1, 1275, 1107, 1312, -1, 1311, 1310, 1249, -1,
1311, 1249, 1312, -1, 1312, 1249, 1248, -1, 1312, 1248, 1275, -1, 1305, 1304, 1303, -1,
1303, 1304, 1276, -1, 1276, 1304, 1277, -1, 1277, 1304, 1278, -1, 1278, 1304, 1279, -1,
1279, 1304, 1280, -1, 1280, 1304, 1281, -1, 1281, 1304, 1282, -1, 1282, 1304, 1283, -1,
1283, 1304, 1284, -1, 1284, 1304, 1285, -1, 1285, 1304, 1286, -1, 1286, 1304, 1287, -1,
1287, 1304, 1010, -1, 1010, 1304, 1011, -1, 1011, 1304, 1012, -1, 1012, 1304, 1013, -1,
1013, 1304, 1014, -1, 1014, 1304, 1015, -1, 1015, 1304, 1319, -1, 1015, 1319, 1016, -1,
1016, 1319, 1017, -1, 1017, 1319, 1018, -1, 1018, 1319, 1019, -1, 1019, 1319, 1020, -1,
1020, 1319, 1021, -1, 1021, 1319, 1022, -1, 1022, 1319, 1023, -1, 1023, 1319, 1066, -1,
1066, 1319, 1318, -1, 997, 996, 1024, -1, 1024, 996, 1052, -1, 1052, 996, 1053, -1,
1053, 996, 1054, -1, 1054, 996, 1055, -1, 1055, 996, 1056, -1, 1056, 996, 1057, -1,
1057, 996, 1058, -1, 1058, 996, 1059, -1, 1059, 996, 1060, -1, 1060, 996, 1061, -1,
1061, 996, 1062, -1, 1062, 996, 1063, -1, 1063, 996, 1064, -1, 1064, 996, 1065, -1,
1065, 996, 1066, -1, 1066, 996, 1023, -1, 1052, 1079, 1024, -1, 1024, 1079, 1025, -1,
1025, 1079, 1026, -1, 1026, 1079, 1027, -1, 1027, 1079, 1028, -1, 1028, 1079, 1029, -1,
1236, 1079, 1237, -1, 1237, 1079, 1238, -1, 1238, 1079, 1239, -1, 1239, 1079, 1240, -1,
1240, 1079, 1241, -1, 1241, 1079, 1242, -1, 1242, 1079, 1243, -1, 1243, 1079, 1244, -1,
1244, 1079, 1245, -1, 1245, 1079, 1246, -1, 1246, 1079, 1247, -1, 1247, 1079, 667, -1,
667, 1079, 1078, -1, 668, 667, 1076, -1, 1076, 667, 1077, -1, 1077, 667, 1078, -1,
668, 1076, 669, -1, 669, 1076, 670, -1, 670, 1076, 671, -1, 671, 1076, 672, -1,
672, 1076, 673, -1, 673, 1076, 1075, -1, 673, 1075, 674, -1, 674, 1075, 675, -1,
675, 1075, 676, -1, 676, 1075, 912, -1, 912, 1075, 1074, -1, 676, 912, 677, -1,
677, 912, 678, -1, 678, 912, 679, -1, 679, 912, 680, -1, 680, 912, 681, -1,
912, 1074, 913, -1, 913, 1074, 914, -1, 914, 1074, 915, -1, 915, 1074, 916, -1,
916, 1074, 917, -1, 917, 1074, 918, -1, 918, 1074, 919, -1, 919, 1074, 920, -1,
920, 1074, 761, -1, 920, 761, 921, -1, 921, 761, 922, -1, 922, 761, 923, -1,
923, 761, 924, -1, 924, 761, 925, -1, 925, 761, 926, -1, 926, 761, 760, -1,
688, 768, 715, -1, 688, 715, 689, -1, 689, 715, 714, -1, 689, 714, 690, -1,
690, 714, 713, -1, 690, 713, 691, -1, 691, 713, 712, -1, 691, 712, 692, -1,
692, 712, 711, -1, 692, 711, 693, -1, 693, 711, 710, -1, 693, 710, 694, -1,
694, 710, 709, -1, 694, 709, 695, -1, 695, 709, 708, -1, 695, 708, 696, -1,
696, 708, 707, -1, 696, 707, 697, -1, 697, 707, 706, -1, 697, 706, 698, -1,
698, 706, 705, -1, 698, 705, 699, -1, 699, 705, 704, -1, 699, 704, 700, -1,
700, 704, 703, -1, 700, 703, 701, -1, 701, 703, 702, -1, 715, 768, 783, -1,
715, 783, 716, -1, 716, 783, 782, -1, 716, 782, 717, -1, 717, 782, 781, -1,
717, 781, 718, -1, 718, 781, 719, -1, 781, 780, 719, -1, 719, 780, 720, -1,
720, 780, 721, -1, 721, 780, 779, -1, 1001, 721, 1002, -1, 1002, 721, 1003, -1,
1003, 721, 1004, -1, 1004, 721, 1005, -1, 1005, 721, 1006, -1, 1006, 721, 1007, -1,
1007, 721, 1008, -1, 1008, 721, 1009, -1, 1009, 721, 1010, -1, 1010, 721, 1291, -1,
1291, 721, 1292, -1, 1292, 721, 1293, -1, 1293, 721, 1294, -1, 1294, 721, 1295, -1,
1295, 721, 1296, -1, 1296, 721, 1297, -1, 1297, 721, 1298, -1, 1298, 721, 1299, -1,
1299, 721, 1300, -1, 1300, 721, 1301, -1, 1301, 721, 1250, -1, 1250, 721, 1251, -1,
1251, 721, 1252, -1, 1252, 721, 1253, -1, 1253, 721, 1254, -1, 1254, 721, 1255, -1,
1255, 721, 1256, -1, 1256, 721, 1257, -1, 1257, 721, 1258, -1, 1258, 721, 1259, -1,
1259, 721, 1260, -1, 1260, 721, 1261, -1, 1261, 721, 1262, -1, 1262, 721, 777, -1,
777, 721, 778, -1, 778, 721, 779, -1, 1262, 777, 1081, -1, 1081, 777, 1082, -1,
1082, 777, 1083, -1, 1083, 777, 1084, -1, 1084, 777, 1085, -1, 1085, 777, 1086, -1,
1086, 777, 1087, -1, 1087, 777, 1088, -1, 1088, 777, 1089, -1, 1089, 777, 1090, -1,
1090, 777, 1091, -1, 1308, 1307, 1250, -1, 1308, 1250, 1309, -1, 1309, 1250, 1249, -1,
1309, 1249, 1310, -1, 1301, 1250, 1305, -1, 1305, 1250, 1306, -1, 1306, 1250, 1307, -1,
1287, 1010, 1288, -1, 1288, 1010, 1289, -1, 1289, 1010, 1290, -1, 1290, 1010, 1291, -1,
1051, 1050, 999, -1, 1051, 999, 1024, -1, 1024, 999, 998, -1, 1024, 998, 997, -1,
1000, 999, 949, -1, 949, 999, 1045, -1, 1045, 999, 1046, -1, 1046, 999, 1047, -1,
1047, 999, 1048, -1, 1048, 999, 1049, -1, 1049, 999, 1050, -1, 940, 1000, 941, -1,
941, 1000, 942, -1, 942, 1000, 943, -1, 943, 1000, 944, -1, 944, 1000, 945, -1,
945, 1000, 946, -1, 946, 1000, 947, -1, 947, 1000, 948, -1, 948, 1000, 949, -1,
987, 1001, 988, -1, 988, 1001, 989, -1, 989, 1001, 990, -1, 990, 1001, 991, -1,
991, 1001, 992, -1, 992, 1001, 993, -1, 993, 1001, 994, -1, 994, 1001, 995, -1,
995, 1001, 968, -1, 660, 982, 661, -1, 661, 982, 662, -1, 662, 982, 663, -1,
663, 982, 664, -1, 664, 982, 665, -1, 665, 982, 666, -1, 666, 982, 667, -1,
722, 721, 789, -1, 789, 721, 790, -1, 790, 721, 791, -1, 724, 723, 788, -1,
788, 723, 789, -1, 789, 723, 722, -1, 785, 784, 727, -1, 785, 727, 786, -1,
786, 727, 726, -1, 786, 726, 787, -1, 787, 726, 725, -1, 787, 725, 788, -1,
788, 725, 724, -1, 770, 769, 767, -1, 767, 769, 688, -1, 688, 769, 768, -1,
1123, 1122, 766, -1, 1123, 766, 1124, -1, 1124, 766, 765, -1, 1124, 765, 1125, -1,
1125, 765, 1126, -1, 1154, 1153, 765, -1, 765, 1153, 1152, -1, 1172, 765, 1173, -1,
1173, 765, 1174, -1, 1174, 765, 1175, -1, 1175, 765, 1176, -1, 1176, 765, 1177, -1,
1177, 765, 1178, -1, 1178, 765, 1179, -1, 1179, 765, 1180, -1, 1180, 765, 764, -1,
1180, 764, 1181, -1, 1181, 764, 1182, -1, 1182, 764, 1183, -1, 1183, 764, 1184, -1,
1184, 764, 1185, -1, 1185, 764, 1186, -1, 1186, 764, 763, -1, 1303, 1302, 1305, -1,
1305, 1302, 1301, -1, 765, 1127, 1126, -1, 766, 770, 767, -1, 727, 784, 728, -1,
1262, 1081, 1080, -1, 1094, 871, 870, -1, 1317, 1066, 1318, -1, 741, 743, 742, -1,
29, 28, 689, -1, 689, 28, 688, -1, 30, 29, 690, -1, 690, 29, 689, -1,
31, 30, 691, -1, 691, 30, 690, -1, 32, 31, 692, -1, 692, 31, 691, -1,
33, 32, 693, -1, 693, 32, 692, -1, 34, 33, 694, -1, 694, 33, 693, -1,
35, 34, 695, -1, 695, 34, 694, -1, 36, 35, 696, -1, 696, 35, 695, -1,
37, 36, 697, -1, 697, 36, 696, -1, 38, 37, 698, -1, 698, 37, 697, -1,
39, 38, 699, -1, 699, 38, 698, -1, 40, 39, 700, -1, 700, 39, 699, -1,
41, 40, 701, -1, 701, 40, 700, -1, 42, 41, 702, -1, 702, 41, 701, -1,
43, 42, 703, -1, 703, 42, 702, -1, 44, 43, 704, -1, 704, 43, 703, -1,
45, 44, 705, -1, 705, 44, 704, -1, 46, 45, 706, -1, 706, 45, 705, -1,
47, 46, 707, -1, 707, 46, 706, -1, 48, 47, 708, -1, 708, 47, 707, -1,
49, 48, 709, -1, 709, 48, 708, -1, 50, 49, 710, -1, 710, 49, 709, -1,
51, 50, 711, -1, 711, 50, 710, -1, 52, 51, 712, -1, 712, 51, 711, -1,
53, 52, 713, -1, 713, 52, 712, -1, 54, 53, 714, -1, 714, 53, 713, -1,
55, 54, 715, -1, 715, 54, 714, -1, 56, 55, 716, -1, 716, 55, 715, -1,
57, 56, 717, -1, 717, 56, 716, -1, 58, 57, 718, -1, 718, 57, 717, -1,
59, 58, 719, -1, 719, 58, 718, -1, 60, 59, 720, -1, 720, 59, 719, -1,
61, 60, 721, -1, 721, 60, 720, -1, 62, 61, 722, -1, 722, 61, 721, -1,
63, 62, 723, -1, 723, 62, 722, -1, 64, 63, 724, -1, 724, 63, 723, -1,
65, 64, 725, -1, 725, 64, 724, -1, 66, 65, 726, -1, 726, 65, 725, -1,
67, 66, 727, -1, 727, 66, 726, -1, 68, 67, 728, -1, 728, 67, 727, -1,
69, 68, 729, -1, 729, 68, 728, -1, 70, 69, 730, -1, 730, 69, 729, -1,
71, 70, 731, -1, 731, 70, 730, -1, 72, 71, 732, -1, 732, 71, 731, -1,
73, 72, 733, -1, 733, 72, 732, -1, 74, 73, 734, -1, 734, 73, 733, -1,
75, 74, 735, -1, 735, 74, 734, -1, 76, 75, 736, -1, 736, 75, 735, -1,
77, 76, 737, -1, 737, 76, 736, -1, 78, 77, 738, -1, 738, 77, 737, -1,
79, 78, 739, -1, 739, 78, 738, -1, 80, 79, 740, -1, 740, 79, 739, -1,
81, 80, 741, -1, 741, 80, 740, -1, 82, 81, 742, -1, 742, 81, 741, -1,
83, 82, 743, -1, 743, 82, 742, -1, 84, 83, 744, -1, 744, 83, 743, -1,
85, 84, 745, -1, 745, 84, 744, -1, 86, 85, 746, -1, 746, 85, 745, -1,
87, 86, 747, -1, 747, 86, 746, -1, 88, 87, 748, -1, 748, 87, 747, -1,
89, 88, 749, -1, 749, 88, 748, -1, 90, 89, 750, -1, 750, 89, 749, -1,
91, 90, 751, -1, 751, 90, 750, -1, 92, 91, 752, -1, 752, 91, 751, -1,
93, 92, 753, -1, 753, 92, 752, -1, 94, 93, 754, -1, 754, 93, 753, -1,
95, 94, 755, -1, 755, 94, 754, -1, 96, 95, 756, -1, 756, 95, 755, -1,
97, 96, 757, -1, 757, 96, 756, -1, 98, 97, 758, -1, 758, 97, 757, -1,
99, 98, 759, -1, 759, 98, 758, -1, 100, 99, 760, -1, 760, 99, 759, -1,
101, 100, 761, -1, 761, 100, 760, -1, 102, 101, 762, -1, 762, 101, 761, -1,
103, 102, 763, -1, 763, 102, 762, -1, 104, 103, 764, -1, 764, 103, 763, -1,
105, 104, 765, -1, 765, 104, 764, -1, 106, 105, 766, -1, 766, 105, 765, -1,
107, 106, 767, -1, 767, 106, 766, -1, 28, 107, 688, -1, 688, 107, 767, -1,
109, 108, 769, -1, 769, 108, 768, -1, 110, 109, 770, -1, 770, 109, 769, -1,
111, 110, 771, -1, 771, 110, 770, -1, 112, 111, 772, -1, 772, 111, 771, -1,
113, 112, 773, -1, 773, 112, 772, -1, 114, 113, 774, -1, 774, 113, 773, -1,
115, 114, 775, -1, 775, 114, 774, -1, 116, 115, 776, -1, 776, 115, 775, -1,
117, 116, 777, -1, 777, 116, 776, -1, 118, 117, 778, -1, 778, 117, 777, -1,
119, 118, 779, -1, 779, 118, 778, -1, 120, 119, 780, -1, 780, 119, 779, -1,
121, 120, 781, -1, 781, 120, 780, -1, 122, 121, 782, -1, 782, 121, 781, -1,
123, 122, 783, -1, 783, 122, 782, -1, 108, 123, 768, -1, 768, 123, 783, -1,
125, 124, 785, -1, 785, 124, 784, -1, 126, 125, 786, -1, 786, 125, 785, -1,
127, 126, 787, -1, 787, 126, 786, -1, 128, 127, 788, -1, 788, 127, 787, -1,
129, 128, 789, -1, 789, 128, 788, -1, 130, 129, 790, -1, 790, 129, 789, -1,
131, 130, 791, -1, 791, 130, 790, -1, 132, 131, 792, -1, 792, 131, 791, -1,
133, 132, 793, -1, 793, 132, 792, -1, 134, 133, 794, -1, 794, 133, 793, -1,
135, 134, 795, -1, 795, 134, 794, -1, 136, 135, 796, -1, 796, 135, 795, -1,
137, 136, 797, -1, 797, 136, 796, -1, 138, 137, 798, -1, 798, 137, 797, -1,
139, 138, 799, -1, 799, 138, 798, -1, 124, 139, 784, -1, 784, 139, 799, -1,
645, 644, 1305, -1, 1305, 644, 1304, -1, 646, 645, 1306, -1, 1306, 645, 1305, -1,
647, 646, 1307, -1, 1307, 646, 1306, -1, 648, 647, 1308, -1, 1308, 647, 1307, -1,
649, 648, 1309, -1, 1309, 648, 1308, -1, 650, 649, 1310, -1, 1310, 649, 1309, -1,
651, 650, 1311, -1, 1311, 650, 1310, -1, 652, 651, 1312, -1, 1312, 651, 1311, -1,
653, 652, 1313, -1, 1313, 652, 1312, -1, 654, 653, 1314, -1, 1314, 653, 1313, -1,
655, 654, 1315, -1, 1315, 654, 1314, -1, 656, 655, 1316, -1, 1316, 655, 1315, -1,
657, 656, 1317, -1, 1317, 656, 1316, -1, 658, 657, 1318, -1, 1318, 657, 1317, -1,
659, 658, 1319, -1, 1319, 658, 1318, -1, 644, 659, 1304, -1, 1304, 659, 1319, -1
            ]
          }
        }
      ]
    }
  ]
}
Transform {
  children [
    Group {
      children [
        Shape {
          appearance Appearance {
            material Material {
              diffuseColor 0.75 0.61 0.23
              specularColor 0.9 0.844 0.692
              emissiveColor 0 0 0
              ambientIntensity 0.7
              transparency 0
              shininess 0.9
            }
          }
          geometry IndexedFaceSet {
            solid TRUE
            coord Coordinate {
              point [
55.913307 -40.711281 0.314961, 55.913307 -40.711283 0.314961,
55.913307 -40.773363 0.314961, 55.901196 -40.834251 0.314961,
55.877439 -40.891606 0.314961, 55.842948 -40.943224 0.314961,
55.799051 -40.987122 0.314961, 55.747433 -41.021612 0.314961,
55.690078 -41.045369 0.314961, 55.629191 -41.05748 0.314961,
55.629191 -41.05748 0.314961, 55.564711 -41.05748 0.314961,
55.564711 -41.058134 0.314961, 55.546751 -41.06047 0.314961,
55.524731 -41.076956 0.314961, 55.51675 -41.087617 0.314961,
55.47139 -41.121573 0.314961, 55.4183 -41.141374 0.314961,
55.394831 -41.143897 0.314961, 54.116979 -41.143898 0.314961,
54.096238 -41.141667 0.314961, 54.09351 -41.141374 0.314961,
54.093511 -41.141374 0.314961, 54.040422 -41.121574 0.314961,
54.040419 -41.121572 0.314961, 53.995061 -41.087617 0.314961,
53.99506 -41.087616 0.314961, 53.961105 -41.042258 0.314961,
53.961103 -41.042255 0.314961, 53.941302 -40.989167 0.314961,
53.93878 -40.965699 0.314961, 53.93878 -40.965697 0.314961,
53.93878 -40.534305 0.314961, 53.93878 -40.5343 0.314961,
53.939125 -40.531085 0.314961, 53.941302 -40.510833 0.314961,
53.961103 -40.457744 0.314961, 53.961105 -40.457742 0.314961,
53.99506 -40.412384 0.314961, 53.995061 -40.412383 0.314961,
54.040419 -40.378428 0.314961, 54.040422 -40.378426 0.314961,
54.09351 -40.358625 0.314961, 54.116978 -40.356103 0.314961,
54.11698 -40.356102 0.314961, 55.394828 -40.356102 0.314961,
55.394832 -40.356102 0.314961, 55.394835 -40.356102 0.314961,
55.394836 -40.356103 0.314961, 55.4183 -40.358625 0.314961,
55.4183 -40.358625 0.314961, 55.471389 -40.378426 0.314961,
55.471392 -40.378428 0.314961, 55.51675 -40.412383 0.314961,
55.518983 -40.414616 0.314961, 55.535626 -40.425524 0.314961,
55.563024 -40.427978 0.314961, 55.567109 -40.427165 0.314961,
55.567109 -40.427165 0.314961, 55.62919 -40.427165 0.314961,
55.629191 -40.427165 0.314961, 55.690074 -40.439276 0.314961,
55.690079 -40.439277 0.314961, 55.721395 -40.452248 0.314961,
55.74743 -40.463032 0.314961, 55.747435 -40.463035 0.314961,
55.78965 -40.491242 0.314961, 55.79905 -40.497524 0.314961,
55.799052 -40.497525 0.314961, 55.842947 -40.54142 0.314961,
55.842948 -40.541422 0.314961, 55.877437 -40.593037 0.314961,
55.87744 -40.593042 0.314961, 55.897899 -40.642437 0.314961,
55.901196 -40.650395 0.314961, 55.901196 -40.650398 0.314961,
55.913307 -40.711281 0.314961, 53.938976 -39.582515 0.314961,
53.938976 -39.534313 0.314961, 53.941496 -39.510877 0.314961,
53.941497 -39.510874 0.314961, 53.961278 -39.45784 0.314961,
53.961279 -39.457837 0.314961, 53.9952 -39.412524 0.314961,
53.995202 -39.412523 0.314961, 54.040514 -39.378602 0.314961,
54.040517 -39.3786 0.314961, 54.093551 -39.35882 0.314961,
54.093554 -39.358819 0.314961, 54.11699 -39.356299 0.314961,
54.65748 -39.356299 0.314961, 54.65748 -39.55315 0.314961,
54.135827 -39.55315 0.314961, 54.135827 -39.651575 0.314961,
53.999517 -39.651575 0.314961, 53.997269 -39.643187 0.314961,
53.981853 -39.616485 0.314961, 53.96005 -39.594683 0.314961,
53.829094 -39.688386 0.314961, 53.830575 -39.675245 0.314961,
53.834943 -39.662763 0.314961, 53.841978 -39.651566 0.314961,
53.851329 -39.642215 0.314961, 53.862527 -39.635179 0.314961,
53.875009 -39.630811 0.314961, 53.88815 -39.629331 0.314961,
53.901291 -39.630811 0.314961, 53.913773 -39.635179 0.314961,
53.92497 -39.642215 0.314961, 53.934321 -39.651566 0.314961,
53.941356 -39.662763 0.314961, 53.945724 -39.675245 0.314961,
53.947205 -39.688386 0.314961, 53.945724 -39.701527 0.314961,
53.941356 -39.714009 0.314961, 53.934321 -39.725206 0.314961,
53.92497 -39.734557 0.314961, 53.913773 -39.741593 0.314961,
53.901291 -39.74596 0.314961, 53.88815 -39.747441 0.314961,
53.875009 -39.74596 0.314961, 53.862527 -39.741593 0.314961,
53.851329 -39.734557 0.314961, 53.841978 -39.725206 0.314961,
53.834943 -39.714009 0.314961, 53.830575 -39.701527 0.314961,
54.633898 -37.053937 0.314961, 54.632417 -37.067078 0.314961,
54.628049 -37.07956 0.314961, 54.621014 -37.090757 0.314961,
54.611663 -37.100108 0.314961, 54.600466 -37.107144 0.314961,
54.587984 -37.111511 0.314961, 54.574843 -37.112992 0.314961,
54.561702 -37.111511 0.314961, 54.549219 -37.107144 0.314961,
54.538022 -37.100108 0.314961, 54.528671 -37.090757 0.314961,
54.521636 -37.07956 0.314961, 54.517268 -37.067078 0.314961,
54.515787 -37.053937 0.314961, 54.517268 -37.040796 0.314961,
54.521636 -37.028314 0.314961, 54.528671 -37.017117 0.314961,
54.538022 -37.007766 0.314961, 54.549219 -37.00073 0.314961,
54.561702 -36.996363 0.314961, 54.574843 -36.994882 0.314961,
54.587984 -36.996363 0.314961, 54.600466 -37.00073 0.314961,
54.611663 -37.007766 0.314961, 54.621014 -37.017117 0.314961,
54.628049 -37.028314 0.314961, 54.632417 -37.040796 0.314961,
58.978543 -40.452249 0.314961, 58.978543 -40.547751 0.314961,
58.966078 -40.642437 0.314961, 58.94136 -40.734685 0.314961,
58.904813 -40.822918 0.314961, 58.857061 -40.905626 0.314961,
58.798923 -40.981393 0.314961, 58.731393 -41.048923 0.314961,
58.655626 -41.107061 0.314961, 58.572918 -41.154813 0.314961,
58.484685 -41.19136 0.314961, 58.392437 -41.216078 0.314961,
58.319367 -41.225698 0.314961, 58.297752 -41.228543 0.314961,
58.202249 -41.228543 0.314961, 58.202248 -41.228543 0.314961,
58.178577 -41.225427 0.314961, 58.107563 -41.216078 0.314961,
58.015315 -41.19136 0.314961, 57.927082 -41.154813 0.314961,
57.844374 -41.107061 0.314961, 57.80514 -41.076956 0.314961,
57.768607 -41.048924 0.314961, 57.768605 -41.048921 0.314961,
57.701078 -40.981395 0.314961, 57.701076 -40.981392 0.314961,
57.64294 -40.905627 0.314961, 57.642939 -40.905627 0.314961,
57.642939 -40.905626 0.314961, 57.595187 -40.822918 0.314961,
57.593715 -40.819364 0.314961, 57.558641 -40.734687 0.314961,
57.533922 -40.642435 0.314961, 57.521457 -40.547751 0.314961,
57.521457 -40.452248 0.314961, 57.533922 -40.357565 0.314961,
57.558641 -40.265313 0.314961, 57.595186 -40.177084 0.314961,
57.595188 -40.177081 0.314961, 57.64294 -40.094372 0.314961,
57.701076 -40.018607 0.314961, 57.701078 -40.018605 0.314961,
57.768605 -39.951078 0.314961, 57.768607 -39.951076 0.314961,
57.844372 -39.89294 0.314961, 57.927081 -39.845188 0.314961,
57.927084 -39.845186 0.314961, 58.015313 -39.808641 0.314961,
58.107565 -39.783922 0.314961, 58.202248 -39.771457 0.314961,
58.202249 -39.771457 0.314961, 58.297751 -39.771457 0.314961,
58.297752 -39.771457 0.314961, 58.392435 -39.783922 0.314961,
58.484687 -39.808641 0.314961, 58.572915 -39.845186 0.314961,
58.572919 -39.845188 0.314961, 58.588056 -39.853927 0.314961,
58.655626 -39.892939 0.314961, 58.655627 -39.892939 0.314961,
58.655627 -39.89294 0.314961, 58.731392 -39.951076 0.314961,
58.731395 -39.951078 0.314961, 58.798921 -40.018605 0.314961,
58.798924 -40.018607 0.314961, 58.817071 -40.042258 0.314961,
58.857061 -40.094374 0.314961, 58.904813 -40.177082 0.314961,
58.94136 -40.265315 0.314961, 58.966078 -40.357563 0.314961,
58.972811 -40.408704 0.314961, 58.977285 -40.442693 0.314961,
62.845748 -34.838189 0.314961, 62.847229 -34.825048 0.314961,
62.851596 -34.812566 0.314961, 62.858632 -34.801369 0.314961,
62.867983 -34.792018 0.314961, 62.87918 -34.784982 0.314961,
62.891662 -34.780614 0.314961, 62.904803 -34.779134 0.314961,
62.917944 -34.780614 0.314961, 62.930426 -34.784982 0.314961,
62.941623 -34.792018 0.314961, 62.950974 -34.801369 0.314961,
62.95801 -34.812566 0.314961, 62.962378 -34.825048 0.314961,
62.963858 -34.838189 0.314961, 62.962378 -34.85133 0.314961,
62.95801 -34.863812 0.314961, 62.950974 -34.875009 0.314961,
62.941623 -34.88436 0.314961, 62.930426 -34.891396 0.314961,
62.917944 -34.895763 0.314961, 62.904803 -34.897244 0.314961,
62.891662 -34.895763 0.314961, 62.87918 -34.891396 0.314961,
62.867983 -34.88436 0.314961, 62.858632 -34.875009 0.314961,
62.851596 -34.863812 0.314961, 62.847229 -34.85133 0.314961,
62.797752 -33.228543 0.314961, 62.702249 -33.228543 0.314961,
62.702248 -33.228543 0.314961, 62.678577 -33.225427 0.314961,
62.607563 -33.216078 0.314961, 62.515315 -33.19136 0.314961,
62.427082 -33.154813 0.314961, 62.344374 -33.107061 0.314961,
62.268607 -33.048923 0.314961, 62.268605 -33.048921 0.314961,
62.201078 -32.981395 0.314961, 62.201076 -32.981392 0.314961,
62.14294 -32.905627 0.314961, 62.142939 -32.905627 0.314961,
62.142939 -32.905626 0.314961, 62.095187 -32.822918 0.314961,
62.090664 -32.811997 0.314961, 62.058641 -32.734687 0.314961,
62.033922 -32.642435 0.314961, 62.021457 -32.547751 0.314961,
62.021457 -32.452248 0.314961, 62.033922 -32.357565 0.314961,
62.058641 -32.265313 0.314961, 62.095186 -32.177084 0.314961,
62.095188 -32.177081 0.314961, 62.14294 -32.094372 0.314961,
62.201076 -32.018607 0.314961, 62.201078 -32.018605 0.314961,
62.268605 -31.951078 0.314961, 62.268607 -31.951076 0.314961,
62.344372 -31.89294 0.314961, 62.427081 -31.845188 0.314961,
62.427084 -31.845186 0.314961, 62.515313 -31.808641 0.314961,
62.607565 -31.783922 0.314961, 62.702248 -31.771457 0.314961,
62.702249 -31.771457 0.314961, 62.797751 -31.771457 0.314961,
62.797752 -31.771457 0.314961, 62.892435 -31.783922 0.314961,
62.984687 -31.808641 0.314961, 63.03993 -31.831523 0.314961,
63.072918 -31.845187 0.314961, 63.155626 -31.892939 0.314961,
63.155627 -31.892939 0.314961, 63.155627 -31.89294 0.314961,
63.231392 -31.951076 0.314961, 63.231395 -31.951078 0.314961,
63.298921 -32.018605 0.314961, 63.298923 -32.018607 0.314961,
63.357061 -32.094374 0.314961, 63.404813 -32.177082 0.314961,
63.44136 -32.265315 0.314961, 63.466078 -32.357563 0.314961,
63.478543 -32.452249 0.314961, 63.478543 -32.547751 0.314961,
63.466078 -32.642437 0.314961, 63.44136 -32.734685 0.314961,
63.404813 -32.822918 0.314961, 63.357061 -32.905626 0.314961,
63.298923 -32.981393 0.314961, 63.231393 -33.048923 0.314961,
63.155626 -33.107061 0.314961, 63.072918 -33.154813 0.314961,
62.984685 -33.19136 0.314961, 62.892437 -33.216078 0.314961,
62.816688 -33.22605 0.314961, 62.803071 -38.204488 0.314961,
62.804552 -38.191347 0.314961, 62.808919 -38.178865 0.314961,
62.815955 -38.167668 0.314961, 62.825306 -38.158317 0.314961,
62.836503 -38.151281 0.314961, 62.848985 -38.146914 0.314961,
62.862126 -38.145433 0.314961, 62.875267 -38.146914 0.314961,
62.887749 -38.151281 0.314961, 62.898946 -38.158317 0.314961,
62.908297 -38.167668 0.314961, 62.915333 -38.178865 0.314961,
62.9197 -38.191347 0.314961, 62.921181 -38.204488 0.314961,
62.9197 -38.217629 0.314961, 62.915333 -38.230111 0.314961,
62.908297 -38.241308 0.314961, 62.898946 -38.250659 0.314961,
62.887749 -38.257695 0.314961, 62.875267 -38.262063 0.314961,
62.862126 -38.263543 0.314961, 62.848985 -38.262063 0.314961,
62.836503 -38.257695 0.314961, 62.825306 -38.250659 0.314961,
62.815955 -38.241308 0.314961, 62.808919 -38.230111 0.314961,
62.804552 -38.217629 0.314961, 54.098425 -35.63122 0.314961,
54.098425 -35.43437 0.314961, 54.118105 -35.43437 0.314961,
54.158539 -35.438501 0.314961, 54.158542 -35.438502 0.314961,
54.224063 -35.460213 0.314961, 54.224065 -35.460214 0.314961,
54.282813 -35.49645 0.314961, 54.33162 -35.545257 0.314961,
54.367857 -35.604006 0.314961, 54.367857 -35.604008 0.314961,
54.389569 -35.669528 0.314961, 54.3937 -35.709966 0.314961,
54.3937 -35.709972 0.314961, 54.3937 -35.800394 0.314961,
54.19685 -35.800394 0.314961, 54.19685 -35.729646 0.314961,
54.189358 -35.69198 0.314961, 54.168022 -35.660048 0.314961,
54.136091 -35.638713 0.314961, 61.727199 -40.121399 0.314961,
61.674165 -40.14118 0.314961, 61.674162 -40.14118 0.314961,
61.650726 -40.1437 0.314961, 61.65072 -40.143701 0.314961,
61.110236 -40.143701 0.314961, 61.110236 -39.94685 0.314961,
61.63189 -39.94685 0.314961, 61.63189 -39.848425 0.314961,
61.82874 -39.848425 0.314961, 61.82874 -39.96568 0.314961,
61.82874 -39.965687 0.314961, 61.82622 -39.989123 0.314961,
61.826219 -39.989126 0.314961, 61.806439 -40.04216 0.314961,
61.806437 -40.042163 0.314961, 61.772516 -40.087475 0.314961,
61.772515 -40.087476 0.314961, 61.727202 -40.121398 0.314961,
58.270769 -35.048228 0.314961, 57.978622 -34.756081 0.314961,
57.978622 -34.351874 0.314961, 58.482071 -33.848425 0.314961,
60.90868 -33.848425 0.314961, 61.444291 -34.384037 0.314961,
61.444291 -34.792717 0.314961, 61.446183 -34.811919 0.314961,
61.460879 -34.847399 0.314961, 61.460881 -34.8474 0.314961,
61.473119 -34.862314 0.314961, 61.758581 -35.147776 0.314961,
61.75647 -35.149187 0.314961, 61.743669 -35.168345 0.314961,
61.739173 -35.190945 0.314961, 61.739173 -35.309055 0.314961,
61.743669 -35.331655 0.314961, 61.75647 -35.350813 0.314961,
61.775629 -35.363615 0.314961, 61.798228 -35.36811 0.314961,
61.94374 -35.36811 0.314961, 61.94374 -36.414743 0.314961,
61.844703 -36.51378 0.314961, 61.8125 -36.51378 0.314961,
61.798375 -36.516589 0.314961, 61.786401 -36.52459 0.314961,
61.7784 -36.536564 0.314961, 61.775591 -36.550689 0.314961,
61.775591 -36.63435 0.314961, 61.7784 -36.648475 0.314961,
61.786401 -36.660449 0.314961, 61.798375 -36.66845 0.314961,
61.8125 -36.67126 0.314961, 61.847378 -36.67126 0.314961,
61.850476 -36.674357 0.314961, 61.885956 -36.689054 0.314961,
61.924359 -36.689054 0.314961, 61.959839 -36.674357 0.314961,
61.974755 -36.662117 0.314961, 62.111762 -36.525109 0.314961,
62.124001 -36.510196 0.314961, 62.124003 -36.510194 0.314961,
62.138699 -36.474714 0.314961, 62.140591 -36.455512 0.314961,
62.140591 -35.36811 0.314961, 62.201772 -35.36811 0.314961,
62.224371 -35.363615 0.314961, 62.24353 -35.350813 0.314961,
62.256331 -35.331655 0.314961, 62.260827 -35.309055 0.314961,
62.260827 -35.190945 0.314961, 62.256331 -35.168345 0.314961,
62.24353 -35.149187 0.314961, 62.224371 -35.136385 0.314961,
62.201772 -35.13189 0.314961, 62.021084 -35.13189 0.314961,
61.641142 -34.751947 0.314961, 61.641142 -34.343268 0.314961,
61.63925 -34.324066 0.314961, 61.624554 -34.288585 0.314961,
61.624552 -34.288583 0.314961, 61.612313 -34.27367 0.314961,
61.019046 -33.680403 0.314961, 61.004133 -33.668164 0.314961,
61.004131 -33.668163 0.314961, 60.968651 -33.653466 0.314961,
60.949449 -33.651575 0.314961, 58.441302 -33.651575 0.314961,
58.4221 -33.653466 0.314961, 58.38662 -33.668163 0.314961,
58.386618 -33.668164 0.314961, 58.371705 -33.680403 0.314961,
57.8106 -34.241508 0.314961, 57.798361 -34.256421 0.314961,
57.798359 -34.256423 0.314961, 57.783663 -34.291904 0.314961,
57.781772 -34.311106 0.314961, 57.781772 -34.79685 0.314961,
57.783663 -34.816052 0.314961, 57.798359 -34.851533 0.314961,
57.798361 -34.851534 0.314961, 57.8106 -34.866448 0.314961,
58.063239 -35.119087 0.314961, 58.057756 -35.146654 0.314961,
58.057756 -35.353346 0.314961, 58.065248 -35.391012 0.314961,
58.086584 -35.422944 0.314961, 58.118515 -35.44428 0.314961,
58.156181 -35.451772 0.314961, 58.234921 -35.451772 0.314961,
58.234921 -38.151575 0.314961, 54.194881 -38.151575 0.314961,
54.194881 -38.062992 0.314961, 54.187389 -38.025326 0.314961,
54.166054 -37.993395 0.314961, 54.134122 -37.972059 0.314961,
54.096456 -37.964567 0.314961, 53.899606 -37.964567 0.314961,
53.86194 -37.972059 0.314961, 53.830009 -37.993395 0.314961,
53.808673 -38.025326 0.314961, 53.801181 -38.062992 0.314961,
53.801181 -38.437008 0.314961, 53.808673 -38.474674 0.314961,
53.830009 -38.506605 0.314961, 53.86194 -38.527941 0.314961,
53.899606 -38.535433 0.314961, 54.096456 -38.535433 0.314961,
54.134122 -38.527941 0.314961, 54.166054 -38.506605 0.314961,
54.187389 -38.474674 0.314961, 54.194881 -38.437008 0.314961,
54.194881 -38.348425 0.314961, 58.292577 -38.348425 0.314961,
60.174528 -40.230375 0.314961, 60.174528 -40.75 0.314961,
60.176419 -40.769202 0.314961, 60.191115 -40.804682 0.314961,
60.21827 -40.831837 0.314961, 60.253751 -40.846534 0.314961,
60.272953 -40.848425 0.314961, 60.391732 -40.848425 0.314961,
60.391732 -40.94685 0.314961, 61.63189 -40.94685 0.314961,
61.63189 -40.55315 0.314961, 60.391732 -40.55315 0.314961,
60.391732 -40.651575 0.314961, 60.371378 -40.651575 0.314961,
60.371378 -40.189606 0.314961, 60.369487 -40.170408 0.314961,
60.369487 -40.170405 0.314961, 60.354791 -40.134924 0.314961,
60.34255 -40.120009 0.314961, 58.431772 -38.209231 0.314961,
58.431772 -35.451772 0.314961, 58.510512 -35.451772 0.314961,
58.548178 -35.44428 0.314961, 58.580109 -35.422944 0.314961,
58.601445 -35.391012 0.314961, 58.608937 -35.353346 0.314961,
58.608937 -35.348425 0.314961, 59.474409 -35.348425 0.314961,
59.474409 -35.353346 0.314961, 59.481902 -35.391012 0.314961,
59.503237 -35.422944 0.314961, 59.535169 -35.44428 0.314961,
59.572835 -35.451772 0.314961, 59.927165 -35.451772 0.314961,
59.964831 -35.44428 0.314961, 59.996763 -35.422944 0.314961,
60.018098 -35.391012 0.314961, 60.025591 -35.353346 0.314961,
60.025591 -35.146654 0.314961, 60.018098 -35.108988 0.314961,
59.996763 -35.077056 0.314961, 59.964831 -35.05572 0.314961,
59.927165 -35.048228 0.314961, 59.572835 -35.048228 0.314961,
59.535169 -35.05572 0.314961, 59.503237 -35.077056 0.314961,
59.481902 -35.108988 0.314961, 59.474409 -35.146654 0.314961,
59.474409 -35.151575 0.314961, 58.608937 -35.151575 0.314961,
58.608937 -35.146654 0.314961, 58.601445 -35.108988 0.314961,
58.580109 -35.077056 0.314961, 58.548178 -35.05572 0.314961,
58.510512 -35.048228 0.314961, 56.178099 -33.656297 0.314961,
56.156297 -33.678099 0.314961, 56.14088 -33.704801 0.314961,
56.1329 -33.734583 0.314961, 56.1329 -33.765417 0.314961,
56.14088 -33.795199 0.314961, 56.156297 -33.821901 0.314961,
56.178099 -33.843703 0.314961, 56.204801 -33.85912 0.314961,
56.21063 -33.860681 0.314961, 56.21063 -34.49487 0.314961,
56.20583 -34.492882 0.314961, 56.19815 -34.492126 0.314961,
55.775591 -34.492126 0.314961, 55.775591 -34.42815 0.314961,
55.768098 -34.390484 0.314961, 55.746763 -34.358552 0.314961,
55.714831 -34.337217 0.314961, 55.677165 -34.329724 0.314961,
55.353906 -34.329724 0.314961, 55.334178 -34.309996 0.314961,
55.328211 -34.3051 0.314961, 55.314019 -34.299221 0.314961,
55.306339 -34.298465 0.314961, 53.664134 -34.298465 0.314961,
53.656453 -34.299221 0.314961, 53.648712 -34.302428 0.314961,
53.642261 -34.3051 0.314961, 53.636295 -34.309996 0.314961,
53.43317 -34.51312 0.314961, 53.419991 -34.493395 0.314961,
53.388059 -34.472059 0.314961, 53.350394 -34.464567 0.314961,
53.153543 -34.464567 0.314961, 53.115878 -34.472059 0.314961,
53.083946 -34.493395 0.314961, 53.06261 -34.525326 0.314961,
53.055118 -34.562992 0.314961, 53.055118 -34.937008 0.314961,
53.06261 -34.974674 0.314961, 53.083946 -35.006605 0.314961,
53.115878 -35.027941 0.314961, 53.153543 -35.035433 0.314961,
53.350394 -35.035433 0.314961, 53.388059 -35.027941 0.314961,
53.419991 -35.006605 0.314961, 53.441327 -34.974674 0.314961,
53.448819 -34.937008 0.314961, 53.448819 -34.608828 0.314961,
53.680442 -34.377205 0.314961, 55.240774 -34.377205 0.314961,
55.231902 -34.390484 0.314961, 55.224409 -34.42815 0.314961,
55.224409 -34.634843 0.314961, 55.231902 -34.672508 0.314961,
55.253237 -34.70444 0.314961, 55.285169 -34.725776 0.314961,
55.322835 -34.733268 0.314961, 55.677165 -34.733268 0.314961,
55.714831 -34.725776 0.314961, 55.746763 -34.70444 0.314961,
55.768098 -34.672508 0.314961, 55.775591 -34.634843 0.314961,
55.775591 -34.570866 0.314961, 56.181842 -34.570866 0.314961,
56.222161 -34.611185 0.314961, 56.680765 -35.06979 0.314961,
56.669891 -35.077056 0.314961, 56.648555 -35.108988 0.314961,
56.641063 -35.146654 0.314961, 56.641063 -35.353346 0.314961,
56.648555 -35.391012 0.314961, 56.669891 -35.422944 0.314961,
56.701822 -35.44428 0.314961, 56.739488 -35.451772 0.314961,
57.093819 -35.451772 0.314961, 57.131485 -35.44428 0.314961,
57.163416 -35.422944 0.314961, 57.184752 -35.391012 0.314961,
57.192244 -35.353346 0.314961, 57.192244 -35.146654 0.314961,
57.184752 -35.108988 0.314961, 57.163416 -35.077056 0.314961,
57.131485 -35.05572 0.314961, 57.093819 -35.048228 0.314961,
56.77056 -35.048228 0.314961, 56.28937 -34.567039 0.314961,
56.28937 -33.860681 0.314961, 56.295199 -33.85912 0.314961,
56.321901 -33.843703 0.314961, 56.343703 -33.821901 0.314961,
56.35912 -33.795199 0.314961, 56.3671 -33.765417 0.314961,
56.3671 -33.734583 0.314961, 56.35912 -33.704801 0.314961,
56.343703 -33.678099 0.314961, 56.321901 -33.656297 0.314961,
56.295199 -33.64088 0.314961, 56.265417 -33.6329 0.314961,
56.234583 -33.6329 0.314961, 56.204801 -33.64088 0.314961,
56.190945 -33.75 0.314961, 56.192426 -33.736859 0.314961,
56.196793 -33.724377 0.314961, 56.203829 -33.71318 0.314961,
56.21318 -33.703829 0.314961, 56.224377 -33.696793 0.314961,
56.236859 -33.692426 0.314961, 56.25 -33.690945 0.314961,
56.263141 -33.692426 0.314961, 56.275623 -33.696793 0.314961,
56.28682 -33.703829 0.314961, 56.296171 -33.71318 0.314961,
56.303207 -33.724377 0.314961, 56.307574 -33.736859 0.314961,
56.309055 -33.75 0.314961, 56.307574 -33.763141 0.314961,
56.303207 -33.775623 0.314961, 56.296171 -33.78682 0.314961,
56.28682 -33.796171 0.314961, 56.275623 -33.803207 0.314961,
56.263141 -33.807574 0.314961, 56.25 -33.809055 0.314961,
56.236859 -33.807574 0.314961, 56.224377 -33.803207 0.314961,
56.21318 -33.796171 0.314961, 56.203829 -33.78682 0.314961,
56.196793 -33.775623 0.314961, 56.192426 -33.763141 0.314961,
54.098425 -35.232283 0.314961, 54.098425 -35.035433 0.314961,
54.136091 -35.027941 0.314961, 54.168022 -35.006605 0.314961,
54.181202 -34.98688 0.314961, 54.323669 -35.129346 0.314961,
54.282813 -35.170203 0.314961, 54.224065 -35.206439 0.314961,
54.224063 -35.20644 0.314961, 54.158542 -35.228152 0.314961,
54.118105 -35.232283 0.314961, 54.118099 -35.232283 0.314961,
62.731485 -40.05488 0.314961, 62.709683 -40.076682 0.314961,
62.694266 -40.103384 0.314961, 62.692704 -40.109213 0.314961,
62.61252 -40.109213 0.314961, 62.604839 -40.109969 0.314961,
62.590647 -40.115847 0.314961, 62.584681 -40.120744 0.314961,
62.233303 -40.472122 0.314961, 62.228407 -40.478088 0.314961,
62.222528 -40.49228 0.314961, 62.221772 -40.499961 0.314961,
62.221772 -40.75 0.314961, 62.222528 -40.757681 0.314961,
62.228407 -40.771873 0.314961, 62.239269 -40.782735 0.314961,
62.253461 -40.788614 0.314961, 62.261142 -40.78937 0.314961,
62.379921 -40.78937 0.314961, 62.379921 -40.94685 0.314961,
63.620079 -40.94685 0.314961, 63.620079 -40.55315 0.314961,
62.379921 -40.55315 0.314961, 62.379921 -40.71063 0.314961,
62.300512 -40.71063 0.314961, 62.300512 -40.516268 0.314961,
62.628827 -40.187953 0.314961, 62.692704 -40.187953 0.314961,
62.694266 -40.193781 0.314961, 62.709683 -40.220483 0.314961,
62.731485 -40.242286 0.314961, 62.758187 -40.257702 0.314961,
62.787969 -40.265682 0.314961, 62.818802 -40.265682 0.314961,
62.848585 -40.257702 0.314961, 62.875287 -40.242286 0.314961,
62.897089 -40.220483 0.314961, 62.912506 -40.193781 0.314961,
62.920485 -40.163999 0.314961, 62.920485 -40.133166 0.314961,
62.912506 -40.103384 0.314961, 62.897089 -40.076682 0.314961,
62.875287 -40.05488 0.314961, 62.848585 -40.039463 0.314961,
62.818802 -40.031483 0.314961, 62.787969 -40.031483 0.314961,
62.758187 -40.039463 0.314961, 62.744331 -40.148583 0.314961,
62.745811 -40.135442 0.314961, 62.750179 -40.12296 0.314961,
62.757215 -40.111762 0.314961, 62.766566 -40.102412 0.314961,
62.777763 -40.095376 0.314961, 62.790245 -40.091008 0.314961,
62.803386 -40.089528 0.314961, 62.816527 -40.091008 0.314961,
62.829009 -40.095376 0.314961, 62.840206 -40.102412 0.314961,
62.849557 -40.111762 0.314961, 62.856593 -40.12296 0.314961,
62.86096 -40.135442 0.314961, 62.862441 -40.148583 0.314961,
62.86096 -40.161724 0.314961, 62.856593 -40.174206 0.314961,
62.849557 -40.185403 0.314961, 62.840206 -40.194754 0.314961,
62.829009 -40.20179 0.314961, 62.816527 -40.206157 0.314961,
62.803386 -40.207638 0.314961, 62.790245 -40.206157 0.314961,
62.777763 -40.20179 0.314961, 62.766566 -40.194754 0.314961,
62.757215 -40.185403 0.314961, 62.750179 -40.174206 0.314961,
62.745811 -40.161724 0.314961, 62.517717 -38.098425 0.314961,
62.517717 -38.165118 0.314961, 62.344811 -38.165118 0.314961,
62.320866 -38.141172 0.314961, 62.320866 -38.098425 0.314961,
62.456612 -34.403543 0.314961, 62.245126 -34.403543 0.314961,
62.24353 -34.401155 0.314961, 62.224371 -34.388354 0.314961,
62.201772 -34.383858 0.314961, 62.098425 -34.383858 0.314961,
62.098425 -34.187008 0.314961, 62.227618 -34.187008 0.314961,
62.242122 -34.188149 0.314961, 62.242124 -34.18815 0.314961,
62.30421 -34.206187 0.314961, 62.304211 -34.206188 0.314961,
62.359863 -34.2391 0.314961, 62.359867 -34.239103 0.314961,
62.405582 -34.284818 0.314961, 62.405585 -34.284822 0.314961,
62.438496 -34.340473 0.314961, 62.456535 -34.402564 0.314961,
62.456612 -34.403543 0.314961, 62.456612 -34.600394 0.314961,
62.456612 -34.600394 0.314961, 62.456535 -34.601372 0.314961,
62.438496 -34.663464 0.314961, 62.405585 -34.719115 0.314961,
62.405582 -34.719119 0.314961, 62.359867 -34.764834 0.314961,
62.359863 -34.764837 0.314961, 62.3339 -34.780191 0.314961,
62.173788 -34.620079 0.314961, 62.201772 -34.620079 0.314961,
62.224371 -34.615583 0.314961, 62.24353 -34.602782 0.314961,
62.245126 -34.600394 0.314961, 61.054753 -37.173895 0.314961,
61.03295 -37.195698 0.314961, 61.017534 -37.2224 0.314961,
61.009554 -37.252182 0.314961, 61.009554 -37.283015 0.314961,
61.017534 -37.312797 0.314961, 61.03295 -37.339499 0.314961,
61.054753 -37.361302 0.314961, 61.081455 -37.376718 0.314961,
61.111237 -37.384698 0.314961, 61.126181 -37.384698 0.314961,
61.126181 -37.484275 0.314961, 61.126945 -37.49288 0.314961,
61.139226 -37.517494 0.314961, 61.162864 -37.531562 0.314961,
61.190356 -37.530616 0.314961, 61.2174 -37.521654 0.314961,
61.217403 -37.521654 0.314961, 61.257866 -37.51752 0.314961,
61.257873 -37.51752 0.314961, 61.494096 -37.51752 0.314961,
61.494098 -37.51752 0.314961, 61.494099 -37.51752 0.314961,
61.494106 -37.51752 0.314961, 61.498261 -37.517944 0.314961,
61.513598 -37.517081 0.314961, 61.537741 -37.503898 0.314961,
61.834088 -37.207552 0.314961, 61.836463 -37.205001 0.314961,
61.840093 -37.197053 0.314961, 61.845322 -37.190056 0.314961,
61.845695 -37.184785 0.314961, 61.84789 -37.179979 0.314961,
61.846646 -37.171331 0.314961, 61.847263 -37.162616 0.314961,
61.844727 -37.157981 0.314961, 61.843975 -37.152752 0.314961,
61.838254 -37.146149 0.314961, 61.834061 -37.138484 0.314961,
61.829421 -37.135955 0.314961, 61.825961 -37.131963 0.314961,
61.817579 -37.129501 0.314961, 61.809907 -37.12532 0.314961,
61.804797 -37.124213 0.314961, 61.797165 -37.124213 0.314961,
61.751425 -37.118191 0.314961, 61.723356 -37.106564 0.314961,
61.719067 -37.105635 0.314961, 61.708728 -37.104527 0.314961,
61.290754 -37.104527 0.314961, 61.272073 -37.108244 0.314961,
61.248524 -37.117998 0.314961, 61.24852 -37.118 0.314961,
61.22441 -37.121173 0.314961, 61.224409 -37.121173 0.314961,
61.224409 -37.119116 0.314961, 61.221332 -37.102057 0.314961,
61.204848 -37.080036 0.314961, 61.204258 -37.079594 0.314961,
61.189961 -37.073671 0.314961, 61.189961 -36.926676 0.314961,
61.201625 -36.924356 0.314961, 61.213599 -36.916355 0.314961,
61.2216 -36.904381 0.314961, 61.224409 -36.890256 0.314961,
61.224409 -36.806594 0.314961, 61.2216 -36.79247 0.314961,
61.213599 -36.780496 0.314961, 61.201625 -36.772494 0.314961,
61.189961 -36.770174 0.314961, 61.189961 -36.67077 0.314961,
61.201625 -36.66845 0.314961, 61.213599 -36.660449 0.314961,
61.2216 -36.648475 0.314961, 61.224409 -36.63435 0.314961,
61.224409 -36.550689 0.314961, 61.2216 -36.536564 0.314961,
61.213599 -36.52459 0.314961, 61.201625 -36.516589 0.314961,
61.1875 -36.51378 0.314961, 61.113681 -36.51378 0.314961,
61.099556 -36.516589 0.314961, 61.087582 -36.52459 0.314961,
61.079581 -36.536564 0.314961, 61.076772 -36.550689 0.314961,
61.076772 -36.63435 0.314961, 61.079581 -36.648475 0.314961,
61.087582 -36.660449 0.314961, 61.099556 -36.66845 0.314961,
61.11122 -36.67077 0.314961, 61.11122 -36.770174 0.314961,
61.099556 -36.772494 0.314961, 61.087582 -36.780496 0.314961,
61.079581 -36.79247 0.314961, 61.076772 -36.806594 0.314961,
61.076772 -36.890256 0.314961, 61.079581 -36.904381 0.314961,
61.087582 -36.916355 0.314961, 61.099556 -36.924356 0.314961,
61.11122 -36.926676 0.314961, 61.11122 -37.150503 0.314961,
61.081455 -37.158479 0.314961, 61.067598 -37.267598 0.314961,
61.069079 -37.254457 0.314961, 61.073447 -37.241975 0.314961,
61.080482 -37.230778 0.314961, 61.089833 -37.221427 0.314961,
61.10103 -37.214392 0.314961, 61.113513 -37.210024 0.314961,
61.126654 -37.208543 0.314961, 61.139795 -37.210024 0.314961,
61.152277 -37.214392 0.314961, 61.163474 -37.221427 0.314961,
61.172825 -37.230778 0.314961, 61.17986 -37.241975 0.314961,
61.184228 -37.254457 0.314961, 61.185709 -37.267598 0.314961,
61.184228 -37.280739 0.314961, 61.17986 -37.293221 0.314961,
61.172825 -37.304419 0.314961, 61.163474 -37.31377 0.314961,
61.152277 -37.320805 0.314961, 61.139795 -37.325173 0.314961,
61.126654 -37.326654 0.314961, 61.113513 -37.325173 0.314961,
61.10103 -37.320805 0.314961, 61.089833 -37.31377 0.314961,
61.080482 -37.304419 0.314961, 61.073447 -37.293221 0.314961,
61.069079 -37.280739 0.314961, 61.923228 -36.806594 0.314961,
61.920419 -36.79247 0.314961, 61.912418 -36.780496 0.314961,
61.900444 -36.772494 0.314961, 61.886319 -36.769685 0.314961,
61.8125 -36.769685 0.314961, 61.798375 -36.772494 0.314961,
61.786401 -36.780496 0.314961, 61.7784 -36.79247 0.314961,
61.775591 -36.806594 0.314961, 61.775591 -36.890256 0.314961,
61.7784 -36.904381 0.314961, 61.786401 -36.916355 0.314961,
61.798375 -36.924356 0.314961, 61.8125 -36.927165 0.314961,
61.886319 -36.927165 0.314961, 61.900444 -36.924356 0.314961,
61.912418 -36.916355 0.314961, 61.920419 -36.904381 0.314961,
61.923228 -36.890256 0.314961, 61.69685 -36.277559 0.314961,
61.30315 -36.277559 0.314961, 61.30315 -36.90748 0.314961,
61.69685 -36.90748 0.314961, 60.626365 -34.452175 0.314961,
60.624031 -34.449482 0.314961, 60.61405 -34.446551 0.314961,
60.604585 -34.442229 0.314961, 60.601057 -34.442736 0.314961,
60.597638 -34.441732 0.314961, 60.336062 -34.441732 0.314961,
60.332579 -34.441857 0.314961, 60.306806 -34.45147 0.314961,
60.290321 -34.473491 0.314961, 60.288359 -34.500928 0.314961,
60.301542 -34.525071 0.314961, 60.450612 -34.674141 0.314961,
60.45714 -34.698506 0.314961, 60.472557 -34.725208 0.314961,
60.494359 -34.74701 0.314961, 60.521061 -34.762427 0.314961,
60.545425 -34.768955 0.314961, 60.568095 -34.791625 0.314961,
60.582462 -34.80157 0.314961, 60.609701 -34.805407 0.314961,
60.63469 -34.793908 0.314961, 60.641118 -34.783843 0.314961,
60.761098 -34.903823 0.314961, 60.767064 -34.908719 0.314961,
60.77122 -34.910441 0.314961, 60.781256 -34.914598 0.314961,
60.788937 -34.915354 0.314961, 60.843504 -34.915354 0.314961,
60.843504 -34.935039 0.314961, 60.847999 -34.957639 0.314961,
60.860801 -34.976798 0.314961, 60.879959 -34.989599 0.314961,
60.902559 -34.994094 0.314961, 61.306102 -34.994094 0.314961,
61.328702 -34.989599 0.314961, 61.347861 -34.976798 0.314961,
61.360662 -34.957639 0.314961, 61.365157 -34.935039 0.314961,
61.365157 -34.816929 0.314961, 61.360662 -34.79433 0.314961,
61.347861 -34.775171 0.314961, 61.328702 -34.762369 0.314961,
61.306102 -34.757874 0.314961, 60.902559 -34.757874 0.314961,
60.879959 -34.762369 0.314961, 60.860801 -34.775171 0.314961,
60.847999 -34.79433 0.314961, 60.843504 -34.816929 0.314961,
60.843504 -34.836614 0.314961, 60.805245 -34.836614 0.314961,
60.672362 -34.703731 0.314961, 60.67538 -34.698506 0.314961,
60.683359 -34.668724 0.314961, 60.683359 -34.637891 0.314961,
60.67538 -34.608108 0.314961, 60.659963 -34.581406 0.314961,
60.646457 -34.5679 0.314961, 60.646457 -34.490551 0.314961,
60.644479 -34.476797 0.314961, 60.642945 -34.474411 0.314961,
60.642045 -34.470271 0.314961, 60.635233 -34.46241 0.314961,
60.629607 -34.453656 0.314961, 60.625315 -34.653307 0.314961,
60.623834 -34.666448 0.314961, 60.619467 -34.67893 0.314961,
60.612431 -34.690127 0.314961, 60.60308 -34.699478 0.314961,
60.591883 -34.706514 0.314961, 60.579401 -34.710882 0.314961,
60.56626 -34.712362 0.314961, 60.553119 -34.710882 0.314961,
60.540637 -34.706514 0.314961, 60.52944 -34.699478 0.314961,
60.520089 -34.690127 0.314961, 60.513053 -34.67893 0.314961,
60.508685 -34.666448 0.314961, 60.507205 -34.653307 0.314961,
60.508685 -34.640166 0.314961, 60.513053 -34.627684 0.314961,
60.520089 -34.616487 0.314961, 60.52944 -34.607136 0.314961,
60.540637 -34.6001 0.314961, 60.553119 -34.595733 0.314961,
60.56626 -34.594252 0.314961, 60.579401 -34.595733 0.314961,
60.591883 -34.6001 0.314961, 60.60308 -34.607136 0.314961,
60.612431 -34.616487 0.314961, 60.619467 -34.627684 0.314961,
60.623834 -34.640166 0.314961, 61.144913 -36.010233 0.314961,
61.14371 -36.007329 0.314961, 61.139035 -35.996041 0.314961,
61.134138 -35.990075 0.314961, 59.982485 -34.838421 0.314961,
59.976519 -34.833525 0.314961, 59.962326 -34.827646 0.314961,
59.954646 -34.82689 0.314961, 58.684418 -34.82689 0.314961,
58.569234 -34.711706 0.314961, 58.580109 -34.70444 0.314961,
58.601445 -34.672508 0.314961, 58.608937 -34.634843 0.314961,
58.608937 -34.42815 0.314961, 58.601445 -34.390484 0.314961,
58.580109 -34.358552 0.314961, 58.569234 -34.351286 0.314961,
58.675835 -34.244685 0.314961, 60.791369 -34.244685 0.314961,
60.930543 -34.383858 0.314961, 60.902559 -34.383858 0.314961,
60.879959 -34.388354 0.314961, 60.860801 -34.401155 0.314961,
60.847999 -34.420314 0.314961, 60.843504 -34.442913 0.314961,
60.843504 -34.561024 0.314961, 60.847999 -34.583623 0.314961,
60.860801 -34.602782 0.314961, 60.879959 -34.615583 0.314961,
60.902559 -34.620079 0.314961, 61.306102 -34.620079 0.314961,
61.328702 -34.615583 0.314961, 61.347861 -34.602782 0.314961,
61.360662 -34.583623 0.314961, 61.365157 -34.561024 0.314961,
61.365157 -34.442913 0.314961, 61.360662 -34.420314 0.314961,
61.347861 -34.401155 0.314961, 61.328702 -34.388354 0.314961,
61.306102 -34.383858 0.314961, 61.041898 -34.383858 0.314961,
60.835516 -34.177476 0.314961, 60.82955 -34.17258 0.314961,
60.815358 -34.166701 0.314961, 60.807677 -34.165945 0.314961,
58.659528 -34.165945 0.314961, 58.651847 -34.166701 0.314961,
58.637655 -34.17258 0.314961, 58.631689 -34.177476 0.314961,
58.47944 -34.329724 0.314961, 58.156181 -34.329724 0.314961,
58.118515 -34.337217 0.314961, 58.086584 -34.358552 0.314961,
58.065248 -34.390484 0.314961, 58.057756 -34.42815 0.314961,
58.057756 -34.634843 0.314961, 58.065248 -34.672508 0.314961,
58.086584 -34.70444 0.314961, 58.118515 -34.725776 0.314961,
58.156181 -34.733268 0.314961, 58.47944 -34.733268 0.314961,
58.640271 -34.894099 0.314961, 58.646237 -34.898995 0.314961,
58.66043 -34.904874 0.314961, 58.66811 -34.90563 0.314961,
59.938338 -34.90563 0.314961, 61.066929 -36.034221 0.314961,
61.066929 -36.320306 0.314961, 60.861925 -36.525311 0.314961,
60.857029 -36.531277 0.314961, 60.85115 -36.545469 0.314961,
60.850394 -36.55315 0.314961, 60.850394 -38.363819 0.314961,
60.85115 -38.3715 0.314961, 60.857029 -38.385692 0.314961,
60.861925 -38.391658 0.314961, 62.221936 -39.751669 0.314961,
62.222528 -39.757681 0.314961, 62.228407 -39.771873 0.314961,
62.239269 -39.782735 0.314961, 62.253461 -39.788614 0.314961,
62.261142 -39.78937 0.314961, 62.379921 -39.78937 0.314961,
62.379921 -39.94685 0.314961, 63.620079 -39.94685 0.314961,
63.620079 -39.55315 0.314961, 62.379921 -39.55315 0.314961,
62.379921 -39.71063 0.314961, 62.291666 -39.71063 0.314961,
62.288981 -39.707358 0.314961, 60.929134 -38.347511 0.314961,
60.929134 -36.569457 0.314961, 61.091457 -36.407133 0.314961,
61.099556 -36.412545 0.314961, 61.113681 -36.415354 0.314961,
61.1875 -36.415354 0.314961, 61.201625 -36.412545 0.314961,
61.213599 -36.404544 0.314961, 61.2216 -36.39257 0.314961,
61.224409 -36.378445 0.314961, 61.224409 -36.294783 0.314961,
61.2216 -36.280659 0.314961, 61.213599 -36.268685 0.314961,
61.201625 -36.260683 0.314961, 61.1875 -36.257874 0.314961,
61.145669 -36.257874 0.314961, 61.145669 -36.017913 0.314961,
61.604537 -35.694528 0.314961, 61.278119 -35.36811 0.314961,
61.306102 -35.36811 0.314961, 61.328702 -35.363615 0.314961,
61.347861 -35.350813 0.314961, 61.360662 -35.331655 0.314961,
61.365157 -35.309055 0.314961, 61.365157 -35.190945 0.314961,
61.360662 -35.168345 0.314961, 61.347861 -35.149187 0.314961,
61.328702 -35.136385 0.314961, 61.306102 -35.13189 0.314961,
60.902559 -35.13189 0.314961, 60.879959 -35.136385 0.314961,
60.860801 -35.149187 0.314961, 60.847999 -35.168345 0.314961,
60.843504 -35.190945 0.314961, 60.843504 -35.21063 0.314961,
60.708434 -35.21063 0.314961, 60.025591 -34.527787 0.314961,
60.025591 -34.42815 0.314961, 60.018098 -34.390484 0.314961,
59.996763 -34.358552 0.314961, 59.964831 -34.337217 0.314961,
59.927165 -34.329724 0.314961, 59.572835 -34.329724 0.314961,
59.535169 -34.337217 0.314961, 59.503237 -34.358552 0.314961,
59.481902 -34.390484 0.314961, 59.474409 -34.42815 0.314961,
59.474409 -34.634843 0.314961, 59.481902 -34.672508 0.314961,
59.503237 -34.70444 0.314961, 59.535169 -34.725776 0.314961,
59.572835 -34.733268 0.314961, 59.927165 -34.733268 0.314961,
59.964831 -34.725776 0.314961, 59.996763 -34.70444 0.314961,
60.018098 -34.672508 0.314961, 60.024877 -34.638429 0.314961,
60.664287 -35.277839 0.314961, 60.670253 -35.282735 0.314961,
60.684445 -35.288614 0.314961, 60.692126 -35.28937 0.314961,
60.843504 -35.28937 0.314961, 60.843504 -35.309055 0.314961,
60.847999 -35.331655 0.314961, 60.860801 -35.350813 0.314961,
60.879959 -35.363615 0.314961, 60.902559 -35.36811 0.314961,
61.166763 -35.36811 0.314961, 61.556586 -35.757933 0.314961,
61.551365 -35.777418 0.314961, 61.551365 -35.808251 0.314961,
61.559345 -35.838033 0.314961, 61.574761 -35.864735 0.314961,
61.596564 -35.886538 0.314961, 61.623266 -35.901954 0.314961,
61.653048 -35.909934 0.314961, 61.683881 -35.909934 0.314961,
61.703366 -35.904713 0.314961, 61.810039 -36.011386 0.314961,
61.810039 -36.258363 0.314961, 61.798375 -36.260683 0.314961,
61.786401 -36.268685 0.314961, 61.7784 -36.280659 0.314961,
61.775591 -36.294783 0.314961, 61.775591 -36.378445 0.314961,
61.7784 -36.39257 0.314961, 61.786401 -36.404544 0.314961,
61.798375 -36.412545 0.314961, 61.8125 -36.415354 0.314961,
61.886319 -36.415354 0.314961, 61.900444 -36.412545 0.314961,
61.912418 -36.404544 0.314961, 61.920419 -36.39257 0.314961,
61.923228 -36.378445 0.314961, 61.923228 -36.294783 0.314961,
61.920419 -36.280659 0.314961, 61.912418 -36.268685 0.314961,
61.900444 -36.260683 0.314961, 61.88878 -36.258363 0.314961,
61.88878 -35.995079 0.314961, 61.888023 -35.987398 0.314961,
61.887104 -35.985178 0.314961, 61.882145 -35.973206 0.314961,
61.877248 -35.96724 0.314961, 61.766771 -35.856762 0.314961,
61.777584 -35.838033 0.314961, 61.785564 -35.808251 0.314961,
61.785564 -35.777418 0.314961, 61.777584 -35.747636 0.314961,
61.762168 -35.720934 0.314961, 61.740365 -35.699131 0.314961,
61.713663 -35.683715 0.314961, 61.683881 -35.675735 0.314961,
61.653048 -35.675735 0.314961, 61.623266 -35.683715 0.314961,
61.609409 -35.792835 0.314961, 61.61089 -35.779694 0.314961,
61.615258 -35.767212 0.314961, 61.622293 -35.756014 0.314961,
61.631644 -35.746663 0.314961, 61.642842 -35.739628 0.314961,
61.655324 -35.73526 0.314961, 61.668465 -35.73378 0.314961,
61.681606 -35.73526 0.314961, 61.694088 -35.739628 0.314961,
61.705285 -35.746663 0.314961, 61.714636 -35.756014 0.314961,
61.721671 -35.767212 0.314961, 61.726039 -35.779694 0.314961,
61.72752 -35.792835 0.314961, 61.726039 -35.805976 0.314961,
61.721671 -35.818458 0.314961, 61.714636 -35.829655 0.314961,
61.705285 -35.839006 0.314961, 61.694088 -35.846041 0.314961,
61.681606 -35.850409 0.314961, 61.668465 -35.85189 0.314961,
61.655324 -35.850409 0.314961, 61.642842 -35.846041 0.314961,
61.631644 -35.839006 0.314961, 61.622293 -35.829655 0.314961,
61.615258 -35.818458 0.314961, 61.61089 -35.805976 0.314961,
55.572835 -39.651575 0.314961, 55.375984 -39.651575 0.314961,
55.375984 -39.55315 0.314961, 54.854331 -39.55315 0.314961,
54.854331 -39.356299 0.314961, 55.39482 -39.356299 0.314961,
55.418257 -39.358819 0.314961, 55.418259 -39.35882 0.314961,
55.471294 -39.3786 0.314961, 55.471296 -39.378602 0.314961,
55.516609 -39.412523 0.314961, 55.51661 -39.412524 0.314961,
55.550531 -39.457837 0.314961, 55.550533 -39.45784 0.314961,
55.570313 -39.510874 0.314961, 55.570314 -39.510877 0.314961,
55.572834 -39.534313 0.314961, 55.572835 -39.53432 0.314961,
55.572835 -39.848425 0.314961, 55.572835 -39.96568 0.314961,
55.572834 -39.965687 0.314961, 55.570314 -39.989123 0.314961,
55.570313 -39.989126 0.314961, 55.550533 -40.04216 0.314961,
55.550531 -40.042163 0.314961, 55.51661 -40.087475 0.314961,
55.516609 -40.087476 0.314961, 55.471296 -40.121398 0.314961,
55.471294 -40.121399 0.314961, 55.418259 -40.14118 0.314961,
55.418257 -40.14118 0.314961, 55.39482 -40.1437 0.314961,
55.394814 -40.143701 0.314961, 54.854331 -40.143701 0.314961,
54.854331 -39.94685 0.314961, 55.375984 -39.94685 0.314961,
55.375984 -39.848425 0.314961, 53.938976 -39.965687 0.314961,
53.938976 -39.848425 0.314961, 54.135827 -39.848425 0.314961,
54.135827 -39.94685 0.314961, 54.65748 -39.94685 0.314961,
54.65748 -40.143701 0.314961, 54.116997 -40.143701 0.314961,
54.11699 -40.1437 0.314961, 54.093554 -40.14118 0.314961,
54.093551 -40.14118 0.314961, 54.040517 -40.121399 0.314961,
54.040514 -40.121398 0.314961, 53.995202 -40.087476 0.314961,
53.9952 -40.087475 0.314961, 53.961279 -40.042163 0.314961,
53.961278 -40.04216 0.314961, 53.941497 -39.989126 0.314961,
53.941496 -39.989123 0.314961, 52.901406 -40.156297 0.314961,
52.879604 -40.178099 0.314961, 52.864187 -40.204801 0.314961,
52.856207 -40.234583 0.314961, 52.856207 -40.265417 0.314961,
52.864187 -40.295199 0.314961, 52.879604 -40.321901 0.314961,
52.901406 -40.343703 0.314961, 52.928108 -40.35912 0.314961,
52.957891 -40.3671 0.314961, 52.988724 -40.3671 0.314961,
53.018506 -40.35912 0.314961, 53.023731 -40.356102 0.314961,
53.129838 -40.462209 0.314961, 53.135804 -40.467105 0.314961,
53.139961 -40.468827 0.314961, 53.149996 -40.472984 0.314961,
53.157677 -40.47374 0.314961, 53.450818 -40.47374 0.314961,
53.467205 -40.490127 0.314961, 53.467205 -40.71063 0.314961,
53.387795 -40.71063 0.314961, 53.387795 -40.55315 0.314961,
52.147638 -40.55315 0.314961, 52.147638 -40.94685 0.314961,
53.387795 -40.94685 0.314961, 53.387795 -40.78937 0.314961,
53.506575 -40.78937 0.314961, 53.514256 -40.788614 0.314961,
53.528448 -40.782735 0.314961, 53.53931 -40.771873 0.314961,
53.545189 -40.757681 0.314961, 53.545945 -40.75 0.314961,
53.545945 -40.473819 0.314961, 53.545189 -40.466138 0.314961,
53.539435 -40.452249 0.314961, 53.53931 -40.451946 0.314961,
53.534414 -40.44598 0.314961, 53.494965 -40.406531 0.314961,
53.488999 -40.401635 0.314961, 53.474807 -40.395756 0.314961,
53.467126 -40.395 0.314961, 53.173985 -40.395 0.314961,
53.079409 -40.300424 0.314961, 53.082427 -40.295199 0.314961,
53.090407 -40.265417 0.314961, 53.090407 -40.234583 0.314961,
53.082427 -40.204801 0.314961, 53.06701 -40.178099 0.314961,
53.045208 -40.156297 0.314961, 53.018506 -40.14088 0.314961,
52.988724 -40.1329 0.314961, 52.957891 -40.1329 0.314961,
52.928108 -40.14088 0.314961, 52.914252 -40.25 0.314961,
52.915733 -40.236859 0.314961, 52.9201 -40.224377 0.314961,
52.927136 -40.21318 0.314961, 52.936487 -40.203829 0.314961,
52.947684 -40.196793 0.314961, 52.960166 -40.192426 0.314961,
52.973307 -40.190945 0.314961, 52.986448 -40.192426 0.314961,
52.99893 -40.196793 0.314961, 53.010127 -40.203829 0.314961,
53.019478 -40.21318 0.314961, 53.026514 -40.224377 0.314961,
53.030882 -40.236859 0.314961, 53.032362 -40.25 0.314961,
53.030882 -40.263141 0.314961, 53.026514 -40.275623 0.314961,
53.019478 -40.28682 0.314961, 53.010127 -40.296171 0.314961,
52.99893 -40.303207 0.314961, 52.986448 -40.307574 0.314961,
52.973307 -40.309055 0.314961, 52.960166 -40.307574 0.314961,
52.947684 -40.303207 0.314961, 52.936487 -40.296171 0.314961,
52.927136 -40.28682 0.314961, 52.9201 -40.275623 0.314961,
52.915733 -40.263141 0.314961, 54.393701 -37.181772 0.314961,
54.393701 -37.290029 0.314961, 54.3937 -37.290034 0.314961,
54.389569 -37.330469 0.314961, 54.389569 -37.330471 0.314961,
54.367857 -37.395992 0.314961, 54.367857 -37.395994 0.314961,
54.33162 -37.454742 0.314961, 54.282813 -37.503549 0.314961,
54.224065 -37.539786 0.314961, 54.224063 -37.539787 0.314961,
54.158542 -37.561498 0.314961, 54.118105 -37.565629 0.314961,
54.118099 -37.56563 0.314961, 54.098425 -37.56563 0.314961,
54.098425 -37.36878 0.314961, 54.136091 -37.361287 0.314961,
54.168022 -37.339952 0.314961, 54.189358 -37.30802 0.314961,
54.19685 -37.270354 0.314961, 54.19685 -37.181772 0.314961,
52.8563 -38.058146 0.314961, 52.8563 -38.043312 0.314961,
52.860431 -38.002878 0.314961, 52.860431 -38.002875 0.314961,
52.882143 -37.937354 0.314961, 52.882143 -37.937352 0.314961,
52.91838 -37.878604 0.314961, 52.967187 -37.829797 0.314961,
53.025935 -37.79356 0.314961, 53.025937 -37.793559 0.314961,
53.091458 -37.771848 0.314961, 53.131894 -37.767717 0.314961,
53.131902 -37.767717 0.314961, 53.151575 -37.767716 0.314961,
53.151575 -37.767717 0.314961, 53.151575 -37.964567 0.314961,
53.113909 -37.972059 0.314961, 53.081978 -37.993395 0.314961,
53.060642 -38.025326 0.314961, 53.05315 -38.062992 0.314961,
53.05315 -38.122441 0.314961, 52.912335 -38.122441 0.314961,
52.910773 -38.116612 0.314961, 52.895357 -38.08991 0.314961,
52.873554 -38.068108 0.314961, 52.701078 -32.981395 0.314961,
52.701076 -32.981392 0.314961, 52.64294 -32.905627 0.314961,
52.642939 -32.905627 0.314961, 52.642939 -32.905626 0.314961,
52.595187 -32.822918 0.314961, 52.590664 -32.811997 0.314961,
52.558641 -32.734687 0.314961, 52.533922 -32.642435 0.314961,
52.521457 -32.547751 0.314961, 52.521457 -32.452248 0.314961,
52.533922 -32.357565 0.314961, 52.558641 -32.265313 0.314961,
52.595186 -32.177084 0.314961, 52.595188 -32.177081 0.314961,
52.64294 -32.094372 0.314961, 52.701076 -32.018607 0.314961,
52.701078 -32.018605 0.314961, 52.768605 -31.951078 0.314961,
52.768607 -31.951076 0.314961, 52.844372 -31.89294 0.314961,
52.927081 -31.845188 0.314961, 52.927084 -31.845186 0.314961,
53.015313 -31.808641 0.314961, 53.107565 -31.783922 0.314961,
53.202248 -31.771457 0.314961, 53.202249 -31.771457 0.314961,
53.297751 -31.771457 0.314961, 53.297752 -31.771457 0.314961,
53.392435 -31.783922 0.314961, 53.484687 -31.808641 0.314961,
53.53993 -31.831523 0.314961, 53.572918 -31.845187 0.314961,
53.655626 -31.892939 0.314961, 53.655627 -31.892939 0.314961,
53.655627 -31.89294 0.314961, 53.731392 -31.951076 0.314961,
53.731395 -31.951078 0.314961, 53.798921 -32.018605 0.314961,
53.798923 -32.018607 0.314961, 53.857061 -32.094374 0.314961,
53.904813 -32.177082 0.314961, 53.94136 -32.265315 0.314961,
53.966078 -32.357563 0.314961, 53.978543 -32.452248 0.314961,
53.978543 -32.452249 0.314961, 53.978543 -32.547751 0.314961,
53.966078 -32.642437 0.314961, 53.94136 -32.734685 0.314961,
53.904813 -32.822918 0.314961, 53.857061 -32.905626 0.314961,
53.798923 -32.981393 0.314961, 53.731393 -33.048923 0.314961,
53.655626 -33.107061 0.314961, 53.572918 -33.154813 0.314961,
53.484685 -33.19136 0.314961, 53.392437 -33.216078 0.314961,
53.316688 -33.22605 0.314961, 53.297752 -33.228543 0.314961,
53.202249 -33.228543 0.314961, 53.202248 -33.228543 0.314961,
53.178577 -33.225427 0.314961, 53.107563 -33.216078 0.314961,
53.015315 -33.19136 0.314961, 52.927082 -33.154813 0.314961,
52.844374 -33.107061 0.314961, 52.768607 -33.048923 0.314961,
52.768605 -33.048921 0.314961, 52.742598 -38.161811 0.314961,
52.744079 -38.14867 0.314961, 52.748447 -38.136188 0.314961,
52.755482 -38.124991 0.314961, 52.764833 -38.11564 0.314961,
52.77603 -38.108604 0.314961, 52.788513 -38.104237 0.314961,
52.801654 -38.102756 0.314961, 52.814795 -38.104237 0.314961,
52.827277 -38.108604 0.314961, 52.838474 -38.11564 0.314961,
52.847825 -38.124991 0.314961, 52.85486 -38.136188 0.314961,
52.859228 -38.14867 0.314961, 52.860709 -38.161811 0.314961,
52.859228 -38.174952 0.314961, 52.85486 -38.187434 0.314961,
52.847825 -38.198631 0.314961, 52.838474 -38.207982 0.314961,
52.827277 -38.215018 0.314961, 52.814795 -38.219386 0.314961,
52.801654 -38.220866 0.314961, 52.788513 -38.219386 0.314961,
52.77603 -38.215018 0.314961, 52.764833 -38.207982 0.314961,
52.755482 -38.198631 0.314961, 52.748447 -38.187434 0.314961,
52.744079 -38.174952 0.314961, 52.669291 -39.356299 0.314961,
52.669291 -39.55315 0.314961, 52.147638 -39.55315 0.314961,
52.147638 -39.651575 0.314961, 51.950787 -39.651575 0.314961,
51.950787 -39.534313 0.314961, 51.953307 -39.510877 0.314961,
51.953308 -39.510874 0.314961, 51.973089 -39.45784 0.314961,
51.97309 -39.457837 0.314961, 52.007011 -39.412524 0.314961,
52.007013 -39.412523 0.314961, 52.052325 -39.378602 0.314961,
52.052328 -39.3786 0.314961, 52.105362 -39.35882 0.314961,
52.105365 -39.358819 0.314961, 52.128801 -39.356299 0.314961,
52.860431 -38.497125 0.314961, 52.8563 -38.456687 0.314961,
52.8563 -38.348425 0.314961, 53.05315 -38.348425 0.314961,
53.05315 -38.437008 0.314961, 53.060642 -38.474674 0.314961,
53.081978 -38.506605 0.314961, 53.113909 -38.527941 0.314961,
53.151575 -38.535433 0.314961, 53.151575 -38.732283 0.314961,
53.151575 -38.732283 0.314961, 53.131898 -38.732283 0.314961,
53.091461 -38.728152 0.314961, 53.091458 -38.728152 0.314961,
53.025937 -38.70644 0.314961, 53.025935 -38.706439 0.314961,
52.967187 -38.670203 0.314961, 52.91838 -38.621396 0.314961,
52.882143 -38.562647 0.314961, 52.882143 -38.562645 0.314961,
62.222441 -38.482283 0.314961, 62.222441 -38.285433 0.314961,
62.260107 -38.277941 0.314961, 62.292038 -38.256605 0.314961,
62.30557 -38.236353 0.314961, 62.306631 -38.237224 0.314961,
62.320823 -38.243102 0.314961, 62.328504 -38.243858 0.314961,
62.513919 -38.243858 0.314961, 62.513585 -38.247122 0.314961,
62.513585 -38.247125 0.314961, 62.491873 -38.312645 0.314961,
62.491872 -38.312647 0.314961, 62.455636 -38.371396 0.314961,
62.406829 -38.420203 0.314961, 62.34808 -38.456439 0.314961,
62.348078 -38.45644 0.314961, 62.282558 -38.478152 0.314961,
62.24212 -38.482283 0.314961, 62.242115 -38.482283 0.314961,
61.836957 -39.62421 0.314961, 61.815155 -39.646013 0.314961,
61.811944 -39.651575 0.314961, 61.63189 -39.651575 0.314961,
61.63189 -39.55315 0.314961, 61.110236 -39.55315 0.314961,
61.110236 -39.356299 0.314961, 61.430041 -39.356299 0.314961,
61.433523 -39.356175 0.314961, 61.459296 -39.346562 0.314961,
61.475781 -39.324541 0.314961, 61.477744 -39.297103 0.314961,
61.464561 -39.27296 0.314961, 60.747384 -38.555783 0.314961,
60.747381 -38.555781 0.314961, 60.700583 -38.508983 0.314961,
60.700582 -38.508982 0.314961, 60.68085 -38.474805 0.314961,
60.68085 -38.474805 0.314961, 60.68085 -38.474803 0.314961,
60.670395 -38.456696 0.314961, 60.669458 -38.455073 0.314961,
60.653346 -38.394944 0.314961, 60.653346 -38.394943 0.314961,
60.653346 -38.394943 0.314961, 60.653346 -38.329704 0.314961,
60.653346 -38.329697 0.314961, 60.653346 -36.588212 0.314961,
60.653346 -36.588207 0.314961, 60.653346 -36.522026 0.314961,
60.653346 -36.522025 0.314961, 60.669458 -36.461896 0.314961,
60.689945 -36.426411 0.314961, 60.693106 -36.420936 0.314961,
60.700582 -36.407986 0.314961, 60.700583 -36.407985 0.314961,
60.855583 -36.252985 0.314961, 60.862132 -36.244859 0.314961,
60.869882 -36.218465 0.314961, 60.869882 -36.136062 0.314961,
60.868766 -36.125685 0.314961, 60.868255 -36.124749 0.314961,
60.867904 -36.122308 0.314961, 60.861372 -36.112143 0.314961,
60.855583 -36.101542 0.314961, 60.254296 -35.500255 0.314961,
60.251056 -35.497294 0.314961, 60.225827 -35.486332 0.314961,
60.198676 -35.490751 0.314961, 60.178225 -35.509146 0.314961,
60.160517 -35.537857 0.314961, 60.111676 -35.586698 0.314961,
60.052887 -35.622958 0.314961, 59.987322 -35.644685 0.314961,
59.969017 -35.646554 0.314961, 59.946858 -35.648818 0.314961,
59.946857 -35.648818 0.314961, 59.946854 -35.648819 0.314961,
59.553146 -35.648819 0.314961, 59.512678 -35.644685 0.314961,
59.447113 -35.622958 0.314961, 59.388324 -35.586698 0.314961,
59.361398 -35.559771 0.314961, 59.353271 -35.553222 0.314961,
59.326878 -35.545472 0.314961, 58.756469 -35.545472 0.314961,
58.746091 -35.546588 0.314961, 58.721948 -35.559771 0.314961,
58.695022 -35.586698 0.314961, 58.652008 -35.613228 0.314961,
58.636569 -35.628385 0.314961, 58.628819 -35.654779 0.314961,
58.628819 -38.10739 0.314961, 58.629935 -38.117767 0.314961,
58.643118 -38.14191 0.314961, 60.111543 -39.610335 0.314961,
60.114093 -39.61271 0.314961, 60.139115 -39.624137 0.314961,
60.166343 -39.620222 0.314961, 60.187132 -39.602208 0.314961,
60.194882 -39.575815 0.314961, 60.194882 -39.534313 0.314961,
60.197402 -39.510877 0.314961, 60.197403 -39.510874 0.314961,
60.217183 -39.45784 0.314961, 60.217185 -39.457837 0.314961,
60.251106 -39.412524 0.314961, 60.251107 -39.412523 0.314961,
60.29642 -39.378602 0.314961, 60.296422 -39.3786 0.314961,
60.349457 -39.35882 0.314961, 60.349459 -39.358819 0.314961,
60.372896 -39.356299 0.314961, 60.913386 -39.356299 0.314961,
60.913386 -39.55315 0.314961, 60.391732 -39.55315 0.314961,
60.391732 -39.94685 0.314961, 60.913386 -39.94685 0.314961,
60.913386 -40.143701 0.314961, 60.617244 -40.143701 0.314961,
60.596964 -40.148113 0.314961, 60.576175 -40.166126 0.314961,
60.568425 -40.19252 0.314961, 60.568425 -40.307283 0.314961,
60.572837 -40.327563 0.314961, 60.590851 -40.348352 0.314961,
60.617244 -40.356102 0.314961, 61.650734 -40.356102 0.314961,
61.650737 -40.356102 0.314961, 61.650741 -40.356102 0.314961,
61.650741 -40.356103 0.314961, 61.674206 -40.358625 0.314961,
61.674206 -40.358625 0.314961, 61.727294 -40.378426 0.314961,
61.727297 -40.378428 0.314961, 61.772655 -40.412383 0.314961,
61.772656 -40.412384 0.314961, 61.806611 -40.457742 0.314961,
61.806613 -40.457744 0.314961, 61.82145 -40.497524 0.314961,
61.826414 -40.510833 0.314961, 61.828937 -40.534302 0.314961,
61.828937 -40.965698 0.314961, 61.826414 -40.989167 0.314961,
61.806613 -41.042256 0.314961, 61.772656 -41.087617 0.314961,
61.727296 -41.121573 0.314961, 61.674206 -41.141374 0.314961,
61.650737 -41.143897 0.314961, 60.372885 -41.143898 0.314961,
60.352143 -41.141667 0.314961, 60.349416 -41.141374 0.314961,
60.349416 -41.141374 0.314961, 60.296327 -41.121574 0.314961,
60.296324 -41.121572 0.314961, 60.250967 -41.087617 0.314961,
60.226352 -41.054736 0.314961, 60.221169 -41.048862 0.314961,
60.196794 -41.036112 0.314961, 60.191918 -41.035142 0.314961,
60.186767 -41.034117 0.314961, 60.182217 -41.032233 0.314961,
60.132996 -41.011845 0.314961, 60.132991 -41.011843 0.314961,
60.0846 -40.979508 0.314961, 60.084598 -40.979507 0.314961,
60.043445 -40.938354 0.314961, 60.043444 -40.938352 0.314961,
60.01111 -40.889961 0.314961, 60.011107 -40.889956 0.314961,
59.988836 -40.836188 0.314961, 59.988835 -40.836184 0.314961,
59.97748 -40.779102 0.314961, 59.97748 -40.779102 0.314961,
59.97748 -40.779102 0.314961, 59.97748 -40.720898 0.314961,
59.97748 -40.332216 0.314961, 59.976365 -40.321839 0.314961,
59.963181 -40.297696 0.314961, 58.225256 -38.559771 0.314961,
58.21713 -38.553222 0.314961, 58.190736 -38.545472 0.314961,
54.403959 -38.545472 0.314961, 54.382861 -38.550267 0.314961,
54.362409 -38.568662 0.314961, 54.329807 -38.621518 0.314961,
54.280967 -38.670359 0.314961, 54.222178 -38.70662 0.314961,
54.156613 -38.728346 0.314961, 54.138307 -38.730216 0.314961,
54.116149 -38.73248 0.314961, 54.116148 -38.73248 0.314961,
54.116144 -38.73248 0.314961, 53.879917 -38.73248 0.314961,
53.83945 -38.728346 0.314961, 53.773884 -38.70662 0.314961,
53.715096 -38.670359 0.314961, 53.666255 -38.621518 0.314961,
53.665451 -38.620215 0.314961, 53.655178 -38.60836 0.314961,
53.629948 -38.5974 0.314961, 53.602798 -38.60182 0.314961,
53.583456 -38.61922 0.314961, 53.583385 -38.619164 0.314961,
53.583058 -38.619578 0.314961, 53.582348 -38.620217 0.314961,
53.581621 -38.621395 0.314961, 53.532813 -38.670203 0.314961,
53.474065 -38.706439 0.314961, 53.474063 -38.70644 0.314961,
53.408543 -38.728152 0.314961, 53.368105 -38.732283 0.314961,
53.3681 -38.732283 0.314961, 53.348426 -38.732283 0.314961,
53.348426 -38.535433 0.314961, 53.386091 -38.527941 0.314961,
53.418023 -38.506605 0.314961, 53.439359 -38.474674 0.314961,
53.446851 -38.437008 0.314961, 53.446851 -38.062992 0.314961,
53.439359 -38.025326 0.314961, 53.418023 -37.993395 0.314961,
53.386091 -37.972059 0.314961, 53.348426 -37.964567 0.314961,
53.348426 -37.767717 0.314961, 53.368105 -37.767717 0.314961,
53.40854 -37.771848 0.314961, 53.408543 -37.771848 0.314961,
53.474063 -37.793559 0.314961, 53.474065 -37.79356 0.314961,
53.532813 -37.829797 0.314961, 53.581621 -37.878604 0.314961,
53.581622 -37.878606 0.314961, 53.58235 -37.879786 0.314961,
53.592617 -37.891635 0.314961, 53.617845 -37.902598 0.314961,
53.644996 -37.898182 0.314961, 53.664453 -37.880683 0.314961,
53.664491 -37.880713 0.314961, 53.664664 -37.880493 0.314961,
53.665449 -37.879788 0.314961, 53.666253 -37.878483 0.314961,
53.666255 -37.878481 0.314961, 53.715095 -37.829641 0.314961,
53.773883 -37.793381 0.314961, 53.773885 -37.79338 0.314961,
53.839448 -37.771654 0.314961, 53.83945 -37.771654 0.314961,
53.879913 -37.76752 0.314961, 53.87992 -37.76752 0.314961,
54.116145 -37.76752 0.314961, 54.156612 -37.771654 0.314961,
54.156613 -37.771654 0.314961, 54.222178 -37.79338 0.314961,
54.280967 -37.829641 0.314961, 54.329807 -37.878482 0.314961,
54.362409 -37.931337 0.314961, 54.377566 -37.946778 0.314961,
54.403959 -37.954528 0.314961, 57.989055 -37.954528 0.314961,
58.009335 -37.950116 0.314961, 58.030124 -37.932102 0.314961,
58.037874 -37.905709 0.314961, 58.037874 -35.654779 0.314961,
58.033079 -35.63368 0.314961, 58.014684 -35.613228 0.314961,
57.971671 -35.586698 0.314961, 57.92283 -35.537857 0.314961,
57.897194 -35.496295 0.314961, 57.88657 -35.479069 0.314961,
57.886569 -35.479067 0.314961, 57.864843 -35.413504 0.314961,
57.864843 -35.413502 0.314961, 57.860709 -35.373039 0.314961,
57.860709 -35.373032 0.314961, 57.860709 -35.215445 0.314961,
57.859593 -35.205068 0.314961, 57.84641 -35.180925 0.314961,
57.777937 -35.112452 0.314961, 57.776683 -35.111241 0.314961,
57.775588 -35.110693 0.314961, 57.766813 -35.104124 0.314961,
57.759122 -35.102451 0.314961, 57.752084 -35.098928 0.314961,
57.745956 -35.099587 0.314961, 57.739934 -35.098277 0.314961,
57.73256 -35.101027 0.314961, 57.724734 -35.101869 0.314961,
57.722748 -35.102691 0.314961, 57.722746 -35.102693 0.314961,
57.665391 -35.12645 0.314961, 57.604504 -35.138561 0.314961,
57.604504 -35.138561 0.314961, 57.600039 -35.138561 0.314961,
57.579759 -35.142973 0.314961, 57.55897 -35.160987 0.314961,
57.55122 -35.18738 0.314961, 57.55122 -35.40702 0.314961,
57.551221 -35.407027 0.314961, 57.551221 -35.410017 0.314961,
57.551221 -35.472267 0.314961, 57.535109 -35.532396 0.314961,
57.534115 -35.534117 0.314961, 57.503984 -35.586306 0.314961,
57.459967 -35.630323 0.314961, 57.459966 -35.630323 0.314961,
57.455949 -35.63434 0.314961, 57.455947 -35.634342 0.314961,
56.622334 -36.467955 0.314961, 56.622332 -36.467957 0.314961,
56.618315 -36.471974 0.314961, 56.618315 -36.471975 0.314961,
56.574298 -36.515992 0.314961, 56.540762 -36.535354 0.314961,
56.540757 -36.535356 0.314961, 56.540753 -36.535359 0.314961,
56.529778 -36.541696 0.314961, 56.520388 -36.547117 0.314961,
56.460259 -36.563229 0.314961, 56.460257 -36.563229 0.314961,
56.398009 -36.563229 0.314961, 56.395019 -36.563229 0.314961,
56.395012 -36.563228 0.314961, 54.292966 -36.563228 0.314961,
54.278347 -36.565469 0.314961, 54.255485 -36.580766 0.314961,
54.244524 -36.605996 0.314961, 54.248942 -36.633146 0.314961,
54.267338 -36.653598 0.314961, 54.282812 -36.663143 0.314961,
54.33162 -36.71195 0.314961, 54.367857 -36.770699 0.314961,
54.367857 -36.770701 0.314961, 54.389569 -36.836221 0.314961,
54.3937 -36.876659 0.314961, 54.3937 -36.876665 0.314961,
54.3937 -36.984921 0.314961, 54.19685 -36.984921 0.314961,
54.19685 -36.896339 0.314961, 54.189358 -36.858673 0.314961,
54.168022 -36.826741 0.314961, 54.136091 -36.805406 0.314961,
54.098425 -36.797913 0.314961, 53.901575 -36.797913 0.314961,
53.863909 -36.805406 0.314961, 53.831978 -36.826741 0.314961,
53.810642 -36.858673 0.314961, 53.80315 -36.896339 0.314961,
53.80315 -37.270354 0.314961, 53.810642 -37.30802 0.314961,
53.831978 -37.339952 0.314961, 53.863909 -37.361287 0.314961,
53.901575 -37.36878 0.314961, 53.901575 -37.565629 0.314961,
53.901574 -37.565629 0.314961, 53.881897 -37.56563 0.314961,
53.84146 -37.561498 0.314961, 53.841457 -37.561498 0.314961,
53.775937 -37.539787 0.314961, 53.775935 -37.539786 0.314961,
53.717187 -37.503549 0.314961, 53.668379 -37.454742 0.314961,
53.668378 -37.454741 0.314961, 53.667649 -37.453559 0.314961,
53.657378 -37.441706 0.314961, 53.632148 -37.430746 0.314961,
53.604998 -37.435167 0.314961, 53.585547 -37.452663 0.314961,
53.585509 -37.452633 0.314961, 53.585333 -37.452856 0.314961,
53.584548 -37.453562 0.314961, 53.583745 -37.454865 0.314961,
53.534904 -37.503706 0.314961, 53.476116 -37.539966 0.314961,
53.41055 -37.561693 0.314961, 53.392245 -37.563562 0.314961,
53.370086 -37.565826 0.314961, 53.370085 -37.565826 0.314961,
53.370082 -37.565826 0.314961, 53.133855 -37.565827 0.314961,
53.093387 -37.561693 0.314961, 53.027821 -37.539966 0.314961,
52.969033 -37.503706 0.314961, 52.920192 -37.454865 0.314961,
52.883931 -37.396076 0.314961, 52.881242 -37.387959 0.314961,
52.862205 -37.330511 0.314961, 52.862205 -37.33051 0.314961,
52.858071 -37.290047 0.314961, 52.858071 -37.29004 0.314961,
52.858071 -36.876647 0.314961, 52.862205 -36.836183 0.314961,
52.862205 -36.836183 0.314961, 52.862205 -36.836182 0.314961,
52.883904 -36.770701 0.314961, 52.883931 -36.770617 0.314961,
52.883932 -36.770615 0.314961, 52.920193 -36.711828 0.314961,
52.969033 -36.662987 0.314961, 52.992361 -36.648598 0.314961,
53.007801 -36.633441 0.314961, 53.015551 -36.607048 0.314961,
53.015551 -36.392952 0.314961, 53.010756 -36.371852 0.314961,
52.992361 -36.351401 0.314961, 52.969033 -36.337013 0.314961,
52.920192 -36.288172 0.314961, 52.893477 -36.244859 0.314961,
52.883932 -36.229384 0.314961, 52.883931 -36.229382 0.314961,
52.862205 -36.163819 0.314961, 52.862205 -36.163817 0.314961,
52.858071 -36.123354 0.314961, 52.858071 -36.123347 0.314961,
52.858071 -35.709954 0.314961, 52.862205 -35.66949 0.314961,
52.862205 -35.66949 0.314961, 52.862205 -35.669489 0.314961,
52.883904 -35.604008 0.314961, 52.883931 -35.603924 0.314961,
52.883932 -35.603922 0.314961, 52.920193 -35.545135 0.314961,
52.969032 -35.496295 0.314961, 53.02782 -35.460034 0.314961,
53.027822 -35.460033 0.314961, 53.093386 -35.438307 0.314961,
53.093387 -35.438307 0.314961, 53.13385 -35.434174 0.314961,
53.133857 -35.434173 0.314961, 53.370083 -35.434173 0.314961,
53.410549 -35.438307 0.314961, 53.41055 -35.438307 0.314961,
53.475536 -35.459842 0.314961, 53.476115 -35.460033 0.314961,
53.476117 -35.460034 0.314961, 53.495946 -35.472265 0.314961,
53.534904 -35.496294 0.314961, 53.583745 -35.545135 0.314961,
53.583953 -35.545472 0.314961, 53.584548 -35.546438 0.314961,
53.594815 -35.558288 0.314961, 53.620044 -35.569252 0.314961,
53.647194 -35.564837 0.314961, 53.666545 -35.547434 0.314961,
53.666615 -35.547489 0.314961, 53.666936 -35.547083 0.314961,
53.667648 -35.546443 0.314961, 53.668378 -35.54526 0.314961,
53.668379 -35.545258 0.314961, 53.717187 -35.49645 0.314961,
53.775935 -35.460214 0.314961, 53.775937 -35.460213 0.314961,
53.841457 -35.438502 0.314961, 53.881894 -35.43437 0.314961,
53.881901 -35.43437 0.314961, 53.901574 -35.43437 0.314961,
53.901575 -35.43437 0.314961, 53.901575 -35.63122 0.314961,
53.863909 -35.638713 0.314961, 53.831978 -35.660048 0.314961,
53.810642 -35.69198 0.314961, 53.80315 -35.729646 0.314961,
53.80315 -36.103661 0.314961, 53.810642 -36.141327 0.314961,
53.831978 -36.173259 0.314961, 53.863909 -36.194594 0.314961,
53.901575 -36.202087 0.314961, 54.098425 -36.202087 0.314961,
54.136091 -36.194594 0.314961, 54.168022 -36.173259 0.314961,
54.189358 -36.141327 0.314961, 54.19685 -36.103661 0.314961,
54.19685 -36.015079 0.314961, 54.393701 -36.015079 0.314961,
54.393701 -36.041575 0.314961, 54.398113 -36.061855 0.314961,
54.416126 -36.082644 0.314961, 54.44252 -36.090394 0.314961,
56.310985 -36.090394 0.314961, 56.321363 -36.089278 0.314961,
56.345506 -36.076095 0.314961, 56.696662 -35.724938 0.314961,
56.705826 -35.712212 0.314961, 56.710674 -35.685135 0.314961,
56.700114 -35.659735 0.314961, 56.677498 -35.644077 0.314961,
56.613766 -35.622958 0.314961, 56.554978 -35.586698 0.314961,
56.506137 -35.537857 0.314961, 56.480502 -35.496295 0.314961,
56.469877 -35.479069 0.314961, 56.469876 -35.479067 0.314961,
56.44815 -35.413504 0.314961, 56.44815 -35.413502 0.314961,
56.444016 -35.373039 0.314961, 56.444016 -35.373032 0.314961,
56.444016 -35.131928 0.314961, 56.4429 -35.121551 0.314961,
56.429717 -35.097408 0.314961, 56.114521 -34.782212 0.314961,
56.106394 -34.775663 0.314961, 56.080001 -34.767913 0.314961,
55.969491 -34.767913 0.314961, 55.95991 -34.770091 0.314961,
55.954708 -34.770206 0.314961, 55.95232 -34.771816 0.314961,
55.948393 -34.772708 0.314961, 55.940595 -34.779721 0.314961,
55.9319 -34.785584 0.314961, 55.929728 -34.788206 0.314961,
55.910517 -34.819353 0.314961, 55.872026 -34.857843 0.314961,
55.87057 -34.8596 0.314961, 55.866013 -34.867477 0.314961,
55.863318 -34.871452 0.314961, 55.863213 -34.872318 0.314961,
55.86242 -34.873687 0.314961, 55.861522 -34.886253 0.314961,
55.860004 -34.89876 0.314961, 55.860547 -34.899882 0.314961,
55.860458 -34.901125 0.314961, 55.866494 -34.91218 0.314961,
55.871981 -34.923524 0.314961, 55.873044 -34.924174 0.314961,
55.873641 -34.925268 0.314961, 55.910517 -34.962143 0.314961,
55.946777 -35.020931 0.314961, 55.960628 -35.062731 0.314961,
55.968503 -35.086496 0.314961, 55.968504 -35.086497 0.314961,
55.972585 -35.12645 0.314961, 55.972637 -35.126965 0.314961,
55.972638 -35.373035 0.314961, 55.968504 -35.413503 0.314961,
55.946777 -35.479069 0.314961, 55.910517 -35.537857 0.314961,
55.861676 -35.586698 0.314961, 55.802887 -35.622958 0.314961,
55.737322 -35.644685 0.314961, 55.719017 -35.646554 0.314961,
55.696858 -35.648818 0.314961, 55.696857 -35.648818 0.314961,
55.696854 -35.648819 0.314961, 55.303146 -35.648819 0.314961,
55.262678 -35.644685 0.314961, 55.197113 -35.622958 0.314961,
55.138324 -35.586698 0.314961, 55.089483 -35.537857 0.314961,
55.063848 -35.496295 0.314961, 55.053223 -35.479069 0.314961,
55.053222 -35.479067 0.314961, 55.031496 -35.413504 0.314961,
55.031496 -35.413502 0.314961, 55.027363 -35.373039 0.314961,
55.027362 -35.373032 0.314961, 55.027362 -35.131928 0.314961,
55.026246 -35.121551 0.314961, 55.013063 -35.097408 0.314961,
54.871254 -34.955598 0.314961, 54.863127 -34.949049 0.314961,
54.836733 -34.941299 0.314961, 54.692073 -34.941299 0.314961,
54.691202 -34.941307 0.314961, 54.664951 -34.949527 0.314961,
54.619528 -34.979877 0.314961, 54.613102 -34.984171 0.314961,
54.613099 -34.984172 0.314961, 54.613099 -34.984172 0.314961,
54.60633 -34.986976 0.314961, 54.555747 -35.007928 0.314961,
54.49486 -35.020039 0.314961, 54.49486 -35.020039 0.314961,
54.432779 -35.020039 0.314961, 54.427417 -35.018972 0.314961,
54.412609 -35.018321 0.314961, 54.387209 -35.028883 0.314961,
54.371551 -35.051499 0.314961, 54.367973 -35.062296 0.314961,
54.19685 -34.891172 0.314961, 54.19685 -34.562992 0.314961,
54.189358 -34.525326 0.314961, 54.168022 -34.493395 0.314961,
54.136091 -34.472059 0.314961, 54.098425 -34.464567 0.314961,
53.901575 -34.464567 0.314961, 53.863909 -34.472059 0.314961,
53.831978 -34.493395 0.314961, 53.810642 -34.525326 0.314961,
53.80315 -34.562992 0.314961, 53.80315 -34.937008 0.314961,
53.810642 -34.974674 0.314961, 53.831978 -35.006605 0.314961,
53.863909 -35.027941 0.314961, 53.901575 -35.035433 0.314961,
53.901575 -35.232283 0.314961, 53.901574 -35.232283 0.314961,
53.881897 -35.232283 0.314961, 53.84146 -35.228152 0.314961,
53.841457 -35.228152 0.314961, 53.775937 -35.20644 0.314961,
53.775935 -35.206439 0.314961, 53.717187 -35.170203 0.314961,
53.668379 -35.121395 0.314961, 53.668378 -35.121394 0.314961,
53.667649 -35.120212 0.314961, 53.657378 -35.10836 0.314961,
53.632148 -35.0974 0.314961, 53.604998 -35.10182 0.314961,
53.585547 -35.119317 0.314961, 53.585509 -35.119287 0.314961,
53.585333 -35.11951 0.314961, 53.584548 -35.120215 0.314961,
53.583745 -35.121518 0.314961, 53.534904 -35.170359 0.314961,
53.476116 -35.20662 0.314961, 53.41055 -35.228346 0.314961,
53.392245 -35.230216 0.314961, 53.370086 -35.23248 0.314961,
53.370085 -35.23248 0.314961, 53.370082 -35.23248 0.314961,
53.133855 -35.23248 0.314961, 53.093387 -35.228346 0.314961,
53.027821 -35.20662 0.314961, 52.969033 -35.170359 0.314961,
52.920192 -35.121518 0.314961, 52.883931 -35.06273 0.314961,
52.88021 -35.051499 0.314961, 52.862205 -34.997165 0.314961,
52.862205 -34.997164 0.314961, 52.858071 -34.9567 0.314961,
52.858071 -34.956693 0.314961, 52.858071 -34.5433 0.314961,
52.862205 -34.502836 0.314961, 52.862205 -34.502836 0.314961,
52.862205 -34.502836 0.314961, 52.875022 -34.464158 0.314961,
52.883931 -34.437271 0.314961, 52.883932 -34.437269 0.314961,
52.920193 -34.378481 0.314961, 52.969032 -34.329641 0.314961,
53.02782 -34.293381 0.314961, 53.027822 -34.29338 0.314961,
53.093386 -34.271654 0.314961, 53.093387 -34.271654 0.314961,
53.13385 -34.26752 0.314961, 53.133857 -34.26752 0.314961,
53.37008 -34.26752 0.314961, 53.370082 -34.26752 0.314961,
53.370083 -34.26752 0.314961, 53.37009 -34.26752 0.314961,
53.374245 -34.267944 0.314961, 53.389582 -34.267081 0.314961,
53.413725 -34.253899 0.314961, 53.442706 -34.224917 0.314961,
53.474952 -34.192672 0.314961, 53.474953 -34.192671 0.314961,
53.474953 -34.19267 0.314961, 53.518969 -34.148654 0.314961,
53.518972 -34.148652 0.314961, 53.563831 -34.122753 0.314961,
53.563832 -34.122753 0.314961, 53.57288 -34.117529 0.314961,
53.633009 -34.101417 0.314961, 55.272217 -34.101417 0.314961,
55.272223 -34.101417 0.314961, 55.275214 -34.101417 0.314961,
55.337463 -34.101417 0.314961, 55.380804 -34.11303 0.314961,
55.397593 -34.117529 0.314961, 55.403482 -34.120929 0.314961,
55.406639 -34.122752 0.314961, 55.40664 -34.122752 0.314961,
55.406641 -34.122753 0.314961, 55.412503 -34.126137 0.314961,
55.412505 -34.126138 0.314961, 55.425403 -34.131302 0.314961,
55.430814 -34.131043 0.314961, 55.436911 -34.132677 0.314961,
55.696854 -34.132677 0.314961, 55.696857 -34.132677 0.314961,
55.737321 -34.136811 0.314961, 55.737322 -34.136811 0.314961,
55.802887 -34.158538 0.314961, 55.861676 -34.194798 0.314961,
55.861676 -34.194799 0.314961, 55.910516 -34.243639 0.314961,
55.910517 -34.243641 0.314961, 55.923213 -34.264224 0.314961,
55.932794 -34.27549 0.314961, 55.957816 -34.286917 0.314961,
55.985044 -34.283002 0.314961, 56.005833 -34.264988 0.314961,
56.013583 -34.238595 0.314961, 56.013583 -33.978254 0.314961,
56.013575 -33.977382 0.314961, 56.005355 -33.951131 0.314961,
55.970712 -33.899285 0.314961, 55.970709 -33.89928 0.314961,
55.946954 -33.84193 0.314961, 55.946953 -33.841925 0.314961,
55.934843 -33.781042 0.314961, 55.934843 -33.718958 0.314961,
55.946953 -33.658075 0.314961, 55.946954 -33.65807 0.314961,
55.970709 -33.600719 0.314961, 55.970712 -33.600714 0.314961,
56.005201 -33.549099 0.314961, 56.005202 -33.549097 0.314961,
56.049097 -33.505202 0.314961, 56.049099 -33.505201 0.314961,
56.100714 -33.470712 0.314961, 56.100719 -33.470709 0.314961,
56.15807 -33.446954 0.314961, 56.158075 -33.446953 0.314961,
56.218959 -33.434843 0.314961, 56.21896 -33.434843 0.314961,
56.28104 -33.434843 0.314961, 56.281041 -33.434843 0.314961,
56.341925 -33.446953 0.314961, 56.34193 -33.446954 0.314961,
56.39928 -33.470709 0.314961, 56.399285 -33.470712 0.314961,
56.450901 -33.505201 0.314961, 56.450902 -33.505202 0.314961,
56.494798 -33.549097 0.314961, 56.494799 -33.549099 0.314961,
56.529287 -33.600714 0.314961, 56.52929 -33.600719 0.314961,
56.553045 -33.65807 0.314961, 56.553046 -33.658072 0.314961,
56.553046 -33.658075 0.314961, 56.565157 -33.718958 0.314961,
56.565157 -33.718959 0.314961, 56.565157 -33.71896 0.314961,
56.565157 -33.78104 0.314961, 56.553046 -33.841928 0.314961,
56.529289 -33.899283 0.314961, 56.529287 -33.899285 0.314961,
56.529287 -33.899285 0.314961, 56.494645 -33.951131 0.314961,
56.494167 -33.951861 0.314961, 56.486417 -33.978254 0.314961,
56.486417 -34.149617 0.314961, 56.490461 -34.169071 0.314961,
56.508087 -34.19019 0.314961, 56.534332 -34.198427 0.314961,
56.560865 -34.191167 0.314961, 56.613763 -34.158539 0.314961,
56.613767 -34.158537 0.314961, 56.679331 -34.136811 0.314961,
56.679332 -34.136811 0.314961, 56.719795 -34.132678 0.314961,
56.719802 -34.132677 0.314961, 57.113508 -34.132677 0.314961,
57.153974 -34.136811 0.314961, 57.153975 -34.136811 0.314961,
57.219541 -34.158538 0.314961, 57.278329 -34.194798 0.314961,
57.32717 -34.243639 0.314961, 57.363431 -34.302428 0.314961,
57.385157 -34.367992 0.314961, 57.385157 -34.367993 0.314961,
57.389291 -34.408457 0.314961, 57.389291 -34.408464 0.314961,
57.389291 -34.485504 0.314961, 57.390807 -34.497577 0.314961,
57.404844 -34.521234 0.314961, 57.429442 -34.533547 0.314961,
57.456792 -34.530607 0.314961, 57.481533 -34.520358 0.314961,
57.481538 -34.520357 0.314961, 57.544775 -34.507778 0.314961,
57.544687 -34.50734 0.314961, 57.556185 -34.50424 0.314961,
57.576974 -34.486226 0.314961, 57.584724 -34.459833 0.314961,
57.584724 -34.282003 0.314961, 57.596079 -34.224921 0.314961,
57.59608 -34.224917 0.314961, 57.618352 -34.171148 0.314961,
57.641294 -34.136812 0.314961, 57.650689 -34.122752 0.314961,
58.252948 -33.520493 0.314961, 58.25295 -33.520491 0.314961,
58.301341 -33.488157 0.314961, 58.301346 -33.488154 0.314961,
58.355114 -33.465883 0.314961, 58.355118 -33.465882 0.314961,
58.4122 -33.454528 0.314961, 58.412201 -33.454528 0.314961,
60.97855 -33.454528 0.314961, 60.978551 -33.454528 0.314961,
61.035633 -33.465882 0.314961, 61.035637 -33.465883 0.314961,
61.089406 -33.488155 0.314961, 61.108791 -33.501107 0.314961,
61.108791 -33.501107 0.314961, 61.137801 -33.520491 0.314961,
61.137804 -33.520493 0.314961, 61.594692 -33.977382 0.314961,
61.731069 -34.113759 0.314961, 61.772225 -34.154915 0.314961,
61.781266 -34.168446 0.314961, 61.783817 -34.171222 0.314961,
61.793369 -34.179258 0.314961, 61.819763 -34.187008 0.314961,
61.901575 -34.187008 0.314961, 61.901575 -34.383858 0.314961,
61.798228 -34.383858 0.314961, 61.775629 -34.388354 0.314961,
61.75647 -34.401155 0.314961, 61.743669 -34.420314 0.314961,
61.739173 -34.442913 0.314961, 61.739173 -34.561024 0.314961,
61.743669 -34.583623 0.314961, 61.75647 -34.602782 0.314961,
61.775629 -34.615583 0.314961, 61.798228 -34.620079 0.314961,
62.062432 -34.620079 0.314961, 62.254535 -34.812181 0.314961,
62.242124 -34.815787 0.314961, 62.242122 -34.815787 0.314961,
62.227618 -34.816929 0.314961, 62.227612 -34.816929 0.314961,
62.10265 -34.816929 0.314961, 62.099167 -34.817054 0.314961,
62.073394 -34.826667 0.314961, 62.056909 -34.848687 0.314961,
62.054946 -34.876125 0.314961, 62.06813 -34.900268 0.314961,
62.088405 -34.920544 0.314961, 62.096532 -34.927093 0.314961,
62.097554 -34.927393 0.314961, 62.099529 -34.928871 0.314961,
62.111334 -34.931439 0.314961, 62.122925 -34.934843 0.314961,
62.227635 -34.934843 0.314961, 62.227638 -34.934843 0.314961,
62.242152 -34.935985 0.314961, 62.242155 -34.935985 0.314961,
62.304289 -34.954037 0.314961, 62.30429 -34.954037 0.314961,
62.30429 -34.954037 0.314961, 62.304291 -34.954038 0.314961,
62.329205 -34.968772 0.314961, 62.359985 -34.986975 0.314961,
62.359988 -34.986978 0.314961, 62.405739 -35.032728 0.314961,
62.40574 -35.03273 0.314961, 62.405741 -35.03273 0.314961,
62.438679 -35.088426 0.314961, 62.438679 -35.088426 0.314961,
62.438679 -35.088428 0.314961, 62.453244 -35.138561 0.314961,
62.456731 -35.150563 0.314961, 62.457874 -35.165081 0.314961,
62.457874 -35.334919 0.314961, 62.456731 -35.349437 0.314961,
62.438679 -35.411574 0.314961, 62.405741 -35.46727 0.314961,
62.359986 -35.513024 0.314961, 62.359983 -35.513026 0.314961,
62.357561 -35.514905 0.314961, 62.358031 -35.515511 0.314961,
62.345388 -35.527693 0.314961, 62.337638 -35.554086 0.314961,
62.337638 -36.484614 0.314961, 62.329998 -36.523017 0.314961,
62.326283 -36.541698 0.314961, 62.304009 -36.59547 0.314961,
62.30366 -36.595993 0.314961, 62.303465 -36.596489 0.314961,
62.30288 -36.597583 0.314961, 62.303007 -36.597652 0.314961,
62.296059 -36.615308 0.314961, 62.299487 -36.642602 0.314961,
62.317127 -36.663709 0.314961, 62.33409 -36.675043 0.314961,
62.334091 -36.675044 0.314961, 62.377987 -36.71894 0.314961,
62.377988 -36.718941 0.314961, 62.412476 -36.770557 0.314961,
62.412479 -36.770562 0.314961, 62.412502 -36.770617 0.314961,
62.436235 -36.827915 0.314961, 62.445932 -36.876665 0.314961,
62.448346 -36.8888 0.314961, 62.448346 -36.888801 0.314961,
62.448346 -36.888802 0.314961, 62.448346 -36.950883 0.314961,
62.436235 -37.01177 0.314961, 62.412478 -37.069126 0.314961,
62.387992 -37.105772 0.314961, 62.377834 -37.120974 0.314961,
62.377356 -37.121703 0.314961, 62.369606 -37.148096 0.314961,
62.369606 -37.208673 0.314961, 62.369607 -37.20868 0.314961,
62.369607 -37.21167 0.314961, 62.369607 -37.27392 0.314961,
62.353495 -37.334049 0.314961, 62.342102 -37.353781 0.314961,
62.32237 -37.387959 0.314961, 62.278353 -37.431976 0.314961,
62.278352 -37.431977 0.314961, 62.267859 -37.442469 0.314961,
62.259533 -37.453591 0.314961, 62.259396 -37.454221 0.314961,
62.258697 -37.455193 0.314961, 62.256425 -37.467879 0.314961,
62.253686 -37.48047 0.314961, 62.254013 -37.481347 0.314961,
62.253848 -37.48227 0.314961, 62.258796 -37.49417 0.314961,
62.263299 -37.506243 0.314961, 62.264049 -37.506804 0.314961,
62.264409 -37.50767 0.314961, 62.275002 -37.515004 0.314961,
62.28532 -37.522728 0.314961, 62.286255 -37.522795 0.314961,
62.287025 -37.523328 0.314961, 62.348078 -37.543559 0.314961,
62.34808 -37.54356 0.314961, 62.406829 -37.579797 0.314961,
62.455636 -37.628604 0.314961, 62.491872 -37.687352 0.314961,
62.491873 -37.687354 0.314961, 62.513585 -37.752875 0.314961,
62.517716 -37.793312 0.314961, 62.517716 -37.793318 0.314961,
62.517716 -37.901575 0.314961, 62.320866 -37.901575 0.314961,
62.320866 -37.812992 0.314961, 62.313374 -37.775326 0.314961,
62.292038 -37.743395 0.314961, 62.260107 -37.722059 0.314961,
62.222441 -37.714567 0.314961, 62.025591 -37.714567 0.314961,
61.987925 -37.722059 0.314961, 61.955993 -37.743395 0.314961,
61.934657 -37.775326 0.314961, 61.927165 -37.812992 0.314961,
61.927165 -38.141172 0.314961, 61.927165 -38.187008 0.314961,
61.934657 -38.224674 0.314961, 61.955993 -38.256605 0.314961,
61.987925 -38.277941 0.314961, 62.025591 -38.285433 0.314961,
62.025591 -38.482283 0.314961, 62.02559 -38.482283 0.314961,
62.005913 -38.482283 0.314961, 61.965476 -38.478152 0.314961,
61.965473 -38.478152 0.314961, 61.899953 -38.45644 0.314961,
61.899951 -38.456439 0.314961, 61.841202 -38.420203 0.314961,
61.792395 -38.371395 0.314961, 61.792394 -38.371394 0.314961,
61.791665 -38.370212 0.314961, 61.781394 -38.35836 0.314961,
61.756164 -38.3474 0.314961, 61.729013 -38.35182 0.314961,
61.709563 -38.369317 0.314961, 61.709525 -38.369287 0.314961,
61.709348 -38.36951 0.314961, 61.708564 -38.370215 0.314961,
61.707761 -38.371518 0.314961, 61.65892 -38.420359 0.314961,
61.600131 -38.45662 0.314961, 61.534566 -38.478346 0.314961,
61.494098 -38.48248 0.314961, 61.494095 -38.48248 0.314961,
61.460628 -38.48248 0.314961, 61.457146 -38.482604 0.314961,
61.431372 -38.492217 0.314961, 61.414887 -38.514238 0.314961,
61.412925 -38.541676 0.314961, 61.426108 -38.565819 0.314961,
62.22905 -39.368761 0.314961, 62.2343 -39.373311 0.314961,
62.26007 -39.382934 0.314961, 62.280791 -39.378434 0.314961,
62.281244 -39.379647 0.314961, 62.337605 -39.358625 0.314961,
62.361072 -39.356103 0.314961, 62.361074 -39.356102 0.314961,
63.638923 -39.356102 0.314961, 63.638926 -39.356102 0.314961,
63.63893 -39.356102 0.314961, 63.63893 -39.356103 0.314961,
63.662395 -39.358625 0.314961, 63.662394 -39.358625 0.314961,
63.715483 -39.378426 0.314961, 63.715486 -39.378428 0.314961,
63.760844 -39.412383 0.314961, 63.760845 -39.412384 0.314961,
63.7948 -39.457742 0.314961, 63.794802 -39.457744 0.314961,
63.794836 -39.457837 0.314961, 63.814603 -39.510833 0.314961,
63.817126 -39.534302 0.314961, 63.817126 -39.965698 0.314961,
63.814603 -39.989167 0.314961, 63.794802 -40.042256 0.314961,
63.760845 -40.087617 0.314961, 63.715485 -40.121573 0.314961,
63.662395 -40.141374 0.314961, 63.638926 -40.143897 0.314961,
63.638926 -40.143897 0.314961, 63.165714 -40.143897 0.314961,
63.154487 -40.145206 0.314961, 63.130583 -40.158818 0.314961,
63.117833 -40.183192 0.314961, 63.115978 -40.19252 0.314961,
63.106432 -40.240511 0.314961, 63.094185 -40.270078 0.314961,
63.086512 -40.288602 0.314961, 63.083293 -40.300336 0.314961,
63.087208 -40.327563 0.314961, 63.105222 -40.348352 0.314961,
63.131615 -40.356102 0.314961, 63.638923 -40.356102 0.314961,
63.638926 -40.356102 0.314961, 63.63893 -40.356102 0.314961,
63.63893 -40.356103 0.314961, 63.662395 -40.358625 0.314961,
63.662394 -40.358625 0.314961, 63.715483 -40.378426 0.314961,
63.715486 -40.378428 0.314961, 63.760844 -40.412383 0.314961,
63.760845 -40.412384 0.314961, 63.7948 -40.457742 0.314961,
63.794802 -40.457744 0.314961, 63.809639 -40.497524 0.314961,
63.814603 -40.510833 0.314961, 63.817126 -40.534302 0.314961,
63.817126 -40.965698 0.314961, 63.814603 -40.989167 0.314961,
63.794802 -41.042256 0.314961, 63.760845 -41.087617 0.314961,
63.715485 -41.121573 0.314961, 63.662395 -41.141374 0.314961,
63.638926 -41.143897 0.314961, 62.361074 -41.143898 0.314961,
62.340332 -41.141667 0.314961, 62.337605 -41.141374 0.314961,
62.337605 -41.141374 0.314961, 62.284516 -41.121574 0.314961,
62.284513 -41.121572 0.314961, 62.239156 -41.087617 0.314961,
62.239154 -41.087616 0.314961, 62.205199 -41.042258 0.314961,
62.205198 -41.042255 0.314961, 62.186821 -40.992984 0.314961,
62.184472 -40.987674 0.314961, 62.165489 -40.967766 0.314961,
62.115978 -40.939181 0.314961, 62.071961 -40.895164 0.314961,
62.07196 -40.895163 0.314961, 62.071959 -40.895161 0.314961,
62.040837 -40.841256 0.314961, 62.040836 -40.841253 0.314961,
62.039479 -40.836188 0.314961, 62.024724 -40.781125 0.314961,
62.024724 -40.535023 0.314961, 62.024724 -40.535018 0.314961,
62.024724 -40.468837 0.314961, 62.024724 -40.468836 0.314961,
62.03985 -40.412384 0.314961, 62.040836 -40.408705 0.314961,
62.040837 -40.408704 0.314961, 62.052228 -40.388975 0.314961,
62.052229 -40.388974 0.314961, 62.05593 -40.382564 0.314961,
62.071207 -40.356103 0.314961, 62.07196 -40.354797 0.314961,
62.071961 -40.354796 0.314961, 62.115979 -40.310779 0.314961,
62.256497 -40.170259 0.314961, 62.256498 -40.170259 0.314961,
62.26968 -40.146117 0.314961, 62.267718 -40.118679 0.314961,
62.251233 -40.096658 0.314961, 62.239155 -40.087617 0.314961,
62.239155 -40.087616 0.314961, 62.239154 -40.087616 0.314961,
62.205199 -40.042258 0.314961, 62.205198 -40.042255 0.314961,
62.186821 -39.992984 0.314961, 62.184472 -39.987674 0.314961,
62.165489 -39.967766 0.314961, 62.115978 -39.939181 0.314961,
62.071961 -39.895164 0.314961, 62.07196 -39.895163 0.314961,
62.071959 -39.895162 0.314961, 62.054952 -39.865704 0.314961,
62.047194 -39.855593 0.314961, 61.991988 -39.800387 0.314961,
62.002561 -39.789814 0.314961, 62.017978 -39.763112 0.314961,
62.025958 -39.73333 0.314961, 62.025958 -39.702497 0.314961,
62.017978 -39.672715 0.314961, 62.002561 -39.646013 0.314961,
61.980759 -39.62421 0.314961, 61.954057 -39.608794 0.314961,
61.924275 -39.600814 0.314961, 61.893442 -39.600814 0.314961,
61.863659 -39.608794 0.314961, 61.849803 -39.717913 0.314961,
61.851284 -39.704772 0.314961, 61.855651 -39.69229 0.314961,
61.862687 -39.681093 0.314961, 61.872038 -39.671742 0.314961,
61.883235 -39.664707 0.314961, 61.895717 -39.660339 0.314961,
61.908858 -39.658858 0.314961, 61.921999 -39.660339 0.314961,
61.934481 -39.664707 0.314961, 61.945679 -39.671742 0.314961,
61.955029 -39.681093 0.314961, 61.962065 -39.69229 0.314961,
61.966433 -39.704772 0.314961, 61.967913 -39.717913 0.314961,
61.966433 -39.731054 0.314961, 61.962065 -39.743536 0.314961,
61.955029 -39.754734 0.314961, 61.945679 -39.764085 0.314961,
61.934481 -39.77112 0.314961, 61.921999 -39.775488 0.314961,
61.908858 -39.776969 0.314961, 61.895717 -39.775488 0.314961,
61.883235 -39.77112 0.314961, 61.872038 -39.764085 0.314961,
61.862687 -39.754734 0.314961, 61.855651 -39.743536 0.314961,
61.851284 -39.731054 0.314961, 54.553858 -35.190157 0.314961,
54.540717 -35.188677 0.314961, 54.528235 -35.184309 0.314961,
54.517038 -35.177274 0.314961, 54.507687 -35.167923 0.314961,
54.500651 -35.156725 0.314961, 54.496284 -35.144243 0.314961,
54.494803 -35.131102 0.314961, 54.496284 -35.117961 0.314961,
54.500651 -35.105479 0.314961, 54.507687 -35.094282 0.314961,
54.517038 -35.084931 0.314961, 54.528235 -35.077896 0.314961,
54.540717 -35.073528 0.314961, 54.553858 -35.072047 0.314961,
54.566999 -35.073528 0.314961, 54.579481 -35.077896 0.314961,
54.590679 -35.084931 0.314961, 54.600029 -35.094282 0.314961,
54.607065 -35.105479 0.314961, 54.611433 -35.117961 0.314961,
54.612913 -35.131102 0.314961, 54.611433 -35.144243 0.314961,
54.607065 -35.156725 0.314961, 54.600029 -35.167923 0.314961,
54.590679 -35.177274 0.314961, 54.579481 -35.184309 0.314961,
54.566999 -35.188677 0.314961, 54.557756 -35.839764 0.314961,
54.559237 -35.826623 0.314961, 54.563604 -35.814141 0.314961,
54.57064 -35.802944 0.314961, 54.579991 -35.793593 0.314961,
54.591188 -35.786557 0.314961, 54.60367 -35.782189 0.314961,
54.616811 -35.780709 0.314961, 54.629952 -35.782189 0.314961,
54.642434 -35.786557 0.314961, 54.653631 -35.793593 0.314961,
54.662982 -35.802944 0.314961, 54.670018 -35.814141 0.314961,
54.674386 -35.826623 0.314961, 54.675866 -35.839764 0.314961,
54.674386 -35.852905 0.314961, 54.670018 -35.865387 0.314961,
54.662982 -35.876584 0.314961, 54.653631 -35.885935 0.314961,
54.642434 -35.892971 0.314961, 54.629952 -35.897338 0.314961,
54.616811 -35.898819 0.314961, 54.60367 -35.897338 0.314961,
54.591188 -35.892971 0.314961, 54.579991 -35.885935 0.314961,
54.57064 -35.876584 0.314961, 54.563604 -35.865387 0.314961,
54.559237 -35.852905 0.314961, 53.584646 -39.651575 0.314961,
53.387795 -39.651575 0.314961, 53.387795 -39.55315 0.314961,
52.866142 -39.55315 0.314961, 52.866142 -39.356299 0.314961,
53.406631 -39.356299 0.314961, 53.430068 -39.358819 0.314961,
53.43007 -39.35882 0.314961, 53.483105 -39.3786 0.314961,
53.483107 -39.378602 0.314961, 53.52842 -39.412523 0.314961,
53.528421 -39.412524 0.314961, 53.562343 -39.457837 0.314961,
53.562344 -39.45784 0.314961, 53.582124 -39.510874 0.314961,
53.582125 -39.510877 0.314961, 53.584645 -39.534313 0.314961,
53.584646 -39.53432 0.314961, 53.553504 -40.053969 0.314961,
53.553504 -39.848425 0.314961, 53.584646 -39.848425 0.314961,
53.584646 -39.96568 0.314961, 53.584645 -39.965687 0.314961,
53.582125 -39.989123 0.314961, 53.582124 -39.989126 0.314961,
53.562344 -40.04216 0.314961, 53.562343 -40.042163 0.314961,
53.442233 -40.094683 0.314961, 53.420431 -40.116485 0.314961,
53.405014 -40.143187 0.314961, 53.397034 -40.172969 0.314961,
53.397034 -40.203802 0.314961, 53.405014 -40.233585 0.314961,
53.420431 -40.260287 0.314961, 53.442233 -40.282089 0.314961,
53.468935 -40.297506 0.314961, 53.498717 -40.305485 0.314961,
53.52955 -40.305485 0.314961, 53.559333 -40.297506 0.314961,
53.586035 -40.282089 0.314961, 53.607837 -40.260287 0.314961,
53.614993 -40.247892 0.314961, 53.651739 -40.284638 0.314961,
53.695756 -40.328655 0.314961, 53.711602 -40.356102 0.314961,
53.726881 -40.382565 0.314961, 53.738831 -40.427165 0.314961,
53.742992 -40.442694 0.314961, 53.742992 -40.534305 0.314961,
53.742992 -40.781125 0.314961, 53.726881 -40.841254 0.314961,
53.695756 -40.895164 0.314961, 53.651739 -40.939181 0.314961,
53.60222 -40.96777 0.314961, 53.59738 -40.970963 0.314961,
53.580895 -40.992984 0.314961, 53.562518 -41.042256 0.314961,
53.528561 -41.087617 0.314961, 53.483201 -41.121573 0.314961,
53.430111 -41.141374 0.314961, 53.406643 -41.143897 0.314961,
52.198341 -41.143897 0.314961, 52.197012 -41.143916 0.314961,
52.170844 -41.152396 0.314961, 52.153414 -41.173677 0.314961,
52.150257 -41.201003 0.314961, 52.162374 -41.225698 0.314961,
52.214455 -41.282533 0.314961, 52.217466 -41.285545 0.314961,
52.328261 -41.387069 0.314961, 52.331523 -41.389807 0.314961,
52.450746 -41.48129 0.314961, 52.454234 -41.483733 0.314961,
52.58098 -41.564478 0.314961, 52.584668 -41.566607 0.314961,
52.717962 -41.635996 0.314961, 52.721822 -41.637796 0.314961,
52.860661 -41.695305 0.314961, 52.864663 -41.696762 0.314961,
53.007983 -41.74195 0.314961, 53.012097 -41.743053 0.314961,
53.158815 -41.775579 0.314961, 53.163009 -41.776319 0.314961,
53.311997 -41.795933 0.314961, 53.31624 -41.796305 0.314961,
53.46744 -41.802906 0.314961, 53.469569 -41.802953 0.314961,
62.530431 -41.802953 0.314961, 62.53256 -41.802906 0.314961,
62.68376 -41.796305 0.314961, 62.688002 -41.795933 0.314961,
62.836991 -41.776319 0.314961, 62.841185 -41.775579 0.314961,
62.987902 -41.743053 0.314961, 62.992016 -41.74195 0.314961,
63.135337 -41.696762 0.314961, 63.139339 -41.695305 0.314961,
63.278178 -41.637796 0.314961, 63.282038 -41.635996 0.314961,
63.415331 -41.566607 0.314961, 63.41902 -41.564478 0.314961,
63.545765 -41.483733 0.314961, 63.549254 -41.48129 0.314961,
63.668476 -41.389807 0.314961, 63.671739 -41.387069 0.314961,
63.782533 -41.285545 0.314961, 63.785545 -41.282533 0.314961,
63.887069 -41.171739 0.314961, 63.889807 -41.168476 0.314961,
63.98129 -41.049254 0.314961, 63.983732 -41.045766 0.314961,
63.992354 -41.032233 0.314961, 64. -41.006002 0.314961,
64. -31.993997 0.314961, 63.992354 -31.967767 0.314961,
63.983733 -31.954234 0.314961, 63.981292 -31.950749 0.314961,
63.889807 -31.831523 0.314961, 63.887069 -31.828261 0.314961,
63.785545 -31.717466 0.314961, 63.782533 -31.714455 0.314961,
63.671739 -31.61293 0.314961, 63.668476 -31.610193 0.314961,
63.549254 -31.51871 0.314961, 63.545765 -31.516267 0.314961,
63.41902 -31.435521 0.314961, 63.415331 -31.433392 0.314961,
63.282035 -31.364002 0.314961, 63.27818 -31.362205 0.314961,
63.139335 -31.304693 0.314961, 63.135341 -31.303239 0.314961,
62.992012 -31.258048 0.314961, 62.987907 -31.256948 0.314961,
62.84118 -31.224419 0.314961, 62.836996 -31.223682 0.314961,
62.687994 -31.204065 0.314961, 62.683768 -31.203695 0.314961,
62.53256 -31.197093 0.314961, 62.530431 -31.197047 0.314961,
62.505554 -31.197047 0.314961, 53.494446 -31.197047 0.314961,
53.469569 -31.197047 0.314961, 53.46744 -31.197093 0.314961,
53.316231 -31.203695 0.314961, 53.312006 -31.204065 0.314961,
53.163002 -31.223682 0.314961, 53.158821 -31.224419 0.314961,
53.01209 -31.256948 0.314961, 53.00799 -31.258047 0.314961,
52.864656 -31.30324 0.314961, 52.860667 -31.304692 0.314961,
52.721816 -31.362206 0.314961, 52.717968 -31.364 0.314961,
52.584663 -31.433394 0.314961, 52.580984 -31.435519 0.314961,
52.45423 -31.51627 0.314961, 52.45075 -31.518707 0.314961,
52.33152 -31.610195 0.314961, 52.328264 -31.612927 0.314961,
52.217461 -31.714459 0.314961, 52.214459 -31.717461 0.314961,
52.112927 -31.828264 0.314961, 52.110195 -31.83152 0.314961,
52.018707 -31.95075 0.314961, 52.01627 -31.95423 0.314961,
51.935519 -32.080984 0.314961, 51.933394 -32.084663 0.314961,
51.864 -32.217968 0.314961, 51.862206 -32.221816 0.314961,
51.804692 -32.360667 0.314961, 51.80324 -32.364656 0.314961,
51.775622 -32.452248 0.314961, 51.758046 -32.507993 0.314961,
51.756948 -32.51209 0.314961, 51.724419 -32.658821 0.314961,
51.723682 -32.663002 0.314961, 51.704065 -32.812006 0.314961,
51.703695 -32.816231 0.314961, 51.699793 -32.905626 0.314961,
51.697094 -32.96744 0.314961, 51.697047 -32.969569 0.314961,
51.697047 -34.5433 0.314961, 51.697047 -38.043312 0.314961,
51.697047 -38.456687 0.314961, 51.697047 -39.534313 0.314961,
51.697047 -40.03043 0.314961, 51.697094 -40.03256 0.314961,
51.703695 -40.183768 0.314961, 51.704065 -40.187994 0.314961,
51.723682 -40.336996 0.314961, 51.724419 -40.34118 0.314961,
51.756948 -40.487907 0.314961, 51.758048 -40.492012 0.314961,
51.803238 -40.635337 0.314961, 51.804693 -40.639335 0.314961,
51.838478 -40.720898 0.314961, 51.856669 -40.764816 0.314961,
51.869802 -40.783028 0.314961, 51.894824 -40.794456 0.314961,
51.922052 -40.790541 0.314961, 51.942841 -40.772527 0.314961,
51.950591 -40.746133 0.314961, 51.950591 -40.534305 0.314961,
51.950591 -40.5343 0.314961, 51.950936 -40.531085 0.314961,
51.953113 -40.510833 0.314961, 51.972914 -40.457744 0.314961,
51.972916 -40.457742 0.314961, 52.006871 -40.412384 0.314961,
52.006872 -40.412383 0.314961, 52.05223 -40.378428 0.314961,
52.052233 -40.378426 0.314961, 52.105321 -40.358625 0.314961,
52.128789 -40.356103 0.314961, 52.128791 -40.356102 0.314961,
52.613594 -40.356102 0.314961, 52.616207 -40.356032 0.314961,
52.642148 -40.346881 0.314961, 52.659023 -40.325158 0.314961,
52.661475 -40.29776 0.314961, 52.65815 -40.28104 0.314961,
52.65815 -40.218958 0.314961, 52.661514 -40.202044 0.314961,
52.661956 -40.199467 0.314961, 52.658041 -40.17224 0.314961,
52.640027 -40.151451 0.314961, 52.613633 -40.143701 0.314961,
52.128808 -40.143701 0.314961, 52.128801 -40.1437 0.314961,
52.105365 -40.14118 0.314961, 52.105362 -40.14118 0.314961,
52.052328 -40.121399 0.314961, 52.052325 -40.121398 0.314961,
52.007013 -40.087476 0.314961, 52.007011 -40.087475 0.314961,
51.97309 -40.042163 0.314961, 51.973089 -40.04216 0.314961,
51.953308 -39.989126 0.314961, 51.953307 -39.989123 0.314961,
51.950787 -39.965687 0.314961, 51.950787 -39.848425 0.314961,
52.147638 -39.848425 0.314961, 52.147638 -39.94685 0.314961,
53.387795 -39.94685 0.314961, 53.387795 -39.848425 0.314961,
53.474764 -39.848425 0.314961, 53.474764 -40.053969 0.314961,
53.474764 -40.077704 0.314961, 53.468935 -40.079266 0.314961,
53.455079 -40.188386 0.314961, 53.456559 -40.175245 0.314961,
53.460927 -40.162763 0.314961, 53.467963 -40.151566 0.314961,
53.477314 -40.142215 0.314961, 53.488511 -40.135179 0.314961,
53.500993 -40.130811 0.314961, 53.514134 -40.129331 0.314961,
53.527275 -40.130811 0.314961, 53.539757 -40.135179 0.314961,
53.550954 -40.142215 0.314961, 53.560305 -40.151566 0.314961,
53.567341 -40.162763 0.314961, 53.571708 -40.175245 0.314961,
53.573189 -40.188386 0.314961, 53.571708 -40.201527 0.314961,
53.567341 -40.214009 0.314961, 53.560305 -40.225206 0.314961,
53.550954 -40.234557 0.314961, 53.539757 -40.241593 0.314961,
53.527275 -40.24596 0.314961, 53.514134 -40.247441 0.314961,
53.500993 -40.24596 0.314961, 53.488511 -40.241593 0.314961,
53.477314 -40.234557 0.314961, 53.467963 -40.225206 0.314961,
53.460927 -40.214009 0.314961, 53.456559 -40.201527 0.314961,
62.061288 -36.826139 0.314961, 62.039486 -36.847942 0.314961,
62.024069 -36.874644 0.314961, 62.016089 -36.904426 0.314961,
62.016089 -36.935259 0.314961, 62.024069 -36.965041 0.314961,
62.039486 -36.991743 0.314961, 62.061288 -37.013546 0.314961,
62.08799 -37.028962 0.314961, 62.093819 -37.030524 0.314961,
62.093819 -37.226487 0.314961, 61.557186 -37.76312 0.314961,
61.544007 -37.743395 0.314961, 61.512075 -37.722059 0.314961,
61.474409 -37.714567 0.314961, 61.277559 -37.714567 0.314961,
61.239893 -37.722059 0.314961, 61.207962 -37.743395 0.314961,
61.186626 -37.775326 0.314961, 61.179134 -37.812992 0.314961,
61.179134 -38.187008 0.314961, 61.186626 -38.224674 0.314961,
61.207962 -38.256605 0.314961, 61.239893 -38.277941 0.314961,
61.277559 -38.285433 0.314961, 61.474409 -38.285433 0.314961,
61.512075 -38.277941 0.314961, 61.544007 -38.256605 0.314961,
61.565343 -38.224674 0.314961, 61.572835 -38.187008 0.314961,
61.572835 -37.858828 0.314961, 62.161028 -37.270634 0.314961,
62.165924 -37.264668 0.314961, 62.171803 -37.250476 0.314961,
62.172559 -37.242795 0.314961, 62.172559 -37.030524 0.314961,
62.178388 -37.028962 0.314961, 62.20509 -37.013546 0.314961,
62.226892 -36.991743 0.314961, 62.242309 -36.965041 0.314961,
62.250289 -36.935259 0.314961, 62.250289 -36.904426 0.314961,
62.242309 -36.874644 0.314961, 62.226892 -36.847942 0.314961,
62.20509 -36.826139 0.314961, 62.178388 -36.810723 0.314961,
62.148606 -36.802743 0.314961, 62.117772 -36.802743 0.314961,
62.08799 -36.810723 0.314961, 62.074134 -36.919843 0.314961,
62.075614 -36.906702 0.314961, 62.079982 -36.894219 0.314961,
62.087018 -36.883022 0.314961, 62.096369 -36.873671 0.314961,
62.107566 -36.866636 0.314961, 62.120048 -36.862268 0.314961,
62.133189 -36.860787 0.314961, 62.14633 -36.862268 0.314961,
62.158812 -36.866636 0.314961, 62.170009 -36.873671 0.314961,
62.17936 -36.883022 0.314961, 62.186396 -36.894219 0.314961,
62.190763 -36.906702 0.314961, 62.192244 -36.919843 0.314961,
62.190763 -36.932984 0.314961, 62.186396 -36.945466 0.314961,
62.17936 -36.956663 0.314961, 62.170009 -36.966014 0.314961,
62.158812 -36.973049 0.314961, 62.14633 -36.977417 0.314961,
62.133189 -36.978898 0.314961, 62.120048 -36.977417 0.314961,
62.107566 -36.973049 0.314961, 62.096369 -36.966014 0.314961,
62.087018 -36.956663 0.314961, 62.079982 -36.945466 0.314961,
62.075614 -36.932984 0.314961, 57.501562 -34.729701 0.314961,
57.47976 -34.751503 0.314961, 57.464343 -34.778205 0.314961,
57.456363 -34.807987 0.314961, 57.456363 -34.836659 0.314961,
57.354173 -34.93885 0.314961, 57.354173 -34.929646 0.314961,
57.353417 -34.921965 0.314961, 57.347538 -34.907773 0.314961,
57.347538 -34.907772 0.314961, 57.342642 -34.901807 0.314961,
57.152541 -34.711706 0.314961, 57.163416 -34.70444 0.314961,
57.184752 -34.672508 0.314961, 57.192244 -34.634843 0.314961,
57.192244 -34.42815 0.314961, 57.184752 -34.390484 0.314961,
57.163416 -34.358552 0.314961, 57.131485 -34.337217 0.314961,
57.093819 -34.329724 0.314961, 56.739488 -34.329724 0.314961,
56.701822 -34.337217 0.314961, 56.669891 -34.358552 0.314961,
56.648555 -34.390484 0.314961, 56.641063 -34.42815 0.314961,
56.641063 -34.634843 0.314961, 56.648555 -34.672508 0.314961,
56.669891 -34.70444 0.314961, 56.701822 -34.725776 0.314961,
56.739488 -34.733268 0.314961, 57.062747 -34.733268 0.314961,
57.275433 -34.945954 0.314961, 57.275433 -35.033898 0.314961,
57.275433 -35.424834 0.314961, 56.412826 -36.287441 0.314961,
53.291339 -36.287441 0.314961, 53.291339 -36.202087 0.314961,
53.350394 -36.202087 0.314961, 53.388059 -36.194594 0.314961,
53.419991 -36.173259 0.314961, 53.441327 -36.141327 0.314961,
53.448819 -36.103661 0.314961, 53.448819 -35.729646 0.314961,
53.441327 -35.69198 0.314961, 53.419991 -35.660048 0.314961,
53.388059 -35.638713 0.314961, 53.350394 -35.63122 0.314961,
53.153543 -35.63122 0.314961, 53.115878 -35.638713 0.314961,
53.083946 -35.660048 0.314961, 53.06261 -35.69198 0.314961,
53.055118 -35.729646 0.314961, 53.055118 -36.103661 0.314961,
53.06261 -36.141327 0.314961, 53.083946 -36.173259 0.314961,
53.115878 -36.194594 0.314961, 53.153543 -36.202087 0.314961,
53.212598 -36.202087 0.314961, 53.212598 -36.326811 0.314961,
53.212598 -36.797913 0.314961, 53.153543 -36.797913 0.314961,
53.115878 -36.805406 0.314961, 53.083946 -36.826741 0.314961,
53.06261 -36.858673 0.314961, 53.055118 -36.896339 0.314961,
53.055118 -37.270354 0.314961, 53.06261 -37.30802 0.314961,
53.083946 -37.339952 0.314961, 53.115878 -37.361287 0.314961,
53.153543 -37.36878 0.314961, 53.350394 -37.36878 0.314961,
53.388059 -37.361287 0.314961, 53.419991 -37.339952 0.314961,
53.441327 -37.30802 0.314961, 53.448819 -37.270354 0.314961,
53.448819 -36.896339 0.314961, 53.441327 -36.858673 0.314961,
53.419991 -36.826741 0.314961, 53.388059 -36.805406 0.314961,
53.350394 -36.797913 0.314961, 53.291339 -36.797913 0.314961,
53.291339 -36.366181 0.314961, 56.429134 -36.366181 0.314961,
56.436815 -36.365425 0.314961, 56.451007 -36.359546 0.314961,
56.456973 -36.35465 0.314961, 57.342642 -35.468981 0.314961,
57.347538 -35.463015 0.314961, 57.353417 -35.448822 0.314961,
57.354173 -35.441142 0.314961, 57.354173 -35.050205 0.314961,
57.494417 -34.909961 0.314961, 57.501562 -34.917107 0.314961,
57.528264 -34.932524 0.314961, 57.558046 -34.940504 0.314961,
57.58888 -34.940504 0.314961, 57.618662 -34.932524 0.314961,
57.645364 -34.917107 0.314961, 57.667166 -34.895305 0.314961,
57.682583 -34.868603 0.314961, 57.690563 -34.83882 0.314961,
57.690563 -34.807987 0.314961, 57.682583 -34.778205 0.314961,
57.667166 -34.751503 0.314961, 57.645364 -34.729701 0.314961,
57.618662 -34.714284 0.314961, 57.58888 -34.706304 0.314961,
57.558046 -34.706304 0.314961, 57.528264 -34.714284 0.314961,
57.514408 -34.823404 0.314961, 57.515889 -34.810263 0.314961,
57.520256 -34.797781 0.314961, 57.527292 -34.786584 0.314961,
57.536643 -34.777233 0.314961, 57.54784 -34.770197 0.314961,
57.560322 -34.765829 0.314961, 57.573463 -34.764349 0.314961,
57.586604 -34.765829 0.314961, 57.599086 -34.770197 0.314961,
57.610283 -34.777233 0.314961, 57.619634 -34.786584 0.314961,
57.62667 -34.797781 0.314961, 57.631037 -34.810263 0.314961,
57.632518 -34.823404 0.314961, 57.631037 -34.836545 0.314961,
57.62667 -34.849027 0.314961, 57.619634 -34.860224 0.314961,
57.610283 -34.869575 0.314961, 57.599086 -34.876611 0.314961,
57.586604 -34.880978 0.314961, 57.573463 -34.882459 0.314961,
57.560322 -34.880978 0.314961, 57.54784 -34.876611 0.314961,
57.536643 -34.869575 0.314961, 57.527292 -34.860224 0.314961,
57.520256 -34.849027 0.314961, 57.515889 -34.836545 0.314961,
55.526249 -40.64862 0.314961, 55.504446 -40.670422 0.314961,
55.48903 -40.697124 0.314961, 55.48633 -40.707201 0.314961,
55.480568 -40.709588 0.314961, 55.479298 -40.71063 0.314961,
55.375984 -40.71063 0.314961, 55.375984 -40.55315 0.314961,
54.135827 -40.55315 0.314961, 54.135827 -40.94685 0.314961,
55.375984 -40.94685 0.314961, 55.375984 -40.78937 0.314961,
55.490097 -40.78937 0.314961, 55.504446 -40.814224 0.314961,
55.526249 -40.836026 0.314961, 55.552951 -40.851443 0.314961,
55.582733 -40.859422 0.314961, 55.613566 -40.859422 0.314961,
55.643348 -40.851443 0.314961, 55.67005 -40.836026 0.314961,
55.691853 -40.814224 0.314961, 55.707269 -40.787522 0.314961,
55.715249 -40.757739 0.314961, 55.715249 -40.726906 0.314961,
55.707269 -40.697124 0.314961, 55.691853 -40.670422 0.314961,
55.67005 -40.64862 0.314961, 55.643348 -40.633203 0.314961,
55.613566 -40.625223 0.314961, 55.582733 -40.625223 0.314961,
55.552951 -40.633203 0.314961, 55.539094 -40.742323 0.314961,
55.540575 -40.729182 0.314961, 55.544943 -40.7167 0.314961,
55.551978 -40.705503 0.314961, 55.561329 -40.696152 0.314961,
55.572527 -40.689116 0.314961, 55.585009 -40.684748 0.314961,
55.59815 -40.683268 0.314961, 55.611291 -40.684748 0.314961,
55.623773 -40.689116 0.314961, 55.63497 -40.696152 0.314961,
55.644321 -40.705503 0.314961, 55.651356 -40.7167 0.314961,
55.655724 -40.729182 0.314961, 55.657205 -40.742323 0.314961,
55.655724 -40.755464 0.314961, 55.651356 -40.767946 0.314961,
55.644321 -40.779143 0.314961, 55.63497 -40.788494 0.314961,
55.623773 -40.79553 0.314961, 55.611291 -40.799897 0.314961,
55.59815 -40.801378 0.314961, 55.585009 -40.799897 0.314961,
55.572527 -40.79553 0.314961, 55.561329 -40.788494 0.314961,
55.551978 -40.779143 0.314961, 55.544943 -40.767946 0.314961,
55.540575 -40.755464 0.314961, 54.391918 -34.611179 0.314961,
54.370116 -34.632981 0.314961, 54.354699 -34.659683 0.314961,
54.346719 -34.689465 0.314961, 54.346719 -34.720298 0.314961,
54.354699 -34.750081 0.314961, 54.370116 -34.776783 0.314961,
54.391918 -34.798585 0.314961, 54.41862 -34.814002 0.314961,
54.448402 -34.821981 0.314961, 54.479235 -34.821981 0.314961,
54.509018 -34.814002 0.314961, 54.53572 -34.798585 0.314961,
54.557522 -34.776783 0.314961, 54.572939 -34.750081 0.314961,
54.5745 -34.744252 0.314961, 54.938574 -34.744252 0.314961,
55.264112 -35.06979 0.314961, 55.253237 -35.077056 0.314961,
55.231902 -35.108988 0.314961, 55.224409 -35.146654 0.314961,
55.224409 -35.353346 0.314961, 55.231902 -35.391012 0.314961,
55.253237 -35.422944 0.314961, 55.285169 -35.44428 0.314961,
55.322835 -35.451772 0.314961, 55.677165 -35.451772 0.314961,
55.714831 -35.44428 0.314961, 55.746763 -35.422944 0.314961,
55.768098 -35.391012 0.314961, 55.775591 -35.353346 0.314961,
55.775591 -35.146654 0.314961, 55.768098 -35.108988 0.314961,
55.746763 -35.077056 0.314961, 55.714831 -35.05572 0.314961,
55.677165 -35.048228 0.314961, 55.353906 -35.048228 0.314961,
54.982721 -34.677043 0.314961, 54.976755 -34.672147 0.314961,
54.962563 -34.666268 0.314961, 54.954882 -34.665512 0.314961,
54.5745 -34.665512 0.314961, 54.572939 -34.659683 0.314961,
54.557522 -34.632981 0.314961, 54.53572 -34.611179 0.314961,
54.509018 -34.595762 0.314961, 54.479235 -34.587782 0.314961,
54.448402 -34.587782 0.314961, 54.41862 -34.595762 0.314961,
54.404764 -34.704882 0.314961, 54.406244 -34.691741 0.314961,
54.410612 -34.679259 0.314961, 54.417648 -34.668062 0.314961,
54.426999 -34.658711 0.314961, 54.438196 -34.651675 0.314961,
54.450678 -34.647307 0.314961, 54.463819 -34.645827 0.314961,
54.47696 -34.647307 0.314961, 54.489442 -34.651675 0.314961,
54.500639 -34.658711 0.314961, 54.50999 -34.668062 0.314961,
54.517026 -34.679259 0.314961, 54.521393 -34.691741 0.314961,
54.522874 -34.704882 0.314961, 54.521393 -34.718023 0.314961,
54.517026 -34.730505 0.314961, 54.50999 -34.741702 0.314961,
54.500639 -34.751053 0.314961, 54.489442 -34.758089 0.314961,
54.47696 -34.762456 0.314961, 54.463819 -34.763937 0.314961,
54.450678 -34.762456 0.314961, 54.438196 -34.758089 0.314961,
54.426999 -34.751053 0.314961, 54.417648 -34.741702 0.314961,
54.410612 -34.730505 0.314961, 54.406244 -34.718023 0.314961
              ]
            }
            coordIndex [
106, 107, 79, -1, 79, 107, 108, -1, 79, 108, 78, -1, 78, 108, 109, -1,
78, 109, 77, -1, 77, 109, 110, -1, 77, 110, 97, -1, 97, 110, 111, -1,
97, 111, 112, -1, 2269, 2314, 1517, -1, 2269, 1518, 1519, -1, 2269, 1519, 1520, -1,
2269, 1520, 1521, -1, 2269, 1521, 1522, -1, 2269, 1522, 1523, -1, 2269, 1523, 1524, -1,
2269, 1524, 1525, -1, 2269, 1525, 1526, -1, 2269, 1526, 2268, -1, 1527, 1528, 2263, -1,
1527, 2264, 2265, -1, 1527, 2266, 2267, -1, 1527, 2267, 2268, -1, 1527, 2268, 1526, -1,
1528, 1529, 2258, -1, 1528, 2258, 2259, -1, 1528, 2259, 2260, -1, 1528, 2262, 2263, -1,
1529, 1530, 2252, -1, 1529, 2255, 2256, -1, 1529, 2256, 2257, -1, 1529, 2257, 2258, -1,
2252, 1530, 1531, -1, 2252, 1531, 1532, -1, 2252, 1533, 1534, -1, 2252, 1534, 2251, -1,
1535, 2249, 2250, -1, 1535, 2250, 1534, -1, 2243, 2244, 1537, -1, 1537, 2244, 2245, -1,
1537, 2245, 1536, -1, 1536, 2245, 2246, -1, 1536, 2246, 1535, -1, 1535, 2247, 2248, -1,
1537, 1538, 2237, -1, 1537, 2237, 2238, -1, 1537, 2240, 2241, -1, 1537, 2241, 2242, -1,
2237, 1538, 1552, -1, 2237, 1552, 1553, -1, 2237, 1553, 1449, -1, 2237, 1449, 1995, -1,
2237, 1995, 1996, -1, 2237, 1996, 2019, -1, 2237, 2019, 2020, -1, 2237, 2020, 2236, -1,
1449, 1553, 1448, -1, 1448, 1553, 1554, -1, 1448, 1554, 1472, -1, 1472, 1554, 1555, -1,
1472, 1555, 1589, -1, 1589, 1555, 1556, -1, 1589, 1556, 1588, -1, 1588, 1556, 1557, -1,
1588, 1557, 1587, -1, 1587, 1557, 1558, -1, 1587, 1558, 2802, -1, 2802, 1558, 1559, -1,
2802, 1559, 1560, -1, 1538, 1539, 1546, -1, 1538, 1546, 1547, -1, 1538, 1547, 1548, -1,
1538, 1548, 1549, -1, 1538, 1549, 1550, -1, 1538, 1550, 1551, -1, 1538, 1551, 1552, -1,
1540, 1473, 1541, -1, 1540, 1541, 1542, -1, 1540, 1542, 1543, -1, 1540, 1543, 1544, -1,
1540, 1544, 1545, -1, 1540, 1545, 1546, -1, 21, 23, 2852, -1, 21, 2852, 2853, -1,
21, 2853, 2854, -1, 21, 2854, 2855, -1, 21, 2855, 2856, -1, 21, 2856, 19, -1,
21, 19, 20, -1, 1329, 1330, 1331, -1, 1329, 1331, 93, -1, 1329, 93, 94, -1,
1329, 94, 97, -1, 1329, 97, 112, -1, 1329, 112, 113, -1, 1329, 113, 114, -1,
1329, 114, 1328, -1, 96, 97, 94, -1, 96, 94, 95, -1, 116, 31, 115, -1,
115, 31, 32, -1, 115, 32, 1328, -1, 1328, 33, 1327, -1, 1327, 33, 34, -1,
1327, 34, 1344, -1, 1344, 34, 35, -1, 1344, 35, 36, -1, 92, 1331, 91, -1,
91, 1331, 1323, -1, 91, 1323, 90, -1, 90, 1323, 1294, -1, 90, 1294, 1787, -1,
1787, 1294, 1295, -1, 1787, 1295, 1296, -1, 1305, 1306, 1787, -1, 1787, 1307, 59, -1,
59, 1307, 1290, -1, 59, 1290, 1308, -1, 1308, 1290, 1291, -1, 1308, 1291, 1326, -1,
1326, 1291, 1292, -1, 1326, 1292, 1325, -1, 1325, 1292, 1293, -1, 1325, 1293, 1324, -1,
1324, 1293, 1294, -1, 1324, 1294, 1323, -1, 49, 51, 1318, -1, 49, 1318, 1319, -1,
49, 1320, 48, -1, 1320, 1321, 45, -1, 45, 1322, 1323, -1, 45, 1323, 1332, -1,
45, 1332, 1333, -1, 45, 1334, 44, -1, 43, 1334, 1335, -1, 43, 1336, 42, -1,
1338, 41, 42, -1, 1337, 42, 1336, -1, 1340, 39, 40, -1, 1339, 40, 1338, -1,
1342, 37, 38, -1, 1341, 38, 1340, -1, 1343, 36, 1342, -1, 1784, 1785, 208, -1,
1784, 208, 209, -1, 1784, 210, 211, -1, 1784, 211, 212, -1, 1784, 214, 215, -1,
1784, 216, 217, -1, 1784, 218, 219, -1, 1784, 219, 220, -1, 1784, 220, 221, -1,
1784, 221, 222, -1, 1784, 222, 223, -1, 1784, 223, 224, -1, 1784, 224, 225, -1,
1784, 225, 154, -1, 1784, 154, 1778, -1, 1784, 1778, 1783, -1, 1785, 1786, 205, -1,
1785, 206, 207, -1, 1785, 207, 208, -1, 201, 202, 1787, -1, 1787, 202, 203, -1,
1787, 203, 1786, -1, 1786, 204, 205, -1, 1787, 60, 61, -1, 1787, 62, 63, -1,
1787, 63, 64, -1, 1787, 65, 66, -1, 1787, 66, 67, -1, 1787, 68, 69, -1,
1787, 70, 71, -1, 1787, 72, 73, -1, 1787, 73, 74, -1, 1787, 75, 76, -1,
1787, 0, 190, -1, 1787, 190, 191, -1, 1787, 192, 193, -1, 1787, 193, 194, -1,
1787, 195, 196, -1, 1787, 197, 198, -1, 1787, 198, 199, -1, 1787, 200, 201, -1,
0, 171, 172, -1, 0, 172, 173, -1, 0, 173, 174, -1, 0, 174, 176, -1,
0, 177, 178, -1, 0, 179, 181, -1, 0, 182, 183, -1, 0, 183, 185, -1,
0, 185, 186, -1, 0, 186, 187, -1, 0, 187, 188, -1, 0, 188, 189, -1,
0, 189, 190, -1, 1787, 1297, 1298, -1, 1787, 1299, 1300, -1, 1787, 1301, 1302, -1,
1787, 1303, 1304, -1, 90, 1787, 1788, -1, 90, 1788, 1789, -1, 90, 1789, 1790, -1,
90, 1790, 1791, -1, 90, 1791, 1792, -1, 90, 1792, 1793, -1, 90, 1793, 1794, -1,
90, 1794, 1795, -1, 90, 1795, 89, -1, 89, 1795, 1796, -1, 89, 1798, 88, -1,
1798, 1799, 105, -1, 1798, 105, 106, -1, 1798, 106, 79, -1, 1798, 80, 81, -1,
1798, 82, 83, -1, 1798, 84, 85, -1, 1798, 86, 87, -1, 1799, 1800, 101, -1,
1799, 101, 102, -1, 1799, 102, 103, -1, 1799, 103, 104, -1, 1799, 104, 105, -1,
1800, 1801, 98, -1, 1800, 98, 99, -1, 1800, 99, 100, -1, 1800, 100, 101, -1,
2376, 2377, 2378, -1, 2376, 2378, 2382, -1, 2376, 2382, 2383, -1, 2371, 2372, 2385, -1,
2371, 2385, 2387, -1, 2371, 2387, 2369, -1, 2371, 2369, 2370, -1, 2353, 2339, 2340, -1,
2353, 2340, 2352, -1, 2352, 2340, 2341, -1, 2352, 2341, 2351, -1, 2351, 2341, 2342, -1,
2344, 2345, 2350, -1, 2344, 2350, 2351, -1, 2346, 2347, 2349, -1, 2346, 2349, 2350, -1,
2346, 2350, 2345, -1, 2302, 2296, 2301, -1, 2301, 2296, 2297, -1, 2301, 2297, 2300, -1,
2300, 2297, 2298, -1, 2300, 2298, 2299, -1, 2303, 2304, 2295, -1, 2303, 2295, 2296, -1,
2292, 2293, 2307, -1, 2307, 2293, 2294, -1, 2307, 2294, 2306, -1, 2306, 2294, 2295, -1,
2306, 2295, 2305, -1, 59, 1308, 1309, -1, 59, 1310, 1311, -1, 59, 1312, 58, -1,
1312, 1313, 56, -1, 1312, 56, 57, -1, 1314, 1315, 53, -1, 1314, 53, 54, -1,
1314, 54, 55, -1, 1314, 55, 56, -1, 1316, 1317, 51, -1, 1316, 52, 53, -1,
332, 333, 246, -1, 246, 333, 334, -1, 246, 334, 245, -1, 245, 334, 335, -1,
245, 335, 2592, -1, 2592, 335, 336, -1, 2592, 336, 337, -1, 251, 328, 250, -1,
250, 328, 329, -1, 250, 329, 249, -1, 249, 329, 330, -1, 249, 330, 248, -1,
248, 330, 331, -1, 248, 331, 247, -1, 247, 331, 332, -1, 247, 332, 246, -1,
252, 253, 327, -1, 252, 327, 328, -1, 252, 328, 251, -1, 226, 227, 319, -1,
226, 319, 320, -1, 226, 320, 325, -1, 226, 325, 326, -1, 226, 326, 327, -1,
226, 327, 253, -1, 318, 319, 233, -1, 318, 233, 234, -1, 318, 234, 235, -1,
318, 235, 236, -1, 318, 236, 237, -1, 318, 237, 238, -1, 318, 238, 239, -1,
318, 239, 240, -1, 318, 240, 2592, -1, 318, 2592, 317, -1, 319, 227, 228, -1,
319, 228, 229, -1, 319, 229, 230, -1, 319, 230, 231, -1, 319, 231, 232, -1,
319, 232, 233, -1, 320, 254, 321, -1, 320, 321, 322, -1, 320, 322, 323, -1,
320, 323, 324, -1, 320, 324, 325, -1, 2923, 2924, 306, -1, 2923, 306, 307, -1,
2923, 307, 308, -1, 2923, 308, 2592, -1, 2923, 2592, 2922, -1, 2925, 2926, 302, -1,
2925, 303, 304, -1, 2925, 304, 305, -1, 2925, 305, 306, -1, 2925, 306, 2924, -1,
2927, 2928, 297, -1, 2927, 299, 300, -1, 2927, 301, 302, -1, 2927, 302, 2926, -1,
2929, 2930, 295, -1, 2929, 295, 296, -1, 2929, 296, 297, -1, 2929, 297, 2928, -1,
2931, 2932, 293, -1, 2931, 293, 294, -1, 2931, 294, 295, -1, 2931, 295, 2930, -1,
2933, 2934, 289, -1, 2933, 290, 291, -1, 2933, 292, 293, -1, 2933, 293, 2932, -1,
2935, 2936, 288, -1, 2935, 288, 289, -1, 2935, 289, 2934, -1, 2938, 286, 287, -1,
2938, 287, 2937, -1, 2937, 287, 288, -1, 2937, 288, 2936, -1, 2938, 2939, 1504, -1,
2938, 1504, 1505, -1, 2938, 1505, 1506, -1, 2938, 1508, 1509, -1, 2938, 1510, 1511, -1,
2938, 1512, 1513, -1, 2938, 1513, 1514, -1, 2938, 1514, 1515, -1, 2938, 1515, 1516, -1,
2938, 1516, 1517, -1, 2938, 1517, 2318, -1, 2938, 2319, 2320, -1, 2938, 2321, 2322, -1,
2938, 2323, 2324, -1, 2938, 2325, 2326, -1, 2938, 2327, 2328, -1, 2938, 2329, 2330, -1,
2938, 2331, 2332, -1, 2938, 2333, 2334, -1, 2938, 2336, 2337, -1, 2938, 2338, 2353, -1,
2938, 2354, 2355, -1, 2938, 2356, 2357, -1, 2938, 2358, 2359, -1, 2938, 2359, 2390, -1,
2938, 2391, 2392, -1, 2938, 2393, 2394, -1, 2938, 2395, 2396, -1, 2938, 2397, 2398, -1,
2938, 2399, 2400, -1, 2938, 2400, 2402, -1, 2938, 2402, 2403, -1, 2938, 2404, 277, -1,
2938, 278, 279, -1, 2938, 279, 280, -1, 2938, 281, 282, -1, 2938, 283, 284, -1,
2938, 284, 285, -1, 271, 272, 2424, -1, 2424, 272, 273, -1, 2424, 273, 2412, -1,
2412, 273, 274, -1, 2412, 274, 2411, -1, 2411, 274, 2410, -1, 275, 276, 2405, -1,
275, 2405, 2406, -1, 275, 2406, 2407, -1, 275, 2407, 2408, -1, 275, 2408, 2409, -1,
275, 2409, 2410, -1, 275, 2410, 274, -1, 276, 277, 2404, -1, 276, 2404, 2405, -1,
2382, 2378, 2379, -1, 2382, 2379, 2380, -1, 2382, 2380, 2381, -1, 2372, 2373, 2385, -1,
2385, 2373, 2374, -1, 2385, 2374, 2384, -1, 2384, 2374, 2375, -1, 2365, 2366, 2388, -1,
2388, 2367, 2387, -1, 2387, 2367, 2368, -1, 2390, 2361, 2362, -1, 2390, 2362, 2389, -1,
2389, 2362, 2363, -1, 2388, 2363, 2364, -1, 2388, 2364, 2365, -1, 2307, 2308, 2288, -1,
2307, 2288, 2289, -1, 2307, 2290, 2291, -1, 2285, 2286, 2310, -1, 2310, 2287, 2309, -1,
2309, 2287, 2288, -1, 2310, 2283, 2284, -1, 2281, 2282, 2313, -1, 2313, 2282, 2283, -1,
2312, 2283, 2311, -1, 2278, 2279, 2314, -1, 2314, 2280, 2313, -1, 2313, 2280, 2281, -1,
2314, 2270, 2271, -1, 2314, 2271, 2272, -1, 2314, 2272, 2273, -1, 2314, 2273, 2274, -1,
2314, 2274, 2275, -1, 2314, 2275, 2276, -1, 1517, 2315, 2316, -1, 1517, 2317, 2318, -1,
1503, 1504, 2939, -1, 1503, 2939, 2940, -1, 1503, 2940, 2941, -1, 1503, 2941, 1502, -1,
2943, 1501, 1502, -1, 2943, 1502, 2942, -1, 2942, 1502, 2941, -1, 2943, 2944, 1498, -1,
2943, 1499, 1500, -1, 2945, 2946, 1496, -1, 2945, 1496, 1497, -1, 2945, 1497, 1498, -1,
2945, 1498, 2944, -1, 2947, 2948, 1494, -1, 2947, 1495, 1496, -1, 2947, 1496, 2946, -1,
2949, 2950, 1491, -1, 2949, 1492, 1493, -1, 2949, 1493, 1494, -1, 2949, 1494, 2948, -1,
2951, 2952, 1486, -1, 2951, 1487, 1488, -1, 2951, 1488, 1489, -1, 2951, 1490, 1491, -1,
2951, 1491, 2950, -1, 2953, 2954, 1483, -1, 2953, 1483, 1484, -1, 2953, 1484, 1485, -1,
2953, 1485, 1486, -1, 2953, 1486, 2952, -1, 1480, 1481, 1569, -1, 1569, 1481, 1482, -1,
1569, 1482, 2954, -1, 2954, 1482, 1483, -1, 2630, 2631, 2612, -1, 2612, 2631, 2633, -1,
2612, 2633, 2611, -1, 2611, 2634, 2610, -1, 2610, 2634, 2635, -1, 2612, 2613, 2628, -1,
2614, 2615, 2627, -1, 2616, 2617, 2626, -1, 2616, 2626, 2627, -1, 2616, 2627, 2615, -1,
2626, 2617, 2618, -1, 2626, 2618, 2619, -1, 2626, 2619, 2620, -1, 2626, 2620, 2625, -1,
2621, 2622, 2624, -1, 2621, 2624, 2625, -1, 2621, 2625, 2620, -1, 2921, 2922, 2592, -1,
2921, 2595, 2596, -1, 2921, 2596, 2598, -1, 2921, 2598, 2920, -1, 2592, 308, 309, -1,
2592, 309, 310, -1, 2592, 310, 311, -1, 2592, 311, 312, -1, 2592, 312, 313, -1,
2592, 313, 314, -1, 2592, 314, 315, -1, 2592, 315, 316, -1, 2592, 316, 317, -1,
2592, 240, 241, -1, 2592, 241, 242, -1, 2592, 242, 243, -1, 2592, 243, 244, -1,
2592, 244, 245, -1, 2592, 337, 338, -1, 2592, 338, 339, -1, 2592, 339, 340, -1,
2592, 340, 341, -1, 2592, 341, 342, -1, 2592, 342, 343, -1, 2592, 343, 344, -1,
2592, 344, 345, -1, 2592, 345, 346, -1, 2592, 346, 773, -1, 2592, 773, 774, -1,
2592, 774, 1614, -1, 2592, 1614, 1615, -1, 2592, 1616, 1617, -1, 2592, 1618, 1619, -1,
2592, 1619, 1620, -1, 2592, 1620, 2591, -1, 321, 254, 255, -1, 321, 256, 257, -1,
321, 257, 258, -1, 321, 258, 773, -1, 321, 773, 348, -1, 773, 346, 347, -1,
773, 347, 348, -1, 2590, 1620, 1621, -1, 2590, 1622, 2589, -1, 1623, 1624, 2586, -1,
1623, 2586, 2587, -1, 1623, 2587, 2588, -1, 1623, 2588, 2589, -1, 1623, 2589, 1622, -1,
1625, 1606, 2584, -1, 1625, 2584, 2585, -1, 1625, 2585, 2586, -1, 2584, 1606, 2543, -1,
2584, 2543, 2553, -1, 2584, 2553, 2554, -1, 2584, 2555, 2556, -1, 2584, 2556, 2557, -1,
2584, 2558, 2559, -1, 2584, 2560, 2561, -1, 2584, 2561, 2562, -1, 2584, 2563, 2564, -1,
2584, 2564, 2565, -1, 2584, 2565, 2566, -1, 2584, 2566, 2567, -1, 2584, 2567, 2568, -1,
2584, 2568, 2569, -1, 2584, 2569, 2570, -1, 2584, 2570, 2571, -1, 2584, 2571, 2572, -1,
2584, 2572, 2573, -1, 2584, 2573, 2574, -1, 2584, 2574, 2575, -1, 2584, 2575, 2576, -1,
2584, 2577, 2578, -1, 2584, 2578, 2579, -1, 2584, 2579, 2580, -1, 2584, 2580, 2583, -1,
2581, 2582, 2583, -1, 2581, 2583, 2580, -1, 2912, 2913, 2910, -1, 2910, 2913, 2914, -1,
2910, 2914, 2909, -1, 2909, 2914, 2915, -1, 2909, 2915, 2908, -1, 2908, 2915, 2916, -1,
2908, 2916, 2907, -1, 2907, 2916, 2917, -1, 2907, 2917, 2906, -1, 2906, 2917, 2607, -1,
2906, 2607, 2642, -1, 2642, 2607, 2641, -1, 2608, 2609, 2638, -1, 2608, 2638, 2639, -1,
2608, 2639, 2640, -1, 2608, 2640, 2641, -1, 2608, 2641, 2607, -1, 2609, 2610, 2636, -1,
2609, 2636, 2637, -1, 2917, 2918, 2602, -1, 2917, 2603, 2604, -1, 2917, 2604, 2605, -1,
2917, 2605, 2606, -1, 2917, 2606, 2607, -1, 2919, 2920, 2598, -1, 2919, 2599, 2600, -1,
2919, 2601, 2602, -1, 2919, 2602, 2918, -1, 2904, 2905, 2644, -1, 2644, 2905, 2906, -1,
2644, 2906, 2643, -1, 2643, 2906, 2642, -1, 2902, 2903, 2646, -1, 2646, 2903, 2904, -1,
2646, 2904, 2645, -1, 2645, 2904, 2644, -1, 2900, 2901, 2648, -1, 2648, 2901, 2902, -1,
2648, 2902, 2647, -1, 2647, 2902, 2646, -1, 2648, 2649, 2886, -1, 2648, 2886, 2887, -1,
2648, 2887, 2888, -1, 2648, 2888, 2889, -1, 2648, 2889, 2890, -1, 2648, 2890, 2891, -1,
2648, 2891, 2892, -1, 2648, 2892, 2893, -1, 2648, 2893, 2894, -1, 2648, 2894, 2895, -1,
2648, 2895, 2896, -1, 2648, 2896, 2897, -1, 2648, 2897, 2898, -1, 2648, 2898, 2899, -1,
2648, 2899, 2900, -1, 2886, 2649, 2650, -1, 2886, 2650, 2651, -1, 2886, 2651, 2653, -1,
2886, 2654, 2655, -1, 2886, 2656, 2657, -1, 2886, 2658, 2661, -1, 2886, 2661, 2662, -1,
2886, 2662, 2663, -1, 2886, 2665, 2666, -1, 2886, 2666, 1748, -1, 2886, 1748, 1749, -1,
2886, 1749, 1750, -1, 2886, 1750, 1751, -1, 2886, 1751, 1752, -1, 2886, 1752, 1753, -1,
2886, 1753, 1754, -1, 2886, 1754, 1755, -1, 2886, 1755, 1756, -1, 2886, 1756, 1757, -1,
2886, 1757, 157, -1, 2886, 157, 158, -1, 2886, 158, 159, -1, 2886, 159, 160, -1,
2886, 160, 161, -1, 2886, 161, 162, -1, 2886, 162, 163, -1, 2886, 163, 164, -1,
2886, 164, 165, -1, 2886, 165, 166, -1, 2886, 166, 167, -1, 2886, 167, 168, -1,
2886, 169, 170, -1, 2886, 170, 171, -1, 2886, 171, 5, -1, 2886, 5, 6, -1,
2886, 6, 7, -1, 2886, 7, 8, -1, 2886, 8, 9, -1, 2886, 10, 11, -1,
2886, 11, 12, -1, 2886, 12, 13, -1, 2886, 13, 14, -1, 2886, 14, 15, -1,
2886, 15, 16, -1, 2886, 16, 17, -1, 2886, 17, 18, -1, 2886, 18, 19, -1,
2886, 19, 2857, -1, 2886, 2857, 2885, -1, 2660, 2661, 2658, -1, 2660, 2658, 2659, -1,
2669, 2671, 2703, -1, 2669, 2703, 2710, -1, 2669, 2710, 2729, -1, 2669, 2729, 2730, -1,
2669, 2730, 2731, -1, 2669, 2731, 2732, -1, 2669, 2732, 2733, -1, 2669, 2733, 2734, -1,
2669, 2734, 2735, -1, 2669, 2735, 2736, -1, 2669, 2736, 2737, -1, 2669, 2737, 2738, -1,
2669, 2738, 2739, -1, 2669, 2739, 2740, -1, 2669, 2740, 2741, -1, 2669, 2741, 2742, -1,
2669, 2742, 1748, -1, 2669, 1748, 2667, -1, 2669, 2667, 2668, -1, 1626, 1627, 378, -1,
1626, 378, 1747, -1, 1626, 1747, 1748, -1, 1626, 1748, 2742, -1, 1626, 2742, 2715, -1,
1626, 2715, 2716, -1, 1626, 2716, 2714, -1, 1761, 1762, 1763, -1, 1761, 1763, 1764, -1,
1761, 1764, 1765, -1, 1761, 1765, 1766, -1, 1761, 1766, 1767, -1, 1761, 1767, 1768, -1,
1761, 1768, 1760, -1, 1760, 1769, 1770, -1, 1760, 1770, 154, -1, 154, 1771, 1772, -1,
154, 1773, 1774, -1, 154, 1775, 1776, -1, 154, 1777, 1778, -1, 1759, 154, 155, -1,
1759, 155, 156, -1, 1759, 156, 1757, -1, 171, 1, 2, -1, 171, 2, 3, -1,
171, 3, 4, -1, 171, 4, 5, -1, 31, 116, 117, -1, 31, 117, 118, -1,
31, 118, 119, -1, 31, 119, 120, -1, 31, 120, 121, -1, 31, 121, 122, -1,
31, 122, 123, -1, 31, 123, 124, -1, 31, 124, 125, -1, 31, 125, 98, -1,
31, 98, 2846, -1, 31, 2846, 29, -1, 1801, 1802, 2844, -1, 1801, 2844, 2845, -1,
1801, 2845, 2846, -1, 1801, 2846, 98, -1, 26, 27, 2848, -1, 2848, 28, 2847, -1,
2847, 28, 29, -1, 2847, 29, 2846, -1, 2852, 23, 2851, -1, 2851, 24, 2850, -1,
2850, 24, 25, -1, 2850, 25, 2849, -1, 2849, 26, 2848, -1, 2884, 2885, 2857, -1,
2884, 2857, 2858, -1, 2884, 2858, 2859, -1, 2884, 2859, 2883, -1, 2859, 2860, 2866, -1,
2859, 2866, 2867, -1, 2859, 2867, 2868, -1, 2859, 2868, 2869, -1, 2859, 2869, 2870, -1,
2859, 2870, 2871, -1, 2859, 2871, 2872, -1, 2859, 2872, 2873, -1, 2859, 2873, 2874, -1,
2859, 2874, 2875, -1, 2859, 2875, 2876, -1, 2859, 2876, 2877, -1, 2859, 2877, 2878, -1,
2859, 2878, 2879, -1, 2859, 2879, 2880, -1, 2859, 2880, 2881, -1, 2859, 2881, 2882, -1,
2859, 2882, 2883, -1, 2860, 2861, 2866, -1, 2866, 2861, 2862, -1, 2866, 2862, 2865, -1,
2865, 2862, 2863, -1, 2865, 2863, 2864, -1, 686, 687, 2189, -1, 2189, 687, 688, -1,
2189, 688, 2188, -1, 2188, 688, 689, -1, 2188, 689, 2187, -1, 2187, 689, 690, -1,
2187, 690, 2186, -1, 2186, 690, 2184, -1, 2186, 2184, 2185, -1, 2160, 2161, 2162, -1,
2160, 2162, 2163, -1, 2160, 2163, 2164, -1, 672, 646, 653, -1, 653, 646, 647, -1,
653, 647, 652, -1, 652, 647, 648, -1, 652, 648, 651, -1, 651, 648, 649, -1,
651, 649, 650, -1, 653, 654, 669, -1, 653, 669, 670, -1, 653, 670, 671, -1,
653, 671, 672, -1, 665, 666, 655, -1, 655, 666, 667, -1, 655, 667, 654, -1,
654, 667, 668, -1, 654, 668, 669, -1, 662, 663, 656, -1, 656, 663, 664, -1,
656, 664, 655, -1, 655, 664, 665, -1, 657, 557, 659, -1, 657, 659, 660, -1,
657, 660, 661, -1, 657, 661, 662, -1, 657, 662, 656, -1, 557, 558, 564, -1,
557, 564, 565, -1, 557, 565, 685, -1, 557, 685, 658, -1, 557, 658, 659, -1,
646, 672, 673, -1, 646, 673, 674, -1, 646, 674, 675, -1, 646, 675, 645, -1,
645, 675, 644, -1, 644, 675, 676, -1, 644, 676, 643, -1, 643, 676, 677, -1,
643, 677, 678, -1, 2101, 2102, 2103, -1, 2101, 2103, 2104, -1, 2101, 2104, 2086, -1,
3164, 3165, 3170, -1, 3170, 3165, 3166, -1, 3170, 3166, 3169, -1, 3169, 3166, 3167, -1,
3169, 3167, 3168, -1, 3170, 3171, 3164, -1, 3164, 3171, 3172, -1, 3164, 3172, 3183, -1,
3183, 3172, 3173, -1, 3183, 3173, 3182, -1, 3182, 3173, 3174, -1, 3182, 3174, 3181, -1,
3181, 3174, 3175, -1, 3181, 3175, 3180, -1, 3180, 3175, 3176, -1, 3180, 3176, 3179, -1,
3179, 3176, 3177, -1, 3179, 3177, 3178, -1, 1881, 1882, 1880, -1, 1880, 1882, 1883, -1,
1880, 1883, 1865, -1, 1865, 1883, 1884, -1, 1865, 1884, 1885, -1, 393, 394, 395, -1,
393, 395, 449, -1, 393, 449, 450, -1, 393, 450, 451, -1, 393, 452, 453, -1,
393, 453, 454, -1, 393, 454, 392, -1, 1782, 1783, 1778, -1, 1782, 1780, 1781, -1,
507, 508, 520, -1, 520, 508, 515, -1, 520, 515, 519, -1, 519, 515, 517, -1,
512, 513, 511, -1, 511, 513, 514, -1, 511, 514, 509, -1, 509, 514, 515, -1,
509, 515, 508, -1, 520, 521, 502, -1, 520, 502, 504, -1, 520, 504, 505, -1,
520, 505, 506, -1, 520, 506, 507, -1, 501, 502, 521, -1, 501, 521, 522, -1,
501, 522, 388, -1, 501, 388, 477, -1, 501, 477, 478, -1, 501, 478, 479, -1,
501, 479, 500, -1, 1664, 1665, 1666, -1, 1664, 1666, 1667, -1, 1664, 1667, 1668, -1,
1664, 1668, 1663, -1, 1661, 1662, 1670, -1, 1670, 1662, 1663, -1, 1670, 1663, 1669, -1,
1669, 1663, 1668, -1, 1670, 1671, 1657, -1, 1670, 1657, 1658, -1, 1670, 1658, 1659, -1,
1670, 1659, 1660, -1, 1656, 1657, 1671, -1, 1656, 1671, 1714, -1, 1656, 1715, 1716, -1,
1656, 1717, 1718, -1, 1656, 1718, 1649, -1, 1656, 1650, 1651, -1, 1656, 1651, 1654, -1,
1671, 1672, 1712, -1, 1671, 1713, 1714, -1, 1673, 1674, 1710, -1, 1673, 1711, 1712, -1,
1673, 1712, 1672, -1, 1674, 1675, 1705, -1, 1674, 1705, 1707, -1, 1674, 1707, 1708, -1,
1674, 1709, 1710, -1, 1702, 1703, 1676, -1, 1676, 1703, 1704, -1, 1676, 1704, 1675, -1,
1675, 1704, 1705, -1, 1677, 1678, 1701, -1, 1677, 1701, 1702, -1, 1677, 1702, 1676, -1,
1701, 1678, 1679, -1, 1701, 1679, 1680, -1, 1701, 1680, 1681, -1, 1701, 1683, 1684, -1,
1701, 1684, 1685, -1, 1701, 1685, 1686, -1, 1701, 1686, 1687, -1, 1701, 1687, 1688, -1,
1701, 1688, 1689, -1, 1701, 1689, 1690, -1, 1701, 1690, 1691, -1, 1701, 1691, 1692, -1,
1701, 1692, 1693, -1, 1701, 1693, 1694, -1, 1701, 1694, 1695, -1, 1701, 1695, 1700, -1,
1696, 1697, 1699, -1, 1696, 1699, 1700, -1, 1696, 1700, 1695, -1, 1728, 1730, 1727, -1,
1727, 1730, 1731, -1, 1727, 1731, 1726, -1, 1726, 1731, 1732, -1, 1726, 1732, 1725, -1,
1725, 1732, 1733, -1, 1725, 1733, 1724, -1, 1724, 1733, 374, -1, 1724, 374, 1723, -1,
1723, 374, 1720, -1, 1723, 1720, 1721, -1, 1638, 1639, 1719, -1, 1638, 1719, 1632, -1,
1638, 1632, 1633, -1, 1638, 1633, 1634, -1, 1638, 1634, 1635, -1, 1638, 1635, 1636, -1,
1638, 1636, 1637, -1, 1627, 1628, 378, -1, 378, 1628, 1629, -1, 378, 1629, 377, -1,
377, 1629, 1630, -1, 377, 1630, 376, -1, 376, 1630, 1631, -1, 376, 1631, 375, -1,
375, 1631, 1632, -1, 375, 1632, 374, -1, 374, 1632, 1719, -1, 374, 1719, 1720, -1,
1719, 1640, 1641, -1, 1719, 1642, 1643, -1, 1719, 1644, 1646, -1, 1719, 1646, 1647, -1,
1719, 1647, 1718, -1, 1649, 1718, 1647, -1, 1737, 1739, 369, -1, 1737, 369, 370, -1,
1737, 371, 1736, -1, 371, 372, 1733, -1, 373, 374, 1733, -1, 378, 379, 1747, -1,
1747, 380, 1746, -1, 1746, 380, 381, -1, 382, 383, 1743, -1, 382, 1744, 1745, -1,
382, 1745, 1746, -1, 384, 385, 1741, -1, 384, 1742, 1743, -1, 386, 387, 1739, -1,
386, 1740, 1741, -1, 388, 389, 470, -1, 388, 470, 473, -1, 388, 473, 474, -1,
388, 474, 475, -1, 388, 475, 476, -1, 388, 476, 477, -1, 464, 466, 463, -1,
463, 466, 467, -1, 463, 467, 462, -1, 461, 468, 469, -1, 461, 469, 460, -1,
460, 469, 470, -1, 460, 470, 389, -1, 548, 549, 531, -1, 531, 549, 550, -1,
531, 550, 529, -1, 529, 550, 551, -1, 529, 551, 528, -1, 528, 551, 552, -1,
528, 552, 527, -1, 527, 552, 553, -1, 527, 553, 526, -1, 526, 553, 554, -1,
526, 554, 525, -1, 525, 554, 555, -1, 525, 555, 524, -1, 524, 555, 556, -1,
524, 556, 523, -1, 523, 556, 522, -1, 548, 532, 547, -1, 547, 532, 533, -1,
547, 533, 546, -1, 546, 533, 534, -1, 546, 534, 545, -1, 545, 534, 535, -1,
545, 535, 544, -1, 544, 535, 536, -1, 544, 536, 543, -1, 543, 536, 537, -1,
543, 537, 542, -1, 542, 537, 538, -1, 542, 538, 541, -1, 541, 538, 539, -1,
541, 539, 540, -1, 471, 472, 473, -1, 471, 473, 470, -1, 1865, 1866, 1871, -1,
1871, 1866, 1867, -1, 1871, 1867, 1870, -1, 1870, 1867, 1868, -1, 1870, 1868, 1869, -1,
1865, 1871, 1872, -1, 1865, 1872, 1873, -1, 1865, 1873, 1874, -1, 1865, 1874, 1875, -1,
1865, 1876, 1877, -1, 1865, 1878, 1879, -1, 1865, 1885, 1886, -1, 1865, 1886, 1887, -1,
1865, 1887, 1888, -1, 1865, 1888, 1889, -1, 1865, 1889, 1890, -1, 1865, 1890, 1891, -1,
1865, 1891, 1892, -1, 1865, 1892, 1893, -1, 1865, 1893, 1894, -1, 1865, 1895, 1896, -1,
1865, 1896, 1897, -1, 1865, 1898, 1899, -1, 1865, 1899, 1900, -1, 1865, 1900, 1901, -1,
1865, 1901, 1904, -1, 1865, 1904, 1905, -1, 1865, 1905, 1906, -1, 1865, 1906, 1907, -1,
1865, 1907, 1908, -1, 1865, 1908, 1909, -1, 1865, 1909, 1910, -1, 1865, 1911, 1912, -1,
1865, 1913, 1914, -1, 1865, 1915, 1916, -1, 1865, 1917, 1918, -1, 1865, 1918, 1919, -1,
1865, 1921, 1922, -1, 1865, 1922, 1923, -1, 1865, 1923, 1924, -1, 1865, 1925, 1926, -1,
1865, 1926, 1927, -1, 1865, 1928, 126, -1, 1865, 126, 127, -1, 1865, 127, 128, -1,
1865, 128, 129, -1, 1865, 129, 130, -1, 1865, 130, 131, -1, 1865, 131, 132, -1,
1865, 132, 133, -1, 1865, 133, 134, -1, 1865, 134, 1864, -1, 1864, 134, 135, -1,
1864, 135, 136, -1, 1864, 136, 137, -1, 1864, 137, 138, -1, 1864, 138, 139, -1,
1864, 139, 140, -1, 1864, 140, 141, -1, 1864, 141, 1427, -1, 1864, 1427, 1428, -1,
1864, 1429, 1430, -1, 1864, 1431, 1863, -1, 3156, 3157, 3244, -1, 3244, 3157, 3158, -1,
3244, 3158, 3243, -1, 3243, 3158, 3159, -1, 3243, 3159, 3242, -1, 3242, 3159, 3160, -1,
3242, 3160, 3241, -1, 3241, 3160, 3161, -1, 3241, 3161, 3240, -1, 3240, 3162, 3163, -1,
3239, 3240, 3163, -1, 3239, 3163, 3184, -1, 3239, 3184, 3185, -1, 3239, 3185, 3186, -1,
3239, 3186, 3238, -1, 3164, 3183, 3184, -1, 3164, 3184, 3163, -1, 3186, 3187, 3235, -1,
3186, 3235, 3236, -1, 3186, 3236, 3237, -1, 3186, 3237, 3238, -1, 3211, 3223, 3210, -1,
3210, 3223, 3233, -1, 3210, 3233, 3189, -1, 3189, 3233, 3234, -1, 3189, 3234, 3188, -1,
3188, 3234, 3235, -1, 3188, 3235, 3187, -1, 2090, 2091, 2087, -1, 2090, 2087, 2088, -1,
2090, 2088, 2089, -1, 2095, 2096, 2094, -1, 2094, 2096, 2086, -1, 2094, 2086, 2093, -1,
2093, 2086, 2087, -1, 2093, 2087, 2092, -1, 2092, 2087, 2091, -1, 2099, 2100, 2086, -1,
2099, 2086, 2097, -1, 2104, 2105, 2084, -1, 2104, 2084, 2085, -1, 2104, 2085, 2086, -1,
2084, 2105, 2106, -1, 2084, 2106, 2107, -1, 2084, 2107, 2138, -1, 2084, 2138, 2139, -1,
2084, 2139, 2140, -1, 2084, 2140, 2141, -1, 2084, 2141, 2142, -1, 2084, 2142, 2143, -1,
2084, 2143, 2144, -1, 2084, 2144, 2145, -1, 2084, 2145, 2146, -1, 2084, 2148, 2149, -1,
2084, 2149, 2150, -1, 2084, 2150, 2151, -1, 2084, 2151, 2785, -1, 2084, 2785, 2786, -1,
2084, 2786, 2787, -1, 2084, 2787, 2788, -1, 2084, 2788, 2789, -1, 2084, 2789, 2790, -1,
2084, 2790, 2791, -1, 2084, 2791, 2792, -1, 2084, 2792, 2793, -1, 2084, 2793, 2083, -1,
2153, 2154, 2155, -1, 2153, 2155, 2167, -1, 2153, 2167, 2168, -1, 2153, 2168, 2785, -1,
2153, 2785, 2152, -1, 2156, 2158, 2164, -1, 2156, 2164, 2165, -1, 2156, 2165, 2166, -1,
2771, 2772, 2770, -1, 2771, 2770, 2743, -1, 2771, 2743, 2744, -1, 2771, 2744, 2745, -1,
2771, 2745, 2746, -1, 2771, 2746, 2747, -1, 2771, 2747, 2748, -1, 2771, 2748, 2749, -1,
2771, 2749, 2750, -1, 2771, 2750, 2083, -1, 2771, 2083, 2798, -1, 2083, 2793, 2794, -1,
2083, 2794, 2795, -1, 2083, 2795, 2796, -1, 2083, 2796, 2797, -1, 2083, 2797, 2798, -1,
630, 631, 642, -1, 642, 631, 632, -1, 642, 632, 641, -1, 641, 632, 633, -1,
641, 633, 640, -1, 640, 633, 634, -1, 640, 634, 639, -1, 639, 634, 635, -1,
639, 635, 638, -1, 638, 635, 636, -1, 638, 636, 637, -1, 642, 623, 630, -1,
630, 623, 624, -1, 630, 624, 629, -1, 629, 624, 625, -1, 629, 625, 628, -1,
628, 625, 626, -1, 628, 626, 627, -1, 643, 678, 679, -1, 643, 679, 680, -1,
643, 680, 681, -1, 643, 681, 622, -1, 643, 622, 623, -1, 643, 623, 642, -1,
622, 681, 682, -1, 622, 682, 566, -1, 622, 566, 567, -1, 622, 567, 568, -1,
622, 568, 569, -1, 622, 569, 621, -1, 576, 615, 575, -1, 575, 615, 616, -1,
575, 616, 574, -1, 574, 616, 617, -1, 574, 617, 573, -1, 573, 617, 618, -1,
573, 618, 572, -1, 572, 618, 619, -1, 572, 619, 571, -1, 571, 619, 620, -1,
571, 620, 570, -1, 570, 620, 621, -1, 570, 621, 569, -1, 2121, 2122, 2127, -1,
2127, 2122, 2123, -1, 2127, 2123, 2125, -1, 2125, 2123, 2124, -1, 2108, 2135, 2136, -1,
2108, 2136, 2107, -1, 2107, 2136, 2137, -1, 2107, 2137, 2138, -1, 2133, 2134, 2108, -1,
2133, 2108, 2109, -1, 2133, 2109, 2110, -1, 2133, 2110, 2111, -1, 2133, 2111, 2112, -1,
2133, 2112, 2132, -1, 2132, 2112, 2113, -1, 2132, 2113, 2114, -1, 2132, 2114, 2115, -1,
2132, 2115, 2116, -1, 2132, 2116, 2131, -1, 2119, 2127, 2118, -1, 2118, 2127, 2128, -1,
2118, 2128, 2117, -1, 2117, 2128, 2129, -1, 2117, 2129, 2116, -1, 2116, 2129, 2130, -1,
2116, 2130, 2131, -1, 2120, 2121, 2127, -1, 2120, 2127, 2119, -1, 1928, 1929, 1936, -1,
1928, 1936, 1937, -1, 1928, 1938, 1939, -1, 1928, 1939, 1940, -1, 1928, 1941, 146, -1,
1928, 146, 147, -1, 1928, 147, 148, -1, 1928, 148, 149, -1, 1928, 149, 150, -1,
1928, 150, 151, -1, 1928, 151, 152, -1, 1928, 152, 153, -1, 1928, 153, 126, -1,
1427, 141, 142, -1, 1427, 142, 143, -1, 1427, 143, 1941, -1, 1427, 1941, 1942, -1,
1427, 1942, 1943, -1, 1427, 1943, 1447, -1, 1941, 143, 144, -1, 1941, 144, 145, -1,
1941, 145, 146, -1, 1932, 1933, 1931, -1, 1931, 1933, 1934, -1, 1931, 1934, 1930, -1,
1930, 1934, 1935, -1, 1930, 1935, 1929, -1, 1929, 1935, 1936, -1, 1902, 1904, 1901, -1,
1431, 1432, 1863, -1, 1863, 1433, 1862, -1, 1862, 1433, 1434, -1, 1862, 1434, 1861, -1,
1861, 1434, 1435, -1, 1861, 1435, 1860, -1, 1860, 1435, 1436, -1, 1438, 1858, 1859, -1,
1438, 1859, 1437, -1, 1437, 1859, 1860, -1, 1948, 1949, 1441, -1, 1441, 1949, 1856, -1,
1441, 1856, 1440, -1, 1440, 1856, 1857, -1, 1439, 1857, 1438, -1, 1856, 1949, 1958, -1,
1958, 1949, 1950, -1, 1958, 1950, 1957, -1, 1957, 1950, 1951, -1, 1957, 1951, 1956, -1,
1956, 1951, 1952, -1, 1956, 1952, 1955, -1, 1955, 1952, 1953, -1, 1955, 1953, 1954, -1,
1856, 1958, 1959, -1, 1856, 1960, 1961, -1, 1856, 1961, 1855, -1, 1854, 1961, 1962, -1,
1854, 1963, 1853, -1, 1852, 1963, 1964, -1, 1852, 1965, 1851, -1, 1850, 1965, 1966, -1,
1850, 1966, 1849, -1, 1849, 1966, 1967, -1, 1969, 1970, 1843, -1, 1969, 1843, 1844, -1,
1969, 1844, 1845, -1, 1969, 1845, 1846, -1, 1969, 1846, 1847, -1, 1969, 1848, 1849, -1,
1969, 1849, 1968, -1, 1843, 1970, 1842, -1, 1842, 1970, 1971, -1, 1842, 1971, 1841, -1,
1841, 1971, 1972, -1, 1841, 1972, 1840, -1, 1840, 1972, 1973, -1, 1840, 1973, 1974, -1,
1840, 1974, 1975, -1, 1840, 1975, 1976, -1, 1840, 1976, 1977, -1, 1840, 1977, 1839, -1,
1979, 1835, 1836, -1, 1979, 1836, 1978, -1, 1978, 1836, 1837, -1, 1978, 1837, 1977, -1,
1977, 1838, 1839, -1, 1980, 1981, 1832, -1, 1980, 1833, 1834, -1, 1980, 1834, 1979, -1,
1832, 1981, 1982, -1, 1832, 1984, 1831, -1, 2804, 1818, 1819, -1, 2804, 1819, 1462, -1,
1462, 1819, 1830, -1, 1462, 1830, 1984, -1, 1984, 1830, 1831, -1, 1830, 1820, 1829, -1,
1829, 1820, 1821, -1, 1829, 1821, 1828, -1, 1828, 1821, 1822, -1, 1828, 1822, 1827, -1,
1827, 1822, 1823, -1, 1827, 1823, 1826, -1, 1826, 1823, 1824, -1, 1826, 1824, 1825, -1,
1985, 1460, 1461, -1, 1985, 1461, 1984, -1, 1987, 1457, 1458, -1, 1987, 1458, 1986, -1,
1986, 1458, 1459, -1, 1986, 1459, 1985, -1, 1990, 1453, 1454, -1, 1990, 1454, 1989, -1,
1989, 1454, 1455, -1, 1989, 1455, 1988, -1, 1988, 1455, 1456, -1, 1988, 1456, 1987, -1,
1452, 1990, 1991, -1, 1452, 1991, 1992, -1, 1452, 1993, 1451, -1, 1450, 1993, 1994, -1,
1450, 1995, 1449, -1, 2177, 2178, 2083, -1, 2083, 2178, 2179, -1, 2083, 2179, 2082, -1,
2082, 2179, 2180, -1, 2082, 2180, 2081, -1, 2081, 2180, 2079, -1, 2081, 2079, 2080, -1,
362, 363, 2079, -1, 2079, 363, 364, -1, 2079, 364, 2078, -1, 2078, 364, 365, -1,
2078, 365, 2077, -1, 2077, 365, 366, -1, 2077, 366, 2076, -1, 2076, 366, 367, -1,
2076, 367, 2075, -1, 2075, 367, 368, -1, 2075, 368, 2074, -1, 2074, 368, 349, -1,
2074, 349, 2073, -1, 2073, 349, 2189, -1, 2073, 2189, 2190, -1, 695, 353, 354, -1,
695, 354, 694, -1, 693, 355, 356, -1, 693, 356, 692, -1, 692, 356, 357, -1,
692, 357, 691, -1, 691, 357, 2183, -1, 691, 2183, 2184, -1, 696, 351, 352, -1,
696, 352, 695, -1, 686, 2189, 350, -1, 686, 350, 351, -1, 686, 351, 697, -1,
489, 491, 488, -1, 488, 491, 492, -1, 488, 492, 487, -1, 487, 492, 493, -1,
487, 493, 486, -1, 486, 493, 494, -1, 486, 494, 485, -1, 485, 494, 495, -1,
485, 495, 484, -1, 484, 495, 496, -1, 484, 496, 483, -1, 483, 496, 497, -1,
483, 497, 482, -1, 482, 497, 498, -1, 482, 498, 481, -1, 481, 498, 499, -1,
481, 499, 480, -1, 480, 499, 500, -1, 480, 500, 479, -1, 576, 577, 615, -1,
615, 577, 578, -1, 615, 578, 614, -1, 614, 578, 579, -1, 614, 579, 580, -1,
580, 581, 606, -1, 580, 606, 607, -1, 580, 607, 612, -1, 580, 612, 613, -1,
580, 613, 614, -1, 606, 581, 582, -1, 606, 582, 583, -1, 606, 583, 584, -1,
606, 584, 585, -1, 606, 585, 605, -1, 603, 604, 605, -1, 603, 605, 586, -1,
603, 586, 587, -1, 603, 587, 602, -1, 594, 596, 593, -1, 593, 596, 597, -1,
593, 597, 592, -1, 592, 597, 598, -1, 592, 598, 591, -1, 591, 598, 599, -1,
591, 599, 590, -1, 590, 599, 600, -1, 590, 600, 589, -1, 589, 600, 601, -1,
589, 601, 588, -1, 588, 601, 602, -1, 588, 602, 587, -1, 608, 609, 611, -1,
608, 611, 612, -1, 608, 612, 607, -1, 565, 566, 682, -1, 565, 682, 683, -1,
565, 683, 684, -1, 565, 684, 685, -1, 564, 558, 563, -1, 563, 558, 559, -1,
563, 559, 562, -1, 562, 559, 560, -1, 562, 560, 561, -1, 719, 720, 718, -1,
718, 720, 721, -1, 718, 721, 716, -1, 716, 721, 722, -1, 716, 722, 715, -1,
715, 722, 723, -1, 715, 723, 714, -1, 714, 723, 713, -1, 759, 733, 740, -1,
740, 733, 734, -1, 740, 734, 739, -1, 739, 734, 735, -1, 739, 735, 738, -1,
738, 735, 736, -1, 738, 736, 737, -1, 740, 741, 756, -1, 740, 756, 757, -1,
740, 757, 758, -1, 740, 758, 759, -1, 752, 753, 742, -1, 742, 753, 754, -1,
742, 754, 741, -1, 741, 754, 755, -1, 741, 755, 756, -1, 749, 750, 743, -1,
743, 750, 751, -1, 743, 751, 742, -1, 742, 751, 752, -1, 744, 698, 746, -1,
744, 746, 747, -1, 744, 747, 748, -1, 744, 748, 749, -1, 744, 749, 743, -1,
698, 699, 728, -1, 698, 728, 729, -1, 698, 729, 772, -1, 698, 772, 745, -1,
698, 745, 746, -1, 733, 759, 760, -1, 733, 760, 761, -1, 733, 761, 762, -1,
733, 762, 732, -1, 762, 763, 732, -1, 732, 763, 764, -1, 732, 764, 731, -1,
731, 764, 765, -1, 731, 765, 766, -1, 767, 768, 730, -1, 767, 730, 731, -1,
767, 731, 766, -1, 769, 770, 729, -1, 769, 729, 730, -1, 769, 730, 768, -1,
771, 772, 729, -1, 771, 729, 770, -1, 724, 725, 701, -1, 701, 725, 726, -1,
701, 726, 700, -1, 700, 726, 727, -1, 700, 727, 699, -1, 699, 727, 728, -1,
724, 701, 702, -1, 724, 702, 703, -1, 724, 703, 704, -1, 724, 704, 705, -1,
724, 705, 723, -1, 709, 711, 708, -1, 708, 711, 712, -1, 708, 712, 707, -1,
707, 712, 713, -1, 707, 713, 706, -1, 706, 713, 723, -1, 706, 723, 705, -1,
881, 882, 889, -1, 889, 882, 883, -1, 889, 883, 888, -1, 888, 883, 884, -1,
888, 884, 887, -1, 887, 884, 885, -1, 887, 885, 886, -1, 927, 826, 890, -1,
890, 826, 870, -1, 890, 870, 881, -1, 881, 870, 871, -1, 881, 871, 880, -1,
880, 871, 872, -1, 880, 872, 879, -1, 879, 872, 873, -1, 879, 873, 878, -1,
878, 873, 874, -1, 878, 874, 877, -1, 877, 874, 875, -1, 877, 875, 876, -1,
867, 868, 827, -1, 867, 828, 829, -1, 867, 829, 865, -1, 867, 865, 866, -1,
444, 445, 446, -1, 444, 446, 447, -1, 444, 448, 449, -1, 444, 449, 398, -1,
444, 398, 399, -1, 444, 399, 443, -1, 432, 433, 442, -1, 442, 433, 434, -1,
442, 434, 441, -1, 441, 434, 435, -1, 441, 435, 440, -1, 440, 435, 436, -1,
440, 436, 439, -1, 439, 436, 437, -1, 439, 437, 438, -1, 432, 442, 443, -1,
432, 443, 427, -1, 432, 427, 428, -1, 432, 429, 430, -1, 432, 430, 431, -1,
443, 399, 406, -1, 443, 406, 407, -1, 443, 407, 408, -1, 443, 408, 425, -1,
443, 425, 426, -1, 443, 426, 427, -1, 449, 395, 396, -1, 449, 397, 398, -1,
391, 392, 454, -1, 391, 454, 455, -1, 391, 455, 456, -1, 391, 456, 457, -1,
391, 458, 459, -1, 391, 459, 390, -1, 390, 459, 460, -1, 390, 460, 389, -1,
409, 410, 421, -1, 409, 421, 422, -1, 409, 422, 423, -1, 409, 423, 424, -1,
409, 424, 425, -1, 409, 425, 408, -1, 415, 417, 414, -1, 414, 417, 418, -1,
414, 418, 413, -1, 413, 418, 419, -1, 413, 419, 412, -1, 412, 419, 420, -1,
412, 420, 411, -1, 411, 420, 421, -1, 411, 421, 410, -1, 402, 404, 401, -1,
401, 404, 405, -1, 401, 405, 400, -1, 400, 405, 406, -1, 400, 406, 399, -1,
846, 847, 841, -1, 846, 841, 842, -1, 846, 842, 844, -1, 846, 844, 845, -1,
838, 839, 848, -1, 848, 839, 840, -1, 848, 840, 847, -1, 847, 840, 841, -1,
838, 848, 849, -1, 838, 849, 850, -1, 838, 850, 851, -1, 838, 851, 852, -1,
838, 852, 853, -1, 838, 853, 854, -1, 838, 854, 855, -1, 838, 855, 856, -1,
838, 856, 857, -1, 838, 857, 858, -1, 838, 858, 859, -1, 838, 859, 837, -1,
859, 860, 831, -1, 859, 834, 835, -1, 859, 835, 836, -1, 859, 836, 837, -1,
861, 862, 829, -1, 861, 830, 831, -1, 861, 831, 860, -1, 829, 863, 864, -1,
869, 870, 826, -1, 869, 826, 827, -1, 869, 827, 868, -1, 826, 927, 928, -1,
826, 928, 929, -1, 826, 929, 930, -1, 826, 930, 931, -1, 826, 931, 825, -1,
823, 824, 933, -1, 933, 824, 825, -1, 933, 825, 932, -1, 932, 825, 931, -1,
936, 820, 935, -1, 935, 820, 821, -1, 935, 821, 934, -1, 934, 821, 823, -1,
934, 823, 933, -1, 905, 907, 904, -1, 904, 907, 908, -1, 904, 908, 903, -1,
903, 908, 909, -1, 903, 909, 902, -1, 902, 909, 910, -1, 902, 910, 901, -1,
901, 910, 919, -1, 901, 919, 900, -1, 900, 919, 891, -1, 900, 891, 892, -1,
937, 938, 819, -1, 937, 819, 820, -1, 937, 820, 936, -1, 938, 939, 819, -1,
819, 939, 940, -1, 819, 940, 811, -1, 811, 940, 913, -1, 811, 913, 914, -1,
819, 811, 818, -1, 818, 811, 812, -1, 818, 812, 817, -1, 817, 812, 813, -1,
817, 813, 816, -1, 816, 813, 814, -1, 816, 814, 815, -1, 890, 891, 920, -1,
890, 920, 921, -1, 890, 921, 922, -1, 890, 922, 923, -1, 890, 923, 924, -1,
890, 924, 925, -1, 890, 925, 926, -1, 890, 926, 927, -1, 900, 892, 899, -1,
899, 892, 893, -1, 899, 893, 898, -1, 898, 893, 894, -1, 898, 894, 897, -1,
897, 894, 895, -1, 897, 895, 896, -1, 911, 912, 917, -1, 911, 917, 918, -1,
911, 918, 919, -1, 911, 919, 910, -1, 912, 811, 914, -1, 912, 914, 915, -1,
912, 915, 916, -1, 912, 916, 917, -1, 950, 952, 949, -1, 949, 952, 953, -1,
949, 953, 948, -1, 948, 953, 954, -1, 948, 954, 947, -1, 947, 954, 955, -1,
947, 955, 946, -1, 946, 955, 956, -1, 946, 956, 945, -1, 945, 956, 957, -1,
945, 957, 944, -1, 944, 957, 958, -1, 944, 958, 943, -1, 943, 958, 959, -1,
943, 959, 942, -1, 942, 959, 960, -1, 942, 960, 941, -1, 1255, 1256, 1251, -1,
1255, 1251, 1252, -1, 1255, 1252, 1253, -1, 1255, 1253, 1254, -1, 1245, 1246, 1247, -1,
1245, 1247, 1248, -1, 1245, 1248, 1236, -1, 1245, 1236, 1237, -1, 1245, 1237, 1244, -1,
2703, 2704, 2709, -1, 2709, 2704, 2705, -1, 2709, 2705, 2708, -1, 2708, 2705, 2706, -1,
2708, 2706, 2707, -1, 2687, 2688, 2684, -1, 2687, 2685, 2686, -1, 2684, 2688, 2689, -1,
2684, 2691, 2692, -1, 2684, 2693, 2696, -1, 2684, 2696, 2683, -1, 2695, 2696, 2693, -1,
2695, 2693, 2694, -1, 2697, 2698, 2682, -1, 2697, 2682, 2683, -1, 2697, 2683, 2696, -1,
2679, 2680, 2700, -1, 2700, 2680, 2681, -1, 2701, 2702, 2677, -1, 2701, 2678, 2679, -1,
2701, 2679, 2700, -1, 2702, 2703, 2673, -1, 2702, 2673, 2674, -1, 2702, 2674, 2675, -1,
2702, 2676, 2677, -1, 2673, 2703, 2671, -1, 2547, 2550, 2546, -1, 2546, 2550, 2551, -1,
2546, 2551, 2545, -1, 2545, 2551, 2552, -1, 2545, 2552, 2544, -1, 2544, 2552, 2553, -1,
2544, 2553, 2543, -1, 2548, 2549, 2550, -1, 2548, 2550, 2547, -1, 1244, 1238, 1243, -1,
1243, 1238, 1239, -1, 1243, 1239, 1242, -1, 1242, 1239, 1240, -1, 1242, 1240, 1241, -1,
1248, 1249, 1236, -1, 1236, 1249, 1250, -1, 1236, 1250, 1235, -1, 1235, 1250, 1225, -1,
1235, 1225, 1226, -1, 1225, 1250, 1251, -1, 1225, 1251, 1276, -1, 1225, 1276, 1277, -1,
1225, 1277, 1278, -1, 1225, 1278, 1279, -1, 1225, 1279, 1280, -1, 1225, 1280, 1224, -1,
1257, 1258, 1273, -1, 1257, 1273, 1274, -1, 1257, 1274, 1275, -1, 1257, 1275, 1276, -1,
1257, 1276, 1251, -1, 1257, 1251, 1256, -1, 1281, 1282, 1223, -1, 1281, 1223, 1224, -1,
1281, 1224, 1280, -1, 1282, 1283, 1223, -1, 1223, 1283, 1284, -1, 1223, 1284, 1222, -1,
1222, 1284, 1285, -1, 1222, 1285, 1286, -1, 1221, 1222, 1286, -1, 1221, 1286, 1287, -1,
1221, 1287, 1288, -1, 1221, 1288, 1289, -1, 1221, 1289, 1220, -1, 1264, 1261, 1263, -1,
1263, 1261, 1164, -1, 1263, 1164, 1262, -1, 1262, 1164, 1220, -1, 1262, 1220, 1289, -1,
1164, 1165, 1215, -1, 1164, 1215, 1218, -1, 1164, 1218, 1219, -1, 1164, 1219, 1220, -1,
1214, 1215, 1165, -1, 1214, 1165, 1175, -1, 1214, 1175, 1176, -1, 1214, 1176, 1213, -1,
1230, 1232, 1229, -1, 1229, 1232, 1233, -1, 1229, 1233, 1228, -1, 1228, 1233, 1234, -1,
1228, 1234, 1227, -1, 1227, 1234, 1235, -1, 1227, 1235, 1226, -1, 962, 963, 964, -1,
962, 964, 961, -1, 1098, 1076, 1097, -1, 1097, 1076, 1087, -1, 1097, 1087, 1096, -1,
1096, 1087, 1088, -1, 1096, 1088, 1095, -1, 1095, 1088, 1089, -1, 1095, 1089, 1094, -1,
1094, 1089, 1090, -1, 1094, 1090, 1093, -1, 1093, 1090, 1091, -1, 1093, 1091, 1092, -1,
1076, 1098, 1099, -1, 1076, 1099, 1100, -1, 1076, 1100, 1101, -1, 1076, 1101, 1075, -1,
1074, 1075, 1101, -1, 1074, 1101, 1102, -1, 1074, 1102, 1103, -1, 1074, 1103, 1104, -1,
1074, 1104, 1105, -1, 1074, 1105, 1073, -1, 1111, 1113, 1110, -1, 1110, 1113, 1114, -1,
1110, 1114, 1109, -1, 1109, 1114, 1115, -1, 1109, 1115, 1108, -1, 1108, 1115, 1116, -1,
1108, 1116, 1107, -1, 1107, 1116, 1117, -1, 1107, 1117, 1106, -1, 1106, 1117, 1066, -1,
1106, 1066, 1073, -1, 1073, 1066, 1067, -1, 1073, 1067, 1072, -1, 1072, 1067, 1068, -1,
1072, 1068, 1071, -1, 1071, 1068, 1069, -1, 1071, 1069, 1070, -1, 1081, 1083, 1080, -1,
1080, 1083, 1084, -1, 1080, 1084, 1079, -1, 1079, 1084, 1085, -1, 1079, 1085, 1078, -1,
1078, 1085, 1086, -1, 1078, 1086, 1077, -1, 1077, 1086, 1087, -1, 1077, 1087, 1076, -1,
1022, 1023, 1024, -1, 1022, 1024, 1025, -1, 1022, 1025, 1026, -1, 1022, 1026, 987, -1,
1022, 987, 1016, -1, 1022, 1016, 1021, -1, 1020, 1021, 1016, -1, 1020, 1016, 1017, -1,
1020, 1017, 1018, -1, 1020, 1018, 1019, -1, 1123, 1124, 1149, -1, 1123, 1149, 1060, -1,
1123, 1060, 1061, -1, 1123, 1061, 1062, -1, 1123, 1062, 1063, -1, 1123, 1063, 1064, -1,
1123, 1064, 1122, -1, 1149, 1124, 1148, -1, 1148, 1124, 1125, -1, 1148, 1125, 1147, -1,
1147, 1125, 1132, -1, 1147, 1132, 1133, -1, 1162, 1163, 1057, -1, 1162, 1057, 1058, -1,
1162, 1058, 1059, -1, 1162, 1059, 1060, -1, 1162, 1060, 1151, -1, 1162, 1151, 1152, -1,
1162, 1152, 1161, -1, 1161, 1153, 1160, -1, 1160, 1153, 1154, -1, 1160, 1154, 1159, -1,
1159, 1154, 1155, -1, 1159, 1155, 1158, -1, 1158, 1155, 1156, -1, 1158, 1156, 1157, -1,
1060, 1149, 1150, -1, 1060, 1150, 1151, -1, 1065, 1066, 1118, -1, 1065, 1118, 1119, -1,
1065, 1119, 1120, -1, 1065, 1120, 1121, -1, 1065, 1121, 1122, -1, 1065, 1122, 1064, -1,
1142, 1143, 1141, -1, 1141, 1143, 1144, -1, 1141, 1144, 1139, -1, 1139, 1144, 1145, -1,
1139, 1145, 1138, -1, 1138, 1145, 1146, -1, 1138, 1146, 1137, -1, 1137, 1146, 1136, -1,
1146, 1147, 1133, -1, 1146, 1133, 1134, -1, 1146, 1134, 1135, -1, 1146, 1135, 1136, -1,
1128, 1130, 1127, -1, 1127, 1130, 1131, -1, 1127, 1131, 1126, -1, 1126, 1131, 1132, -1,
1126, 1132, 1125, -1, 1015, 1016, 988, -1, 1015, 988, 989, -1, 1015, 989, 990, -1,
1015, 990, 991, -1, 1015, 991, 992, -1, 1015, 992, 993, -1, 1015, 993, 1014, -1,
1027, 1028, 986, -1, 1027, 986, 987, -1, 1027, 987, 1026, -1, 986, 1028, 965, -1,
986, 965, 1029, -1, 986, 1029, 1030, -1, 986, 1030, 1031, -1, 986, 1031, 1032, -1,
986, 1032, 985, -1, 1032, 1033, 985, -1, 985, 1033, 1034, -1, 985, 1034, 984, -1,
984, 1034, 1035, -1, 984, 1035, 983, -1, 983, 1035, 1036, -1, 983, 1036, 1037, -1,
982, 983, 1037, -1, 982, 1037, 1038, -1, 982, 1038, 1039, -1, 982, 1039, 981, -1,
981, 1039, 1040, -1, 981, 1040, 1041, -1, 981, 1041, 1042, -1, 981, 1042, 980, -1,
1042, 1043, 980, -1, 980, 1043, 1044, -1, 980, 1044, 979, -1, 979, 1044, 1045, -1,
979, 1045, 978, -1, 978, 1045, 970, -1, 978, 970, 977, -1, 977, 970, 971, -1,
977, 971, 972, -1, 1013, 995, 1012, -1, 1012, 995, 996, -1, 1012, 996, 1011, -1,
1011, 996, 997, -1, 1011, 997, 1010, -1, 1010, 997, 998, -1, 1010, 998, 1009, -1,
1009, 998, 999, -1, 1009, 999, 1008, -1, 1008, 999, 1000, -1, 1008, 1000, 1007, -1,
1007, 1000, 1001, -1, 1007, 1001, 1006, -1, 1006, 1001, 1002, -1, 1006, 1002, 1005, -1,
1005, 1002, 1003, -1, 1005, 1003, 1004, -1, 995, 1013, 1014, -1, 995, 1014, 993, -1,
995, 993, 994, -1, 966, 967, 1055, -1, 966, 1055, 1056, -1, 966, 1056, 1029, -1,
966, 1029, 965, -1, 1055, 967, 1054, -1, 1054, 967, 968, -1, 1054, 968, 1053, -1,
1053, 968, 969, -1, 1053, 969, 970, -1, 970, 1045, 1046, -1, 970, 1046, 1047, -1,
970, 1047, 1048, -1, 970, 1048, 1049, -1, 970, 1049, 1050, -1, 970, 1050, 1051, -1,
970, 1051, 1052, -1, 970, 1052, 1053, -1, 973, 974, 976, -1, 973, 976, 977, -1,
973, 977, 972, -1, 1183, 1184, 1203, -1, 1203, 1184, 1185, -1, 1203, 1185, 1202, -1,
1202, 1185, 1186, -1, 1202, 1186, 1201, -1, 1201, 1186, 1187, -1, 1201, 1187, 1200, -1,
1200, 1187, 1188, -1, 1200, 1188, 1199, -1, 1199, 1188, 1189, -1, 1199, 1189, 1198, -1,
1198, 1189, 1190, -1, 1198, 1190, 1197, -1, 1197, 1190, 1191, -1, 1197, 1191, 1196, -1,
1196, 1191, 1192, -1, 1196, 1192, 1195, -1, 1195, 1192, 1193, -1, 1195, 1193, 1194, -1,
1182, 1183, 1204, -1, 1182, 1204, 1205, -1, 1182, 1205, 1206, -1, 1182, 1206, 1207, -1,
1182, 1207, 1208, -1, 1182, 1208, 1181, -1, 1165, 1166, 1175, -1, 1175, 1166, 1167, -1,
1175, 1167, 1174, -1, 1174, 1167, 1168, -1, 1174, 1168, 1173, -1, 1173, 1168, 1169, -1,
1173, 1169, 1172, -1, 1172, 1169, 1170, -1, 1172, 1170, 1171, -1, 1180, 1210, 1179, -1,
1179, 1210, 1211, -1, 1179, 1211, 1178, -1, 1178, 1211, 1212, -1, 1178, 1212, 1177, -1,
1177, 1212, 1213, -1, 1177, 1213, 1176, -1, 1210, 1180, 1181, -1, 1210, 1181, 1208, -1,
1210, 1208, 1209, -1, 1216, 1217, 1218, -1, 1216, 1218, 1215, -1, 1269, 1270, 1259, -1,
1259, 1270, 1271, -1, 1259, 1271, 1258, -1, 1258, 1271, 1272, -1, 1258, 1272, 1273, -1,
1266, 1267, 1260, -1, 1260, 1267, 1268, -1, 1260, 1268, 1259, -1, 1259, 1268, 1269, -1,
1261, 1264, 1265, -1, 1261, 1265, 1266, -1, 1261, 1266, 1260, -1, 1411, 1412, 1394, -1,
1394, 1412, 1413, -1, 1394, 1413, 1388, -1, 1388, 1413, 1358, -1, 1388, 1358, 1387, -1,
1387, 1358, 1359, -1, 1387, 1359, 1360, -1, 1408, 1409, 1395, -1, 1395, 1409, 1410, -1,
1395, 1410, 1394, -1, 1394, 1410, 1411, -1, 1396, 1397, 1405, -1, 1396, 1405, 1406, -1,
1396, 1406, 1407, -1, 1396, 1407, 1408, -1, 1396, 1408, 1395, -1, 1401, 1402, 1398, -1,
1398, 1402, 1403, -1, 1398, 1403, 1397, -1, 1397, 1403, 1404, -1, 1397, 1404, 1405, -1,
1426, 1399, 1345, -1, 1345, 1399, 1400, -1, 1345, 1400, 1398, -1, 1398, 1400, 1401, -1,
1441, 1442, 1948, -1, 1948, 1442, 1443, -1, 1948, 1443, 1947, -1, 1947, 1443, 1444, -1,
1947, 1444, 1946, -1, 1946, 1444, 1445, -1, 1946, 1445, 1945, -1, 1945, 1445, 1446, -1,
1945, 1446, 1944, -1, 1944, 1446, 1447, -1, 1944, 1447, 1943, -1, 1569, 1570, 2802, -1,
1569, 2802, 1541, -1, 1569, 1541, 1474, -1, 1569, 1474, 1475, -1, 1569, 1477, 1478, -1,
1569, 1478, 1479, -1, 1569, 1479, 1480, -1, 1569, 2954, 2955, -1, 1569, 2955, 2956, -1,
1569, 2956, 2957, -1, 1569, 2957, 2958, -1, 1569, 2958, 2959, -1, 1569, 2959, 1585, -1,
2961, 1584, 1585, -1, 2961, 1585, 2960, -1, 2960, 1585, 2959, -1, 2961, 2962, 1581, -1,
2961, 1582, 1583, -1, 2963, 2964, 1574, -1, 2963, 1574, 1575, -1, 2963, 1576, 1577, -1,
2963, 1578, 1579, -1, 2963, 1580, 1581, -1, 2963, 1581, 2962, -1, 1570, 1571, 3042, -1,
3042, 1571, 1572, -1, 3042, 1572, 3040, -1, 3040, 1572, 1573, -1, 3040, 1573, 3039, -1,
3039, 1573, 1574, -1, 3039, 1574, 3038, -1, 3038, 1574, 3002, -1, 3038, 3002, 3003, -1,
1574, 2964, 2999, -1, 1574, 2999, 3001, -1, 2965, 2966, 2996, -1, 2965, 2996, 2997, -1,
2965, 2997, 2998, -1, 2965, 2998, 2999, -1, 2965, 2999, 2964, -1, 2967, 2968, 2993, -1,
2967, 2993, 2994, -1, 2967, 2994, 2995, -1, 2967, 2995, 2996, -1, 2967, 2996, 2966, -1,
2971, 2991, 2970, -1, 2970, 2991, 2992, -1, 2970, 2992, 2969, -1, 2969, 2992, 2993, -1,
2969, 2993, 2968, -1, 2977, 2986, 2976, -1, 2976, 2986, 2987, -1, 2976, 2987, 2975, -1,
2975, 2987, 2988, -1, 2975, 2988, 2974, -1, 2974, 2988, 2989, -1, 2974, 2989, 2973, -1,
2973, 2989, 2990, -1, 2973, 2990, 2972, -1, 2972, 2990, 2991, -1, 2972, 2991, 2971, -1,
2978, 2979, 2985, -1, 2978, 2985, 2986, -1, 2978, 2986, 2977, -1, 2985, 2979, 2980, -1,
2985, 2980, 2981, -1, 2985, 2981, 2982, -1, 2985, 2982, 2983, -1, 2985, 2983, 2984, -1,
2067, 2069, 2066, -1, 2066, 2069, 2070, -1, 2066, 2070, 2065, -1, 2065, 2070, 2071, -1,
2065, 2071, 2064, -1, 2064, 2071, 2072, -1, 2064, 2072, 2063, -1, 2063, 2072, 2073, -1,
2063, 2073, 2062, -1, 2062, 2073, 2200, -1, 2203, 2059, 2202, -1, 2202, 2060, 2201, -1,
2201, 2060, 2061, -1, 2051, 2052, 2210, -1, 2210, 2052, 2053, -1, 2210, 2053, 2209, -1,
2208, 2054, 2055, -1, 2208, 2055, 2207, -1, 2207, 2055, 2056, -1, 2207, 2056, 2206, -1,
2205, 2057, 2058, -1, 2205, 2058, 2204, -1, 2204, 2058, 2059, -1, 2214, 2046, 2213, -1,
2213, 2046, 2047, -1, 2213, 2047, 2212, -1, 2212, 2047, 2048, -1, 2212, 2048, 2211, -1,
2211, 2048, 2049, -1, 2211, 2049, 2210, -1, 2210, 2049, 2050, -1, 2210, 2050, 2051, -1,
2041, 2042, 2219, -1, 2219, 2042, 2043, -1, 2219, 2043, 2218, -1, 2218, 2043, 2044, -1,
2218, 2044, 2217, -1, 2217, 2044, 2045, -1, 2217, 2045, 2216, -1, 2216, 2045, 2046, -1,
2216, 2046, 2215, -1, 2215, 2046, 2214, -1, 2038, 2039, 2220, -1, 2220, 2040, 2219, -1,
2219, 2040, 2041, -1, 2221, 2222, 2036, -1, 2221, 2037, 2038, -1, 2221, 2038, 2220, -1,
2227, 2032, 2033, -1, 2227, 2033, 2226, -1, 2226, 2034, 2225, -1, 2225, 2034, 2035, -1,
2224, 2035, 2036, -1, 2223, 2036, 2222, -1, 2027, 2028, 2229, -1, 2229, 2028, 2029, -1,
2229, 2029, 2228, -1, 2228, 2030, 2227, -1, 2227, 2030, 2031, -1, 2024, 2025, 2231, -1,
2231, 2026, 2230, -1, 2230, 2026, 2027, -1, 2230, 2027, 2229, -1, 2233, 2023, 2024, -1,
2233, 2024, 2232, -1, 2232, 2024, 2231, -1, 2234, 2235, 2021, -1, 2236, 2020, 2021, -1,
2073, 2190, 2199, -1, 2199, 2190, 2191, -1, 2199, 2191, 2198, -1, 2198, 2191, 2192, -1,
2198, 2192, 2197, -1, 2197, 2192, 2193, -1, 2197, 2193, 2196, -1, 2196, 2193, 2194, -1,
2196, 2194, 2195, -1, 2009, 2010, 2005, -1, 2009, 2005, 2006, -1, 2009, 2006, 2007, -1,
2009, 2007, 2008, -1, 2011, 2012, 2003, -1, 2011, 2003, 2004, -1, 2011, 2004, 2005, -1,
2011, 2005, 2010, -1, 2000, 2001, 2015, -1, 2014, 2002, 2003, -1, 2014, 2003, 2013, -1,
2013, 2003, 2012, -1, 2016, 1999, 2000, -1, 2016, 2000, 2015, -1, 1997, 2017, 2018, -1,
1997, 2019, 1996, -1, 2513, 2514, 2519, -1, 2519, 2514, 2515, -1, 2519, 2515, 2517, -1,
2517, 2515, 2516, -1, 2479, 2480, 2481, -1, 2479, 2481, 2482, -1, 2479, 2482, 2477, -1,
2479, 2477, 2478, -1, 2535, 2536, 773, -1, 773, 2536, 2537, -1, 773, 2537, 777, -1,
777, 2537, 2538, -1, 777, 2538, 776, -1, 776, 2538, 1612, -1, 776, 1612, 1613, -1,
2539, 2540, 1610, -1, 2539, 1610, 1611, -1, 2539, 1611, 1612, -1, 2539, 1612, 2538, -1,
1606, 1607, 2542, -1, 2542, 1607, 1608, -1, 2542, 1608, 2541, -1, 2541, 1608, 1609, -1,
2541, 1609, 2540, -1, 2540, 1609, 1610, -1, 2425, 2426, 2444, -1, 2425, 2445, 2446, -1,
2425, 2446, 805, -1, 2425, 805, 806, -1, 2425, 806, 2424, -1, 2427, 2428, 2442, -1,
2427, 2443, 2444, -1, 2429, 2430, 2440, -1, 2429, 2440, 2441, -1, 2429, 2441, 2442, -1,
2437, 2438, 2431, -1, 2431, 2438, 2439, -1, 2431, 2439, 2430, -1, 2430, 2439, 2440, -1,
2437, 2431, 2436, -1, 2436, 2431, 2432, -1, 2436, 2432, 2435, -1, 2435, 2432, 2433, -1,
2435, 2433, 2434, -1, 2710, 2711, 2726, -1, 2710, 2726, 2727, -1, 2710, 2727, 2728, -1,
2710, 2728, 2729, -1, 2722, 2723, 2712, -1, 2712, 2723, 2724, -1, 2712, 2724, 2711, -1,
2711, 2724, 2725, -1, 2711, 2725, 2726, -1, 2719, 2720, 2713, -1, 2713, 2720, 2721, -1,
2713, 2721, 2712, -1, 2712, 2721, 2722, -1, 2714, 2716, 2717, -1, 2714, 2717, 2718, -1,
2714, 2718, 2719, -1, 2714, 2719, 2713, -1, 2173, 2174, 2762, -1, 2173, 2762, 2763, -1,
2173, 2763, 2764, -1, 2173, 2764, 2778, -1, 2174, 2175, 2758, -1, 2174, 2758, 2759, -1,
2174, 2759, 2760, -1, 2174, 2760, 2761, -1, 2174, 2761, 2762, -1, 2175, 2176, 2752, -1,
2175, 2752, 2753, -1, 2175, 2753, 2754, -1, 2175, 2754, 2755, -1, 2175, 2755, 2756, -1,
2175, 2756, 2757, -1, 2175, 2757, 2758, -1, 2083, 2750, 2177, -1, 2177, 2750, 2751, -1,
2176, 2751, 2752, -1, 2180, 2181, 360, -1, 2180, 360, 361, -1, 2180, 362, 2079, -1,
2183, 359, 360, -1, 2183, 360, 2182, -1, 2182, 360, 2181, -1, 2781, 2782, 2169, -1,
2169, 2782, 2783, -1, 2169, 2783, 2168, -1, 2168, 2783, 2784, -1, 2168, 2784, 2785, -1,
2171, 2778, 2170, -1, 2170, 2778, 2779, -1, 2170, 2779, 2169, -1, 2169, 2779, 2780, -1,
2169, 2780, 2781, -1, 2772, 2773, 2770, -1, 2770, 2773, 2774, -1, 2770, 2774, 2769, -1,
2769, 2774, 2775, -1, 2769, 2775, 2768, -1, 2768, 2775, 2776, -1, 2768, 2776, 2767, -1,
2767, 2776, 2777, -1, 2767, 2777, 2766, -1, 2766, 2777, 2778, -1, 2766, 2778, 2765, -1,
2765, 2778, 2764, -1, 1466, 1467, 1591, -1, 1591, 1467, 1468, -1, 1591, 1468, 1589, -1,
1589, 1468, 1469, -1, 1589, 1469, 1472, -1, 1472, 1469, 1471, -1, 1466, 1592, 1465, -1,
1465, 1592, 1593, -1, 1465, 1593, 1464, -1, 1464, 1593, 1594, -1, 1464, 1594, 1463, -1,
1463, 1594, 2804, -1, 1463, 2804, 1462, -1, 2802, 3042, 2801, -1, 2801, 3042, 3043, -1,
2801, 3043, 2800, -1, 2800, 3043, 3044, -1, 2800, 3044, 2799, -1, 2799, 3044, 3052, -1,
2799, 3052, 3053, -1, 2803, 1605, 1586, -1, 2803, 1586, 2802, -1, 2802, 1586, 1587, -1,
2802, 1560, 1561, -1, 2802, 1561, 1562, -1, 2802, 1562, 1563, -1, 2802, 1563, 1564, -1,
2802, 1564, 1565, -1, 2802, 1565, 1566, -1, 2802, 1566, 1567, -1, 2802, 1567, 1568, -1,
2802, 1568, 1541, -1, 3021, 3022, 3020, -1, 3020, 3022, 3023, -1, 3020, 3023, 3019, -1,
3019, 3023, 3016, -1, 3019, 3016, 3017, -1, 1392, 1393, 1388, -1, 1392, 1388, 1389, -1,
1392, 1389, 1390, -1, 1392, 1390, 1391, -1, 1364, 1365, 1372, -1, 1372, 1365, 1366, -1,
1372, 1366, 1371, -1, 1371, 1366, 1367, -1, 1371, 1367, 1370, -1, 1370, 1367, 1368, -1,
1370, 1368, 1369, -1, 1383, 1384, 1372, -1, 1372, 1384, 1385, -1, 1372, 1385, 1364, -1,
1364, 1385, 1386, -1, 1364, 1386, 1363, -1, 1363, 1386, 1387, -1, 1363, 1387, 1362, -1,
1362, 1387, 1361, -1, 1413, 1414, 1358, -1, 1358, 1414, 1415, -1, 1358, 1415, 1357, -1,
1357, 1415, 1416, -1, 1357, 1416, 1356, -1, 1356, 1416, 1417, -1, 1356, 1417, 1418, -1,
1355, 1356, 1418, -1, 1355, 1418, 1419, -1, 1355, 1419, 1420, -1, 1355, 1420, 1421, -1,
1355, 1421, 1354, -1, 1421, 1422, 1354, -1, 1354, 1422, 1423, -1, 1354, 1423, 1353, -1,
1353, 1423, 1424, -1, 1353, 1424, 1425, -1, 1425, 1426, 1353, -1, 1353, 1426, 1345, -1,
1353, 1345, 1352, -1, 1352, 1345, 1346, -1, 1352, 1346, 1351, -1, 1351, 1346, 1347, -1,
1351, 1347, 1350, -1, 1350, 1347, 1348, -1, 1350, 1348, 1349, -1, 1379, 1380, 1376, -1,
1379, 1376, 1377, -1, 1379, 1377, 1378, -1, 1373, 1374, 1382, -1, 1382, 1374, 1375, -1,
1382, 1375, 1381, -1, 1381, 1375, 1376, -1, 1381, 1376, 1380, -1, 1382, 1383, 1372, -1,
1382, 1372, 1373, -1, 3026, 3014, 3025, -1, 3025, 3014, 3015, -1, 3025, 3015, 3024, -1,
3024, 3015, 3016, -1, 3024, 3016, 3023, -1, 3027, 3028, 3012, -1, 3027, 3013, 3014, -1,
3029, 3030, 3011, -1, 3029, 3011, 3012, -1, 3031, 3032, 3009, -1, 3031, 3010, 3011, -1,
3033, 3034, 3007, -1, 3033, 3008, 3009, -1, 3035, 3036, 3005, -1, 3035, 3006, 3007, -1,
3037, 3038, 3003, -1, 3037, 3003, 3004, -1, 3037, 3004, 3005, -1, 2823, 2824, 3060, -1,
2823, 3060, 3061, -1, 2823, 3061, 3062, -1, 2823, 3062, 2838, -1, 3056, 3057, 2818, -1,
2818, 3057, 3058, -1, 2818, 3058, 2817, -1, 2817, 3058, 3059, -1, 2817, 3059, 2825, -1,
2825, 3059, 3060, -1, 2818, 2819, 2799, -1, 2799, 2819, 2838, -1, 2799, 2838, 2816, -1,
2816, 2838, 1807, -1, 2815, 1807, 1808, -1, 2815, 1808, 1809, -1, 2818, 2799, 3054, -1,
2818, 3054, 3055, -1, 2818, 3055, 3056, -1, 1802, 1803, 2842, -1, 1802, 2842, 2843, -1,
1802, 2843, 2844, -1, 2839, 2840, 1806, -1, 1806, 2840, 2841, -1, 1806, 2841, 1805, -1,
1805, 2841, 2842, -1, 1805, 2842, 1804, -1, 1804, 2842, 1803, -1, 1807, 2838, 2839, -1,
1807, 2839, 1806, -1, 1811, 2814, 2815, -1, 1811, 2815, 1810, -1, 1810, 2815, 1809, -1,
1812, 1813, 2811, -1, 1812, 2812, 2813, -1, 1812, 2813, 1811, -1, 1813, 1814, 2807, -1,
1813, 2808, 2809, -1, 1813, 2810, 2811, -1, 1815, 1816, 2805, -1, 1815, 2806, 2807, -1,
1816, 1817, 2804, -1, 1816, 2804, 2805, -1, 2804, 1594, 1595, -1, 2804, 1596, 1597, -1,
2804, 1597, 1598, -1, 2804, 1599, 1600, -1, 2804, 1601, 1602, -1, 2804, 1602, 1603, -1,
2804, 1603, 2803, -1, 2838, 2819, 2820, -1, 2838, 2821, 2822, -1, 2838, 3062, 3063, -1,
2838, 3063, 3064, -1, 2838, 3064, 3065, -1, 2838, 3065, 2837, -1, 3065, 3066, 2837, -1,
2837, 3066, 3067, -1, 2837, 3067, 2836, -1, 2836, 3067, 3068, -1, 2836, 3068, 3069, -1,
3070, 3071, 2835, -1, 3070, 2835, 2836, -1, 3070, 2836, 3069, -1, 3072, 3073, 2834, -1,
3072, 2834, 2835, -1, 3072, 2835, 3071, -1, 3073, 3074, 2834, -1, 2834, 3074, 3075, -1,
2834, 3075, 2826, -1, 2826, 3075, 3048, -1, 2826, 3048, 3049, -1, 2834, 2826, 2833, -1,
2833, 2826, 2827, -1, 2833, 2827, 2832, -1, 2832, 2827, 2828, -1, 2832, 2828, 2831, -1,
2831, 2828, 2829, -1, 2831, 2829, 2830, -1, 3052, 3044, 3045, -1, 3052, 3045, 3046, -1,
3052, 3046, 3047, -1, 3052, 3047, 3051, -1, 3047, 2826, 3049, -1, 3047, 3049, 3050, -1,
3047, 3050, 3051, -1, 2465, 2466, 2485, -1, 2485, 2467, 2469, -1, 2469, 2467, 2468, -1,
2498, 2499, 2529, -1, 2529, 2499, 2500, -1, 2529, 2500, 2503, -1, 2503, 2500, 2501, -1,
794, 795, 259, -1, 259, 795, 796, -1, 259, 796, 2460, -1, 2460, 778, 797, -1,
797, 778, 779, -1, 797, 779, 810, -1, 810, 779, 780, -1, 810, 780, 809, -1,
809, 780, 781, -1, 809, 781, 808, -1, 808, 781, 782, -1, 808, 782, 807, -1,
807, 782, 806, -1, 783, 784, 269, -1, 783, 269, 270, -1, 783, 270, 2424, -1,
783, 2424, 806, -1, 783, 806, 782, -1, 775, 776, 1613, -1, 775, 1613, 1614, -1,
775, 1614, 774, -1, 2532, 2533, 259, -1, 259, 2533, 2534, -1, 259, 2534, 258, -1,
258, 2535, 773, -1, 2531, 259, 2461, -1, 2531, 2461, 2462, -1, 2531, 2462, 2463, -1,
2531, 2463, 2530, -1, 260, 261, 790, -1, 260, 791, 792, -1, 260, 793, 794, -1,
260, 794, 259, -1, 261, 262, 788, -1, 261, 789, 790, -1, 263, 264, 785, -1,
263, 785, 786, -1, 263, 787, 788, -1, 785, 265, 266, -1, 785, 268, 784, -1,
2530, 2463, 2493, -1, 2530, 2494, 2495, -1, 2530, 2495, 2496, -1, 2530, 2496, 2497, -1,
2530, 2497, 2529, -1, 2489, 2490, 2464, -1, 2464, 2490, 2491, -1, 2464, 2491, 2463, -1,
2463, 2491, 2492, -1, 2465, 2486, 2487, -1, 2465, 2487, 2464, -1, 2464, 2488, 2489, -1,
2485, 2469, 2470, -1, 2485, 2470, 2471, -1, 2485, 2471, 2472, -1, 2485, 2472, 2484, -1,
2483, 2472, 2473, -1, 2483, 2473, 2474, -1, 2483, 2474, 2482, -1, 2482, 2474, 2475, -1,
2482, 2475, 2476, -1, 2482, 2476, 2477, -1, 2458, 2459, 799, -1, 799, 2459, 2460, -1,
799, 2460, 798, -1, 2456, 799, 800, -1, 2456, 800, 2455, -1, 800, 801, 2453, -1,
802, 803, 2451, -1, 802, 2452, 2453, -1, 2449, 2450, 805, -1, 805, 2450, 2451, -1,
805, 2451, 804, -1, 2412, 2413, 2424, -1, 2424, 2413, 2414, -1, 2424, 2414, 2423, -1,
2423, 2414, 2415, -1, 2423, 2415, 2422, -1, 2422, 2415, 2416, -1, 2422, 2416, 2421, -1,
2421, 2416, 2417, -1, 2421, 2417, 2420, -1, 2420, 2417, 2418, -1, 2420, 2418, 2419, -1,
2529, 2503, 2504, -1, 2529, 2504, 2505, -1, 2529, 2505, 2506, -1, 2529, 2506, 2528, -1,
2527, 2506, 2507, -1, 2527, 2507, 2508, -1, 2527, 2508, 2526, -1, 2508, 2509, 2524, -1,
2508, 2524, 2525, -1, 2508, 2525, 2526, -1, 2521, 2522, 2511, -1, 2511, 2522, 2523, -1,
2511, 2523, 2510, -1, 2510, 2523, 2524, -1, 2520, 2521, 2511, -1, 2520, 2511, 2512, -1,
2520, 2512, 2513, -1, 2520, 2513, 2519, -1, 3095, 3097, 3094, -1, 3094, 3097, 3098, -1,
3094, 3098, 3093, -1, 3093, 3098, 3099, -1, 3093, 3099, 3092, -1, 3092, 3099, 3100, -1,
3092, 3100, 3091, -1, 3091, 3100, 3101, -1, 3091, 3101, 3090, -1, 3090, 3101, 3102, -1,
3090, 3102, 3089, -1, 3089, 3102, 3103, -1, 3089, 3103, 3088, -1, 3088, 3103, 3104, -1,
3088, 3104, 3087, -1, 3087, 3104, 3106, -1, 3087, 3106, 3086, -1, 3086, 3106, 3107, -1,
3086, 3107, 3085, -1, 3085, 3107, 3149, -1, 3085, 3149, 3084, -1, 3084, 3149, 3150, -1,
3084, 3150, 3151, -1, 3151, 3152, 3084, -1, 3084, 3152, 3076, -1, 3084, 3076, 3083, -1,
3083, 3076, 3077, -1, 3083, 3077, 3082, -1, 3082, 3077, 3078, -1, 3082, 3078, 3081, -1,
3081, 3078, 3079, -1, 3081, 3079, 3080, -1, 3152, 3125, 3076, -1, 3076, 3125, 3126, -1,
3076, 3126, 3124, -1, 3124, 3126, 3127, -1, 3124, 3127, 3128, -1, 3139, 3113, 3120, -1,
3120, 3113, 3114, -1, 3120, 3114, 3119, -1, 3119, 3114, 3115, -1, 3119, 3115, 3118, -1,
3118, 3115, 3116, -1, 3118, 3116, 3117, -1, 3120, 3121, 3136, -1, 3120, 3136, 3137, -1,
3120, 3137, 3138, -1, 3120, 3138, 3139, -1, 3132, 3133, 3122, -1, 3122, 3133, 3134, -1,
3122, 3134, 3121, -1, 3121, 3134, 3135, -1, 3121, 3135, 3136, -1, 3129, 3130, 3123, -1,
3123, 3130, 3131, -1, 3123, 3131, 3122, -1, 3122, 3131, 3132, -1, 3124, 3128, 3129, -1,
3124, 3129, 3123, -1, 3113, 3139, 3140, -1, 3113, 3140, 3141, -1, 3113, 3141, 3142, -1,
3113, 3142, 3112, -1, 3111, 3112, 3142, -1, 3111, 3142, 3143, -1, 3111, 3143, 3109, -1,
3111, 3109, 3110, -1, 3143, 3144, 3107, -1, 3143, 3107, 3108, -1, 3143, 3108, 3109, -1,
3107, 3144, 3145, -1, 3107, 3145, 3146, -1, 3107, 3146, 3147, -1, 3107, 3147, 3148, -1,
3107, 3148, 3149, -1, 3189, 3190, 3199, -1, 3199, 3190, 3191, -1, 3199, 3191, 3198, -1,
3198, 3191, 3192, -1, 3198, 3192, 3197, -1, 3197, 3192, 3193, -1, 3197, 3193, 3196, -1,
3196, 3193, 3194, -1, 3196, 3194, 3195, -1, 3189, 3199, 3210, -1, 3210, 3199, 3200, -1,
3210, 3200, 3209, -1, 3209, 3200, 3201, -1, 3209, 3201, 3208, -1, 3208, 3201, 3202, -1,
3208, 3202, 3207, -1, 3207, 3202, 3203, -1, 3207, 3203, 3206, -1, 3206, 3203, 3204, -1,
3206, 3204, 3205, -1, 3233, 3223, 3232, -1, 3232, 3223, 3224, -1, 3232, 3224, 3231, -1,
3231, 3224, 3225, -1, 3231, 3225, 3230, -1, 3230, 3225, 3226, -1, 3230, 3226, 3229, -1,
3229, 3226, 3227, -1, 3229, 3227, 3228, -1, 3211, 3212, 3223, -1, 3223, 3212, 3213, -1,
3223, 3213, 3222, -1, 3222, 3213, 3214, -1, 3222, 3214, 3221, -1, 3221, 3214, 3215, -1,
3221, 3215, 3220, -1, 3220, 3215, 3216, -1, 3220, 3216, 3219, -1, 3219, 3216, 3217, -1,
3219, 3217, 3218, -1, 3276, 3250, 3257, -1, 3257, 3250, 3251, -1, 3257, 3251, 3256, -1,
3256, 3251, 3252, -1, 3256, 3252, 3255, -1, 3255, 3252, 3253, -1, 3255, 3253, 3254, -1,
3257, 3258, 3273, -1, 3257, 3273, 3274, -1, 3257, 3274, 3275, -1, 3257, 3275, 3276, -1,
3269, 3270, 3259, -1, 3259, 3270, 3271, -1, 3259, 3271, 3258, -1, 3258, 3271, 3272, -1,
3258, 3272, 3273, -1, 3266, 3267, 3260, -1, 3260, 3267, 3268, -1, 3260, 3268, 3259, -1,
3259, 3268, 3269, -1, 3261, 3153, 3263, -1, 3261, 3263, 3264, -1, 3261, 3264, 3265, -1,
3261, 3265, 3266, -1, 3261, 3266, 3260, -1, 3153, 3154, 3244, -1, 3153, 3244, 3245, -1,
3153, 3245, 3246, -1, 3153, 3246, 3289, -1, 3153, 3289, 3262, -1, 3153, 3262, 3263, -1,
3250, 3276, 3277, -1, 3250, 3277, 3278, -1, 3250, 3278, 3279, -1, 3250, 3279, 3249, -1,
3279, 3280, 3249, -1, 3249, 3280, 3281, -1, 3249, 3281, 3248, -1, 3248, 3281, 3282, -1,
3248, 3282, 3283, -1, 3284, 3285, 3247, -1, 3284, 3247, 3248, -1, 3284, 3248, 3283, -1,
3286, 3287, 3246, -1, 3286, 3246, 3247, -1, 3286, 3247, 3285, -1, 3288, 3289, 3246, -1,
3288, 3246, 3287, -1, 3155, 3156, 3244, -1, 3155, 3244, 3154, -1, 3294, 3295, 3302, -1,
3302, 3295, 3296, -1, 3302, 3296, 3301, -1, 3301, 3296, 3297, -1, 3301, 3297, 3300, -1,
3300, 3297, 3298, -1, 3300, 3298, 3299, -1, 3335, 3309, 3316, -1, 3316, 3309, 3310, -1,
3316, 3310, 3315, -1, 3315, 3310, 3311, -1, 3315, 3311, 3314, -1, 3314, 3311, 3312, -1,
3314, 3312, 3313, -1, 3316, 3317, 3332, -1, 3316, 3332, 3333, -1, 3316, 3333, 3334, -1,
3316, 3334, 3335, -1, 3328, 3329, 3318, -1, 3318, 3329, 3330, -1, 3318, 3330, 3317, -1,
3317, 3330, 3331, -1, 3317, 3331, 3332, -1, 3325, 3326, 3319, -1, 3319, 3326, 3327, -1,
3319, 3327, 3318, -1, 3318, 3327, 3328, -1, 3320, 3290, 3322, -1, 3320, 3322, 3323, -1,
3320, 3323, 3324, -1, 3320, 3324, 3325, -1, 3320, 3325, 3319, -1, 3290, 3291, 3304, -1,
3290, 3304, 3305, -1, 3290, 3305, 3348, -1, 3290, 3348, 3321, -1, 3290, 3321, 3322, -1,
3309, 3335, 3336, -1, 3309, 3336, 3337, -1, 3309, 3337, 3338, -1, 3309, 3338, 3308, -1,
3338, 3339, 3308, -1, 3308, 3339, 3340, -1, 3308, 3340, 3307, -1, 3307, 3340, 3341, -1,
3307, 3341, 3342, -1, 3343, 3344, 3306, -1, 3343, 3306, 3307, -1, 3343, 3307, 3342, -1,
3345, 3346, 3305, -1, 3345, 3305, 3306, -1, 3345, 3306, 3344, -1, 3347, 3348, 3305, -1,
3347, 3305, 3346, -1, 3291, 3292, 3302, -1, 3291, 3302, 3303, -1, 3291, 3303, 3304, -1,
3293, 3294, 3302, -1, 3293, 3302, 3292, -1, 3373, 3374, 3385, -1, 3385, 3374, 3375, -1,
3385, 3375, 3384, -1, 3384, 3375, 3376, -1, 3384, 3376, 3383, -1, 3383, 3376, 3377, -1,
3383, 3377, 3382, -1, 3382, 3377, 3378, -1, 3382, 3378, 3381, -1, 3381, 3378, 3379, -1,
3381, 3379, 3380, -1, 3366, 3367, 3373, -1, 3366, 3373, 3385, -1, 3366, 3385, 3386, -1,
3366, 3386, 3387, -1, 3366, 3387, 3388, -1, 3366, 3388, 3389, -1, 3366, 3389, 3365, -1,
3412, 3361, 3393, -1, 3393, 3361, 3362, -1, 3393, 3362, 3392, -1, 3392, 3362, 3363, -1,
3392, 3363, 3391, -1, 3391, 3363, 3364, -1, 3391, 3364, 3390, -1, 3390, 3364, 3365, -1,
3390, 3365, 3389, -1, 3393, 3394, 3409, -1, 3393, 3409, 3410, -1, 3393, 3410, 3411, -1,
3393, 3411, 3412, -1, 3405, 3406, 3395, -1, 3395, 3406, 3407, -1, 3395, 3407, 3394, -1,
3394, 3407, 3408, -1, 3394, 3408, 3409, -1, 3402, 3403, 3396, -1, 3396, 3403, 3404, -1,
3396, 3404, 3395, -1, 3395, 3404, 3405, -1, 3397, 3349, 3399, -1, 3397, 3399, 3400, -1,
3397, 3400, 3401, -1, 3397, 3401, 3402, -1, 3397, 3402, 3396, -1, 3349, 3350, 3356, -1,
3349, 3356, 3357, -1, 3349, 3357, 3425, -1, 3349, 3425, 3398, -1, 3349, 3398, 3399, -1,
3373, 3367, 3372, -1, 3372, 3367, 3368, -1, 3372, 3368, 3371, -1, 3371, 3368, 3369, -1,
3371, 3369, 3370, -1, 3361, 3412, 3413, -1, 3361, 3413, 3414, -1, 3361, 3414, 3415, -1,
3361, 3415, 3360, -1, 3415, 3416, 3360, -1, 3360, 3416, 3417, -1, 3360, 3417, 3359, -1,
3359, 3417, 3418, -1, 3359, 3418, 3419, -1, 3420, 3421, 3358, -1, 3420, 3358, 3359, -1,
3420, 3359, 3419, -1, 3422, 3423, 3357, -1, 3422, 3357, 3358, -1, 3422, 3358, 3421, -1,
3424, 3425, 3357, -1, 3424, 3357, 3423, -1, 3356, 3350, 3355, -1, 3355, 3350, 3351, -1,
3355, 3351, 3354, -1, 3354, 3351, 3352, -1, 3354, 3352, 3353, -1, 3097, 3095, 3096, -1,
3106, 3104, 3105, -1, 2519, 2517, 2518, -1, 2498, 2529, 2497, -1, 271, 2424, 270, -1,
269, 784, 268, -1, 259, 2460, 2461, -1, 1604, 2803, 1603, -1, 2799, 3053, 3054, -1,
3019, 3017, 3018, -1, 1394, 1388, 1393, -1, 1387, 1360, 1361, -1, 3042, 3040, 3041, -1,
1570, 3042, 2802, -1, 1591, 1589, 1590, -1, 1466, 1591, 1592, -1, 1471, 1469, 1470, -1,
2069, 2067, 2068, -1, 2200, 2073, 2199, -1, 2189, 349, 350, -1, 2184, 690, 691, -1,
2183, 357, 358, -1, 1606, 2542, 2543, -1, 3001, 2999, 3000, -1, 1204, 1183, 1203, -1,
976, 974, 975, -1, 1016, 987, 988, -1, 1141, 1139, 1140, -1, 1130, 1128, 1129, -1,
1113, 1111, 1112, -1, 1066, 1117, 1118, -1, 1161, 1152, 1153, -1, 1083, 1081, 1082, -1,
1106, 1073, 1105, -1, 1232, 1230, 1231, -1, 1244, 1237, 1238, -1, 2703, 2709, 2710, -1,
952, 950, 951, -1, 891, 919, 920, -1, 907, 905, 906, -1, 843, 844, 842, -1,
823, 821, 822, -1, 404, 402, 403, -1, 417, 415, 416, -1, 890, 881, 889, -1,
711, 709, 710, -1, 718, 716, 717, -1, 611, 609, 610, -1, 596, 594, 595, -1,
586, 605, 585, -1, 491, 489, 490, -1, 1830, 1819, 1820, -1, 2127, 2125, 2126, -1,
2785, 2151, 2152, -1, 2167, 2155, 2166, -1, 2164, 2158, 2159, -1, 504, 502, 503, -1,
531, 529, 530, -1, 548, 531, 532, -1, 388, 522, 556, -1, 466, 464, 465, -1,
1730, 1728, 1729, -1, 1723, 1721, 1722, -1, 1699, 1697, 1698, -1, 1707, 1705, 1706, -1,
511, 509, 510, -1, 516, 517, 515, -1, 2857, 19, 2856, -1, 185, 183, 184, -1,
176, 174, 175, -1, 157, 1757, 156, -1, 2912, 2910, 2911, -1, 2624, 2622, 2623, -1,
2390, 2359, 2360, -1, 2387, 2385, 2386, -1, 2349, 2347, 2348, -1, 1332, 1323, 1331, -1,
93, 1331, 92, -1, 115, 1328, 114, -1
            ]
          }
        }
      ]
    }
  ]
}
Transform {
  children [
    Group {
      children [
        Shape {
          appearance Appearance {
            material Material {
              diffuseColor 0.5 0.5 0.5
              specularColor 0.8 0.8 0.8
              emissiveColor 0 0 0
              ambientIntensity 0.7
              transparency 0
              shininess 0.7
            }
          }
          geometry IndexedFaceSet {
            solid TRUE
            coord Coordinate {
              point [
53.387795 -40.55315 0.319882, 52.147638 -40.55315 0.319882,
52.147638 -40.94685 0.319882, 53.387795 -40.94685 0.319882,
55.375984 -40.55315 0.319882, 54.135827 -40.55315 0.319882,
54.135827 -40.94685 0.319882, 55.375984 -40.94685 0.319882,
62.260827 -35.190945 0.319882, 62.256331 -35.168345 0.319882,
62.24353 -35.149187 0.319882, 62.224371 -35.136385 0.319882,
62.201772 -35.13189 0.319882, 61.798228 -35.13189 0.319882,
61.775629 -35.136385 0.319882, 61.75647 -35.149187 0.319882,
61.743669 -35.168345 0.319882, 61.739173 -35.190945 0.319882,
61.739173 -35.309055 0.319882, 61.743669 -35.331655 0.319882,
61.75647 -35.350813 0.319882, 61.775629 -35.363615 0.319882,
61.798228 -35.36811 0.319882, 62.201772 -35.36811 0.319882,
62.224371 -35.363615 0.319882, 62.24353 -35.350813 0.319882,
62.256331 -35.331655 0.319882, 62.260827 -35.309055 0.319882,
61.63189 -40.55315 0.319882, 60.391732 -40.55315 0.319882,
60.391732 -40.94685 0.319882, 61.63189 -40.94685 0.319882,
63.620079 -40.55315 0.319882, 62.379921 -40.55315 0.319882,
62.379921 -40.94685 0.319882, 63.620079 -40.94685 0.319882,
53.387795 -39.55315 0.319882, 52.147638 -39.55315 0.319882,
52.147638 -39.94685 0.319882, 53.387795 -39.94685 0.319882,
55.375984 -39.55315 0.319882, 54.135827 -39.55315 0.319882,
54.135827 -39.94685 0.319882, 55.375984 -39.94685 0.319882,
61.63189 -39.55315 0.319882, 60.391732 -39.55315 0.319882,
60.391732 -39.94685 0.319882, 61.63189 -39.94685 0.319882,
63.620079 -39.55315 0.319882, 62.379921 -39.55315 0.319882,
62.379921 -39.94685 0.319882, 63.620079 -39.94685 0.319882,
53.446851 -38.062992 0.319882, 53.439359 -38.025326 0.319882,
53.418023 -37.993395 0.319882, 53.386091 -37.972059 0.319882,
53.348426 -37.964567 0.319882, 53.151575 -37.964567 0.319882,
53.113909 -37.972059 0.319882, 53.081978 -37.993395 0.319882,
53.060642 -38.025326 0.319882, 53.05315 -38.062992 0.319882,
53.05315 -38.437008 0.319882, 53.060642 -38.474674 0.319882,
53.081978 -38.506605 0.319882, 53.113909 -38.527941 0.319882,
53.151575 -38.535433 0.319882, 53.348426 -38.535433 0.319882,
53.386091 -38.527941 0.319882, 53.418023 -38.506605 0.319882,
53.439359 -38.474674 0.319882, 53.446851 -38.437008 0.319882,
54.194881 -38.062992 0.319882, 54.187389 -38.025326 0.319882,
54.166054 -37.993395 0.319882, 54.134122 -37.972059 0.319882,
54.096456 -37.964567 0.319882, 53.899606 -37.964567 0.319882,
53.86194 -37.972059 0.319882, 53.830009 -37.993395 0.319882,
53.808673 -38.025326 0.319882, 53.801181 -38.062992 0.319882,
53.801181 -38.437008 0.319882, 53.808673 -38.474674 0.319882,
53.830009 -38.506605 0.319882, 53.86194 -38.527941 0.319882,
53.899606 -38.535433 0.319882, 54.096456 -38.535433 0.319882,
54.134122 -38.527941 0.319882, 54.166054 -38.506605 0.319882,
54.187389 -38.474674 0.319882, 54.194881 -38.437008 0.319882,
61.572835 -37.812992 0.319882, 61.565343 -37.775326 0.319882,
61.544007 -37.743395 0.319882, 61.512075 -37.722059 0.319882,
61.474409 -37.714567 0.319882, 61.277559 -37.714567 0.319882,
61.239893 -37.722059 0.319882, 61.207962 -37.743395 0.319882,
61.186626 -37.775326 0.319882, 61.179134 -37.812992 0.319882,
61.179134 -38.187008 0.319882, 61.186626 -38.224674 0.319882,
61.207962 -38.256605 0.319882, 61.239893 -38.277941 0.319882,
61.277559 -38.285433 0.319882, 61.474409 -38.285433 0.319882,
61.512075 -38.277941 0.319882, 61.544007 -38.256605 0.319882,
61.565343 -38.224674 0.319882, 61.572835 -38.187008 0.319882,
62.320866 -37.812992 0.319882, 62.313374 -37.775326 0.319882,
62.292038 -37.743395 0.319882, 62.260107 -37.722059 0.319882,
62.222441 -37.714567 0.319882, 62.025591 -37.714567 0.319882,
61.987925 -37.722059 0.319882, 61.955993 -37.743395 0.319882,
61.934657 -37.775326 0.319882, 61.927165 -37.812992 0.319882,
61.927165 -38.187008 0.319882, 61.934657 -38.224674 0.319882,
61.955993 -38.256605 0.319882, 61.987925 -38.277941 0.319882,
62.025591 -38.285433 0.319882, 62.222441 -38.285433 0.319882,
62.260107 -38.277941 0.319882, 62.292038 -38.256605 0.319882,
62.313374 -38.224674 0.319882, 62.320866 -38.187008 0.319882,
53.448819 -36.896339 0.319882, 53.441327 -36.858673 0.319882,
53.419991 -36.826741 0.319882, 53.388059 -36.805406 0.319882,
53.350394 -36.797913 0.319882, 53.153543 -36.797913 0.319882,
53.115878 -36.805406 0.319882, 53.083946 -36.826741 0.319882,
53.06261 -36.858673 0.319882, 53.055118 -36.896339 0.319882,
53.055118 -37.270354 0.319882, 53.06261 -37.30802 0.319882,
53.083946 -37.339952 0.319882, 53.115878 -37.361287 0.319882,
53.153543 -37.36878 0.319882, 53.350394 -37.36878 0.319882,
53.388059 -37.361287 0.319882, 53.419991 -37.339952 0.319882,
53.441327 -37.30802 0.319882, 53.448819 -37.270354 0.319882,
54.19685 -36.896339 0.319882, 54.189358 -36.858673 0.319882,
54.168022 -36.826741 0.319882, 54.136091 -36.805406 0.319882,
54.098425 -36.797913 0.319882, 53.901575 -36.797913 0.319882,
53.863909 -36.805406 0.319882, 53.831978 -36.826741 0.319882,
53.810642 -36.858673 0.319882, 53.80315 -36.896339 0.319882,
53.80315 -37.270354 0.319882, 53.810642 -37.30802 0.319882,
53.831978 -37.339952 0.319882, 53.863909 -37.361287 0.319882,
53.901575 -37.36878 0.319882, 54.098425 -37.36878 0.319882,
54.136091 -37.361287 0.319882, 54.168022 -37.339952 0.319882,
54.189358 -37.30802 0.319882, 54.19685 -37.270354 0.319882,
61.224409 -36.806594 0.319882, 61.2216 -36.79247 0.319882,
61.213599 -36.780496 0.319882, 61.201625 -36.772494 0.319882,
61.1875 -36.769685 0.319882, 61.113681 -36.769685 0.319882,
61.099556 -36.772494 0.319882, 61.087582 -36.780496 0.319882,
61.079581 -36.79247 0.319882, 61.076772 -36.806594 0.319882,
61.076772 -36.890256 0.319882, 61.079581 -36.904381 0.319882,
61.087582 -36.916355 0.319882, 61.099556 -36.924356 0.319882,
61.113681 -36.927165 0.319882, 61.1875 -36.927165 0.319882,
61.201625 -36.924356 0.319882, 61.213599 -36.916355 0.319882,
61.2216 -36.904381 0.319882, 61.224409 -36.890256 0.319882,
61.923228 -36.806594 0.319882, 61.920419 -36.79247 0.319882,
61.912418 -36.780496 0.319882, 61.900444 -36.772494 0.319882,
61.886319 -36.769685 0.319882, 61.8125 -36.769685 0.319882,
61.798375 -36.772494 0.319882, 61.786401 -36.780496 0.319882,
61.7784 -36.79247 0.319882, 61.775591 -36.806594 0.319882,
61.775591 -36.890256 0.319882, 61.7784 -36.904381 0.319882,
61.786401 -36.916355 0.319882, 61.798375 -36.924356 0.319882,
61.8125 -36.927165 0.319882, 61.886319 -36.927165 0.319882,
61.900444 -36.924356 0.319882, 61.912418 -36.916355 0.319882,
61.920419 -36.904381 0.319882, 61.923228 -36.890256 0.319882,
61.659449 -36.687008 0.319882, 61.654654 -36.662902 0.319882,
61.640999 -36.642466 0.319882, 61.620563 -36.628811 0.319882,
61.596457 -36.624016 0.319882, 61.403543 -36.624016 0.319882,
61.379437 -36.628811 0.319882, 61.359001 -36.642466 0.319882,
61.345346 -36.662902 0.319882, 61.340551 -36.687008 0.319882,
61.340551 -36.812992 0.319882, 61.345346 -36.837098 0.319882,
61.359001 -36.857534 0.319882, 61.379437 -36.871189 0.319882,
61.403543 -36.875984 0.319882, 61.596457 -36.875984 0.319882,
61.620563 -36.871189 0.319882, 61.640999 -36.857534 0.319882,
61.654654 -36.837098 0.319882, 61.659449 -36.812992 0.319882,
61.224409 -36.550689 0.319882, 61.2216 -36.536564 0.319882,
61.213599 -36.52459 0.319882, 61.201625 -36.516589 0.319882,
61.1875 -36.51378 0.319882, 61.113681 -36.51378 0.319882,
61.099556 -36.516589 0.319882, 61.087582 -36.52459 0.319882,
61.079581 -36.536564 0.319882, 61.076772 -36.550689 0.319882,
61.076772 -36.63435 0.319882, 61.079581 -36.648475 0.319882,
61.087582 -36.660449 0.319882, 61.099556 -36.66845 0.319882,
61.113681 -36.67126 0.319882, 61.1875 -36.67126 0.319882,
61.201625 -36.66845 0.319882, 61.213599 -36.660449 0.319882,
61.2216 -36.648475 0.319882, 61.224409 -36.63435 0.319882,
61.923228 -36.550689 0.319882, 61.920419 -36.536564 0.319882,
61.912418 -36.52459 0.319882, 61.900444 -36.516589 0.319882,
61.886319 -36.51378 0.319882, 61.8125 -36.51378 0.319882,
61.798375 -36.516589 0.319882, 61.786401 -36.52459 0.319882,
61.7784 -36.536564 0.319882, 61.775591 -36.550689 0.319882,
61.775591 -36.63435 0.319882, 61.7784 -36.648475 0.319882,
61.786401 -36.660449 0.319882, 61.798375 -36.66845 0.319882,
61.8125 -36.67126 0.319882, 61.886319 -36.67126 0.319882,
61.900444 -36.66845 0.319882, 61.912418 -36.660449 0.319882,
61.920419 -36.648475 0.319882, 61.923228 -36.63435 0.319882,
61.659449 -36.372047 0.319882, 61.654654 -36.347941 0.319882,
61.640999 -36.327505 0.319882, 61.620563 -36.31385 0.319882,
61.596457 -36.309055 0.319882, 61.403543 -36.309055 0.319882,
61.379437 -36.31385 0.319882, 61.359001 -36.327505 0.319882,
61.345346 -36.347941 0.319882, 61.340551 -36.372047 0.319882,
61.340551 -36.498031 0.319882, 61.345346 -36.522137 0.319882,
61.359001 -36.542574 0.319882, 61.379437 -36.556229 0.319882,
61.403543 -36.561024 0.319882, 61.596457 -36.561024 0.319882,
61.620563 -36.556229 0.319882, 61.640999 -36.542574 0.319882,
61.654654 -36.522137 0.319882, 61.659449 -36.498031 0.319882,
61.224409 -36.294783 0.319882, 61.2216 -36.280659 0.319882,
61.213599 -36.268685 0.319882, 61.201625 -36.260683 0.319882,
61.1875 -36.257874 0.319882, 61.113681 -36.257874 0.319882,
61.099556 -36.260683 0.319882, 61.087582 -36.268685 0.319882,
61.079581 -36.280659 0.319882, 61.076772 -36.294783 0.319882,
61.076772 -36.378445 0.319882, 61.079581 -36.39257 0.319882,
61.087582 -36.404544 0.319882, 61.099556 -36.412545 0.319882,
61.113681 -36.415354 0.319882, 61.1875 -36.415354 0.319882,
61.201625 -36.412545 0.319882, 61.213599 -36.404544 0.319882,
61.2216 -36.39257 0.319882, 61.224409 -36.378445 0.319882,
61.923228 -36.294783 0.319882, 61.920419 -36.280659 0.319882,
61.912418 -36.268685 0.319882, 61.900444 -36.260683 0.319882,
61.886319 -36.257874 0.319882, 61.8125 -36.257874 0.319882,
61.798375 -36.260683 0.319882, 61.786401 -36.268685 0.319882,
61.7784 -36.280659 0.319882, 61.775591 -36.294783 0.319882,
61.775591 -36.378445 0.319882, 61.7784 -36.39257 0.319882,
61.786401 -36.404544 0.319882, 61.798375 -36.412545 0.319882,
61.8125 -36.415354 0.319882, 61.886319 -36.415354 0.319882,
61.900444 -36.412545 0.319882, 61.912418 -36.404544 0.319882,
61.920419 -36.39257 0.319882, 61.923228 -36.378445 0.319882,
53.448819 -35.729646 0.319882, 53.441327 -35.69198 0.319882,
53.419991 -35.660048 0.319882, 53.388059 -35.638713 0.319882,
53.350394 -35.63122 0.319882, 53.153543 -35.63122 0.319882,
53.115878 -35.638713 0.319882, 53.083946 -35.660048 0.319882,
53.06261 -35.69198 0.319882, 53.055118 -35.729646 0.319882,
53.055118 -36.103661 0.319882, 53.06261 -36.141327 0.319882,
53.083946 -36.173259 0.319882, 53.115878 -36.194594 0.319882,
53.153543 -36.202087 0.319882, 53.350394 -36.202087 0.319882,
53.388059 -36.194594 0.319882, 53.419991 -36.173259 0.319882,
53.441327 -36.141327 0.319882, 53.448819 -36.103661 0.319882,
54.19685 -35.729646 0.319882, 54.189358 -35.69198 0.319882,
54.168022 -35.660048 0.319882, 54.136091 -35.638713 0.319882,
54.098425 -35.63122 0.319882, 53.901575 -35.63122 0.319882,
53.863909 -35.638713 0.319882, 53.831978 -35.660048 0.319882,
53.810642 -35.69198 0.319882, 53.80315 -35.729646 0.319882,
53.80315 -36.103661 0.319882, 53.810642 -36.141327 0.319882,
53.831978 -36.173259 0.319882, 53.863909 -36.194594 0.319882,
53.901575 -36.202087 0.319882, 54.098425 -36.202087 0.319882,
54.136091 -36.194594 0.319882, 54.168022 -36.173259 0.319882,
54.189358 -36.141327 0.319882, 54.19685 -36.103661 0.319882,
57.192244 -35.146654 0.319882, 57.184752 -35.108988 0.319882,
57.163416 -35.077056 0.319882, 57.131485 -35.05572 0.319882,
57.093819 -35.048228 0.319882, 56.739488 -35.048228 0.319882,
56.701822 -35.05572 0.319882, 56.669891 -35.077056 0.319882,
56.648555 -35.108988 0.319882, 56.641063 -35.146654 0.319882,
56.641063 -35.353346 0.319882, 56.648555 -35.391012 0.319882,
56.669891 -35.422944 0.319882, 56.701822 -35.44428 0.319882,
56.739488 -35.451772 0.319882, 57.093819 -35.451772 0.319882,
57.131485 -35.44428 0.319882, 57.163416 -35.422944 0.319882,
57.184752 -35.391012 0.319882, 57.192244 -35.353346 0.319882,
60.025591 -35.146654 0.319882, 60.018098 -35.108988 0.319882,
59.996763 -35.077056 0.319882, 59.964831 -35.05572 0.319882,
59.927165 -35.048228 0.319882, 59.572835 -35.048228 0.319882,
59.535169 -35.05572 0.319882, 59.503237 -35.077056 0.319882,
59.481902 -35.108988 0.319882, 59.474409 -35.146654 0.319882,
59.474409 -35.353346 0.319882, 59.481902 -35.391012 0.319882,
59.503237 -35.422944 0.319882, 59.535169 -35.44428 0.319882,
59.572835 -35.451772 0.319882, 59.927165 -35.451772 0.319882,
59.964831 -35.44428 0.319882, 59.996763 -35.422944 0.319882,
60.018098 -35.391012 0.319882, 60.025591 -35.353346 0.319882,
58.608937 -35.146654 0.319882, 58.601445 -35.108988 0.319882,
58.580109 -35.077056 0.319882, 58.548178 -35.05572 0.319882,
58.510512 -35.048228 0.319882, 58.156181 -35.048228 0.319882,
58.118515 -35.05572 0.319882, 58.086584 -35.077056 0.319882,
58.065248 -35.108988 0.319882, 58.057756 -35.146654 0.319882,
58.057756 -35.353346 0.319882, 58.065248 -35.391012 0.319882,
58.086584 -35.422944 0.319882, 58.118515 -35.44428 0.319882,
58.156181 -35.451772 0.319882, 58.510512 -35.451772 0.319882,
58.548178 -35.44428 0.319882, 58.580109 -35.422944 0.319882,
58.601445 -35.391012 0.319882, 58.608937 -35.353346 0.319882,
53.448819 -34.562992 0.319882, 53.441327 -34.525326 0.319882,
53.419991 -34.493395 0.319882, 53.388059 -34.472059 0.319882,
53.350394 -34.464567 0.319882, 53.153543 -34.464567 0.319882,
53.115878 -34.472059 0.319882, 53.083946 -34.493395 0.319882,
53.06261 -34.525326 0.319882, 53.055118 -34.562992 0.319882,
53.055118 -34.937008 0.319882, 53.06261 -34.974674 0.319882,
53.083946 -35.006605 0.319882, 53.115878 -35.027941 0.319882,
53.153543 -35.035433 0.319882, 53.350394 -35.035433 0.319882,
53.388059 -35.027941 0.319882, 53.419991 -35.006605 0.319882,
53.441327 -34.974674 0.319882, 53.448819 -34.937008 0.319882,
54.19685 -34.562992 0.319882, 54.189358 -34.525326 0.319882,
54.168022 -34.493395 0.319882, 54.136091 -34.472059 0.319882,
54.098425 -34.464567 0.319882, 53.901575 -34.464567 0.319882,
53.863909 -34.472059 0.319882, 53.831978 -34.493395 0.319882,
53.810642 -34.525326 0.319882, 53.80315 -34.562992 0.319882,
53.80315 -34.937008 0.319882, 53.810642 -34.974674 0.319882,
53.831978 -35.006605 0.319882, 53.863909 -35.027941 0.319882,
53.901575 -35.035433 0.319882, 54.098425 -35.035433 0.319882,
54.136091 -35.027941 0.319882, 54.168022 -35.006605 0.319882,
54.189358 -34.974674 0.319882, 54.19685 -34.937008 0.319882,
61.365157 -34.816929 0.319882, 61.360662 -34.79433 0.319882,
61.347861 -34.775171 0.319882, 61.328702 -34.762369 0.319882,
61.306102 -34.757874 0.319882, 60.902559 -34.757874 0.319882,
60.879959 -34.762369 0.319882, 60.860801 -34.775171 0.319882,
60.847999 -34.79433 0.319882, 60.843504 -34.816929 0.319882,
60.843504 -34.935039 0.319882, 60.847999 -34.957639 0.319882,
60.860801 -34.976798 0.319882, 60.879959 -34.989599 0.319882,
60.902559 -34.994094 0.319882, 61.306102 -34.994094 0.319882,
61.328702 -34.989599 0.319882, 61.347861 -34.976798 0.319882,
61.360662 -34.957639 0.319882, 61.365157 -34.935039 0.319882,
55.775591 -34.42815 0.319882, 55.768098 -34.390484 0.319882,
55.746763 -34.358552 0.319882, 55.714831 -34.337217 0.319882,
55.677165 -34.329724 0.319882, 55.322835 -34.329724 0.319882,
55.285169 -34.337217 0.319882, 55.253237 -34.358552 0.319882,
55.231902 -34.390484 0.319882, 55.224409 -34.42815 0.319882,
55.224409 -34.634843 0.319882, 55.231902 -34.672508 0.319882,
55.253237 -34.70444 0.319882, 55.285169 -34.725776 0.319882,
55.322835 -34.733268 0.319882, 55.677165 -34.733268 0.319882,
55.714831 -34.725776 0.319882, 55.746763 -34.70444 0.319882,
55.768098 -34.672508 0.319882, 55.775591 -34.634843 0.319882,
57.192244 -34.42815 0.319882, 57.184752 -34.390484 0.319882,
57.163416 -34.358552 0.319882, 57.131485 -34.337217 0.319882,
57.093819 -34.329724 0.319882, 56.739488 -34.329724 0.319882,
56.701822 -34.337217 0.319882, 56.669891 -34.358552 0.319882,
56.648555 -34.390484 0.319882, 56.641063 -34.42815 0.319882,
56.641063 -34.634843 0.319882, 56.648555 -34.672508 0.319882,
56.669891 -34.70444 0.319882, 56.701822 -34.725776 0.319882,
56.739488 -34.733268 0.319882, 57.093819 -34.733268 0.319882,
57.131485 -34.725776 0.319882, 57.163416 -34.70444 0.319882,
57.184752 -34.672508 0.319882, 57.192244 -34.634843 0.319882,
58.608937 -34.42815 0.319882, 58.601445 -34.390484 0.319882,
58.580109 -34.358552 0.319882, 58.548178 -34.337217 0.319882,
58.510512 -34.329724 0.319882, 58.156181 -34.329724 0.319882,
58.118515 -34.337217 0.319882, 58.086584 -34.358552 0.319882,
58.065248 -34.390484 0.319882, 58.057756 -34.42815 0.319882,
58.057756 -34.634843 0.319882, 58.065248 -34.672508 0.319882,
58.086584 -34.70444 0.319882, 58.118515 -34.725776 0.319882,
58.156181 -34.733268 0.319882, 58.510512 -34.733268 0.319882,
58.548178 -34.725776 0.319882, 58.580109 -34.70444 0.319882,
58.601445 -34.672508 0.319882, 58.608937 -34.634843 0.319882,
60.025591 -34.42815 0.319882, 60.018098 -34.390484 0.319882,
59.996763 -34.358552 0.319882, 59.964831 -34.337217 0.319882,
59.927165 -34.329724 0.319882, 59.572835 -34.329724 0.319882,
59.535169 -34.337217 0.319882, 59.503237 -34.358552 0.319882,
59.481902 -34.390484 0.319882, 59.474409 -34.42815 0.319882,
59.474409 -34.634843 0.319882, 59.481902 -34.672508 0.319882,
59.503237 -34.70444 0.319882, 59.535169 -34.725776 0.319882,
59.572835 -34.733268 0.319882, 59.927165 -34.733268 0.319882,
59.964831 -34.725776 0.319882, 59.996763 -34.70444 0.319882,
60.018098 -34.672508 0.319882, 60.025591 -34.634843 0.319882,
61.365157 -34.442913 0.319882, 61.360662 -34.420314 0.319882,
61.347861 -34.401155 0.319882, 61.328702 -34.388354 0.319882,
61.306102 -34.383858 0.319882, 60.902559 -34.383858 0.319882,
60.879959 -34.388354 0.319882, 60.860801 -34.401155 0.319882,
60.847999 -34.420314 0.319882, 60.843504 -34.442913 0.319882,
60.843504 -34.561024 0.319882, 60.847999 -34.583623 0.319882,
60.860801 -34.602782 0.319882, 60.879959 -34.615583 0.319882,
60.902559 -34.620079 0.319882, 61.306102 -34.620079 0.319882,
61.328702 -34.615583 0.319882, 61.347861 -34.602782 0.319882,
61.360662 -34.583623 0.319882, 61.365157 -34.561024 0.319882,
62.260827 -34.442913 0.319882, 62.256331 -34.420314 0.319882,
62.24353 -34.401155 0.319882, 62.224371 -34.388354 0.319882,
62.201772 -34.383858 0.319882, 61.798228 -34.383858 0.319882,
61.775629 -34.388354 0.319882, 61.75647 -34.401155 0.319882,
61.743669 -34.420314 0.319882, 61.739173 -34.442913 0.319882,
61.739173 -34.561024 0.319882, 61.743669 -34.583623 0.319882,
61.75647 -34.602782 0.319882, 61.775629 -34.615583 0.319882,
61.798228 -34.620079 0.319882, 62.201772 -34.620079 0.319882,
62.224371 -34.615583 0.319882, 62.24353 -34.602782 0.319882,
62.256331 -34.583623 0.319882, 62.260827 -34.561024 0.319882,
55.775591 -35.146654 0.319882, 55.768098 -35.108988 0.319882,
55.746763 -35.077056 0.319882, 55.714831 -35.05572 0.319882,
55.677165 -35.048228 0.319882, 55.322835 -35.048228 0.319882,
55.285169 -35.05572 0.319882, 55.253237 -35.077056 0.319882,
55.231902 -35.108988 0.319882, 55.224409 -35.146654 0.319882,
55.224409 -35.353346 0.319882, 55.231902 -35.391012 0.319882,
55.253237 -35.422944 0.319882, 55.285169 -35.44428 0.319882,
55.322835 -35.451772 0.319882, 55.677165 -35.451772 0.319882,
55.714831 -35.44428 0.319882, 55.746763 -35.422944 0.319882,
55.768098 -35.391012 0.319882, 55.775591 -35.353346 0.319882,
61.365157 -35.190945 0.319882, 61.360662 -35.168345 0.319882,
61.347861 -35.149187 0.319882, 61.328702 -35.136385 0.319882,
61.306102 -35.13189 0.319882, 60.902559 -35.13189 0.319882,
60.879959 -35.136385 0.319882, 60.860801 -35.149187 0.319882,
60.847999 -35.168345 0.319882, 60.843504 -35.190945 0.319882,
60.843504 -35.309055 0.319882, 60.847999 -35.331655 0.319882,
60.860801 -35.350813 0.319882, 60.879959 -35.363615 0.319882,
60.902559 -35.36811 0.319882, 61.306102 -35.36811 0.319882,
61.328702 -35.363615 0.319882, 61.347861 -35.350813 0.319882,
61.360662 -35.331655 0.319882, 61.365157 -35.309055 0.319882
              ]
            }
            coordIndex [
1, 2, 3, -1, 1, 3, 0, -1, 5, 6, 7, -1, 5, 7, 4, -1,
17, 19, 16, -1, 16, 19, 20, -1, 16, 20, 15, -1, 15, 20, 21, -1,
15, 21, 14, -1, 14, 21, 22, -1, 14, 22, 13, -1, 13, 22, 23, -1,
13, 23, 12, -1, 12, 23, 24, -1, 12, 24, 11, -1, 11, 24, 25, -1,
11, 25, 10, -1, 10, 25, 26, -1, 10, 26, 9, -1, 9, 26, 27, -1,
9, 27, 8, -1, 29, 30, 31, -1, 29, 31, 28, -1, 33, 34, 35, -1,
33, 35, 32, -1, 37, 38, 39, -1, 37, 39, 36, -1, 41, 42, 43, -1,
41, 43, 40, -1, 45, 46, 47, -1, 45, 47, 44, -1, 49, 50, 51, -1,
49, 51, 48, -1, 61, 63, 60, -1, 60, 63, 64, -1, 60, 64, 59, -1,
59, 64, 65, -1, 59, 65, 58, -1, 58, 65, 66, -1, 58, 66, 57, -1,
57, 66, 67, -1, 57, 67, 56, -1, 56, 67, 68, -1, 56, 68, 55, -1,
55, 68, 69, -1, 55, 69, 54, -1, 54, 69, 70, -1, 54, 70, 53, -1,
53, 70, 71, -1, 53, 71, 52, -1, 621, 623, 620, -1, 620, 623, 624, -1,
620, 624, 619, -1, 619, 624, 625, -1, 619, 625, 618, -1, 618, 625, 626, -1,
618, 626, 617, -1, 617, 626, 627, -1, 617, 627, 616, -1, 616, 627, 628, -1,
616, 628, 615, -1, 615, 628, 629, -1, 615, 629, 614, -1, 614, 629, 630, -1,
614, 630, 613, -1, 613, 630, 631, -1, 613, 631, 612, -1, 81, 83, 80, -1,
80, 83, 84, -1, 80, 84, 79, -1, 79, 84, 85, -1, 79, 85, 78, -1,
78, 85, 86, -1, 78, 86, 77, -1, 77, 86, 87, -1, 77, 87, 76, -1,
76, 87, 88, -1, 76, 88, 75, -1, 75, 88, 89, -1, 75, 89, 74, -1,
74, 89, 90, -1, 74, 90, 73, -1, 73, 90, 91, -1, 73, 91, 72, -1,
101, 103, 100, -1, 100, 103, 104, -1, 100, 104, 99, -1, 99, 104, 105, -1,
99, 105, 98, -1, 98, 105, 106, -1, 98, 106, 97, -1, 97, 106, 107, -1,
97, 107, 96, -1, 96, 107, 108, -1, 96, 108, 95, -1, 95, 108, 109, -1,
95, 109, 94, -1, 94, 109, 110, -1, 94, 110, 93, -1, 93, 110, 111, -1,
93, 111, 92, -1, 121, 123, 120, -1, 120, 123, 124, -1, 120, 124, 119, -1,
119, 124, 125, -1, 119, 125, 118, -1, 118, 125, 126, -1, 118, 126, 117, -1,
117, 126, 127, -1, 117, 127, 116, -1, 116, 127, 128, -1, 116, 128, 115, -1,
115, 128, 129, -1, 115, 129, 114, -1, 114, 129, 130, -1, 114, 130, 113, -1,
113, 130, 131, -1, 113, 131, 112, -1, 141, 143, 140, -1, 140, 143, 144, -1,
140, 144, 139, -1, 139, 144, 145, -1, 139, 145, 138, -1, 138, 145, 146, -1,
138, 146, 137, -1, 137, 146, 147, -1, 137, 147, 136, -1, 136, 147, 148, -1,
136, 148, 135, -1, 135, 148, 149, -1, 135, 149, 134, -1, 134, 149, 150, -1,
134, 150, 133, -1, 133, 150, 151, -1, 133, 151, 132, -1, 161, 163, 160, -1,
160, 163, 164, -1, 160, 164, 159, -1, 159, 164, 165, -1, 159, 165, 158, -1,
158, 165, 166, -1, 158, 166, 157, -1, 157, 166, 167, -1, 157, 167, 156, -1,
156, 167, 168, -1, 156, 168, 155, -1, 155, 168, 169, -1, 155, 169, 154, -1,
154, 169, 170, -1, 154, 170, 153, -1, 153, 170, 171, -1, 153, 171, 152, -1,
181, 183, 180, -1, 180, 183, 184, -1, 180, 184, 179, -1, 179, 184, 185, -1,
179, 185, 178, -1, 178, 185, 186, -1, 178, 186, 177, -1, 177, 186, 187, -1,
177, 187, 176, -1, 176, 187, 188, -1, 176, 188, 175, -1, 175, 188, 189, -1,
175, 189, 174, -1, 174, 189, 190, -1, 174, 190, 173, -1, 173, 190, 191, -1,
173, 191, 172, -1, 201, 203, 200, -1, 200, 203, 204, -1, 200, 204, 199, -1,
199, 204, 205, -1, 199, 205, 198, -1, 198, 205, 206, -1, 198, 206, 197, -1,
197, 206, 207, -1, 197, 207, 196, -1, 196, 207, 208, -1, 196, 208, 195, -1,
195, 208, 209, -1, 195, 209, 194, -1, 194, 209, 210, -1, 194, 210, 193, -1,
193, 210, 211, -1, 193, 211, 192, -1, 221, 223, 220, -1, 220, 223, 224, -1,
220, 224, 219, -1, 219, 224, 225, -1, 219, 225, 218, -1, 218, 225, 226, -1,
218, 226, 217, -1, 217, 226, 227, -1, 217, 227, 216, -1, 216, 227, 228, -1,
216, 228, 215, -1, 215, 228, 229, -1, 215, 229, 214, -1, 214, 229, 230, -1,
214, 230, 213, -1, 213, 230, 231, -1, 213, 231, 212, -1, 241, 243, 240, -1,
240, 243, 244, -1, 240, 244, 239, -1, 239, 244, 245, -1, 239, 245, 238, -1,
238, 245, 246, -1, 238, 246, 237, -1, 237, 246, 247, -1, 237, 247, 236, -1,
236, 247, 248, -1, 236, 248, 235, -1, 235, 248, 249, -1, 235, 249, 234, -1,
234, 249, 250, -1, 234, 250, 233, -1, 233, 250, 251, -1, 233, 251, 232, -1,
261, 263, 260, -1, 260, 263, 264, -1, 260, 264, 259, -1, 259, 264, 265, -1,
259, 265, 258, -1, 258, 265, 266, -1, 258, 266, 257, -1, 257, 266, 267, -1,
257, 267, 256, -1, 256, 267, 268, -1, 256, 268, 255, -1, 255, 268, 269, -1,
255, 269, 254, -1, 254, 269, 270, -1, 254, 270, 253, -1, 253, 270, 271, -1,
253, 271, 252, -1, 281, 283, 280, -1, 280, 283, 284, -1, 280, 284, 279, -1,
279, 284, 285, -1, 279, 285, 278, -1, 278, 285, 286, -1, 278, 286, 277, -1,
277, 286, 287, -1, 277, 287, 276, -1, 276, 287, 288, -1, 276, 288, 275, -1,
275, 288, 289, -1, 275, 289, 274, -1, 274, 289, 290, -1, 274, 290, 273, -1,
273, 290, 291, -1, 273, 291, 272, -1, 301, 303, 300, -1, 300, 303, 304, -1,
300, 304, 299, -1, 299, 304, 305, -1, 299, 305, 298, -1, 298, 305, 306, -1,
298, 306, 297, -1, 297, 306, 307, -1, 297, 307, 296, -1, 296, 307, 308, -1,
296, 308, 295, -1, 295, 308, 309, -1, 295, 309, 294, -1, 294, 309, 310, -1,
294, 310, 293, -1, 293, 310, 311, -1, 293, 311, 292, -1, 321, 323, 320, -1,
320, 323, 324, -1, 320, 324, 319, -1, 319, 324, 325, -1, 319, 325, 318, -1,
318, 325, 326, -1, 318, 326, 317, -1, 317, 326, 327, -1, 317, 327, 316, -1,
316, 327, 328, -1, 316, 328, 315, -1, 315, 328, 329, -1, 315, 329, 314, -1,
314, 329, 330, -1, 314, 330, 313, -1, 313, 330, 331, -1, 313, 331, 312, -1,
341, 343, 340, -1, 340, 343, 344, -1, 340, 344, 339, -1, 339, 344, 345, -1,
339, 345, 338, -1, 338, 345, 346, -1, 338, 346, 337, -1, 337, 346, 347, -1,
337, 347, 336, -1, 336, 347, 348, -1, 336, 348, 335, -1, 335, 348, 349, -1,
335, 349, 334, -1, 334, 349, 350, -1, 334, 350, 333, -1, 333, 350, 351, -1,
333, 351, 332, -1, 361, 363, 360, -1, 360, 363, 364, -1, 360, 364, 359, -1,
359, 364, 365, -1, 359, 365, 358, -1, 358, 365, 366, -1, 358, 366, 357, -1,
357, 366, 367, -1, 357, 367, 356, -1, 356, 367, 368, -1, 356, 368, 355, -1,
355, 368, 369, -1, 355, 369, 354, -1, 354, 369, 370, -1, 354, 370, 353, -1,
353, 370, 371, -1, 353, 371, 352, -1, 381, 383, 380, -1, 380, 383, 384, -1,
380, 384, 379, -1, 379, 384, 385, -1, 379, 385, 378, -1, 378, 385, 386, -1,
378, 386, 377, -1, 377, 386, 387, -1, 377, 387, 376, -1, 376, 387, 388, -1,
376, 388, 375, -1, 375, 388, 389, -1, 375, 389, 374, -1, 374, 389, 390, -1,
374, 390, 373, -1, 373, 390, 391, -1, 373, 391, 372, -1, 401, 403, 400, -1,
400, 403, 404, -1, 400, 404, 399, -1, 399, 404, 405, -1, 399, 405, 398, -1,
398, 405, 406, -1, 398, 406, 397, -1, 397, 406, 407, -1, 397, 407, 396, -1,
396, 407, 408, -1, 396, 408, 395, -1, 395, 408, 409, -1, 395, 409, 394, -1,
394, 409, 410, -1, 394, 410, 393, -1, 393, 410, 411, -1, 393, 411, 392, -1,
421, 423, 420, -1, 420, 423, 424, -1, 420, 424, 419, -1, 419, 424, 425, -1,
419, 425, 418, -1, 418, 425, 426, -1, 418, 426, 417, -1, 417, 426, 427, -1,
417, 427, 416, -1, 416, 427, 428, -1, 416, 428, 415, -1, 415, 428, 429, -1,
415, 429, 414, -1, 414, 429, 430, -1, 414, 430, 413, -1, 413, 430, 431, -1,
413, 431, 412, -1, 441, 443, 440, -1, 440, 443, 444, -1, 440, 444, 439, -1,
439, 444, 445, -1, 439, 445, 438, -1, 438, 445, 446, -1, 438, 446, 437, -1,
437, 446, 447, -1, 437, 447, 436, -1, 436, 447, 448, -1, 436, 448, 435, -1,
435, 448, 449, -1, 435, 449, 434, -1, 434, 449, 450, -1, 434, 450, 433, -1,
433, 450, 451, -1, 433, 451, 432, -1, 461, 463, 460, -1, 460, 463, 464, -1,
460, 464, 459, -1, 459, 464, 465, -1, 459, 465, 458, -1, 458, 465, 466, -1,
458, 466, 457, -1, 457, 466, 467, -1, 457, 467, 456, -1, 456, 467, 468, -1,
456, 468, 455, -1, 455, 468, 469, -1, 455, 469, 454, -1, 454, 469, 470, -1,
454, 470, 453, -1, 453, 470, 471, -1, 453, 471, 452, -1, 481, 483, 480, -1,
480, 483, 484, -1, 480, 484, 479, -1, 479, 484, 485, -1, 479, 485, 478, -1,
478, 485, 486, -1, 478, 486, 477, -1, 477, 486, 487, -1, 477, 487, 476, -1,
476, 487, 488, -1, 476, 488, 475, -1, 475, 488, 489, -1, 475, 489, 474, -1,
474, 489, 490, -1, 474, 490, 473, -1, 473, 490, 491, -1, 473, 491, 472, -1,
501, 503, 500, -1, 500, 503, 504, -1, 500, 504, 499, -1, 499, 504, 505, -1,
499, 505, 498, -1, 498, 505, 506, -1, 498, 506, 497, -1, 497, 506, 507, -1,
497, 507, 496, -1, 496, 507, 508, -1, 496, 508, 495, -1, 495, 508, 509, -1,
495, 509, 494, -1, 494, 509, 510, -1, 494, 510, 493, -1, 493, 510, 511, -1,
493, 511, 492, -1, 521, 523, 520, -1, 520, 523, 524, -1, 520, 524, 519, -1,
519, 524, 525, -1, 519, 525, 518, -1, 518, 525, 526, -1, 518, 526, 517, -1,
517, 526, 527, -1, 517, 527, 516, -1, 516, 527, 528, -1, 516, 528, 515, -1,
515, 528, 529, -1, 515, 529, 514, -1, 514, 529, 530, -1, 514, 530, 513, -1,
513, 530, 531, -1, 513, 531, 512, -1, 541, 543, 540, -1, 540, 543, 544, -1,
540, 544, 539, -1, 539, 544, 545, -1, 539, 545, 538, -1, 538, 545, 546, -1,
538, 546, 537, -1, 537, 546, 547, -1, 537, 547, 536, -1, 536, 547, 548, -1,
536, 548, 535, -1, 535, 548, 549, -1, 535, 549, 534, -1, 534, 549, 550, -1,
534, 550, 533, -1, 533, 550, 551, -1, 533, 551, 532, -1, 561, 563, 560, -1,
560, 563, 564, -1, 560, 564, 559, -1, 559, 564, 565, -1, 559, 565, 558, -1,
558, 565, 566, -1, 558, 566, 557, -1, 557, 566, 567, -1, 557, 567, 556, -1,
556, 567, 568, -1, 556, 568, 555, -1, 555, 568, 569, -1, 555, 569, 554, -1,
554, 569, 570, -1, 554, 570, 553, -1, 553, 570, 571, -1, 553, 571, 552, -1,
581, 583, 580, -1, 580, 583, 584, -1, 580, 584, 579, -1, 579, 584, 585, -1,
579, 585, 578, -1, 578, 585, 586, -1, 578, 586, 577, -1, 577, 586, 587, -1,
577, 587, 576, -1, 576, 587, 588, -1, 576, 588, 575, -1, 575, 588, 589, -1,
575, 589, 574, -1, 574, 589, 590, -1, 574, 590, 573, -1, 573, 590, 591, -1,
573, 591, 572, -1, 601, 603, 600, -1, 600, 603, 604, -1, 600, 604, 599, -1,
599, 604, 605, -1, 599, 605, 598, -1, 598, 605, 606, -1, 598, 606, 597, -1,
597, 606, 607, -1, 597, 607, 596, -1, 596, 607, 608, -1, 596, 608, 595, -1,
595, 608, 609, -1, 595, 609, 594, -1, 594, 609, 610, -1, 594, 610, 593, -1,
593, 610, 611, -1, 593, 611, 592, -1, 641, 643, 640, -1, 640, 643, 644, -1,
640, 644, 639, -1, 639, 644, 645, -1, 639, 645, 638, -1, 638, 645, 646, -1,
638, 646, 637, -1, 637, 646, 647, -1, 637, 647, 636, -1, 636, 647, 648, -1,
636, 648, 635, -1, 635, 648, 649, -1, 635, 649, 634, -1, 634, 649, 650, -1,
634, 650, 633, -1, 633, 650, 651, -1, 633, 651, 632, -1, 643, 641, 642, -1,
603, 601, 602, -1, 583, 581, 582, -1, 563, 561, 562, -1, 543, 541, 542, -1,
523, 521, 522, -1, 503, 501, 502, -1, 483, 481, 482, -1, 463, 461, 462, -1,
443, 441, 442, -1, 423, 421, 422, -1, 403, 401, 402, -1, 383, 381, 382, -1,
363, 361, 362, -1, 343, 341, 342, -1, 323, 321, 322, -1, 303, 301, 302, -1,
283, 281, 282, -1, 263, 261, 262, -1, 243, 241, 242, -1, 223, 221, 222, -1,
203, 201, 202, -1, 183, 181, 182, -1, 163, 161, 162, -1, 143, 141, 142, -1,
123, 121, 122, -1, 103, 101, 102, -1, 83, 81, 82, -1, 623, 621, 622, -1,
63, 61, 62, -1, 19, 17, 18, -1
            ]
          }
        }
      ]
    }
  ]
}
Transform {
  children [
    Group {
      children [
        Shape {
          appearance Appearance {
            material Material {
              diffuseColor 0.0784 0.2 0.141
              specularColor 0.355 0.44 0.399
              emissiveColor 0 0 0
              ambientIntensity 0.8
              transparency 0.17
              shininess 0.3
            }
          }
          geometry IndexedFaceSet {
            solid TRUE
            coord Coordinate {
              point [
62.845748 -34.838189 0.319882, 62.847229 -34.825048 0.319882,
62.851596 -34.812566 0.319882, 62.858632 -34.801369 0.319882,
62.867983 -34.792018 0.319882, 62.87918 -34.784982 0.319882,
62.891662 -34.780614 0.319882, 62.904803 -34.779134 0.319882,
62.917944 -34.780614 0.319882, 62.930426 -34.784982 0.319882,
62.941623 -34.792018 0.319882, 62.950974 -34.801369 0.319882,
62.95801 -34.812566 0.319882, 62.962378 -34.825048 0.319882,
62.963858 -34.838189 0.319882, 62.962378 -34.85133 0.319882,
62.95801 -34.863812 0.319882, 62.950974 -34.875009 0.319882,
62.941623 -34.88436 0.319882, 62.930426 -34.891396 0.319882,
62.917944 -34.895763 0.319882, 62.904803 -34.897244 0.319882,
62.891662 -34.895763 0.319882, 62.87918 -34.891396 0.319882,
62.867983 -34.88436 0.319882, 62.858632 -34.875009 0.319882,
62.851596 -34.863812 0.319882, 62.847229 -34.85133 0.319882,
62.799423 -33.12798 0.319882, 62.759762 -33.127979 0.319882,
62.75 -33.129921 0.319882, 62.740239 -33.12798 0.319882,
62.700577 -33.12798 0.319882, 62.602948 -33.112517 0.319882,
62.50894 -33.081971 0.319882, 62.50894 -33.081971 0.319882,
62.508939 -33.081971 0.319882, 62.420867 -33.037096 0.319882,
62.340899 -32.978996 0.319882, 62.312854 -32.950951 0.319882,
62.304578 -32.945422 0.319882, 62.299049 -32.937146 0.319882,
62.271004 -32.909101 0.319882, 62.212904 -32.829133 0.319882,
62.168031 -32.741063 0.319882, 62.168029 -32.74106 0.319882,
62.168029 -32.74106 0.319882, 62.137483 -32.647052 0.319882,
62.12202 -32.549423 0.319882, 62.12202 -32.509762 0.319882,
62.120079 -32.5 0.319882, 62.12202 -32.490238 0.319882,
62.12202 -32.450577 0.319882, 62.137483 -32.352948 0.319882,
62.168029 -32.258941 0.319882, 62.168029 -32.25894 0.319882,
62.168031 -32.258939 0.319882, 62.212904 -32.170867 0.319882,
62.271004 -32.090899 0.319882, 62.299049 -32.062854 0.319882,
62.304578 -32.054578 0.319882, 62.312854 -32.049049 0.319882,
62.340899 -32.021004 0.319882, 62.420867 -31.962904 0.319882,
62.508939 -31.91803 0.319882, 62.50894 -31.918029 0.319882,
62.50894 -31.918028 0.319882, 62.602948 -31.887483 0.319882,
62.700577 -31.87202 0.319882, 62.740239 -31.872021 0.319882,
62.75 -31.870079 0.319882, 62.759762 -31.87202 0.319882,
62.799423 -31.87202 0.319882, 62.897052 -31.887483 0.319882,
62.99106 -31.918029 0.319882, 62.99106 -31.918029 0.319882,
62.991063 -31.91803 0.319882, 63.079133 -31.962904 0.319882,
63.159101 -32.021004 0.319882, 63.187147 -32.049049 0.319882,
63.195422 -32.054578 0.319882, 63.200951 -32.062854 0.319882,
63.228996 -32.090899 0.319882, 63.287096 -32.170867 0.319882,
63.331971 -32.258938 0.319882, 63.331971 -32.25894 0.319882,
63.331971 -32.25894 0.319882, 63.362517 -32.352948 0.319882,
63.37798 -32.450577 0.319882, 63.37798 -32.490239 0.319882,
63.379921 -32.5 0.319882, 63.37798 -32.509762 0.319882,
63.37798 -32.549423 0.319882, 63.362517 -32.647052 0.319882,
63.331971 -32.741059 0.319882, 63.331971 -32.74106 0.319882,
63.331971 -32.741062 0.319882, 63.287096 -32.829133 0.319882,
63.228996 -32.909101 0.319882, 63.200951 -32.937146 0.319882,
63.195422 -32.945422 0.319882, 63.187147 -32.950951 0.319882,
63.159101 -32.978996 0.319882, 63.079133 -33.037096 0.319882,
62.991063 -33.081971 0.319882, 62.99106 -33.081971 0.319882,
62.99106 -33.081972 0.319882, 62.897052 -33.112517 0.319882,
62.803071 -38.204488 0.319882, 62.804552 -38.191347 0.319882,
62.808919 -38.178865 0.319882, 62.815955 -38.167668 0.319882,
62.825306 -38.158317 0.319882, 62.836503 -38.151281 0.319882,
62.848985 -38.146914 0.319882, 62.862126 -38.145433 0.319882,
62.875267 -38.146914 0.319882, 62.887749 -38.151281 0.319882,
62.898946 -38.158317 0.319882, 62.908297 -38.167668 0.319882,
62.915333 -38.178865 0.319882, 62.9197 -38.191347 0.319882,
62.921181 -38.204488 0.319882, 62.9197 -38.217629 0.319882,
62.915333 -38.230111 0.319882, 62.908297 -38.241308 0.319882,
62.898946 -38.250659 0.319882, 62.887749 -38.257695 0.319882,
62.875267 -38.262063 0.319882, 62.862126 -38.263543 0.319882,
62.848985 -38.262063 0.319882, 62.836503 -38.257695 0.319882,
62.825306 -38.250659 0.319882, 62.815955 -38.241308 0.319882,
62.808919 -38.230111 0.319882, 62.804552 -38.217629 0.319882,
61.224409 -36.63435 0.319882, 61.2216 -36.648475 0.319882,
61.213599 -36.660449 0.319882, 61.201625 -36.66845 0.319882,
61.1875 -36.67126 0.319882, 61.113681 -36.67126 0.319882,
61.099556 -36.66845 0.319882, 61.087582 -36.660449 0.319882,
61.079581 -36.648475 0.319882, 61.076772 -36.63435 0.319882,
61.076772 -36.550689 0.319882, 61.079581 -36.536564 0.319882,
61.087582 -36.52459 0.319882, 61.099556 -36.516589 0.319882,
61.113681 -36.51378 0.319882, 61.1875 -36.51378 0.319882,
61.201625 -36.516589 0.319882, 61.213599 -36.52459 0.319882,
61.2216 -36.536564 0.319882, 61.224409 -36.550689 0.319882,
61.224409 -36.378445 0.319882, 61.2216 -36.39257 0.319882,
61.213599 -36.404544 0.319882, 61.201625 -36.412545 0.319882,
61.1875 -36.415354 0.319882, 61.113681 -36.415354 0.319882,
61.099556 -36.412545 0.319882, 61.087582 -36.404544 0.319882,
61.079581 -36.39257 0.319882, 61.076772 -36.378445 0.319882,
61.076772 -36.294783 0.319882, 61.079581 -36.280659 0.319882,
61.087582 -36.268685 0.319882, 61.099556 -36.260683 0.319882,
61.113681 -36.257874 0.319882, 61.1875 -36.257874 0.319882,
61.201625 -36.260683 0.319882, 61.213599 -36.268685 0.319882,
61.2216 -36.280659 0.319882, 61.224409 -36.294783 0.319882,
61.365157 -34.561024 0.319882, 61.360662 -34.583623 0.319882,
61.347861 -34.602782 0.319882, 61.328702 -34.615583 0.319882,
61.306102 -34.620079 0.319882, 60.902559 -34.620079 0.319882,
60.879959 -34.615583 0.319882, 60.860801 -34.602782 0.319882,
60.847999 -34.583623 0.319882, 60.843504 -34.561024 0.319882,
60.843504 -34.442913 0.319882, 60.847999 -34.420314 0.319882,
60.860801 -34.401155 0.319882, 60.879959 -34.388354 0.319882,
60.902559 -34.383858 0.319882, 61.306102 -34.383858 0.319882,
61.328702 -34.388354 0.319882, 61.347861 -34.401155 0.319882,
61.360662 -34.420314 0.319882, 61.365157 -34.442913 0.319882,
61.365157 -34.816929 0.319882, 61.365157 -34.935039 0.319882,
61.360662 -34.957639 0.319882, 61.347861 -34.976798 0.319882,
61.328702 -34.989599 0.319882, 61.306102 -34.994094 0.319882,
60.902559 -34.994094 0.319882, 60.879959 -34.989599 0.319882,
60.860801 -34.976798 0.319882, 60.847999 -34.957639 0.319882,
60.843504 -34.935039 0.319882, 60.843504 -34.816929 0.319882,
60.847999 -34.79433 0.319882, 60.860801 -34.775171 0.319882,
60.879959 -34.762369 0.319882, 60.902559 -34.757874 0.319882,
61.306102 -34.757874 0.319882, 61.328702 -34.762369 0.319882,
61.347861 -34.775171 0.319882, 61.360662 -34.79433 0.319882,
61.63189 -39.55315 0.319882, 61.63189 -39.94685 0.319882,
60.391732 -39.94685 0.319882, 60.391732 -39.55315 0.319882,
61.30315 -36.90748 0.319882, 61.30315 -36.277559 0.319882,
61.69685 -36.277559 0.319882, 61.69685 -36.294783 0.319882,
61.69685 -36.550689 0.319882, 61.69685 -36.806594 0.319882,
61.69685 -36.90748 0.319882, 61.186626 -37.775326 0.319882,
61.207962 -37.743395 0.319882, 61.239893 -37.722059 0.319882,
61.277559 -37.714567 0.319882, 61.474409 -37.714567 0.319882,
61.512075 -37.722059 0.319882, 61.544007 -37.743395 0.319882,
61.565343 -37.775326 0.319882, 61.572835 -37.812992 0.319882,
61.572835 -38.187008 0.319882, 61.565343 -38.224674 0.319882,
61.544007 -38.256605 0.319882, 61.512075 -38.277941 0.319882,
61.474409 -38.285433 0.319882, 61.277559 -38.285433 0.319882,
61.239893 -38.277941 0.319882, 61.207962 -38.256605 0.319882,
61.186626 -38.224674 0.319882, 61.179134 -38.187008 0.319882,
61.179134 -37.812992 0.319882, 61.076772 -36.890256 0.319882,
61.076772 -36.806594 0.319882, 61.079581 -36.79247 0.319882,
61.087582 -36.780496 0.319882, 61.099556 -36.772494 0.319882,
61.113681 -36.769685 0.319882, 61.1875 -36.769685 0.319882,
61.201625 -36.772494 0.319882, 61.213599 -36.780496 0.319882,
61.2216 -36.79247 0.319882, 61.224409 -36.806594 0.319882,
61.224409 -36.890256 0.319882, 61.2216 -36.904381 0.319882,
61.219529 -36.90748 0.319882, 61.213599 -36.916355 0.319882,
61.201625 -36.924356 0.319882, 61.1875 -36.927165 0.319882,
61.113681 -36.927165 0.319882, 61.099556 -36.924356 0.319882,
61.087582 -36.916355 0.319882, 61.079581 -36.904381 0.319882,
60.902559 -35.36811 0.319882, 60.879959 -35.363615 0.319882,
60.860801 -35.350813 0.319882, 60.847999 -35.331655 0.319882,
60.843504 -35.309055 0.319882, 60.843504 -35.190945 0.319882,
60.847999 -35.168345 0.319882, 60.860801 -35.149187 0.319882,
60.879959 -35.136385 0.319882, 60.902559 -35.13189 0.319882,
61.306102 -35.13189 0.319882, 61.328702 -35.136385 0.319882,
61.347861 -35.149187 0.319882, 61.360662 -35.168345 0.319882,
61.365157 -35.190945 0.319882, 61.365157 -35.309055 0.319882,
61.360662 -35.331655 0.319882, 61.347861 -35.350813 0.319882,
61.328702 -35.363615 0.319882, 61.306102 -35.36811 0.319882,
61.067598 -37.267598 0.319882, 61.069079 -37.254457 0.319882,
61.073447 -37.241975 0.319882, 61.080482 -37.230778 0.319882,
61.089833 -37.221427 0.319882, 61.10103 -37.214392 0.319882,
61.113513 -37.210024 0.319882, 61.126654 -37.208543 0.319882,
61.139795 -37.210024 0.319882, 61.152277 -37.214392 0.319882,
61.163474 -37.221427 0.319882, 61.172825 -37.230778 0.319882,
61.17986 -37.241975 0.319882, 61.184228 -37.254457 0.319882,
61.185709 -37.267598 0.319882, 61.184228 -37.280739 0.319882,
61.17986 -37.293221 0.319882, 61.172825 -37.304419 0.319882,
61.163474 -37.31377 0.319882, 61.152277 -37.320805 0.319882,
61.139795 -37.325173 0.319882, 61.126654 -37.326654 0.319882,
61.113513 -37.325173 0.319882, 61.10103 -37.320805 0.319882,
61.089833 -37.31377 0.319882, 61.080482 -37.304419 0.319882,
61.073447 -37.293221 0.319882, 61.069079 -37.280739 0.319882,
60.625315 -34.653307 0.319882, 60.623834 -34.666448 0.319882,
60.619467 -34.67893 0.319882, 60.612431 -34.690127 0.319882,
60.60308 -34.699478 0.319882, 60.591883 -34.706514 0.319882,
60.579401 -34.710882 0.319882, 60.56626 -34.712362 0.319882,
60.553119 -34.710882 0.319882, 60.540637 -34.706514 0.319882,
60.52944 -34.699478 0.319882, 60.520089 -34.690127 0.319882,
60.513053 -34.67893 0.319882, 60.508685 -34.666448 0.319882,
60.507205 -34.653307 0.319882, 60.508685 -34.640166 0.319882,
60.513053 -34.627684 0.319882, 60.520089 -34.616487 0.319882,
60.52944 -34.607136 0.319882, 60.540637 -34.6001 0.319882,
60.553119 -34.595733 0.319882, 60.56626 -34.594252 0.319882,
60.579401 -34.595733 0.319882, 60.591883 -34.6001 0.319882,
60.60308 -34.607136 0.319882, 60.612431 -34.616487 0.319882,
60.619467 -34.627684 0.319882, 60.623834 -34.640166 0.319882,
53.448819 -37.270354 0.319882, 53.441327 -37.30802 0.319882,
53.419991 -37.339952 0.319882, 53.388059 -37.361287 0.319882,
53.350394 -37.36878 0.319882, 53.153543 -37.36878 0.319882,
53.115878 -37.361287 0.319882, 53.083946 -37.339952 0.319882,
53.06261 -37.30802 0.319882, 53.055118 -37.270354 0.319882,
53.055118 -36.896339 0.319882, 53.06261 -36.858673 0.319882,
53.083946 -36.826741 0.319882, 53.115878 -36.805406 0.319882,
53.153543 -36.797913 0.319882, 53.350394 -36.797913 0.319882,
53.388059 -36.805406 0.319882, 53.419991 -36.826741 0.319882,
53.441327 -36.858673 0.319882, 53.448819 -36.896339 0.319882,
53.446851 -38.062992 0.319882, 53.446851 -38.437008 0.319882,
53.439359 -38.474674 0.319882, 53.418023 -38.506605 0.319882,
53.386091 -38.527941 0.319882, 53.348426 -38.535433 0.319882,
53.151575 -38.535433 0.319882, 53.113909 -38.527941 0.319882,
53.081978 -38.506605 0.319882, 53.060642 -38.474674 0.319882,
53.05315 -38.437008 0.319882, 53.05315 -38.062992 0.319882,
53.060642 -38.025326 0.319882, 53.081978 -37.993395 0.319882,
53.113909 -37.972059 0.319882, 53.151575 -37.964567 0.319882,
53.348426 -37.964567 0.319882, 53.386091 -37.972059 0.319882,
53.418023 -37.993395 0.319882, 53.439359 -38.025326 0.319882,
52.559117 -31.221588 0.319882, 52.410324 -31.307494 0.319882,
52.269584 -31.406041 0.319882, 52.137969 -31.516479 0.319882,
52.016479 -31.637969 0.319882, 51.906041 -31.769584 0.319882,
51.807494 -31.910324 0.319882, 51.721588 -32.059117 0.319882,
51.648977 -32.214831 0.319882, 51.590214 -32.376281 0.319882,
51.570307 -32.450577 0.319882, 51.545746 -32.542239 0.319882,
51.515911 -32.71144 0.319882, 51.500937 -32.882598 0.319882,
51.5 -32.968504 0.319882, 51.5 -34.42815 0.319882,
51.5 -34.562992 0.319882, 51.5 -35.146654 0.319882,
51.5 -35.729646 0.319882, 51.5 -36.294783 0.319882,
51.5 -36.550689 0.319882, 51.5 -36.896339 0.319882,
51.5 -37.812992 0.319882, 51.5 -38.062992 0.319882,
51.5 -39.94685 0.319882, 51.5 -40.031496 0.319882,
51.500937 -40.117402 0.319882, 51.515911 -40.28856 0.319882,
51.544479 -40.450577 0.319882, 51.545746 -40.457761 0.319882,
51.590214 -40.623719 0.319882, 51.648977 -40.785169 0.319882,
51.721588 -40.940883 0.319882, 51.725033 -40.94685 0.319882,
51.807494 -41.089676 0.319882, 51.906041 -41.230416 0.319882,
52.016479 -41.362031 0.319882, 52.137969 -41.483521 0.319882,
52.269584 -41.593959 0.319882, 52.410324 -41.692506 0.319882,
52.559117 -41.778412 0.319882, 52.714831 -41.851023 0.319882,
52.876281 -41.909786 0.319882, 53.042239 -41.954254 0.319882,
53.21144 -41.984089 0.319882, 53.382598 -41.999063 0.319882,
53.468504 -42. 0.319882, 62.531496 -42. 0.319882,
62.617402 -41.999063 0.319882, 62.78856 -41.984089 0.319882,
62.957761 -41.954254 0.319882, 63.123719 -41.909786 0.319882,
63.285169 -41.851023 0.319882, 63.440883 -41.778412 0.319882,
63.589676 -41.692506 0.319882, 63.730416 -41.593959 0.319882,
63.862031 -41.483521 0.319882, 63.983521 -41.362031 0.319882,
64.093959 -41.230416 0.319882, 64.192506 -41.089676 0.319882,
64.278412 -40.940883 0.319882, 64.351023 -40.785169 0.319882,
64.409786 -40.623719 0.319882, 64.454254 -40.457761 0.319882,
64.484089 -40.28856 0.319882, 64.499063 -40.117402 0.319882,
64.5 -40.031496 0.319882, 64.5 -32.968504 0.319882,
64.499063 -32.882598 0.319882, 64.484089 -32.71144 0.319882,
64.454254 -32.542239 0.319882, 64.409786 -32.376281 0.319882,
64.351023 -32.214831 0.319882, 64.278412 -32.059117 0.319882,
64.192506 -31.910324 0.319882, 64.093959 -31.769584 0.319882,
63.983521 -31.637969 0.319882, 63.862031 -31.516479 0.319882,
63.730416 -31.406041 0.319882, 63.589676 -31.307494 0.319882,
63.440883 -31.221588 0.319882, 63.285169 -31.148977 0.319882,
63.123719 -31.090214 0.319882, 62.957761 -31.045746 0.319882,
62.78856 -31.015911 0.319882, 62.617402 -31.000937 0.319882,
62.531496 -31. 0.319882, 53.468504 -31. 0.319882,
53.382598 -31.000937 0.319882, 53.21144 -31.015911 0.319882,
53.042239 -31.045746 0.319882, 52.876281 -31.090214 0.319882,
52.714831 -31.148977 0.319882, 52.620079 -32.5 0.319882,
52.62202 -32.490238 0.319882, 52.62202 -32.450577 0.319882,
52.637483 -32.352948 0.319882, 52.668029 -32.258941 0.319882,
52.668029 -32.25894 0.319882, 52.668031 -32.258939 0.319882,
52.712904 -32.170867 0.319882, 52.771004 -32.090899 0.319882,
52.799049 -32.062854 0.319882, 52.804578 -32.054578 0.319882,
52.812854 -32.049049 0.319882, 52.840899 -32.021004 0.319882,
52.920867 -31.962904 0.319882, 53.008939 -31.91803 0.319882,
53.00894 -31.918029 0.319882, 53.00894 -31.918028 0.319882,
53.102948 -31.887483 0.319882, 53.200577 -31.87202 0.319882,
53.240239 -31.872021 0.319882, 53.25 -31.870079 0.319882,
53.259762 -31.87202 0.319882, 53.299423 -31.87202 0.319882,
53.397052 -31.887483 0.319882, 53.49106 -31.918029 0.319882,
53.49106 -31.918029 0.319882, 53.491063 -31.91803 0.319882,
53.579133 -31.962904 0.319882, 53.659101 -32.021004 0.319882,
53.687147 -32.049049 0.319882, 53.695422 -32.054578 0.319882,
53.700951 -32.062854 0.319882, 53.728996 -32.090899 0.319882,
53.787096 -32.170867 0.319882, 53.831971 -32.258938 0.319882,
53.831971 -32.25894 0.319882, 53.831971 -32.25894 0.319882,
53.862517 -32.352948 0.319882, 53.87798 -32.450577 0.319882,
53.87798 -32.490239 0.319882, 53.879921 -32.5 0.319882,
53.87798 -32.509762 0.319882, 53.87798 -32.549423 0.319882,
53.862517 -32.647052 0.319882, 53.831971 -32.741059 0.319882,
53.831971 -32.74106 0.319882, 53.831971 -32.741062 0.319882,
53.787096 -32.829133 0.319882, 53.728996 -32.909101 0.319882,
53.700951 -32.937146 0.319882, 53.695422 -32.945422 0.319882,
53.687147 -32.950951 0.319882, 53.659101 -32.978996 0.319882,
53.579133 -33.037096 0.319882, 53.491063 -33.081971 0.319882,
53.49106 -33.081971 0.319882, 53.49106 -33.081972 0.319882,
53.397052 -33.112517 0.319882, 53.299423 -33.12798 0.319882,
53.259762 -33.127979 0.319882, 53.25 -33.129921 0.319882,
53.240239 -33.12798 0.319882, 53.200577 -33.12798 0.319882,
53.102948 -33.112517 0.319882, 53.00894 -33.081971 0.319882,
53.00894 -33.081971 0.319882, 53.008939 -33.081971 0.319882,
52.920867 -33.037096 0.319882, 52.840899 -32.978996 0.319882,
52.812854 -32.950951 0.319882, 52.804578 -32.945422 0.319882,
52.799049 -32.937146 0.319882, 52.771004 -32.909101 0.319882,
52.712904 -32.829133 0.319882, 52.668031 -32.741063 0.319882,
52.668029 -32.74106 0.319882, 52.668029 -32.74106 0.319882,
52.637483 -32.647052 0.319882, 52.62202 -32.549423 0.319882,
52.62202 -32.509762 0.319882, 53.448819 -34.562992 0.319882,
53.448819 -34.937008 0.319882, 53.441327 -34.974674 0.319882,
53.419991 -35.006605 0.319882, 53.388059 -35.027941 0.319882,
53.350394 -35.035433 0.319882, 53.153543 -35.035433 0.319882,
53.115878 -35.027941 0.319882, 53.083946 -35.006605 0.319882,
53.06261 -34.974674 0.319882, 53.055118 -34.937008 0.319882,
53.055118 -34.562992 0.319882, 53.06261 -34.525326 0.319882,
53.083946 -34.493395 0.319882, 53.115878 -34.472059 0.319882,
53.153543 -34.464567 0.319882, 53.350394 -34.464567 0.319882,
53.388059 -34.472059 0.319882, 53.419991 -34.493395 0.319882,
53.441327 -34.525326 0.319882, 53.455079 -40.188386 0.319882,
53.456559 -40.175245 0.319882, 53.460927 -40.162763 0.319882,
53.467963 -40.151566 0.319882, 53.477314 -40.142215 0.319882,
53.488511 -40.135179 0.319882, 53.500993 -40.130811 0.319882,
53.514134 -40.129331 0.319882, 53.527275 -40.130811 0.319882,
53.539757 -40.135179 0.319882, 53.550954 -40.142215 0.319882,
53.560305 -40.151566 0.319882, 53.567341 -40.162763 0.319882,
53.571708 -40.175245 0.319882, 53.573189 -40.188386 0.319882,
53.571708 -40.201527 0.319882, 53.567341 -40.214009 0.319882,
53.560305 -40.225206 0.319882, 53.550954 -40.234557 0.319882,
53.539757 -40.241593 0.319882, 53.527275 -40.24596 0.319882,
53.514134 -40.247441 0.319882, 53.500993 -40.24596 0.319882,
53.488511 -40.241593 0.319882, 53.477314 -40.234557 0.319882,
53.467963 -40.225206 0.319882, 53.460927 -40.214009 0.319882,
53.456559 -40.201527 0.319882, 52.742598 -38.161811 0.319882,
52.744079 -38.14867 0.319882, 52.748447 -38.136188 0.319882,
52.755482 -38.124991 0.319882, 52.764833 -38.11564 0.319882,
52.77603 -38.108604 0.319882, 52.788513 -38.104237 0.319882,
52.801654 -38.102756 0.319882, 52.814795 -38.104237 0.319882,
52.827277 -38.108604 0.319882, 52.838474 -38.11564 0.319882,
52.847825 -38.124991 0.319882, 52.85486 -38.136188 0.319882,
52.859228 -38.14867 0.319882, 52.860709 -38.161811 0.319882,
52.859228 -38.174952 0.319882, 52.85486 -38.187434 0.319882,
52.847825 -38.198631 0.319882, 52.838474 -38.207982 0.319882,
52.827277 -38.215018 0.319882, 52.814795 -38.219386 0.319882,
52.801654 -38.220866 0.319882, 52.788513 -38.219386 0.319882,
52.77603 -38.215018 0.319882, 52.764833 -38.207982 0.319882,
52.755482 -38.198631 0.319882, 52.748447 -38.187434 0.319882,
52.744079 -38.174952 0.319882, 53.448819 -35.729646 0.319882,
53.448819 -36.103661 0.319882, 53.441327 -36.141327 0.319882,
53.419991 -36.173259 0.319882, 53.388059 -36.194594 0.319882,
53.350394 -36.202087 0.319882, 53.153543 -36.202087 0.319882,
53.115878 -36.194594 0.319882, 53.083946 -36.173259 0.319882,
53.06261 -36.141327 0.319882, 53.055118 -36.103661 0.319882,
53.055118 -35.729646 0.319882, 53.06261 -35.69198 0.319882,
53.083946 -35.660048 0.319882, 53.115878 -35.638713 0.319882,
53.153543 -35.63122 0.319882, 53.350394 -35.63122 0.319882,
53.388059 -35.638713 0.319882, 53.419991 -35.660048 0.319882,
53.441327 -35.69198 0.319882, 59.474409 -35.353346 0.319882,
59.474409 -35.146654 0.319882, 59.481902 -35.108988 0.319882,
59.503237 -35.077056 0.319882, 59.535169 -35.05572 0.319882,
59.572835 -35.048228 0.319882, 59.927165 -35.048228 0.319882,
59.964831 -35.05572 0.319882, 59.996763 -35.077056 0.319882,
60.018098 -35.108988 0.319882, 60.025591 -35.146654 0.319882,
60.025591 -35.190945 0.319882, 60.025591 -35.353346 0.319882,
60.018098 -35.391012 0.319882, 59.996763 -35.422944 0.319882,
59.964831 -35.44428 0.319882, 59.927165 -35.451772 0.319882,
59.572835 -35.451772 0.319882, 59.535169 -35.44428 0.319882,
59.503237 -35.422944 0.319882, 59.481902 -35.391012 0.319882,
55.677165 -35.451772 0.319882, 55.322835 -35.451772 0.319882,
55.285169 -35.44428 0.319882, 55.253237 -35.422944 0.319882,
55.231902 -35.391012 0.319882, 55.224409 -35.353346 0.319882,
55.224409 -35.146654 0.319882, 55.231902 -35.108988 0.319882,
55.253237 -35.077056 0.319882, 55.285169 -35.05572 0.319882,
55.322835 -35.048228 0.319882, 55.677165 -35.048228 0.319882,
55.714831 -35.05572 0.319882, 55.746763 -35.077056 0.319882,
55.768098 -35.108988 0.319882, 55.775591 -35.146654 0.319882,
55.775591 -35.353346 0.319882, 55.768098 -35.391012 0.319882,
55.746763 -35.422944 0.319882, 55.714831 -35.44428 0.319882,
55.375984 -39.55315 0.319882, 55.375984 -39.94685 0.319882,
54.135827 -39.94685 0.319882, 54.135827 -39.55315 0.319882,
55.539094 -40.742323 0.319882, 55.540575 -40.729182 0.319882,
55.544943 -40.7167 0.319882, 55.551978 -40.705503 0.319882,
55.561329 -40.696152 0.319882, 55.572527 -40.689116 0.319882,
55.585009 -40.684748 0.319882, 55.59815 -40.683268 0.319882,
55.611291 -40.684748 0.319882, 55.623773 -40.689116 0.319882,
55.63497 -40.696152 0.319882, 55.644321 -40.705503 0.319882,
55.651356 -40.7167 0.319882, 55.655724 -40.729182 0.319882,
55.657205 -40.742323 0.319882, 55.655724 -40.755464 0.319882,
55.651356 -40.767946 0.319882, 55.644321 -40.779143 0.319882,
55.63497 -40.788494 0.319882, 55.623773 -40.79553 0.319882,
55.611291 -40.799897 0.319882, 55.59815 -40.801378 0.319882,
55.585009 -40.799897 0.319882, 55.572527 -40.79553 0.319882,
55.561329 -40.788494 0.319882, 55.551978 -40.779143 0.319882,
55.544943 -40.767946 0.319882, 55.540575 -40.755464 0.319882,
54.528235 -35.077896 0.319882, 54.540717 -35.073528 0.319882,
54.553858 -35.072047 0.319882, 54.566999 -35.073528 0.319882,
54.579481 -35.077896 0.319882, 54.590679 -35.084931 0.319882,
54.600029 -35.094282 0.319882, 54.607065 -35.105479 0.319882,
54.611433 -35.117961 0.319882, 54.612913 -35.131102 0.319882,
54.611433 -35.144243 0.319882, 54.607065 -35.156725 0.319882,
54.600029 -35.167923 0.319882, 54.590679 -35.177274 0.319882,
54.579481 -35.184309 0.319882, 54.566999 -35.188677 0.319882,
54.553858 -35.190157 0.319882, 54.540717 -35.188677 0.319882,
54.528235 -35.184309 0.319882, 54.517038 -35.177274 0.319882,
54.507687 -35.167923 0.319882, 54.500651 -35.156725 0.319882,
54.496284 -35.144243 0.319882, 54.494803 -35.131102 0.319882,
54.496284 -35.117961 0.319882, 54.500651 -35.105479 0.319882,
54.507687 -35.094282 0.319882, 54.517038 -35.084931 0.319882,
54.522874 -34.704882 0.319882, 54.521393 -34.718023 0.319882,
54.517026 -34.730505 0.319882, 54.50999 -34.741702 0.319882,
54.500639 -34.751053 0.319882, 54.489442 -34.758089 0.319882,
54.47696 -34.762456 0.319882, 54.463819 -34.763937 0.319882,
54.450678 -34.762456 0.319882, 54.438196 -34.758089 0.319882,
54.426999 -34.751053 0.319882, 54.417648 -34.741702 0.319882,
54.410612 -34.730505 0.319882, 54.406244 -34.718023 0.319882,
54.404764 -34.704882 0.319882, 54.406244 -34.691741 0.319882,
54.410612 -34.679259 0.319882, 54.417648 -34.668062 0.319882,
54.426999 -34.658711 0.319882, 54.438196 -34.651675 0.319882,
54.450678 -34.647307 0.319882, 54.463819 -34.645827 0.319882,
54.47696 -34.647307 0.319882, 54.489442 -34.651675 0.319882,
54.500639 -34.658711 0.319882, 54.50999 -34.668062 0.319882,
54.517026 -34.679259 0.319882, 54.521393 -34.691741 0.319882,
54.557756 -35.839764 0.319882, 54.559237 -35.826623 0.319882,
54.563604 -35.814141 0.319882, 54.57064 -35.802944 0.319882,
54.579991 -35.793593 0.319882, 54.591188 -35.786557 0.319882,
54.60367 -35.782189 0.319882, 54.616811 -35.780709 0.319882,
54.629952 -35.782189 0.319882, 54.642434 -35.786557 0.319882,
54.653631 -35.793593 0.319882, 54.662982 -35.802944 0.319882,
54.670018 -35.814141 0.319882, 54.674386 -35.826623 0.319882,
54.675866 -35.839764 0.319882, 54.674386 -35.852905 0.319882,
54.670018 -35.865387 0.319882, 54.662982 -35.876584 0.319882,
54.653631 -35.885935 0.319882, 54.642434 -35.892971 0.319882,
54.629952 -35.897338 0.319882, 54.616811 -35.898819 0.319882,
54.60367 -35.897338 0.319882, 54.591188 -35.892971 0.319882,
54.579991 -35.885935 0.319882, 54.57064 -35.876584 0.319882,
54.563604 -35.865387 0.319882, 54.559237 -35.852905 0.319882,
53.80315 -37.270354 0.319882, 53.80315 -36.896339 0.319882,
53.810642 -36.858673 0.319882, 53.831978 -36.826741 0.319882,
53.863909 -36.805406 0.319882, 53.901575 -36.797913 0.319882,
54.098425 -36.797913 0.319882, 54.136091 -36.805406 0.319882,
54.13787 -36.806594 0.319882, 54.168022 -36.826741 0.319882,
54.189358 -36.858673 0.319882, 54.19685 -36.896339 0.319882,
54.19685 -37.270354 0.319882, 54.189358 -37.30802 0.319882,
54.168022 -37.339952 0.319882, 54.136091 -37.361287 0.319882,
54.098425 -37.36878 0.319882, 53.901575 -37.36878 0.319882,
53.863909 -37.361287 0.319882, 53.831978 -37.339952 0.319882,
53.810642 -37.30802 0.319882, 53.808673 -38.474674 0.319882,
53.801181 -38.437008 0.319882, 53.801181 -38.062992 0.319882,
53.808673 -38.025326 0.319882, 53.830009 -37.993395 0.319882,
53.86194 -37.972059 0.319882, 53.899606 -37.964567 0.319882,
54.096456 -37.964567 0.319882, 54.134122 -37.972059 0.319882,
54.166054 -37.993395 0.319882, 54.187389 -38.025326 0.319882,
54.194881 -38.062992 0.319882, 54.194881 -38.437008 0.319882,
54.187389 -38.474674 0.319882, 54.166054 -38.506605 0.319882,
54.134122 -38.527941 0.319882, 54.096456 -38.535433 0.319882,
53.899606 -38.535433 0.319882, 53.86194 -38.527941 0.319882,
53.830009 -38.506605 0.319882, 53.829094 -39.688386 0.319882,
53.830575 -39.675245 0.319882, 53.834943 -39.662763 0.319882,
53.841978 -39.651566 0.319882, 53.851329 -39.642215 0.319882,
53.862527 -39.635179 0.319882, 53.875009 -39.630811 0.319882,
53.88815 -39.629331 0.319882, 53.901291 -39.630811 0.319882,
53.913773 -39.635179 0.319882, 53.92497 -39.642215 0.319882,
53.934321 -39.651566 0.319882, 53.941356 -39.662763 0.319882,
53.945724 -39.675245 0.319882, 53.947205 -39.688386 0.319882,
53.945724 -39.701527 0.319882, 53.941356 -39.714009 0.319882,
53.934321 -39.725206 0.319882, 53.92497 -39.734557 0.319882,
53.913773 -39.741593 0.319882, 53.901291 -39.74596 0.319882,
53.88815 -39.747441 0.319882, 53.875009 -39.74596 0.319882,
53.862527 -39.741593 0.319882, 53.851329 -39.734557 0.319882,
53.841978 -39.725206 0.319882, 53.834943 -39.714009 0.319882,
53.830575 -39.701527 0.319882, 54.515787 -37.053937 0.319882,
54.517268 -37.040796 0.319882, 54.521636 -37.028314 0.319882,
54.528671 -37.017117 0.319882, 54.538022 -37.007766 0.319882,
54.549219 -37.00073 0.319882, 54.561702 -36.996363 0.319882,
54.574843 -36.994882 0.319882, 54.587984 -36.996363 0.319882,
54.600466 -37.00073 0.319882, 54.611663 -37.007766 0.319882,
54.621014 -37.017117 0.319882, 54.628049 -37.028314 0.319882,
54.632417 -37.040796 0.319882, 54.633898 -37.053937 0.319882,
54.632417 -37.067078 0.319882, 54.628049 -37.07956 0.319882,
54.621014 -37.090757 0.319882, 54.611663 -37.100108 0.319882,
54.600466 -37.107144 0.319882, 54.587984 -37.111511 0.319882,
54.574843 -37.112992 0.319882, 54.561702 -37.111511 0.319882,
54.549219 -37.107144 0.319882, 54.538022 -37.100108 0.319882,
54.528671 -37.090757 0.319882, 54.521636 -37.07956 0.319882,
54.517268 -37.067078 0.319882, 54.135827 -40.55315 0.319882,
55.375984 -40.55315 0.319882, 55.375984 -40.94685 0.319882,
54.135827 -40.94685 0.319882, 54.19685 -34.562992 0.319882,
54.19685 -34.816929 0.319882, 54.19685 -34.937008 0.319882,
54.189358 -34.974674 0.319882, 54.168022 -35.006605 0.319882,
54.136091 -35.027941 0.319882, 54.098425 -35.035433 0.319882,
53.901575 -35.035433 0.319882, 53.863909 -35.027941 0.319882,
53.831978 -35.006605 0.319882, 53.810642 -34.974674 0.319882,
53.80315 -34.937008 0.319882, 53.80315 -34.562992 0.319882,
53.810642 -34.525326 0.319882, 53.831978 -34.493395 0.319882,
53.863909 -34.472059 0.319882, 53.901575 -34.464567 0.319882,
54.098425 -34.464567 0.319882, 54.136091 -34.472059 0.319882,
54.168022 -34.493395 0.319882, 54.189358 -34.525326 0.319882,
53.80315 -35.729646 0.319882, 53.810642 -35.69198 0.319882,
53.831978 -35.660048 0.319882, 53.863909 -35.638713 0.319882,
53.901575 -35.63122 0.319882, 54.098425 -35.63122 0.319882,
54.136091 -35.638713 0.319882, 54.168022 -35.660048 0.319882,
54.189358 -35.69198 0.319882, 54.19685 -35.729646 0.319882,
54.19685 -36.103661 0.319882, 54.189358 -36.141327 0.319882,
54.168022 -36.173259 0.319882, 54.136091 -36.194594 0.319882,
54.098425 -36.202087 0.319882, 53.901575 -36.202087 0.319882,
53.863909 -36.194594 0.319882, 53.831978 -36.173259 0.319882,
53.810642 -36.141327 0.319882, 53.80315 -36.103661 0.319882,
56.641063 -35.146654 0.319882, 56.648555 -35.108988 0.319882,
56.669891 -35.077056 0.319882, 56.701822 -35.05572 0.319882,
56.739488 -35.048228 0.319882, 57.093819 -35.048228 0.319882,
57.131485 -35.05572 0.319882, 57.163416 -35.077056 0.319882,
57.184752 -35.108988 0.319882, 57.192244 -35.146654 0.319882,
57.192244 -35.353346 0.319882, 57.184752 -35.391012 0.319882,
57.163416 -35.422944 0.319882, 57.131485 -35.44428 0.319882,
57.093819 -35.451772 0.319882, 56.739488 -35.451772 0.319882,
56.701822 -35.44428 0.319882, 56.669891 -35.422944 0.319882,
56.648555 -35.391012 0.319882, 56.641063 -35.353346 0.319882,
63.620079 -40.55315 0.319882, 63.620079 -40.94685 0.319882,
62.379921 -40.94685 0.319882, 62.379921 -40.55315 0.319882,
62.379921 -39.94685 0.319882, 62.379921 -39.55315 0.319882,
63.620079 -39.55315 0.319882, 63.620079 -39.94685 0.319882,
62.744331 -40.148583 0.319882, 62.745811 -40.135442 0.319882,
62.750179 -40.12296 0.319882, 62.757215 -40.111762 0.319882,
62.766566 -40.102412 0.319882, 62.777763 -40.095376 0.319882,
62.790245 -40.091008 0.319882, 62.803386 -40.089528 0.319882,
62.816527 -40.091008 0.319882, 62.829009 -40.095376 0.319882,
62.840206 -40.102412 0.319882, 62.849557 -40.111762 0.319882,
62.856593 -40.12296 0.319882, 62.86096 -40.135442 0.319882,
62.862441 -40.148583 0.319882, 62.86096 -40.161724 0.319882,
62.856593 -40.174206 0.319882, 62.849557 -40.185403 0.319882,
62.840206 -40.194754 0.319882, 62.829009 -40.20179 0.319882,
62.816527 -40.206157 0.319882, 62.803386 -40.207638 0.319882,
62.790245 -40.206157 0.319882, 62.777763 -40.20179 0.319882,
62.766566 -40.194754 0.319882, 62.757215 -40.185403 0.319882,
62.750179 -40.174206 0.319882, 62.745811 -40.161724 0.319882,
55.775591 -34.634843 0.319882, 55.768098 -34.672508 0.319882,
55.746763 -34.70444 0.319882, 55.714831 -34.725776 0.319882,
55.677165 -34.733268 0.319882, 55.322835 -34.733268 0.319882,
55.285169 -34.725776 0.319882, 55.253237 -34.70444 0.319882,
55.231902 -34.672508 0.319882, 55.224409 -34.634843 0.319882,
55.224409 -34.42815 0.319882, 55.231902 -34.390484 0.319882,
55.253237 -34.358552 0.319882, 55.285169 -34.337217 0.319882,
55.322835 -34.329724 0.319882, 55.677165 -34.329724 0.319882,
55.714831 -34.337217 0.319882, 55.746763 -34.358552 0.319882,
55.768098 -34.390484 0.319882, 55.775591 -34.42815 0.319882,
61.923228 -36.63435 0.319882, 61.920419 -36.648475 0.319882,
61.912418 -36.660449 0.319882, 61.900444 -36.66845 0.319882,
61.886319 -36.67126 0.319882, 61.8125 -36.67126 0.319882,
61.798375 -36.66845 0.319882, 61.786401 -36.660449 0.319882,
61.7784 -36.648475 0.319882, 61.775591 -36.63435 0.319882,
61.775591 -36.550689 0.319882, 61.7784 -36.536564 0.319882,
61.786401 -36.52459 0.319882, 61.798375 -36.516589 0.319882,
61.8125 -36.51378 0.319882, 61.886319 -36.51378 0.319882,
61.900444 -36.516589 0.319882, 61.912418 -36.52459 0.319882,
61.920419 -36.536564 0.319882, 61.923228 -36.550689 0.319882,
61.987925 -38.277941 0.319882, 61.955993 -38.256605 0.319882,
61.934657 -38.224674 0.319882, 61.927165 -38.187008 0.319882,
61.927165 -37.812992 0.319882, 61.934657 -37.775326 0.319882,
61.955993 -37.743395 0.319882, 61.987925 -37.722059 0.319882,
62.025591 -37.714567 0.319882, 62.222441 -37.714567 0.319882,
62.260107 -37.722059 0.319882, 62.292038 -37.743395 0.319882,
62.313374 -37.775326 0.319882, 62.320866 -37.812992 0.319882,
62.320866 -38.187008 0.319882, 62.313374 -38.224674 0.319882,
62.292038 -38.256605 0.319882, 62.260107 -38.277941 0.319882,
62.222441 -38.285433 0.319882, 62.025591 -38.285433 0.319882,
61.8125 -36.927165 0.319882, 61.798375 -36.924356 0.319882,
61.786401 -36.916355 0.319882, 61.7784 -36.904381 0.319882,
61.775591 -36.890256 0.319882, 61.775591 -36.806594 0.319882,
61.7784 -36.79247 0.319882, 61.786401 -36.780496 0.319882,
61.798375 -36.772494 0.319882, 61.8125 -36.769685 0.319882,
61.886319 -36.769685 0.319882, 61.900444 -36.772494 0.319882,
61.912418 -36.780496 0.319882, 61.920419 -36.79247 0.319882,
61.923228 -36.806594 0.319882, 61.923228 -36.890256 0.319882,
61.920419 -36.904381 0.319882, 61.912418 -36.916355 0.319882,
61.900444 -36.924356 0.319882, 61.886319 -36.927165 0.319882,
61.849803 -39.717913 0.319882, 61.851284 -39.704772 0.319882,
61.855651 -39.69229 0.319882, 61.862687 -39.681093 0.319882,
61.872038 -39.671742 0.319882, 61.883235 -39.664707 0.319882,
61.895717 -39.660339 0.319882, 61.908858 -39.658858 0.319882,
61.921999 -39.660339 0.319882, 61.934481 -39.664707 0.319882,
61.945679 -39.671742 0.319882, 61.955029 -39.681093 0.319882,
61.962065 -39.69229 0.319882, 61.966433 -39.704772 0.319882,
61.967913 -39.717913 0.319882, 61.966433 -39.731054 0.319882,
61.962065 -39.743536 0.319882, 61.955029 -39.754734 0.319882,
61.945679 -39.764085 0.319882, 61.934481 -39.77112 0.319882,
61.921999 -39.775488 0.319882, 61.908858 -39.776969 0.319882,
61.895717 -39.775488 0.319882, 61.883235 -39.77112 0.319882,
61.872038 -39.764085 0.319882, 61.862687 -39.754734 0.319882,
61.855651 -39.743536 0.319882, 61.851284 -39.731054 0.319882,
61.923228 -36.378445 0.319882, 61.920419 -36.39257 0.319882,
61.912418 -36.404544 0.319882, 61.900444 -36.412545 0.319882,
61.886319 -36.415354 0.319882, 61.8125 -36.415354 0.319882,
61.798375 -36.412545 0.319882, 61.786401 -36.404544 0.319882,
61.7784 -36.39257 0.319882, 61.775591 -36.378445 0.319882,
61.775591 -36.294783 0.319882, 61.7784 -36.280659 0.319882,
61.786401 -36.268685 0.319882, 61.798375 -36.260683 0.319882,
61.8125 -36.257874 0.319882, 61.886319 -36.257874 0.319882,
61.900444 -36.260683 0.319882, 61.912418 -36.268685 0.319882,
61.920419 -36.280659 0.319882, 61.923228 -36.294783 0.319882,
53.387795 -40.55315 0.319882, 53.387795 -40.94685 0.319882,
52.147638 -40.94685 0.319882, 52.147638 -40.55315 0.319882,
52.147638 -39.94685 0.319882, 52.147638 -39.55315 0.319882,
53.387795 -39.55315 0.319882, 53.387795 -39.94685 0.319882,
52.914252 -40.25 0.319882, 52.915733 -40.236859 0.319882,
52.9201 -40.224377 0.319882, 52.927136 -40.21318 0.319882,
52.936487 -40.203829 0.319882, 52.947684 -40.196793 0.319882,
52.960166 -40.192426 0.319882, 52.973307 -40.190945 0.319882,
52.986448 -40.192426 0.319882, 52.99893 -40.196793 0.319882,
53.010127 -40.203829 0.319882, 53.019478 -40.21318 0.319882,
53.026514 -40.224377 0.319882, 53.030882 -40.236859 0.319882,
53.032362 -40.25 0.319882, 53.030882 -40.263141 0.319882,
53.026514 -40.275623 0.319882, 53.019478 -40.28682 0.319882,
53.010127 -40.296171 0.319882, 52.99893 -40.303207 0.319882,
52.986448 -40.307574 0.319882, 52.973307 -40.309055 0.319882,
52.960166 -40.307574 0.319882, 52.947684 -40.303207 0.319882,
52.936487 -40.296171 0.319882, 52.927136 -40.28682 0.319882,
52.9201 -40.275623 0.319882, 52.915733 -40.263141 0.319882,
61.739173 -34.561024 0.319882, 61.739173 -34.442913 0.319882,
61.743669 -34.420314 0.319882, 61.75647 -34.401155 0.319882,
61.775629 -34.388354 0.319882, 61.798228 -34.383858 0.319882,
62.201772 -34.383858 0.319882, 62.224371 -34.388354 0.319882,
62.24353 -34.401155 0.319882, 62.256331 -34.420314 0.319882,
62.260827 -34.442913 0.319882, 62.260827 -34.561024 0.319882,
62.256331 -34.583623 0.319882, 62.24353 -34.602782 0.319882,
62.224371 -34.615583 0.319882, 62.201772 -34.620079 0.319882,
61.798228 -34.620079 0.319882, 61.775629 -34.615583 0.319882,
61.75647 -34.602782 0.319882, 61.743669 -34.583623 0.319882,
61.739173 -35.309055 0.319882, 61.739173 -35.190945 0.319882,
61.743669 -35.168345 0.319882, 61.75647 -35.149187 0.319882,
61.775629 -35.136385 0.319882, 61.798228 -35.13189 0.319882,
62.201772 -35.13189 0.319882, 62.224371 -35.136385 0.319882,
62.24353 -35.149187 0.319882, 62.256331 -35.168345 0.319882,
62.260827 -35.190945 0.319882, 62.260827 -35.309055 0.319882,
62.256331 -35.331655 0.319882, 62.24353 -35.350813 0.319882,
62.224371 -35.363615 0.319882, 62.201772 -35.36811 0.319882,
61.798228 -35.36811 0.319882, 61.775629 -35.363615 0.319882,
61.75647 -35.350813 0.319882, 61.743669 -35.331655 0.319882,
61.72752 -35.792835 0.319882, 61.726039 -35.805976 0.319882,
61.721671 -35.818458 0.319882, 61.714636 -35.829655 0.319882,
61.705285 -35.839006 0.319882, 61.694088 -35.846041 0.319882,
61.681606 -35.850409 0.319882, 61.668465 -35.85189 0.319882,
61.655324 -35.850409 0.319882, 61.642842 -35.846041 0.319882,
61.631644 -35.839006 0.319882, 61.622293 -35.829655 0.319882,
61.615258 -35.818458 0.319882, 61.61089 -35.805976 0.319882,
61.609409 -35.792835 0.319882, 61.61089 -35.779694 0.319882,
61.615258 -35.767212 0.319882, 61.622293 -35.756014 0.319882,
61.631644 -35.746663 0.319882, 61.642842 -35.739628 0.319882,
61.655324 -35.73526 0.319882, 61.668465 -35.73378 0.319882,
61.681606 -35.73526 0.319882, 61.694088 -35.739628 0.319882,
61.705285 -35.746663 0.319882, 61.714636 -35.756014 0.319882,
61.721671 -35.767212 0.319882, 61.726039 -35.779694 0.319882,
62.192244 -36.919843 0.319882, 62.190763 -36.932984 0.319882,
62.186396 -36.945466 0.319882, 62.17936 -36.956663 0.319882,
62.170009 -36.966014 0.319882, 62.158812 -36.973049 0.319882,
62.14633 -36.977417 0.319882, 62.133189 -36.978898 0.319882,
62.120048 -36.977417 0.319882, 62.107566 -36.973049 0.319882,
62.096369 -36.966014 0.319882, 62.087018 -36.956663 0.319882,
62.079982 -36.945466 0.319882, 62.075614 -36.932984 0.319882,
62.074134 -36.919843 0.319882, 62.075614 -36.906702 0.319882,
62.079982 -36.894219 0.319882, 62.087018 -36.883022 0.319882,
62.096369 -36.873671 0.319882, 62.107566 -36.866636 0.319882,
62.120048 -36.862268 0.319882, 62.133189 -36.860787 0.319882,
62.14633 -36.862268 0.319882, 62.158812 -36.866636 0.319882,
62.170009 -36.873671 0.319882, 62.17936 -36.883022 0.319882,
62.186396 -36.894219 0.319882, 62.190763 -36.906702 0.319882,
59.474409 -34.634843 0.319882, 59.474409 -34.42815 0.319882,
59.481902 -34.390484 0.319882, 59.503237 -34.358552 0.319882,
59.535169 -34.337217 0.319882, 59.572835 -34.329724 0.319882,
59.927165 -34.329724 0.319882, 59.964831 -34.337217 0.319882,
59.996763 -34.358552 0.319882, 60.018098 -34.390484 0.319882,
60.025591 -34.42815 0.319882, 60.025591 -34.442913 0.319882,
60.025591 -34.634843 0.319882, 60.018098 -34.672508 0.319882,
59.996763 -34.70444 0.319882, 59.964831 -34.725776 0.319882,
59.927165 -34.733268 0.319882, 59.572835 -34.733268 0.319882,
59.535169 -34.725776 0.319882, 59.503237 -34.70444 0.319882,
59.481902 -34.672508 0.319882, 58.608937 -34.42815 0.319882,
58.608937 -34.634843 0.319882, 58.601445 -34.672508 0.319882,
58.580109 -34.70444 0.319882, 58.548178 -34.725776 0.319882,
58.510512 -34.733268 0.319882, 58.156181 -34.733268 0.319882,
58.118515 -34.725776 0.319882, 58.086584 -34.70444 0.319882,
58.065248 -34.672508 0.319882, 58.057756 -34.634843 0.319882,
58.057756 -34.42815 0.319882, 58.065248 -34.390484 0.319882,
58.086584 -34.358552 0.319882, 58.118515 -34.337217 0.319882,
58.156181 -34.329724 0.319882, 58.510512 -34.329724 0.319882,
58.548178 -34.337217 0.319882, 58.580109 -34.358552 0.319882,
58.601445 -34.390484 0.319882, 56.190945 -33.75 0.319882,
56.192426 -33.736859 0.319882, 56.196793 -33.724377 0.319882,
56.203829 -33.71318 0.319882, 56.21318 -33.703829 0.319882,
56.224377 -33.696793 0.319882, 56.236859 -33.692426 0.319882,
56.25 -33.690945 0.319882, 56.263141 -33.692426 0.319882,
56.275623 -33.696793 0.319882, 56.28682 -33.703829 0.319882,
56.296171 -33.71318 0.319882, 56.303207 -33.724377 0.319882,
56.307574 -33.736859 0.319882, 56.309055 -33.75 0.319882,
56.307574 -33.763141 0.319882, 56.303207 -33.775623 0.319882,
56.296171 -33.78682 0.319882, 56.28682 -33.796171 0.319882,
56.275623 -33.803207 0.319882, 56.263141 -33.807574 0.319882,
56.25 -33.809055 0.319882, 56.236859 -33.807574 0.319882,
56.224377 -33.803207 0.319882, 56.21318 -33.796171 0.319882,
56.203829 -33.78682 0.319882, 56.196793 -33.775623 0.319882,
56.192426 -33.763141 0.319882, 60.391732 -40.55315 0.319882,
61.63189 -40.55315 0.319882, 61.63189 -40.94685 0.319882,
60.391732 -40.94685 0.319882, 57.192244 -34.42815 0.319882,
57.192244 -34.634843 0.319882, 57.184752 -34.672508 0.319882,
57.163416 -34.70444 0.319882, 57.131485 -34.725776 0.319882,
57.093819 -34.733268 0.319882, 56.739488 -34.733268 0.319882,
56.701822 -34.725776 0.319882, 56.669891 -34.70444 0.319882,
56.648555 -34.672508 0.319882, 56.641063 -34.634843 0.319882,
56.641063 -34.42815 0.319882, 56.648555 -34.390484 0.319882,
56.669891 -34.358552 0.319882, 56.701822 -34.337217 0.319882,
56.739488 -34.329724 0.319882, 57.093819 -34.329724 0.319882,
57.131485 -34.337217 0.319882, 57.163416 -34.358552 0.319882,
57.184752 -34.390484 0.319882, 58.057756 -35.353346 0.319882,
58.057756 -35.146654 0.319882, 58.065248 -35.108988 0.319882,
58.086584 -35.077056 0.319882, 58.118515 -35.05572 0.319882,
58.156181 -35.048228 0.319882, 58.510512 -35.048228 0.319882,
58.548178 -35.05572 0.319882, 58.580109 -35.077056 0.319882,
58.601445 -35.108988 0.319882, 58.608937 -35.146654 0.319882,
58.608937 -35.353346 0.319882, 58.601445 -35.391012 0.319882,
58.580109 -35.422944 0.319882, 58.548178 -35.44428 0.319882,
58.510512 -35.451772 0.319882, 58.156181 -35.451772 0.319882,
58.118515 -35.44428 0.319882, 58.086584 -35.422944 0.319882,
58.065248 -35.391012 0.319882, 57.619634 -34.860224 0.319882,
57.610283 -34.869575 0.319882, 57.599086 -34.876611 0.319882,
57.586604 -34.880978 0.319882, 57.573463 -34.882459 0.319882,
57.560322 -34.880978 0.319882, 57.54784 -34.876611 0.319882,
57.536643 -34.869575 0.319882, 57.527292 -34.860224 0.319882,
57.520256 -34.849027 0.319882, 57.515889 -34.836545 0.319882,
57.514408 -34.823404 0.319882, 57.515889 -34.810263 0.319882,
57.520256 -34.797781 0.319882, 57.527292 -34.786584 0.319882,
57.536643 -34.777233 0.319882, 57.54784 -34.770197 0.319882,
57.560322 -34.765829 0.319882, 57.573463 -34.764349 0.319882,
57.586604 -34.765829 0.319882, 57.599086 -34.770197 0.319882,
57.610283 -34.777233 0.319882, 57.619634 -34.786584 0.319882,
57.62667 -34.797781 0.319882, 57.631037 -34.810263 0.319882,
57.632518 -34.823404 0.319882, 57.631037 -34.836545 0.319882,
57.62667 -34.849027 0.319882, 57.620079 -40.5 0.319882,
57.62202 -40.490238 0.319882, 57.62202 -40.450577 0.319882,
57.637483 -40.352948 0.319882, 57.668029 -40.258941 0.319882,
57.668029 -40.25894 0.319882, 57.668031 -40.258939 0.319882,
57.712904 -40.170867 0.319882, 57.771004 -40.090899 0.319882,
57.799049 -40.062854 0.319882, 57.804578 -40.054578 0.319882,
57.812854 -40.049049 0.319882, 57.840899 -40.021004 0.319882,
57.920867 -39.962904 0.319882, 58.008939 -39.91803 0.319882,
58.00894 -39.918029 0.319882, 58.00894 -39.918028 0.319882,
58.102948 -39.887483 0.319882, 58.200577 -39.87202 0.319882,
58.240239 -39.872021 0.319882, 58.25 -39.870079 0.319882,
58.259762 -39.87202 0.319882, 58.299423 -39.87202 0.319882,
58.397052 -39.887483 0.319882, 58.49106 -39.918029 0.319882,
58.49106 -39.918029 0.319882, 58.491063 -39.91803 0.319882,
58.547626 -39.94685 0.319882, 58.579133 -39.962904 0.319882,
58.659101 -40.021004 0.319882, 58.687147 -40.049049 0.319882,
58.695422 -40.054578 0.319882, 58.700951 -40.062854 0.319882,
58.728996 -40.090899 0.319882, 58.787096 -40.170867 0.319882,
58.831971 -40.258939 0.319882, 58.831971 -40.25894 0.319882,
58.831971 -40.25894 0.319882, 58.862517 -40.352948 0.319882,
58.87798 -40.450577 0.319882, 58.87798 -40.490239 0.319882,
58.879921 -40.5 0.319882, 58.87798 -40.509762 0.319882,
58.87798 -40.549423 0.319882, 58.862517 -40.647052 0.319882,
58.831971 -40.741059 0.319882, 58.831971 -40.74106 0.319882,
58.831971 -40.741062 0.319882, 58.787096 -40.829133 0.319882,
58.728996 -40.909101 0.319882, 58.700951 -40.937146 0.319882,
58.695422 -40.945422 0.319882, 58.687147 -40.950951 0.319882,
58.659101 -40.978996 0.319882, 58.579133 -41.037096 0.319882,
58.491063 -41.081972 0.319882, 58.49106 -41.081971 0.319882,
58.49106 -41.081972 0.319882, 58.397052 -41.112517 0.319882,
58.299423 -41.12798 0.319882, 58.259762 -41.127979 0.319882,
58.25 -41.129921 0.319882, 58.240239 -41.12798 0.319882,
58.200577 -41.12798 0.319882, 58.102948 -41.112517 0.319882,
58.00894 -41.081971 0.319882, 58.00894 -41.081971 0.319882,
58.008939 -41.081971 0.319882, 57.920867 -41.037096 0.319882,
57.840899 -40.978996 0.319882, 57.812854 -40.950951 0.319882,
57.804578 -40.945422 0.319882, 57.799049 -40.937147 0.319882,
57.771004 -40.909101 0.319882, 57.712904 -40.829133 0.319882,
57.668031 -40.741063 0.319882, 57.668029 -40.74106 0.319882,
57.668029 -40.74106 0.319882, 57.637483 -40.647052 0.319882,
57.62202 -40.549423 0.319882, 57.62202 -40.509761 0.319882
              ]
            }
            coordIndex [
51, 52, 50, -1, 50, 52, 1177, -1, 50, 1177, 48, -1, 48, 1177, 1178, -1,
48, 1178, 47, -1, 47, 1178, 45, -1, 1207, 1208, 1129, -1, 1207, 1129, 1130, -1,
1207, 1130, 1131, -1, 1207, 1131, 1132, -1, 1207, 1132, 1133, -1, 1207, 1133, 1134, -1,
1207, 1134, 1135, -1, 1207, 1135, 1052, -1, 1207, 1052, 1053, -1, 1207, 1053, 1054, -1,
1207, 1054, 1055, -1, 1207, 1055, 1254, -1, 1207, 1254, 1255, -1, 1207, 1255, 1256, -1,
1207, 1256, 1257, -1, 1207, 1257, 1258, -1, 1207, 1258, 1259, -1, 1207, 1259, 1260, -1,
1207, 1260, 1261, -1, 1207, 1261, 1262, -1, 1207, 1262, 1263, -1, 1207, 1263, 1264, -1,
1207, 1264, 1265, -1, 1207, 1265, 1266, -1, 1207, 1266, 1267, -1, 1207, 1267, 1240, -1,
1207, 1240, 1057, -1, 1207, 1057, 1206, -1, 1251, 1252, 1057, -1, 1057, 1252, 1253, -1,
1057, 1253, 1056, -1, 1056, 1253, 1254, -1, 1056, 1254, 1055, -1, 1052, 1135, 1051, -1,
1051, 1135, 1116, -1, 1051, 1116, 1047, -1, 1047, 1116, 1117, -1, 1047, 1117, 1046, -1,
1046, 1117, 1118, -1, 1046, 1118, 1045, -1, 1045, 1118, 1119, -1, 1045, 1119, 1044, -1,
1044, 1119, 1120, -1, 1044, 1120, 1043, -1, 1043, 1120, 1121, -1, 1043, 1121, 1042, -1,
1042, 1121, 1122, -1, 1042, 1122, 1041, -1, 1041, 1122, 1123, -1, 1041, 1123, 1040, -1,
1040, 1123, 1124, -1, 1040, 1124, 1039, -1, 1039, 1124, 1125, -1, 1039, 1125, 1038, -1,
1038, 1125, 1126, -1, 1038, 1126, 1037, -1, 1037, 1126, 1073, -1, 1037, 1073, 1074, -1,
1211, 1072, 1210, -1, 1210, 1072, 1126, -1, 1210, 1126, 1209, -1, 1209, 1126, 1127, -1,
1209, 1127, 1208, -1, 1208, 1127, 1128, -1, 1208, 1128, 1129, -1, 1180, 1181, 42, -1,
42, 1181, 1182, -1, 42, 1182, 1059, -1, 1059, 1182, 1183, -1, 1059, 1183, 1202, -1,
1202, 1183, 1184, -1, 1202, 1184, 1201, -1, 1201, 1184, 1185, -1, 1201, 1185, 1200, -1,
1200, 1185, 1186, -1, 1200, 1186, 1199, -1, 1199, 1186, 1187, -1, 1199, 1187, 1198, -1,
1198, 1187, 1188, -1, 1198, 1188, 1197, -1, 1197, 1188, 1189, -1, 1197, 1189, 1196, -1,
1196, 1189, 1190, -1, 1196, 1190, 1195, -1, 1195, 1190, 1191, -1, 1195, 1191, 1194, -1,
1194, 1191, 1172, -1, 1194, 1172, 1193, -1, 1193, 1172, 1173, -1, 1193, 1173, 1192, -1,
1192, 1173, 1212, -1, 1192, 1212, 1072, -1, 1072, 1212, 1088, -1, 1072, 1088, 1071, -1,
1071, 1088, 1070, -1, 1180, 42, 1179, -1, 1179, 42, 43, -1, 1179, 43, 1178, -1,
1178, 43, 44, -1, 1060, 1061, 38, -1, 38, 1061, 974, -1, 38, 974, 977, -1,
977, 974, 975, -1, 977, 975, 976, -1, 976, 975, 1004, -1, 976, 1004, 1005, -1,
1060, 38, 39, -1, 1060, 39, 40, -1, 1060, 40, 41, -1, 1060, 41, 1059, -1,
1203, 1204, 1058, -1, 1203, 1058, 1059, -1, 1203, 1059, 1202, -1, 1058, 1204, 1205, -1,
1058, 1205, 1206, -1, 1058, 1206, 1057, -1, 1057, 1240, 1241, -1, 1057, 1241, 1242, -1,
1057, 1242, 1243, -1, 1057, 1243, 1244, -1, 1057, 1244, 1245, -1, 1057, 1245, 1246, -1,
1057, 1246, 1247, -1, 1057, 1247, 1248, -1, 1057, 1248, 1249, -1, 1057, 1249, 1250, -1,
1057, 1250, 1251, -1, 53, 55, 470, -1, 53, 470, 195, -1, 53, 195, 1173, -1,
53, 1173, 1174, -1, 53, 1174, 1175, -1, 53, 1175, 1176, -1, 53, 1176, 1177, -1,
53, 1177, 52, -1, 119, 120, 20, -1, 20, 120, 121, -1, 20, 121, 19, -1,
19, 121, 122, -1, 19, 122, 978, -1, 978, 122, 123, -1, 978, 123, 124, -1,
25, 115, 24, -1, 24, 115, 116, -1, 24, 116, 23, -1, 23, 116, 117, -1,
23, 117, 22, -1, 22, 117, 118, -1, 22, 118, 21, -1, 21, 118, 119, -1,
21, 119, 20, -1, 26, 27, 114, -1, 26, 114, 115, -1, 26, 115, 25, -1,
0, 1, 107, -1, 0, 107, 28, -1, 0, 28, 108, -1, 0, 108, 109, -1,
0, 109, 110, -1, 0, 110, 111, -1, 0, 111, 112, -1, 0, 112, 113, -1,
0, 113, 114, -1, 0, 114, 27, -1, 106, 107, 7, -1, 106, 7, 8, -1,
106, 8, 9, -1, 106, 9, 10, -1, 106, 10, 11, -1, 106, 11, 12, -1,
106, 12, 13, -1, 106, 13, 14, -1, 106, 14, 978, -1, 107, 1, 2, -1,
107, 2, 3, -1, 107, 3, 4, -1, 107, 4, 5, -1, 107, 5, 6, -1,
107, 6, 7, -1, 91, 92, 978, -1, 978, 92, 93, -1, 978, 93, 95, -1,
464, 465, 83, -1, 464, 83, 84, -1, 464, 85, 87, -1, 464, 87, 88, -1,
464, 88, 89, -1, 464, 89, 90, -1, 464, 90, 978, -1, 464, 978, 463, -1,
465, 466, 78, -1, 465, 78, 79, -1, 465, 79, 80, -1, 465, 80, 81, -1,
465, 81, 82, -1, 465, 82, 83, -1, 466, 467, 74, -1, 466, 76, 77, -1,
466, 77, 78, -1, 70, 71, 468, -1, 468, 71, 72, -1, 468, 72, 467, -1,
467, 72, 73, -1, 467, 73, 74, -1, 470, 66, 67, -1, 470, 67, 469, -1,
469, 67, 68, -1, 469, 68, 468, -1, 468, 68, 69, -1, 468, 69, 70, -1,
470, 56, 57, -1, 470, 57, 58, -1, 470, 58, 59, -1, 470, 59, 60, -1,
470, 60, 61, -1, 470, 61, 62, -1, 470, 62, 63, -1, 470, 63, 64, -1,
1173, 195, 1226, -1, 1173, 1226, 1227, -1, 1173, 1227, 1228, -1, 1173, 1228, 1229, -1,
1173, 1229, 1230, -1, 1173, 1230, 1231, -1, 1173, 1231, 1232, -1, 1173, 1232, 1233, -1,
1173, 1233, 1234, -1, 1173, 1234, 1235, -1, 1173, 1235, 1236, -1, 1173, 1236, 1237, -1,
1173, 1237, 1238, -1, 1173, 1238, 1239, -1, 1173, 1239, 1212, -1, 470, 471, 502, -1,
470, 503, 504, -1, 470, 504, 505, -1, 470, 505, 506, -1, 470, 506, 507, -1,
470, 507, 508, -1, 470, 508, 509, -1, 470, 509, 510, -1, 470, 510, 511, -1,
470, 512, 514, -1, 470, 514, 515, -1, 470, 515, 516, -1, 470, 516, 517, -1,
470, 517, 927, -1, 470, 927, 928, -1, 470, 928, 929, -1, 470, 929, 930, -1,
470, 930, 931, -1, 470, 931, 911, -1, 470, 911, 1314, -1, 470, 1314, 1315, -1,
470, 1315, 1316, -1, 470, 1316, 1317, -1, 470, 1317, 1318, -1, 470, 1318, 1319, -1,
470, 1319, 1320, -1, 470, 1320, 1321, -1, 470, 1321, 1322, -1, 470, 1322, 1323, -1,
470, 1323, 1355, -1, 470, 1355, 1356, -1, 470, 1356, 1357, -1, 470, 1357, 1358, -1,
470, 1358, 1359, -1, 470, 1359, 1360, -1, 470, 1360, 1341, -1, 470, 1341, 1302, -1,
470, 1302, 1303, -1, 470, 1303, 1304, -1, 470, 1304, 1305, -1, 470, 1305, 1306, -1,
470, 1306, 1307, -1, 470, 1307, 1308, -1, 470, 1308, 1289, -1, 470, 1289, 1271, -1,
470, 1271, 1272, -1, 470, 1272, 1273, -1, 470, 1273, 1274, -1, 470, 1274, 1275, -1,
470, 1275, 1276, -1, 470, 1276, 1277, -1, 470, 1277, 1278, -1, 470, 1278, 332, -1,
470, 332, 333, -1, 470, 333, 334, -1, 470, 334, 335, -1, 470, 335, 336, -1,
470, 336, 337, -1, 470, 337, 338, -1, 470, 338, 339, -1, 470, 339, 340, -1,
470, 340, 341, -1, 470, 341, 342, -1, 470, 342, 343, -1, 470, 343, 316, -1,
470, 316, 187, -1, 470, 187, 188, -1, 470, 188, 189, -1, 470, 189, 190, -1,
470, 190, 191, -1, 470, 191, 192, -1, 470, 192, 193, -1, 470, 193, 194, -1,
470, 194, 195, -1, 1224, 1225, 222, -1, 222, 1225, 176, -1, 222, 176, 196, -1,
196, 176, 177, -1, 196, 177, 215, -1, 215, 177, 178, -1, 215, 178, 214, -1,
214, 178, 179, -1, 214, 179, 213, -1, 213, 179, 180, -1, 213, 180, 212, -1,
212, 180, 181, -1, 212, 181, 211, -1, 211, 181, 182, -1, 211, 182, 210, -1,
210, 182, 183, -1, 210, 183, 209, -1, 209, 183, 184, -1, 209, 184, 208, -1,
208, 184, 185, -1, 208, 185, 207, -1, 207, 185, 186, -1, 207, 186, 206, -1,
206, 186, 273, -1, 206, 273, 274, -1, 313, 314, 245, -1, 245, 314, 315, -1,
245, 315, 316, -1, 316, 315, 272, -1, 316, 272, 186, -1, 186, 272, 273, -1,
1278, 1340, 219, -1, 219, 1340, 1337, -1, 219, 1337, 218, -1, 218, 1337, 1338, -1,
218, 1338, 217, -1, 217, 1338, 431, -1, 217, 431, 216, -1, 216, 431, 1115, -1,
216, 1115, 1088, -1, 327, 328, 245, -1, 245, 328, 329, -1, 245, 329, 219, -1,
219, 329, 330, -1, 219, 330, 1278, -1, 1278, 330, 331, -1, 1278, 331, 332, -1,
1278, 1279, 1340, -1, 1340, 1279, 1280, -1, 1340, 1280, 663, -1, 663, 1280, 1281, -1,
663, 1281, 662, -1, 662, 1281, 1282, -1, 662, 1282, 661, -1, 661, 1282, 1283, -1,
661, 1283, 660, -1, 660, 1283, 1284, -1, 660, 1284, 659, -1, 659, 1284, 1285, -1,
659, 1285, 658, -1, 658, 1285, 1286, -1, 658, 1286, 657, -1, 657, 1286, 1287, -1,
657, 1287, 656, -1, 656, 1287, 1288, -1, 656, 1288, 655, -1, 655, 1288, 1268, -1,
655, 1268, 654, -1, 654, 1268, 1269, -1, 654, 1269, 653, -1, 653, 1269, 1450, -1,
653, 1450, 1340, -1, 1340, 1450, 431, -1, 1340, 431, 1339, -1, 1339, 431, 1338, -1,
1269, 1270, 1289, -1, 1269, 1289, 1438, -1, 1269, 1438, 1439, -1, 1269, 1439, 1440, -1,
1269, 1440, 1441, -1, 1269, 1441, 1442, -1, 1269, 1442, 1443, -1, 1269, 1443, 1444, -1,
1269, 1445, 1447, -1, 1269, 1447, 1448, -1, 1269, 1448, 1449, -1, 1269, 1449, 1450, -1,
1425, 1361, 1300, -1, 1300, 1361, 1362, -1, 1300, 1362, 1299, -1, 1299, 1362, 1363, -1,
1299, 1363, 1298, -1, 1298, 1363, 1364, -1, 1298, 1364, 1297, -1, 1297, 1364, 1365, -1,
1297, 1365, 1296, -1, 1296, 1365, 1366, -1, 1296, 1366, 1295, -1, 1295, 1366, 1367, -1,
1295, 1367, 1294, -1, 1294, 1367, 1368, -1, 1294, 1368, 1293, -1, 1293, 1368, 1369, -1,
1293, 1369, 1292, -1, 1292, 1369, 1370, -1, 1292, 1370, 1291, -1, 1291, 1370, 1371, -1,
1291, 1371, 1290, -1, 1290, 1371, 1438, -1, 1290, 1438, 1289, -1, 1300, 1301, 1406, -1,
1300, 1406, 1412, -1, 1300, 1412, 1414, -1, 1300, 1415, 1416, -1, 1300, 1416, 1417, -1,
1300, 1417, 1418, -1, 1300, 1418, 1419, -1, 1300, 1419, 1420, -1, 1300, 1420, 1421, -1,
1300, 1421, 1422, -1, 1300, 1422, 1423, -1, 1302, 1341, 1396, -1, 1302, 1396, 1397, -1,
1302, 1397, 1398, -1, 1302, 1398, 1399, -1, 1302, 1399, 1400, -1, 1302, 1400, 1401, -1,
1302, 1401, 1402, -1, 1302, 1402, 1403, -1, 1302, 1403, 1404, -1, 1302, 1404, 1405, -1,
1302, 1405, 1406, -1, 1302, 1406, 1301, -1, 1341, 1342, 1488, -1, 1341, 1488, 1409, -1,
1341, 1409, 1392, -1, 1341, 1392, 1393, -1, 1341, 1393, 1394, -1, 1341, 1394, 1395, -1,
1341, 1395, 1396, -1, 1488, 1342, 961, -1, 961, 1342, 1343, -1, 961, 1343, 960, -1,
960, 1343, 1344, -1, 960, 1344, 959, -1, 959, 1344, 1345, -1, 959, 1345, 958, -1,
958, 1345, 1346, -1, 958, 1346, 957, -1, 957, 1346, 1347, -1, 957, 1347, 956, -1,
956, 1347, 1348, -1, 956, 1348, 955, -1, 955, 1348, 1349, -1, 955, 1349, 954, -1,
954, 1349, 1350, -1, 954, 1350, 953, -1, 953, 1350, 1351, -1, 953, 1351, 952, -1,
952, 1351, 1352, -1, 952, 1352, 971, -1, 971, 1352, 1323, -1, 971, 1323, 1487, -1,
1487, 1323, 1324, -1, 1487, 1324, 1325, -1, 1323, 1352, 1353, -1, 1323, 1353, 1354, -1,
1323, 1354, 1355, -1, 1027, 1008, 1487, -1, 1027, 1487, 1336, -1, 1027, 1336, 1309, -1,
1027, 1309, 1310, -1, 1027, 1310, 1311, -1, 1027, 1311, 1026, -1, 1312, 1313, 1022, -1,
1312, 1022, 1023, -1, 1312, 1023, 1024, -1, 1312, 1024, 1025, -1, 1312, 1025, 1026, -1,
1312, 1026, 1311, -1, 756, 753, 755, -1, 755, 753, 726, -1, 755, 726, 754, -1,
754, 726, 1020, -1, 754, 1020, 1313, -1, 1313, 1020, 1021, -1, 1313, 1021, 1022, -1,
1487, 1008, 689, -1, 689, 1008, 1009, -1, 689, 1009, 688, -1, 688, 1009, 1010, -1,
688, 1010, 687, -1, 687, 1010, 1011, -1, 687, 1011, 686, -1, 686, 1011, 1012, -1,
686, 1012, 685, -1, 685, 1012, 1013, -1, 685, 1013, 684, -1, 684, 1013, 1014, -1,
684, 1014, 683, -1, 683, 1014, 1015, -1, 683, 1015, 682, -1, 682, 1015, 1016, -1,
682, 1016, 681, -1, 681, 1016, 1017, -1, 681, 1017, 680, -1, 680, 1017, 1018, -1,
680, 1018, 679, -1, 679, 1018, 796, -1, 679, 796, 694, -1, 694, 796, 797, -1,
694, 797, 798, -1, 1019, 1020, 735, -1, 1019, 735, 789, -1, 1019, 789, 790, -1,
1019, 790, 791, -1, 1019, 791, 792, -1, 1019, 792, 793, -1, 1019, 793, 794, -1,
1019, 794, 795, -1, 1019, 795, 796, -1, 1019, 796, 1018, -1, 1020, 726, 727, -1,
1020, 727, 728, -1, 1020, 728, 729, -1, 1020, 729, 730, -1, 1020, 730, 731, -1,
1020, 731, 732, -1, 1020, 732, 733, -1, 1020, 733, 734, -1, 1020, 734, 735, -1,
1314, 911, 773, -1, 1314, 773, 774, -1, 1314, 774, 775, -1, 1314, 775, 776, -1,
1314, 776, 777, -1, 1314, 777, 778, -1, 1314, 778, 779, -1, 1314, 779, 780, -1,
1314, 780, 781, -1, 1314, 781, 754, -1, 1314, 754, 1313, -1, 911, 912, 906, -1,
911, 906, 879, -1, 911, 879, 768, -1, 911, 768, 769, -1, 911, 769, 770, -1,
911, 770, 771, -1, 911, 771, 772, -1, 911, 772, 773, -1, 498, 499, 472, -1,
472, 499, 500, -1, 472, 500, 471, -1, 471, 500, 501, -1, 494, 495, 473, -1,
473, 495, 496, -1, 473, 496, 472, -1, 472, 496, 497, -1, 472, 497, 498, -1,
474, 475, 490, -1, 474, 490, 491, -1, 474, 493, 494, -1, 474, 494, 473, -1,
475, 476, 485, -1, 475, 485, 486, -1, 475, 486, 487, -1, 475, 487, 488, -1,
475, 488, 489, -1, 475, 489, 490, -1, 476, 384, 479, -1, 476, 479, 480, -1,
476, 480, 482, -1, 476, 483, 484, -1, 476, 484, 485, -1, 477, 478, 479, -1,
477, 479, 384, -1, 477, 384, 605, -1, 477, 605, 555, -1, 477, 555, 556, -1,
972, 973, 439, -1, 972, 439, 979, -1, 972, 979, 994, -1, 972, 994, 995, -1,
972, 995, 996, -1, 972, 996, 997, -1, 972, 997, 998, -1, 972, 998, 999, -1,
972, 999, 1000, -1, 972, 1000, 1001, -1, 972, 1001, 1002, -1, 972, 1002, 1003, -1,
972, 1003, 975, -1, 979, 976, 986, -1, 979, 986, 987, -1, 979, 987, 988, -1,
979, 988, 989, -1, 979, 989, 990, -1, 979, 990, 991, -1, 979, 991, 992, -1,
979, 992, 993, -1, 979, 993, 994, -1, 976, 1005, 1006, -1, 976, 1006, 1007, -1,
976, 1007, 980, -1, 976, 980, 981, -1, 976, 981, 982, -1, 976, 982, 983, -1,
976, 983, 984, -1, 976, 984, 985, -1, 976, 985, 986, -1, 978, 439, 462, -1,
462, 439, 440, -1, 462, 440, 461, -1, 461, 440, 441, -1, 461, 441, 460, -1,
460, 441, 442, -1, 460, 442, 459, -1, 459, 442, 443, -1, 459, 443, 458, -1,
458, 443, 444, -1, 458, 444, 457, -1, 457, 444, 445, -1, 457, 445, 456, -1,
456, 445, 446, -1, 456, 446, 455, -1, 455, 446, 447, -1, 455, 447, 454, -1,
454, 447, 448, -1, 454, 448, 453, -1, 453, 448, 449, -1, 453, 449, 452, -1,
452, 449, 450, -1, 452, 450, 451, -1, 978, 96, 97, -1, 978, 97, 98, -1,
978, 98, 99, -1, 978, 99, 100, -1, 978, 100, 101, -1, 978, 101, 102, -1,
978, 102, 103, -1, 978, 103, 104, -1, 978, 14, 15, -1, 978, 15, 16, -1,
978, 16, 17, -1, 978, 17, 18, -1, 978, 18, 19, -1, 978, 124, 125, -1,
978, 125, 126, -1, 978, 126, 127, -1, 978, 127, 128, -1, 978, 128, 129, -1,
978, 129, 130, -1, 978, 130, 131, -1, 978, 131, 132, -1, 978, 132, 133, -1,
978, 133, 134, -1, 978, 134, 977, -1, 108, 28, 29, -1, 108, 29, 30, -1,
108, 30, 31, -1, 108, 31, 32, -1, 108, 32, 33, -1, 108, 33, 34, -1,
108, 36, 37, -1, 108, 37, 977, -1, 108, 977, 135, -1, 973, 974, 431, -1,
973, 431, 432, -1, 973, 432, 433, -1, 973, 433, 434, -1, 973, 434, 435, -1,
973, 435, 436, -1, 973, 436, 437, -1, 973, 437, 438, -1, 973, 438, 439, -1,
974, 1061, 1062, -1, 974, 1062, 1063, -1, 974, 1063, 1064, -1, 974, 1064, 1065, -1,
974, 1065, 1066, -1, 974, 1066, 1067, -1, 974, 1067, 1048, -1, 974, 1048, 431, -1,
431, 1048, 1102, -1, 431, 1102, 1103, -1, 431, 1103, 1104, -1, 431, 1104, 1105, -1,
431, 1105, 1106, -1, 431, 1106, 1107, -1, 431, 1107, 1108, -1, 431, 1108, 1109, -1,
431, 1109, 1110, -1, 431, 1110, 1111, -1, 431, 1111, 1112, -1, 431, 1112, 1113, -1,
431, 1113, 1114, -1, 431, 1114, 1115, -1, 1088, 1089, 1087, -1, 1088, 1087, 1068, -1,
1088, 1068, 1069, -1, 1088, 1069, 1070, -1, 1088, 1212, 1213, -1, 1088, 1213, 1214, -1,
1088, 1214, 1215, -1, 1088, 1215, 1216, -1, 1088, 1216, 222, -1, 1088, 222, 223, -1,
1088, 223, 224, -1, 1088, 224, 225, -1, 1088, 225, 226, -1, 1088, 226, 216, -1,
1340, 663, 664, -1, 1340, 664, 665, -1, 1340, 665, 666, -1, 1340, 666, 667, -1,
1340, 667, 668, -1, 1340, 668, 669, -1, 1340, 669, 670, -1, 1340, 670, 671, -1,
1340, 671, 672, -1, 1340, 672, 673, -1, 1340, 673, 653, -1, 431, 1450, 1451, -1,
431, 1451, 1452, -1, 431, 1452, 1453, -1, 431, 1453, 1455, -1, 431, 1456, 1457, -1,
431, 1457, 1458, -1, 431, 1458, 1459, -1, 431, 1459, 1460, -1, 431, 1460, 1461, -1,
431, 1461, 1462, -1, 431, 1462, 1463, -1, 431, 1463, 1464, -1, 431, 1466, 1467, -1,
431, 1467, 1468, -1, 431, 1468, 1469, -1, 431, 1469, 1470, -1, 431, 1470, 1471, -1,
431, 1471, 1472, -1, 431, 1472, 1473, -1, 431, 1473, 712, -1, 431, 712, 713, -1,
431, 713, 714, -1, 431, 714, 715, -1, 431, 715, 716, -1, 431, 716, 717, -1,
431, 717, 718, -1, 431, 718, 719, -1, 431, 719, 720, -1, 431, 720, 909, -1,
431, 909, 910, -1, 431, 910, 430, -1, 1475, 1477, 712, -1, 1475, 712, 1473, -1,
1480, 1481, 1482, -1, 1480, 1482, 712, -1, 1480, 712, 1478, -1, 1480, 1478, 1479, -1,
1485, 1487, 689, -1, 1485, 689, 690, -1, 1485, 690, 691, -1, 1485, 691, 692, -1,
1485, 692, 693, -1, 1485, 693, 674, -1, 1485, 674, 712, -1, 1485, 712, 1483, -1,
1409, 1410, 1411, -1, 1409, 1411, 1408, -1, 1409, 1408, 1381, -1, 1409, 1381, 1382, -1,
1409, 1382, 1383, -1, 1409, 1383, 1384, -1, 1409, 1384, 1385, -1, 1409, 1385, 1386, -1,
1409, 1386, 1387, -1, 1409, 1387, 1388, -1, 1409, 1388, 1389, -1, 1409, 1389, 1390, -1,
1409, 1390, 1391, -1, 1409, 1391, 1392, -1, 1488, 961, 962, -1, 1488, 962, 963, -1,
1488, 963, 964, -1, 1488, 964, 965, -1, 1488, 965, 966, -1, 1488, 966, 967, -1,
1488, 967, 1487, -1, 1487, 967, 968, -1, 1487, 968, 969, -1, 1487, 969, 970, -1,
1487, 970, 971, -1, 1487, 1325, 1326, -1, 1487, 1326, 1327, -1, 1487, 1327, 1328, -1,
1487, 1328, 1329, -1, 1487, 1329, 1330, -1, 1487, 1330, 1331, -1, 1487, 1331, 1332, -1,
1487, 1332, 1333, -1, 1487, 1333, 1334, -1, 1487, 1334, 1335, -1, 1487, 1335, 1336, -1,
699, 674, 698, -1, 698, 674, 694, -1, 698, 694, 725, -1, 725, 694, 695, -1,
725, 695, 908, -1, 908, 695, 696, -1, 908, 696, 907, -1, 907, 696, 697, -1,
907, 697, 910, -1, 910, 697, 846, -1, 910, 846, 847, -1, 721, 722, 909, -1,
909, 722, 723, -1, 909, 723, 908, -1, 908, 723, 724, -1, 908, 724, 725, -1,
910, 847, 865, -1, 910, 865, 866, -1, 910, 866, 867, -1, 910, 867, 868, -1,
910, 868, 869, -1, 910, 869, 870, -1, 910, 870, 871, -1, 910, 871, 872, -1,
910, 872, 873, -1, 910, 873, 874, -1, 910, 874, 875, -1, 910, 875, 876, -1,
910, 876, 877, -1, 910, 877, 878, -1, 910, 878, 591, -1, 910, 591, 592, -1,
910, 592, 593, -1, 910, 593, 594, -1, 910, 594, 595, -1, 910, 595, 596, -1,
910, 596, 597, -1, 910, 597, 598, -1, 910, 598, 599, -1, 910, 599, 600, -1,
910, 600, 601, -1, 910, 601, 430, -1, 832, 833, 524, -1, 832, 524, 525, -1,
832, 525, 526, -1, 832, 526, 527, -1, 832, 527, 528, -1, 832, 528, 529, -1,
832, 529, 851, -1, 832, 851, 831, -1, 530, 531, 583, -1, 530, 583, 584, -1,
530, 584, 585, -1, 530, 585, 586, -1, 530, 586, 587, -1, 530, 587, 588, -1,
530, 588, 589, -1, 530, 589, 590, -1, 530, 590, 591, -1, 530, 591, 851, -1,
530, 851, 529, -1, 430, 601, 602, -1, 430, 602, 603, -1, 430, 603, 604, -1,
430, 604, 577, -1, 430, 577, 366, -1, 430, 366, 367, -1, 430, 367, 1142, -1,
430, 1142, 1143, -1, 430, 1143, 1136, -1, 430, 1136, 1137, -1, 430, 1137, 429, -1,
575, 576, 533, -1, 533, 576, 557, -1, 533, 557, 577, -1, 577, 557, 558, -1,
577, 558, 633, -1, 633, 558, 559, -1, 633, 559, 652, -1, 652, 559, 560, -1,
652, 560, 651, -1, 651, 560, 561, -1, 651, 561, 650, -1, 650, 561, 562, -1,
650, 562, 649, -1, 649, 562, 563, -1, 649, 563, 648, -1, 648, 563, 564, -1,
648, 564, 647, -1, 647, 564, 565, -1, 647, 565, 646, -1, 646, 565, 566, -1,
646, 566, 645, -1, 645, 566, 567, -1, 645, 567, 644, -1, 644, 567, 568, -1,
644, 568, 643, -1, 643, 568, 354, -1, 643, 354, 355, -1, 643, 355, 642, -1,
642, 355, 356, -1, 642, 356, 641, -1, 641, 356, 357, -1, 641, 357, 640, -1,
640, 357, 358, -1, 640, 358, 639, -1, 639, 358, 359, -1, 639, 359, 638, -1,
638, 359, 360, -1, 638, 360, 637, -1, 637, 360, 361, -1, 637, 361, 636, -1,
636, 361, 362, -1, 636, 362, 635, -1, 635, 362, 363, -1, 635, 363, 634, -1,
634, 363, 577, -1, 634, 577, 633, -1, 540, 541, 568, -1, 568, 541, 375, -1,
568, 375, 353, -1, 353, 375, 376, -1, 353, 376, 352, -1, 352, 376, 377, -1,
352, 377, 351, -1, 351, 377, 378, -1, 351, 378, 350, -1, 350, 378, 379, -1,
350, 379, 349, -1, 349, 379, 380, -1, 349, 380, 348, -1, 348, 380, 381, -1,
348, 381, 347, -1, 347, 381, 382, -1, 347, 382, 346, -1, 346, 382, 383, -1,
346, 383, 345, -1, 345, 383, 364, -1, 345, 364, 344, -1, 344, 364, 577, -1,
344, 577, 363, -1, 365, 366, 577, -1, 365, 577, 364, -1, 1137, 1138, 422, -1,
1137, 422, 423, -1, 1137, 423, 424, -1, 1137, 424, 425, -1, 1137, 425, 426, -1,
1137, 426, 427, -1, 1137, 427, 428, -1, 1137, 428, 429, -1, 384, 385, 605, -1,
605, 385, 386, -1, 605, 386, 1141, -1, 1141, 386, 387, -1, 1141, 387, 1138, -1,
1138, 387, 421, -1, 1138, 421, 422, -1, 417, 418, 390, -1, 390, 418, 419, -1,
390, 419, 389, -1, 389, 419, 420, -1, 389, 420, 388, -1, 388, 420, 421, -1,
388, 421, 387, -1, 394, 414, 393, -1, 393, 414, 415, -1, 393, 415, 392, -1,
392, 415, 416, -1, 392, 416, 391, -1, 391, 416, 417, -1, 391, 417, 390, -1,
395, 396, 412, -1, 395, 412, 413, -1, 395, 413, 414, -1, 395, 414, 394, -1,
412, 396, 411, -1, 411, 396, 397, -1, 411, 397, 410, -1, 410, 397, 398, -1,
410, 398, 399, -1, 410, 399, 400, -1, 410, 400, 401, -1, 410, 401, 402, -1,
410, 402, 403, -1, 410, 403, 404, -1, 410, 404, 405, -1, 410, 405, 406, -1,
410, 406, 407, -1, 410, 407, 408, -1, 410, 408, 409, -1, 290, 247, 166, -1,
166, 247, 248, -1, 166, 248, 145, -1, 145, 248, 249, -1, 145, 249, 144, -1,
144, 249, 250, -1, 144, 250, 143, -1, 143, 250, 251, -1, 143, 251, 142, -1,
142, 251, 252, -1, 142, 252, 141, -1, 141, 252, 253, -1, 141, 253, 140, -1,
140, 253, 254, -1, 140, 254, 139, -1, 139, 254, 255, -1, 139, 255, 138, -1,
138, 255, 256, -1, 138, 256, 137, -1, 137, 256, 257, -1, 137, 257, 136, -1,
136, 257, 229, -1, 136, 229, 155, -1, 155, 229, 156, -1, 155, 156, 157, -1,
155, 157, 154, -1, 154, 157, 158, -1, 154, 158, 153, -1, 153, 158, 159, -1,
153, 159, 152, -1, 152, 159, 160, -1, 152, 160, 151, -1, 151, 160, 161, -1,
151, 161, 150, -1, 150, 161, 162, -1, 150, 162, 149, -1, 149, 162, 163, -1,
149, 163, 148, -1, 148, 163, 164, -1, 148, 164, 147, -1, 147, 164, 165, -1,
147, 165, 146, -1, 146, 165, 166, -1, 146, 166, 145, -1, 206, 274, 205, -1,
205, 274, 275, -1, 205, 275, 204, -1, 204, 275, 276, -1, 204, 276, 203, -1,
203, 276, 277, -1, 203, 277, 202, -1, 202, 277, 278, -1, 202, 278, 201, -1,
201, 278, 279, -1, 201, 279, 200, -1, 200, 279, 280, -1, 200, 280, 199, -1,
199, 280, 281, -1, 199, 281, 198, -1, 198, 281, 282, -1, 198, 282, 197, -1,
197, 282, 222, -1, 197, 222, 196, -1, 216, 226, 235, -1, 216, 235, 236, -1,
216, 236, 237, -1, 216, 237, 238, -1, 216, 238, 239, -1, 216, 239, 240, -1,
216, 240, 241, -1, 216, 241, 242, -1, 216, 242, 243, -1, 216, 243, 244, -1,
216, 244, 219, -1, 226, 220, 231, -1, 226, 231, 232, -1, 226, 232, 233, -1,
226, 233, 234, -1, 226, 234, 235, -1, 285, 286, 222, -1, 222, 286, 287, -1,
222, 287, 221, -1, 221, 287, 230, -1, 221, 230, 220, -1, 220, 230, 231, -1,
222, 1216, 1217, -1, 222, 1217, 1218, -1, 222, 1218, 1219, -1, 222, 1219, 1220, -1,
222, 1220, 1221, -1, 222, 1221, 1222, -1, 222, 1222, 1223, -1, 222, 1223, 1224, -1,
195, 176, 1225, -1, 195, 1225, 1226, -1, 222, 282, 283, -1, 222, 283, 284, -1,
222, 284, 285, -1, 287, 268, 167, -1, 287, 167, 168, -1, 287, 168, 169, -1,
287, 169, 170, -1, 287, 170, 171, -1, 287, 171, 172, -1, 287, 172, 173, -1,
287, 173, 174, -1, 287, 174, 175, -1, 287, 175, 229, -1, 287, 229, 230, -1,
166, 167, 268, -1, 166, 268, 288, -1, 166, 288, 289, -1, 166, 289, 290, -1,
245, 246, 305, -1, 245, 305, 306, -1, 245, 306, 307, -1, 245, 307, 308, -1,
245, 308, 309, -1, 245, 309, 310, -1, 245, 310, 311, -1, 245, 311, 312, -1,
245, 312, 313, -1, 288, 268, 269, -1, 288, 269, 270, -1, 288, 270, 271, -1,
288, 271, 315, -1, 245, 316, 317, -1, 245, 317, 318, -1, 245, 318, 319, -1,
245, 319, 320, -1, 245, 320, 321, -1, 245, 321, 322, -1, 245, 322, 323, -1,
245, 323, 324, -1, 245, 324, 325, -1, 245, 325, 326, -1, 245, 326, 327, -1,
229, 257, 258, -1, 229, 258, 259, -1, 229, 259, 260, -1, 229, 260, 261, -1,
229, 261, 228, -1, 261, 262, 228, -1, 228, 262, 263, -1, 228, 263, 227, -1,
227, 263, 302, -1, 227, 302, 303, -1, 263, 264, 295, -1, 263, 295, 296, -1,
263, 296, 297, -1, 263, 297, 298, -1, 263, 298, 299, -1, 263, 299, 300, -1,
263, 300, 301, -1, 263, 301, 302, -1, 267, 291, 266, -1, 266, 291, 292, -1,
266, 292, 265, -1, 265, 292, 293, -1, 265, 293, 264, -1, 264, 293, 294, -1,
264, 294, 295, -1, 247, 290, 291, -1, 247, 291, 267, -1, 304, 305, 246, -1,
304, 246, 227, -1, 304, 227, 303, -1, 1136, 1143, 1158, -1, 1136, 1158, 1159, -1,
1136, 1159, 1160, -1, 1136, 1160, 1161, -1, 1136, 1161, 1162, -1, 1136, 1162, 1163, -1,
1136, 1163, 1164, -1, 1136, 1164, 1165, -1, 1136, 1165, 1166, -1, 1136, 1166, 1167, -1,
1136, 1167, 1140, -1, 1136, 1140, 1139, -1, 1143, 1140, 1149, -1, 1143, 1149, 1150, -1,
1143, 1150, 1151, -1, 1143, 1151, 1152, -1, 1143, 1152, 1153, -1, 1143, 1153, 1154, -1,
1143, 1154, 1155, -1, 1143, 1155, 1156, -1, 1143, 1156, 1157, -1, 1143, 1157, 1158, -1,
1140, 1167, 1168, -1, 1140, 1168, 1169, -1, 1140, 1169, 1170, -1, 1140, 1170, 1171, -1,
1140, 1171, 1144, -1, 1140, 1144, 1145, -1, 1140, 1145, 1146, -1, 1140, 1146, 1147, -1,
1140, 1147, 1148, -1, 1140, 1148, 1149, -1, 1142, 367, 368, -1, 1142, 368, 369, -1,
1142, 369, 370, -1, 1142, 370, 371, -1, 1142, 371, 372, -1, 1142, 372, 373, -1,
1142, 373, 619, -1, 1142, 619, 620, -1, 1142, 620, 621, -1, 1142, 621, 622, -1,
1142, 622, 623, -1, 1142, 623, 624, -1, 1142, 624, 625, -1, 1142, 625, 626, -1,
1142, 626, 627, -1, 1142, 627, 628, -1, 1142, 628, 629, -1, 1142, 629, 630, -1,
1142, 630, 631, -1, 1142, 631, 1141, -1, 374, 375, 541, -1, 374, 543, 544, -1,
374, 544, 619, -1, 374, 619, 373, -1, 605, 606, 549, -1, 605, 549, 550, -1,
605, 550, 551, -1, 605, 552, 554, -1, 605, 554, 555, -1, 632, 605, 1141, -1,
632, 1141, 631, -1, 1141, 1138, 1139, -1, 1141, 1139, 1140, -1, 581, 582, 533, -1,
533, 582, 583, -1, 533, 577, 578, -1, 533, 578, 579, -1, 533, 579, 580, -1,
533, 580, 581, -1, 534, 535, 573, -1, 534, 573, 574, -1, 534, 574, 575, -1,
534, 575, 533, -1, 573, 535, 536, -1, 573, 536, 537, -1, 573, 537, 538, -1,
573, 538, 539, -1, 573, 539, 572, -1, 569, 570, 540, -1, 540, 570, 571, -1,
540, 571, 539, -1, 539, 571, 572, -1, 544, 545, 616, -1, 544, 616, 617, -1,
544, 617, 618, -1, 544, 618, 619, -1, 545, 546, 613, -1, 545, 613, 614, -1,
545, 614, 615, -1, 545, 615, 616, -1, 610, 611, 548, -1, 548, 611, 612, -1,
548, 612, 547, -1, 547, 612, 613, -1, 547, 613, 546, -1, 549, 606, 607, -1,
549, 607, 608, -1, 549, 608, 609, -1, 549, 609, 610, -1, 549, 610, 548, -1,
890, 891, 802, -1, 802, 891, 892, -1, 802, 892, 801, -1, 801, 892, 893, -1,
801, 893, 694, -1, 694, 893, 894, -1, 694, 894, 895, -1, 807, 886, 806, -1,
806, 886, 887, -1, 806, 887, 805, -1, 805, 887, 888, -1, 805, 888, 804, -1,
804, 888, 889, -1, 804, 889, 803, -1, 803, 889, 890, -1, 803, 890, 802, -1,
808, 809, 885, -1, 808, 885, 886, -1, 808, 886, 807, -1, 882, 883, 743, -1,
743, 883, 884, -1, 743, 884, 742, -1, 742, 884, 885, -1, 742, 885, 782, -1,
782, 885, 809, -1, 744, 745, 880, -1, 744, 880, 881, -1, 744, 881, 882, -1,
744, 882, 743, -1, 879, 880, 745, -1, 879, 745, 746, -1, 879, 746, 747, -1,
879, 747, 748, -1, 879, 748, 749, -1, 879, 749, 759, -1, 879, 759, 760, -1,
879, 760, 761, -1, 879, 761, 762, -1, 879, 762, 763, -1, 879, 763, 764, -1,
879, 764, 765, -1, 879, 765, 766, -1, 879, 766, 767, -1, 879, 767, 768, -1,
674, 699, 700, -1, 674, 700, 701, -1, 674, 701, 702, -1, 674, 702, 703, -1,
674, 703, 704, -1, 674, 704, 705, -1, 674, 705, 706, -1, 674, 706, 707, -1,
674, 707, 708, -1, 674, 708, 709, -1, 674, 709, 710, -1, 674, 710, 711, -1,
674, 711, 712, -1, 694, 674, 675, -1, 694, 675, 676, -1, 694, 676, 677, -1,
694, 677, 678, -1, 694, 678, 679, -1, 694, 798, 799, -1, 694, 799, 800, -1,
694, 800, 801, -1, 694, 895, 896, -1, 694, 896, 897, -1, 694, 897, 898, -1,
694, 898, 899, -1, 694, 899, 900, -1, 694, 900, 901, -1, 694, 901, 902, -1,
694, 902, 903, -1, 694, 903, 904, -1, 694, 904, 905, -1, 694, 905, 906, -1,
694, 906, 821, -1, 694, 821, 822, -1, 694, 822, 842, -1, 694, 842, 843, -1,
694, 843, 844, -1, 694, 844, 845, -1, 694, 845, 697, -1, 811, 951, 923, -1,
923, 951, 932, -1, 923, 932, 922, -1, 922, 932, 933, -1, 922, 933, 921, -1,
921, 933, 934, -1, 921, 934, 920, -1, 920, 934, 935, -1, 920, 935, 919, -1,
919, 935, 936, -1, 919, 936, 918, -1, 918, 936, 937, -1, 918, 937, 917, -1,
917, 937, 938, -1, 917, 938, 916, -1, 916, 938, 939, -1, 916, 939, 915, -1,
915, 939, 940, -1, 915, 940, 914, -1, 914, 940, 941, -1, 914, 941, 913, -1,
913, 941, 906, -1, 913, 906, 912, -1, 818, 819, 944, -1, 944, 819, 820, -1,
944, 820, 943, -1, 943, 820, 821, -1, 943, 821, 942, -1, 942, 821, 906, -1,
942, 906, 941, -1, 783, 784, 741, -1, 741, 784, 785, -1, 741, 785, 740, -1,
740, 785, 786, -1, 740, 786, 739, -1, 739, 786, 787, -1, 739, 787, 738, -1,
738, 787, 788, -1, 738, 788, 737, -1, 737, 788, 789, -1, 737, 789, 736, -1,
736, 789, 735, -1, 741, 742, 782, -1, 741, 782, 783, -1, 847, 848, 859, -1,
847, 859, 860, -1, 847, 860, 861, -1, 847, 861, 862, -1, 847, 862, 863, -1,
847, 863, 864, -1, 847, 864, 865, -1, 848, 849, 856, -1, 848, 856, 857, -1,
848, 857, 858, -1, 848, 858, 859, -1, 849, 850, 852, -1, 849, 852, 853, -1,
849, 853, 854, -1, 849, 854, 855, -1, 849, 855, 856, -1, 850, 831, 851, -1,
850, 851, 852, -1, 517, 518, 927, -1, 927, 518, 519, -1, 927, 519, 926, -1,
926, 519, 520, -1, 926, 520, 925, -1, 925, 520, 522, -1, 523, 524, 923, -1,
523, 923, 924, -1, 523, 924, 925, -1, 810, 811, 923, -1, 810, 923, 833, -1,
810, 833, 834, -1, 810, 834, 830, -1, 757, 758, 751, -1, 757, 751, 752, -1,
757, 752, 753, -1, 757, 753, 756, -1, 758, 759, 749, -1, 758, 749, 750, -1,
758, 750, 751, -1, 830, 835, 829, -1, 829, 835, 836, -1, 829, 836, 828, -1,
828, 836, 837, -1, 828, 837, 827, -1, 827, 837, 838, -1, 827, 838, 826, -1,
826, 838, 839, -1, 826, 839, 825, -1, 825, 839, 840, -1, 825, 840, 824, -1,
824, 840, 841, -1, 824, 841, 823, -1, 823, 841, 842, -1, 823, 842, 822, -1,
951, 812, 950, -1, 950, 812, 813, -1, 950, 813, 949, -1, 949, 813, 814, -1,
949, 814, 948, -1, 948, 814, 815, -1, 948, 815, 947, -1, 947, 815, 816, -1,
947, 816, 946, -1, 946, 816, 817, -1, 946, 817, 945, -1, 945, 817, 818, -1,
945, 818, 944, -1, 1037, 1074, 1036, -1, 1036, 1074, 1075, -1, 1036, 1075, 1035, -1,
1035, 1075, 1076, -1, 1035, 1076, 1034, -1, 1034, 1076, 1077, -1, 1034, 1077, 1033, -1,
1033, 1077, 1078, -1, 1033, 1078, 1032, -1, 1032, 1078, 1079, -1, 1032, 1079, 1031, -1,
1031, 1079, 1080, -1, 1031, 1080, 1030, -1, 1030, 1080, 1081, -1, 1030, 1081, 1029, -1,
1029, 1081, 1082, -1, 1029, 1082, 1028, -1, 1028, 1082, 1051, -1, 1028, 1051, 1047, -1,
1098, 1099, 1049, -1, 1049, 1099, 1100, -1, 1049, 1100, 1048, -1, 1048, 1100, 1101, -1,
1048, 1101, 1102, -1, 1083, 1096, 1051, -1, 1051, 1096, 1097, -1, 1051, 1097, 1050, -1,
1050, 1097, 1098, -1, 1050, 1098, 1049, -1, 1092, 1093, 1087, -1, 1087, 1093, 1094, -1,
1087, 1094, 1086, -1, 1086, 1094, 1095, -1, 1086, 1095, 1085, -1, 1085, 1095, 1096, -1,
1085, 1096, 1084, -1, 1084, 1096, 1083, -1, 1087, 1089, 1090, -1, 1087, 1090, 1091, -1,
1087, 1091, 1092, -1, 1438, 1371, 1372, -1, 1438, 1372, 1373, -1, 1438, 1373, 1374, -1,
1438, 1374, 1437, -1, 1376, 1435, 1436, -1, 1376, 1436, 1375, -1, 1375, 1436, 1437, -1,
1375, 1437, 1374, -1, 1376, 1377, 1427, -1, 1376, 1427, 1428, -1, 1376, 1428, 1429, -1,
1376, 1429, 1430, -1, 1376, 1430, 1431, -1, 1376, 1431, 1432, -1, 1376, 1432, 1433, -1,
1378, 1379, 1426, -1, 1378, 1426, 1427, -1, 1378, 1427, 1377, -1, 1426, 1379, 1380, -1,
1426, 1380, 1361, -1, 1426, 1361, 1425, -1, 1412, 1406, 1407, -1, 1412, 1407, 1408, -1,
1412, 1408, 1411, -1, 1083, 1051, 1082, -1, 812, 951, 811, -1, 830, 834, 835, -1,
923, 524, 833, -1, 846, 697, 845, -1, 568, 353, 354, -1, 540, 568, 569, -1,
156, 229, 175, -1, 245, 219, 244, -1, 272, 315, 271, -1, 1004, 975, 1003, -1,
591, 878, 851, -1, 909, 720, 721, -1, 712, 1477, 1478, -1, 712, 1482, 1483, -1,
1409, 1488, 1489, -1, 1192, 1072, 1211, -1, 979, 439, 978, -1, 38, 977, 37, -1,
135, 977, 134, -1, 91, 978, 90, -1, 463, 978, 462, -1, 1271, 1289, 1270, -1,
187, 316, 186, -1, 42, 1059, 41, -1, 50, 48, 49, -1, 1126, 1072, 1073, -1
            ]
          }
        }
      ]
    }
  ]
}
Transform {
  children [
    Group {
      children [
        Shape {
          appearance Appearance {
            material Material {
              diffuseColor 0.75 0.61 0.23
              specularColor 0.9 0.844 0.692
              emissiveColor 0 0 0
              ambientIntensity 0.7
              transparency 0
              shininess 0.9
            }
          }
          geometry IndexedFaceSet {
            solid TRUE
            coord Coordinate {
              point [
63.135337 -41.696762 -0.314961, 63.139339 -41.695305 -0.314961,
63.278178 -41.637796 -0.314961, 63.282038 -41.635996 -0.314961,
63.415331 -41.566607 -0.314961, 63.41902 -41.564478 -0.314961,
63.545765 -41.483733 -0.314961, 63.549254 -41.48129 -0.314961,
63.668476 -41.389807 -0.314961, 63.671739 -41.387069 -0.314961,
63.782533 -41.285545 -0.314961, 63.785545 -41.282533 -0.314961,
63.887069 -41.171739 -0.314961, 63.889807 -41.168476 -0.314961,
63.98129 -41.049254 -0.314961, 63.983732 -41.045766 -0.314961,
63.992354 -41.032233 -0.314961, 64. -41.006002 -0.314961,
64. -31.993997 -0.314961, 63.992354 -31.967767 -0.314961,
63.983733 -31.954234 -0.314961, 63.981292 -31.950749 -0.314961,
63.889807 -31.831523 -0.314961, 63.887069 -31.828261 -0.314961,
63.785545 -31.717466 -0.314961, 63.782533 -31.714455 -0.314961,
63.671739 -31.61293 -0.314961, 63.668476 -31.610193 -0.314961,
63.549254 -31.51871 -0.314961, 63.545765 -31.516267 -0.314961,
63.41902 -31.435521 -0.314961, 63.415331 -31.433392 -0.314961,
63.282035 -31.364002 -0.314961, 63.27818 -31.362205 -0.314961,
63.139335 -31.304693 -0.314961, 63.135341 -31.303239 -0.314961,
62.992012 -31.258048 -0.314961, 62.987907 -31.256948 -0.314961,
62.84118 -31.224419 -0.314961, 62.836996 -31.223682 -0.314961,
62.687994 -31.204065 -0.314961, 62.683768 -31.203695 -0.314961,
62.53256 -31.197093 -0.314961, 62.530431 -31.197047 -0.314961,
62.505554 -31.197047 -0.314961, 53.494446 -31.197047 -0.314961,
53.469569 -31.197047 -0.314961, 53.46744 -31.197093 -0.314961,
53.316231 -31.203695 -0.314961, 53.312006 -31.204065 -0.314961,
53.163002 -31.223682 -0.314961, 53.158821 -31.224419 -0.314961,
53.01209 -31.256948 -0.314961, 53.00799 -31.258047 -0.314961,
52.864656 -31.30324 -0.314961, 52.860667 -31.304692 -0.314961,
52.721816 -31.362206 -0.314961, 52.717968 -31.364 -0.314961,
52.584663 -31.433394 -0.314961, 52.580984 -31.435519 -0.314961,
52.45423 -31.51627 -0.314961, 52.45075 -31.518707 -0.314961,
52.33152 -31.610195 -0.314961, 52.328264 -31.612927 -0.314961,
52.217461 -31.714459 -0.314961, 52.214459 -31.717461 -0.314961,
52.112927 -31.828264 -0.314961, 52.110195 -31.83152 -0.314961,
52.018707 -31.95075 -0.314961, 52.01627 -31.95423 -0.314961,
51.935519 -32.080984 -0.314961, 51.933394 -32.084663 -0.314961,
51.864 -32.217968 -0.314961, 51.862206 -32.221816 -0.314961,
51.804692 -32.360667 -0.314961, 51.80324 -32.364656 -0.314961,
51.775622 -32.452248 -0.314961, 51.758046 -32.507993 -0.314961,
51.756948 -32.51209 -0.314961, 51.724419 -32.658821 -0.314961,
51.723682 -32.663002 -0.314961, 51.704065 -32.812006 -0.314961,
51.703695 -32.816231 -0.314961, 51.699793 -32.905626 -0.314961,
51.697094 -32.96744 -0.314961, 51.697047 -32.969569 -0.314961,
51.697047 -33.718958 -0.314961, 51.697047 -34.67384 -0.314961,
51.697047 -40.03043 -0.314961, 51.697094 -40.03256 -0.314961,
51.703695 -40.183768 -0.314961, 51.704065 -40.187994 -0.314961,
51.708142 -40.218958 -0.314961, 51.723682 -40.336996 -0.314961,
51.724419 -40.34118 -0.314961, 51.756948 -40.487907 -0.314961,
51.758048 -40.492012 -0.314961, 51.803238 -40.635337 -0.314961,
51.804693 -40.639335 -0.314961, 51.809083 -40.649935 -0.314961,
51.834494 -40.711281 -0.314961, 51.84124 -40.727566 -0.314961,
51.862204 -40.778178 -0.314961, 51.864002 -40.782035 -0.314961,
51.933392 -40.915331 -0.314961, 51.935521 -40.919019 -0.314961,
52.016014 -41.045369 -0.314961, 52.016267 -41.045765 -0.314961,
52.01871 -41.049254 -0.314961, 52.110193 -41.168476 -0.314961,
52.11293 -41.171739 -0.314961, 52.214455 -41.282533 -0.314961,
52.217466 -41.285545 -0.314961, 52.328261 -41.387069 -0.314961,
52.331523 -41.389807 -0.314961, 52.450746 -41.48129 -0.314961,
52.454234 -41.483733 -0.314961, 52.58098 -41.564478 -0.314961,
52.584668 -41.566607 -0.314961, 52.717962 -41.635996 -0.314961,
52.721822 -41.637796 -0.314961, 52.860661 -41.695305 -0.314961,
52.864663 -41.696762 -0.314961, 53.007983 -41.74195 -0.314961,
53.012097 -41.743053 -0.314961, 53.158815 -41.775579 -0.314961,
53.163009 -41.776319 -0.314961, 53.311997 -41.795933 -0.314961,
53.31624 -41.796305 -0.314961, 53.46744 -41.802906 -0.314961,
53.469569 -41.802953 -0.314961, 62.530431 -41.802953 -0.314961,
62.53256 -41.802906 -0.314961, 62.68376 -41.796305 -0.314961,
62.688002 -41.795933 -0.314961, 62.836991 -41.776319 -0.314961,
62.841185 -41.775579 -0.314961, 62.987902 -41.743053 -0.314961,
62.992016 -41.74195 -0.314961, 63.118543 -40.117541 -0.314961,
63.118543 -40.117543 -0.314961, 63.118543 -40.179623 -0.314961,
63.106432 -40.240511 -0.314961, 63.082675 -40.297866 -0.314961,
63.048185 -40.349484 -0.314961, 63.004287 -40.393381 -0.314961,
62.952669 -40.427872 -0.314961, 62.895314 -40.451629 -0.314961,
62.834427 -40.46374 -0.314961, 62.834427 -40.46374 -0.314961,
62.772346 -40.46374 -0.314961, 62.772345 -40.46374 -0.314961,
62.772344 -40.46374 -0.314961, 62.711458 -40.451629 -0.314961,
62.7097 -40.450901 -0.314961, 62.654105 -40.427873 -0.314961,
62.6541 -40.42787 -0.314961, 62.602485 -40.393381 -0.314961,
62.602483 -40.39338 -0.314961, 62.558588 -40.349485 -0.314961,
62.558587 -40.349483 -0.314961, 62.524098 -40.297868 -0.314961,
62.524095 -40.297863 -0.314961, 62.50034 -40.240512 -0.314961,
62.500339 -40.240507 -0.314961, 62.488228 -40.179624 -0.314961,
62.488228 -40.117541 -0.314961, 62.500339 -40.056657 -0.314961,
62.50034 -40.056653 -0.314961, 62.524095 -39.999302 -0.314961,
62.524098 -39.999297 -0.314961, 62.558587 -39.947681 -0.314961,
62.558588 -39.94768 -0.314961, 62.602483 -39.903785 -0.314961,
62.602485 -39.903783 -0.314961, 62.6541 -39.869295 -0.314961,
62.654105 -39.869292 -0.314961, 62.711456 -39.845537 -0.314961,
62.711461 -39.845536 -0.314961, 62.772344 -39.833425 -0.314961,
62.772346 -39.833425 -0.314961, 62.834426 -39.833425 -0.314961,
62.834427 -39.833425 -0.314961, 62.895311 -39.845536 -0.314961,
62.895315 -39.845537 -0.314961, 62.952666 -39.869292 -0.314961,
62.952671 -39.869295 -0.314961, 63.004287 -39.903783 -0.314961,
63.004288 -39.903785 -0.314961, 63.048183 -39.94768 -0.314961,
63.048185 -39.947681 -0.314961, 63.082673 -39.999297 -0.314961,
63.082676 -39.999302 -0.314961, 63.106431 -40.056653 -0.314961,
63.106432 -40.056655 -0.314961, 63.115196 -40.100714 -0.314961,
63.118543 -40.117541 -0.314961, 56.565157 -33.718959 -0.314961,
56.565157 -33.71896 -0.314961, 56.565157 -33.78104 -0.314961,
56.553046 -33.841928 -0.314961, 56.529289 -33.899283 -0.314961,
56.494799 -33.950901 -0.314961, 56.450901 -33.994799 -0.314961,
56.399283 -34.029289 -0.314961, 56.341928 -34.053046 -0.314961,
56.281041 -34.065157 -0.314961, 56.281041 -34.065157 -0.314961,
56.21896 -34.065157 -0.314961, 56.218959 -34.065157 -0.314961,
56.218958 -34.065157 -0.314961, 56.158072 -34.053046 -0.314961,
56.15807 -34.053045 -0.314961, 56.100719 -34.02929 -0.314961,
56.100714 -34.029287 -0.314961, 56.049099 -33.994799 -0.314961,
56.049097 -33.994798 -0.314961, 56.005202 -33.950902 -0.314961,
56.005201 -33.950901 -0.314961, 55.970712 -33.899285 -0.314961,
55.970709 -33.89928 -0.314961, 55.946954 -33.84193 -0.314961,
55.946953 -33.841925 -0.314961, 55.934843 -33.781042 -0.314961,
55.934843 -33.718958 -0.314961, 55.946953 -33.658075 -0.314961,
55.946954 -33.65807 -0.314961, 55.970709 -33.600719 -0.314961,
55.970712 -33.600714 -0.314961, 56.005201 -33.549099 -0.314961,
56.005202 -33.549097 -0.314961, 56.049097 -33.505202 -0.314961,
56.049099 -33.505201 -0.314961, 56.100714 -33.470712 -0.314961,
56.100719 -33.470709 -0.314961, 56.15807 -33.446954 -0.314961,
56.158075 -33.446953 -0.314961, 56.218959 -33.434843 -0.314961,
56.21896 -33.434843 -0.314961, 56.28104 -33.434843 -0.314961,
56.281041 -33.434843 -0.314961, 56.341925 -33.446953 -0.314961,
56.34193 -33.446954 -0.314961, 56.39928 -33.470709 -0.314961,
56.399285 -33.470712 -0.314961, 56.450901 -33.505201 -0.314961,
56.450902 -33.505202 -0.314961, 56.494798 -33.549097 -0.314961,
56.494799 -33.549099 -0.314961, 56.529287 -33.600714 -0.314961,
56.52929 -33.600719 -0.314961, 56.553045 -33.65807 -0.314961,
56.553046 -33.658072 -0.314961, 56.553046 -33.658075 -0.314961,
56.565157 -33.718958 -0.314961, 57.501562 -34.729701 -0.314961,
57.47976 -34.751503 -0.314961, 57.464343 -34.778205 -0.314961,
57.456363 -34.807987 -0.314961, 57.456363 -34.83882 -0.314961,
57.464343 -34.868603 -0.314961, 57.47976 -34.895305 -0.314961,
57.501562 -34.917107 -0.314961, 57.528264 -34.932524 -0.314961,
57.558046 -34.940504 -0.314961, 57.56811 -34.940504 -0.314961,
57.56811 -37.635394 -0.314961, 57.222567 -37.635394 -0.314961,
57.07558 -37.488406 -0.314961, 57.074793 -37.486504 -0.314961,
57.063496 -37.475207 -0.314961, 57.048736 -37.469094 -0.314961,
57.03276 -37.469094 -0.314961, 57.018 -37.475207 -0.314961,
57.006704 -37.486504 -0.314961, 57.00059 -37.501264 -0.314961,
57.00059 -37.51724 -0.314961, 57.006704 -37.532 -0.314961,
57.018 -37.543296 -0.314961, 57.019902 -37.544084 -0.314961,
57.178421 -37.702602 -0.314961, 57.184387 -37.707499 -0.314961,
57.188543 -37.70922 -0.314961, 57.198579 -37.713378 -0.314961,
57.20626 -37.714134 -0.314961, 57.60748 -37.714134 -0.314961,
57.904921 -37.714134 -0.314961, 57.912602 -37.713378 -0.314961,
57.926794 -37.707499 -0.314961, 57.93276 -37.702603 -0.314961,
58.052839 -37.582524 -0.314961, 58.057735 -37.576558 -0.314961,
58.063614 -37.562366 -0.314961, 58.06437 -37.554685 -0.314961,
58.06437 -37.488867 -0.314961, 58.201465 -37.351772 -0.314961,
58.283071 -37.351772 -0.314961, 58.290752 -37.351015 -0.314961,
58.304944 -37.345137 -0.314961, 58.31091 -37.340241 -0.314961,
58.44654 -37.20461 -0.314961, 58.451436 -37.198644 -0.314961,
58.457315 -37.184452 -0.314961, 58.458071 -37.176772 -0.314961,
58.458071 -35.914064 -0.314961, 58.568513 -35.803622 -0.314961,
58.785748 -35.803622 -0.314961, 58.793429 -35.802866 -0.314961,
58.807621 -35.796987 -0.314961, 58.813587 -35.792091 -0.314961,
59.030097 -35.57558 -0.314961, 59.032 -35.574793 -0.314961,
59.043296 -35.563496 -0.314961, 59.04941 -35.548736 -0.314961,
59.04941 -35.53276 -0.314961, 59.043296 -35.518 -0.314961,
59.032 -35.506704 -0.314961, 59.01724 -35.50059 -0.314961,
59.001264 -35.50059 -0.314961, 58.986504 -35.506704 -0.314961,
58.975207 -35.518 -0.314961, 58.974419 -35.519902 -0.314961,
58.76944 -35.724882 -0.314961, 58.552205 -35.724882 -0.314961,
58.544524 -35.725638 -0.314961, 58.530332 -35.731517 -0.314961,
58.524366 -35.736413 -0.314961, 58.390862 -35.869917 -0.314961,
58.385966 -35.875883 -0.314961, 58.380087 -35.890075 -0.314961,
58.379331 -35.897756 -0.314961, 58.379331 -37.160464 -0.314961,
58.266763 -37.273031 -0.314961, 58.185157 -37.273031 -0.314961,
58.177477 -37.273788 -0.314961, 58.167594 -37.277881 -0.314961,
58.163285 -37.279667 -0.314961, 58.157319 -37.284563 -0.314961,
57.997161 -37.44472 -0.314961, 57.992265 -37.450686 -0.314961,
57.986386 -37.464878 -0.314961, 57.98563 -37.472559 -0.314961,
57.98563 -37.538377 -0.314961, 57.888613 -37.635394 -0.314961,
57.64685 -37.635394 -0.314961, 57.64685 -34.91562 -0.314961,
57.667166 -34.895305 -0.314961, 57.682583 -34.868603 -0.314961,
57.690563 -34.83882 -0.314961, 57.690563 -34.807987 -0.314961,
57.682583 -34.778205 -0.314961, 57.667166 -34.751503 -0.314961,
57.645364 -34.729701 -0.314961, 57.618662 -34.714284 -0.314961,
57.58888 -34.706304 -0.314961, 57.558046 -34.706304 -0.314961,
57.528264 -34.714284 -0.314961, 57.514408 -34.823404 -0.314961,
57.515889 -34.810263 -0.314961, 57.520256 -34.797781 -0.314961,
57.527292 -34.786584 -0.314961, 57.536643 -34.777233 -0.314961,
57.54784 -34.770197 -0.314961, 57.560322 -34.765829 -0.314961,
57.573463 -34.764349 -0.314961, 57.586604 -34.765829 -0.314961,
57.599086 -34.770197 -0.314961, 57.610283 -34.777233 -0.314961,
57.619634 -34.786584 -0.314961, 57.62667 -34.797781 -0.314961,
57.631037 -34.810263 -0.314961, 57.632518 -34.823404 -0.314961,
57.631037 -34.836545 -0.314961, 57.62667 -34.849027 -0.314961,
57.619634 -34.860224 -0.314961, 57.610283 -34.869575 -0.314961,
57.599086 -34.876611 -0.314961, 57.586604 -34.880978 -0.314961,
57.573463 -34.882459 -0.314961, 57.560322 -34.880978 -0.314961,
57.54784 -34.876611 -0.314961, 57.536643 -34.869575 -0.314961,
57.527292 -34.860224 -0.314961, 57.520256 -34.849027 -0.314961,
57.515889 -34.836545 -0.314961, 57.474607 -37.501264 -0.314961,
57.468493 -37.486504 -0.314961, 57.457196 -37.475207 -0.314961,
57.442437 -37.469094 -0.314961, 57.426461 -37.469094 -0.314961,
57.411701 -37.475207 -0.314961, 57.400404 -37.486504 -0.314961,
57.394291 -37.501264 -0.314961, 57.394291 -37.51724 -0.314961,
57.400404 -37.532 -0.314961, 57.411701 -37.543296 -0.314961,
57.426461 -37.54941 -0.314961, 57.442437 -37.54941 -0.314961,
57.457196 -37.543296 -0.314961, 57.468493 -37.532 -0.314961,
57.474607 -37.51724 -0.314961, 57.868308 -37.501264 -0.314961,
57.862194 -37.486504 -0.314961, 57.850897 -37.475207 -0.314961,
57.836137 -37.469094 -0.314961, 57.820162 -37.469094 -0.314961,
57.805402 -37.475207 -0.314961, 57.794105 -37.486504 -0.314961,
57.787991 -37.501264 -0.314961, 57.787991 -37.51724 -0.314961,
57.794105 -37.532 -0.314961, 57.805402 -37.543296 -0.314961,
57.820162 -37.54941 -0.314961, 57.836137 -37.54941 -0.314961,
57.850897 -37.543296 -0.314961, 57.862194 -37.532 -0.314961,
57.868308 -37.51724 -0.314961, 58.262009 -37.501264 -0.314961,
58.255895 -37.486504 -0.314961, 58.244598 -37.475207 -0.314961,
58.229838 -37.469094 -0.314961, 58.213863 -37.469094 -0.314961,
58.199103 -37.475207 -0.314961, 58.187806 -37.486504 -0.314961,
58.181692 -37.501264 -0.314961, 58.181692 -37.51724 -0.314961,
58.187806 -37.532 -0.314961, 58.199103 -37.543296 -0.314961,
58.213863 -37.54941 -0.314961, 58.229838 -37.54941 -0.314961,
58.244598 -37.543296 -0.314961, 58.255895 -37.532 -0.314961,
58.262009 -37.51724 -0.314961, 58.655709 -37.501264 -0.314961,
58.649596 -37.486504 -0.314961, 58.638299 -37.475207 -0.314961,
58.623539 -37.469094 -0.314961, 58.607563 -37.469094 -0.314961,
58.592804 -37.475207 -0.314961, 58.581507 -37.486504 -0.314961,
58.575393 -37.501264 -0.314961, 58.575393 -37.51724 -0.314961,
58.581507 -37.532 -0.314961, 58.592804 -37.543296 -0.314961,
58.607563 -37.54941 -0.314961, 58.623539 -37.54941 -0.314961,
58.638299 -37.543296 -0.314961, 58.649596 -37.532 -0.314961,
58.655709 -37.51724 -0.314961, 59.04941 -37.501264 -0.314961,
59.043296 -37.486504 -0.314961, 59.032 -37.475207 -0.314961,
59.01724 -37.469094 -0.314961, 59.001264 -37.469094 -0.314961,
58.986504 -37.475207 -0.314961, 58.975207 -37.486504 -0.314961,
58.969094 -37.501264 -0.314961, 58.969094 -37.51724 -0.314961,
58.975207 -37.532 -0.314961, 58.986504 -37.543296 -0.314961,
59.001264 -37.54941 -0.314961, 59.01724 -37.54941 -0.314961,
59.032 -37.543296 -0.314961, 59.043296 -37.532 -0.314961,
59.04941 -37.51724 -0.314961, 57.080906 -37.107563 -0.314961,
57.074793 -37.092804 -0.314961, 57.063496 -37.081507 -0.314961,
57.048736 -37.075393 -0.314961, 57.03276 -37.075393 -0.314961,
57.018 -37.081507 -0.314961, 57.006704 -37.092804 -0.314961,
57.00059 -37.107563 -0.314961, 57.00059 -37.123539 -0.314961,
57.006704 -37.138299 -0.314961, 57.018 -37.149596 -0.314961,
57.03276 -37.155709 -0.314961, 57.048736 -37.155709 -0.314961,
57.063496 -37.149596 -0.314961, 57.074793 -37.138299 -0.314961,
57.080906 -37.123539 -0.314961, 57.474607 -37.107563 -0.314961,
57.468493 -37.092804 -0.314961, 57.457196 -37.081507 -0.314961,
57.442437 -37.075393 -0.314961, 57.426461 -37.075393 -0.314961,
57.411701 -37.081507 -0.314961, 57.400404 -37.092804 -0.314961,
57.394291 -37.107563 -0.314961, 57.394291 -37.123539 -0.314961,
57.400404 -37.138299 -0.314961, 57.411701 -37.149596 -0.314961,
57.426461 -37.155709 -0.314961, 57.442437 -37.155709 -0.314961,
57.457196 -37.149596 -0.314961, 57.468493 -37.138299 -0.314961,
57.474607 -37.123539 -0.314961, 57.868308 -37.107563 -0.314961,
57.862194 -37.092804 -0.314961, 57.850897 -37.081507 -0.314961,
57.836137 -37.075393 -0.314961, 57.820162 -37.075393 -0.314961,
57.805402 -37.081507 -0.314961, 57.794105 -37.092804 -0.314961,
57.787991 -37.107563 -0.314961, 57.787991 -37.123539 -0.314961,
57.794105 -37.138299 -0.314961, 57.805402 -37.149596 -0.314961,
57.820162 -37.155709 -0.314961, 57.836137 -37.155709 -0.314961,
57.850897 -37.149596 -0.314961, 57.862194 -37.138299 -0.314961,
57.868308 -37.123539 -0.314961, 58.262009 -37.107563 -0.314961,
58.255895 -37.092804 -0.314961, 58.244598 -37.081507 -0.314961,
58.229838 -37.075393 -0.314961, 58.213863 -37.075393 -0.314961,
58.199103 -37.081507 -0.314961, 58.187806 -37.092804 -0.314961,
58.181692 -37.107563 -0.314961, 58.181692 -37.123539 -0.314961,
58.187806 -37.138299 -0.314961, 58.199103 -37.149596 -0.314961,
58.213863 -37.155709 -0.314961, 58.229838 -37.155709 -0.314961,
58.244598 -37.149596 -0.314961, 58.255895 -37.138299 -0.314961,
58.262009 -37.123539 -0.314961, 58.655709 -37.107563 -0.314961,
58.649596 -37.092804 -0.314961, 58.638299 -37.081507 -0.314961,
58.623539 -37.075393 -0.314961, 58.607563 -37.075393 -0.314961,
58.592804 -37.081507 -0.314961, 58.581507 -37.092804 -0.314961,
58.575393 -37.107563 -0.314961, 58.575393 -37.123539 -0.314961,
58.581507 -37.138299 -0.314961, 58.592804 -37.149596 -0.314961,
58.607563 -37.155709 -0.314961, 58.623539 -37.155709 -0.314961,
58.638299 -37.149596 -0.314961, 58.649596 -37.138299 -0.314961,
58.655709 -37.123539 -0.314961, 59.04941 -37.107563 -0.314961,
59.043296 -37.092804 -0.314961, 59.032 -37.081507 -0.314961,
59.01724 -37.075393 -0.314961, 59.001264 -37.075393 -0.314961,
58.986504 -37.081507 -0.314961, 58.975207 -37.092804 -0.314961,
58.969094 -37.107563 -0.314961, 58.969094 -37.123539 -0.314961,
58.975207 -37.138299 -0.314961, 58.986504 -37.149596 -0.314961,
59.001264 -37.155709 -0.314961, 59.01724 -37.155709 -0.314961,
59.032 -37.149596 -0.314961, 59.043296 -37.138299 -0.314961,
59.04941 -37.123539 -0.314961, 57.474607 -36.713863 -0.314961,
57.468493 -36.699103 -0.314961, 57.457196 -36.687806 -0.314961,
57.442437 -36.681692 -0.314961, 57.426461 -36.681692 -0.314961,
57.411701 -36.687806 -0.314961, 57.400404 -36.699103 -0.314961,
57.394291 -36.713863 -0.314961, 57.394291 -36.729838 -0.314961,
57.400404 -36.744598 -0.314961, 57.411701 -36.755895 -0.314961,
57.426461 -36.762009 -0.314961, 57.442437 -36.762009 -0.314961,
57.457196 -36.755895 -0.314961, 57.468493 -36.744598 -0.314961,
57.474607 -36.729838 -0.314961, 57.868308 -36.713863 -0.314961,
57.862194 -36.699103 -0.314961, 57.850897 -36.687806 -0.314961,
57.836137 -36.681692 -0.314961, 57.820162 -36.681692 -0.314961,
57.805402 -36.687806 -0.314961, 57.794105 -36.699103 -0.314961,
57.787991 -36.713863 -0.314961, 57.787991 -36.729838 -0.314961,
57.794105 -36.744598 -0.314961, 57.805402 -36.755895 -0.314961,
57.820162 -36.762009 -0.314961, 57.836137 -36.762009 -0.314961,
57.850897 -36.755895 -0.314961, 57.862194 -36.744598 -0.314961,
57.868308 -36.729838 -0.314961, 58.262009 -36.713863 -0.314961,
58.255895 -36.699103 -0.314961, 58.244598 -36.687806 -0.314961,
58.229838 -36.681692 -0.314961, 58.213863 -36.681692 -0.314961,
58.199103 -36.687806 -0.314961, 58.187806 -36.699103 -0.314961,
58.181692 -36.713863 -0.314961, 58.181692 -36.729838 -0.314961,
58.187806 -36.744598 -0.314961, 58.199103 -36.755895 -0.314961,
58.213863 -36.762009 -0.314961, 58.229838 -36.762009 -0.314961,
58.244598 -36.755895 -0.314961, 58.255895 -36.744598 -0.314961,
58.262009 -36.729838 -0.314961, 58.655709 -36.713863 -0.314961,
58.649596 -36.699103 -0.314961, 58.638299 -36.687806 -0.314961,
58.623539 -36.681692 -0.314961, 58.607563 -36.681692 -0.314961,
58.592804 -36.687806 -0.314961, 58.581507 -36.699103 -0.314961,
58.575393 -36.713863 -0.314961, 58.575393 -36.729838 -0.314961,
58.581507 -36.744598 -0.314961, 58.592804 -36.755895 -0.314961,
58.607563 -36.762009 -0.314961, 58.623539 -36.762009 -0.314961,
58.638299 -36.755895 -0.314961, 58.649596 -36.744598 -0.314961,
58.655709 -36.729838 -0.314961, 59.04941 -36.713863 -0.314961,
59.043296 -36.699103 -0.314961, 59.032 -36.687806 -0.314961,
59.01724 -36.681692 -0.314961, 59.001264 -36.681692 -0.314961,
58.986504 -36.687806 -0.314961, 58.975207 -36.699103 -0.314961,
58.969094 -36.713863 -0.314961, 58.969094 -36.729838 -0.314961,
58.975207 -36.744598 -0.314961, 58.986504 -36.755895 -0.314961,
59.001264 -36.762009 -0.314961, 59.01724 -36.762009 -0.314961,
59.032 -36.755895 -0.314961, 59.043296 -36.744598 -0.314961,
59.04941 -36.729838 -0.314961, 57.474607 -36.320162 -0.314961,
57.468493 -36.305402 -0.314961, 57.457196 -36.294105 -0.314961,
57.442437 -36.287991 -0.314961, 57.426461 -36.287991 -0.314961,
57.411701 -36.294105 -0.314961, 57.400404 -36.305402 -0.314961,
57.394291 -36.320162 -0.314961, 57.394291 -36.336137 -0.314961,
57.400404 -36.350897 -0.314961, 57.411701 -36.362194 -0.314961,
57.426461 -36.368308 -0.314961, 57.442437 -36.368308 -0.314961,
57.457196 -36.362194 -0.314961, 57.468493 -36.350897 -0.314961,
57.474607 -36.336137 -0.314961, 57.868308 -36.320162 -0.314961,
57.862194 -36.305402 -0.314961, 57.850897 -36.294105 -0.314961,
57.836137 -36.287991 -0.314961, 57.820162 -36.287991 -0.314961,
57.805402 -36.294105 -0.314961, 57.794105 -36.305402 -0.314961,
57.787991 -36.320162 -0.314961, 57.787991 -36.336137 -0.314961,
57.794105 -36.350897 -0.314961, 57.805402 -36.362194 -0.314961,
57.820162 -36.368308 -0.314961, 57.836137 -36.368308 -0.314961,
57.850897 -36.362194 -0.314961, 57.862194 -36.350897 -0.314961,
57.868308 -36.336137 -0.314961, 58.262009 -36.320162 -0.314961,
58.255895 -36.305402 -0.314961, 58.244598 -36.294105 -0.314961,
58.229838 -36.287991 -0.314961, 58.213863 -36.287991 -0.314961,
58.199103 -36.294105 -0.314961, 58.187806 -36.305402 -0.314961,
58.181692 -36.320162 -0.314961, 58.181692 -36.336137 -0.314961,
58.187806 -36.350897 -0.314961, 58.199103 -36.362194 -0.314961,
58.213863 -36.368308 -0.314961, 58.229838 -36.368308 -0.314961,
58.244598 -36.362194 -0.314961, 58.255895 -36.350897 -0.314961,
58.262009 -36.336137 -0.314961, 58.655709 -36.320162 -0.314961,
58.649596 -36.305402 -0.314961, 58.638299 -36.294105 -0.314961,
58.623539 -36.287991 -0.314961, 58.607563 -36.287991 -0.314961,
58.592804 -36.294105 -0.314961, 58.581507 -36.305402 -0.314961,
58.575393 -36.320162 -0.314961, 58.575393 -36.336137 -0.314961,
58.581507 -36.350897 -0.314961, 58.592804 -36.362194 -0.314961,
58.607563 -36.368308 -0.314961, 58.623539 -36.368308 -0.314961,
58.638299 -36.362194 -0.314961, 58.649596 -36.350897 -0.314961,
58.655709 -36.336137 -0.314961, 59.04941 -36.320162 -0.314961,
59.043296 -36.305402 -0.314961, 59.032 -36.294105 -0.314961,
59.01724 -36.287991 -0.314961, 59.001264 -36.287991 -0.314961,
58.986504 -36.294105 -0.314961, 58.975207 -36.305402 -0.314961,
58.969094 -36.320162 -0.314961, 58.969094 -36.336137 -0.314961,
58.975207 -36.350897 -0.314961, 58.986504 -36.362194 -0.314961,
59.001264 -36.368308 -0.314961, 59.01724 -36.368308 -0.314961,
59.032 -36.362194 -0.314961, 59.043296 -36.350897 -0.314961,
59.04941 -36.336137 -0.314961, 57.080906 -35.926461 -0.314961,
57.074793 -35.911701 -0.314961, 57.063496 -35.900404 -0.314961,
57.048736 -35.894291 -0.314961, 57.03276 -35.894291 -0.314961,
57.018 -35.900404 -0.314961, 57.006704 -35.911701 -0.314961,
57.00059 -35.926461 -0.314961, 57.00059 -35.942437 -0.314961,
57.006704 -35.957196 -0.314961, 57.018 -35.968493 -0.314961,
57.03276 -35.974607 -0.314961, 57.048736 -35.974607 -0.314961,
57.063496 -35.968493 -0.314961, 57.074793 -35.957196 -0.314961,
57.080906 -35.942437 -0.314961, 57.474607 -35.926461 -0.314961,
57.468493 -35.911701 -0.314961, 57.457196 -35.900404 -0.314961,
57.442437 -35.894291 -0.314961, 57.426461 -35.894291 -0.314961,
57.411701 -35.900404 -0.314961, 57.400404 -35.911701 -0.314961,
57.394291 -35.926461 -0.314961, 57.394291 -35.942437 -0.314961,
57.400404 -35.957196 -0.314961, 57.411701 -35.968493 -0.314961,
57.426461 -35.974607 -0.314961, 57.442437 -35.974607 -0.314961,
57.457196 -35.968493 -0.314961, 57.468493 -35.957196 -0.314961,
57.474607 -35.942437 -0.314961, 57.868308 -35.926461 -0.314961,
57.862194 -35.911701 -0.314961, 57.850897 -35.900404 -0.314961,
57.836137 -35.894291 -0.314961, 57.820162 -35.894291 -0.314961,
57.805402 -35.900404 -0.314961, 57.794105 -35.911701 -0.314961,
57.787991 -35.926461 -0.314961, 57.787991 -35.942437 -0.314961,
57.794105 -35.957196 -0.314961, 57.805402 -35.968493 -0.314961,
57.820162 -35.974607 -0.314961, 57.836137 -35.974607 -0.314961,
57.850897 -35.968493 -0.314961, 57.862194 -35.957196 -0.314961,
57.868308 -35.942437 -0.314961, 58.262009 -35.926461 -0.314961,
58.255895 -35.911701 -0.314961, 58.244598 -35.900404 -0.314961,
58.229838 -35.894291 -0.314961, 58.213863 -35.894291 -0.314961,
58.199103 -35.900404 -0.314961, 58.187806 -35.911701 -0.314961,
58.181692 -35.926461 -0.314961, 58.181692 -35.942437 -0.314961,
58.187806 -35.957196 -0.314961, 58.199103 -35.968493 -0.314961,
58.213863 -35.974607 -0.314961, 58.229838 -35.974607 -0.314961,
58.244598 -35.968493 -0.314961, 58.255895 -35.957196 -0.314961,
58.262009 -35.942437 -0.314961, 58.655709 -35.926461 -0.314961,
58.649596 -35.911701 -0.314961, 58.638299 -35.900404 -0.314961,
58.623539 -35.894291 -0.314961, 58.607563 -35.894291 -0.314961,
58.592804 -35.900404 -0.314961, 58.581507 -35.911701 -0.314961,
58.575393 -35.926461 -0.314961, 58.575393 -35.942437 -0.314961,
58.581507 -35.957196 -0.314961, 58.592804 -35.968493 -0.314961,
58.607563 -35.974607 -0.314961, 58.623539 -35.974607 -0.314961,
58.638299 -35.968493 -0.314961, 58.649596 -35.957196 -0.314961,
58.655709 -35.942437 -0.314961, 59.04941 -35.926461 -0.314961,
59.043296 -35.911701 -0.314961, 59.032 -35.900404 -0.314961,
59.01724 -35.894291 -0.314961, 59.001264 -35.894291 -0.314961,
58.986504 -35.900404 -0.314961, 58.975207 -35.911701 -0.314961,
58.969094 -35.926461 -0.314961, 58.969094 -35.942437 -0.314961,
58.975207 -35.957196 -0.314961, 58.986504 -35.968493 -0.314961,
59.001264 -35.974607 -0.314961, 59.01724 -35.974607 -0.314961,
59.032 -35.968493 -0.314961, 59.043296 -35.957196 -0.314961,
59.04941 -35.942437 -0.314961, 57.080906 -35.53276 -0.314961,
57.074793 -35.518 -0.314961, 57.063496 -35.506704 -0.314961,
57.048736 -35.50059 -0.314961, 57.03276 -35.50059 -0.314961,
57.018 -35.506704 -0.314961, 57.006704 -35.518 -0.314961,
57.00059 -35.53276 -0.314961, 57.00059 -35.548736 -0.314961,
57.006704 -35.563496 -0.314961, 57.018 -35.574793 -0.314961,
57.03276 -35.580906 -0.314961, 57.048736 -35.580906 -0.314961,
57.063496 -35.574793 -0.314961, 57.074793 -35.563496 -0.314961,
57.080906 -35.548736 -0.314961, 57.474607 -35.53276 -0.314961,
57.468493 -35.518 -0.314961, 57.457196 -35.506704 -0.314961,
57.442437 -35.50059 -0.314961, 57.426461 -35.50059 -0.314961,
57.411701 -35.506704 -0.314961, 57.400404 -35.518 -0.314961,
57.394291 -35.53276 -0.314961, 57.394291 -35.548736 -0.314961,
57.400404 -35.563496 -0.314961, 57.411701 -35.574793 -0.314961,
57.426461 -35.580906 -0.314961, 57.442437 -35.580906 -0.314961,
57.457196 -35.574793 -0.314961, 57.468493 -35.563496 -0.314961,
57.474607 -35.548736 -0.314961, 57.868308 -35.53276 -0.314961,
57.862194 -35.518 -0.314961, 57.850897 -35.506704 -0.314961,
57.836137 -35.50059 -0.314961, 57.820162 -35.50059 -0.314961,
57.805402 -35.506704 -0.314961, 57.794105 -35.518 -0.314961,
57.787991 -35.53276 -0.314961, 57.787991 -35.548736 -0.314961,
57.794105 -35.563496 -0.314961, 57.805402 -35.574793 -0.314961,
57.820162 -35.580906 -0.314961, 57.836137 -35.580906 -0.314961,
57.850897 -35.574793 -0.314961, 57.862194 -35.563496 -0.314961,
57.868308 -35.548736 -0.314961, 58.262009 -35.53276 -0.314961,
58.255895 -35.518 -0.314961, 58.244598 -35.506704 -0.314961,
58.229838 -35.50059 -0.314961, 58.213863 -35.50059 -0.314961,
58.199103 -35.506704 -0.314961, 58.187806 -35.518 -0.314961,
58.181692 -35.53276 -0.314961, 58.181692 -35.548736 -0.314961,
58.187806 -35.563496 -0.314961, 58.199103 -35.574793 -0.314961,
58.213863 -35.580906 -0.314961, 58.229838 -35.580906 -0.314961,
58.244598 -35.574793 -0.314961, 58.255895 -35.563496 -0.314961,
58.262009 -35.548736 -0.314961, 58.655709 -35.53276 -0.314961,
58.649596 -35.518 -0.314961, 58.638299 -35.506704 -0.314961,
58.623539 -35.50059 -0.314961, 58.607563 -35.50059 -0.314961,
58.592804 -35.506704 -0.314961, 58.581507 -35.518 -0.314961,
58.575393 -35.53276 -0.314961, 58.575393 -35.548736 -0.314961,
58.581507 -35.563496 -0.314961, 58.592804 -35.574793 -0.314961,
58.607563 -35.580906 -0.314961, 58.623539 -35.580906 -0.314961,
58.638299 -35.574793 -0.314961, 58.649596 -35.563496 -0.314961,
58.655709 -35.548736 -0.314961, 52.881377 -39.946954 -0.314961,
52.881382 -39.946953 -0.314961, 52.942266 -39.934843 -0.314961,
52.942267 -39.934843 -0.314961, 53.004347 -39.934843 -0.314961,
53.004348 -39.934843 -0.314961, 53.065232 -39.946953 -0.314961,
53.065237 -39.946954 -0.314961, 53.122587 -39.970709 -0.314961,
53.122593 -39.970712 -0.314961, 53.174208 -40.005201 -0.314961,
53.174209 -40.005202 -0.314961, 53.218105 -40.049097 -0.314961,
53.218106 -40.049099 -0.314961, 53.252594 -40.100714 -0.314961,
53.252597 -40.100719 -0.314961, 53.259565 -40.117541 -0.314961,
53.276353 -40.158072 -0.314961, 53.281886 -40.185889 -0.314961,
53.288464 -40.218958 -0.314961, 53.288465 -40.218959 -0.314961,
53.288465 -40.21896 -0.314961, 53.288465 -40.28104 -0.314961,
53.276353 -40.341928 -0.314961, 53.252596 -40.399283 -0.314961,
53.218106 -40.450901 -0.314961, 53.174208 -40.494799 -0.314961,
53.12259 -40.529289 -0.314961, 53.065235 -40.553046 -0.314961,
53.004348 -40.565157 -0.314961, 53.004348 -40.565157 -0.314961,
52.942267 -40.565157 -0.314961, 52.942266 -40.565157 -0.314961,
52.942265 -40.565157 -0.314961, 52.881379 -40.553046 -0.314961,
52.853315 -40.541422 -0.314961, 52.824026 -40.52929 -0.314961,
52.824021 -40.529287 -0.314961, 52.772406 -40.494799 -0.314961,
52.772404 -40.494798 -0.314961, 52.728509 -40.450902 -0.314961,
52.728508 -40.450901 -0.314961, 52.694019 -40.399285 -0.314961,
52.694017 -40.39928 -0.314961, 52.670261 -40.34193 -0.314961,
52.67026 -40.341925 -0.314961, 52.65815 -40.281042 -0.314961,
52.65815 -40.218958 -0.314961, 52.67026 -40.158075 -0.314961,
52.670261 -40.15807 -0.314961, 52.694017 -40.100719 -0.314961,
52.694019 -40.100714 -0.314961, 52.728508 -40.049099 -0.314961,
52.728509 -40.049097 -0.314961, 52.772404 -40.005202 -0.314961,
52.772406 -40.005201 -0.314961, 52.824021 -39.970712 -0.314961,
52.824026 -39.970709 -0.314961, 52.860709 -38.161811 -0.314961,
52.859228 -38.174952 -0.314961, 52.85486 -38.187434 -0.314961,
52.847825 -38.198631 -0.314961, 52.838474 -38.207982 -0.314961,
52.827277 -38.215018 -0.314961, 52.814795 -38.219386 -0.314961,
52.801654 -38.220866 -0.314961, 52.788513 -38.219386 -0.314961,
52.77603 -38.215018 -0.314961, 52.764833 -38.207982 -0.314961,
52.755482 -38.198631 -0.314961, 52.748447 -38.187434 -0.314961,
52.744079 -38.174952 -0.314961, 52.742598 -38.161811 -0.314961,
52.744079 -38.14867 -0.314961, 52.748447 -38.136188 -0.314961,
52.755482 -38.124991 -0.314961, 52.764833 -38.11564 -0.314961,
52.77603 -38.108604 -0.314961, 52.788513 -38.104237 -0.314961,
52.801654 -38.102756 -0.314961, 52.814795 -38.104237 -0.314961,
52.827277 -38.108604 -0.314961, 52.838474 -38.11564 -0.314961,
52.847825 -38.124991 -0.314961, 52.85486 -38.136188 -0.314961,
52.859228 -38.14867 -0.314961, 58.966078 -40.357563 -0.314961,
58.966078 -40.357565 -0.314961, 58.978461 -40.451628 -0.314961,
58.978543 -40.452249 -0.314961, 58.978543 -40.547751 -0.314961,
58.966078 -40.642437 -0.314961, 58.94136 -40.734685 -0.314961,
58.904813 -40.822918 -0.314961, 58.857061 -40.905626 -0.314961,
58.798923 -40.981393 -0.314961, 58.731393 -41.048923 -0.314961,
58.655626 -41.107061 -0.314961, 58.572918 -41.154813 -0.314961,
58.484685 -41.19136 -0.314961, 58.392437 -41.216078 -0.314961,
58.316688 -41.22605 -0.314961, 58.297752 -41.228543 -0.314961,
58.202249 -41.228543 -0.314961, 58.202248 -41.228543 -0.314961,
58.178577 -41.225427 -0.314961, 58.107563 -41.216078 -0.314961,
58.015315 -41.19136 -0.314961, 57.927082 -41.154813 -0.314961,
57.844374 -41.107061 -0.314961, 57.813119 -41.083078 -0.314961,
57.768607 -41.048924 -0.314961, 57.768605 -41.048921 -0.314961,
57.701078 -40.981395 -0.314961, 57.701076 -40.981392 -0.314961,
57.64294 -40.905627 -0.314961, 57.642939 -40.905627 -0.314961,
57.642939 -40.905626 -0.314961, 57.595187 -40.822918 -0.314961,
57.593715 -40.819364 -0.314961, 57.558641 -40.734687 -0.314961,
57.533922 -40.642435 -0.314961, 57.521457 -40.547751 -0.314961,
57.521457 -40.452248 -0.314961, 57.533922 -40.357565 -0.314961,
57.558641 -40.265313 -0.314961, 57.595186 -40.177084 -0.314961,
57.595188 -40.177081 -0.314961, 57.64294 -40.094372 -0.314961,
57.701076 -40.018607 -0.314961, 57.701078 -40.018605 -0.314961,
57.768605 -39.951078 -0.314961, 57.768607 -39.951076 -0.314961,
57.844372 -39.89294 -0.314961, 57.927081 -39.845188 -0.314961,
57.927084 -39.845186 -0.314961, 58.015313 -39.808641 -0.314961,
58.107565 -39.783922 -0.314961, 58.202248 -39.771457 -0.314961,
58.202249 -39.771457 -0.314961, 58.297751 -39.771457 -0.314961,
58.297752 -39.771457 -0.314961, 58.392435 -39.783922 -0.314961,
58.484687 -39.808641 -0.314961, 58.572915 -39.845186 -0.314961,
58.572919 -39.845188 -0.314961, 58.588056 -39.853927 -0.314961,
58.655626 -39.892939 -0.314961, 58.655627 -39.892939 -0.314961,
58.655627 -39.89294 -0.314961, 58.731392 -39.951076 -0.314961,
58.731395 -39.951078 -0.314961, 58.798921 -40.018605 -0.314961,
58.798924 -40.018607 -0.314961, 58.857059 -40.094371 -0.314961,
58.857061 -40.094374 -0.314961, 58.870436 -40.117541 -0.314961,
58.904813 -40.177082 -0.314961, 58.94136 -40.265315 -0.314961,
54.708618 -34.905783 -0.314961, 54.66472 -34.949681 -0.314961,
54.613102 -34.984171 -0.314961, 54.555747 -35.007928 -0.314961,
54.49486 -35.020039 -0.314961, 54.49486 -35.020039 -0.314961,
54.432779 -35.020039 -0.314961, 54.432778 -35.020039 -0.314961,
54.432777 -35.020039 -0.314961, 54.371891 -35.007928 -0.314961,
54.371889 -35.007927 -0.314961, 54.314538 -34.984172 -0.314961,
54.314533 -34.984169 -0.314961, 54.262918 -34.949681 -0.314961,
54.262916 -34.94968 -0.314961, 54.219021 -34.905784 -0.314961,
54.21902 -34.905783 -0.314961, 54.184531 -34.854167 -0.314961,
54.184528 -34.854162 -0.314961, 54.160773 -34.796811 -0.314961,
54.160772 -34.796807 -0.314961, 54.148661 -34.735924 -0.314961,
54.148661 -34.67384 -0.314961, 54.160772 -34.612957 -0.314961,
54.160773 -34.612952 -0.314961, 54.184528 -34.555601 -0.314961,
54.184531 -34.555596 -0.314961, 54.21902 -34.503981 -0.314961,
54.219021 -34.503979 -0.314961, 54.262916 -34.460084 -0.314961,
54.262918 -34.460083 -0.314961, 54.314533 -34.425594 -0.314961,
54.314538 -34.425591 -0.314961, 54.371889 -34.401836 -0.314961,
54.371894 -34.401835 -0.314961, 54.432778 -34.389724 -0.314961,
54.432779 -34.389724 -0.314961, 54.494859 -34.389724 -0.314961,
54.49486 -34.389724 -0.314961, 54.555744 -34.401835 -0.314961,
54.555748 -34.401836 -0.314961, 54.613099 -34.425591 -0.314961,
54.613104 -34.425594 -0.314961, 54.66472 -34.460083 -0.314961,
54.664721 -34.460084 -0.314961, 54.708617 -34.503979 -0.314961,
54.708618 -34.503981 -0.314961, 54.743106 -34.555596 -0.314961,
54.743109 -34.555601 -0.314961, 54.752637 -34.578605 -0.314961,
54.766865 -34.612954 -0.314961, 54.768764 -34.622503 -0.314961,
54.778976 -34.67384 -0.314961, 54.778976 -34.673841 -0.314961,
54.778976 -34.673842 -0.314961, 54.778976 -34.735922 -0.314961,
54.766865 -34.79681 -0.314961, 54.743108 -34.854165 -0.314961,
54.553858 -35.190157 -0.314961, 54.540717 -35.188677 -0.314961,
54.528235 -35.184309 -0.314961, 54.517038 -35.177274 -0.314961,
54.507687 -35.167923 -0.314961, 54.500651 -35.156725 -0.314961,
54.496284 -35.144243 -0.314961, 54.494803 -35.131102 -0.314961,
54.496284 -35.117961 -0.314961, 54.500651 -35.105479 -0.314961,
54.507687 -35.094282 -0.314961, 54.517038 -35.084931 -0.314961,
54.528235 -35.077896 -0.314961, 54.540717 -35.073528 -0.314961,
54.553858 -35.072047 -0.314961, 54.566999 -35.073528 -0.314961,
54.579481 -35.077896 -0.314961, 54.590679 -35.084931 -0.314961,
54.600029 -35.094282 -0.314961, 54.607065 -35.105479 -0.314961,
54.611433 -35.117961 -0.314961, 54.612913 -35.131102 -0.314961,
54.611433 -35.144243 -0.314961, 54.607065 -35.156725 -0.314961,
54.600029 -35.167923 -0.314961, 54.590679 -35.177274 -0.314961,
54.579481 -35.184309 -0.314961, 54.566999 -35.188677 -0.314961,
54.557756 -35.839764 -0.314961, 54.559237 -35.826623 -0.314961,
54.563604 -35.814141 -0.314961, 54.57064 -35.802944 -0.314961,
54.579991 -35.793593 -0.314961, 54.591188 -35.786557 -0.314961,
54.60367 -35.782189 -0.314961, 54.616811 -35.780709 -0.314961,
54.629952 -35.782189 -0.314961, 54.642434 -35.786557 -0.314961,
54.653631 -35.793593 -0.314961, 54.662982 -35.802944 -0.314961,
54.670018 -35.814141 -0.314961, 54.674386 -35.826623 -0.314961,
54.675866 -35.839764 -0.314961, 54.674386 -35.852905 -0.314961,
54.670018 -35.865387 -0.314961, 54.662982 -35.876584 -0.314961,
54.653631 -35.885935 -0.314961, 54.642434 -35.892971 -0.314961,
54.629952 -35.897338 -0.314961, 54.616811 -35.898819 -0.314961,
54.60367 -35.897338 -0.314961, 54.591188 -35.892971 -0.314961,
54.579991 -35.885935 -0.314961, 54.57064 -35.876584 -0.314961,
54.563604 -35.865387 -0.314961, 54.559237 -35.852905 -0.314961,
53.392437 -33.216078 -0.314961, 53.316688 -33.22605 -0.314961,
53.297752 -33.228543 -0.314961, 53.202249 -33.228543 -0.314961,
53.202248 -33.228543 -0.314961, 53.178577 -33.225427 -0.314961,
53.107563 -33.216078 -0.314961, 53.015315 -33.19136 -0.314961,
52.927082 -33.154813 -0.314961, 52.844374 -33.107061 -0.314961,
52.768607 -33.048923 -0.314961, 52.768605 -33.048921 -0.314961,
52.701078 -32.981395 -0.314961, 52.701076 -32.981392 -0.314961,
52.64294 -32.905627 -0.314961, 52.642939 -32.905627 -0.314961,
52.642939 -32.905626 -0.314961, 52.595187 -32.822918 -0.314961,
52.590664 -32.811997 -0.314961, 52.558641 -32.734687 -0.314961,
52.533922 -32.642435 -0.314961, 52.521457 -32.547751 -0.314961,
52.521457 -32.452248 -0.314961, 52.533922 -32.357565 -0.314961,
52.558641 -32.265313 -0.314961, 52.595186 -32.177084 -0.314961,
52.595188 -32.177081 -0.314961, 52.64294 -32.094372 -0.314961,
52.701076 -32.018607 -0.314961, 52.701078 -32.018605 -0.314961,
52.768605 -31.951078 -0.314961, 52.768607 -31.951076 -0.314961,
52.844372 -31.89294 -0.314961, 52.927081 -31.845188 -0.314961,
52.927084 -31.845186 -0.314961, 53.015313 -31.808641 -0.314961,
53.107565 -31.783922 -0.314961, 53.202248 -31.771457 -0.314961,
53.202249 -31.771457 -0.314961, 53.297751 -31.771457 -0.314961,
53.297752 -31.771457 -0.314961, 53.392435 -31.783922 -0.314961,
53.484687 -31.808641 -0.314961, 53.53993 -31.831523 -0.314961,
53.572918 -31.845187 -0.314961, 53.655626 -31.892939 -0.314961,
53.655627 -31.892939 -0.314961, 53.655627 -31.89294 -0.314961,
53.731392 -31.951076 -0.314961, 53.731395 -31.951078 -0.314961,
53.798921 -32.018605 -0.314961, 53.798923 -32.018607 -0.314961,
53.857061 -32.094374 -0.314961, 53.904813 -32.177082 -0.314961,
53.94136 -32.265315 -0.314961, 53.966078 -32.357563 -0.314961,
53.978543 -32.452248 -0.314961, 53.978543 -32.452249 -0.314961,
53.978543 -32.547751 -0.314961, 53.966078 -32.642437 -0.314961,
53.94136 -32.734685 -0.314961, 53.904813 -32.822918 -0.314961,
53.857061 -32.905626 -0.314961, 53.798923 -32.981393 -0.314961,
53.731393 -33.048923 -0.314961, 53.655626 -33.107061 -0.314961,
53.572918 -33.154813 -0.314961, 53.484685 -33.19136 -0.314961,
53.455079 -40.188386 -0.314961, 53.456559 -40.175245 -0.314961,
53.460927 -40.162763 -0.314961, 53.467963 -40.151566 -0.314961,
53.477314 -40.142215 -0.314961, 53.488511 -40.135179 -0.314961,
53.500993 -40.130811 -0.314961, 53.514134 -40.129331 -0.314961,
53.527275 -40.130811 -0.314961, 53.539757 -40.135179 -0.314961,
53.550954 -40.142215 -0.314961, 53.560305 -40.151566 -0.314961,
53.567341 -40.162763 -0.314961, 53.571708 -40.175245 -0.314961,
53.573189 -40.188386 -0.314961, 53.571708 -40.201527 -0.314961,
53.567341 -40.214009 -0.314961, 53.560305 -40.225206 -0.314961,
53.550954 -40.234557 -0.314961, 53.539757 -40.241593 -0.314961,
53.527275 -40.24596 -0.314961, 53.514134 -40.247441 -0.314961,
53.500993 -40.24596 -0.314961, 53.488511 -40.241593 -0.314961,
53.477314 -40.234557 -0.314961, 53.467963 -40.225206 -0.314961,
53.460927 -40.214009 -0.314961, 53.456559 -40.201527 -0.314961,
53.829094 -39.688386 -0.314961, 53.830575 -39.675245 -0.314961,
53.834943 -39.662763 -0.314961, 53.841978 -39.651566 -0.314961,
53.851329 -39.642215 -0.314961, 53.862527 -39.635179 -0.314961,
53.875009 -39.630811 -0.314961, 53.88815 -39.629331 -0.314961,
53.901291 -39.630811 -0.314961, 53.913773 -39.635179 -0.314961,
53.92497 -39.642215 -0.314961, 53.934321 -39.651566 -0.314961,
53.941356 -39.662763 -0.314961, 53.945724 -39.675245 -0.314961,
53.947205 -39.688386 -0.314961, 53.945724 -39.701527 -0.314961,
53.941356 -39.714009 -0.314961, 53.934321 -39.725206 -0.314961,
53.92497 -39.734557 -0.314961, 53.913773 -39.741593 -0.314961,
53.901291 -39.74596 -0.314961, 53.88815 -39.747441 -0.314961,
53.875009 -39.74596 -0.314961, 53.862527 -39.741593 -0.314961,
53.851329 -39.734557 -0.314961, 53.841978 -39.725206 -0.314961,
53.834943 -39.714009 -0.314961, 53.830575 -39.701527 -0.314961,
54.515787 -37.053937 -0.314961, 54.517268 -37.040796 -0.314961,
54.521636 -37.028314 -0.314961, 54.528671 -37.017117 -0.314961,
54.538022 -37.007766 -0.314961, 54.549219 -37.00073 -0.314961,
54.561702 -36.996363 -0.314961, 54.574843 -36.994882 -0.314961,
54.587984 -36.996363 -0.314961, 54.600466 -37.00073 -0.314961,
54.611663 -37.007766 -0.314961, 54.621014 -37.017117 -0.314961,
54.628049 -37.028314 -0.314961, 54.632417 -37.040796 -0.314961,
54.633898 -37.053937 -0.314961, 54.632417 -37.067078 -0.314961,
54.628049 -37.07956 -0.314961, 54.621014 -37.090757 -0.314961,
54.611663 -37.100108 -0.314961, 54.600466 -37.107144 -0.314961,
54.587984 -37.111511 -0.314961, 54.574843 -37.112992 -0.314961,
54.561702 -37.111511 -0.314961, 54.549219 -37.107144 -0.314961,
54.538022 -37.100108 -0.314961, 54.528671 -37.090757 -0.314961,
54.521636 -37.07956 -0.314961, 54.517268 -37.067078 -0.314961,
62.845748 -34.838189 -0.314961, 62.847229 -34.825048 -0.314961,
62.851596 -34.812566 -0.314961, 62.858632 -34.801369 -0.314961,
62.867983 -34.792018 -0.314961, 62.87918 -34.784982 -0.314961,
62.891662 -34.780614 -0.314961, 62.904803 -34.779134 -0.314961,
62.917944 -34.780614 -0.314961, 62.930426 -34.784982 -0.314961,
62.941623 -34.792018 -0.314961, 62.950974 -34.801369 -0.314961,
62.95801 -34.812566 -0.314961, 62.962378 -34.825048 -0.314961,
62.963858 -34.838189 -0.314961, 62.962378 -34.85133 -0.314961,
62.95801 -34.863812 -0.314961, 62.950974 -34.875009 -0.314961,
62.941623 -34.88436 -0.314961, 62.930426 -34.891396 -0.314961,
62.917944 -34.895763 -0.314961, 62.904803 -34.897244 -0.314961,
62.891662 -34.895763 -0.314961, 62.87918 -34.891396 -0.314961,
62.867983 -34.88436 -0.314961, 62.858632 -34.875009 -0.314961,
62.851596 -34.863812 -0.314961, 62.847229 -34.85133 -0.314961,
62.797752 -33.228543 -0.314961, 62.702249 -33.228543 -0.314961,
62.702248 -33.228543 -0.314961, 62.678577 -33.225427 -0.314961,
62.607563 -33.216078 -0.314961, 62.515315 -33.19136 -0.314961,
62.427082 -33.154813 -0.314961, 62.344374 -33.107061 -0.314961,
62.268607 -33.048923 -0.314961, 62.268605 -33.048921 -0.314961,
62.201078 -32.981395 -0.314961, 62.201076 -32.981392 -0.314961,
62.14294 -32.905627 -0.314961, 62.142939 -32.905627 -0.314961,
62.142939 -32.905626 -0.314961, 62.095187 -32.822918 -0.314961,
62.090664 -32.811997 -0.314961, 62.058641 -32.734687 -0.314961,
62.033922 -32.642435 -0.314961, 62.021457 -32.547751 -0.314961,
62.021457 -32.452248 -0.314961, 62.033922 -32.357565 -0.314961,
62.058641 -32.265313 -0.314961, 62.095186 -32.177084 -0.314961,
62.095188 -32.177081 -0.314961, 62.14294 -32.094372 -0.314961,
62.201076 -32.018607 -0.314961, 62.201078 -32.018605 -0.314961,
62.268605 -31.951078 -0.314961, 62.268607 -31.951076 -0.314961,
62.344372 -31.89294 -0.314961, 62.427081 -31.845188 -0.314961,
62.427084 -31.845186 -0.314961, 62.515313 -31.808641 -0.314961,
62.607565 -31.783922 -0.314961, 62.702248 -31.771457 -0.314961,
62.702249 -31.771457 -0.314961, 62.797751 -31.771457 -0.314961,
62.797752 -31.771457 -0.314961, 62.892435 -31.783922 -0.314961,
62.984687 -31.808641 -0.314961, 63.03993 -31.831523 -0.314961,
63.072918 -31.845187 -0.314961, 63.155626 -31.892939 -0.314961,
63.155627 -31.892939 -0.314961, 63.155627 -31.89294 -0.314961,
63.231392 -31.951076 -0.314961, 63.231395 -31.951078 -0.314961,
63.298921 -32.018605 -0.314961, 63.298923 -32.018607 -0.314961,
63.357061 -32.094374 -0.314961, 63.404813 -32.177082 -0.314961,
63.44136 -32.265315 -0.314961, 63.466078 -32.357563 -0.314961,
63.478543 -32.452249 -0.314961, 63.478543 -32.547751 -0.314961,
63.466078 -32.642437 -0.314961, 63.44136 -32.734685 -0.314961,
63.404813 -32.822918 -0.314961, 63.357061 -32.905626 -0.314961,
63.298923 -32.981393 -0.314961, 63.231393 -33.048923 -0.314961,
63.155626 -33.107061 -0.314961, 63.072918 -33.154813 -0.314961,
62.984685 -33.19136 -0.314961, 62.892437 -33.216078 -0.314961,
62.816688 -33.22605 -0.314961, 62.803071 -38.204488 -0.314961,
62.804552 -38.191347 -0.314961, 62.808919 -38.178865 -0.314961,
62.815955 -38.167668 -0.314961, 62.825306 -38.158317 -0.314961,
62.836503 -38.151281 -0.314961, 62.848985 -38.146914 -0.314961,
62.862126 -38.145433 -0.314961, 62.875267 -38.146914 -0.314961,
62.887749 -38.151281 -0.314961, 62.898946 -38.158317 -0.314961,
62.908297 -38.167668 -0.314961, 62.915333 -38.178865 -0.314961,
62.9197 -38.191347 -0.314961, 62.921181 -38.204488 -0.314961,
62.9197 -38.217629 -0.314961, 62.915333 -38.230111 -0.314961,
62.908297 -38.241308 -0.314961, 62.898946 -38.250659 -0.314961,
62.887749 -38.257695 -0.314961, 62.875267 -38.262063 -0.314961,
62.862126 -38.263543 -0.314961, 62.848985 -38.262063 -0.314961,
62.836503 -38.257695 -0.314961, 62.825306 -38.250659 -0.314961,
62.815955 -38.241308 -0.314961, 62.808919 -38.230111 -0.314961,
62.804552 -38.217629 -0.314961, 61.830143 -37.011772 -0.314961,
61.830142 -37.011767 -0.314961, 61.818031 -36.950884 -0.314961,
61.818031 -36.8888 -0.314961, 61.830142 -36.827917 -0.314961,
61.830143 -36.827913 -0.314961, 61.853898 -36.770562 -0.314961,
61.853901 -36.770557 -0.314961, 61.88839 -36.718941 -0.314961,
61.888391 -36.71894 -0.314961, 61.932286 -36.675044 -0.314961,
61.932288 -36.675043 -0.314961, 61.983903 -36.640555 -0.314961,
61.983908 -36.640552 -0.314961, 62.041259 -36.616797 -0.314961,
62.041264 -36.616796 -0.314961, 62.102148 -36.604685 -0.314961,
62.102149 -36.604685 -0.314961, 62.164229 -36.604685 -0.314961,
62.16423 -36.604685 -0.314961, 62.225114 -36.616796 -0.314961,
62.225119 -36.616797 -0.314961, 62.282469 -36.640552 -0.314961,
62.282474 -36.640555 -0.314961, 62.33409 -36.675043 -0.314961,
62.334091 -36.675044 -0.314961, 62.377987 -36.71894 -0.314961,
62.377988 -36.718941 -0.314961, 62.412476 -36.770557 -0.314961,
62.412479 -36.770562 -0.314961, 62.430352 -36.813712 -0.314961,
62.436235 -36.827915 -0.314961, 62.436235 -36.827917 -0.314961,
62.448346 -36.8888 -0.314961, 62.448346 -36.888801 -0.314961,
62.448346 -36.888802 -0.314961, 62.448346 -36.950883 -0.314961,
62.436235 -37.01177 -0.314961, 62.412478 -37.069126 -0.314961,
62.377988 -37.120744 -0.314961, 62.33409 -37.164641 -0.314961,
62.282472 -37.199131 -0.314961, 62.225117 -37.222889 -0.314961,
62.16423 -37.235 -0.314961, 62.16423 -37.235 -0.314961,
62.102149 -37.235 -0.314961, 62.102148 -37.235 -0.314961,
62.102147 -37.235 -0.314961, 62.041261 -37.222889 -0.314961,
62.041259 -37.222888 -0.314961, 61.983908 -37.199133 -0.314961,
61.983903 -37.19913 -0.314961, 61.932288 -37.164641 -0.314961,
61.932286 -37.16464 -0.314961, 61.888391 -37.120745 -0.314961,
61.88839 -37.120743 -0.314961, 61.853901 -37.069128 -0.314961,
61.853898 -37.069123 -0.314961, 61.849803 -39.717913 -0.314961,
61.851284 -39.704772 -0.314961, 61.855651 -39.69229 -0.314961,
61.862687 -39.681093 -0.314961, 61.872038 -39.671742 -0.314961,
61.883235 -39.664707 -0.314961, 61.895717 -39.660339 -0.314961,
61.908858 -39.658858 -0.314961, 61.921999 -39.660339 -0.314961,
61.934481 -39.664707 -0.314961, 61.945679 -39.671742 -0.314961,
61.955029 -39.681093 -0.314961, 61.962065 -39.69229 -0.314961,
61.966433 -39.704772 -0.314961, 61.967913 -39.717913 -0.314961,
61.966433 -39.731054 -0.314961, 61.962065 -39.743536 -0.314961,
61.955029 -39.754734 -0.314961, 61.945679 -39.764085 -0.314961,
61.934481 -39.77112 -0.314961, 61.921999 -39.775488 -0.314961,
61.908858 -39.776969 -0.314961, 61.895717 -39.775488 -0.314961,
61.883235 -39.77112 -0.314961, 61.872038 -39.764085 -0.314961,
61.862687 -39.754734 -0.314961, 61.855651 -39.743536 -0.314961,
61.851284 -39.731054 -0.314961, 59.247244 -35.509416 -0.314961,
59.247244 -35.57208 -0.314961, 59.231025 -35.632609 -0.314961,
59.199693 -35.686879 -0.314961, 59.183493 -35.703078 -0.314961,
59.173827 -35.718119 -0.314961, 59.172589 -35.719711 -0.314961,
59.172554 -35.720098 -0.314961, 59.172273 -35.720537 -0.314961,
59.171322 -35.733826 -0.314961, 59.17013 -35.747109 -0.314961,
59.170343 -35.747516 -0.314961, 59.17031 -35.747975 -0.314961,
59.176698 -35.759674 -0.314961, 59.177806 -35.761793 -0.314961,
59.182873 -35.771487 -0.314961, 59.183193 -35.771818 -0.314961,
59.199693 -35.788318 -0.314961, 59.200569 -35.789836 -0.314961,
59.20057 -35.789837 -0.314961, 59.212287 -35.810133 -0.314961,
59.231025 -35.842587 -0.314961, 59.247244 -35.903117 -0.314961,
59.247244 -35.965781 -0.314961, 59.231025 -36.02631 -0.314961,
59.199693 -36.08058 -0.314961, 59.184393 -36.09588 -0.314961,
59.183493 -36.096779 -0.314961, 59.172272 -36.114239 -0.314961,
59.17031 -36.141676 -0.314961, 59.183493 -36.165819 -0.314961,
59.199692 -36.182018 -0.314961, 59.199694 -36.18202 -0.314961,
59.215359 -36.209154 -0.314961, 59.231025 -36.236288 -0.314961,
59.247244 -36.296817 -0.314961, 59.247244 -36.359482 -0.314961,
59.231025 -36.420011 -0.314961, 59.199693 -36.47428 -0.314961,
59.183493 -36.49048 -0.314961, 59.172272 -36.507939 -0.314961,
59.17031 -36.535377 -0.314961, 59.183493 -36.55952 -0.314961,
59.199692 -36.575719 -0.314961, 59.199694 -36.575721 -0.314961,
59.215359 -36.602854 -0.314961, 59.231025 -36.629989 -0.314961,
59.247244 -36.690518 -0.314961, 59.247244 -36.753183 -0.314961,
59.231025 -36.813712 -0.314961, 59.199693 -36.867981 -0.314961,
59.182081 -36.885593 -0.314961, 59.180794 -36.887109 -0.314961,
59.179802 -36.8888 -0.314961, 59.176773 -36.893966 -0.314961,
59.173402 -36.898874 -0.314961, 59.173257 -36.899961 -0.314961,
59.172272 -36.90164 -0.314961, 59.171393 -36.913929 -0.314961,
59.169765 -36.926141 -0.314961, 59.17042 -36.927538 -0.314961,
59.17031 -36.929078 -0.314961, 59.176213 -36.939888 -0.314961,
59.181446 -36.951044 -0.314961, 59.182753 -36.951866 -0.314961,
59.183493 -36.953221 -0.314961, 59.199692 -36.96942 -0.314961,
59.199694 -36.969422 -0.314961, 59.215359 -36.996555 -0.314961,
59.231025 -37.02369 -0.314961, 59.247244 -37.084219 -0.314961,
59.247244 -37.146883 -0.314961, 59.231025 -37.207413 -0.314961,
59.199693 -37.261682 -0.314961, 59.183493 -37.277881 -0.314961,
59.172272 -37.295341 -0.314961, 59.17031 -37.322779 -0.314961,
59.183493 -37.346922 -0.314961, 59.199692 -37.36312 -0.314961,
59.199694 -37.363122 -0.314961, 59.209874 -37.380756 -0.314961,
59.231025 -37.417391 -0.314961, 59.247244 -37.47792 -0.314961,
59.247244 -37.540584 -0.314961, 59.231025 -37.601113 -0.314961,
59.199693 -37.655383 -0.314961, 59.155383 -37.699693 -0.314961,
59.101113 -37.731025 -0.314961, 59.040584 -37.747244 -0.314961,
59.040583 -37.747244 -0.314961, 58.977921 -37.747244 -0.314961,
58.97792 -37.747244 -0.314961, 58.917391 -37.731025 -0.314961,
58.876262 -37.70728 -0.314961, 58.863122 -37.699694 -0.314961,
58.863122 -37.699693 -0.314961, 58.863121 -37.699693 -0.314961,
58.846922 -37.683493 -0.314961, 58.829462 -37.672272 -0.314961,
58.802024 -37.67031 -0.314961, 58.777881 -37.683493 -0.314961,
58.761682 -37.699693 -0.314961, 58.707413 -37.731025 -0.314961,
58.646883 -37.747244 -0.314961, 58.646882 -37.747244 -0.314961,
58.58422 -37.747244 -0.314961, 58.584219 -37.747244 -0.314961,
58.52369 -37.731025 -0.314961, 58.482561 -37.70728 -0.314961,
58.469422 -37.699694 -0.314961, 58.469421 -37.699693 -0.314961,
58.46942 -37.699693 -0.314961, 58.453221 -37.683493 -0.314961,
58.435761 -37.672272 -0.314961, 58.408324 -37.67031 -0.314961,
58.384181 -37.683493 -0.314961, 58.367981 -37.699693 -0.314961,
58.313712 -37.731025 -0.314961, 58.253183 -37.747244 -0.314961,
58.253181 -37.747244 -0.314961, 58.187319 -37.747244 -0.314961,
58.187319 -37.747884 -0.314961, 58.176665 -37.748323 -0.314961,
58.152523 -37.761506 -0.314961, 58.098122 -37.815907 -0.314961,
58.098121 -37.815908 -0.314961, 58.094102 -37.819927 -0.314961,
58.094102 -37.819928 -0.314961, 58.050085 -37.863945 -0.314961,
58.015907 -37.883677 -0.314961, 57.996175 -37.89507 -0.314961,
57.936046 -37.911181 -0.314961, 57.936045 -37.911181 -0.314961,
57.873796 -37.911181 -0.314961, 57.870806 -37.911181 -0.314961,
57.8708 -37.911181 -0.314961, 57.576356 -37.911181 -0.314961,
57.175135 -37.911181 -0.314961, 57.175135 -37.911181 -0.314961,
57.159023 -37.906864 -0.314961, 57.115006 -37.89507 -0.314961,
57.115004 -37.895068 -0.314961, 57.061098 -37.863946 -0.314961,
57.061097 -37.863945 -0.314961, 57.061096 -37.863945 -0.314961,
57.017079 -37.819928 -0.314961, 57.017078 -37.819927 -0.314961,
57.015374 -37.818222 -0.314961, 57.01537 -37.818218 -0.314961,
56.904431 -37.70728 -0.314961, 56.897128 -37.701676 -0.314961,
56.897156 -37.701641 -0.314961, 56.894619 -37.699694 -0.314961,
56.894617 -37.699693 -0.314961, 56.850307 -37.655383 -0.314961,
56.850307 -37.655382 -0.314961, 56.850306 -37.655381 -0.314961,
56.818975 -37.601114 -0.314961, 56.818975 -37.601114 -0.314961,
56.81492 -37.585981 -0.314961, 56.802756 -37.540584 -0.314961,
56.802756 -37.47792 -0.314961, 56.810865 -37.447655 -0.314961,
56.818975 -37.41739 -0.314961, 56.818975 -37.417389 -0.314961,
56.824022 -37.408647 -0.314961, 56.824591 -37.407635 -0.314961,
56.830438 -37.380756 -0.314961, 56.820825 -37.354983 -0.314961,
56.798804 -37.338498 -0.314961, 56.771366 -37.336536 -0.314961,
56.747224 -37.349718 -0.314961, 55.848864 -38.248079 -0.314961,
55.842317 -38.256204 -0.314961, 55.834567 -38.282597 -0.314961,
55.834567 -40.452248 -0.314961, 55.834567 -40.514069 -0.314961,
55.834575 -40.51494 -0.314961, 55.834792 -40.515633 -0.314961,
55.836544 -40.527822 -0.314961, 55.84057 -40.534086 -0.314961,
55.842794 -40.541191 -0.314961, 55.877437 -40.593037 -0.314961,
55.87744 -40.593042 -0.314961, 55.897899 -40.642437 -0.314961,
55.901196 -40.650395 -0.314961, 55.901196 -40.650398 -0.314961,
55.913307 -40.711281 -0.314961, 55.913307 -40.711281 -0.314961,
55.913307 -40.711283 -0.314961, 55.913307 -40.773363 -0.314961,
55.901196 -40.834251 -0.314961, 55.877439 -40.891606 -0.314961,
55.842948 -40.943224 -0.314961, 55.799051 -40.987122 -0.314961,
55.747433 -41.021612 -0.314961, 55.690078 -41.045369 -0.314961,
55.629191 -41.05748 -0.314961, 55.629191 -41.05748 -0.314961,
55.567109 -41.05748 -0.314961, 55.567109 -41.05748 -0.314961,
55.567107 -41.05748 -0.314961, 55.506222 -41.045369 -0.314961,
55.50622 -41.045368 -0.314961, 55.448869 -41.021613 -0.314961,
55.448864 -41.02161 -0.314961, 55.397248 -40.987122 -0.314961,
55.397247 -40.98712 -0.314961, 55.353352 -40.943225 -0.314961,
55.35335 -40.943224 -0.314961, 55.318862 -40.891608 -0.314961,
55.318859 -40.891603 -0.314961, 55.295104 -40.834252 -0.314961,
55.295103 -40.834248 -0.314961, 55.282992 -40.773365 -0.314961,
55.282992 -40.711281 -0.314961, 55.295103 -40.650398 -0.314961,
55.295104 -40.650393 -0.314961, 55.318859 -40.593042 -0.314961,
55.318862 -40.593037 -0.314961, 55.353505 -40.541191 -0.314961,
55.353982 -40.540462 -0.314961, 55.361732 -40.514069 -0.314961,
55.361732 -38.199511 -0.314961, 55.361732 -38.199506 -0.314961,
55.361732 -38.133325 -0.314961, 55.361732 -38.133324 -0.314961,
55.377844 -38.073195 -0.314961, 55.377844 -38.073193 -0.314961,
55.377844 -38.073193 -0.314961, 55.389236 -38.053463 -0.314961,
55.389237 -38.053462 -0.314961, 55.408968 -38.019285 -0.314961,
55.408969 -38.019284 -0.314961, 56.790032 -36.638222 -0.314961,
56.796581 -36.630095 -0.314961, 56.804331 -36.603702 -0.314961,
56.804331 -36.371786 -0.314961, 56.803129 -36.362659 -0.314961,
56.803174 -36.362654 -0.314961, 56.802756 -36.359481 -0.314961,
56.802756 -36.296818 -0.314961, 56.802756 -36.296817 -0.314961,
56.810865 -36.266553 -0.314961, 56.818975 -36.236287 -0.314961,
56.818975 -36.236287 -0.314961, 56.850306 -36.18202 -0.314961,
56.850307 -36.182018 -0.314961, 56.866507 -36.165819 -0.314961,
56.877727 -36.14836 -0.314961, 56.879689 -36.120922 -0.314961,
56.866507 -36.09678 -0.314961, 56.850307 -36.08058 -0.314961,
56.850306 -36.080578 -0.314961, 56.818975 -36.026311 -0.314961,
56.818975 -36.026311 -0.314961, 56.810246 -35.993735 -0.314961,
56.802756 -35.965781 -0.314961, 56.802756 -35.903117 -0.314961,
56.810865 -35.872852 -0.314961, 56.818975 -35.842587 -0.314961,
56.818975 -35.842586 -0.314961, 56.850306 -35.788319 -0.314961,
56.850307 -35.788317 -0.314961, 56.866507 -35.772118 -0.314961,
56.877727 -35.754659 -0.314961, 56.879689 -35.727222 -0.314961,
56.866507 -35.703079 -0.314961, 56.850307 -35.686879 -0.314961,
56.850306 -35.686877 -0.314961, 56.818975 -35.63261 -0.314961,
56.818975 -35.63261 -0.314961, 56.808075 -35.591932 -0.314961,
56.802756 -35.57208 -0.314961, 56.802756 -35.509416 -0.314961,
56.81126 -35.477677 -0.314961, 56.818975 -35.448886 -0.314961,
56.818975 -35.448885 -0.314961, 56.850306 -35.394619 -0.314961,
56.850307 -35.394617 -0.314961, 56.894617 -35.350307 -0.314961,
56.894619 -35.350306 -0.314961, 56.948885 -35.318975 -0.314961,
56.948886 -35.318975 -0.314961, 56.977363 -35.311344 -0.314961,
57.009416 -35.302756 -0.314961, 57.07208 -35.302756 -0.314961,
57.117477 -35.31492 -0.314961, 57.13261 -35.318975 -0.314961,
57.13261 -35.318975 -0.314961, 57.186877 -35.350306 -0.314961,
57.186879 -35.350307 -0.314961, 57.203079 -35.366507 -0.314961,
57.220537 -35.377727 -0.314961, 57.247975 -35.379689 -0.314961,
57.272118 -35.366507 -0.314961, 57.288317 -35.350307 -0.314961,
57.288319 -35.350306 -0.314961, 57.345358 -35.317375 -0.314961,
57.345026 -35.316799 -0.314961, 57.363313 -35.300953 -0.314961,
57.371063 -35.27456 -0.314961, 57.371063 -35.086925 -0.314961,
57.369947 -35.076548 -0.314961, 57.356765 -35.052406 -0.314961,
57.328664 -35.024305 -0.314961, 57.328664 -35.024305 -0.314961,
57.328663 -35.024304 -0.314961, 57.294175 -34.972689 -0.314961,
57.294172 -34.972684 -0.314961, 57.270417 -34.915333 -0.314961,
57.270416 -34.915329 -0.314961, 57.258306 -34.854446 -0.314961,
57.258306 -34.792362 -0.314961, 57.270416 -34.731479 -0.314961,
57.270417 -34.731474 -0.314961, 57.294172 -34.674123 -0.314961,
57.294175 -34.674118 -0.314961, 57.328664 -34.622503 -0.314961,
57.328665 -34.622501 -0.314961, 57.37256 -34.578606 -0.314961,
57.372562 -34.578605 -0.314961, 57.424177 -34.544116 -0.314961,
57.424182 -34.544113 -0.314961, 57.481533 -34.520358 -0.314961,
57.481538 -34.520357 -0.314961, 57.542422 -34.508246 -0.314961,
57.542423 -34.508246 -0.314961, 57.604503 -34.508246 -0.314961,
57.604504 -34.508246 -0.314961, 57.665388 -34.520357 -0.314961,
57.665393 -34.520358 -0.314961, 57.722743 -34.544113 -0.314961,
57.722748 -34.544116 -0.314961, 57.774364 -34.578605 -0.314961,
57.774365 -34.578606 -0.314961, 57.818261 -34.622501 -0.314961,
57.818262 -34.622503 -0.314961, 57.85275 -34.674118 -0.314961,
57.852753 -34.674123 -0.314961, 57.876508 -34.731474 -0.314961,
57.876509 -34.731476 -0.314961, 57.877394 -34.735924 -0.314961,
57.88862 -34.792362 -0.314961, 57.88862 -34.792363 -0.314961,
57.88862 -34.792364 -0.314961, 57.88862 -34.854444 -0.314961,
57.876509 -34.915332 -0.314961, 57.852752 -34.972687 -0.314961,
57.852125 -34.973625 -0.314961, 57.851648 -34.974354 -0.314961,
57.843898 -35.000747 -0.314961, 57.843898 -35.26112 -0.314961,
57.844574 -35.269215 -0.314961, 57.856593 -35.293958 -0.314961,
57.880081 -35.308275 -0.314961, 57.891535 -35.311344 -0.314961,
57.920011 -35.318975 -0.314961, 57.920012 -35.318975 -0.314961,
57.974279 -35.350306 -0.314961, 57.974281 -35.350307 -0.314961,
57.99048 -35.366507 -0.314961, 58.007939 -35.377727 -0.314961,
58.035377 -35.379689 -0.314961, 58.05952 -35.366507 -0.314961,
58.075719 -35.350307 -0.314961, 58.075721 -35.350306 -0.314961,
58.129988 -35.318975 -0.314961, 58.129988 -35.318975 -0.314961,
58.158465 -35.311344 -0.314961, 58.190518 -35.302756 -0.314961,
58.253183 -35.302756 -0.314961, 58.29858 -35.31492 -0.314961,
58.313712 -35.318975 -0.314961, 58.313713 -35.318975 -0.314961,
58.36798 -35.350306 -0.314961, 58.367981 -35.350307 -0.314961,
58.384181 -35.366507 -0.314961, 58.40164 -35.377727 -0.314961,
58.429078 -35.379689 -0.314961, 58.45322 -35.366507 -0.314961,
58.46942 -35.350307 -0.314961, 58.469422 -35.350306 -0.314961,
58.523689 -35.318975 -0.314961, 58.523689 -35.318975 -0.314961,
58.552166 -35.311344 -0.314961, 58.584219 -35.302756 -0.314961,
58.646883 -35.302756 -0.314961, 58.69228 -35.31492 -0.314961,
58.707413 -35.318975 -0.314961, 58.707413 -35.318975 -0.314961,
58.76168 -35.350306 -0.314961, 58.761682 -35.350307 -0.314961,
58.777881 -35.366507 -0.314961, 58.795341 -35.377728 -0.314961,
58.822779 -35.37969 -0.314961, 58.846922 -35.366507 -0.314961,
58.86312 -35.350307 -0.314961, 58.863122 -35.350306 -0.314961,
58.917389 -35.318975 -0.314961, 58.91739 -35.318975 -0.314961,
58.945867 -35.311344 -0.314961, 58.97792 -35.302756 -0.314961,
59.040584 -35.302756 -0.314961, 59.085981 -35.31492 -0.314961,
59.101114 -35.318975 -0.314961, 59.101114 -35.318975 -0.314961,
59.155381 -35.350306 -0.314961, 59.155383 -35.350307 -0.314961,
59.199692 -35.394617 -0.314961, 59.199694 -35.394619 -0.314961,
59.215359 -35.421752 -0.314961, 59.231025 -35.448887 -0.314961,
61.353307 -35.823876 -0.314961, 61.353307 -35.761793 -0.314961,
61.365418 -35.700909 -0.314961, 61.365419 -35.700905 -0.314961,
61.389174 -35.643554 -0.314961, 61.389177 -35.643549 -0.314961,
61.423665 -35.591933 -0.314961, 61.423667 -35.591932 -0.314961,
61.467562 -35.548037 -0.314961, 61.467563 -35.548035 -0.314961,
61.519179 -35.513547 -0.314961, 61.519184 -35.513544 -0.314961,
61.576535 -35.489789 -0.314961, 61.576539 -35.489788 -0.314961,
61.637423 -35.477677 -0.314961, 61.637424 -35.477677 -0.314961,
61.699505 -35.477677 -0.314961, 61.699506 -35.477677 -0.314961,
61.760389 -35.489788 -0.314961, 61.760394 -35.489789 -0.314961,
61.817745 -35.513544 -0.314961, 61.81775 -35.513547 -0.314961,
61.869365 -35.548035 -0.314961, 61.869367 -35.548037 -0.314961,
61.913262 -35.591932 -0.314961, 61.913263 -35.591933 -0.314961,
61.947752 -35.643549 -0.314961, 61.947755 -35.643554 -0.314961,
61.9657 -35.686877 -0.314961, 61.971511 -35.700907 -0.314961,
61.975328 -35.720098 -0.314961, 61.983622 -35.761793 -0.314961,
61.983622 -35.761793 -0.314961, 61.983622 -35.761794 -0.314961,
61.983622 -35.823875 -0.314961, 61.971511 -35.884763 -0.314961,
61.947754 -35.942118 -0.314961, 61.913263 -35.993736 -0.314961,
61.869366 -36.037633 -0.314961, 61.817748 -36.072124 -0.314961,
61.760393 -36.095881 -0.314961, 61.699506 -36.107992 -0.314961,
61.699506 -36.107992 -0.314961, 61.637424 -36.107992 -0.314961,
61.637424 -36.107992 -0.314961, 61.637422 -36.107992 -0.314961,
61.576537 -36.095881 -0.314961, 61.576535 -36.09588 -0.314961,
61.519184 -36.072125 -0.314961, 61.519179 -36.072122 -0.314961,
61.467563 -36.037633 -0.314961, 61.467562 -36.037632 -0.314961,
61.423667 -35.993737 -0.314961, 61.423665 -35.993735 -0.314961,
61.389177 -35.94212 -0.314961, 61.389174 -35.942115 -0.314961,
61.365419 -35.884764 -0.314961, 61.365418 -35.884759 -0.314961,
60.625315 -34.653307 -0.314961, 60.623834 -34.666448 -0.314961,
60.619467 -34.67893 -0.314961, 60.612431 -34.690127 -0.314961,
60.60308 -34.699478 -0.314961, 60.591883 -34.706514 -0.314961,
60.579401 -34.710882 -0.314961, 60.56626 -34.712362 -0.314961,
60.553119 -34.710882 -0.314961, 60.540637 -34.706514 -0.314961,
60.52944 -34.699478 -0.314961, 60.520089 -34.690127 -0.314961,
60.513053 -34.67893 -0.314961, 60.508685 -34.666448 -0.314961,
60.507205 -34.653307 -0.314961, 60.508685 -34.640166 -0.314961,
60.513053 -34.627684 -0.314961, 60.520089 -34.616487 -0.314961,
60.52944 -34.607136 -0.314961, 60.540637 -34.6001 -0.314961,
60.553119 -34.595733 -0.314961, 60.56626 -34.594252 -0.314961,
60.579401 -34.595733 -0.314961, 60.591883 -34.6001 -0.314961,
60.60308 -34.607136 -0.314961, 60.612431 -34.616487 -0.314961,
60.619467 -34.627684 -0.314961, 60.623834 -34.640166 -0.314961,
61.067598 -37.267598 -0.314961, 61.069079 -37.254457 -0.314961,
61.073447 -37.241975 -0.314961, 61.080482 -37.230778 -0.314961,
61.089833 -37.221427 -0.314961, 61.10103 -37.214392 -0.314961,
61.113513 -37.210024 -0.314961, 61.126654 -37.208543 -0.314961,
61.139795 -37.210024 -0.314961, 61.152277 -37.214392 -0.314961,
61.163474 -37.221427 -0.314961, 61.172825 -37.230778 -0.314961,
61.17986 -37.241975 -0.314961, 61.184228 -37.254457 -0.314961,
61.185709 -37.267598 -0.314961, 61.184228 -37.280739 -0.314961,
61.17986 -37.293221 -0.314961, 61.172825 -37.304419 -0.314961,
61.163474 -37.31377 -0.314961, 61.152277 -37.320805 -0.314961,
61.139795 -37.325173 -0.314961, 61.126654 -37.326654 -0.314961,
61.113513 -37.325173 -0.314961, 61.10103 -37.320805 -0.314961,
61.089833 -37.31377 -0.314961, 61.080482 -37.304419 -0.314961,
61.073447 -37.293221 -0.314961, 61.069079 -37.280739 -0.314961,
62.061288 -36.826139 -0.314961, 62.039486 -36.847942 -0.314961,
62.024069 -36.874644 -0.314961, 62.016089 -36.904426 -0.314961,
62.016089 -36.935259 -0.314961, 62.024069 -36.965041 -0.314961,
62.039486 -36.991743 -0.314961, 62.061288 -37.013546 -0.314961,
62.08799 -37.028962 -0.314961, 62.117772 -37.036942 -0.314961,
62.148606 -37.036942 -0.314961, 62.178388 -37.028962 -0.314961,
62.20509 -37.013546 -0.314961, 62.226892 -36.991743 -0.314961,
62.242309 -36.965041 -0.314961, 62.250289 -36.935259 -0.314961,
62.250289 -36.904426 -0.314961, 62.242309 -36.874644 -0.314961,
62.226892 -36.847942 -0.314961, 62.20509 -36.826139 -0.314961,
62.178388 -36.810723 -0.314961, 62.148606 -36.802743 -0.314961,
62.117772 -36.802743 -0.314961, 62.08799 -36.810723 -0.314961,
62.074134 -36.919843 -0.314961, 62.075614 -36.906702 -0.314961,
62.079982 -36.894219 -0.314961, 62.087018 -36.883022 -0.314961,
62.096369 -36.873671 -0.314961, 62.107566 -36.866636 -0.314961,
62.120048 -36.862268 -0.314961, 62.133189 -36.860787 -0.314961,
62.14633 -36.862268 -0.314961, 62.158812 -36.866636 -0.314961,
62.170009 -36.873671 -0.314961, 62.17936 -36.883022 -0.314961,
62.186396 -36.894219 -0.314961, 62.190763 -36.906702 -0.314961,
62.192244 -36.919843 -0.314961, 62.190763 -36.932984 -0.314961,
62.186396 -36.945466 -0.314961, 62.17936 -36.956663 -0.314961,
62.170009 -36.966014 -0.314961, 62.158812 -36.973049 -0.314961,
62.14633 -36.977417 -0.314961, 62.133189 -36.978898 -0.314961,
62.120048 -36.977417 -0.314961, 62.107566 -36.973049 -0.314961,
62.096369 -36.966014 -0.314961, 62.087018 -36.956663 -0.314961,
62.079982 -36.945466 -0.314961, 62.075614 -36.932984 -0.314961,
56.178099 -33.656297 -0.314961, 56.156297 -33.678099 -0.314961,
56.14088 -33.704801 -0.314961, 56.1329 -33.734583 -0.314961,
56.1329 -33.765417 -0.314961, 56.14088 -33.795199 -0.314961,
56.156297 -33.821901 -0.314961, 56.178099 -33.843703 -0.314961,
56.204801 -33.85912 -0.314961, 56.234583 -33.8671 -0.314961,
56.265417 -33.8671 -0.314961, 56.295199 -33.85912 -0.314961,
56.321901 -33.843703 -0.314961, 56.343703 -33.821901 -0.314961,
56.35912 -33.795199 -0.314961, 56.3671 -33.765417 -0.314961,
56.3671 -33.734583 -0.314961, 56.35912 -33.704801 -0.314961,
56.343703 -33.678099 -0.314961, 56.321901 -33.656297 -0.314961,
56.295199 -33.64088 -0.314961, 56.265417 -33.6329 -0.314961,
56.234583 -33.6329 -0.314961, 56.204801 -33.64088 -0.314961,
56.190945 -33.75 -0.314961, 56.192426 -33.736859 -0.314961,
56.196793 -33.724377 -0.314961, 56.203829 -33.71318 -0.314961,
56.21318 -33.703829 -0.314961, 56.224377 -33.696793 -0.314961,
56.236859 -33.692426 -0.314961, 56.25 -33.690945 -0.314961,
56.263141 -33.692426 -0.314961, 56.275623 -33.696793 -0.314961,
56.28682 -33.703829 -0.314961, 56.296171 -33.71318 -0.314961,
56.303207 -33.724377 -0.314961, 56.307574 -33.736859 -0.314961,
56.309055 -33.75 -0.314961, 56.307574 -33.763141 -0.314961,
56.303207 -33.775623 -0.314961, 56.296171 -33.78682 -0.314961,
56.28682 -33.796171 -0.314961, 56.275623 -33.803207 -0.314961,
56.263141 -33.807574 -0.314961, 56.25 -33.809055 -0.314961,
56.236859 -33.807574 -0.314961, 56.224377 -33.803207 -0.314961,
56.21318 -33.796171 -0.314961, 56.203829 -33.78682 -0.314961,
56.196793 -33.775623 -0.314961, 56.192426 -33.763141 -0.314961,
62.731485 -40.05488 -0.314961, 62.709683 -40.076682 -0.314961,
62.694266 -40.103384 -0.314961, 62.686286 -40.133166 -0.314961,
62.686286 -40.163999 -0.314961, 62.694266 -40.193781 -0.314961,
62.709683 -40.220483 -0.314961, 62.731485 -40.242286 -0.314961,
62.758187 -40.257702 -0.314961, 62.787969 -40.265682 -0.314961,
62.818802 -40.265682 -0.314961, 62.848585 -40.257702 -0.314961,
62.875287 -40.242286 -0.314961, 62.897089 -40.220483 -0.314961,
62.912506 -40.193781 -0.314961, 62.920485 -40.163999 -0.314961,
62.920485 -40.133166 -0.314961, 62.912506 -40.103384 -0.314961,
62.897089 -40.076682 -0.314961, 62.875287 -40.05488 -0.314961,
62.848585 -40.039463 -0.314961, 62.818802 -40.031483 -0.314961,
62.787969 -40.031483 -0.314961, 62.758187 -40.039463 -0.314961,
62.744331 -40.148583 -0.314961, 62.745811 -40.135442 -0.314961,
62.750179 -40.12296 -0.314961, 62.757215 -40.111762 -0.314961,
62.766566 -40.102412 -0.314961, 62.777763 -40.095376 -0.314961,
62.790245 -40.091008 -0.314961, 62.803386 -40.089528 -0.314961,
62.816527 -40.091008 -0.314961, 62.829009 -40.095376 -0.314961,
62.840206 -40.102412 -0.314961, 62.849557 -40.111762 -0.314961,
62.856593 -40.12296 -0.314961, 62.86096 -40.135442 -0.314961,
62.862441 -40.148583 -0.314961, 62.86096 -40.161724 -0.314961,
62.856593 -40.174206 -0.314961, 62.849557 -40.185403 -0.314961,
62.840206 -40.194754 -0.314961, 62.829009 -40.20179 -0.314961,
62.816527 -40.206157 -0.314961, 62.803386 -40.207638 -0.314961,
62.790245 -40.206157 -0.314961, 62.777763 -40.20179 -0.314961,
62.766566 -40.194754 -0.314961, 62.757215 -40.185403 -0.314961,
62.750179 -40.174206 -0.314961, 62.745811 -40.161724 -0.314961,
61.596564 -35.699131 -0.314961, 61.574761 -35.720934 -0.314961,
61.559345 -35.747636 -0.314961, 61.551365 -35.777418 -0.314961,
61.551365 -35.808251 -0.314961, 61.559345 -35.838033 -0.314961,
61.574761 -35.864735 -0.314961, 61.596564 -35.886538 -0.314961,
61.623266 -35.901954 -0.314961, 61.653048 -35.909934 -0.314961,
61.683881 -35.909934 -0.314961, 61.713663 -35.901954 -0.314961,
61.740365 -35.886538 -0.314961, 61.762168 -35.864735 -0.314961,
61.777584 -35.838033 -0.314961, 61.785564 -35.808251 -0.314961,
61.785564 -35.777418 -0.314961, 61.777584 -35.747636 -0.314961,
61.762168 -35.720934 -0.314961, 61.740365 -35.699131 -0.314961,
61.713663 -35.683715 -0.314961, 61.683881 -35.675735 -0.314961,
61.653048 -35.675735 -0.314961, 61.623266 -35.683715 -0.314961,
61.609409 -35.792835 -0.314961, 61.61089 -35.779694 -0.314961,
61.615258 -35.767212 -0.314961, 61.622293 -35.756014 -0.314961,
61.631644 -35.746663 -0.314961, 61.642842 -35.739628 -0.314961,
61.655324 -35.73526 -0.314961, 61.668465 -35.73378 -0.314961,
61.681606 -35.73526 -0.314961, 61.694088 -35.739628 -0.314961,
61.705285 -35.746663 -0.314961, 61.714636 -35.756014 -0.314961,
61.721671 -35.767212 -0.314961, 61.726039 -35.779694 -0.314961,
61.72752 -35.792835 -0.314961, 61.726039 -35.805976 -0.314961,
61.721671 -35.818458 -0.314961, 61.714636 -35.829655 -0.314961,
61.705285 -35.839006 -0.314961, 61.694088 -35.846041 -0.314961,
61.681606 -35.850409 -0.314961, 61.668465 -35.85189 -0.314961,
61.655324 -35.850409 -0.314961, 61.642842 -35.846041 -0.314961,
61.631644 -35.839006 -0.314961, 61.622293 -35.829655 -0.314961,
61.615258 -35.818458 -0.314961, 61.61089 -35.805976 -0.314961,
55.526249 -40.64862 -0.314961, 55.504446 -40.670422 -0.314961,
55.48903 -40.697124 -0.314961, 55.48105 -40.726906 -0.314961,
55.48105 -40.757739 -0.314961, 55.48903 -40.787522 -0.314961,
55.504446 -40.814224 -0.314961, 55.526249 -40.836026 -0.314961,
55.552951 -40.851443 -0.314961, 55.582733 -40.859422 -0.314961,
55.613566 -40.859422 -0.314961, 55.643348 -40.851443 -0.314961,
55.67005 -40.836026 -0.314961, 55.691853 -40.814224 -0.314961,
55.707269 -40.787522 -0.314961, 55.715249 -40.757739 -0.314961,
55.715249 -40.726906 -0.314961, 55.707269 -40.697124 -0.314961,
55.691853 -40.670422 -0.314961, 55.67005 -40.64862 -0.314961,
55.643348 -40.633203 -0.314961, 55.63752 -40.631641 -0.314961,
55.63752 -38.180756 -0.314961, 57.061593 -36.756683 -0.314961,
57.063496 -36.755895 -0.314961, 57.074793 -36.744598 -0.314961,
57.080906 -36.729838 -0.314961, 57.080906 -36.713863 -0.314961,
57.080118 -36.711959 -0.314961, 57.080118 -36.33804 -0.314961,
57.080906 -36.336137 -0.314961, 57.080906 -36.320162 -0.314961,
57.074793 -36.305402 -0.314961, 57.063496 -36.294105 -0.314961,
57.048736 -36.287991 -0.314961, 57.03276 -36.287991 -0.314961,
57.018 -36.294105 -0.314961, 57.006704 -36.305402 -0.314961,
57.00059 -36.320162 -0.314961, 57.00059 -36.336137 -0.314961,
57.001378 -36.33804 -0.314961, 57.001378 -36.705543 -0.314961,
55.570311 -38.13661 -0.314961, 55.565415 -38.142576 -0.314961,
55.559536 -38.156768 -0.314961, 55.55878 -38.164449 -0.314961,
55.55878 -40.631641 -0.314961, 55.552951 -40.633203 -0.314961,
55.539094 -40.742323 -0.314961, 55.540575 -40.729182 -0.314961,
55.544943 -40.7167 -0.314961, 55.551978 -40.705503 -0.314961,
55.561329 -40.696152 -0.314961, 55.572527 -40.689116 -0.314961,
55.585009 -40.684748 -0.314961, 55.59815 -40.683268 -0.314961,
55.611291 -40.684748 -0.314961, 55.623773 -40.689116 -0.314961,
55.63497 -40.696152 -0.314961, 55.644321 -40.705503 -0.314961,
55.651356 -40.7167 -0.314961, 55.655724 -40.729182 -0.314961,
55.657205 -40.742323 -0.314961, 55.655724 -40.755464 -0.314961,
55.651356 -40.767946 -0.314961, 55.644321 -40.779143 -0.314961,
55.63497 -40.788494 -0.314961, 55.623773 -40.79553 -0.314961,
55.611291 -40.799897 -0.314961, 55.59815 -40.801378 -0.314961,
55.585009 -40.799897 -0.314961, 55.572527 -40.79553 -0.314961,
55.561329 -40.788494 -0.314961, 55.551978 -40.779143 -0.314961,
55.544943 -40.767946 -0.314961, 55.540575 -40.755464 -0.314961,
54.391918 -34.611179 -0.314961, 54.370116 -34.632981 -0.314961,
54.354699 -34.659683 -0.314961, 54.346719 -34.689465 -0.314961,
54.346719 -34.720298 -0.314961, 54.354699 -34.750081 -0.314961,
54.370116 -34.776783 -0.314961, 54.391918 -34.798585 -0.314961,
54.41862 -34.814002 -0.314961, 54.448402 -34.821981 -0.314961,
54.479235 -34.821981 -0.314961, 54.509018 -34.814002 -0.314961,
54.53572 -34.798585 -0.314961, 54.557522 -34.776783 -0.314961,
54.572939 -34.750081 -0.314961, 54.580919 -34.720298 -0.314961,
54.580919 -34.689465 -0.314961, 54.572939 -34.659683 -0.314961,
54.557522 -34.632981 -0.314961, 54.53572 -34.611179 -0.314961,
54.509018 -34.595762 -0.314961, 54.479235 -34.587782 -0.314961,
54.448402 -34.587782 -0.314961, 54.41862 -34.595762 -0.314961,
54.404764 -34.704882 -0.314961, 54.406244 -34.691741 -0.314961,
54.410612 -34.679259 -0.314961, 54.417648 -34.668062 -0.314961,
54.426999 -34.658711 -0.314961, 54.438196 -34.651675 -0.314961,
54.450678 -34.647307 -0.314961, 54.463819 -34.645827 -0.314961,
54.47696 -34.647307 -0.314961, 54.489442 -34.651675 -0.314961,
54.500639 -34.658711 -0.314961, 54.50999 -34.668062 -0.314961,
54.517026 -34.679259 -0.314961, 54.521393 -34.691741 -0.314961,
54.522874 -34.704882 -0.314961, 54.521393 -34.718023 -0.314961,
54.517026 -34.730505 -0.314961, 54.50999 -34.741702 -0.314961,
54.500639 -34.751053 -0.314961, 54.489442 -34.758089 -0.314961,
54.47696 -34.762456 -0.314961, 54.463819 -34.763937 -0.314961,
54.450678 -34.762456 -0.314961, 54.438196 -34.758089 -0.314961,
54.426999 -34.751053 -0.314961, 54.417648 -34.741702 -0.314961,
54.410612 -34.730505 -0.314961, 54.406244 -34.718023 -0.314961,
52.901406 -40.156297 -0.314961, 52.879604 -40.178099 -0.314961,
52.864187 -40.204801 -0.314961, 52.856207 -40.234583 -0.314961,
52.856207 -40.265417 -0.314961, 52.864187 -40.295199 -0.314961,
52.879604 -40.321901 -0.314961, 52.901406 -40.343703 -0.314961,
52.928108 -40.35912 -0.314961, 52.957891 -40.3671 -0.314961,
52.988724 -40.3671 -0.314961, 53.018506 -40.35912 -0.314961,
53.045208 -40.343703 -0.314961, 53.06701 -40.321901 -0.314961,
53.082427 -40.295199 -0.314961, 53.090407 -40.265417 -0.314961,
53.090407 -40.234583 -0.314961, 53.082427 -40.204801 -0.314961,
53.06701 -40.178099 -0.314961, 53.045208 -40.156297 -0.314961,
53.018506 -40.14088 -0.314961, 52.988724 -40.1329 -0.314961,
52.957891 -40.1329 -0.314961, 52.928108 -40.14088 -0.314961,
52.914252 -40.25 -0.314961, 52.915733 -40.236859 -0.314961,
52.9201 -40.224377 -0.314961, 52.927136 -40.21318 -0.314961,
52.936487 -40.203829 -0.314961, 52.947684 -40.196793 -0.314961,
52.960166 -40.192426 -0.314961, 52.973307 -40.190945 -0.314961,
52.986448 -40.192426 -0.314961, 52.99893 -40.196793 -0.314961,
53.010127 -40.203829 -0.314961, 53.019478 -40.21318 -0.314961,
53.026514 -40.224377 -0.314961, 53.030882 -40.236859 -0.314961,
53.032362 -40.25 -0.314961, 53.030882 -40.263141 -0.314961,
53.026514 -40.275623 -0.314961, 53.019478 -40.28682 -0.314961,
53.010127 -40.296171 -0.314961, 52.99893 -40.303207 -0.314961,
52.986448 -40.307574 -0.314961, 52.973307 -40.309055 -0.314961,
52.960166 -40.307574 -0.314961, 52.947684 -40.303207 -0.314961,
52.936487 -40.296171 -0.314961, 52.927136 -40.28682 -0.314961,
52.9201 -40.275623 -0.314961, 52.915733 -40.263141 -0.314961
              ]
            }
            coordIndex [
377, 376, 285, -1, 377, 285, 378, -1, 378, 285, 265, -1, 378, 265, 379, -1,
379, 265, 264, -1, 379, 264, 380, -1, 380, 264, 381, -1, 264, 263, 381, -1,
381, 263, 382, -1, 382, 263, 383, -1, 383, 263, 384, -1, 384, 263, 255, -1,
255, 263, 262, -1, 357, 384, 255, -1, 357, 255, 358, -1, 358, 255, 356, -1,
358, 356, 359, -1, 359, 356, 360, -1, 260, 258, 257, -1, 260, 257, 261, -1,
261, 257, 256, -1, 261, 256, 262, -1, 262, 256, 255, -1, 353, 352, 368, -1,
368, 352, 369, -1, 369, 352, 370, -1, 370, 352, 371, -1, 371, 352, 344, -1,
344, 352, 345, -1, 345, 352, 351, -1, 365, 364, 354, -1, 365, 354, 366, -1,
366, 354, 353, -1, 366, 353, 367, -1, 367, 353, 368, -1, 362, 361, 355, -1,
362, 355, 363, -1, 363, 355, 354, -1, 363, 354, 364, -1, 360, 356, 361, -1,
361, 356, 355, -1, 346, 345, 351, -1, 346, 351, 347, -1, 347, 351, 350, -1,
347, 350, 348, -1, 348, 350, 349, -1, 311, 310, 316, -1, 311, 316, 312, -1,
312, 316, 315, -1, 312, 315, 313, -1, 313, 315, 314, -1, 316, 310, 317, -1,
317, 310, 318, -1, 318, 310, 319, -1, 319, 310, 320, -1, 320, 310, 321, -1,
321, 310, 309, -1, 322, 321, 306, -1, 306, 321, 307, -1, 307, 321, 308, -1,
308, 321, 309, -1, 306, 305, 322, -1, 322, 305, 323, -1, 323, 305, 324, -1,
324, 305, 325, -1, 325, 305, 326, -1, 326, 305, 304, -1, 326, 304, 327, -1,
327, 304, 300, -1, 300, 304, 301, -1, 301, 304, 302, -1, 302, 304, 303, -1,
327, 300, 328, -1, 328, 300, 329, -1, 329, 300, 330, -1, 330, 300, 331, -1,
331, 300, 299, -1, 332, 331, 296, -1, 296, 331, 297, -1, 297, 331, 298, -1,
298, 331, 299, -1, 296, 295, 332, -1, 332, 295, 333, -1, 333, 295, 334, -1,
334, 295, 335, -1, 335, 295, 336, -1, 336, 295, 337, -1, 337, 295, 294, -1,
337, 294, 338, -1, 338, 294, 290, -1, 290, 294, 291, -1, 291, 294, 292, -1,
292, 294, 293, -1, 338, 290, 339, -1, 339, 290, 340, -1, 340, 290, 341, -1,
341, 290, 342, -1, 342, 290, 289, -1, 343, 342, 286, -1, 286, 342, 287, -1,
287, 342, 288, -1, 288, 342, 289, -1, 371, 344, 372, -1, 372, 344, 373, -1,
373, 344, 374, -1, 374, 344, 375, -1, 375, 344, 285, -1, 285, 344, 286, -1,
286, 344, 343, -1, 284, 283, 267, -1, 284, 267, 285, -1, 285, 267, 266, -1,
285, 266, 265, -1, 268, 267, 280, -1, 280, 267, 281, -1, 281, 267, 282, -1,
282, 267, 283, -1, 271, 270, 280, -1, 280, 270, 268, -1, 268, 270, 269, -1,
277, 275, 274, -1, 277, 274, 278, -1, 278, 274, 273, -1, 278, 273, 279, -1,
279, 273, 272, -1, 279, 272, 280, -1, 280, 272, 271, -1, 394, 392, 391, -1,
394, 391, 395, -1, 395, 391, 390, -1, 395, 390, 396, -1, 396, 390, 389, -1,
396, 389, 397, -1, 397, 389, 388, -1, 397, 388, 398, -1, 398, 388, 387, -1,
398, 387, 399, -1, 399, 387, 386, -1, 399, 386, 400, -1, 400, 386, 385, -1,
410, 408, 407, -1, 410, 407, 411, -1, 411, 407, 406, -1, 411, 406, 412, -1,
412, 406, 405, -1, 412, 405, 413, -1, 413, 405, 404, -1, 413, 404, 414, -1,
414, 404, 403, -1, 414, 403, 415, -1, 415, 403, 402, -1, 415, 402, 416, -1,
416, 402, 401, -1, 426, 424, 423, -1, 426, 423, 427, -1, 427, 423, 422, -1,
427, 422, 428, -1, 428, 422, 421, -1, 428, 421, 429, -1, 429, 421, 420, -1,
429, 420, 430, -1, 430, 420, 419, -1, 430, 419, 431, -1, 431, 419, 418, -1,
431, 418, 432, -1, 432, 418, 417, -1, 442, 440, 439, -1, 442, 439, 443, -1,
443, 439, 438, -1, 443, 438, 444, -1, 444, 438, 437, -1, 444, 437, 445, -1,
445, 437, 436, -1, 445, 436, 446, -1, 446, 436, 435, -1, 446, 435, 447, -1,
447, 435, 434, -1, 447, 434, 448, -1, 448, 434, 433, -1, 458, 456, 455, -1,
458, 455, 459, -1, 459, 455, 454, -1, 459, 454, 460, -1, 460, 454, 453, -1,
460, 453, 461, -1, 461, 453, 452, -1, 461, 452, 462, -1, 462, 452, 451, -1,
462, 451, 463, -1, 463, 451, 450, -1, 463, 450, 464, -1, 464, 450, 449, -1,
1830, 1836, 1835, -1, 1830, 1835, 1831, -1, 1831, 1835, 1834, -1, 1831, 1834, 1832, -1,
1832, 1834, 1833, -1, 1838, 1830, 1839, -1, 1840, 1830, 1828, -1, 1828, 1830, 1829, -1,
1841, 1840, 1826, -1, 1826, 1840, 1827, -1, 1824, 1823, 1844, -1, 1824, 1844, 1825, -1,
1825, 1844, 1843, -1, 1825, 1843, 1826, -1, 1826, 1843, 1842, -1, 474, 472, 471, -1,
474, 471, 475, -1, 475, 471, 470, -1, 475, 470, 476, -1, 476, 470, 469, -1,
476, 469, 477, -1, 477, 469, 468, -1, 477, 468, 478, -1, 478, 468, 467, -1,
478, 467, 479, -1, 479, 467, 466, -1, 479, 466, 480, -1, 480, 466, 465, -1,
490, 488, 487, -1, 490, 487, 491, -1, 491, 487, 486, -1, 491, 486, 492, -1,
492, 486, 485, -1, 492, 485, 493, -1, 493, 485, 484, -1, 493, 484, 494, -1,
494, 484, 483, -1, 494, 483, 495, -1, 495, 483, 482, -1, 495, 482, 496, -1,
496, 482, 481, -1, 506, 504, 503, -1, 506, 503, 507, -1, 507, 503, 502, -1,
507, 502, 508, -1, 508, 502, 501, -1, 508, 501, 509, -1, 509, 501, 500, -1,
509, 500, 510, -1, 510, 500, 499, -1, 510, 499, 511, -1, 511, 499, 498, -1,
511, 498, 512, -1, 512, 498, 497, -1, 522, 520, 519, -1, 522, 519, 523, -1,
523, 519, 518, -1, 523, 518, 524, -1, 524, 518, 517, -1, 524, 517, 525, -1,
525, 517, 516, -1, 525, 516, 526, -1, 526, 516, 515, -1, 526, 515, 527, -1,
527, 515, 514, -1, 527, 514, 528, -1, 528, 514, 513, -1, 538, 536, 535, -1,
538, 535, 539, -1, 539, 535, 534, -1, 539, 534, 540, -1, 540, 534, 533, -1,
540, 533, 541, -1, 541, 533, 532, -1, 541, 532, 542, -1, 542, 532, 531, -1,
542, 531, 543, -1, 543, 531, 530, -1, 543, 530, 544, -1, 544, 530, 529, -1,
554, 552, 551, -1, 554, 551, 555, -1, 555, 551, 550, -1, 555, 550, 556, -1,
556, 550, 549, -1, 556, 549, 557, -1, 557, 549, 548, -1, 557, 548, 558, -1,
558, 548, 547, -1, 558, 547, 559, -1, 559, 547, 546, -1, 559, 546, 560, -1,
560, 546, 545, -1, 570, 568, 567, -1, 570, 567, 571, -1, 571, 567, 566, -1,
571, 566, 572, -1, 572, 566, 565, -1, 572, 565, 573, -1, 573, 565, 564, -1,
573, 564, 574, -1, 574, 564, 563, -1, 574, 563, 575, -1, 575, 563, 562, -1,
575, 562, 576, -1, 576, 562, 561, -1, 586, 584, 583, -1, 586, 583, 587, -1,
587, 583, 582, -1, 587, 582, 588, -1, 588, 582, 581, -1, 588, 581, 589, -1,
589, 581, 580, -1, 589, 580, 590, -1, 590, 580, 579, -1, 590, 579, 591, -1,
591, 579, 578, -1, 591, 578, 592, -1, 592, 578, 577, -1, 602, 600, 599, -1,
602, 599, 603, -1, 603, 599, 598, -1, 603, 598, 604, -1, 604, 598, 597, -1,
604, 597, 605, -1, 605, 597, 596, -1, 605, 596, 606, -1, 606, 596, 595, -1,
606, 595, 607, -1, 607, 595, 594, -1, 607, 594, 608, -1, 608, 594, 593, -1,
618, 616, 615, -1, 618, 615, 619, -1, 619, 615, 614, -1, 619, 614, 620, -1,
620, 614, 613, -1, 620, 613, 621, -1, 621, 613, 612, -1, 621, 612, 622, -1,
622, 612, 611, -1, 622, 611, 623, -1, 623, 611, 610, -1, 623, 610, 624, -1,
624, 610, 609, -1, 634, 632, 631, -1, 634, 631, 635, -1, 635, 631, 630, -1,
635, 630, 636, -1, 636, 630, 629, -1, 636, 629, 637, -1, 637, 629, 628, -1,
637, 628, 638, -1, 638, 628, 627, -1, 638, 627, 639, -1, 639, 627, 626, -1,
639, 626, 640, -1, 640, 626, 625, -1, 650, 648, 647, -1, 650, 647, 651, -1,
651, 647, 646, -1, 651, 646, 652, -1, 652, 646, 645, -1, 652, 645, 653, -1,
653, 645, 644, -1, 653, 644, 654, -1, 654, 644, 643, -1, 654, 643, 655, -1,
655, 643, 642, -1, 655, 642, 656, -1, 656, 642, 641, -1, 666, 664, 663, -1,
666, 663, 667, -1, 667, 663, 662, -1, 667, 662, 668, -1, 668, 662, 661, -1,
668, 661, 669, -1, 669, 661, 660, -1, 669, 660, 670, -1, 670, 660, 659, -1,
670, 659, 671, -1, 671, 659, 658, -1, 671, 658, 672, -1, 672, 658, 657, -1,
682, 680, 679, -1, 682, 679, 683, -1, 683, 679, 678, -1, 683, 678, 684, -1,
684, 678, 677, -1, 684, 677, 685, -1, 685, 677, 676, -1, 685, 676, 686, -1,
686, 676, 675, -1, 686, 675, 687, -1, 687, 675, 674, -1, 687, 674, 688, -1,
688, 674, 673, -1, 698, 696, 695, -1, 698, 695, 699, -1, 699, 695, 694, -1,
699, 694, 700, -1, 700, 694, 693, -1, 700, 693, 701, -1, 701, 693, 692, -1,
701, 692, 702, -1, 702, 692, 691, -1, 702, 691, 703, -1, 703, 691, 690, -1,
703, 690, 704, -1, 704, 690, 689, -1, 714, 712, 711, -1, 714, 711, 715, -1,
715, 711, 710, -1, 715, 710, 716, -1, 716, 710, 709, -1, 716, 709, 717, -1,
717, 709, 708, -1, 717, 708, 718, -1, 718, 708, 707, -1, 718, 707, 719, -1,
719, 707, 706, -1, 719, 706, 720, -1, 720, 706, 705, -1, 730, 728, 727, -1,
730, 727, 731, -1, 731, 727, 726, -1, 731, 726, 732, -1, 732, 726, 725, -1,
732, 725, 733, -1, 733, 725, 724, -1, 733, 724, 734, -1, 734, 724, 723, -1,
734, 723, 735, -1, 735, 723, 722, -1, 735, 722, 736, -1, 736, 722, 721, -1,
746, 744, 743, -1, 746, 743, 747, -1, 747, 743, 742, -1, 747, 742, 748, -1,
748, 742, 741, -1, 748, 741, 749, -1, 749, 741, 740, -1, 749, 740, 750, -1,
750, 740, 739, -1, 750, 739, 751, -1, 751, 739, 738, -1, 751, 738, 752, -1,
752, 738, 737, -1, 762, 760, 759, -1, 762, 759, 763, -1, 763, 759, 758, -1,
763, 758, 764, -1, 764, 758, 757, -1, 764, 757, 765, -1, 765, 757, 756, -1,
765, 756, 766, -1, 766, 756, 755, -1, 766, 755, 767, -1, 767, 755, 754, -1,
767, 754, 768, -1, 768, 754, 753, -1, 778, 776, 775, -1, 778, 775, 779, -1,
779, 775, 774, -1, 779, 774, 780, -1, 780, 774, 773, -1, 780, 773, 781, -1,
781, 773, 772, -1, 781, 772, 782, -1, 782, 772, 771, -1, 782, 771, 783, -1,
783, 771, 770, -1, 783, 770, 784, -1, 784, 770, 769, -1, 794, 792, 791, -1,
794, 791, 795, -1, 795, 791, 790, -1, 795, 790, 796, -1, 796, 790, 789, -1,
796, 789, 797, -1, 797, 789, 788, -1, 797, 788, 798, -1, 798, 788, 787, -1,
798, 787, 799, -1, 799, 787, 786, -1, 799, 786, 800, -1, 800, 786, 785, -1,
810, 808, 807, -1, 810, 807, 811, -1, 811, 807, 806, -1, 811, 806, 812, -1,
812, 806, 805, -1, 812, 805, 813, -1, 813, 805, 804, -1, 813, 804, 814, -1,
814, 804, 803, -1, 814, 803, 815, -1, 815, 803, 802, -1, 815, 802, 816, -1,
816, 802, 801, -1, 826, 824, 823, -1, 826, 823, 827, -1, 827, 823, 822, -1,
827, 822, 828, -1, 828, 822, 821, -1, 828, 821, 829, -1, 829, 821, 820, -1,
829, 820, 830, -1, 830, 820, 819, -1, 830, 819, 831, -1, 831, 819, 818, -1,
831, 818, 832, -1, 832, 818, 817, -1, 842, 840, 839, -1, 842, 839, 843, -1,
843, 839, 838, -1, 843, 838, 844, -1, 844, 838, 837, -1, 844, 837, 845, -1,
845, 837, 836, -1, 845, 836, 846, -1, 846, 836, 835, -1, 846, 835, 847, -1,
847, 835, 834, -1, 847, 834, 848, -1, 848, 834, 833, -1, 858, 856, 855, -1,
858, 855, 859, -1, 859, 855, 854, -1, 859, 854, 860, -1, 860, 854, 853, -1,
860, 853, 861, -1, 861, 853, 852, -1, 861, 852, 862, -1, 862, 852, 851, -1,
862, 851, 863, -1, 863, 851, 850, -1, 863, 850, 864, -1, 864, 850, 849, -1,
874, 872, 871, -1, 874, 871, 875, -1, 875, 871, 870, -1, 875, 870, 876, -1,
876, 870, 869, -1, 876, 869, 877, -1, 877, 869, 868, -1, 877, 868, 878, -1,
878, 868, 867, -1, 878, 867, 879, -1, 879, 867, 866, -1, 879, 866, 880, -1,
880, 866, 865, -1, 890, 888, 887, -1, 890, 887, 891, -1, 891, 887, 886, -1,
891, 886, 892, -1, 892, 886, 885, -1, 892, 885, 893, -1, 893, 885, 884, -1,
893, 884, 894, -1, 894, 884, 883, -1, 894, 883, 895, -1, 895, 883, 882, -1,
895, 882, 896, -1, 896, 882, 881, -1, 1173, 1172, 909, -1, 910, 1172, 911, -1,
912, 1172, 913, -1, 913, 1172, 914, -1, 914, 1172, 915, -1, 915, 1172, 916, -1,
917, 1172, 127, -1, 127, 1172, 1171, -1, 908, 1175, 909, -1, 909, 1175, 1174, -1,
904, 1176, 905, -1, 905, 1176, 1175, -1, 906, 1175, 907, -1, 1178, 1177, 899, -1,
900, 1177, 901, -1, 902, 1177, 903, -1, 903, 1177, 1176, -1, 1179, 1178, 980, -1,
980, 1178, 981, -1, 981, 1178, 982, -1, 982, 1178, 955, -1, 955, 1178, 897, -1,
898, 1178, 899, -1, 1180, 1179, 974, -1, 974, 1179, 975, -1, 975, 1179, 976, -1,
976, 1179, 977, -1, 977, 1179, 978, -1, 978, 1179, 979, -1, 979, 1179, 980, -1,
1182, 1181, 949, -1, 950, 1181, 969, -1, 969, 1181, 970, -1, 970, 1181, 971, -1,
971, 1181, 972, -1, 972, 1181, 973, -1, 973, 1181, 974, -1, 1184, 1183, 944, -1,
944, 1183, 945, -1, 946, 1183, 947, -1, 948, 1183, 949, -1, 944, 943, 1184, -1,
1186, 943, 1187, -1, 1187, 943, 1188, -1, 1188, 943, 118, -1, 118, 943, 119, -1,
119, 943, 942, -1, 955, 897, 956, -1, 956, 897, 957, -1, 957, 897, 958, -1,
958, 897, 959, -1, 959, 897, 960, -1, 960, 897, 954, -1, 960, 953, 961, -1,
961, 953, 962, -1, 962, 953, 963, -1, 963, 953, 964, -1, 964, 953, 952, -1,
964, 951, 965, -1, 965, 951, 966, -1, 966, 951, 967, -1, 967, 951, 968, -1,
968, 951, 969, -1, 969, 951, 950, -1, 985, 983, 1622, -1, 1622, 983, 1055, -1,
1622, 1055, 1623, -1, 1623, 1055, 1054, -1, 1623, 1054, 1624, -1, 1624, 1054, 1053, -1,
1624, 1053, 1625, -1, 1628, 1627, 1051, -1, 1052, 1627, 1053, -1, 1050, 1630, 1051, -1,
1051, 1630, 1629, -1, 1051, 1629, 1628, -1, 1048, 1632, 1049, -1, 1049, 1632, 1631, -1,
1049, 1631, 1630, -1, 1634, 1633, 1044, -1, 1046, 1633, 1047, -1, 1047, 1633, 1632, -1,
1636, 1635, 1043, -1, 1043, 1635, 1044, -1, 1638, 1637, 1041, -1, 1042, 1637, 1043, -1,
1041, 1040, 1638, -1, 1638, 1040, 1639, -1, 1639, 1040, 1640, -1, 1642, 1040, 1643, -1,
1643, 1040, 1644, -1, 1644, 1040, 1645, -1, 1645, 1040, 1039, -1, 1645, 1039, 1646, -1,
1646, 1039, 1647, -1, 1647, 1039, 1648, -1, 1648, 1039, 1038, -1, 1648, 1037, 1649, -1,
1650, 1037, 1036, -1, 1650, 1035, 1651, -1, 1651, 1035, 1652, -1, 1652, 1035, 1653, -1,
1653, 1035, 1654, -1, 1654, 1035, 1034, -1, 1654, 1034, 1655, -1, 1656, 1034, 1657, -1,
1658, 1034, 1659, -1, 1659, 1034, 1660, -1, 1660, 1034, 1033, -1, 1660, 1033, 1661, -1,
1661, 1033, 1662, -1, 1663, 1033, 1032, -1, 1663, 1031, 1664, -1, 1664, 1031, 1665, -1,
1666, 1031, 1030, -1, 1667, 1666, 1023, -1, 1024, 1666, 1025, -1, 1025, 1666, 1026, -1,
1027, 1666, 1028, -1, 1029, 1666, 1030, -1, 1668, 1667, 1020, -1, 1020, 1667, 1021, -1,
1021, 1667, 1022, -1, 1022, 1667, 1023, -1, 1020, 1019, 1668, -1, 1669, 1019, 1670, -1,
1670, 1019, 1018, -1, 131, 987, 986, -1, 131, 986, 1620, -1, 1620, 986, 985, -1,
1620, 985, 1621, -1, 1539, 1538, 1544, -1, 1539, 1544, 1540, -1, 1540, 1544, 1542, -1,
1540, 1542, 1541, -1, 1588, 1587, 1593, -1, 1588, 1593, 1589, -1, 1589, 1593, 1591, -1,
1589, 1591, 1590, -1, 1612, 1611, 1603, -1, 1612, 1603, 1613, -1, 1613, 1603, 1602, -1,
1613, 1602, 131, -1, 131, 1602, 1601, -1, 131, 1601, 1579, -1, 1579, 1601, 1580, -1,
1603, 1611, 1610, -1, 1603, 1610, 1604, -1, 1604, 1609, 1605, -1, 1605, 1609, 1608, -1,
1605, 1608, 1606, -1, 1606, 1608, 1607, -1, 1581, 1580, 1598, -1, 1598, 1580, 1599, -1,
1599, 1580, 1600, -1, 1600, 1580, 1601, -1, 1582, 1581, 1595, -1, 1595, 1581, 1596, -1,
1596, 1581, 1597, -1, 1595, 1594, 1582, -1, 1582, 1594, 1583, -1, 1583, 1594, 1584, -1,
1584, 1594, 1585, -1, 1585, 1594, 1593, -1, 1587, 1586, 1593, -1, 1593, 1586, 1585, -1,
1577, 1576, 1568, -1, 1577, 1568, 1578, -1, 1578, 1568, 1567, -1, 1578, 1567, 131, -1,
131, 1567, 1566, -1, 131, 1566, 1554, -1, 1554, 1566, 1555, -1, 1568, 1576, 1575, -1,
1568, 1575, 1569, -1, 1569, 1574, 1570, -1, 1570, 1574, 1573, -1, 1570, 1573, 1571, -1,
1571, 1573, 1572, -1, 1556, 1555, 1563, -1, 1563, 1555, 1564, -1, 1564, 1555, 1565, -1,
1565, 1555, 1566, -1, 1556, 1562, 1557, -1, 1557, 1562, 1558, -1, 1558, 1562, 1561, -1,
1560, 1559, 1561, -1, 1561, 1559, 1558, -1, 2057, 2056, 1530, -1, 2057, 1530, 1531, -1,
1531, 1530, 131, -1, 1531, 131, 1532, -1, 1532, 131, 1553, -1, 1532, 1553, 1533, -1,
1533, 1553, 1552, -1, 1533, 1552, 1551, -1, 1547, 1546, 1535, -1, 1547, 1535, 1548, -1,
1548, 1535, 1534, -1, 1548, 1534, 1549, -1, 1549, 1534, 1533, -1, 1550, 1533, 1551, -1,
1536, 1535, 1544, -1, 1544, 1535, 1545, -1, 1545, 1535, 1546, -1, 1538, 1537, 1544, -1,
1544, 1537, 1536, -1, 1876, 1887, 1877, -1, 1877, 1887, 1886, -1, 1877, 1886, 1878, -1,
1878, 1886, 1885, -1, 1878, 1885, 1879, -1, 1879, 1885, 1880, -1, 1882, 1881, 1884, -1,
1884, 1881, 1885, -1, 1885, 1881, 1880, -1, 1059, 1058, 1129, -1, 1129, 1058, 1130, -1,
1130, 1058, 1131, -1, 1131, 1058, 1132, -1, 1132, 1058, 1133, -1, 1133, 1058, 1134, -1,
1134, 1058, 1135, -1, 1135, 1058, 1149, -1, 1149, 1058, 1057, -1, 1060, 1059, 1123, -1,
1123, 1059, 1124, -1, 1124, 1059, 1125, -1, 1125, 1059, 1126, -1, 1126, 1059, 1127, -1,
1127, 1059, 1128, -1, 1128, 1059, 1129, -1, 1060, 1123, 1122, -1, 1061, 1122, 1121, -1,
1061, 1121, 1062, -1, 1062, 1121, 1294, -1, 1306, 1305, 1162, -1, 1306, 1162, 1307, -1,
1307, 1162, 1161, -1, 1307, 1161, 1308, -1, 1308, 1161, 1745, -1, 1308, 1745, 1309, -1,
1309, 1745, 1310, -1, 1301, 1167, 1166, -1, 1301, 1166, 1302, -1, 1302, 1166, 1165, -1,
1302, 1165, 1303, -1, 1303, 1165, 1164, -1, 1303, 1164, 1304, -1, 1304, 1164, 1163, -1,
1304, 1163, 1305, -1, 1305, 1163, 1162, -1, 1169, 1168, 1300, -1, 1300, 1168, 1301, -1,
1301, 1168, 1167, -1, 1298, 1297, 1115, -1, 1298, 1115, 1299, -1, 1299, 1115, 1114, -1,
1299, 1114, 1300, -1, 1300, 1114, 1142, -1, 1300, 1142, 1169, -1, 1117, 1116, 1295, -1,
1295, 1116, 1296, -1, 1296, 1116, 1297, -1, 1297, 1116, 1115, -1, 1295, 1294, 1117, -1,
1117, 1294, 1118, -1, 1118, 1294, 1119, -1, 1119, 1294, 1120, -1, 1120, 1294, 1121, -1,
1057, 1056, 1154, -1, 1154, 1056, 1155, -1, 1155, 1056, 1156, -1, 1156, 1056, 1745, -1,
1745, 1056, 1113, -1, 1149, 1057, 1150, -1, 1150, 1057, 1151, -1, 1151, 1057, 1152, -1,
1152, 1057, 1153, -1, 1153, 1057, 1154, -1, 1144, 1143, 1141, -1, 1144, 1141, 1145, -1,
1145, 1141, 1140, -1, 1145, 1140, 1146, -1, 1146, 1140, 1139, -1, 1146, 1139, 1147, -1,
1147, 1139, 1138, -1, 1147, 1138, 1148, -1, 1148, 1138, 1137, -1, 1148, 1137, 1149, -1,
1149, 1137, 1136, -1, 1149, 1136, 1135, -1, 1114, 1141, 1142, -1, 1142, 1141, 1143, -1,
1003, 1719, 1004, -1, 1004, 1719, 1005, -1, 1005, 1719, 1006, -1, 1006, 1719, 1008, -1,
1009, 1719, 1010, -1, 1011, 1719, 1013, -1, 1014, 1719, 1015, -1, 1015, 1719, 1017, -1,
1017, 1719, 1018, -1, 1018, 1719, 1702, -1, 1703, 1702, 1713, -1, 1714, 1702, 1715, -1,
1715, 1702, 1716, -1, 1717, 1702, 1718, -1, 1711, 1710, 1704, -1, 1711, 1704, 1712, -1,
1712, 1704, 1703, -1, 1712, 1703, 1713, -1, 1705, 1704, 1708, -1, 1708, 1704, 1709, -1,
1709, 1704, 1710, -1, 1707, 1706, 1708, -1, 1708, 1706, 1705, -1, 1766, 1765, 1805, -1,
1805, 1765, 197, -1, 198, 1765, 199, -1, 199, 1765, 200, -1, 200, 1765, 201, -1,
201, 1765, 202, -1, 202, 1765, 203, -1, 203, 1765, 204, -1, 204, 1765, 205, -1,
205, 1765, 206, -1, 207, 1765, 208, -1, 210, 1765, 211, -1, 212, 1765, 213, -1,
214, 1765, 215, -1, 216, 1765, 217, -1, 218, 1765, 219, -1, 220, 1765, 221, -1,
221, 1765, 1764, -1, 222, 1764, 223, -1, 223, 1764, 224, -1, 1751, 1750, 1757, -1,
1751, 1757, 1752, -1, 1752, 1757, 1755, -1, 1752, 1755, 1753, -1, 1253, 1252, 1735, -1,
1736, 1252, 1737, -1, 1738, 1252, 1290, -1, 1290, 1252, 1291, -1, 1291, 1252, 1292, -1,
1292, 1252, 1293, -1, 1293, 1252, 1266, -1, 1266, 1252, 1235, -1, 1235, 1252, 1236, -1,
1236, 1252, 1251, -1, 1237, 1236, 1243, -1, 1243, 1236, 1244, -1, 1244, 1236, 1245, -1,
1245, 1236, 1246, -1, 1246, 1236, 1247, -1, 1247, 1236, 1248, -1, 1248, 1236, 1249, -1,
1249, 1236, 1250, -1, 1250, 1236, 1251, -1, 1170, 1237, 1238, -1, 1238, 1237, 1239, -1,
1239, 1237, 1240, -1, 1240, 1237, 1241, -1, 1241, 1237, 1242, -1, 1242, 1237, 1243, -1,
1281, 1280, 1738, -1, 1738, 1280, 1739, -1, 1740, 1280, 1741, -1, 1742, 1280, 1743, -1,
1744, 1280, 1321, -1, 1321, 1280, 1077, -1, 1077, 1280, 1229, -1, 1229, 1280, 1279, -1,
1231, 1230, 1275, -1, 1275, 1230, 1276, -1, 1276, 1230, 1277, -1, 1277, 1230, 1278, -1,
1278, 1230, 1279, -1, 1279, 1230, 1229, -1, 1232, 1231, 1271, -1, 1271, 1231, 1272, -1,
1272, 1231, 1273, -1, 1273, 1231, 1274, -1, 1274, 1231, 1275, -1, 1233, 1232, 1266, -1,
1266, 1232, 1267, -1, 1267, 1232, 1268, -1, 1268, 1232, 1269, -1, 1269, 1232, 1270, -1,
1270, 1232, 1271, -1, 1429, 1428, 1342, -1, 1429, 1342, 1430, -1, 1430, 1342, 1341, -1,
1430, 1341, 1431, -1, 1431, 1341, 185, -1, 1431, 185, 1432, -1, 1432, 185, 1433, -1,
1424, 1347, 1346, -1, 1424, 1346, 1425, -1, 1425, 1346, 1345, -1, 1425, 1345, 1426, -1,
1426, 1345, 1344, -1, 1426, 1344, 1427, -1, 1427, 1344, 1343, -1, 1427, 1343, 1428, -1,
1428, 1343, 1342, -1, 1349, 1348, 1423, -1, 1423, 1348, 1424, -1, 1424, 1348, 1347, -1,
1323, 1322, 1415, -1, 1415, 1322, 1416, -1, 1416, 1322, 1421, -1, 1421, 1322, 1422, -1,
1422, 1322, 1423, -1, 1423, 1322, 1349, -1, 1415, 1414, 1329, -1, 1329, 1414, 1330, -1,
1330, 1414, 1331, -1, 1331, 1414, 1332, -1, 1332, 1414, 1333, -1, 1333, 1414, 1334, -1,
1334, 1414, 1335, -1, 1335, 1414, 1336, -1, 1336, 1414, 187, -1, 187, 1414, 1413, -1,
1323, 1415, 1324, -1, 1324, 1415, 1325, -1, 1325, 1415, 1326, -1, 1326, 1415, 1327, -1,
1327, 1415, 1328, -1, 1328, 1415, 1329, -1, 1350, 1416, 1417, -1, 1417, 1416, 1418, -1,
1418, 1416, 1419, -1, 1419, 1416, 1420, -1, 1420, 1416, 1421, -1, 17, 16, 18, -1,
18, 16, 19, -1, 19, 16, 20, -1, 20, 16, 15, -1, 6, 1404, 29, -1,
6, 29, 7, -1, 7, 29, 28, -1, 7, 28, 8, -1, 8, 28, 27, -1,
8, 27, 9, -1, 9, 27, 26, -1, 9, 26, 10, -1, 10, 26, 25, -1,
10, 25, 11, -1, 11, 25, 24, -1, 11, 24, 12, -1, 12, 24, 23, -1,
12, 23, 13, -1, 13, 23, 22, -1, 13, 22, 14, -1, 14, 22, 21, -1,
14, 21, 15, -1, 15, 21, 20, -1, 30, 29, 1402, -1, 1402, 29, 1403, -1,
1403, 29, 1404, -1, 32, 31, 1398, -1, 1399, 31, 1400, -1, 1400, 31, 1401, -1,
1401, 31, 1402, -1, 1402, 31, 30, -1, 34, 33, 1393, -1, 1395, 33, 1396, -1,
1397, 33, 1398, -1, 1398, 33, 32, -1, 36, 35, 1391, -1, 1391, 35, 1392, -1,
1392, 35, 1393, -1, 1393, 35, 34, -1, 38, 37, 1389, -1, 1389, 37, 1390, -1,
1390, 37, 1391, -1, 1391, 37, 36, -1, 40, 39, 1385, -1, 1386, 39, 1387, -1,
1388, 39, 1389, -1, 1389, 39, 38, -1, 42, 41, 1384, -1, 1384, 41, 1385, -1,
1385, 41, 40, -1, 1382, 44, 1383, -1, 1383, 44, 43, -1, 1383, 43, 1384, -1,
1384, 43, 42, -1, 45, 44, 1213, -1, 1213, 44, 1214, -1, 1214, 44, 1215, -1,
1217, 44, 1218, -1, 1219, 44, 1220, -1, 1221, 44, 1222, -1, 1222, 44, 1223, -1,
1223, 44, 1224, -1, 1224, 44, 1225, -1, 1225, 44, 1226, -1, 1226, 44, 235, -1,
236, 44, 237, -1, 238, 44, 239, -1, 240, 44, 241, -1, 242, 44, 243, -1,
244, 44, 245, -1, 246, 44, 247, -1, 248, 44, 249, -1, 250, 44, 251, -1,
253, 44, 254, -1, 197, 44, 1853, -1, 1854, 44, 1855, -1, 1856, 44, 1857, -1,
1858, 44, 1859, -1, 1860, 44, 1861, -1, 1862, 44, 1863, -1, 1864, 44, 1865, -1,
1866, 44, 1867, -1, 1868, 44, 1869, -1, 1870, 44, 1871, -1, 1872, 44, 1873, -1,
1873, 44, 1874, -1, 1875, 44, 1887, -1, 1887, 44, 1888, -1, 1889, 44, 1890, -1,
1891, 44, 1892, -1, 1892, 44, 1893, -1, 1893, 44, 1894, -1, 1894, 44, 1896, -1,
1897, 44, 1899, -1, 1899, 44, 1900, -1, 1900, 44, 1901, -1, 1901, 44, 1902, -1,
1902, 44, 1903, -1, 1903, 44, 1904, -1, 1905, 44, 1906, -1, 1907, 44, 1908, -1,
1908, 44, 1909, -1, 1909, 44, 1910, -1, 1910, 44, 1911, -1, 1911, 44, 1912, -1,
1913, 44, 1914, -1, 1915, 44, 1916, -1, 1916, 44, 1917, -1, 1917, 44, 1918, -1,
1918, 44, 1919, -1, 1919, 44, 1920, -1, 1921, 44, 1922, -1, 1923, 44, 1924, -1,
1924, 44, 1925, -1, 1925, 44, 1926, -1, 1926, 44, 1927, -1, 1927, 44, 1928, -1,
1929, 44, 1930, -1, 1931, 44, 1932, -1, 1932, 44, 1933, -1, 1933, 44, 1934, -1,
1934, 44, 1935, -1, 1935, 44, 1936, -1, 1937, 44, 1938, -1, 1939, 44, 1940, -1,
1941, 44, 1942, -1, 1942, 44, 1943, -1, 1943, 44, 1531, -1, 1531, 44, 2018, -1,
2018, 44, 2019, -1, 2019, 44, 2020, -1, 2020, 44, 2021, -1, 2021, 44, 2022, -1,
2022, 44, 2023, -1, 2023, 44, 2024, -1, 2024, 44, 2025, -1, 2025, 44, 2026, -1,
2026, 44, 2027, -1, 2027, 44, 2028, -1, 2028, 44, 2029, -1, 2029, 44, 2002, -1,
2002, 44, 1373, -1, 1374, 44, 1375, -1, 1375, 44, 1376, -1, 1377, 44, 1378, -1,
1379, 44, 1380, -1, 1380, 44, 1381, -1, 1371, 1370, 1957, -1, 1957, 1370, 1958, -1,
1959, 1370, 1960, -1, 1961, 1370, 1962, -1, 1963, 1370, 1964, -1, 1965, 1370, 1966, -1,
1967, 1370, 1968, -1, 1969, 1370, 1970, -1, 1971, 1370, 1972, -1, 1972, 1370, 1973, -1,
1973, 1370, 1974, -1, 1974, 1370, 1975, -1, 1976, 1370, 1457, -1, 1458, 1370, 1369, -1,
1372, 1371, 2002, -1, 2002, 1371, 1946, -1, 1947, 1371, 1948, -1, 1949, 1371, 1950, -1,
1951, 1371, 1952, -1, 1953, 1371, 1954, -1, 1955, 1371, 1956, -1, 1946, 1945, 2002, -1,
2002, 1945, 2031, -1, 2031, 1945, 2032, -1, 2032, 1945, 2033, -1, 2033, 1945, 2034, -1,
2034, 1945, 2035, -1, 2035, 1945, 2036, -1, 2036, 1945, 2037, -1, 2037, 1945, 2038, -1,
2038, 1945, 2039, -1, 2039, 1945, 2040, -1, 2040, 1945, 2041, -1, 2041, 1945, 2042, -1,
2042, 1945, 2043, -1, 2043, 1945, 2044, -1, 2044, 1945, 1944, -1, 2003, 2002, 2057, -1,
2057, 2002, 2030, -1, 2030, 2002, 2031, -1, 2014, 2013, 2057, -1, 2014, 2057, 2015, -1,
2015, 2057, 1531, -1, 2015, 1531, 2016, -1, 2016, 1531, 2017, -1, 1845, 1844, 1820, -1,
1820, 1844, 1821, -1, 1822, 1844, 1823, -1, 1817, 1816, 1846, -1, 1817, 1846, 1818, -1,
1818, 1845, 1819, -1, 1812, 1847, 1813, -1, 1814, 1847, 1815, -1, 1815, 1847, 1816, -1,
1816, 1847, 1846, -1, 1849, 1848, 197, -1, 197, 1848, 1809, -1, 1810, 1848, 1811, -1,
1809, 1807, 197, -1, 197, 1807, 1805, -1, 1805, 1807, 1806, -1, 1803, 1802, 1790, -1,
1803, 1790, 1804, -1, 1804, 1790, 1789, -1, 1804, 1789, 1805, -1, 1805, 1789, 1788, -1,
1805, 1788, 1773, -1, 1773, 1788, 1774, -1, 1766, 1805, 1771, -1, 1771, 1805, 1772, -1,
1850, 197, 1851, -1, 1852, 197, 1853, -1, 225, 224, 1109, -1, 1109, 224, 1757, -1,
1757, 224, 1758, -1, 1760, 224, 1761, -1, 1762, 224, 1763, -1, 1109, 1757, 1746, -1,
1746, 1757, 1747, -1, 1748, 1757, 1749, -1, 1746, 1745, 1109, -1, 1110, 1745, 1111, -1,
1111, 1745, 1112, -1, 1112, 1745, 1113, -1, 226, 1109, 227, -1, 228, 1109, 229, -1,
230, 1109, 231, -1, 1102, 231, 1103, -1, 1104, 231, 1105, -1, 1105, 231, 1106, -1,
1106, 231, 1107, -1, 1107, 231, 1108, -1, 233, 232, 1098, -1, 1098, 232, 1099, -1,
1100, 232, 1101, -1, 1088, 233, 1089, -1, 1090, 233, 1091, -1, 1092, 233, 1093, -1,
1094, 233, 1095, -1, 1096, 233, 1097, -1, 1077, 1226, 1078, -1, 1078, 1226, 1079, -1,
1080, 1226, 1081, -1, 1082, 1226, 1083, -1, 1084, 1226, 1085, -1, 1086, 1226, 1087, -1,
1088, 1226, 234, -1, 234, 1226, 235, -1, 1213, 1212, 45, -1, 45, 1212, 46, -1,
46, 1212, 47, -1, 47, 1212, 1211, -1, 1210, 49, 1211, -1, 1211, 49, 48, -1,
1211, 48, 47, -1, 50, 49, 1207, -1, 1208, 49, 1209, -1, 52, 51, 1205, -1,
1205, 51, 1206, -1, 1206, 51, 1207, -1, 1207, 51, 50, -1, 54, 53, 1203, -1,
1204, 53, 1205, -1, 1205, 53, 52, -1, 56, 55, 1200, -1, 1201, 55, 1202, -1,
1202, 55, 1203, -1, 1203, 55, 54, -1, 58, 57, 1195, -1, 1196, 57, 1197, -1,
1197, 57, 1198, -1, 1199, 57, 1200, -1, 1200, 57, 56, -1, 60, 59, 1192, -1,
1192, 59, 1193, -1, 1193, 59, 1194, -1, 1194, 59, 1195, -1, 1195, 59, 58, -1,
117, 116, 1191, -1, 1191, 116, 1192, -1, 1192, 116, 60, -1, 60, 116, 61, -1,
61, 116, 115, -1, 115, 114, 61, -1, 61, 114, 62, -1, 62, 114, 63, -1,
63, 114, 113, -1, 113, 112, 63, -1, 63, 112, 64, -1, 64, 112, 65, -1,
65, 112, 111, -1, 111, 110, 65, -1, 65, 110, 66, -1, 66, 110, 67, -1,
67, 110, 109, -1, 109, 108, 67, -1, 67, 108, 68, -1, 68, 108, 69, -1,
69, 108, 107, -1, 70, 69, 105, -1, 105, 69, 106, -1, 106, 69, 107, -1,
72, 71, 103, -1, 103, 71, 104, -1, 104, 71, 105, -1, 105, 71, 70, -1,
74, 73, 98, -1, 98, 73, 99, -1, 99, 73, 100, -1, 100, 73, 101, -1,
101, 73, 102, -1, 102, 73, 103, -1, 103, 73, 72, -1, 96, 77, 76, -1,
96, 76, 97, -1, 97, 76, 75, -1, 97, 75, 98, -1, 98, 75, 74, -1,
93, 92, 80, -1, 93, 80, 94, -1, 94, 80, 79, -1, 94, 79, 95, -1,
95, 79, 78, -1, 95, 78, 96, -1, 96, 78, 77, -1, 90, 83, 82, -1,
90, 82, 91, -1, 91, 82, 81, -1, 91, 81, 92, -1, 92, 81, 80, -1,
85, 84, 89, -1, 89, 84, 90, -1, 90, 84, 83, -1, 85, 89, 86, -1,
86, 89, 87, -1, 87, 89, 88, -1, 1404, 6, 1405, -1, 1405, 6, 1406, -1,
1406, 6, 1407, -1, 1407, 6, 5, -1, 5, 4, 1407, -1, 1407, 4, 1408, -1,
1408, 4, 1409, -1, 1409, 4, 1410, -1, 1410, 4, 3, -1, 3, 2, 1410, -1,
1410, 2, 1411, -1, 1411, 2, 1412, -1, 1412, 2, 1, -1, 1413, 1412, 191, -1,
192, 1412, 193, -1, 194, 1412, 195, -1, 195, 1412, 196, -1, 139, 1412, 0, -1,
0, 1412, 1, -1, 188, 1413, 189, -1, 190, 1413, 191, -1, 186, 1338, 187, -1,
187, 1338, 1337, -1, 187, 1337, 1336, -1, 1338, 185, 1339, -1, 1339, 185, 1340, -1,
1340, 185, 1341, -1, 184, 1435, 185, -1, 185, 1435, 1434, -1, 185, 1434, 1433, -1,
1435, 183, 1436, -1, 1436, 183, 1437, -1, 1437, 183, 1438, -1, 1438, 183, 1439, -1,
1439, 183, 1440, -1, 1440, 183, 182, -1, 1440, 181, 1441, -1, 1441, 181, 1442, -1,
1442, 181, 1443, -1, 1443, 181, 1444, -1, 1444, 181, 1417, -1, 1417, 181, 180, -1,
1351, 1350, 177, -1, 178, 1350, 179, -1, 180, 1350, 1417, -1, 176, 1353, 177, -1,
177, 1353, 1352, -1, 1355, 1354, 169, -1, 170, 1354, 171, -1, 172, 1354, 173, -1,
174, 1354, 175, -1, 175, 1354, 1353, -1, 1356, 1355, 1475, -1, 1475, 1355, 1476, -1,
1477, 1355, 1478, -1, 1479, 1355, 166, -1, 166, 1355, 167, -1, 168, 1355, 169, -1,
166, 165, 1479, -1, 1480, 165, 1481, -1, 1481, 165, 1482, -1, 1482, 165, 1483, -1,
1483, 165, 1484, -1, 1484, 165, 131, -1, 131, 165, 164, -1, 1357, 1356, 1471, -1,
1472, 1356, 1473, -1, 1474, 1356, 1475, -1, 1358, 1357, 1467, -1, 1468, 1357, 1469, -1,
1470, 1357, 1471, -1, 1360, 1359, 1465, -1, 1466, 1359, 1467, -1, 1362, 1361, 1463, -1,
1464, 1361, 1465, -1, 1462, 1364, 1463, -1, 1364, 1461, 1365, -1, 1365, 1461, 1366, -1,
1366, 1461, 1367, -1, 1367, 1461, 1460, -1, 1367, 1459, 1368, -1, 1368, 1459, 1369, -1,
1369, 1459, 1458, -1, 140, 0, 141, -1, 141, 0, 142, -1, 142, 0, 143, -1,
143, 0, 144, -1, 144, 0, 145, -1, 145, 0, 138, -1, 138, 137, 145, -1,
145, 137, 146, -1, 146, 137, 147, -1, 147, 137, 136, -1, 136, 135, 147, -1,
147, 135, 148, -1, 149, 135, 150, -1, 152, 135, 153, -1, 153, 135, 154, -1,
154, 135, 134, -1, 134, 133, 154, -1, 154, 133, 155, -1, 156, 133, 157, -1,
158, 133, 159, -1, 160, 133, 132, -1, 132, 131, 160, -1, 160, 131, 161, -1,
162, 131, 163, -1, 1484, 131, 1485, -1, 1485, 131, 1486, -1, 1486, 131, 1487, -1,
1487, 131, 1488, -1, 1489, 131, 1490, -1, 1492, 131, 1493, -1, 1494, 131, 1495, -1,
1496, 131, 1517, -1, 1517, 131, 1518, -1, 1518, 131, 1519, -1, 1519, 131, 1520, -1,
1520, 131, 1521, -1, 1521, 131, 1522, -1, 1522, 131, 1523, -1, 1523, 131, 1524, -1,
1524, 131, 1525, -1, 1525, 131, 1526, -1, 1526, 131, 1527, -1, 1527, 131, 1528, -1,
1528, 131, 1529, -1, 1529, 131, 1530, -1, 1504, 1503, 1502, -1, 1502, 1503, 1445, -1,
1446, 1503, 1447, -1, 1447, 1503, 1984, -1, 1984, 1503, 1985, -1, 1986, 1503, 1987, -1,
1989, 1503, 1990, -1, 1991, 1503, 1992, -1, 1993, 1503, 1994, -1, 1995, 1503, 1996, -1,
1996, 1503, 1530, -1, 1447, 1984, 1983, -1, 1447, 1983, 1448, -1, 1448, 1983, 1982, -1,
1448, 1982, 1449, -1, 1997, 1530, 1998, -1, 1999, 1530, 2000, -1, 2001, 1530, 1944, -1,
1944, 1530, 2044, -1, 2044, 1530, 2045, -1, 2045, 1530, 2046, -1, 2046, 1530, 2047, -1,
2047, 1530, 2048, -1, 2048, 1530, 2049, -1, 2049, 1530, 2050, -1, 2050, 1530, 2051, -1,
2051, 1530, 2052, -1, 2052, 1530, 2053, -1, 2053, 1530, 2054, -1, 2054, 1530, 2055, -1,
2055, 1530, 2056, -1, 2003, 2057, 2004, -1, 2004, 2057, 2005, -1, 2005, 2057, 2006, -1,
2006, 2057, 2007, -1, 2007, 2057, 2008, -1, 2008, 2057, 2009, -1, 2009, 2057, 2010, -1,
2010, 2057, 2011, -1, 2011, 2057, 2012, -1, 2012, 2057, 2013, -1, 1613, 131, 1614, -1,
1614, 131, 1615, -1, 1615, 131, 1616, -1, 1616, 131, 1617, -1, 1617, 131, 1618, -1,
1618, 131, 1619, -1, 987, 131, 988, -1, 988, 131, 989, -1, 989, 131, 990, -1,
990, 131, 991, -1, 991, 131, 992, -1, 992, 131, 993, -1, 993, 131, 994, -1,
994, 131, 995, -1, 995, 131, 996, -1, 996, 131, 997, -1, 997, 131, 998, -1,
998, 131, 999, -1, 999, 131, 1000, -1, 1001, 131, 1002, -1, 1002, 131, 1003, -1,
1003, 131, 1724, -1, 1724, 131, 1725, -1, 1725, 131, 1726, -1, 1726, 131, 1727, -1,
1727, 131, 1728, -1, 1729, 131, 1730, -1, 1731, 131, 130, -1, 1670, 1018, 1671, -1,
1672, 1018, 1673, -1, 1675, 1018, 1676, -1, 1677, 1018, 1678, -1, 1679, 1018, 1680, -1,
1680, 1018, 1681, -1, 1681, 1018, 1683, -1, 1684, 1018, 1685, -1, 1687, 1018, 1688, -1,
1689, 1018, 1690, -1, 1690, 1018, 1691, -1, 1691, 1018, 1702, -1, 1691, 1701, 1700, -1,
1691, 1700, 1692, -1, 1692, 1700, 1699, -1, 1692, 1699, 1693, -1, 1693, 1699, 1694, -1,
1720, 1003, 1721, -1, 1721, 1003, 1722, -1, 1722, 1003, 1723, -1, 1723, 1003, 1724, -1,
1260, 1733, 1261, -1, 1261, 1733, 130, -1, 130, 1733, 1731, -1, 1156, 1745, 1157, -1,
1157, 1745, 1158, -1, 1158, 1745, 1159, -1, 1159, 1745, 1160, -1, 1160, 1745, 1161, -1,
1310, 1745, 1311, -1, 1311, 1745, 1312, -1, 1312, 1745, 1313, -1, 1313, 1745, 1314, -1,
1314, 1745, 1315, -1, 1315, 1745, 1316, -1, 1316, 1745, 1317, -1, 1317, 1745, 1744, -1,
1317, 1744, 1318, -1, 1318, 1744, 1319, -1, 1319, 1744, 1320, -1, 1320, 1744, 1321, -1,
1064, 1294, 1065, -1, 1066, 1294, 1067, -1, 1068, 1294, 1069, -1, 1069, 1294, 1321, -1,
1070, 1321, 1071, -1, 1072, 1321, 1073, -1, 1074, 1321, 1075, -1, 1076, 1321, 1077, -1,
1229, 1228, 1077, -1, 1077, 1228, 1227, -1, 1281, 1738, 1282, -1, 1282, 1738, 1283, -1,
1283, 1738, 1284, -1, 1284, 1738, 1285, -1, 1285, 1738, 1286, -1, 1286, 1738, 1287, -1,
1287, 1738, 1288, -1, 1288, 1738, 1289, -1, 1289, 1738, 1290, -1, 1235, 1234, 1266, -1,
1266, 1234, 1233, -1, 1253, 1735, 1254, -1, 1254, 1735, 1255, -1, 1255, 1735, 1256, -1,
1256, 1735, 1257, -1, 1257, 1735, 1734, -1, 1257, 1734, 1258, -1, 1258, 1734, 1259, -1,
1259, 1734, 1260, -1, 1262, 1261, 130, -1, 1262, 130, 1263, -1, 1263, 130, 129, -1,
1263, 129, 1264, -1, 1264, 129, 1265, -1, 1265, 129, 1238, -1, 1238, 129, 1170, -1,
1170, 129, 1171, -1, 1171, 129, 128, -1, 918, 127, 919, -1, 919, 127, 920, -1,
920, 127, 921, -1, 921, 127, 922, -1, 922, 127, 923, -1, 923, 127, 126, -1,
126, 125, 923, -1, 923, 125, 924, -1, 924, 125, 925, -1, 925, 125, 124, -1,
124, 123, 925, -1, 925, 123, 926, -1, 927, 123, 928, -1, 930, 123, 931, -1,
931, 123, 122, -1, 122, 121, 931, -1, 931, 121, 932, -1, 932, 121, 933, -1,
934, 121, 935, -1, 936, 121, 937, -1, 938, 121, 120, -1, 120, 119, 938, -1,
938, 119, 939, -1, 940, 119, 941, -1, 118, 117, 1188, -1, 1188, 117, 1189, -1,
1189, 117, 1190, -1, 1190, 117, 1191, -1, 1497, 1496, 1512, -1, 1512, 1496, 1513, -1,
1513, 1496, 1514, -1, 1514, 1496, 1515, -1, 1515, 1496, 1516, -1, 1516, 1496, 1517, -1,
1499, 1498, 1509, -1, 1509, 1498, 1510, -1, 1510, 1498, 1511, -1, 1511, 1498, 1512, -1,
1501, 1500, 1505, -1, 1505, 1500, 1506, -1, 1506, 1500, 1507, -1, 1507, 1500, 1508, -1,
1508, 1500, 1509, -1, 1504, 1502, 1505, -1, 1977, 1457, 1978, -1, 1978, 1457, 1979, -1,
1979, 1457, 1980, -1, 1980, 1457, 1456, -1, 1454, 1981, 1455, -1, 1455, 1981, 1980, -1,
1450, 1982, 1451, -1, 1452, 1982, 1453, -1, 1453, 1982, 1981, -1, 2070, 2096, 2077, -1,
2070, 2077, 2071, -1, 2071, 2077, 2076, -1, 2071, 2076, 2072, -1, 2072, 2076, 2075, -1,
2072, 2075, 2073, -1, 2073, 2075, 2074, -1, 2078, 2077, 2093, -1, 2093, 2077, 2094, -1,
2094, 2077, 2095, -1, 2095, 2077, 2096, -1, 2090, 2089, 2079, -1, 2090, 2079, 2091, -1,
2091, 2079, 2078, -1, 2091, 2078, 2092, -1, 2092, 2078, 2093, -1, 2087, 2086, 2080, -1,
2087, 2080, 2088, -1, 2088, 2080, 2079, -1, 2088, 2079, 2089, -1, 2058, 2081, 2083, -1,
2083, 2081, 2084, -1, 2084, 2081, 2085, -1, 2085, 2081, 2086, -1, 2086, 2081, 2080, -1,
2059, 2058, 2065, -1, 2065, 2058, 2066, -1, 2066, 2058, 2109, -1, 2109, 2058, 2082, -1,
2082, 2058, 2083, -1, 2096, 2070, 2097, -1, 2097, 2070, 2098, -1, 2098, 2070, 2099, -1,
2099, 2070, 2069, -1, 2100, 2099, 2069, -1, 2100, 2069, 2101, -1, 2101, 2069, 2068, -1,
2101, 2068, 2102, -1, 2102, 2068, 2103, -1, 2105, 2104, 2067, -1, 2067, 2104, 2068, -1,
2068, 2104, 2103, -1, 2107, 2106, 2066, -1, 2066, 2106, 2067, -1, 2067, 2106, 2105, -1,
2109, 2108, 2066, -1, 2066, 2108, 2107, -1, 2059, 2065, 2064, -1, 2059, 2064, 2060, -1,
2060, 2064, 2063, -1, 2060, 2063, 2061, -1, 2061, 2063, 2062, -1, 2122, 2148, 2129, -1,
2122, 2129, 2123, -1, 2123, 2129, 2128, -1, 2123, 2128, 2124, -1, 2124, 2128, 2127, -1,
2124, 2127, 2125, -1, 2125, 2127, 2126, -1, 2130, 2129, 2145, -1, 2145, 2129, 2146, -1,
2146, 2129, 2147, -1, 2147, 2129, 2148, -1, 2142, 2141, 2131, -1, 2142, 2131, 2143, -1,
2143, 2131, 2130, -1, 2143, 2130, 2144, -1, 2144, 2130, 2145, -1, 2139, 2138, 2132, -1,
2139, 2132, 2140, -1, 2140, 2132, 2131, -1, 2140, 2131, 2141, -1, 2110, 2133, 2135, -1,
2135, 2133, 2136, -1, 2136, 2133, 2137, -1, 2137, 2133, 2138, -1, 2138, 2133, 2132, -1,
2111, 2110, 2117, -1, 2117, 2110, 2118, -1, 2118, 2110, 2161, -1, 2161, 2110, 2134, -1,
2134, 2110, 2135, -1, 2148, 2122, 2149, -1, 2149, 2122, 2150, -1, 2150, 2122, 2151, -1,
2151, 2122, 2121, -1, 2152, 2151, 2121, -1, 2152, 2121, 2153, -1, 2153, 2121, 2120, -1,
2153, 2120, 2154, -1, 2154, 2120, 2155, -1, 2157, 2156, 2119, -1, 2119, 2156, 2120, -1,
2120, 2156, 2155, -1, 2159, 2158, 2118, -1, 2118, 2158, 2119, -1, 2119, 2158, 2157, -1,
2161, 2160, 2118, -1, 2118, 2160, 2159, -1, 2111, 2117, 2116, -1, 2111, 2116, 2112, -1,
2112, 2116, 2115, -1, 2112, 2115, 2113, -1, 2113, 2115, 2114, -1, 2174, 2200, 2181, -1,
2174, 2181, 2175, -1, 2175, 2181, 2180, -1, 2175, 2180, 2176, -1, 2176, 2180, 2179, -1,
2176, 2179, 2177, -1, 2177, 2179, 2178, -1, 2182, 2181, 2197, -1, 2197, 2181, 2198, -1,
2198, 2181, 2199, -1, 2199, 2181, 2200, -1, 2194, 2193, 2183, -1, 2194, 2183, 2195, -1,
2195, 2183, 2182, -1, 2195, 2182, 2196, -1, 2196, 2182, 2197, -1, 2191, 2190, 2184, -1,
2191, 2184, 2192, -1, 2192, 2184, 2183, -1, 2192, 2183, 2193, -1, 2162, 2185, 2187, -1,
2187, 2185, 2188, -1, 2188, 2185, 2189, -1, 2189, 2185, 2190, -1, 2190, 2185, 2184, -1,
2163, 2162, 2169, -1, 2169, 2162, 2170, -1, 2170, 2162, 2213, -1, 2213, 2162, 2186, -1,
2186, 2162, 2187, -1, 2200, 2174, 2201, -1, 2201, 2174, 2202, -1, 2202, 2174, 2203, -1,
2203, 2174, 2173, -1, 2204, 2203, 2173, -1, 2204, 2173, 2205, -1, 2205, 2173, 2172, -1,
2205, 2172, 2206, -1, 2206, 2172, 2207, -1, 2209, 2208, 2171, -1, 2171, 2208, 2172, -1,
2172, 2208, 2207, -1, 2211, 2210, 2170, -1, 2170, 2210, 2171, -1, 2171, 2210, 2209, -1,
2213, 2212, 2170, -1, 2170, 2212, 2211, -1, 2163, 2169, 2168, -1, 2163, 2168, 2164, -1,
2164, 2168, 2167, -1, 2164, 2167, 2165, -1, 2165, 2167, 2166, -1, 2226, 2252, 2233, -1,
2226, 2233, 2227, -1, 2227, 2233, 2232, -1, 2227, 2232, 2228, -1, 2228, 2232, 2231, -1,
2228, 2231, 2229, -1, 2229, 2231, 2230, -1, 2234, 2233, 2249, -1, 2249, 2233, 2250, -1,
2250, 2233, 2251, -1, 2251, 2233, 2252, -1, 2246, 2245, 2235, -1, 2246, 2235, 2247, -1,
2247, 2235, 2234, -1, 2247, 2234, 2248, -1, 2248, 2234, 2249, -1, 2243, 2242, 2236, -1,
2243, 2236, 2244, -1, 2244, 2236, 2235, -1, 2244, 2235, 2245, -1, 2214, 2237, 2239, -1,
2239, 2237, 2240, -1, 2240, 2237, 2241, -1, 2241, 2237, 2242, -1, 2242, 2237, 2236, -1,
2215, 2214, 2221, -1, 2221, 2214, 2222, -1, 2222, 2214, 2265, -1, 2265, 2214, 2238, -1,
2238, 2214, 2239, -1, 2252, 2226, 2253, -1, 2253, 2226, 2254, -1, 2254, 2226, 2255, -1,
2255, 2226, 2225, -1, 2256, 2255, 2225, -1, 2256, 2225, 2257, -1, 2257, 2225, 2224, -1,
2257, 2224, 2258, -1, 2258, 2224, 2259, -1, 2261, 2260, 2223, -1, 2223, 2260, 2224, -1,
2224, 2260, 2259, -1, 2263, 2262, 2222, -1, 2222, 2262, 2223, -1, 2223, 2262, 2261, -1,
2265, 2264, 2222, -1, 2222, 2264, 2263, -1, 2215, 2221, 2220, -1, 2215, 2220, 2216, -1,
2216, 2220, 2219, -1, 2216, 2219, 2217, -1, 2217, 2219, 2218, -1, 1695, 1699, 1696, -1,
1696, 1699, 1698, -1, 1696, 1698, 1697, -1, 1766, 1771, 1767, -1, 1767, 1771, 1769, -1,
1769, 1771, 1770, -1, 2297, 2296, 2295, -1, 2297, 2295, 2298, -1, 2298, 2295, 2294, -1,
2298, 2294, 2291, -1, 2291, 2294, 2292, -1, 2300, 2299, 2289, -1, 2289, 2299, 2290, -1,
2290, 2299, 2291, -1, 2291, 2299, 2298, -1, 2300, 2289, 2301, -1, 2301, 2289, 2302, -1,
2302, 2289, 2303, -1, 2303, 2289, 2306, -1, 2306, 2289, 2307, -1, 2307, 2289, 2288, -1,
2307, 2288, 2308, -1, 2308, 2288, 2319, -1, 2319, 2288, 2320, -1, 2320, 2288, 2321, -1,
2321, 2288, 2322, -1, 2322, 2288, 2323, -1, 2323, 2288, 2324, -1, 2324, 2288, 2287, -1,
2310, 2309, 2318, -1, 2318, 2309, 2319, -1, 2319, 2309, 2308, -1, 2310, 2318, 2311, -1,
2311, 2318, 2312, -1, 2312, 2318, 2313, -1, 2313, 2318, 2317, -1, 2314, 2341, 2266, -1,
2314, 2266, 2315, -1, 2315, 2266, 2313, -1, 2315, 2313, 2316, -1, 2316, 2313, 2317, -1,
1791, 1790, 1802, -1, 1792, 1801, 1793, -1, 1793, 1801, 1800, -1, 1794, 1799, 1795, -1,
1795, 1799, 1798, -1, 1795, 1798, 1796, -1, 1796, 1798, 1797, -1, 1775, 1774, 1786, -1,
1776, 1785, 1777, -1, 1777, 1785, 1784, -1, 1778, 1783, 1779, -1, 1779, 1783, 1782, -1,
1779, 1782, 1780, -1, 1780, 1782, 1781, -1, 1788, 1787, 1774, -1, 1774, 1787, 1786, -1,
2305, 2304, 2306, -1, 2306, 2304, 2303, -1, 2278, 2328, 2285, -1, 2278, 2285, 2279, -1,
2279, 2285, 2284, -1, 2279, 2284, 2280, -1, 2280, 2284, 2283, -1, 2280, 2283, 2281, -1,
2281, 2283, 2282, -1, 2286, 2285, 2325, -1, 2325, 2285, 2326, -1, 2326, 2285, 2327, -1,
2327, 2285, 2328, -1, 2324, 2287, 2325, -1, 2325, 2287, 2286, -1, 2328, 2278, 2329, -1,
2329, 2278, 2330, -1, 2330, 2278, 2331, -1, 2331, 2278, 2277, -1, 2332, 2331, 2277, -1,
2332, 2277, 2333, -1, 2333, 2277, 2276, -1, 2333, 2276, 2334, -1, 2334, 2276, 2335, -1,
2337, 2336, 2275, -1, 2275, 2336, 2276, -1, 2276, 2336, 2335, -1, 2339, 2338, 2274, -1,
2274, 2338, 2275, -1, 2275, 2338, 2337, -1, 2339, 2274, 2340, -1, 2340, 2274, 2341, -1,
2341, 2274, 2266, -1, 2266, 2274, 2273, -1, 2271, 2269, 2268, -1, 2271, 2268, 2272, -1,
2272, 2268, 2267, -1, 2272, 2267, 2273, -1, 2273, 2267, 2266, -1, 2354, 2380, 2361, -1,
2354, 2361, 2355, -1, 2355, 2361, 2360, -1, 2355, 2360, 2356, -1, 2356, 2360, 2359, -1,
2356, 2359, 2357, -1, 2357, 2359, 2358, -1, 2362, 2361, 2377, -1, 2377, 2361, 2378, -1,
2378, 2361, 2379, -1, 2379, 2361, 2380, -1, 2374, 2373, 2363, -1, 2374, 2363, 2375, -1,
2375, 2363, 2362, -1, 2375, 2362, 2376, -1, 2376, 2362, 2377, -1, 2371, 2370, 2364, -1,
2371, 2364, 2372, -1, 2372, 2364, 2363, -1, 2372, 2363, 2373, -1, 2342, 2365, 2367, -1,
2367, 2365, 2368, -1, 2368, 2365, 2369, -1, 2369, 2365, 2370, -1, 2370, 2365, 2364, -1,
2343, 2342, 2349, -1, 2349, 2342, 2350, -1, 2350, 2342, 2393, -1, 2393, 2342, 2366, -1,
2366, 2342, 2367, -1, 2380, 2354, 2381, -1, 2381, 2354, 2382, -1, 2382, 2354, 2383, -1,
2383, 2354, 2353, -1, 2384, 2383, 2353, -1, 2384, 2353, 2385, -1, 2385, 2353, 2352, -1,
2385, 2352, 2386, -1, 2386, 2352, 2387, -1, 2389, 2388, 2351, -1, 2351, 2388, 2352, -1,
2352, 2388, 2387, -1, 2391, 2390, 2350, -1, 2350, 2390, 2351, -1, 2351, 2390, 2389, -1,
2393, 2392, 2350, -1, 2350, 2392, 2391, -1, 2343, 2349, 2348, -1, 2343, 2348, 2344, -1,
2344, 2348, 2347, -1, 2344, 2347, 2345, -1, 2345, 2347, 2346, -1, 2406, 2432, 2413, -1,
2406, 2413, 2407, -1, 2407, 2413, 2412, -1, 2407, 2412, 2408, -1, 2408, 2412, 2411, -1,
2408, 2411, 2409, -1, 2409, 2411, 2410, -1, 2414, 2413, 2429, -1, 2429, 2413, 2430, -1,
2430, 2413, 2431, -1, 2431, 2413, 2432, -1, 2426, 2425, 2415, -1, 2426, 2415, 2427, -1,
2427, 2415, 2414, -1, 2427, 2414, 2428, -1, 2428, 2414, 2429, -1, 2423, 2422, 2416, -1,
2423, 2416, 2424, -1, 2424, 2416, 2415, -1, 2424, 2415, 2425, -1, 2394, 2417, 2419, -1,
2419, 2417, 2420, -1, 2420, 2417, 2421, -1, 2421, 2417, 2422, -1, 2422, 2417, 2416, -1,
2395, 2394, 2401, -1, 2401, 2394, 2402, -1, 2402, 2394, 2445, -1, 2445, 2394, 2418, -1,
2418, 2394, 2419, -1, 2432, 2406, 2433, -1, 2433, 2406, 2434, -1, 2434, 2406, 2435, -1,
2435, 2406, 2405, -1, 2436, 2435, 2405, -1, 2436, 2405, 2437, -1, 2437, 2405, 2404, -1,
2437, 2404, 2438, -1, 2438, 2404, 2439, -1, 2441, 2440, 2403, -1, 2403, 2440, 2404, -1,
2404, 2440, 2439, -1, 2443, 2442, 2402, -1, 2402, 2442, 2403, -1, 2403, 2442, 2441, -1,
2445, 2444, 2402, -1, 2402, 2444, 2443, -1, 2395, 2401, 2400, -1, 2395, 2400, 2396, -1,
2396, 2400, 2399, -1, 2396, 2399, 2397, -1, 2397, 2399, 2398, -1, 2269, 2271, 2270, -1,
1767, 1769, 1768, -1, 2292, 2294, 2293, -1, 1683, 1682, 1681, -1, 127, 1171, 128, -1,
1691, 1702, 1701, -1, 1015, 1017, 1016, -1, 1006, 1008, 1007, -1, 131, 1579, 1578, -1,
131, 1554, 1553, -1, 1894, 1896, 1895, -1, 1531, 2018, 2017, -1, 2002, 1373, 1372, -1,
1882, 1884, 1883, -1, 1542, 1544, 1543, -1, 1591, 1593, 1592, -1, 888, 890, 889, -1,
872, 874, 873, -1, 856, 858, 857, -1, 840, 842, 841, -1, 824, 826, 825, -1,
808, 810, 809, -1, 792, 794, 793, -1, 776, 778, 777, -1, 760, 762, 761, -1,
744, 746, 745, -1, 728, 730, 729, -1, 712, 714, 713, -1, 696, 698, 697, -1,
680, 682, 681, -1, 664, 666, 665, -1, 648, 650, 649, -1, 632, 634, 633, -1,
616, 618, 617, -1, 600, 602, 601, -1, 584, 586, 585, -1, 568, 570, 569, -1,
552, 554, 553, -1, 536, 538, 537, -1, 520, 522, 521, -1, 504, 506, 505, -1,
488, 490, 489, -1, 472, 474, 473, -1, 456, 458, 457, -1, 440, 442, 441, -1,
424, 426, 425, -1, 408, 410, 409, -1, 392, 394, 393, -1, 275, 277, 276, -1,
285, 376, 375, -1, 258, 260, 259, -1
            ]
          }
        }
      ]
    }
  ]
}
Transform {
  children [
    Group {
      children [
        Shape {
          appearance Appearance {
            material Material {
              diffuseColor 0.5 0.5 0.5
              specularColor 0.8 0.8 0.8
              emissiveColor 0 0 0
              ambientIntensity 0.7
              transparency 0
              shininess 0.7
            }
          }
          geometry IndexedFaceSet {
            solid TRUE
            coord Coordinate {
              point [
57.080906 -37.501264 -0.319882, 57.074793 -37.486504 -0.319882,
57.063496 -37.475207 -0.319882, 57.048736 -37.469094 -0.319882,
57.03276 -37.469094 -0.319882, 57.018 -37.475207 -0.319882,
57.006704 -37.486504 -0.319882, 57.00059 -37.501264 -0.319882,
57.00059 -37.51724 -0.319882, 57.006704 -37.532 -0.319882,
57.018 -37.543296 -0.319882, 57.03276 -37.54941 -0.319882,
57.048736 -37.54941 -0.319882, 57.063496 -37.543296 -0.319882,
57.074793 -37.532 -0.319882, 57.080906 -37.51724 -0.319882,
57.474607 -37.501264 -0.319882, 57.468493 -37.486504 -0.319882,
57.457196 -37.475207 -0.319882, 57.442437 -37.469094 -0.319882,
57.426461 -37.469094 -0.319882, 57.411701 -37.475207 -0.319882,
57.400404 -37.486504 -0.319882, 57.394291 -37.501264 -0.319882,
57.394291 -37.51724 -0.319882, 57.400404 -37.532 -0.319882,
57.411701 -37.543296 -0.319882, 57.426461 -37.54941 -0.319882,
57.442437 -37.54941 -0.319882, 57.457196 -37.543296 -0.319882,
57.468493 -37.532 -0.319882, 57.474607 -37.51724 -0.319882,
57.868308 -37.501264 -0.319882, 57.862194 -37.486504 -0.319882,
57.850897 -37.475207 -0.319882, 57.836137 -37.469094 -0.319882,
57.820162 -37.469094 -0.319882, 57.805402 -37.475207 -0.319882,
57.794105 -37.486504 -0.319882, 57.787991 -37.501264 -0.319882,
57.787991 -37.51724 -0.319882, 57.794105 -37.532 -0.319882,
57.805402 -37.543296 -0.319882, 57.820162 -37.54941 -0.319882,
57.836137 -37.54941 -0.319882, 57.850897 -37.543296 -0.319882,
57.862194 -37.532 -0.319882, 57.868308 -37.51724 -0.319882,
58.262009 -37.501264 -0.319882, 58.255895 -37.486504 -0.319882,
58.244598 -37.475207 -0.319882, 58.229838 -37.469094 -0.319882,
58.213863 -37.469094 -0.319882, 58.199103 -37.475207 -0.319882,
58.187806 -37.486504 -0.319882, 58.181692 -37.501264 -0.319882,
58.181692 -37.51724 -0.319882, 58.187806 -37.532 -0.319882,
58.199103 -37.543296 -0.319882, 58.213863 -37.54941 -0.319882,
58.229838 -37.54941 -0.319882, 58.244598 -37.543296 -0.319882,
58.255895 -37.532 -0.319882, 58.262009 -37.51724 -0.319882,
59.04941 -37.501264 -0.319882, 59.043296 -37.486504 -0.319882,
59.032 -37.475207 -0.319882, 59.01724 -37.469094 -0.319882,
59.001264 -37.469094 -0.319882, 58.986504 -37.475207 -0.319882,
58.975207 -37.486504 -0.319882, 58.969094 -37.501264 -0.319882,
58.969094 -37.51724 -0.319882, 58.975207 -37.532 -0.319882,
58.986504 -37.543296 -0.319882, 59.001264 -37.54941 -0.319882,
59.01724 -37.54941 -0.319882, 59.032 -37.543296 -0.319882,
59.043296 -37.532 -0.319882, 59.04941 -37.51724 -0.319882,
58.655709 -37.501264 -0.319882, 58.649596 -37.486504 -0.319882,
58.638299 -37.475207 -0.319882, 58.623539 -37.469094 -0.319882,
58.607563 -37.469094 -0.319882, 58.592804 -37.475207 -0.319882,
58.581507 -37.486504 -0.319882, 58.575393 -37.501264 -0.319882,
58.575393 -37.51724 -0.319882, 58.581507 -37.532 -0.319882,
58.592804 -37.543296 -0.319882, 58.607563 -37.54941 -0.319882,
58.623539 -37.54941 -0.319882, 58.638299 -37.543296 -0.319882,
58.649596 -37.532 -0.319882, 58.655709 -37.51724 -0.319882,
57.080906 -37.107563 -0.319882, 57.074793 -37.092804 -0.319882,
57.063496 -37.081507 -0.319882, 57.048736 -37.075393 -0.319882,
57.03276 -37.075393 -0.319882, 57.018 -37.081507 -0.319882,
57.006704 -37.092804 -0.319882, 57.00059 -37.107563 -0.319882,
57.00059 -37.123539 -0.319882, 57.006704 -37.138299 -0.319882,
57.018 -37.149596 -0.319882, 57.03276 -37.155709 -0.319882,
57.048736 -37.155709 -0.319882, 57.063496 -37.149596 -0.319882,
57.074793 -37.138299 -0.319882, 57.080906 -37.123539 -0.319882,
57.474607 -37.107563 -0.319882, 57.468493 -37.092804 -0.319882,
57.457196 -37.081507 -0.319882, 57.442437 -37.075393 -0.319882,
57.426461 -37.075393 -0.319882, 57.411701 -37.081507 -0.319882,
57.400404 -37.092804 -0.319882, 57.394291 -37.107563 -0.319882,
57.394291 -37.123539 -0.319882, 57.400404 -37.138299 -0.319882,
57.411701 -37.149596 -0.319882, 57.426461 -37.155709 -0.319882,
57.442437 -37.155709 -0.319882, 57.457196 -37.149596 -0.319882,
57.468493 -37.138299 -0.319882, 57.474607 -37.123539 -0.319882,
57.868308 -37.107563 -0.319882, 57.862194 -37.092804 -0.319882,
57.850897 -37.081507 -0.319882, 57.836137 -37.075393 -0.319882,
57.820162 -37.075393 -0.319882, 57.805402 -37.081507 -0.319882,
57.794105 -37.092804 -0.319882, 57.787991 -37.107563 -0.319882,
57.787991 -37.123539 -0.319882, 57.794105 -37.138299 -0.319882,
57.805402 -37.149596 -0.319882, 57.820162 -37.155709 -0.319882,
57.836137 -37.155709 -0.319882, 57.850897 -37.149596 -0.319882,
57.862194 -37.138299 -0.319882, 57.868308 -37.123539 -0.319882,
58.262009 -37.107563 -0.319882, 58.255895 -37.092804 -0.319882,
58.244598 -37.081507 -0.319882, 58.229838 -37.075393 -0.319882,
58.213863 -37.075393 -0.319882, 58.199103 -37.081507 -0.319882,
58.187806 -37.092804 -0.319882, 58.181692 -37.107563 -0.319882,
58.181692 -37.123539 -0.319882, 58.187806 -37.138299 -0.319882,
58.199103 -37.149596 -0.319882, 58.213863 -37.155709 -0.319882,
58.229838 -37.155709 -0.319882, 58.244598 -37.149596 -0.319882,
58.255895 -37.138299 -0.319882, 58.262009 -37.123539 -0.319882,
58.655709 -37.107563 -0.319882, 58.649596 -37.092804 -0.319882,
58.638299 -37.081507 -0.319882, 58.623539 -37.075393 -0.319882,
58.607563 -37.075393 -0.319882, 58.592804 -37.081507 -0.319882,
58.581507 -37.092804 -0.319882, 58.575393 -37.107563 -0.319882,
58.575393 -37.123539 -0.319882, 58.581507 -37.138299 -0.319882,
58.592804 -37.149596 -0.319882, 58.607563 -37.155709 -0.319882,
58.623539 -37.155709 -0.319882, 58.638299 -37.149596 -0.319882,
58.649596 -37.138299 -0.319882, 58.655709 -37.123539 -0.319882,
59.04941 -37.107563 -0.319882, 59.043296 -37.092804 -0.319882,
59.032 -37.081507 -0.319882, 59.01724 -37.075393 -0.319882,
59.001264 -37.075393 -0.319882, 58.986504 -37.081507 -0.319882,
58.975207 -37.092804 -0.319882, 58.969094 -37.107563 -0.319882,
58.969094 -37.123539 -0.319882, 58.975207 -37.138299 -0.319882,
58.986504 -37.149596 -0.319882, 59.001264 -37.155709 -0.319882,
59.01724 -37.155709 -0.319882, 59.032 -37.149596 -0.319882,
59.043296 -37.138299 -0.319882, 59.04941 -37.123539 -0.319882,
57.080906 -36.713863 -0.319882, 57.074793 -36.699103 -0.319882,
57.063496 -36.687806 -0.319882, 57.048736 -36.681692 -0.319882,
57.03276 -36.681692 -0.319882, 57.018 -36.687806 -0.319882,
57.006704 -36.699103 -0.319882, 57.00059 -36.713863 -0.319882,
57.00059 -36.729838 -0.319882, 57.006704 -36.744598 -0.319882,
57.018 -36.755895 -0.319882, 57.03276 -36.762009 -0.319882,
57.048736 -36.762009 -0.319882, 57.063496 -36.755895 -0.319882,
57.074793 -36.744598 -0.319882, 57.080906 -36.729838 -0.319882,
57.474607 -36.713863 -0.319882, 57.468493 -36.699103 -0.319882,
57.457196 -36.687806 -0.319882, 57.442437 -36.681692 -0.319882,
57.426461 -36.681692 -0.319882, 57.411701 -36.687806 -0.319882,
57.400404 -36.699103 -0.319882, 57.394291 -36.713863 -0.319882,
57.394291 -36.729838 -0.319882, 57.400404 -36.744598 -0.319882,
57.411701 -36.755895 -0.319882, 57.426461 -36.762009 -0.319882,
57.442437 -36.762009 -0.319882, 57.457196 -36.755895 -0.319882,
57.468493 -36.744598 -0.319882, 57.474607 -36.729838 -0.319882,
57.868308 -36.713863 -0.319882, 57.862194 -36.699103 -0.319882,
57.850897 -36.687806 -0.319882, 57.836137 -36.681692 -0.319882,
57.820162 -36.681692 -0.319882, 57.805402 -36.687806 -0.319882,
57.794105 -36.699103 -0.319882, 57.787991 -36.713863 -0.319882,
57.787991 -36.729838 -0.319882, 57.794105 -36.744598 -0.319882,
57.805402 -36.755895 -0.319882, 57.820162 -36.762009 -0.319882,
57.836137 -36.762009 -0.319882, 57.850897 -36.755895 -0.319882,
57.862194 -36.744598 -0.319882, 57.868308 -36.729838 -0.319882,
58.262009 -36.713863 -0.319882, 58.255895 -36.699103 -0.319882,
58.244598 -36.687806 -0.319882, 58.229838 -36.681692 -0.319882,
58.213863 -36.681692 -0.319882, 58.199103 -36.687806 -0.319882,
58.187806 -36.699103 -0.319882, 58.181692 -36.713863 -0.319882,
58.181692 -36.729838 -0.319882, 58.187806 -36.744598 -0.319882,
58.199103 -36.755895 -0.319882, 58.213863 -36.762009 -0.319882,
58.229838 -36.762009 -0.319882, 58.244598 -36.755895 -0.319882,
58.255895 -36.744598 -0.319882, 58.262009 -36.729838 -0.319882,
58.655709 -36.713863 -0.319882, 58.649596 -36.699103 -0.319882,
58.638299 -36.687806 -0.319882, 58.623539 -36.681692 -0.319882,
58.607563 -36.681692 -0.319882, 58.592804 -36.687806 -0.319882,
58.581507 -36.699103 -0.319882, 58.575393 -36.713863 -0.319882,
58.575393 -36.729838 -0.319882, 58.581507 -36.744598 -0.319882,
58.592804 -36.755895 -0.319882, 58.607563 -36.762009 -0.319882,
58.623539 -36.762009 -0.319882, 58.638299 -36.755895 -0.319882,
58.649596 -36.744598 -0.319882, 58.655709 -36.729838 -0.319882,
59.04941 -36.713863 -0.319882, 59.043296 -36.699103 -0.319882,
59.032 -36.687806 -0.319882, 59.01724 -36.681692 -0.319882,
59.001264 -36.681692 -0.319882, 58.986504 -36.687806 -0.319882,
58.975207 -36.699103 -0.319882, 58.969094 -36.713863 -0.319882,
58.969094 -36.729838 -0.319882, 58.975207 -36.744598 -0.319882,
58.986504 -36.755895 -0.319882, 59.001264 -36.762009 -0.319882,
59.01724 -36.762009 -0.319882, 59.032 -36.755895 -0.319882,
59.043296 -36.744598 -0.319882, 59.04941 -36.729838 -0.319882,
57.080906 -36.320162 -0.319882, 57.074793 -36.305402 -0.319882,
57.063496 -36.294105 -0.319882, 57.048736 -36.287991 -0.319882,
57.03276 -36.287991 -0.319882, 57.018 -36.294105 -0.319882,
57.006704 -36.305402 -0.319882, 57.00059 -36.320162 -0.319882,
57.00059 -36.336137 -0.319882, 57.006704 -36.350897 -0.319882,
57.018 -36.362194 -0.319882, 57.03276 -36.368308 -0.319882,
57.048736 -36.368308 -0.319882, 57.063496 -36.362194 -0.319882,
57.074793 -36.350897 -0.319882, 57.080906 -36.336137 -0.319882,
57.474607 -36.320162 -0.319882, 57.468493 -36.305402 -0.319882,
57.457196 -36.294105 -0.319882, 57.442437 -36.287991 -0.319882,
57.426461 -36.287991 -0.319882, 57.411701 -36.294105 -0.319882,
57.400404 -36.305402 -0.319882, 57.394291 -36.320162 -0.319882,
57.394291 -36.336137 -0.319882, 57.400404 -36.350897 -0.319882,
57.411701 -36.362194 -0.319882, 57.426461 -36.368308 -0.319882,
57.442437 -36.368308 -0.319882, 57.457196 -36.362194 -0.319882,
57.468493 -36.350897 -0.319882, 57.474607 -36.336137 -0.319882,
57.868308 -36.320162 -0.319882, 57.862194 -36.305402 -0.319882,
57.850897 -36.294105 -0.319882, 57.836137 -36.287991 -0.319882,
57.820162 -36.287991 -0.319882, 57.805402 -36.294105 -0.319882,
57.794105 -36.305402 -0.319882, 57.787991 -36.320162 -0.319882,
57.787991 -36.336137 -0.319882, 57.794105 -36.350897 -0.319882,
57.805402 -36.362194 -0.319882, 57.820162 -36.368308 -0.319882,
57.836137 -36.368308 -0.319882, 57.850897 -36.362194 -0.319882,
57.862194 -36.350897 -0.319882, 57.868308 -36.336137 -0.319882,
58.262009 -36.320162 -0.319882, 58.255895 -36.305402 -0.319882,
58.244598 -36.294105 -0.319882, 58.229838 -36.287991 -0.319882,
58.213863 -36.287991 -0.319882, 58.199103 -36.294105 -0.319882,
58.187806 -36.305402 -0.319882, 58.181692 -36.320162 -0.319882,
58.181692 -36.336137 -0.319882, 58.187806 -36.350897 -0.319882,
58.199103 -36.362194 -0.319882, 58.213863 -36.368308 -0.319882,
58.229838 -36.368308 -0.319882, 58.244598 -36.362194 -0.319882,
58.255895 -36.350897 -0.319882, 58.262009 -36.336137 -0.319882,
58.655709 -36.320162 -0.319882, 58.649596 -36.305402 -0.319882,
58.638299 -36.294105 -0.319882, 58.623539 -36.287991 -0.319882,
58.607563 -36.287991 -0.319882, 58.592804 -36.294105 -0.319882,
58.581507 -36.305402 -0.319882, 58.575393 -36.320162 -0.319882,
58.575393 -36.336137 -0.319882, 58.581507 -36.350897 -0.319882,
58.592804 -36.362194 -0.319882, 58.607563 -36.368308 -0.319882,
58.623539 -36.368308 -0.319882, 58.638299 -36.362194 -0.319882,
58.649596 -36.350897 -0.319882, 58.655709 -36.336137 -0.319882,
59.04941 -36.320162 -0.319882, 59.043296 -36.305402 -0.319882,
59.032 -36.294105 -0.319882, 59.01724 -36.287991 -0.319882,
59.001264 -36.287991 -0.319882, 58.986504 -36.294105 -0.319882,
58.975207 -36.305402 -0.319882, 58.969094 -36.320162 -0.319882,
58.969094 -36.336137 -0.319882, 58.975207 -36.350897 -0.319882,
58.986504 -36.362194 -0.319882, 59.001264 -36.368308 -0.319882,
59.01724 -36.368308 -0.319882, 59.032 -36.362194 -0.319882,
59.043296 -36.350897 -0.319882, 59.04941 -36.336137 -0.319882,
57.080906 -35.926461 -0.319882, 57.074793 -35.911701 -0.319882,
57.063496 -35.900404 -0.319882, 57.048736 -35.894291 -0.319882,
57.03276 -35.894291 -0.319882, 57.018 -35.900404 -0.319882,
57.006704 -35.911701 -0.319882, 57.00059 -35.926461 -0.319882,
57.00059 -35.942437 -0.319882, 57.006704 -35.957196 -0.319882,
57.018 -35.968493 -0.319882, 57.03276 -35.974607 -0.319882,
57.048736 -35.974607 -0.319882, 57.063496 -35.968493 -0.319882,
57.074793 -35.957196 -0.319882, 57.080906 -35.942437 -0.319882,
57.474607 -35.926461 -0.319882, 57.468493 -35.911701 -0.319882,
57.457196 -35.900404 -0.319882, 57.442437 -35.894291 -0.319882,
57.426461 -35.894291 -0.319882, 57.411701 -35.900404 -0.319882,
57.400404 -35.911701 -0.319882, 57.394291 -35.926461 -0.319882,
57.394291 -35.942437 -0.319882, 57.400404 -35.957196 -0.319882,
57.411701 -35.968493 -0.319882, 57.426461 -35.974607 -0.319882,
57.442437 -35.974607 -0.319882, 57.457196 -35.968493 -0.319882,
57.468493 -35.957196 -0.319882, 57.474607 -35.942437 -0.319882,
57.868308 -35.926461 -0.319882, 57.862194 -35.911701 -0.319882,
57.850897 -35.900404 -0.319882, 57.836137 -35.894291 -0.319882,
57.820162 -35.894291 -0.319882, 57.805402 -35.900404 -0.319882,
57.794105 -35.911701 -0.319882, 57.787991 -35.926461 -0.319882,
57.787991 -35.942437 -0.319882, 57.794105 -35.957196 -0.319882,
57.805402 -35.968493 -0.319882, 57.820162 -35.974607 -0.319882,
57.836137 -35.974607 -0.319882, 57.850897 -35.968493 -0.319882,
57.862194 -35.957196 -0.319882, 57.868308 -35.942437 -0.319882,
58.262009 -35.926461 -0.319882, 58.255895 -35.911701 -0.319882,
58.244598 -35.900404 -0.319882, 58.229838 -35.894291 -0.319882,
58.213863 -35.894291 -0.319882, 58.199103 -35.900404 -0.319882,
58.187806 -35.911701 -0.319882, 58.181692 -35.926461 -0.319882,
58.181692 -35.942437 -0.319882, 58.187806 -35.957196 -0.319882,
58.199103 -35.968493 -0.319882, 58.213863 -35.974607 -0.319882,
58.229838 -35.974607 -0.319882, 58.244598 -35.968493 -0.319882,
58.255895 -35.957196 -0.319882, 58.262009 -35.942437 -0.319882,
58.655709 -35.926461 -0.319882, 58.649596 -35.911701 -0.319882,
58.638299 -35.900404 -0.319882, 58.623539 -35.894291 -0.319882,
58.607563 -35.894291 -0.319882, 58.592804 -35.900404 -0.319882,
58.581507 -35.911701 -0.319882, 58.575393 -35.926461 -0.319882,
58.575393 -35.942437 -0.319882, 58.581507 -35.957196 -0.319882,
58.592804 -35.968493 -0.319882, 58.607563 -35.974607 -0.319882,
58.623539 -35.974607 -0.319882, 58.638299 -35.968493 -0.319882,
58.649596 -35.957196 -0.319882, 58.655709 -35.942437 -0.319882,
59.04941 -35.926461 -0.319882, 59.043296 -35.911701 -0.319882,
59.032 -35.900404 -0.319882, 59.01724 -35.894291 -0.319882,
59.001264 -35.894291 -0.319882, 58.986504 -35.900404 -0.319882,
58.975207 -35.911701 -0.319882, 58.969094 -35.926461 -0.319882,
58.969094 -35.942437 -0.319882, 58.975207 -35.957196 -0.319882,
58.986504 -35.968493 -0.319882, 59.001264 -35.974607 -0.319882,
59.01724 -35.974607 -0.319882, 59.032 -35.968493 -0.319882,
59.043296 -35.957196 -0.319882, 59.04941 -35.942437 -0.319882,
57.080906 -35.53276 -0.319882, 57.074793 -35.518 -0.319882,
57.063496 -35.506704 -0.319882, 57.048736 -35.50059 -0.319882,
57.03276 -35.50059 -0.319882, 57.018 -35.506704 -0.319882,
57.006704 -35.518 -0.319882, 57.00059 -35.53276 -0.319882,
57.00059 -35.548736 -0.319882, 57.006704 -35.563496 -0.319882,
57.018 -35.574793 -0.319882, 57.03276 -35.580906 -0.319882,
57.048736 -35.580906 -0.319882, 57.063496 -35.574793 -0.319882,
57.074793 -35.563496 -0.319882, 57.080906 -35.548736 -0.319882,
57.474607 -35.53276 -0.319882, 57.468493 -35.518 -0.319882,
57.457196 -35.506704 -0.319882, 57.442437 -35.50059 -0.319882,
57.426461 -35.50059 -0.319882, 57.411701 -35.506704 -0.319882,
57.400404 -35.518 -0.319882, 57.394291 -35.53276 -0.319882,
57.394291 -35.548736 -0.319882, 57.400404 -35.563496 -0.319882,
57.411701 -35.574793 -0.319882, 57.426461 -35.580906 -0.319882,
57.442437 -35.580906 -0.319882, 57.457196 -35.574793 -0.319882,
57.468493 -35.563496 -0.319882, 57.474607 -35.548736 -0.319882,
57.868308 -35.53276 -0.319882, 57.862194 -35.518 -0.319882,
57.850897 -35.506704 -0.319882, 57.836137 -35.50059 -0.319882,
57.820162 -35.50059 -0.319882, 57.805402 -35.506704 -0.319882,
57.794105 -35.518 -0.319882, 57.787991 -35.53276 -0.319882,
57.787991 -35.548736 -0.319882, 57.794105 -35.563496 -0.319882,
57.805402 -35.574793 -0.319882, 57.820162 -35.580906 -0.319882,
57.836137 -35.580906 -0.319882, 57.850897 -35.574793 -0.319882,
57.862194 -35.563496 -0.319882, 57.868308 -35.548736 -0.319882,
58.262009 -35.53276 -0.319882, 58.255895 -35.518 -0.319882,
58.244598 -35.506704 -0.319882, 58.229838 -35.50059 -0.319882,
58.213863 -35.50059 -0.319882, 58.199103 -35.506704 -0.319882,
58.187806 -35.518 -0.319882, 58.181692 -35.53276 -0.319882,
58.181692 -35.548736 -0.319882, 58.187806 -35.563496 -0.319882,
58.199103 -35.574793 -0.319882, 58.213863 -35.580906 -0.319882,
58.229838 -35.580906 -0.319882, 58.244598 -35.574793 -0.319882,
58.255895 -35.563496 -0.319882, 58.262009 -35.548736 -0.319882,
58.655709 -35.53276 -0.319882, 58.649596 -35.518 -0.319882,
58.638299 -35.506704 -0.319882, 58.623539 -35.50059 -0.319882,
58.607563 -35.50059 -0.319882, 58.592804 -35.506704 -0.319882,
58.581507 -35.518 -0.319882, 58.575393 -35.53276 -0.319882,
58.575393 -35.548736 -0.319882, 58.581507 -35.563496 -0.319882,
58.592804 -35.574793 -0.319882, 58.607563 -35.580906 -0.319882,
58.623539 -35.580906 -0.319882, 58.638299 -35.574793 -0.319882,
58.649596 -35.563496 -0.319882, 58.655709 -35.548736 -0.319882,
59.04941 -35.53276 -0.319882, 59.043296 -35.518 -0.319882,
59.032 -35.506704 -0.319882, 59.01724 -35.50059 -0.319882,
59.001264 -35.50059 -0.319882, 58.986504 -35.506704 -0.319882,
58.975207 -35.518 -0.319882, 58.969094 -35.53276 -0.319882,
58.969094 -35.548736 -0.319882, 58.975207 -35.563496 -0.319882,
58.986504 -35.574793 -0.319882, 59.001264 -35.580906 -0.319882,
59.01724 -35.580906 -0.319882, 59.032 -35.574793 -0.319882,
59.043296 -35.563496 -0.319882, 59.04941 -35.548736 -0.319882
              ]
            }
            coordIndex [
9, 7, 6, -1, 9, 6, 10, -1, 10, 6, 5, -1, 10, 5, 11, -1,
11, 5, 4, -1, 11, 4, 12, -1, 12, 4, 3, -1, 12, 3, 13, -1,
13, 3, 2, -1, 13, 2, 14, -1, 14, 2, 1, -1, 14, 1, 15, -1,
15, 1, 0, -1, 25, 23, 22, -1, 25, 22, 26, -1, 26, 22, 21, -1,
26, 21, 27, -1, 27, 21, 20, -1, 27, 20, 28, -1, 28, 20, 19, -1,
28, 19, 29, -1, 29, 19, 18, -1, 29, 18, 30, -1, 30, 18, 17, -1,
30, 17, 31, -1, 31, 17, 16, -1, 41, 39, 38, -1, 41, 38, 42, -1,
42, 38, 37, -1, 42, 37, 43, -1, 43, 37, 36, -1, 43, 36, 44, -1,
44, 36, 35, -1, 44, 35, 45, -1, 45, 35, 34, -1, 45, 34, 46, -1,
46, 34, 33, -1, 46, 33, 47, -1, 47, 33, 32, -1, 57, 55, 54, -1,
57, 54, 58, -1, 58, 54, 53, -1, 58, 53, 59, -1, 59, 53, 52, -1,
59, 52, 60, -1, 60, 52, 51, -1, 60, 51, 61, -1, 61, 51, 50, -1,
61, 50, 62, -1, 62, 50, 49, -1, 62, 49, 63, -1, 63, 49, 48, -1,
73, 71, 70, -1, 73, 70, 74, -1, 74, 70, 69, -1, 74, 69, 75, -1,
75, 69, 68, -1, 75, 68, 76, -1, 76, 68, 67, -1, 76, 67, 77, -1,
77, 67, 66, -1, 77, 66, 78, -1, 78, 66, 65, -1, 78, 65, 79, -1,
79, 65, 64, -1, 89, 87, 86, -1, 89, 86, 90, -1, 90, 86, 85, -1,
90, 85, 91, -1, 91, 85, 84, -1, 91, 84, 92, -1, 92, 84, 83, -1,
92, 83, 93, -1, 93, 83, 82, -1, 93, 82, 94, -1, 94, 82, 81, -1,
94, 81, 95, -1, 95, 81, 80, -1, 105, 103, 102, -1, 105, 102, 106, -1,
106, 102, 101, -1, 106, 101, 107, -1, 107, 101, 100, -1, 107, 100, 108, -1,
108, 100, 99, -1, 108, 99, 109, -1, 109, 99, 98, -1, 109, 98, 110, -1,
110, 98, 97, -1, 110, 97, 111, -1, 111, 97, 96, -1, 121, 119, 118, -1,
121, 118, 122, -1, 122, 118, 117, -1, 122, 117, 123, -1, 123, 117, 116, -1,
123, 116, 124, -1, 124, 116, 115, -1, 124, 115, 125, -1, 125, 115, 114, -1,
125, 114, 126, -1, 126, 114, 113, -1, 126, 113, 127, -1, 127, 113, 112, -1,
137, 135, 134, -1, 137, 134, 138, -1, 138, 134, 133, -1, 138, 133, 139, -1,
139, 133, 132, -1, 139, 132, 140, -1, 140, 132, 131, -1, 140, 131, 141, -1,
141, 131, 130, -1, 141, 130, 142, -1, 142, 130, 129, -1, 142, 129, 143, -1,
143, 129, 128, -1, 153, 151, 150, -1, 153, 150, 154, -1, 154, 150, 149, -1,
154, 149, 155, -1, 155, 149, 148, -1, 155, 148, 156, -1, 156, 148, 147, -1,
156, 147, 157, -1, 157, 147, 146, -1, 157, 146, 158, -1, 158, 146, 145, -1,
158, 145, 159, -1, 159, 145, 144, -1, 169, 167, 166, -1, 169, 166, 170, -1,
170, 166, 165, -1, 170, 165, 171, -1, 171, 165, 164, -1, 171, 164, 172, -1,
172, 164, 163, -1, 172, 163, 173, -1, 173, 163, 162, -1, 173, 162, 174, -1,
174, 162, 161, -1, 174, 161, 175, -1, 175, 161, 160, -1, 185, 183, 182, -1,
185, 182, 186, -1, 186, 182, 181, -1, 186, 181, 187, -1, 187, 181, 180, -1,
187, 180, 188, -1, 188, 180, 179, -1, 188, 179, 189, -1, 189, 179, 178, -1,
189, 178, 190, -1, 190, 178, 177, -1, 190, 177, 191, -1, 191, 177, 176, -1,
201, 199, 198, -1, 201, 198, 202, -1, 202, 198, 197, -1, 202, 197, 203, -1,
203, 197, 196, -1, 203, 196, 204, -1, 204, 196, 195, -1, 204, 195, 205, -1,
205, 195, 194, -1, 205, 194, 206, -1, 206, 194, 193, -1, 206, 193, 207, -1,
207, 193, 192, -1, 217, 215, 214, -1, 217, 214, 218, -1, 218, 214, 213, -1,
218, 213, 219, -1, 219, 213, 212, -1, 219, 212, 220, -1, 220, 212, 211, -1,
220, 211, 221, -1, 221, 211, 210, -1, 221, 210, 222, -1, 222, 210, 209, -1,
222, 209, 223, -1, 223, 209, 208, -1, 233, 231, 230, -1, 233, 230, 234, -1,
234, 230, 229, -1, 234, 229, 235, -1, 235, 229, 228, -1, 235, 228, 236, -1,
236, 228, 227, -1, 236, 227, 237, -1, 237, 227, 226, -1, 237, 226, 238, -1,
238, 226, 225, -1, 238, 225, 239, -1, 239, 225, 224, -1, 249, 247, 246, -1,
249, 246, 250, -1, 250, 246, 245, -1, 250, 245, 251, -1, 251, 245, 244, -1,
251, 244, 252, -1, 252, 244, 243, -1, 252, 243, 253, -1, 253, 243, 242, -1,
253, 242, 254, -1, 254, 242, 241, -1, 254, 241, 255, -1, 255, 241, 240, -1,
265, 263, 262, -1, 265, 262, 266, -1, 266, 262, 261, -1, 266, 261, 267, -1,
267, 261, 260, -1, 267, 260, 268, -1, 268, 260, 259, -1, 268, 259, 269, -1,
269, 259, 258, -1, 269, 258, 270, -1, 270, 258, 257, -1, 270, 257, 271, -1,
271, 257, 256, -1, 281, 279, 278, -1, 281, 278, 282, -1, 282, 278, 277, -1,
282, 277, 283, -1, 283, 277, 276, -1, 283, 276, 284, -1, 284, 276, 275, -1,
284, 275, 285, -1, 285, 275, 274, -1, 285, 274, 286, -1, 286, 274, 273, -1,
286, 273, 287, -1, 287, 273, 272, -1, 297, 295, 294, -1, 297, 294, 298, -1,
298, 294, 293, -1, 298, 293, 299, -1, 299, 293, 292, -1, 299, 292, 300, -1,
300, 292, 291, -1, 300, 291, 301, -1, 301, 291, 290, -1, 301, 290, 302, -1,
302, 290, 289, -1, 302, 289, 303, -1, 303, 289, 288, -1, 313, 311, 310, -1,
313, 310, 314, -1, 314, 310, 309, -1, 314, 309, 315, -1, 315, 309, 308, -1,
315, 308, 316, -1, 316, 308, 307, -1, 316, 307, 317, -1, 317, 307, 306, -1,
317, 306, 318, -1, 318, 306, 305, -1, 318, 305, 319, -1, 319, 305, 304, -1,
329, 327, 326, -1, 329, 326, 330, -1, 330, 326, 325, -1, 330, 325, 331, -1,
331, 325, 324, -1, 331, 324, 332, -1, 332, 324, 323, -1, 332, 323, 333, -1,
333, 323, 322, -1, 333, 322, 334, -1, 334, 322, 321, -1, 334, 321, 335, -1,
335, 321, 320, -1, 345, 343, 342, -1, 345, 342, 346, -1, 346, 342, 341, -1,
346, 341, 347, -1, 347, 341, 340, -1, 347, 340, 348, -1, 348, 340, 339, -1,
348, 339, 349, -1, 349, 339, 338, -1, 349, 338, 350, -1, 350, 338, 337, -1,
350, 337, 351, -1, 351, 337, 336, -1, 361, 359, 358, -1, 361, 358, 362, -1,
362, 358, 357, -1, 362, 357, 363, -1, 363, 357, 356, -1, 363, 356, 364, -1,
364, 356, 355, -1, 364, 355, 365, -1, 365, 355, 354, -1, 365, 354, 366, -1,
366, 354, 353, -1, 366, 353, 367, -1, 367, 353, 352, -1, 377, 375, 374, -1,
377, 374, 378, -1, 378, 374, 373, -1, 378, 373, 379, -1, 379, 373, 372, -1,
379, 372, 380, -1, 380, 372, 371, -1, 380, 371, 381, -1, 381, 371, 370, -1,
381, 370, 382, -1, 382, 370, 369, -1, 382, 369, 383, -1, 383, 369, 368, -1,
393, 391, 390, -1, 393, 390, 394, -1, 394, 390, 389, -1, 394, 389, 395, -1,
395, 389, 388, -1, 395, 388, 396, -1, 396, 388, 387, -1, 396, 387, 397, -1,
397, 387, 386, -1, 397, 386, 398, -1, 398, 386, 385, -1, 398, 385, 399, -1,
399, 385, 384, -1, 409, 407, 406, -1, 409, 406, 410, -1, 410, 406, 405, -1,
410, 405, 411, -1, 411, 405, 404, -1, 411, 404, 412, -1, 412, 404, 403, -1,
412, 403, 413, -1, 413, 403, 402, -1, 413, 402, 414, -1, 414, 402, 401, -1,
414, 401, 415, -1, 415, 401, 400, -1, 425, 423, 422, -1, 425, 422, 426, -1,
426, 422, 421, -1, 426, 421, 427, -1, 427, 421, 420, -1, 427, 420, 428, -1,
428, 420, 419, -1, 428, 419, 429, -1, 429, 419, 418, -1, 429, 418, 430, -1,
430, 418, 417, -1, 430, 417, 431, -1, 431, 417, 416, -1, 441, 439, 438, -1,
441, 438, 442, -1, 442, 438, 437, -1, 442, 437, 443, -1, 443, 437, 436, -1,
443, 436, 444, -1, 444, 436, 435, -1, 444, 435, 445, -1, 445, 435, 434, -1,
445, 434, 446, -1, 446, 434, 433, -1, 446, 433, 447, -1, 447, 433, 432, -1,
457, 455, 454, -1, 457, 454, 458, -1, 458, 454, 453, -1, 458, 453, 459, -1,
459, 453, 452, -1, 459, 452, 460, -1, 460, 452, 451, -1, 460, 451, 461, -1,
461, 451, 450, -1, 461, 450, 462, -1, 462, 450, 449, -1, 462, 449, 463, -1,
463, 449, 448, -1, 473, 471, 470, -1, 473, 470, 474, -1, 474, 470, 469, -1,
474, 469, 475, -1, 475, 469, 468, -1, 475, 468, 476, -1, 476, 468, 467, -1,
476, 467, 477, -1, 477, 467, 466, -1, 477, 466, 478, -1, 478, 466, 465, -1,
478, 465, 479, -1, 479, 465, 464, -1, 489, 487, 486, -1, 489, 486, 490, -1,
490, 486, 485, -1, 490, 485, 491, -1, 491, 485, 484, -1, 491, 484, 492, -1,
492, 484, 483, -1, 492, 483, 493, -1, 493, 483, 482, -1, 493, 482, 494, -1,
494, 482, 481, -1, 494, 481, 495, -1, 495, 481, 480, -1, 505, 503, 502, -1,
505, 502, 506, -1, 506, 502, 501, -1, 506, 501, 507, -1, 507, 501, 500, -1,
507, 500, 508, -1, 508, 500, 499, -1, 508, 499, 509, -1, 509, 499, 498, -1,
509, 498, 510, -1, 510, 498, 497, -1, 510, 497, 511, -1, 511, 497, 496, -1,
521, 519, 518, -1, 521, 518, 522, -1, 522, 518, 517, -1, 522, 517, 523, -1,
523, 517, 516, -1, 523, 516, 524, -1, 524, 516, 515, -1, 524, 515, 525, -1,
525, 515, 514, -1, 525, 514, 526, -1, 526, 514, 513, -1, 526, 513, 527, -1,
527, 513, 512, -1, 537, 535, 534, -1, 537, 534, 538, -1, 538, 534, 533, -1,
538, 533, 539, -1, 539, 533, 532, -1, 539, 532, 540, -1, 540, 532, 531, -1,
540, 531, 541, -1, 541, 531, 530, -1, 541, 530, 542, -1, 542, 530, 529, -1,
542, 529, 543, -1, 543, 529, 528, -1, 553, 551, 550, -1, 553, 550, 554, -1,
554, 550, 549, -1, 554, 549, 555, -1, 555, 549, 548, -1, 555, 548, 556, -1,
556, 548, 547, -1, 556, 547, 557, -1, 557, 547, 546, -1, 557, 546, 558, -1,
558, 546, 545, -1, 558, 545, 559, -1, 559, 545, 544, -1, 569, 567, 566, -1,
569, 566, 570, -1, 570, 566, 565, -1, 570, 565, 571, -1, 571, 565, 564, -1,
571, 564, 572, -1, 572, 564, 563, -1, 572, 563, 573, -1, 573, 563, 562, -1,
573, 562, 574, -1, 574, 562, 561, -1, 574, 561, 575, -1, 575, 561, 560, -1,
567, 569, 568, -1, 551, 553, 552, -1, 535, 537, 536, -1, 519, 521, 520, -1,
503, 505, 504, -1, 487, 489, 488, -1, 471, 473, 472, -1, 455, 457, 456, -1,
439, 441, 440, -1, 423, 425, 424, -1, 407, 409, 408, -1, 391, 393, 392, -1,
375, 377, 376, -1, 359, 361, 360, -1, 343, 345, 344, -1, 327, 329, 328, -1,
311, 313, 312, -1, 295, 297, 296, -1, 279, 281, 280, -1, 263, 265, 264, -1,
247, 249, 248, -1, 231, 233, 232, -1, 215, 217, 216, -1, 199, 201, 200, -1,
183, 185, 184, -1, 167, 169, 168, -1, 151, 153, 152, -1, 135, 137, 136, -1,
119, 121, 120, -1, 103, 105, 104, -1, 87, 89, 88, -1, 71, 73, 72, -1,
55, 57, 56, -1, 39, 41, 40, -1, 23, 25, 24, -1, 7, 9, 8, -1
            ]
          }
        }
      ]
    }
  ]
}
Transform {
  children [
    Group {
      children [
        Shape {
          appearance Appearance {
            material Material {
              diffuseColor 0.0784 0.2 0.141
              specularColor 0.355 0.44 0.399
              emissiveColor 0 0 0
              ambientIntensity 0.8
              transparency 0.17
              shininess 0.3
            }
          }
          geometry IndexedFaceSet {
            solid TRUE
            coord Coordinate {
              point [
54.528235 -35.077896 -0.319882, 54.540717 -35.073528 -0.319882,
54.553858 -35.072047 -0.319882, 54.566999 -35.073528 -0.319882,
54.579481 -35.077896 -0.319882, 54.590679 -35.084931 -0.319882,
54.600029 -35.094282 -0.319882, 54.607065 -35.105479 -0.319882,
54.611433 -35.117961 -0.319882, 54.612913 -35.131102 -0.319882,
54.611433 -35.144243 -0.319882, 54.607065 -35.156725 -0.319882,
54.600029 -35.167923 -0.319882, 54.590679 -35.177274 -0.319882,
54.579481 -35.184309 -0.319882, 54.566999 -35.188677 -0.319882,
54.553858 -35.190157 -0.319882, 54.540717 -35.188677 -0.319882,
54.528235 -35.184309 -0.319882, 54.517038 -35.177274 -0.319882,
54.507687 -35.167923 -0.319882, 54.500651 -35.156725 -0.319882,
54.496284 -35.144243 -0.319882, 54.494803 -35.131102 -0.319882,
54.496284 -35.117961 -0.319882, 54.500651 -35.105479 -0.319882,
54.507687 -35.094282 -0.319882, 54.517038 -35.084931 -0.319882,
54.522874 -34.704882 -0.319882, 54.521393 -34.718023 -0.319882,
54.517026 -34.730505 -0.319882, 54.50999 -34.741702 -0.319882,
54.500639 -34.751053 -0.319882, 54.489442 -34.758089 -0.319882,
54.47696 -34.762456 -0.319882, 54.463819 -34.763937 -0.319882,
54.450678 -34.762456 -0.319882, 54.438196 -34.758089 -0.319882,
54.426999 -34.751053 -0.319882, 54.417648 -34.741702 -0.319882,
54.410612 -34.730505 -0.319882, 54.406244 -34.718023 -0.319882,
54.404764 -34.704882 -0.319882, 54.406244 -34.691741 -0.319882,
54.410612 -34.679259 -0.319882, 54.417648 -34.668062 -0.319882,
54.426999 -34.658711 -0.319882, 54.438196 -34.651675 -0.319882,
54.450678 -34.647307 -0.319882, 54.463819 -34.645827 -0.319882,
54.47696 -34.647307 -0.319882, 54.489442 -34.651675 -0.319882,
54.500639 -34.658711 -0.319882, 54.50999 -34.668062 -0.319882,
54.517026 -34.679259 -0.319882, 54.521393 -34.691741 -0.319882,
56.190945 -33.75 -0.319882, 56.192426 -33.736859 -0.319882,
56.196793 -33.724377 -0.319882, 56.203829 -33.71318 -0.319882,
56.21318 -33.703829 -0.319882, 56.224377 -33.696793 -0.319882,
56.236859 -33.692426 -0.319882, 56.25 -33.690945 -0.319882,
56.263141 -33.692426 -0.319882, 56.275623 -33.696793 -0.319882,
56.28682 -33.703829 -0.319882, 56.296171 -33.71318 -0.319882,
56.303207 -33.724377 -0.319882, 56.307574 -33.736859 -0.319882,
56.309055 -33.75 -0.319882, 56.307574 -33.763141 -0.319882,
56.303207 -33.775623 -0.319882, 56.296171 -33.78682 -0.319882,
56.28682 -33.796171 -0.319882, 56.275623 -33.803207 -0.319882,
56.263141 -33.807574 -0.319882, 56.25 -33.809055 -0.319882,
56.236859 -33.807574 -0.319882, 56.224377 -33.803207 -0.319882,
56.21318 -33.796171 -0.319882, 56.203829 -33.78682 -0.319882,
56.196793 -33.775623 -0.319882, 56.192426 -33.763141 -0.319882,
54.675866 -35.839764 -0.319882, 54.674386 -35.852905 -0.319882,
54.670018 -35.865387 -0.319882, 54.662982 -35.876584 -0.319882,
54.653631 -35.885935 -0.319882, 54.642434 -35.892971 -0.319882,
54.629952 -35.897338 -0.319882, 54.616811 -35.898819 -0.319882,
54.60367 -35.897338 -0.319882, 54.591188 -35.892971 -0.319882,
54.579991 -35.885935 -0.319882, 54.57064 -35.876584 -0.319882,
54.563604 -35.865387 -0.319882, 54.559237 -35.852905 -0.319882,
54.557756 -35.839764 -0.319882, 54.559237 -35.826623 -0.319882,
54.563604 -35.814141 -0.319882, 54.57064 -35.802944 -0.319882,
54.579991 -35.793593 -0.319882, 54.591188 -35.786557 -0.319882,
54.60367 -35.782189 -0.319882, 54.616811 -35.780709 -0.319882,
54.629952 -35.782189 -0.319882, 54.642434 -35.786557 -0.319882,
54.653631 -35.793593 -0.319882, 54.662982 -35.802944 -0.319882,
54.670018 -35.814141 -0.319882, 54.674386 -35.826623 -0.319882,
55.539094 -40.742323 -0.319882, 55.540575 -40.729182 -0.319882,
55.544943 -40.7167 -0.319882, 55.551978 -40.705503 -0.319882,
55.561329 -40.696152 -0.319882, 55.572527 -40.689116 -0.319882,
55.585009 -40.684748 -0.319882, 55.59815 -40.683268 -0.319882,
55.611291 -40.684748 -0.319882, 55.623773 -40.689116 -0.319882,
55.63497 -40.696152 -0.319882, 55.644321 -40.705503 -0.319882,
55.651356 -40.7167 -0.319882, 55.655724 -40.729182 -0.319882,
55.657205 -40.742323 -0.319882, 55.655724 -40.755464 -0.319882,
55.651356 -40.767946 -0.319882, 55.644321 -40.779143 -0.319882,
55.63497 -40.788494 -0.319882, 55.623773 -40.79553 -0.319882,
55.611291 -40.799897 -0.319882, 55.59815 -40.801378 -0.319882,
55.585009 -40.799897 -0.319882, 55.572527 -40.79553 -0.319882,
55.561329 -40.788494 -0.319882, 55.551978 -40.779143 -0.319882,
55.544943 -40.767946 -0.319882, 55.540575 -40.755464 -0.319882,
53.829094 -39.688386 -0.319882, 53.830575 -39.675245 -0.319882,
53.834943 -39.662763 -0.319882, 53.841978 -39.651566 -0.319882,
53.851329 -39.642215 -0.319882, 53.862527 -39.635179 -0.319882,
53.875009 -39.630811 -0.319882, 53.88815 -39.629331 -0.319882,
53.901291 -39.630811 -0.319882, 53.913773 -39.635179 -0.319882,
53.92497 -39.642215 -0.319882, 53.934321 -39.651566 -0.319882,
53.941356 -39.662763 -0.319882, 53.945724 -39.675245 -0.319882,
53.947205 -39.688386 -0.319882, 53.945724 -39.701527 -0.319882,
53.941356 -39.714009 -0.319882, 53.934321 -39.725206 -0.319882,
53.92497 -39.734557 -0.319882, 53.913773 -39.741593 -0.319882,
53.901291 -39.74596 -0.319882, 53.88815 -39.747441 -0.319882,
53.875009 -39.74596 -0.319882, 53.862527 -39.741593 -0.319882,
53.851329 -39.734557 -0.319882, 53.841978 -39.725206 -0.319882,
53.834943 -39.714009 -0.319882, 53.830575 -39.701527 -0.319882,
54.515787 -37.053937 -0.319882, 54.517268 -37.040796 -0.319882,
54.521636 -37.028314 -0.319882, 54.528671 -37.017117 -0.319882,
54.538022 -37.007766 -0.319882, 54.549219 -37.00073 -0.319882,
54.561702 -36.996363 -0.319882, 54.574843 -36.994882 -0.319882,
54.587984 -36.996363 -0.319882, 54.600466 -37.00073 -0.319882,
54.611663 -37.007766 -0.319882, 54.621014 -37.017117 -0.319882,
54.628049 -37.028314 -0.319882, 54.632417 -37.040796 -0.319882,
54.633898 -37.053937 -0.319882, 54.632417 -37.067078 -0.319882,
54.628049 -37.07956 -0.319882, 54.621014 -37.090757 -0.319882,
54.611663 -37.100108 -0.319882, 54.600466 -37.107144 -0.319882,
54.587984 -37.111511 -0.319882, 54.574843 -37.112992 -0.319882,
54.561702 -37.111511 -0.319882, 54.549219 -37.107144 -0.319882,
54.538022 -37.100108 -0.319882, 54.528671 -37.090757 -0.319882,
54.521636 -37.07956 -0.319882, 54.517268 -37.067078 -0.319882,
57.394291 -35.926461 -0.319882, 57.400404 -35.911701 -0.319882,
57.411701 -35.900404 -0.319882, 57.426461 -35.894291 -0.319882,
57.442437 -35.894291 -0.319882, 57.457196 -35.900404 -0.319882,
57.468493 -35.911701 -0.319882, 57.474607 -35.926461 -0.319882,
57.474607 -35.942437 -0.319882, 57.468493 -35.957196 -0.319882,
57.457196 -35.968493 -0.319882, 57.442437 -35.974607 -0.319882,
57.426461 -35.974607 -0.319882, 57.411701 -35.968493 -0.319882,
57.400404 -35.957196 -0.319882, 57.394291 -35.942437 -0.319882,
57.394291 -36.320162 -0.319882, 57.400404 -36.305402 -0.319882,
57.411701 -36.294105 -0.319882, 57.426461 -36.287991 -0.319882,
57.442437 -36.287991 -0.319882, 57.457196 -36.294105 -0.319882,
57.468493 -36.305402 -0.319882, 57.474607 -36.320162 -0.319882,
57.474607 -36.336137 -0.319882, 57.468493 -36.350897 -0.319882,
57.457196 -36.362194 -0.319882, 57.442437 -36.368308 -0.319882,
57.426461 -36.368308 -0.319882, 57.411701 -36.362194 -0.319882,
57.400404 -36.350897 -0.319882, 57.394291 -36.336137 -0.319882,
57.394291 -36.713863 -0.319882, 57.400404 -36.699103 -0.319882,
57.411701 -36.687806 -0.319882, 57.426461 -36.681692 -0.319882,
57.442437 -36.681692 -0.319882, 57.457196 -36.687806 -0.319882,
57.468493 -36.699103 -0.319882, 57.474607 -36.713863 -0.319882,
57.474607 -36.729838 -0.319882, 57.468493 -36.744598 -0.319882,
57.457196 -36.755895 -0.319882, 57.442437 -36.762009 -0.319882,
57.426461 -36.762009 -0.319882, 57.411701 -36.755895 -0.319882,
57.400404 -36.744598 -0.319882, 57.394291 -36.729838 -0.319882,
57.394291 -37.107563 -0.319882, 57.400404 -37.092804 -0.319882,
57.411701 -37.081507 -0.319882, 57.426461 -37.075393 -0.319882,
57.442437 -37.075393 -0.319882, 57.457196 -37.081507 -0.319882,
57.468493 -37.092804 -0.319882, 57.474607 -37.107563 -0.319882,
57.474607 -37.123539 -0.319882, 57.468493 -37.138299 -0.319882,
57.457196 -37.149596 -0.319882, 57.442437 -37.155709 -0.319882,
57.426461 -37.155709 -0.319882, 57.411701 -37.149596 -0.319882,
57.400404 -37.138299 -0.319882, 57.394291 -37.123539 -0.319882,
57.394291 -37.501264 -0.319882, 57.400404 -37.486504 -0.319882,
57.411701 -37.475207 -0.319882, 57.426461 -37.469094 -0.319882,
57.442437 -37.469094 -0.319882, 57.457196 -37.475207 -0.319882,
57.468493 -37.486504 -0.319882, 57.474607 -37.501264 -0.319882,
57.474607 -37.51724 -0.319882, 57.468493 -37.532 -0.319882,
57.457196 -37.543296 -0.319882, 57.442437 -37.54941 -0.319882,
57.426461 -37.54941 -0.319882, 57.411701 -37.543296 -0.319882,
57.400404 -37.532 -0.319882, 57.394291 -37.51724 -0.319882,
62.845748 -34.838189 -0.319882, 62.847229 -34.825048 -0.319882,
62.851596 -34.812566 -0.319882, 62.858632 -34.801369 -0.319882,
62.867983 -34.792018 -0.319882, 62.87918 -34.784982 -0.319882,
62.891662 -34.780614 -0.319882, 62.904803 -34.779134 -0.319882,
62.917944 -34.780614 -0.319882, 62.930426 -34.784982 -0.319882,
62.941623 -34.792018 -0.319882, 62.950974 -34.801369 -0.319882,
62.95801 -34.812566 -0.319882, 62.962378 -34.825048 -0.319882,
62.963858 -34.838189 -0.319882, 62.962378 -34.85133 -0.319882,
62.95801 -34.863812 -0.319882, 62.950974 -34.875009 -0.319882,
62.941623 -34.88436 -0.319882, 62.930426 -34.891396 -0.319882,
62.917944 -34.895763 -0.319882, 62.904803 -34.897244 -0.319882,
62.891662 -34.895763 -0.319882, 62.87918 -34.891396 -0.319882,
62.867983 -34.88436 -0.319882, 62.858632 -34.875009 -0.319882,
62.851596 -34.863812 -0.319882, 62.847229 -34.85133 -0.319882,
62.875267 -38.262063 -0.319882, 62.862126 -38.263543 -0.319882,
62.848985 -38.262063 -0.319882, 62.836503 -38.257695 -0.319882,
62.825306 -38.250659 -0.319882, 62.815955 -38.241308 -0.319882,
62.808919 -38.230111 -0.319882, 62.804552 -38.217629 -0.319882,
62.803071 -38.204488 -0.319882, 62.804552 -38.191347 -0.319882,
62.808919 -38.178865 -0.319882, 62.815955 -38.167668 -0.319882,
62.825306 -38.158317 -0.319882, 62.836503 -38.151281 -0.319882,
62.848985 -38.146914 -0.319882, 62.862126 -38.145433 -0.319882,
62.875267 -38.146914 -0.319882, 62.887749 -38.151281 -0.319882,
62.898946 -38.158317 -0.319882, 62.908297 -38.167668 -0.319882,
62.915333 -38.178865 -0.319882, 62.9197 -38.191347 -0.319882,
62.921181 -38.204488 -0.319882, 62.9197 -38.217629 -0.319882,
62.915333 -38.230111 -0.319882, 62.908297 -38.241308 -0.319882,
62.898946 -38.250659 -0.319882, 62.887749 -38.257695 -0.319882,
62.740239 -33.12798 -0.319882, 62.700577 -33.12798 -0.319882,
62.602948 -33.112517 -0.319882, 62.50894 -33.081971 -0.319882,
62.50894 -33.081971 -0.319882, 62.508939 -33.081971 -0.319882,
62.420867 -33.037096 -0.319882, 62.340899 -32.978996 -0.319882,
62.312854 -32.950951 -0.319882, 62.304578 -32.945422 -0.319882,
62.299049 -32.937146 -0.319882, 62.271004 -32.909101 -0.319882,
62.212904 -32.829133 -0.319882, 62.168031 -32.741063 -0.319882,
62.168029 -32.74106 -0.319882, 62.168029 -32.74106 -0.319882,
62.137483 -32.647052 -0.319882, 62.12202 -32.549423 -0.319882,
62.12202 -32.509762 -0.319882, 62.120079 -32.5 -0.319882,
62.12202 -32.490238 -0.319882, 62.12202 -32.450577 -0.319882,
62.137483 -32.352948 -0.319882, 62.168029 -32.258941 -0.319882,
62.168029 -32.25894 -0.319882, 62.168031 -32.258939 -0.319882,
62.212904 -32.170867 -0.319882, 62.271004 -32.090899 -0.319882,
62.299049 -32.062854 -0.319882, 62.304578 -32.054578 -0.319882,
62.312854 -32.049049 -0.319882, 62.340899 -32.021004 -0.319882,
62.420867 -31.962904 -0.319882, 62.508939 -31.91803 -0.319882,
62.50894 -31.918029 -0.319882, 62.50894 -31.918028 -0.319882,
62.602948 -31.887483 -0.319882, 62.700577 -31.87202 -0.319882,
62.740239 -31.872021 -0.319882, 62.75 -31.870079 -0.319882,
62.759762 -31.87202 -0.319882, 62.799423 -31.87202 -0.319882,
62.897052 -31.887483 -0.319882, 62.99106 -31.918029 -0.319882,
62.99106 -31.918029 -0.319882, 62.991063 -31.91803 -0.319882,
63.079133 -31.962904 -0.319882, 63.159101 -32.021004 -0.319882,
63.187147 -32.049049 -0.319882, 63.195422 -32.054578 -0.319882,
63.200951 -32.062854 -0.319882, 63.228996 -32.090899 -0.319882,
63.287096 -32.170867 -0.319882, 63.331971 -32.258938 -0.319882,
63.331971 -32.25894 -0.319882, 63.331971 -32.25894 -0.319882,
63.362517 -32.352948 -0.319882, 63.37798 -32.450577 -0.319882,
63.37798 -32.490239 -0.319882, 63.379921 -32.5 -0.319882,
63.37798 -32.509762 -0.319882, 63.37798 -32.549423 -0.319882,
63.362517 -32.647052 -0.319882, 63.331971 -32.741059 -0.319882,
63.331971 -32.74106 -0.319882, 63.331971 -32.741062 -0.319882,
63.287096 -32.829133 -0.319882, 63.228996 -32.909101 -0.319882,
63.200951 -32.937146 -0.319882, 63.195422 -32.945422 -0.319882,
63.187147 -32.950951 -0.319882, 63.159101 -32.978996 -0.319882,
63.079133 -33.037096 -0.319882, 62.991063 -33.081971 -0.319882,
62.99106 -33.081971 -0.319882, 62.99106 -33.081972 -0.319882,
62.897052 -33.112517 -0.319882, 62.799423 -33.12798 -0.319882,
62.759762 -33.127979 -0.319882, 62.75 -33.129921 -0.319882,
62.744331 -40.148583 -0.319882, 62.745811 -40.135442 -0.319882,
62.750179 -40.12296 -0.319882, 62.757215 -40.111762 -0.319882,
62.766566 -40.102412 -0.319882, 62.777763 -40.095376 -0.319882,
62.790245 -40.091008 -0.319882, 62.803386 -40.089528 -0.319882,
62.816527 -40.091008 -0.319882, 62.829009 -40.095376 -0.319882,
62.840206 -40.102412 -0.319882, 62.849557 -40.111762 -0.319882,
62.856593 -40.12296 -0.319882, 62.86096 -40.135442 -0.319882,
62.862441 -40.148583 -0.319882, 62.86096 -40.161724 -0.319882,
62.856593 -40.174206 -0.319882, 62.849557 -40.185403 -0.319882,
62.840206 -40.194754 -0.319882, 62.829009 -40.20179 -0.319882,
62.816527 -40.206157 -0.319882, 62.803386 -40.207638 -0.319882,
62.790245 -40.206157 -0.319882, 62.777763 -40.20179 -0.319882,
62.766566 -40.194754 -0.319882, 62.757215 -40.185403 -0.319882,
62.750179 -40.174206 -0.319882, 62.745811 -40.161724 -0.319882,
62.120048 -36.862268 -0.319882, 62.133189 -36.860787 -0.319882,
62.14633 -36.862268 -0.319882, 62.158812 -36.866636 -0.319882,
62.170009 -36.873671 -0.319882, 62.17936 -36.883022 -0.319882,
62.186396 -36.894219 -0.319882, 62.190763 -36.906702 -0.319882,
62.192244 -36.919843 -0.319882, 62.190763 -36.932984 -0.319882,
62.186396 -36.945466 -0.319882, 62.17936 -36.956663 -0.319882,
62.170009 -36.966014 -0.319882, 62.158812 -36.973049 -0.319882,
62.14633 -36.977417 -0.319882, 62.133189 -36.978898 -0.319882,
62.120048 -36.977417 -0.319882, 62.107566 -36.973049 -0.319882,
62.096369 -36.966014 -0.319882, 62.087018 -36.956663 -0.319882,
62.079982 -36.945466 -0.319882, 62.075614 -36.932984 -0.319882,
62.074134 -36.919843 -0.319882, 62.075614 -36.906702 -0.319882,
62.079982 -36.894219 -0.319882, 62.087018 -36.883022 -0.319882,
62.096369 -36.873671 -0.319882, 62.107566 -36.866636 -0.319882,
61.72752 -35.792835 -0.319882, 61.726039 -35.805976 -0.319882,
61.721671 -35.818458 -0.319882, 61.714636 -35.829655 -0.319882,
61.705285 -35.839006 -0.319882, 61.694088 -35.846041 -0.319882,
61.681606 -35.850409 -0.319882, 61.668465 -35.85189 -0.319882,
61.655324 -35.850409 -0.319882, 61.642842 -35.846041 -0.319882,
61.631644 -35.839006 -0.319882, 61.622293 -35.829655 -0.319882,
61.615258 -35.818458 -0.319882, 61.61089 -35.805976 -0.319882,
61.609409 -35.792835 -0.319882, 61.61089 -35.779694 -0.319882,
61.615258 -35.767212 -0.319882, 61.622293 -35.756014 -0.319882,
61.631644 -35.746663 -0.319882, 61.642842 -35.739628 -0.319882,
61.655324 -35.73526 -0.319882, 61.668465 -35.73378 -0.319882,
61.681606 -35.73526 -0.319882, 61.694088 -35.739628 -0.319882,
61.705285 -35.746663 -0.319882, 61.714636 -35.756014 -0.319882,
61.721671 -35.767212 -0.319882, 61.726039 -35.779694 -0.319882,
61.849803 -39.717913 -0.319882, 61.851284 -39.704772 -0.319882,
61.855651 -39.69229 -0.319882, 61.862687 -39.681093 -0.319882,
61.872038 -39.671742 -0.319882, 61.883235 -39.664707 -0.319882,
61.895717 -39.660339 -0.319882, 61.908858 -39.658858 -0.319882,
61.921999 -39.660339 -0.319882, 61.934481 -39.664707 -0.319882,
61.945679 -39.671742 -0.319882, 61.955029 -39.681093 -0.319882,
61.962065 -39.69229 -0.319882, 61.966433 -39.704772 -0.319882,
61.967913 -39.717913 -0.319882, 61.966433 -39.731054 -0.319882,
61.962065 -39.743536 -0.319882, 61.955029 -39.754734 -0.319882,
61.945679 -39.764085 -0.319882, 61.934481 -39.77112 -0.319882,
61.921999 -39.775488 -0.319882, 61.908858 -39.776969 -0.319882,
61.895717 -39.775488 -0.319882, 61.883235 -39.77112 -0.319882,
61.872038 -39.764085 -0.319882, 61.862687 -39.754734 -0.319882,
61.855651 -39.743536 -0.319882, 61.851284 -39.731054 -0.319882,
60.625315 -34.653307 -0.319882, 60.623834 -34.666448 -0.319882,
60.619467 -34.67893 -0.319882, 60.612431 -34.690127 -0.319882,
60.60308 -34.699478 -0.319882, 60.591883 -34.706514 -0.319882,
60.579401 -34.710882 -0.319882, 60.56626 -34.712362 -0.319882,
60.553119 -34.710882 -0.319882, 60.540637 -34.706514 -0.319882,
60.52944 -34.699478 -0.319882, 60.520089 -34.690127 -0.319882,
60.513053 -34.67893 -0.319882, 60.508685 -34.666448 -0.319882,
60.507205 -34.653307 -0.319882, 60.508685 -34.640166 -0.319882,
60.513053 -34.627684 -0.319882, 60.520089 -34.616487 -0.319882,
60.52944 -34.607136 -0.319882, 60.540637 -34.6001 -0.319882,
60.553119 -34.595733 -0.319882, 60.56626 -34.594252 -0.319882,
60.579401 -34.595733 -0.319882, 60.591883 -34.6001 -0.319882,
60.60308 -34.607136 -0.319882, 60.612431 -34.616487 -0.319882,
60.619467 -34.627684 -0.319882, 60.623834 -34.640166 -0.319882,
61.067598 -37.267598 -0.319882, 61.069079 -37.254457 -0.319882,
61.073447 -37.241975 -0.319882, 61.080482 -37.230778 -0.319882,
61.089833 -37.221427 -0.319882, 61.10103 -37.214392 -0.319882,
61.113513 -37.210024 -0.319882, 61.126654 -37.208543 -0.319882,
61.139795 -37.210024 -0.319882, 61.152277 -37.214392 -0.319882,
61.163474 -37.221427 -0.319882, 61.172825 -37.230778 -0.319882,
61.17986 -37.241975 -0.319882, 61.184228 -37.254457 -0.319882,
61.185709 -37.267598 -0.319882, 61.184228 -37.280739 -0.319882,
61.17986 -37.293221 -0.319882, 61.172825 -37.304419 -0.319882,
61.163474 -37.31377 -0.319882, 61.152277 -37.320805 -0.319882,
61.139795 -37.325173 -0.319882, 61.126654 -37.326654 -0.319882,
61.113513 -37.325173 -0.319882, 61.10103 -37.320805 -0.319882,
61.089833 -37.31377 -0.319882, 61.080482 -37.304419 -0.319882,
61.073447 -37.293221 -0.319882, 61.069079 -37.280739 -0.319882,
57.080906 -37.501264 -0.319882, 57.080906 -37.51724 -0.319882,
57.074793 -37.532 -0.319882, 57.063496 -37.543296 -0.319882,
57.048736 -37.54941 -0.319882, 57.03276 -37.54941 -0.319882,
57.018 -37.543296 -0.319882, 57.006704 -37.532 -0.319882,
57.00059 -37.51724 -0.319882, 57.00059 -37.501264 -0.319882,
57.006704 -37.486504 -0.319882, 57.018 -37.475207 -0.319882,
57.03276 -37.469094 -0.319882, 57.048736 -37.469094 -0.319882,
57.063496 -37.475207 -0.319882, 57.074793 -37.486504 -0.319882,
57.080906 -37.107563 -0.319882, 57.080906 -37.123539 -0.319882,
57.074793 -37.138299 -0.319882, 57.063496 -37.149596 -0.319882,
57.048736 -37.155709 -0.319882, 57.03276 -37.155709 -0.319882,
57.018 -37.149596 -0.319882, 57.006704 -37.138299 -0.319882,
57.00059 -37.123539 -0.319882, 57.00059 -37.107563 -0.319882,
57.006704 -37.092804 -0.319882, 57.018 -37.081507 -0.319882,
57.03276 -37.075393 -0.319882, 57.048736 -37.075393 -0.319882,
57.063496 -37.081507 -0.319882, 57.074793 -37.092804 -0.319882,
57.080906 -36.713863 -0.319882, 57.080906 -36.729838 -0.319882,
57.074793 -36.744598 -0.319882, 57.063496 -36.755895 -0.319882,
57.048736 -36.762009 -0.319882, 57.03276 -36.762009 -0.319882,
57.018 -36.755895 -0.319882, 57.006704 -36.744598 -0.319882,
57.00059 -36.729838 -0.319882, 57.00059 -36.713863 -0.319882,
57.006704 -36.699103 -0.319882, 57.018 -36.687806 -0.319882,
57.03276 -36.681692 -0.319882, 57.048736 -36.681692 -0.319882,
57.063496 -36.687806 -0.319882, 57.074793 -36.699103 -0.319882,
57.080906 -36.320162 -0.319882, 57.080906 -36.336137 -0.319882,
57.074793 -36.350897 -0.319882, 57.063496 -36.362194 -0.319882,
57.048736 -36.368308 -0.319882, 57.03276 -36.368308 -0.319882,
57.018 -36.362194 -0.319882, 57.006704 -36.350897 -0.319882,
57.00059 -36.336137 -0.319882, 57.00059 -36.320162 -0.319882,
57.006704 -36.305402 -0.319882, 57.018 -36.294105 -0.319882,
57.03276 -36.287991 -0.319882, 57.048736 -36.287991 -0.319882,
57.063496 -36.294105 -0.319882, 57.074793 -36.305402 -0.319882,
57.080906 -35.548736 -0.319882, 57.074793 -35.563496 -0.319882,
57.063496 -35.574793 -0.319882, 57.048736 -35.580906 -0.319882,
57.03276 -35.580906 -0.319882, 57.018 -35.574793 -0.319882,
57.006704 -35.563496 -0.319882, 57.00059 -35.548736 -0.319882,
57.00059 -35.53276 -0.319882, 57.006704 -35.518 -0.319882,
57.018 -35.506704 -0.319882, 57.03276 -35.50059 -0.319882,
57.048736 -35.50059 -0.319882, 57.063496 -35.506704 -0.319882,
57.074793 -35.518 -0.319882, 57.080906 -35.53276 -0.319882,
57.080906 -35.926461 -0.319882, 57.080906 -35.942437 -0.319882,
57.074793 -35.957196 -0.319882, 57.063496 -35.968493 -0.319882,
57.048736 -35.974607 -0.319882, 57.03276 -35.974607 -0.319882,
57.018 -35.968493 -0.319882, 57.006704 -35.957196 -0.319882,
57.00059 -35.942437 -0.319882, 57.00059 -35.926461 -0.319882,
57.006704 -35.911701 -0.319882, 57.018 -35.900404 -0.319882,
57.03276 -35.894291 -0.319882, 57.048736 -35.894291 -0.319882,
57.063496 -35.900404 -0.319882, 57.074793 -35.911701 -0.319882,
52.559117 -31.221588 -0.319882, 52.410324 -31.307494 -0.319882,
52.269584 -31.406041 -0.319882, 52.137969 -31.516479 -0.319882,
52.016479 -31.637969 -0.319882, 51.906041 -31.769584 -0.319882,
51.807494 -31.910324 -0.319882, 51.721588 -32.059117 -0.319882,
51.648977 -32.214831 -0.319882, 51.590214 -32.376281 -0.319882,
51.570307 -32.450577 -0.319882, 51.545746 -32.542239 -0.319882,
51.515911 -32.71144 -0.319882, 51.500937 -32.882598 -0.319882,
51.5 -32.968504 -0.319882, 51.5 -35.53276 -0.319882,
51.5 -35.926461 -0.319882, 51.5 -36.320162 -0.319882,
51.5 -36.713863 -0.319882, 51.5 -37.107563 -0.319882,
51.5 -37.501264 -0.319882, 51.5 -40.031496 -0.319882,
51.500937 -40.117402 -0.319882, 51.515911 -40.28856 -0.319882,
51.544479 -40.450577 -0.319882, 51.545746 -40.457761 -0.319882,
51.590214 -40.623719 -0.319882, 51.648977 -40.785169 -0.319882,
51.721588 -40.940883 -0.319882, 51.807494 -41.089676 -0.319882,
51.906041 -41.230416 -0.319882, 52.016479 -41.362031 -0.319882,
52.137969 -41.483521 -0.319882, 52.269584 -41.593959 -0.319882,
52.410324 -41.692506 -0.319882, 52.559117 -41.778412 -0.319882,
52.714831 -41.851023 -0.319882, 52.876281 -41.909786 -0.319882,
53.042239 -41.954254 -0.319882, 53.21144 -41.984089 -0.319882,
53.382598 -41.999063 -0.319882, 53.468504 -42. -0.319882,
62.531496 -42. -0.319882, 62.617402 -41.999063 -0.319882,
62.78856 -41.984089 -0.319882, 62.957761 -41.954254 -0.319882,
63.123719 -41.909786 -0.319882, 63.285169 -41.851023 -0.319882,
63.440883 -41.778412 -0.319882, 63.589676 -41.692506 -0.319882,
63.730416 -41.593959 -0.319882, 63.862031 -41.483521 -0.319882,
63.983521 -41.362031 -0.319882, 64.093959 -41.230416 -0.319882,
64.192506 -41.089676 -0.319882, 64.278412 -40.940883 -0.319882,
64.351023 -40.785169 -0.319882, 64.409786 -40.623719 -0.319882,
64.454254 -40.457761 -0.319882, 64.484089 -40.28856 -0.319882,
64.499063 -40.117402 -0.319882, 64.5 -40.031496 -0.319882,
64.5 -32.968504 -0.319882, 64.499063 -32.882598 -0.319882,
64.484089 -32.71144 -0.319882, 64.454254 -32.542239 -0.319882,
64.409786 -32.376281 -0.319882, 64.351023 -32.214831 -0.319882,
64.278412 -32.059117 -0.319882, 64.192506 -31.910324 -0.319882,
64.093959 -31.769584 -0.319882, 63.983521 -31.637969 -0.319882,
63.862031 -31.516479 -0.319882, 63.730416 -31.406041 -0.319882,
63.589676 -31.307494 -0.319882, 63.440883 -31.221588 -0.319882,
63.285169 -31.148977 -0.319882, 63.123719 -31.090214 -0.319882,
62.957761 -31.045746 -0.319882, 62.78856 -31.015911 -0.319882,
62.617402 -31.000937 -0.319882, 62.531496 -31. -0.319882,
53.468504 -31. -0.319882, 53.382598 -31.000937 -0.319882,
53.21144 -31.015911 -0.319882, 53.042239 -31.045746 -0.319882,
52.876281 -31.090214 -0.319882, 52.714831 -31.148977 -0.319882,
52.620079 -32.5 -0.319882, 52.62202 -32.490238 -0.319882,
52.62202 -32.450577 -0.319882, 52.637483 -32.352948 -0.319882,
52.668029 -32.258941 -0.319882, 52.668029 -32.25894 -0.319882,
52.668031 -32.258939 -0.319882, 52.712904 -32.170867 -0.319882,
52.771004 -32.090899 -0.319882, 52.799049 -32.062854 -0.319882,
52.804578 -32.054578 -0.319882, 52.812854 -32.049049 -0.319882,
52.840899 -32.021004 -0.319882, 52.920867 -31.962904 -0.319882,
53.008939 -31.91803 -0.319882, 53.00894 -31.918029 -0.319882,
53.00894 -31.918028 -0.319882, 53.102948 -31.887483 -0.319882,
53.200577 -31.87202 -0.319882, 53.240239 -31.872021 -0.319882,
53.25 -31.870079 -0.319882, 53.259762 -31.87202 -0.319882,
53.299423 -31.87202 -0.319882, 53.397052 -31.887483 -0.319882,
53.49106 -31.918029 -0.319882, 53.49106 -31.918029 -0.319882,
53.491063 -31.91803 -0.319882, 53.579133 -31.962904 -0.319882,
53.659101 -32.021004 -0.319882, 53.687147 -32.049049 -0.319882,
53.695422 -32.054578 -0.319882, 53.700951 -32.062854 -0.319882,
53.728996 -32.090899 -0.319882, 53.787096 -32.170867 -0.319882,
53.831971 -32.258938 -0.319882, 53.831971 -32.25894 -0.319882,
53.831971 -32.25894 -0.319882, 53.862517 -32.352948 -0.319882,
53.87798 -32.450577 -0.319882, 53.87798 -32.490239 -0.319882,
53.879921 -32.5 -0.319882, 53.87798 -32.509762 -0.319882,
53.87798 -32.549423 -0.319882, 53.862517 -32.647052 -0.319882,
53.831971 -32.741059 -0.319882, 53.831971 -32.74106 -0.319882,
53.831971 -32.741062 -0.319882, 53.787096 -32.829133 -0.319882,
53.728996 -32.909101 -0.319882, 53.700951 -32.937146 -0.319882,
53.695422 -32.945422 -0.319882, 53.687147 -32.950951 -0.319882,
53.659101 -32.978996 -0.319882, 53.579133 -33.037096 -0.319882,
53.491063 -33.081971 -0.319882, 53.49106 -33.081971 -0.319882,
53.49106 -33.081972 -0.319882, 53.397052 -33.112517 -0.319882,
53.299423 -33.12798 -0.319882, 53.259762 -33.127979 -0.319882,
53.25 -33.129921 -0.319882, 53.240239 -33.12798 -0.319882,
53.200577 -33.12798 -0.319882, 53.102948 -33.112517 -0.319882,
53.00894 -33.081971 -0.319882, 53.00894 -33.081971 -0.319882,
53.008939 -33.081971 -0.319882, 52.920867 -33.037096 -0.319882,
52.840899 -32.978996 -0.319882, 52.812854 -32.950951 -0.319882,
52.804578 -32.945422 -0.319882, 52.799049 -32.937146 -0.319882,
52.771004 -32.909101 -0.319882, 52.712904 -32.829133 -0.319882,
52.668031 -32.741063 -0.319882, 52.668029 -32.74106 -0.319882,
52.668029 -32.74106 -0.319882, 52.637483 -32.647052 -0.319882,
52.62202 -32.549423 -0.319882, 52.62202 -32.509762 -0.319882,
53.032362 -40.25 -0.319882, 53.030882 -40.263141 -0.319882,
53.026514 -40.275623 -0.319882, 53.019478 -40.28682 -0.319882,
53.010127 -40.296171 -0.319882, 52.99893 -40.303207 -0.319882,
52.986448 -40.307574 -0.319882, 52.973307 -40.309055 -0.319882,
52.960166 -40.307574 -0.319882, 52.947684 -40.303207 -0.319882,
52.936487 -40.296171 -0.319882, 52.927136 -40.28682 -0.319882,
52.9201 -40.275623 -0.319882, 52.915733 -40.263141 -0.319882,
52.914252 -40.25 -0.319882, 52.915733 -40.236859 -0.319882,
52.9201 -40.224377 -0.319882, 52.927136 -40.21318 -0.319882,
52.936487 -40.203829 -0.319882, 52.947684 -40.196793 -0.319882,
52.960166 -40.192426 -0.319882, 52.973307 -40.190945 -0.319882,
52.986448 -40.192426 -0.319882, 52.99893 -40.196793 -0.319882,
53.010127 -40.203829 -0.319882, 53.019478 -40.21318 -0.319882,
53.026514 -40.224377 -0.319882, 53.030882 -40.236859 -0.319882,
53.455079 -40.188386 -0.319882, 53.456559 -40.175245 -0.319882,
53.460927 -40.162763 -0.319882, 53.467963 -40.151566 -0.319882,
53.477314 -40.142215 -0.319882, 53.488511 -40.135179 -0.319882,
53.500993 -40.130811 -0.319882, 53.514134 -40.129331 -0.319882,
53.527275 -40.130811 -0.319882, 53.539757 -40.135179 -0.319882,
53.550954 -40.142215 -0.319882, 53.560305 -40.151566 -0.319882,
53.567341 -40.162763 -0.319882, 53.571708 -40.175245 -0.319882,
53.573189 -40.188386 -0.319882, 53.571708 -40.201527 -0.319882,
53.567341 -40.214009 -0.319882, 53.560305 -40.225206 -0.319882,
53.550954 -40.234557 -0.319882, 53.539757 -40.241593 -0.319882,
53.527275 -40.24596 -0.319882, 53.514134 -40.247441 -0.319882,
53.500993 -40.24596 -0.319882, 53.488511 -40.241593 -0.319882,
53.477314 -40.234557 -0.319882, 53.467963 -40.225206 -0.319882,
53.460927 -40.214009 -0.319882, 53.456559 -40.201527 -0.319882,
52.860709 -38.161811 -0.319882, 52.859228 -38.174952 -0.319882,
52.85486 -38.187434 -0.319882, 52.847825 -38.198631 -0.319882,
52.838474 -38.207982 -0.319882, 52.827277 -38.215018 -0.319882,
52.814795 -38.219386 -0.319882, 52.801654 -38.220866 -0.319882,
52.788513 -38.219386 -0.319882, 52.77603 -38.215018 -0.319882,
52.764833 -38.207982 -0.319882, 52.755482 -38.198631 -0.319882,
52.748447 -38.187434 -0.319882, 52.744079 -38.174952 -0.319882,
52.742598 -38.161811 -0.319882, 52.744079 -38.14867 -0.319882,
52.748447 -38.136188 -0.319882, 52.755482 -38.124991 -0.319882,
52.764833 -38.11564 -0.319882, 52.77603 -38.108604 -0.319882,
52.788513 -38.104237 -0.319882, 52.801654 -38.102756 -0.319882,
52.814795 -38.104237 -0.319882, 52.827277 -38.108604 -0.319882,
52.838474 -38.11564 -0.319882, 52.847825 -38.124991 -0.319882,
52.85486 -38.136188 -0.319882, 52.859228 -38.14867 -0.319882,
57.787991 -35.926461 -0.319882, 57.794105 -35.911701 -0.319882,
57.805402 -35.900404 -0.319882, 57.820162 -35.894291 -0.319882,
57.836137 -35.894291 -0.319882, 57.850897 -35.900404 -0.319882,
57.862194 -35.911701 -0.319882, 57.868308 -35.926461 -0.319882,
57.868308 -35.942437 -0.319882, 57.862194 -35.957196 -0.319882,
57.850897 -35.968493 -0.319882, 57.836137 -35.974607 -0.319882,
57.820162 -35.974607 -0.319882, 57.805402 -35.968493 -0.319882,
57.794105 -35.957196 -0.319882, 57.787991 -35.942437 -0.319882,
57.787991 -36.320162 -0.319882, 57.794105 -36.305402 -0.319882,
57.805402 -36.294105 -0.319882, 57.820162 -36.287991 -0.319882,
57.836137 -36.287991 -0.319882, 57.850897 -36.294105 -0.319882,
57.862194 -36.305402 -0.319882, 57.868308 -36.320162 -0.319882,
57.868308 -36.336137 -0.319882, 57.862194 -36.350897 -0.319882,
57.850897 -36.362194 -0.319882, 57.836137 -36.368308 -0.319882,
57.820162 -36.368308 -0.319882, 57.805402 -36.362194 -0.319882,
57.794105 -36.350897 -0.319882, 57.787991 -36.336137 -0.319882,
57.787991 -36.713863 -0.319882, 57.794105 -36.699103 -0.319882,
57.805402 -36.687806 -0.319882, 57.820162 -36.681692 -0.319882,
57.836137 -36.681692 -0.319882, 57.850897 -36.687806 -0.319882,
57.862194 -36.699103 -0.319882, 57.868308 -36.713863 -0.319882,
57.868308 -36.729838 -0.319882, 57.862194 -36.744598 -0.319882,
57.850897 -36.755895 -0.319882, 57.836137 -36.762009 -0.319882,
57.820162 -36.762009 -0.319882, 57.805402 -36.755895 -0.319882,
57.794105 -36.744598 -0.319882, 57.787991 -36.729838 -0.319882,
57.787991 -37.107563 -0.319882, 57.794105 -37.092804 -0.319882,
57.805402 -37.081507 -0.319882, 57.820162 -37.075393 -0.319882,
57.836137 -37.075393 -0.319882, 57.850897 -37.081507 -0.319882,
57.862194 -37.092804 -0.319882, 57.868308 -37.107563 -0.319882,
57.868308 -37.123539 -0.319882, 57.862194 -37.138299 -0.319882,
57.850897 -37.149596 -0.319882, 57.836137 -37.155709 -0.319882,
57.820162 -37.155709 -0.319882, 57.805402 -37.149596 -0.319882,
57.794105 -37.138299 -0.319882, 57.787991 -37.123539 -0.319882,
59.04941 -35.53276 -0.319882, 59.04941 -35.548736 -0.319882,
59.043296 -35.563496 -0.319882, 59.032 -35.574793 -0.319882,
59.01724 -35.580906 -0.319882, 59.001264 -35.580906 -0.319882,
58.986504 -35.574793 -0.319882, 58.975207 -35.563496 -0.319882,
58.969094 -35.548736 -0.319882, 58.969094 -35.53276 -0.319882,
58.975207 -35.518 -0.319882, 58.986504 -35.506704 -0.319882,
59.001264 -35.50059 -0.319882, 59.01724 -35.50059 -0.319882,
59.032 -35.506704 -0.319882, 59.043296 -35.518 -0.319882,
58.969094 -35.926461 -0.319882, 58.975207 -35.911701 -0.319882,
58.986504 -35.900404 -0.319882, 59.001264 -35.894291 -0.319882,
59.01724 -35.894291 -0.319882, 59.032 -35.900404 -0.319882,
59.043296 -35.911701 -0.319882, 59.04941 -35.926461 -0.319882,
59.04941 -35.942437 -0.319882, 59.043296 -35.957196 -0.319882,
59.032 -35.968493 -0.319882, 59.01724 -35.974607 -0.319882,
59.001264 -35.974607 -0.319882, 58.986504 -35.968493 -0.319882,
58.975207 -35.957196 -0.319882, 58.969094 -35.942437 -0.319882,
58.969094 -36.320162 -0.319882, 58.975207 -36.305402 -0.319882,
58.986504 -36.294105 -0.319882, 59.001264 -36.287991 -0.319882,
59.01724 -36.287991 -0.319882, 59.032 -36.294105 -0.319882,
59.043296 -36.305402 -0.319882, 59.04941 -36.320162 -0.319882,
59.04941 -36.336137 -0.319882, 59.043296 -36.350897 -0.319882,
59.032 -36.362194 -0.319882, 59.01724 -36.368308 -0.319882,
59.001264 -36.368308 -0.319882, 58.986504 -36.362194 -0.319882,
58.975207 -36.350897 -0.319882, 58.969094 -36.336137 -0.319882,
58.969094 -36.713863 -0.319882, 58.975207 -36.699103 -0.319882,
58.986504 -36.687806 -0.319882, 59.001264 -36.681692 -0.319882,
59.01724 -36.681692 -0.319882, 59.032 -36.687806 -0.319882,
59.043296 -36.699103 -0.319882, 59.04941 -36.713863 -0.319882,
59.04941 -36.729838 -0.319882, 59.043296 -36.744598 -0.319882,
59.032 -36.755895 -0.319882, 59.01724 -36.762009 -0.319882,
59.001264 -36.762009 -0.319882, 58.986504 -36.755895 -0.319882,
58.975207 -36.744598 -0.319882, 58.969094 -36.729838 -0.319882,
58.969094 -37.107563 -0.319882, 58.975207 -37.092804 -0.319882,
58.986504 -37.081507 -0.319882, 59.001264 -37.075393 -0.319882,
59.01724 -37.075393 -0.319882, 59.032 -37.081507 -0.319882,
59.043296 -37.092804 -0.319882, 59.04941 -37.107563 -0.319882,
59.04941 -37.123539 -0.319882, 59.043296 -37.138299 -0.319882,
59.032 -37.149596 -0.319882, 59.01724 -37.155709 -0.319882,
59.001264 -37.155709 -0.319882, 58.986504 -37.149596 -0.319882,
58.975207 -37.138299 -0.319882, 58.969094 -37.123539 -0.319882,
58.969094 -37.501264 -0.319882, 58.975207 -37.486504 -0.319882,
58.986504 -37.475207 -0.319882, 59.001264 -37.469094 -0.319882,
59.01724 -37.469094 -0.319882, 59.032 -37.475207 -0.319882,
59.043296 -37.486504 -0.319882, 59.04941 -37.501264 -0.319882,
59.04941 -37.51724 -0.319882, 59.043296 -37.532 -0.319882,
59.032 -37.543296 -0.319882, 59.01724 -37.54941 -0.319882,
59.001264 -37.54941 -0.319882, 58.986504 -37.543296 -0.319882,
58.975207 -37.532 -0.319882, 58.969094 -37.51724 -0.319882,
58.181692 -35.926461 -0.319882, 58.187806 -35.911701 -0.319882,
58.199103 -35.900404 -0.319882, 58.213863 -35.894291 -0.319882,
58.229838 -35.894291 -0.319882, 58.244598 -35.900404 -0.319882,
58.255895 -35.911701 -0.319882, 58.262009 -35.926461 -0.319882,
58.262009 -35.942437 -0.319882, 58.255895 -35.957196 -0.319882,
58.244598 -35.968493 -0.319882, 58.229838 -35.974607 -0.319882,
58.213863 -35.974607 -0.319882, 58.199103 -35.968493 -0.319882,
58.187806 -35.957196 -0.319882, 58.181692 -35.942437 -0.319882,
58.181692 -36.320162 -0.319882, 58.187806 -36.305402 -0.319882,
58.199103 -36.294105 -0.319882, 58.213863 -36.287991 -0.319882,
58.229838 -36.287991 -0.319882, 58.244598 -36.294105 -0.319882,
58.255895 -36.305402 -0.319882, 58.262009 -36.320162 -0.319882,
58.262009 -36.336137 -0.319882, 58.255895 -36.350897 -0.319882,
58.244598 -36.362194 -0.319882, 58.229838 -36.368308 -0.319882,
58.213863 -36.368308 -0.319882, 58.199103 -36.362194 -0.319882,
58.187806 -36.350897 -0.319882, 58.181692 -36.336137 -0.319882,
58.181692 -36.713863 -0.319882, 58.187806 -36.699103 -0.319882,
58.199103 -36.687806 -0.319882, 58.213863 -36.681692 -0.319882,
58.229838 -36.681692 -0.319882, 58.244598 -36.687806 -0.319882,
58.255895 -36.699103 -0.319882, 58.262009 -36.713863 -0.319882,
58.262009 -36.729838 -0.319882, 58.255895 -36.744598 -0.319882,
58.244598 -36.755895 -0.319882, 58.229838 -36.762009 -0.319882,
58.213863 -36.762009 -0.319882, 58.199103 -36.755895 -0.319882,
58.187806 -36.744598 -0.319882, 58.181692 -36.729838 -0.319882,
58.181692 -37.107563 -0.319882, 58.187806 -37.092804 -0.319882,
58.199103 -37.081507 -0.319882, 58.213863 -37.075393 -0.319882,
58.229838 -37.075393 -0.319882, 58.244598 -37.081507 -0.319882,
58.255895 -37.092804 -0.319882, 58.262009 -37.107563 -0.319882,
58.262009 -37.123539 -0.319882, 58.255895 -37.138299 -0.319882,
58.244598 -37.149596 -0.319882, 58.229838 -37.155709 -0.319882,
58.213863 -37.155709 -0.319882, 58.199103 -37.149596 -0.319882,
58.187806 -37.138299 -0.319882, 58.181692 -37.123539 -0.319882,
58.181692 -37.51724 -0.319882, 58.181692 -37.501264 -0.319882,
58.187806 -37.486504 -0.319882, 58.199103 -37.475207 -0.319882,
58.213863 -37.469094 -0.319882, 58.229838 -37.469094 -0.319882,
58.244598 -37.475207 -0.319882, 58.255895 -37.486504 -0.319882,
58.262009 -37.501264 -0.319882, 58.262009 -37.51724 -0.319882,
58.255895 -37.532 -0.319882, 58.244598 -37.543296 -0.319882,
58.229838 -37.54941 -0.319882, 58.213863 -37.54941 -0.319882,
58.199103 -37.543296 -0.319882, 58.187806 -37.532 -0.319882,
57.787991 -37.51724 -0.319882, 57.787991 -37.501264 -0.319882,
57.794105 -37.486504 -0.319882, 57.805402 -37.475207 -0.319882,
57.820162 -37.469094 -0.319882, 57.836137 -37.469094 -0.319882,
57.850897 -37.475207 -0.319882, 57.862194 -37.486504 -0.319882,
57.868308 -37.501264 -0.319882, 57.868308 -37.51724 -0.319882,
57.862194 -37.532 -0.319882, 57.850897 -37.543296 -0.319882,
57.836137 -37.54941 -0.319882, 57.820162 -37.54941 -0.319882,
57.805402 -37.543296 -0.319882, 57.794105 -37.532 -0.319882,
57.474607 -35.53276 -0.319882, 57.474607 -35.548736 -0.319882,
57.468493 -35.563496 -0.319882, 57.457196 -35.574793 -0.319882,
57.442437 -35.580906 -0.319882, 57.426461 -35.580906 -0.319882,
57.411701 -35.574793 -0.319882, 57.400404 -35.563496 -0.319882,
57.394291 -35.548736 -0.319882, 57.394291 -35.53276 -0.319882,
57.400404 -35.518 -0.319882, 57.411701 -35.506704 -0.319882,
57.426461 -35.50059 -0.319882, 57.442437 -35.50059 -0.319882,
57.457196 -35.506704 -0.319882, 57.468493 -35.518 -0.319882,
57.868308 -35.53276 -0.319882, 57.868308 -35.548736 -0.319882,
57.862194 -35.563496 -0.319882, 57.850897 -35.574793 -0.319882,
57.836137 -35.580906 -0.319882, 57.820162 -35.580906 -0.319882,
57.805402 -35.574793 -0.319882, 57.794105 -35.563496 -0.319882,
57.787991 -35.548736 -0.319882, 57.787991 -35.53276 -0.319882,
57.794105 -35.518 -0.319882, 57.805402 -35.506704 -0.319882,
57.820162 -35.50059 -0.319882, 57.836137 -35.50059 -0.319882,
57.850897 -35.506704 -0.319882, 57.862194 -35.518 -0.319882,
58.262009 -35.53276 -0.319882, 58.262009 -35.548736 -0.319882,
58.255895 -35.563496 -0.319882, 58.244598 -35.574793 -0.319882,
58.229838 -35.580906 -0.319882, 58.213863 -35.580906 -0.319882,
58.199103 -35.574793 -0.319882, 58.187806 -35.563496 -0.319882,
58.181692 -35.548736 -0.319882, 58.181692 -35.53276 -0.319882,
58.187806 -35.518 -0.319882, 58.199103 -35.506704 -0.319882,
58.213863 -35.50059 -0.319882, 58.229838 -35.50059 -0.319882,
58.244598 -35.506704 -0.319882, 58.255895 -35.518 -0.319882,
58.575393 -35.548736 -0.319882, 58.575393 -35.53276 -0.319882,
58.581507 -35.518 -0.319882, 58.592804 -35.506704 -0.319882,
58.607563 -35.50059 -0.319882, 58.623539 -35.50059 -0.319882,
58.638299 -35.506704 -0.319882, 58.649596 -35.518 -0.319882,
58.655709 -35.53276 -0.319882, 58.655709 -35.548736 -0.319882,
58.649596 -35.563496 -0.319882, 58.638299 -35.574793 -0.319882,
58.623539 -35.580906 -0.319882, 58.607563 -35.580906 -0.319882,
58.592804 -35.574793 -0.319882, 58.581507 -35.563496 -0.319882,
58.575393 -35.926461 -0.319882, 58.581507 -35.911701 -0.319882,
58.592804 -35.900404 -0.319882, 58.607563 -35.894291 -0.319882,
58.623539 -35.894291 -0.319882, 58.638299 -35.900404 -0.319882,
58.649596 -35.911701 -0.319882, 58.655709 -35.926461 -0.319882,
58.655709 -35.942437 -0.319882, 58.649596 -35.957196 -0.319882,
58.638299 -35.968493 -0.319882, 58.623539 -35.974607 -0.319882,
58.607563 -35.974607 -0.319882, 58.592804 -35.968493 -0.319882,
58.581507 -35.957196 -0.319882, 58.575393 -35.942437 -0.319882,
58.575393 -36.320162 -0.319882, 58.581507 -36.305402 -0.319882,
58.592804 -36.294105 -0.319882, 58.607563 -36.287991 -0.319882,
58.623539 -36.287991 -0.319882, 58.638299 -36.294105 -0.319882,
58.649596 -36.305402 -0.319882, 58.655709 -36.320162 -0.319882,
58.655709 -36.336137 -0.319882, 58.649596 -36.350897 -0.319882,
58.638299 -36.362194 -0.319882, 58.623539 -36.368308 -0.319882,
58.607563 -36.368308 -0.319882, 58.592804 -36.362194 -0.319882,
58.581507 -36.350897 -0.319882, 58.575393 -36.336137 -0.319882,
58.575393 -36.713863 -0.319882, 58.581507 -36.699103 -0.319882,
58.592804 -36.687806 -0.319882, 58.607563 -36.681692 -0.319882,
58.623539 -36.681692 -0.319882, 58.638299 -36.687806 -0.319882,
58.649596 -36.699103 -0.319882, 58.655709 -36.713863 -0.319882,
58.655709 -36.729838 -0.319882, 58.649596 -36.744598 -0.319882,
58.638299 -36.755895 -0.319882, 58.623539 -36.762009 -0.319882,
58.607563 -36.762009 -0.319882, 58.592804 -36.755895 -0.319882,
58.581507 -36.744598 -0.319882, 58.575393 -36.729838 -0.319882,
58.575393 -37.107563 -0.319882, 58.581507 -37.092804 -0.319882,
58.592804 -37.081507 -0.319882, 58.607563 -37.075393 -0.319882,
58.623539 -37.075393 -0.319882, 58.638299 -37.081507 -0.319882,
58.649596 -37.092804 -0.319882, 58.655709 -37.107563 -0.319882,
58.655709 -37.123539 -0.319882, 58.649596 -37.138299 -0.319882,
58.638299 -37.149596 -0.319882, 58.623539 -37.155709 -0.319882,
58.607563 -37.155709 -0.319882, 58.592804 -37.149596 -0.319882,
58.581507 -37.138299 -0.319882, 58.575393 -37.123539 -0.319882,
58.575393 -37.51724 -0.319882, 58.575393 -37.501264 -0.319882,
58.581507 -37.486504 -0.319882, 58.592804 -37.475207 -0.319882,
58.607563 -37.469094 -0.319882, 58.623539 -37.469094 -0.319882,
58.638299 -37.475207 -0.319882, 58.649596 -37.486504 -0.319882,
58.655709 -37.501264 -0.319882, 58.655709 -37.51724 -0.319882,
58.649596 -37.532 -0.319882, 58.638299 -37.543296 -0.319882,
58.623539 -37.54941 -0.319882, 58.607563 -37.54941 -0.319882,
58.592804 -37.543296 -0.319882, 58.581507 -37.532 -0.319882,
57.619634 -34.860224 -0.319882, 57.610283 -34.869575 -0.319882,
57.599086 -34.876611 -0.319882, 57.586604 -34.880978 -0.319882,
57.573463 -34.882459 -0.319882, 57.560322 -34.880978 -0.319882,
57.54784 -34.876611 -0.319882, 57.536643 -34.869575 -0.319882,
57.527292 -34.860224 -0.319882, 57.520256 -34.849027 -0.319882,
57.515889 -34.836545 -0.319882, 57.514408 -34.823404 -0.319882,
57.515889 -34.810263 -0.319882, 57.520256 -34.797781 -0.319882,
57.527292 -34.786584 -0.319882, 57.536643 -34.777233 -0.319882,
57.54784 -34.770197 -0.319882, 57.560322 -34.765829 -0.319882,
57.573463 -34.764349 -0.319882, 57.586604 -34.765829 -0.319882,
57.599086 -34.770197 -0.319882, 57.610283 -34.777233 -0.319882,
57.619634 -34.786584 -0.319882, 57.62667 -34.797781 -0.319882,
57.631037 -34.810263 -0.319882, 57.632518 -34.823404 -0.319882,
57.631037 -34.836545 -0.319882, 57.62667 -34.849027 -0.319882,
57.620079 -40.5 -0.319882, 57.62202 -40.490238 -0.319882,
57.62202 -40.450577 -0.319882, 57.637483 -40.352948 -0.319882,
57.668029 -40.258941 -0.319882, 57.668029 -40.25894 -0.319882,
57.668031 -40.258939 -0.319882, 57.712904 -40.170867 -0.319882,
57.771004 -40.090899 -0.319882, 57.799049 -40.062854 -0.319882,
57.804578 -40.054578 -0.319882, 57.812854 -40.049049 -0.319882,
57.840899 -40.021004 -0.319882, 57.920867 -39.962904 -0.319882,
58.008939 -39.91803 -0.319882, 58.00894 -39.918029 -0.319882,
58.00894 -39.918028 -0.319882, 58.102948 -39.887483 -0.319882,
58.200577 -39.87202 -0.319882, 58.240239 -39.872021 -0.319882,
58.25 -39.870079 -0.319882, 58.259762 -39.87202 -0.319882,
58.299423 -39.87202 -0.319882, 58.397052 -39.887483 -0.319882,
58.49106 -39.918029 -0.319882, 58.49106 -39.918029 -0.319882,
58.491063 -39.91803 -0.319882, 58.579133 -39.962904 -0.319882,
58.659101 -40.021004 -0.319882, 58.687147 -40.049049 -0.319882,
58.695422 -40.054578 -0.319882, 58.700951 -40.062854 -0.319882,
58.728996 -40.090899 -0.319882, 58.787096 -40.170867 -0.319882,
58.831971 -40.258939 -0.319882, 58.831971 -40.25894 -0.319882,
58.831971 -40.25894 -0.319882, 58.862517 -40.352948 -0.319882,
58.87798 -40.450577 -0.319882, 58.87798 -40.490239 -0.319882,
58.879921 -40.5 -0.319882, 58.87798 -40.509762 -0.319882,
58.87798 -40.549423 -0.319882, 58.862517 -40.647052 -0.319882,
58.831971 -40.741059 -0.319882, 58.831971 -40.74106 -0.319882,
58.831971 -40.741062 -0.319882, 58.787096 -40.829133 -0.319882,
58.728996 -40.909101 -0.319882, 58.700951 -40.937146 -0.319882,
58.695422 -40.945422 -0.319882, 58.687147 -40.950951 -0.319882,
58.659101 -40.978996 -0.319882, 58.579133 -41.037096 -0.319882,
58.491063 -41.081972 -0.319882, 58.49106 -41.081971 -0.319882,
58.49106 -41.081972 -0.319882, 58.397052 -41.112517 -0.319882,
58.299423 -41.12798 -0.319882, 58.259762 -41.127979 -0.319882,
58.25 -41.129921 -0.319882, 58.240239 -41.12798 -0.319882,
58.200577 -41.12798 -0.319882, 58.102948 -41.112517 -0.319882,
58.00894 -41.081971 -0.319882, 58.00894 -41.081971 -0.319882,
58.008939 -41.081971 -0.319882, 57.920867 -41.037096 -0.319882,
57.840899 -40.978996 -0.319882, 57.812854 -40.950951 -0.319882,
57.804578 -40.945422 -0.319882, 57.799049 -40.937147 -0.319882,
57.771004 -40.909101 -0.319882, 57.712904 -40.829133 -0.319882,
57.668031 -40.741063 -0.319882, 57.668029 -40.74106 -0.319882,
57.668029 -40.74106 -0.319882, 57.637483 -40.647052 -0.319882,
57.62202 -40.549423 -0.319882, 57.62202 -40.509761 -0.319882
              ]
            }
            coordIndex [
180, 179, 90, -1, 180, 90, 181, -1, 181, 90, 89, -1, 181, 89, 182, -1,
182, 89, 139, -1, 182, 139, 183, -1, 183, 139, 184, -1, 175, 95, 94, -1,
175, 94, 176, -1, 176, 94, 93, -1, 176, 93, 177, -1, 177, 93, 92, -1,
177, 92, 178, -1, 178, 92, 91, -1, 178, 91, 179, -1, 179, 91, 90, -1,
97, 96, 174, -1, 174, 96, 175, -1, 175, 96, 95, -1, 172, 171, 17, -1,
172, 17, 173, -1, 173, 17, 16, -1, 173, 16, 174, -1, 174, 16, 98, -1,
174, 98, 97, -1, 19, 18, 169, -1, 169, 18, 170, -1, 170, 18, 171, -1,
171, 18, 17, -1, 169, 168, 19, -1, 19, 168, 20, -1, 20, 168, 21, -1,
21, 168, 22, -1, 22, 168, 23, -1, 23, 168, 33, -1, 33, 168, 34, -1,
34, 168, 35, -1, 35, 168, 36, -1, 36, 168, 37, -1, 37, 168, 38, -1,
38, 168, 39, -1, 39, 168, 40, -1, 40, 168, 41, -1, 41, 168, 42, -1,
42, 168, 154, -1, 154, 168, 195, -1, 588, 70, 652, -1, 588, 652, 589, -1,
589, 652, 604, -1, 589, 604, 590, -1, 590, 604, 603, -1, 590, 603, 591, -1,
591, 603, 602, -1, 591, 602, 592, -1, 592, 602, 601, -1, 592, 601, 593, -1,
593, 601, 600, -1, 593, 600, 594, -1, 594, 600, 599, -1, 594, 599, 595, -1,
595, 599, 598, -1, 595, 598, 580, -1, 580, 598, 597, -1, 580, 597, 1434, -1,
1434, 597, 596, -1, 1434, 596, 613, -1, 613, 596, 614, -1, 614, 596, 611, -1,
614, 611, 615, -1, 615, 611, 610, -1, 615, 610, 616, -1, 616, 610, 609, -1,
616, 609, 617, -1, 617, 609, 608, -1, 617, 608, 618, -1, 618, 608, 607, -1,
618, 607, 619, -1, 619, 607, 606, -1, 619, 606, 620, -1, 620, 606, 605, -1,
620, 605, 652, -1, 652, 605, 604, -1, 621, 652, 636, -1, 621, 636, 622, -1,
622, 636, 635, -1, 622, 635, 623, -1, 623, 635, 634, -1, 623, 634, 624, -1,
624, 634, 633, -1, 624, 633, 625, -1, 625, 633, 632, -1, 625, 632, 626, -1,
626, 632, 631, -1, 626, 631, 627, -1, 627, 631, 630, -1, 627, 630, 612, -1,
612, 630, 629, -1, 612, 629, 1434, -1, 1434, 629, 628, -1, 1434, 628, 661, -1,
661, 628, 662, -1, 662, 628, 643, -1, 662, 643, 663, -1, 663, 643, 642, -1,
663, 642, 664, -1, 664, 642, 641, -1, 664, 641, 665, -1, 665, 641, 640, -1,
665, 640, 666, -1, 666, 640, 639, -1, 666, 639, 667, -1, 667, 639, 638, -1,
667, 638, 668, -1, 668, 638, 637, -1, 668, 637, 652, -1, 652, 637, 636, -1,
236, 235, 1356, -1, 236, 1356, 251, -1, 251, 1356, 1434, -1, 251, 1434, 252, -1,
252, 1434, 267, -1, 252, 267, 253, -1, 253, 267, 266, -1, 253, 266, 254, -1,
254, 266, 265, -1, 254, 265, 255, -1, 255, 265, 264, -1, 255, 264, 256, -1,
256, 264, 263, -1, 256, 263, 257, -1, 257, 263, 262, -1, 257, 262, 258, -1,
258, 262, 261, -1, 258, 261, 259, -1, 259, 261, 260, -1, 259, 260, 1193, -1,
1193, 260, 275, -1, 1193, 275, 659, -1, 659, 275, 1434, -1, 659, 1434, 644, -1,
644, 1434, 660, -1, 644, 660, 645, -1, 645, 660, 675, -1, 645, 675, 646, -1,
646, 675, 674, -1, 646, 674, 647, -1, 647, 674, 673, -1, 647, 673, 648, -1,
648, 673, 672, -1, 648, 672, 649, -1, 649, 672, 671, -1, 649, 671, 650, -1,
650, 671, 670, -1, 650, 670, 651, -1, 651, 670, 669, -1, 651, 669, 652, -1,
652, 669, 668, -1, 244, 1193, 243, -1, 244, 243, 245, -1, 245, 243, 242, -1,
245, 242, 246, -1, 246, 242, 241, -1, 246, 241, 247, -1, 247, 241, 240, -1,
247, 240, 248, -1, 248, 240, 239, -1, 248, 239, 249, -1, 249, 239, 238, -1,
249, 238, 250, -1, 250, 238, 237, -1, 250, 237, 251, -1, 251, 237, 236, -1,
228, 1193, 227, -1, 228, 227, 229, -1, 229, 227, 226, -1, 229, 226, 230, -1,
230, 226, 225, -1, 230, 225, 231, -1, 231, 225, 224, -1, 231, 224, 232, -1,
232, 224, 223, -1, 232, 223, 233, -1, 233, 223, 222, -1, 233, 222, 234, -1,
234, 222, 221, -1, 234, 221, 235, -1, 235, 221, 220, -1, 235, 220, 1356, -1,
1356, 220, 219, -1, 1356, 219, 204, -1, 204, 219, 205, -1, 205, 219, 218, -1,
205, 218, 206, -1, 206, 218, 217, -1, 206, 217, 207, -1, 207, 217, 216, -1,
207, 216, 208, -1, 208, 216, 215, -1, 208, 215, 209, -1, 209, 215, 214, -1,
209, 214, 210, -1, 210, 214, 213, -1, 210, 213, 211, -1, 211, 213, 212, -1,
211, 212, 1193, -1, 1193, 212, 227, -1, 1199, 1198, 1339, -1, 1199, 1339, 1184, -1,
1184, 1339, 1356, -1, 1184, 1356, 1185, -1, 1185, 1356, 203, -1, 1185, 203, 1186, -1,
1186, 203, 202, -1, 1186, 202, 1187, -1, 1187, 202, 201, -1, 1187, 201, 1188, -1,
1188, 201, 200, -1, 1188, 200, 1189, -1, 1189, 200, 199, -1, 1189, 199, 1190, -1,
1190, 199, 198, -1, 1190, 198, 1191, -1, 1191, 198, 197, -1, 1191, 197, 1192, -1,
1192, 197, 196, -1, 1192, 196, 1193, -1, 1193, 196, 211, -1, 100, 99, 15, -1,
100, 15, 101, -1, 101, 15, 14, -1, 101, 14, 102, -1, 102, 14, 13, -1,
102, 13, 103, -1, 103, 13, 12, -1, 103, 12, 104, -1, 104, 12, 11, -1,
104, 11, 105, -1, 105, 11, 10, -1, 105, 10, 9, -1, 16, 15, 98, -1,
98, 15, 99, -1, 805, 804, 147, -1, 147, 804, 42, -1, 42, 804, 43, -1,
43, 804, 44, -1, 44, 804, 45, -1, 45, 804, 46, -1, 46, 804, 47, -1,
47, 804, 61, -1, 61, 804, 757, -1, 757, 804, 803, -1, 807, 806, 145, -1,
145, 806, 146, -1, 146, 806, 147, -1, 147, 806, 805, -1, 809, 807, 142, -1,
142, 807, 143, -1, 143, 807, 144, -1, 144, 807, 145, -1, 798, 797, 757, -1,
799, 757, 801, -1, 811, 810, 140, -1, 140, 810, 141, -1, 141, 810, 142, -1,
27, 30, 29, -1, 27, 29, 0, -1, 0, 29, 28, -1, 0, 28, 60, -1,
60, 28, 61, -1, 32, 31, 25, -1, 25, 31, 26, -1, 26, 31, 27, -1,
27, 31, 30, -1, 33, 32, 23, -1, 23, 32, 24, -1, 24, 32, 25, -1,
331, 330, 721, -1, 331, 721, 304, -1, 304, 721, 426, -1, 304, 426, 305, -1,
305, 426, 425, -1, 305, 425, 424, -1, 305, 424, 423, -1, 305, 423, 306, -1,
306, 423, 422, -1, 306, 422, 307, -1, 307, 422, 421, -1, 307, 421, 308, -1,
308, 421, 420, -1, 308, 420, 309, -1, 309, 420, 310, -1, 408, 277, 276, -1,
408, 276, 409, -1, 409, 276, 312, -1, 409, 312, 419, -1, 419, 312, 311, -1,
419, 311, 420, -1, 420, 311, 310, -1, 410, 409, 416, -1, 416, 409, 417, -1,
417, 409, 418, -1, 418, 409, 419, -1, 413, 412, 411, -1, 413, 411, 414, -1,
414, 411, 410, -1, 414, 410, 415, -1, 415, 410, 416, -1, 332, 411, 412, -1,
332, 412, 333, -1, 333, 412, 719, -1, 333, 719, 334, -1, 334, 719, 718, -1,
334, 718, 335, -1, 324, 323, 296, -1, 324, 296, 325, -1, 325, 296, 295, -1,
325, 295, 326, -1, 326, 295, 721, -1, 326, 721, 327, -1, 327, 721, 328, -1,
319, 301, 300, -1, 319, 300, 320, -1, 320, 300, 299, -1, 320, 299, 321, -1,
321, 299, 298, -1, 321, 298, 322, -1, 322, 298, 297, -1, 322, 297, 323, -1,
323, 297, 296, -1, 303, 302, 318, -1, 318, 302, 319, -1, 319, 302, 301, -1,
312, 276, 313, -1, 313, 276, 314, -1, 314, 276, 315, -1, 315, 276, 316, -1,
316, 276, 317, -1, 317, 276, 318, -1, 318, 276, 303, -1, 408, 407, 283, -1,
283, 407, 284, -1, 284, 407, 285, -1, 285, 407, 286, -1, 286, 407, 287, -1,
287, 407, 288, -1, 288, 407, 289, -1, 289, 407, 290, -1, 290, 407, 722, -1,
277, 408, 278, -1, 278, 408, 279, -1, 279, 408, 280, -1, 280, 408, 281, -1,
281, 408, 282, -1, 282, 408, 283, -1, 393, 392, 724, -1, 393, 724, 394, -1,
394, 724, 396, -1, 724, 391, 751, -1, 724, 751, 725, -1, 725, 751, 750, -1,
725, 750, 726, -1, 726, 750, 749, -1, 726, 749, 727, -1, 727, 749, 748, -1,
727, 748, 728, -1, 728, 748, 747, -1, 728, 747, 729, -1, 729, 747, 746, -1,
729, 746, 730, -1, 730, 746, 745, -1, 730, 745, 731, -1, 731, 745, 744, -1,
731, 744, 732, -1, 732, 744, 743, -1, 732, 743, 733, -1, 733, 743, 742, -1,
733, 742, 734, -1, 734, 742, 741, -1, 734, 741, 735, -1, 735, 741, 740, -1,
735, 740, 736, -1, 736, 740, 739, -1, 736, 739, 737, -1, 737, 739, 738, -1,
752, 751, 384, -1, 384, 751, 385, -1, 386, 751, 388, -1, 388, 751, 389, -1,
389, 751, 390, -1, 390, 751, 391, -1, 753, 752, 379, -1, 379, 752, 380, -1,
380, 752, 381, -1, 381, 752, 382, -1, 382, 752, 383, -1, 383, 752, 384, -1,
754, 753, 375, -1, 377, 753, 378, -1, 378, 753, 379, -1, 372, 371, 755, -1,
372, 755, 373, -1, 373, 755, 754, -1, 373, 754, 374, -1, 374, 754, 375, -1,
367, 757, 368, -1, 368, 757, 756, -1, 368, 756, 369, -1, 369, 756, 755, -1,
369, 755, 370, -1, 370, 755, 371, -1, 61, 757, 62, -1, 62, 757, 63, -1,
63, 757, 64, -1, 64, 757, 65, -1, 65, 757, 66, -1, 66, 757, 67, -1,
67, 757, 68, -1, 68, 757, 69, -1, 69, 757, 70, -1, 70, 757, 1343, -1,
1343, 757, 1344, -1, 1344, 757, 1345, -1, 1345, 757, 1346, -1, 1346, 757, 1347, -1,
1347, 757, 1348, -1, 1348, 757, 1349, -1, 1349, 757, 1350, -1, 1350, 757, 1351, -1,
1351, 757, 1352, -1, 1352, 757, 1353, -1, 1353, 757, 1211, -1, 1211, 757, 1212, -1,
1212, 757, 1213, -1, 1213, 757, 1214, -1, 1214, 757, 1215, -1, 1215, 757, 1200, -1,
1200, 757, 1226, -1, 1226, 757, 1227, -1, 1227, 757, 1228, -1, 1228, 757, 1229, -1,
1229, 757, 1230, -1, 1230, 757, 1231, -1, 1231, 757, 1216, -1, 1216, 757, 1234, -1,
1234, 757, 1235, -1, 1235, 757, 1236, -1, 1236, 757, 1237, -1, 1237, 757, 1238, -1,
1238, 757, 1239, -1, 1239, 757, 1240, -1, 1240, 757, 1002, -1, 1002, 757, 1003, -1,
1003, 757, 1004, -1, 1004, 757, 1005, -1, 1005, 757, 1006, -1, 1006, 757, 1007, -1,
1007, 757, 992, -1, 992, 757, 540, -1, 540, 757, 541, -1, 541, 757, 542, -1,
542, 757, 543, -1, 543, 757, 544, -1, 544, 757, 545, -1, 545, 757, 546, -1,
546, 757, 547, -1, 547, 757, 548, -1, 548, 757, 549, -1, 549, 757, 550, -1,
550, 757, 551, -1, 551, 757, 524, -1, 524, 757, 354, -1, 354, 757, 356, -1,
357, 757, 358, -1, 358, 757, 359, -1, 359, 757, 360, -1, 360, 757, 361, -1,
361, 757, 362, -1, 362, 757, 363, -1, 363, 757, 364, -1, 364, 757, 365, -1,
352, 351, 353, -1, 353, 351, 468, -1, 468, 351, 496, -1, 496, 351, 497, -1,
497, 351, 498, -1, 498, 351, 499, -1, 499, 351, 500, -1, 500, 351, 501, -1,
501, 351, 502, -1, 502, 351, 503, -1, 503, 351, 504, -1, 504, 351, 505, -1,
505, 351, 506, -1, 506, 351, 507, -1, 507, 351, 508, -1, 508, 351, 509, -1,
509, 351, 510, -1, 510, 351, 462, -1, 462, 351, 463, -1, 463, 351, 464, -1,
464, 351, 465, -1, 465, 351, 466, -1, 466, 351, 467, -1, 467, 351, 440, -1,
440, 351, 441, -1, 441, 351, 349, -1, 349, 351, 350, -1, 354, 353, 566, -1,
566, 353, 483, -1, 483, 353, 484, -1, 484, 353, 485, -1, 485, 353, 486, -1,
486, 353, 487, -1, 487, 353, 488, -1, 488, 353, 489, -1, 489, 353, 490, -1,
490, 353, 491, -1, 491, 353, 492, -1, 492, 353, 493, -1, 493, 353, 494, -1,
494, 353, 495, -1, 495, 353, 468, -1, 567, 566, 523, -1, 523, 566, 496, -1,
496, 566, 482, -1, 482, 566, 483, -1, 524, 354, 553, -1, 553, 354, 554, -1,
554, 354, 555, -1, 555, 354, 556, -1, 556, 354, 557, -1, 557, 354, 558, -1,
558, 354, 559, -1, 559, 354, 560, -1, 560, 354, 561, -1, 561, 354, 562, -1,
562, 354, 563, -1, 563, 354, 564, -1, 564, 354, 565, -1, 565, 354, 566, -1,
525, 524, 579, -1, 579, 524, 552, -1, 552, 524, 553, -1, 993, 992, 718, -1,
718, 992, 579, -1, 579, 992, 537, -1, 537, 992, 538, -1, 538, 992, 539, -1,
539, 992, 540, -1, 1002, 1001, 1240, -1, 1240, 1001, 1384, -1, 1384, 1001, 1385, -1,
1385, 1001, 1386, -1, 1386, 1001, 1387, -1, 1387, 1001, 1388, -1, 1388, 1001, 1389, -1,
1389, 1001, 1390, -1, 1391, 1001, 1393, -1, 1393, 1001, 1394, -1, 1394, 1001, 1395, -1,
1395, 1001, 1396, -1, 1396, 1001, 1087, -1, 1087, 1001, 1072, -1, 1072, 1001, 1071, -1,
1071, 1001, 1056, -1, 1056, 1001, 1055, -1, 1055, 1001, 1040, -1, 1040, 1001, 1039, -1,
1039, 1001, 1024, -1, 1024, 1001, 1023, -1, 1023, 1001, 1008, -1, 1008, 1001, 1000, -1,
1263, 1264, 1233, -1, 1263, 1233, 1248, -1, 1248, 1233, 1232, -1, 1248, 1232, 1249, -1,
1249, 1232, 1247, -1, 1249, 1247, 1250, -1, 1250, 1247, 1246, -1, 1250, 1246, 1251, -1,
1251, 1246, 1245, -1, 1251, 1245, 1252, -1, 1252, 1245, 1244, -1, 1252, 1244, 1253, -1,
1253, 1244, 1243, -1, 1253, 1243, 1254, -1, 1254, 1243, 1242, -1, 1254, 1242, 1255, -1,
1255, 1242, 1241, -1, 1255, 1241, 1384, -1, 1384, 1241, 1240, -1, 1234, 1233, 1216, -1,
1216, 1233, 1378, -1, 1378, 1233, 1379, -1, 1379, 1233, 1380, -1, 1382, 1233, 1312, -1,
1312, 1233, 1313, -1, 1313, 1233, 1311, -1, 1311, 1233, 1296, -1, 1296, 1233, 1295, -1,
1295, 1233, 1280, -1, 1280, 1233, 1279, -1, 1279, 1233, 1264, -1, 1103, 1104, 1225, -1,
1103, 1225, 1088, -1, 1088, 1225, 1224, -1, 1088, 1224, 1089, -1, 1089, 1224, 1223, -1,
1089, 1223, 1090, -1, 1090, 1223, 1222, -1, 1090, 1222, 1091, -1, 1091, 1222, 1221, -1,
1091, 1221, 1092, -1, 1092, 1221, 1220, -1, 1092, 1220, 1093, -1, 1093, 1220, 1219, -1,
1093, 1219, 1094, -1, 1094, 1219, 1218, -1, 1094, 1218, 1095, -1, 1095, 1218, 1217, -1,
1095, 1217, 1378, -1, 1378, 1217, 1216, -1, 1226, 1225, 1200, -1, 1200, 1225, 1369, -1,
1369, 1225, 1370, -1, 1372, 1225, 1373, -1, 1373, 1225, 1152, -1, 1152, 1225, 1153, -1,
1153, 1225, 1151, -1, 1151, 1225, 1136, -1, 1136, 1225, 1135, -1, 1135, 1225, 1120, -1,
1120, 1225, 1119, -1, 1119, 1225, 1104, -1, 943, 944, 1209, -1, 943, 1209, 928, -1,
928, 1209, 1208, -1, 928, 1208, 929, -1, 929, 1208, 1207, -1, 929, 1207, 930, -1,
930, 1207, 1206, -1, 930, 1206, 931, -1, 931, 1206, 1205, -1, 931, 1205, 932, -1,
932, 1205, 1204, -1, 932, 1204, 933, -1, 933, 1204, 1203, -1, 933, 1203, 934, -1,
934, 1203, 1202, -1, 934, 1202, 935, -1, 935, 1202, 1201, -1, 935, 1201, 1369, -1,
1369, 1201, 1200, -1, 1210, 1209, 1353, -1, 1353, 1209, 1359, -1, 1359, 1209, 1361, -1,
1362, 1209, 1363, -1, 1363, 1209, 1364, -1, 1364, 1209, 1168, -1, 1168, 1209, 1169, -1,
1169, 1209, 991, -1, 991, 1209, 976, -1, 976, 1209, 975, -1, 975, 1209, 960, -1,
960, 1209, 959, -1, 959, 1209, 944, -1, 1195, 1194, 1340, -1, 1195, 1340, 1196, -1,
1196, 1340, 1339, -1, 1196, 1339, 1197, -1, 1197, 1339, 1198, -1, 658, 657, 1341, -1,
658, 1341, 659, -1, 659, 1341, 1340, -1, 659, 1340, 1193, -1, 1193, 1340, 1194, -1,
1343, 1342, 70, -1, 70, 1342, 653, -1, 653, 1342, 654, -1, 654, 1342, 655, -1,
655, 1342, 656, -1, 656, 1342, 657, -1, 657, 1342, 1341, -1, 57, 56, 84, -1,
84, 56, 112, -1, 112, 56, 113, -1, 113, 56, 114, -1, 114, 56, 115, -1,
115, 56, 116, -1, 116, 56, 117, -1, 117, 56, 118, -1, 118, 56, 119, -1,
119, 56, 120, -1, 120, 56, 121, -1, 121, 56, 122, -1, 122, 56, 123, -1,
123, 56, 124, -1, 124, 56, 125, -1, 125, 56, 126, -1, 126, 56, 83, -1,
111, 110, 59, -1, 111, 59, 84, -1, 84, 59, 58, -1, 84, 58, 57, -1,
60, 59, 9, -1, 9, 59, 105, -1, 105, 59, 106, -1, 106, 59, 107, -1,
107, 59, 108, -1, 108, 59, 109, -1, 109, 59, 110, -1, 0, 60, 1, -1,
1, 60, 2, -1, 2, 60, 3, -1, 3, 60, 4, -1, 4, 60, 5, -1,
5, 60, 6, -1, 6, 60, 7, -1, 7, 60, 8, -1, 8, 60, 9, -1,
47, 61, 48, -1, 48, 61, 49, -1, 49, 61, 50, -1, 50, 61, 51, -1,
51, 61, 52, -1, 52, 61, 53, -1, 53, 61, 54, -1, 54, 61, 55, -1,
55, 61, 28, -1, 147, 42, 148, -1, 148, 42, 149, -1, 149, 42, 150, -1,
150, 42, 151, -1, 151, 42, 152, -1, 152, 42, 153, -1, 153, 42, 154, -1,
801, 757, 802, -1, 802, 757, 803, -1, 758, 757, 789, -1, 790, 757, 791, -1,
791, 757, 792, -1, 792, 757, 793, -1, 793, 757, 794, -1, 794, 757, 795, -1,
795, 757, 796, -1, 796, 757, 797, -1, 786, 785, 759, -1, 786, 759, 787, -1,
787, 759, 758, -1, 787, 758, 788, -1, 782, 781, 760, -1, 782, 760, 783, -1,
783, 760, 759, -1, 783, 759, 784, -1, 784, 759, 785, -1, 762, 761, 777, -1,
777, 761, 778, -1, 780, 761, 781, -1, 781, 761, 760, -1, 763, 762, 772, -1,
772, 762, 773, -1, 773, 762, 774, -1, 774, 762, 775, -1, 775, 762, 776, -1,
776, 762, 777, -1, 676, 763, 766, -1, 766, 763, 767, -1, 767, 763, 769, -1,
770, 763, 771, -1, 771, 763, 772, -1, 765, 764, 766, -1, 766, 764, 676, -1,
676, 764, 712, -1, 712, 764, 842, -1, 842, 764, 843, -1, 397, 724, 398, -1,
398, 724, 723, -1, 398, 723, 399, -1, 399, 723, 400, -1, 400, 723, 401, -1,
401, 723, 402, -1, 402, 723, 403, -1, 403, 723, 722, -1, 403, 722, 404, -1,
404, 722, 405, -1, 291, 290, 722, -1, 291, 722, 292, -1, 292, 722, 721, -1,
292, 721, 293, -1, 293, 721, 294, -1, 330, 329, 721, -1, 721, 329, 328, -1,
426, 721, 427, -1, 427, 721, 428, -1, 428, 721, 429, -1, 429, 721, 430, -1,
430, 721, 431, -1, 431, 721, 432, -1, 432, 721, 433, -1, 433, 721, 434, -1,
434, 721, 720, -1, 434, 720, 435, -1, 435, 720, 436, -1, 436, 720, 437, -1,
437, 720, 438, -1, 438, 720, 439, -1, 439, 720, 412, -1, 412, 720, 719, -1,
337, 718, 338, -1, 338, 718, 339, -1, 339, 718, 340, -1, 340, 718, 341, -1,
341, 718, 342, -1, 342, 718, 343, -1, 343, 718, 344, -1, 344, 718, 448, -1,
448, 718, 449, -1, 449, 718, 450, -1, 450, 718, 451, -1, 451, 718, 452, -1,
452, 718, 453, -1, 453, 718, 454, -1, 454, 718, 455, -1, 455, 718, 456, -1,
456, 718, 457, -1, 457, 718, 458, -1, 458, 718, 459, -1, 459, 718, 460, -1,
460, 718, 461, -1, 461, 718, 462, -1, 462, 718, 510, -1, 510, 718, 511, -1,
511, 718, 512, -1, 512, 718, 513, -1, 513, 718, 514, -1, 514, 718, 515, -1,
515, 718, 516, -1, 516, 718, 517, -1, 517, 718, 518, -1, 518, 718, 519, -1,
519, 718, 520, -1, 520, 718, 521, -1, 521, 718, 522, -1, 522, 718, 523, -1,
523, 718, 573, -1, 573, 718, 574, -1, 574, 718, 575, -1, 575, 718, 576, -1,
576, 718, 577, -1, 577, 718, 578, -1, 578, 718, 579, -1, 468, 496, 469, -1,
469, 496, 470, -1, 470, 496, 471, -1, 471, 496, 472, -1, 472, 496, 473, -1,
473, 496, 474, -1, 474, 496, 475, -1, 475, 496, 476, -1, 476, 496, 477, -1,
477, 496, 478, -1, 478, 496, 479, -1, 479, 496, 480, -1, 480, 496, 481, -1,
481, 496, 482, -1, 567, 523, 568, -1, 568, 523, 569, -1, 569, 523, 570, -1,
570, 523, 571, -1, 571, 523, 572, -1, 572, 523, 573, -1, 525, 579, 526, -1,
526, 579, 527, -1, 527, 579, 528, -1, 528, 579, 529, -1, 529, 579, 530, -1,
530, 579, 531, -1, 531, 579, 532, -1, 532, 579, 533, -1, 533, 579, 534, -1,
534, 579, 535, -1, 535, 579, 536, -1, 536, 579, 537, -1, 993, 718, 1015, -1,
1015, 718, 1016, -1, 1016, 718, 1031, -1, 1031, 718, 1032, -1, 1032, 718, 1047, -1,
1047, 718, 1048, -1, 1048, 718, 1063, -1, 1063, 718, 1064, -1, 1064, 718, 1079, -1,
1079, 718, 1080, -1, 1080, 718, 1081, -1, 1081, 718, 1082, -1, 1082, 718, 1083, -1,
1083, 718, 1084, -1, 1084, 718, 1085, -1, 1085, 718, 1086, -1, 1086, 718, 1396, -1,
1396, 718, 1397, -1, 1397, 718, 1398, -1, 1398, 718, 1399, -1, 1399, 718, 1401, -1,
1402, 718, 1403, -1, 1403, 718, 1404, -1, 1404, 718, 1405, -1, 1405, 718, 1406, -1,
1406, 718, 1407, -1, 1407, 718, 1408, -1, 1408, 718, 1409, -1, 1409, 718, 1410, -1,
1412, 718, 1413, -1, 1413, 718, 1414, -1, 1414, 718, 1415, -1, 1415, 718, 1416, -1,
1416, 718, 1417, -1, 1417, 718, 1418, -1, 1418, 718, 1419, -1, 1419, 718, 126, -1,
126, 718, 127, -1, 127, 718, 128, -1, 128, 718, 129, -1, 129, 718, 130, -1,
130, 718, 131, -1, 131, 718, 132, -1, 132, 718, 133, -1, 133, 718, 134, -1,
134, 718, 717, -1, 1423, 1421, 126, -1, 126, 1421, 1419, -1, 1427, 1426, 1428, -1,
1428, 1426, 126, -1, 126, 1426, 1424, -1, 1424, 1426, 1425, -1, 83, 82, 1433, -1,
83, 1433, 126, -1, 126, 1433, 1431, -1, 126, 1431, 1429, -1, 1357, 1356, 1358, -1,
1358, 1356, 1355, -1, 1355, 1356, 1328, -1, 1328, 1356, 1329, -1, 1329, 1356, 1330, -1,
1330, 1356, 1331, -1, 1331, 1356, 1332, -1, 1332, 1356, 1333, -1, 1333, 1356, 1334, -1,
1334, 1356, 1335, -1, 1335, 1356, 1336, -1, 1336, 1356, 1337, -1, 1337, 1356, 1338, -1,
1338, 1356, 1339, -1, 267, 1434, 268, -1, 268, 1434, 269, -1, 269, 1434, 270, -1,
270, 1434, 271, -1, 271, 1434, 272, -1, 272, 1434, 273, -1, 273, 1434, 274, -1,
274, 1434, 275, -1, 1434, 1433, 580, -1, 580, 1433, 581, -1, 581, 1433, 582, -1,
582, 1433, 583, -1, 583, 1433, 584, -1, 584, 1433, 585, -1, 585, 1433, 586, -1,
586, 1433, 587, -1, 587, 1433, 588, -1, 588, 1433, 78, -1, 78, 1433, 79, -1,
79, 1433, 80, -1, 80, 1433, 81, -1, 81, 1433, 82, -1, 70, 588, 71, -1,
71, 588, 72, -1, 72, 588, 73, -1, 73, 588, 74, -1, 74, 588, 75, -1,
75, 588, 76, -1, 76, 588, 77, -1, 77, 588, 78, -1, 112, 139, 84, -1,
84, 139, 85, -1, 85, 139, 86, -1, 86, 139, 87, -1, 87, 139, 88, -1,
88, 139, 89, -1, 184, 139, 185, -1, 185, 139, 186, -1, 186, 139, 187, -1,
187, 139, 188, -1, 188, 139, 189, -1, 189, 139, 190, -1, 190, 139, 191, -1,
191, 139, 192, -1, 192, 139, 193, -1, 193, 139, 194, -1, 194, 139, 195, -1,
195, 139, 154, -1, 154, 139, 138, -1, 155, 154, 136, -1, 136, 154, 137, -1,
137, 154, 138, -1, 155, 136, 156, -1, 156, 136, 157, -1, 157, 136, 158, -1,
158, 136, 159, -1, 159, 136, 160, -1, 160, 136, 135, -1, 160, 135, 161, -1,
161, 135, 162, -1, 162, 135, 163, -1, 163, 135, 886, -1, 886, 135, 134, -1,
811, 140, 812, -1, 812, 140, 813, -1, 813, 140, 814, -1, 814, 140, 815, -1,
815, 140, 816, -1, 816, 140, 817, -1, 817, 140, 886, -1, 886, 140, 167, -1,
163, 886, 164, -1, 164, 886, 165, -1, 165, 886, 166, -1, 166, 886, 167, -1,
886, 134, 887, -1, 887, 134, 888, -1, 888, 134, 889, -1, 889, 134, 890, -1,
890, 134, 891, -1, 891, 134, 892, -1, 892, 134, 893, -1, 893, 134, 894, -1,
894, 134, 717, -1, 894, 717, 895, -1, 895, 717, 896, -1, 896, 717, 897, -1,
897, 717, 898, -1, 898, 717, 899, -1, 899, 717, 872, -1, 872, 717, 821, -1,
821, 717, 716, -1, 821, 716, 822, -1, 822, 716, 823, -1, 823, 716, 824, -1,
824, 716, 825, -1, 825, 716, 715, -1, 826, 825, 715, -1, 826, 715, 827, -1,
827, 715, 714, -1, 827, 714, 844, -1, 844, 714, 845, -1, 828, 827, 868, -1,
868, 827, 869, -1, 869, 827, 870, -1, 870, 827, 871, -1, 871, 827, 844, -1,
867, 866, 830, -1, 867, 830, 868, -1, 831, 830, 861, -1, 861, 830, 862, -1,
862, 830, 863, -1, 863, 830, 864, -1, 864, 830, 865, -1, 865, 830, 866, -1,
832, 831, 925, -1, 925, 831, 926, -1, 926, 831, 927, -1, 927, 831, 900, -1,
900, 831, 713, -1, 713, 831, 858, -1, 858, 831, 859, -1, 859, 831, 860, -1,
860, 831, 861, -1, 833, 832, 922, -1, 922, 832, 923, -1, 923, 832, 924, -1,
924, 832, 925, -1, 920, 919, 835, -1, 920, 835, 921, -1, 921, 835, 834, -1,
921, 834, 922, -1, 922, 834, 833, -1, 837, 836, 712, -1, 712, 836, 914, -1,
914, 836, 915, -1, 915, 836, 916, -1, 916, 836, 917, -1, 917, 836, 918, -1,
918, 836, 919, -1, 919, 836, 835, -1, 837, 712, 838, -1, 839, 712, 841, -1,
841, 712, 842, -1, 676, 712, 711, -1, 676, 711, 677, -1, 677, 711, 710, -1,
677, 710, 678, -1, 678, 710, 709, -1, 678, 709, 679, -1, 679, 709, 708, -1,
679, 708, 680, -1, 680, 708, 707, -1, 680, 707, 681, -1, 681, 707, 706, -1,
681, 706, 682, -1, 682, 706, 705, -1, 682, 705, 683, -1, 683, 705, 704, -1,
683, 704, 684, -1, 684, 704, 703, -1, 684, 703, 685, -1, 685, 703, 702, -1,
685, 702, 686, -1, 686, 702, 687, -1, 698, 690, 689, -1, 698, 689, 699, -1,
699, 689, 688, -1, 699, 688, 700, -1, 700, 688, 687, -1, 700, 687, 701, -1,
701, 687, 702, -1, 690, 698, 691, -1, 691, 698, 692, -1, 692, 698, 693, -1,
693, 698, 694, -1, 694, 698, 695, -1, 695, 698, 696, -1, 696, 698, 697, -1,
845, 714, 846, -1, 846, 714, 847, -1, 847, 714, 848, -1, 848, 714, 849, -1,
849, 714, 850, -1, 850, 714, 851, -1, 851, 714, 852, -1, 852, 714, 853, -1,
853, 714, 854, -1, 854, 714, 855, -1, 855, 714, 856, -1, 856, 714, 857, -1,
857, 714, 858, -1, 858, 714, 713, -1, 900, 713, 901, -1, 901, 713, 902, -1,
902, 713, 903, -1, 903, 713, 904, -1, 904, 713, 905, -1, 905, 713, 906, -1,
906, 713, 907, -1, 907, 713, 908, -1, 908, 713, 909, -1, 909, 713, 910, -1,
910, 713, 911, -1, 911, 713, 912, -1, 912, 713, 913, -1, 913, 713, 914, -1,
914, 713, 712, -1, 818, 817, 878, -1, 878, 817, 879, -1, 879, 817, 880, -1,
880, 817, 881, -1, 881, 817, 882, -1, 882, 817, 883, -1, 883, 817, 884, -1,
884, 817, 885, -1, 885, 817, 886, -1, 877, 876, 820, -1, 877, 820, 878, -1,
821, 820, 872, -1, 872, 820, 873, -1, 873, 820, 874, -1, 874, 820, 875, -1,
875, 820, 876, -1, 1170, 991, 990, -1, 1170, 990, 1171, -1, 1171, 990, 989, -1,
1171, 989, 1172, -1, 1172, 989, 988, -1, 1172, 988, 1173, -1, 1173, 988, 987, -1,
1173, 987, 1174, -1, 1174, 987, 986, -1, 1174, 986, 1175, -1, 1175, 986, 985, -1,
1175, 985, 1176, -1, 1176, 985, 984, -1, 1176, 984, 1369, -1, 1369, 984, 983, -1,
1369, 983, 968, -1, 968, 983, 969, -1, 969, 983, 982, -1, 969, 982, 970, -1,
970, 982, 981, -1, 970, 981, 971, -1, 971, 981, 980, -1, 971, 980, 972, -1,
972, 980, 979, -1, 972, 979, 973, -1, 973, 979, 978, -1, 973, 978, 974, -1,
974, 978, 977, -1, 974, 977, 975, -1, 975, 977, 976, -1, 961, 959, 958, -1,
961, 958, 962, -1, 962, 958, 957, -1, 962, 957, 963, -1, 963, 957, 956, -1,
963, 956, 964, -1, 964, 956, 955, -1, 964, 955, 965, -1, 965, 955, 954, -1,
965, 954, 966, -1, 966, 954, 953, -1, 966, 953, 967, -1, 967, 953, 952, -1,
967, 952, 1369, -1, 1369, 952, 951, -1, 1369, 951, 936, -1, 936, 951, 937, -1,
937, 951, 950, -1, 937, 950, 938, -1, 938, 950, 949, -1, 938, 949, 939, -1,
939, 949, 948, -1, 939, 948, 940, -1, 940, 948, 947, -1, 940, 947, 941, -1,
941, 947, 946, -1, 941, 946, 942, -1, 942, 946, 945, -1, 942, 945, 943, -1,
943, 945, 944, -1, 1154, 1151, 1150, -1, 1154, 1150, 1155, -1, 1155, 1150, 1149, -1,
1155, 1149, 1156, -1, 1156, 1149, 1148, -1, 1156, 1148, 1157, -1, 1157, 1148, 1147, -1,
1157, 1147, 1158, -1, 1158, 1147, 1146, -1, 1158, 1146, 1159, -1, 1159, 1146, 1145, -1,
1159, 1145, 1160, -1, 1160, 1145, 1144, -1, 1160, 1144, 1378, -1, 1378, 1144, 1143, -1,
1378, 1143, 1128, -1, 1128, 1143, 1129, -1, 1129, 1143, 1142, -1, 1129, 1142, 1130, -1,
1130, 1142, 1141, -1, 1130, 1141, 1131, -1, 1131, 1141, 1140, -1, 1131, 1140, 1132, -1,
1132, 1140, 1139, -1, 1132, 1139, 1133, -1, 1133, 1139, 1138, -1, 1133, 1138, 1134, -1,
1134, 1138, 1137, -1, 1134, 1137, 1135, -1, 1135, 1137, 1136, -1, 1121, 1119, 1118, -1,
1121, 1118, 1122, -1, 1122, 1118, 1117, -1, 1122, 1117, 1123, -1, 1123, 1117, 1116, -1,
1123, 1116, 1124, -1, 1124, 1116, 1115, -1, 1124, 1115, 1125, -1, 1125, 1115, 1114, -1,
1125, 1114, 1126, -1, 1126, 1114, 1113, -1, 1126, 1113, 1127, -1, 1127, 1113, 1112, -1,
1127, 1112, 1378, -1, 1378, 1112, 1111, -1, 1378, 1111, 1096, -1, 1096, 1111, 1097, -1,
1097, 1111, 1110, -1, 1097, 1110, 1098, -1, 1098, 1110, 1109, -1, 1098, 1109, 1099, -1,
1099, 1109, 1108, -1, 1099, 1108, 1100, -1, 1100, 1108, 1107, -1, 1100, 1107, 1101, -1,
1101, 1107, 1106, -1, 1101, 1106, 1102, -1, 1102, 1106, 1105, -1, 1102, 1105, 1103, -1,
1103, 1105, 1104, -1, 1314, 1311, 1310, -1, 1314, 1310, 1315, -1, 1315, 1310, 1309, -1,
1315, 1309, 1316, -1, 1316, 1309, 1308, -1, 1316, 1308, 1317, -1, 1317, 1308, 1307, -1,
1317, 1307, 1318, -1, 1318, 1307, 1306, -1, 1318, 1306, 1319, -1, 1319, 1306, 1305, -1,
1319, 1305, 1320, -1, 1320, 1305, 1304, -1, 1320, 1304, 1384, -1, 1384, 1304, 1303, -1,
1384, 1303, 1288, -1, 1288, 1303, 1289, -1, 1289, 1303, 1302, -1, 1289, 1302, 1290, -1,
1290, 1302, 1301, -1, 1290, 1301, 1291, -1, 1291, 1301, 1300, -1, 1291, 1300, 1292, -1,
1292, 1300, 1299, -1, 1292, 1299, 1293, -1, 1293, 1299, 1298, -1, 1293, 1298, 1294, -1,
1294, 1298, 1297, -1, 1294, 1297, 1295, -1, 1295, 1297, 1296, -1, 1281, 1279, 1278, -1,
1281, 1278, 1282, -1, 1282, 1278, 1277, -1, 1282, 1277, 1283, -1, 1283, 1277, 1276, -1,
1283, 1276, 1284, -1, 1284, 1276, 1275, -1, 1284, 1275, 1285, -1, 1285, 1275, 1274, -1,
1285, 1274, 1286, -1, 1286, 1274, 1273, -1, 1286, 1273, 1287, -1, 1287, 1273, 1272, -1,
1287, 1272, 1384, -1, 1384, 1272, 1271, -1, 1384, 1271, 1256, -1, 1256, 1271, 1257, -1,
1257, 1271, 1270, -1, 1257, 1270, 1258, -1, 1258, 1270, 1269, -1, 1258, 1269, 1259, -1,
1259, 1269, 1268, -1, 1259, 1268, 1260, -1, 1260, 1268, 1267, -1, 1260, 1267, 1261, -1,
1261, 1267, 1266, -1, 1261, 1266, 1262, -1, 1262, 1266, 1265, -1, 1262, 1265, 1263, -1,
1263, 1265, 1264, -1, 1073, 1071, 1070, -1, 1073, 1070, 1074, -1, 1074, 1070, 1069, -1,
1074, 1069, 1075, -1, 1075, 1069, 1068, -1, 1075, 1068, 1076, -1, 1076, 1068, 1067, -1,
1076, 1067, 1077, -1, 1077, 1067, 1066, -1, 1077, 1066, 1078, -1, 1078, 1066, 1065, -1,
1078, 1065, 1079, -1, 1079, 1065, 1064, -1, 1057, 1055, 1054, -1, 1057, 1054, 1058, -1,
1058, 1054, 1053, -1, 1058, 1053, 1059, -1, 1059, 1053, 1052, -1, 1059, 1052, 1060, -1,
1060, 1052, 1051, -1, 1060, 1051, 1061, -1, 1061, 1051, 1050, -1, 1061, 1050, 1062, -1,
1062, 1050, 1049, -1, 1062, 1049, 1063, -1, 1063, 1049, 1048, -1, 1041, 1039, 1038, -1,
1041, 1038, 1042, -1, 1042, 1038, 1037, -1, 1042, 1037, 1043, -1, 1043, 1037, 1036, -1,
1043, 1036, 1044, -1, 1044, 1036, 1035, -1, 1044, 1035, 1045, -1, 1045, 1035, 1034, -1,
1045, 1034, 1046, -1, 1046, 1034, 1033, -1, 1046, 1033, 1047, -1, 1047, 1033, 1032, -1,
1025, 1023, 1022, -1, 1025, 1022, 1026, -1, 1026, 1022, 1021, -1, 1026, 1021, 1027, -1,
1027, 1021, 1020, -1, 1027, 1020, 1028, -1, 1028, 1020, 1019, -1, 1028, 1019, 1029, -1,
1029, 1019, 1018, -1, 1029, 1018, 1030, -1, 1030, 1018, 1017, -1, 1030, 1017, 1031, -1,
1031, 1017, 1016, -1, 1009, 1000, 999, -1, 1009, 999, 1010, -1, 1010, 999, 998, -1,
1010, 998, 1011, -1, 1011, 998, 997, -1, 1011, 997, 1012, -1, 1012, 997, 996, -1,
1012, 996, 1013, -1, 1013, 996, 995, -1, 1013, 995, 1014, -1, 1014, 995, 994, -1,
1014, 994, 1015, -1, 1015, 994, 993, -1, 348, 346, 442, -1, 442, 346, 443, -1,
443, 346, 444, -1, 349, 348, 441, -1, 441, 348, 442, -1, 345, 344, 444, -1,
444, 344, 445, -1, 445, 344, 446, -1, 446, 344, 447, -1, 447, 344, 448, -1,
1320, 1384, 1321, -1, 1321, 1384, 1322, -1, 1322, 1384, 1323, -1, 1323, 1384, 1324, -1,
1324, 1384, 1325, -1, 1325, 1384, 1326, -1, 1326, 1384, 1327, -1, 1327, 1384, 1383, -1,
1382, 1312, 1383, -1, 1383, 1312, 1327, -1, 1375, 1164, 1163, -1, 1375, 1163, 1376, -1,
1376, 1163, 1162, -1, 1376, 1162, 1377, -1, 1377, 1162, 1161, -1, 1377, 1161, 1378, -1,
1378, 1161, 1160, -1, 1166, 1165, 1374, -1, 1374, 1165, 1375, -1, 1375, 1165, 1164, -1,
1166, 1374, 1167, -1, 1167, 1374, 1152, -1, 1152, 1374, 1373, -1, 1176, 1369, 1177, -1,
1177, 1369, 1178, -1, 1178, 1369, 1179, -1, 1179, 1369, 1368, -1, 1366, 1365, 1182, -1,
1366, 1182, 1367, -1, 1367, 1182, 1181, -1, 1367, 1181, 1368, -1, 1368, 1181, 1180, -1,
1368, 1180, 1179, -1, 1182, 1365, 1183, -1, 1183, 1365, 1168, -1, 1168, 1365, 1364, -1,
1353, 1359, 1354, -1, 1354, 1359, 1355, -1, 1355, 1359, 1358, -1, 1369, 968, 967, -1,
1369, 936, 935, -1, 1378, 1128, 1127, -1, 1378, 1096, 1095, -1, 1384, 1288, 1287, -1,
1384, 1256, 1255, -1, 1000, 1009, 1008, -1, 1023, 1025, 1024, -1, 1039, 1041, 1040, -1,
1055, 1057, 1056, -1, 1071, 1073, 1072, -1, 1279, 1281, 1280, -1, 1311, 1314, 1313, -1,
1119, 1121, 1120, -1, 1151, 1154, 1153, -1, 959, 961, 960, -1, 991, 1170, 1169, -1,
1423, 126, 1424, -1, 1428, 126, 1429, -1, 1434, 613, 612, -1, 1434, 661, 660, -1,
1356, 204, 203, -1, 1434, 1356, 1435, -1, 1086, 1396, 1087, -1, 721, 295, 294, -1,
724, 392, 391, -1, 70, 653, 652, -1, 620, 652, 621, -1, 259, 1193, 244, -1,
243, 1193, 228, -1, 1353, 1211, 1210, -1
            ]
          }
        }
      ]
    }
  ]
}
Transform {
  children [
    Group {
      children [
        Shape {
          appearance Appearance {
            material Material {
              diffuseColor 0.5 0.5 0.5
              specularColor 0.8 0.8 0.8
              emissiveColor 0 0 0
              ambientIntensity 0.7
              transparency 0
              shininess 0.7
            }
          }
          geometry IndexedFaceSet {
            solid TRUE
            coord Coordinate {
              point [
54.633898 -37.053937 0.319882, 54.632417 -37.040796 0.319882,
54.628049 -37.028314 0.319882, 54.621014 -37.017117 0.319882,
54.611663 -37.007766 0.319882, 54.600466 -37.00073 0.319882,
54.587984 -36.996363 0.319882, 54.574843 -36.994882 0.319882,
54.561702 -36.996363 0.319882, 54.549219 -37.00073 0.319882,
54.538022 -37.007766 0.319882, 54.528671 -37.017117 0.319882,
54.521636 -37.028314 0.319882, 54.517268 -37.040796 0.319882,
54.515787 -37.053937 0.319882, 54.517268 -37.067078 0.319882,
54.521636 -37.07956 0.319882, 54.528671 -37.090757 0.319882,
54.538022 -37.100108 0.319882, 54.549219 -37.107144 0.319882,
54.561702 -37.111511 0.319882, 54.574843 -37.112992 0.319882,
54.587984 -37.111511 0.319882, 54.600466 -37.107144 0.319882,
54.611663 -37.100108 0.319882, 54.621014 -37.090757 0.319882,
54.628049 -37.07956 0.319882, 54.632417 -37.067078 0.319882,
53.947205 -39.688386 0.319882, 53.945724 -39.675245 0.319882,
53.941356 -39.662763 0.319882, 53.934321 -39.651566 0.319882,
53.92497 -39.642215 0.319882, 53.913773 -39.635179 0.319882,
53.901291 -39.630811 0.319882, 53.88815 -39.629331 0.319882,
53.875009 -39.630811 0.319882, 53.862527 -39.635179 0.319882,
53.851329 -39.642215 0.319882, 53.841978 -39.651566 0.319882,
53.834943 -39.662763 0.319882, 53.830575 -39.675245 0.319882,
53.829094 -39.688386 0.319882, 53.830575 -39.701527 0.319882,
53.834943 -39.714009 0.319882, 53.841978 -39.725206 0.319882,
53.851329 -39.734557 0.319882, 53.862527 -39.741593 0.319882,
53.875009 -39.74596 0.319882, 53.88815 -39.747441 0.319882,
53.901291 -39.74596 0.319882, 53.913773 -39.741593 0.319882,
53.92497 -39.734557 0.319882, 53.934321 -39.725206 0.319882,
53.941356 -39.714009 0.319882, 53.945724 -39.701527 0.319882,
52.860709 -38.161811 0.319882, 52.859228 -38.14867 0.319882,
52.85486 -38.136188 0.319882, 52.847825 -38.124991 0.319882,
52.838474 -38.11564 0.319882, 52.827277 -38.108604 0.319882,
52.814795 -38.104237 0.319882, 52.801654 -38.102756 0.319882,
52.788513 -38.104237 0.319882, 52.77603 -38.108604 0.319882,
52.764833 -38.11564 0.319882, 52.755482 -38.124991 0.319882,
52.748447 -38.136188 0.319882, 52.744079 -38.14867 0.319882,
52.742598 -38.161811 0.319882, 52.744079 -38.174952 0.319882,
52.748447 -38.187434 0.319882, 52.755482 -38.198631 0.319882,
52.764833 -38.207982 0.319882, 52.77603 -38.215018 0.319882,
52.788513 -38.219386 0.319882, 52.801654 -38.220866 0.319882,
52.814795 -38.219386 0.319882, 52.827277 -38.215018 0.319882,
52.838474 -38.207982 0.319882, 52.847825 -38.198631 0.319882,
52.85486 -38.187434 0.319882, 52.859228 -38.174952 0.319882,
60.625315 -34.653307 0.319882, 60.623834 -34.640166 0.319882,
60.619467 -34.627684 0.319882, 60.612431 -34.616487 0.319882,
60.60308 -34.607136 0.319882, 60.591883 -34.6001 0.319882,
60.579401 -34.595733 0.319882, 60.56626 -34.594252 0.319882,
60.553119 -34.595733 0.319882, 60.540637 -34.6001 0.319882,
60.52944 -34.607136 0.319882, 60.520089 -34.616487 0.319882,
60.513053 -34.627684 0.319882, 60.508685 -34.640166 0.319882,
60.507205 -34.653307 0.319882, 60.508685 -34.666448 0.319882,
60.513053 -34.67893 0.319882, 60.520089 -34.690127 0.319882,
60.52944 -34.699478 0.319882, 60.540637 -34.706514 0.319882,
60.553119 -34.710882 0.319882, 60.56626 -34.712362 0.319882,
60.579401 -34.710882 0.319882, 60.591883 -34.706514 0.319882,
60.60308 -34.699478 0.319882, 60.612431 -34.690127 0.319882,
60.619467 -34.67893 0.319882, 60.623834 -34.666448 0.319882,
62.963858 -34.838189 0.319882, 62.962378 -34.825048 0.319882,
62.95801 -34.812566 0.319882, 62.950974 -34.801369 0.319882,
62.941623 -34.792018 0.319882, 62.930426 -34.784982 0.319882,
62.917944 -34.780614 0.319882, 62.904803 -34.779134 0.319882,
62.891662 -34.780614 0.319882, 62.87918 -34.784982 0.319882,
62.867983 -34.792018 0.319882, 62.858632 -34.801369 0.319882,
62.851596 -34.812566 0.319882, 62.847229 -34.825048 0.319882,
62.845748 -34.838189 0.319882, 62.847229 -34.85133 0.319882,
62.851596 -34.863812 0.319882, 62.858632 -34.875009 0.319882,
62.867983 -34.88436 0.319882, 62.87918 -34.891396 0.319882,
62.891662 -34.895763 0.319882, 62.904803 -34.897244 0.319882,
62.917944 -34.895763 0.319882, 62.930426 -34.891396 0.319882,
62.941623 -34.88436 0.319882, 62.950974 -34.875009 0.319882,
62.95801 -34.863812 0.319882, 62.962378 -34.85133 0.319882,
62.921181 -38.204488 0.319882, 62.9197 -38.191347 0.319882,
62.915333 -38.178865 0.319882, 62.908297 -38.167668 0.319882,
62.898946 -38.158317 0.319882, 62.887749 -38.151281 0.319882,
62.875267 -38.146914 0.319882, 62.862126 -38.145433 0.319882,
62.848985 -38.146914 0.319882, 62.836503 -38.151281 0.319882,
62.825306 -38.158317 0.319882, 62.815955 -38.167668 0.319882,
62.808919 -38.178865 0.319882, 62.804552 -38.191347 0.319882,
62.803071 -38.204488 0.319882, 62.804552 -38.217629 0.319882,
62.808919 -38.230111 0.319882, 62.815955 -38.241308 0.319882,
62.825306 -38.250659 0.319882, 62.836503 -38.257695 0.319882,
62.848985 -38.262063 0.319882, 62.862126 -38.263543 0.319882,
62.875267 -38.262063 0.319882, 62.887749 -38.257695 0.319882,
62.898946 -38.250659 0.319882, 62.908297 -38.241308 0.319882,
62.915333 -38.230111 0.319882, 62.9197 -38.217629 0.319882,
54.612913 -35.131102 0.319882, 54.611433 -35.117961 0.319882,
54.607065 -35.105479 0.319882, 54.600029 -35.094282 0.319882,
54.590679 -35.084931 0.319882, 54.579481 -35.077896 0.319882,
54.566999 -35.073528 0.319882, 54.553858 -35.072047 0.319882,
54.540717 -35.073528 0.319882, 54.528235 -35.077896 0.319882,
54.517038 -35.084931 0.319882, 54.507687 -35.094282 0.319882,
54.500651 -35.105479 0.319882, 54.496284 -35.117961 0.319882,
54.494803 -35.131102 0.319882, 54.496284 -35.144243 0.319882,
54.500651 -35.156725 0.319882, 54.507687 -35.167923 0.319882,
54.517038 -35.177274 0.319882, 54.528235 -35.184309 0.319882,
54.540717 -35.188677 0.319882, 54.553858 -35.190157 0.319882,
54.566999 -35.188677 0.319882, 54.579481 -35.184309 0.319882,
54.590679 -35.177274 0.319882, 54.600029 -35.167923 0.319882,
54.607065 -35.156725 0.319882, 54.611433 -35.144243 0.319882,
61.185709 -37.267598 0.319882, 61.184228 -37.254457 0.319882,
61.17986 -37.241975 0.319882, 61.172825 -37.230778 0.319882,
61.163474 -37.221427 0.319882, 61.152277 -37.214392 0.319882,
61.139795 -37.210024 0.319882, 61.126654 -37.208543 0.319882,
61.113513 -37.210024 0.319882, 61.10103 -37.214392 0.319882,
61.089833 -37.221427 0.319882, 61.080482 -37.230778 0.319882,
61.073447 -37.241975 0.319882, 61.069079 -37.254457 0.319882,
61.067598 -37.267598 0.319882, 61.069079 -37.280739 0.319882,
61.073447 -37.293221 0.319882, 61.080482 -37.304419 0.319882,
61.089833 -37.31377 0.319882, 61.10103 -37.320805 0.319882,
61.113513 -37.325173 0.319882, 61.126654 -37.326654 0.319882,
61.139795 -37.325173 0.319882, 61.152277 -37.320805 0.319882,
61.163474 -37.31377 0.319882, 61.172825 -37.304419 0.319882,
61.17986 -37.293221 0.319882, 61.184228 -37.280739 0.319882,
54.675866 -35.839764 0.319882, 54.674386 -35.826623 0.319882,
54.670018 -35.814141 0.319882, 54.662982 -35.802944 0.319882,
54.653631 -35.793593 0.319882, 54.642434 -35.786557 0.319882,
54.629952 -35.782189 0.319882, 54.616811 -35.780709 0.319882,
54.60367 -35.782189 0.319882, 54.591188 -35.786557 0.319882,
54.579991 -35.793593 0.319882, 54.57064 -35.802944 0.319882,
54.563604 -35.814141 0.319882, 54.559237 -35.826623 0.319882,
54.557756 -35.839764 0.319882, 54.559237 -35.852905 0.319882,
54.563604 -35.865387 0.319882, 54.57064 -35.876584 0.319882,
54.579991 -35.885935 0.319882, 54.591188 -35.892971 0.319882,
54.60367 -35.897338 0.319882, 54.616811 -35.898819 0.319882,
54.629952 -35.897338 0.319882, 54.642434 -35.892971 0.319882,
54.653631 -35.885935 0.319882, 54.662982 -35.876584 0.319882,
54.670018 -35.865387 0.319882, 54.674386 -35.852905 0.319882,
53.573189 -40.188386 0.319882, 53.571708 -40.175245 0.319882,
53.567341 -40.162763 0.319882, 53.560305 -40.151566 0.319882,
53.550954 -40.142215 0.319882, 53.539757 -40.135179 0.319882,
53.527275 -40.130811 0.319882, 53.514134 -40.129331 0.319882,
53.500993 -40.130811 0.319882, 53.488511 -40.135179 0.319882,
53.477314 -40.142215 0.319882, 53.467963 -40.151566 0.319882,
53.460927 -40.162763 0.319882, 53.456559 -40.175245 0.319882,
53.455079 -40.188386 0.319882, 53.456559 -40.201527 0.319882,
53.460927 -40.214009 0.319882, 53.467963 -40.225206 0.319882,
53.477314 -40.234557 0.319882, 53.488511 -40.241593 0.319882,
53.500993 -40.24596 0.319882, 53.514134 -40.247441 0.319882,
53.527275 -40.24596 0.319882, 53.539757 -40.241593 0.319882,
53.550954 -40.234557 0.319882, 53.560305 -40.225206 0.319882,
53.567341 -40.214009 0.319882, 53.571708 -40.201527 0.319882,
61.967913 -39.717913 0.319882, 61.966433 -39.704772 0.319882,
61.962065 -39.69229 0.319882, 61.955029 -39.681093 0.319882,
61.945679 -39.671742 0.319882, 61.934481 -39.664707 0.319882,
61.921999 -39.660339 0.319882, 61.908858 -39.658858 0.319882,
61.895717 -39.660339 0.319882, 61.883235 -39.664707 0.319882,
61.872038 -39.671742 0.319882, 61.862687 -39.681093 0.319882,
61.855651 -39.69229 0.319882, 61.851284 -39.704772 0.319882,
61.849803 -39.717913 0.319882, 61.851284 -39.731054 0.319882,
61.855651 -39.743536 0.319882, 61.862687 -39.754734 0.319882,
61.872038 -39.764085 0.319882, 61.883235 -39.77112 0.319882,
61.895717 -39.775488 0.319882, 61.908858 -39.776969 0.319882,
61.921999 -39.775488 0.319882, 61.934481 -39.77112 0.319882,
61.945679 -39.764085 0.319882, 61.955029 -39.754734 0.319882,
61.962065 -39.743536 0.319882, 61.966433 -39.731054 0.319882,
62.192244 -36.919843 0.319882, 62.190763 -36.906702 0.319882,
62.186396 -36.894219 0.319882, 62.17936 -36.883022 0.319882,
62.170009 -36.873671 0.319882, 62.158812 -36.866636 0.319882,
62.14633 -36.862268 0.319882, 62.133189 -36.860787 0.319882,
62.120048 -36.862268 0.319882, 62.107566 -36.866636 0.319882,
62.096369 -36.873671 0.319882, 62.087018 -36.883022 0.319882,
62.079982 -36.894219 0.319882, 62.075614 -36.906702 0.319882,
62.074134 -36.919843 0.319882, 62.075614 -36.932984 0.319882,
62.079982 -36.945466 0.319882, 62.087018 -36.956663 0.319882,
62.096369 -36.966014 0.319882, 62.107566 -36.973049 0.319882,
62.120048 -36.977417 0.319882, 62.133189 -36.978898 0.319882,
62.14633 -36.977417 0.319882, 62.158812 -36.973049 0.319882,
62.170009 -36.966014 0.319882, 62.17936 -36.956663 0.319882,
62.186396 -36.945466 0.319882, 62.190763 -36.932984 0.319882,
56.309055 -33.75 0.319882, 56.307574 -33.736859 0.319882,
56.303207 -33.724377 0.319882, 56.296171 -33.71318 0.319882,
56.28682 -33.703829 0.319882, 56.275623 -33.696793 0.319882,
56.263141 -33.692426 0.319882, 56.25 -33.690945 0.319882,
56.236859 -33.692426 0.319882, 56.224377 -33.696793 0.319882,
56.21318 -33.703829 0.319882, 56.203829 -33.71318 0.319882,
56.196793 -33.724377 0.319882, 56.192426 -33.736859 0.319882,
56.190945 -33.75 0.319882, 56.192426 -33.763141 0.319882,
56.196793 -33.775623 0.319882, 56.203829 -33.78682 0.319882,
56.21318 -33.796171 0.319882, 56.224377 -33.803207 0.319882,
56.236859 -33.807574 0.319882, 56.25 -33.809055 0.319882,
56.263141 -33.807574 0.319882, 56.275623 -33.803207 0.319882,
56.28682 -33.796171 0.319882, 56.296171 -33.78682 0.319882,
56.303207 -33.775623 0.319882, 56.307574 -33.763141 0.319882,
57.632518 -34.823404 0.319882, 57.631037 -34.810263 0.319882,
57.62667 -34.797781 0.319882, 57.619634 -34.786584 0.319882,
57.610283 -34.777233 0.319882, 57.599086 -34.770197 0.319882,
57.586604 -34.765829 0.319882, 57.573463 -34.764349 0.319882,
57.560322 -34.765829 0.319882, 57.54784 -34.770197 0.319882,
57.536643 -34.777233 0.319882, 57.527292 -34.786584 0.319882,
57.520256 -34.797781 0.319882, 57.515889 -34.810263 0.319882,
57.514408 -34.823404 0.319882, 57.515889 -34.836545 0.319882,
57.520256 -34.849027 0.319882, 57.527292 -34.860224 0.319882,
57.536643 -34.869575 0.319882, 57.54784 -34.876611 0.319882,
57.560322 -34.880978 0.319882, 57.573463 -34.882459 0.319882,
57.586604 -34.880978 0.319882, 57.599086 -34.876611 0.319882,
57.610283 -34.869575 0.319882, 57.619634 -34.860224 0.319882,
57.62667 -34.849027 0.319882, 57.631037 -34.836545 0.319882,
62.862441 -40.148583 0.319882, 62.86096 -40.135442 0.319882,
62.856593 -40.12296 0.319882, 62.849557 -40.111762 0.319882,
62.840206 -40.102412 0.319882, 62.829009 -40.095376 0.319882,
62.816527 -40.091008 0.319882, 62.803386 -40.089528 0.319882,
62.790245 -40.091008 0.319882, 62.777763 -40.095376 0.319882,
62.766566 -40.102412 0.319882, 62.757215 -40.111762 0.319882,
62.750179 -40.12296 0.319882, 62.745811 -40.135442 0.319882,
62.744331 -40.148583 0.319882, 62.745811 -40.161724 0.319882,
62.750179 -40.174206 0.319882, 62.757215 -40.185403 0.319882,
62.766566 -40.194754 0.319882, 62.777763 -40.20179 0.319882,
62.790245 -40.206157 0.319882, 62.803386 -40.207638 0.319882,
62.816527 -40.206157 0.319882, 62.829009 -40.20179 0.319882,
62.840206 -40.194754 0.319882, 62.849557 -40.185403 0.319882,
62.856593 -40.174206 0.319882, 62.86096 -40.161724 0.319882,
61.72752 -35.792835 0.319882, 61.726039 -35.779694 0.319882,
61.721671 -35.767212 0.319882, 61.714636 -35.756014 0.319882,
61.705285 -35.746663 0.319882, 61.694088 -35.739628 0.319882,
61.681606 -35.73526 0.319882, 61.668465 -35.73378 0.319882,
61.655324 -35.73526 0.319882, 61.642842 -35.739628 0.319882,
61.631644 -35.746663 0.319882, 61.622293 -35.756014 0.319882,
61.615258 -35.767212 0.319882, 61.61089 -35.779694 0.319882,
61.609409 -35.792835 0.319882, 61.61089 -35.805976 0.319882,
61.615258 -35.818458 0.319882, 61.622293 -35.829655 0.319882,
61.631644 -35.839006 0.319882, 61.642842 -35.846041 0.319882,
61.655324 -35.850409 0.319882, 61.668465 -35.85189 0.319882,
61.681606 -35.850409 0.319882, 61.694088 -35.846041 0.319882,
61.705285 -35.839006 0.319882, 61.714636 -35.829655 0.319882,
61.721671 -35.818458 0.319882, 61.726039 -35.805976 0.319882,
55.657205 -40.742323 0.319882, 55.655724 -40.729182 0.319882,
55.651356 -40.7167 0.319882, 55.644321 -40.705503 0.319882,
55.63497 -40.696152 0.319882, 55.623773 -40.689116 0.319882,
55.611291 -40.684748 0.319882, 55.59815 -40.683268 0.319882,
55.585009 -40.684748 0.319882, 55.572527 -40.689116 0.319882,
55.561329 -40.696152 0.319882, 55.551978 -40.705503 0.319882,
55.544943 -40.7167 0.319882, 55.540575 -40.729182 0.319882,
55.539094 -40.742323 0.319882, 55.540575 -40.755464 0.319882,
55.544943 -40.767946 0.319882, 55.551978 -40.779143 0.319882,
55.561329 -40.788494 0.319882, 55.572527 -40.79553 0.319882,
55.585009 -40.799897 0.319882, 55.59815 -40.801378 0.319882,
55.611291 -40.799897 0.319882, 55.623773 -40.79553 0.319882,
55.63497 -40.788494 0.319882, 55.644321 -40.779143 0.319882,
55.651356 -40.767946 0.319882, 55.655724 -40.755464 0.319882,
54.522874 -34.704882 0.319882, 54.521393 -34.691741 0.319882,
54.517026 -34.679259 0.319882, 54.50999 -34.668062 0.319882,
54.500639 -34.658711 0.319882, 54.489442 -34.651675 0.319882,
54.47696 -34.647307 0.319882, 54.463819 -34.645827 0.319882,
54.450678 -34.647307 0.319882, 54.438196 -34.651675 0.319882,
54.426999 -34.658711 0.319882, 54.417648 -34.668062 0.319882,
54.410612 -34.679259 0.319882, 54.406244 -34.691741 0.319882,
54.404764 -34.704882 0.319882, 54.406244 -34.718023 0.319882,
54.410612 -34.730505 0.319882, 54.417648 -34.741702 0.319882,
54.426999 -34.751053 0.319882, 54.438196 -34.758089 0.319882,
54.450678 -34.762456 0.319882, 54.463819 -34.763937 0.319882,
54.47696 -34.762456 0.319882, 54.489442 -34.758089 0.319882,
54.500639 -34.751053 0.319882, 54.50999 -34.741702 0.319882,
54.517026 -34.730505 0.319882, 54.521393 -34.718023 0.319882,
53.032362 -40.25 0.319882, 53.030882 -40.236859 0.319882,
53.026514 -40.224377 0.319882, 53.019478 -40.21318 0.319882,
53.010127 -40.203829 0.319882, 52.99893 -40.196793 0.319882,
52.986448 -40.192426 0.319882, 52.973307 -40.190945 0.319882,
52.960166 -40.192426 0.319882, 52.947684 -40.196793 0.319882,
52.936487 -40.203829 0.319882, 52.927136 -40.21318 0.319882,
52.9201 -40.224377 0.319882, 52.915733 -40.236859 0.319882,
52.914252 -40.25 0.319882, 52.915733 -40.263141 0.319882,
52.9201 -40.275623 0.319882, 52.927136 -40.28682 0.319882,
52.936487 -40.296171 0.319882, 52.947684 -40.303207 0.319882,
52.960166 -40.307574 0.319882, 52.973307 -40.309055 0.319882,
52.986448 -40.307574 0.319882, 52.99893 -40.303207 0.319882,
53.010127 -40.296171 0.319882, 53.019478 -40.28682 0.319882,
53.026514 -40.275623 0.319882, 53.030882 -40.263141 0.319882,
54.633898 -37.053937 -0.319882, 54.632417 -37.040796 -0.319882,
54.628049 -37.028314 -0.319882, 54.621014 -37.017117 -0.319882,
54.611663 -37.007766 -0.319882, 54.600466 -37.00073 -0.319882,
54.587984 -36.996363 -0.319882, 54.574843 -36.994882 -0.319882,
54.561702 -36.996363 -0.319882, 54.549219 -37.00073 -0.319882,
54.538022 -37.007766 -0.319882, 54.528671 -37.017117 -0.319882,
54.521636 -37.028314 -0.319882, 54.517268 -37.040796 -0.319882,
54.515787 -37.053937 -0.319882, 54.517268 -37.067078 -0.319882,
54.521636 -37.07956 -0.319882, 54.528671 -37.090757 -0.319882,
54.538022 -37.100108 -0.319882, 54.549219 -37.107144 -0.319882,
54.561702 -37.111511 -0.319882, 54.574843 -37.112992 -0.319882,
54.587984 -37.111511 -0.319882, 54.600466 -37.107144 -0.319882,
54.611663 -37.100108 -0.319882, 54.621014 -37.090757 -0.319882,
54.628049 -37.07956 -0.319882, 54.632417 -37.067078 -0.319882,
53.947205 -39.688386 -0.319882, 53.945724 -39.675245 -0.319882,
53.941356 -39.662763 -0.319882, 53.934321 -39.651566 -0.319882,
53.92497 -39.642215 -0.319882, 53.913773 -39.635179 -0.319882,
53.901291 -39.630811 -0.319882, 53.88815 -39.629331 -0.319882,
53.875009 -39.630811 -0.319882, 53.862527 -39.635179 -0.319882,
53.851329 -39.642215 -0.319882, 53.841978 -39.651566 -0.319882,
53.834943 -39.662763 -0.319882, 53.830575 -39.675245 -0.319882,
53.829094 -39.688386 -0.319882, 53.830575 -39.701527 -0.319882,
53.834943 -39.714009 -0.319882, 53.841978 -39.725206 -0.319882,
53.851329 -39.734557 -0.319882, 53.862527 -39.741593 -0.319882,
53.875009 -39.74596 -0.319882, 53.88815 -39.747441 -0.319882,
53.901291 -39.74596 -0.319882, 53.913773 -39.741593 -0.319882,
53.92497 -39.734557 -0.319882, 53.934321 -39.725206 -0.319882,
53.941356 -39.714009 -0.319882, 53.945724 -39.701527 -0.319882,
52.860709 -38.161811 -0.319882, 52.859228 -38.14867 -0.319882,
52.85486 -38.136188 -0.319882, 52.847825 -38.124991 -0.319882,
52.838474 -38.11564 -0.319882, 52.827277 -38.108604 -0.319882,
52.814795 -38.104237 -0.319882, 52.801654 -38.102756 -0.319882,
52.788513 -38.104237 -0.319882, 52.77603 -38.108604 -0.319882,
52.764833 -38.11564 -0.319882, 52.755482 -38.124991 -0.319882,
52.748447 -38.136188 -0.319882, 52.744079 -38.14867 -0.319882,
52.742598 -38.161811 -0.319882, 52.744079 -38.174952 -0.319882,
52.748447 -38.187434 -0.319882, 52.755482 -38.198631 -0.319882,
52.764833 -38.207982 -0.319882, 52.77603 -38.215018 -0.319882,
52.788513 -38.219386 -0.319882, 52.801654 -38.220866 -0.319882,
52.814795 -38.219386 -0.319882, 52.827277 -38.215018 -0.319882,
52.838474 -38.207982 -0.319882, 52.847825 -38.198631 -0.319882,
52.85486 -38.187434 -0.319882, 52.859228 -38.174952 -0.319882,
60.625315 -34.653307 -0.319882, 60.623834 -34.640166 -0.319882,
60.619467 -34.627684 -0.319882, 60.612431 -34.616487 -0.319882,
60.60308 -34.607136 -0.319882, 60.591883 -34.6001 -0.319882,
60.579401 -34.595733 -0.319882, 60.56626 -34.594252 -0.319882,
60.553119 -34.595733 -0.319882, 60.540637 -34.6001 -0.319882,
60.52944 -34.607136 -0.319882, 60.520089 -34.616487 -0.319882,
60.513053 -34.627684 -0.319882, 60.508685 -34.640166 -0.319882,
60.507205 -34.653307 -0.319882, 60.508685 -34.666448 -0.319882,
60.513053 -34.67893 -0.319882, 60.520089 -34.690127 -0.319882,
60.52944 -34.699478 -0.319882, 60.540637 -34.706514 -0.319882,
60.553119 -34.710882 -0.319882, 60.56626 -34.712362 -0.319882,
60.579401 -34.710882 -0.319882, 60.591883 -34.706514 -0.319882,
60.60308 -34.699478 -0.319882, 60.612431 -34.690127 -0.319882,
60.619467 -34.67893 -0.319882, 60.623834 -34.666448 -0.319882,
62.963858 -34.838189 -0.319882, 62.962378 -34.825048 -0.319882,
62.95801 -34.812566 -0.319882, 62.950974 -34.801369 -0.319882,
62.941623 -34.792018 -0.319882, 62.930426 -34.784982 -0.319882,
62.917944 -34.780614 -0.319882, 62.904803 -34.779134 -0.319882,
62.891662 -34.780614 -0.319882, 62.87918 -34.784982 -0.319882,
62.867983 -34.792018 -0.319882, 62.858632 -34.801369 -0.319882,
62.851596 -34.812566 -0.319882, 62.847229 -34.825048 -0.319882,
62.845748 -34.838189 -0.319882, 62.847229 -34.85133 -0.319882,
62.851596 -34.863812 -0.319882, 62.858632 -34.875009 -0.319882,
62.867983 -34.88436 -0.319882, 62.87918 -34.891396 -0.319882,
62.891662 -34.895763 -0.319882, 62.904803 -34.897244 -0.319882,
62.917944 -34.895763 -0.319882, 62.930426 -34.891396 -0.319882,
62.941623 -34.88436 -0.319882, 62.950974 -34.875009 -0.319882,
62.95801 -34.863812 -0.319882, 62.962378 -34.85133 -0.319882,
62.921181 -38.204488 -0.319882, 62.9197 -38.191347 -0.319882,
62.915333 -38.178865 -0.319882, 62.908297 -38.167668 -0.319882,
62.898946 -38.158317 -0.319882, 62.887749 -38.151281 -0.319882,
62.875267 -38.146914 -0.319882, 62.862126 -38.145433 -0.319882,
62.848985 -38.146914 -0.319882, 62.836503 -38.151281 -0.319882,
62.825306 -38.158317 -0.319882, 62.815955 -38.167668 -0.319882,
62.808919 -38.178865 -0.319882, 62.804552 -38.191347 -0.319882,
62.803071 -38.204488 -0.319882, 62.804552 -38.217629 -0.319882,
62.808919 -38.230111 -0.319882, 62.815955 -38.241308 -0.319882,
62.825306 -38.250659 -0.319882, 62.836503 -38.257695 -0.319882,
62.848985 -38.262063 -0.319882, 62.862126 -38.263543 -0.319882,
62.875267 -38.262063 -0.319882, 62.887749 -38.257695 -0.319882,
62.898946 -38.250659 -0.319882, 62.908297 -38.241308 -0.319882,
62.915333 -38.230111 -0.319882, 62.9197 -38.217629 -0.319882,
54.612913 -35.131102 -0.319882, 54.611433 -35.117961 -0.319882,
54.607065 -35.105479 -0.319882, 54.600029 -35.094282 -0.319882,
54.590679 -35.084931 -0.319882, 54.579481 -35.077896 -0.319882,
54.566999 -35.073528 -0.319882, 54.553858 -35.072047 -0.319882,
54.540717 -35.073528 -0.319882, 54.528235 -35.077896 -0.319882,
54.517038 -35.084931 -0.319882, 54.507687 -35.094282 -0.319882,
54.500651 -35.105479 -0.319882, 54.496284 -35.117961 -0.319882,
54.494803 -35.131102 -0.319882, 54.496284 -35.144243 -0.319882,
54.500651 -35.156725 -0.319882, 54.507687 -35.167923 -0.319882,
54.517038 -35.177274 -0.319882, 54.528235 -35.184309 -0.319882,
54.540717 -35.188677 -0.319882, 54.553858 -35.190157 -0.319882,
54.566999 -35.188677 -0.319882, 54.579481 -35.184309 -0.319882,
54.590679 -35.177274 -0.319882, 54.600029 -35.167923 -0.319882,
54.607065 -35.156725 -0.319882, 54.611433 -35.144243 -0.319882,
61.185709 -37.267598 -0.319882, 61.184228 -37.254457 -0.319882,
61.17986 -37.241975 -0.319882, 61.172825 -37.230778 -0.319882,
61.163474 -37.221427 -0.319882, 61.152277 -37.214392 -0.319882,
61.139795 -37.210024 -0.319882, 61.126654 -37.208543 -0.319882,
61.113513 -37.210024 -0.319882, 61.10103 -37.214392 -0.319882,
61.089833 -37.221427 -0.319882, 61.080482 -37.230778 -0.319882,
61.073447 -37.241975 -0.319882, 61.069079 -37.254457 -0.319882,
61.067598 -37.267598 -0.319882, 61.069079 -37.280739 -0.319882,
61.073447 -37.293221 -0.319882, 61.080482 -37.304419 -0.319882,
61.089833 -37.31377 -0.319882, 61.10103 -37.320805 -0.319882,
61.113513 -37.325173 -0.319882, 61.126654 -37.326654 -0.319882,
61.139795 -37.325173 -0.319882, 61.152277 -37.320805 -0.319882,
61.163474 -37.31377 -0.319882, 61.172825 -37.304419 -0.319882,
61.17986 -37.293221 -0.319882, 61.184228 -37.280739 -0.319882,
54.675866 -35.839764 -0.319882, 54.674386 -35.826623 -0.319882,
54.670018 -35.814141 -0.319882, 54.662982 -35.802944 -0.319882,
54.653631 -35.793593 -0.319882, 54.642434 -35.786557 -0.319882,
54.629952 -35.782189 -0.319882, 54.616811 -35.780709 -0.319882,
54.60367 -35.782189 -0.319882, 54.591188 -35.786557 -0.319882,
54.579991 -35.793593 -0.319882, 54.57064 -35.802944 -0.319882,
54.563604 -35.814141 -0.319882, 54.559237 -35.826623 -0.319882,
54.557756 -35.839764 -0.319882, 54.559237 -35.852905 -0.319882,
54.563604 -35.865387 -0.319882, 54.57064 -35.876584 -0.319882,
54.579991 -35.885935 -0.319882, 54.591188 -35.892971 -0.319882,
54.60367 -35.897338 -0.319882, 54.616811 -35.898819 -0.319882,
54.629952 -35.897338 -0.319882, 54.642434 -35.892971 -0.319882,
54.653631 -35.885935 -0.319882, 54.662982 -35.876584 -0.319882,
54.670018 -35.865387 -0.319882, 54.674386 -35.852905 -0.319882,
53.573189 -40.188386 -0.319882, 53.571708 -40.175245 -0.319882,
53.567341 -40.162763 -0.319882, 53.560305 -40.151566 -0.319882,
53.550954 -40.142215 -0.319882, 53.539757 -40.135179 -0.319882,
53.527275 -40.130811 -0.319882, 53.514134 -40.129331 -0.319882,
53.500993 -40.130811 -0.319882, 53.488511 -40.135179 -0.319882,
53.477314 -40.142215 -0.319882, 53.467963 -40.151566 -0.319882,
53.460927 -40.162763 -0.319882, 53.456559 -40.175245 -0.319882,
53.455079 -40.188386 -0.319882, 53.456559 -40.201527 -0.319882,
53.460927 -40.214009 -0.319882, 53.467963 -40.225206 -0.319882,
53.477314 -40.234557 -0.319882, 53.488511 -40.241593 -0.319882,
53.500993 -40.24596 -0.319882, 53.514134 -40.247441 -0.319882,
53.527275 -40.24596 -0.319882, 53.539757 -40.241593 -0.319882,
53.550954 -40.234557 -0.319882, 53.560305 -40.225206 -0.319882,
53.567341 -40.214009 -0.319882, 53.571708 -40.201527 -0.319882,
61.967913 -39.717913 -0.319882, 61.966433 -39.704772 -0.319882,
61.962065 -39.69229 -0.319882, 61.955029 -39.681093 -0.319882,
61.945679 -39.671742 -0.319882, 61.934481 -39.664707 -0.319882,
61.921999 -39.660339 -0.319882, 61.908858 -39.658858 -0.319882,
61.895717 -39.660339 -0.319882, 61.883235 -39.664707 -0.319882,
61.872038 -39.671742 -0.319882, 61.862687 -39.681093 -0.319882,
61.855651 -39.69229 -0.319882, 61.851284 -39.704772 -0.319882,
61.849803 -39.717913 -0.319882, 61.851284 -39.731054 -0.319882,
61.855651 -39.743536 -0.319882, 61.862687 -39.754734 -0.319882,
61.872038 -39.764085 -0.319882, 61.883235 -39.77112 -0.319882,
61.895717 -39.775488 -0.319882, 61.908858 -39.776969 -0.319882,
61.921999 -39.775488 -0.319882, 61.934481 -39.77112 -0.319882,
61.945679 -39.764085 -0.319882, 61.955029 -39.754734 -0.319882,
61.962065 -39.743536 -0.319882, 61.966433 -39.731054 -0.319882,
62.192244 -36.919843 -0.319882, 62.190763 -36.906702 -0.319882,
62.186396 -36.894219 -0.319882, 62.17936 -36.883022 -0.319882,
62.170009 -36.873671 -0.319882, 62.158812 -36.866636 -0.319882,
62.14633 -36.862268 -0.319882, 62.133189 -36.860787 -0.319882,
62.120048 -36.862268 -0.319882, 62.107566 -36.866636 -0.319882,
62.096369 -36.873671 -0.319882, 62.087018 -36.883022 -0.319882,
62.079982 -36.894219 -0.319882, 62.075614 -36.906702 -0.319882,
62.074134 -36.919843 -0.319882, 62.075614 -36.932984 -0.319882,
62.079982 -36.945466 -0.319882, 62.087018 -36.956663 -0.319882,
62.096369 -36.966014 -0.319882, 62.107566 -36.973049 -0.319882,
62.120048 -36.977417 -0.319882, 62.133189 -36.978898 -0.319882,
62.14633 -36.977417 -0.319882, 62.158812 -36.973049 -0.319882,
62.170009 -36.966014 -0.319882, 62.17936 -36.956663 -0.319882,
62.186396 -36.945466 -0.319882, 62.190763 -36.932984 -0.319882,
56.309055 -33.75 -0.319882, 56.307574 -33.736859 -0.319882,
56.303207 -33.724377 -0.319882, 56.296171 -33.71318 -0.319882,
56.28682 -33.703829 -0.319882, 56.275623 -33.696793 -0.319882,
56.263141 -33.692426 -0.319882, 56.25 -33.690945 -0.319882,
56.236859 -33.692426 -0.319882, 56.224377 -33.696793 -0.319882,
56.21318 -33.703829 -0.319882, 56.203829 -33.71318 -0.319882,
56.196793 -33.724377 -0.319882, 56.192426 -33.736859 -0.319882,
56.190945 -33.75 -0.319882, 56.192426 -33.763141 -0.319882,
56.196793 -33.775623 -0.319882, 56.203829 -33.78682 -0.319882,
56.21318 -33.796171 -0.319882, 56.224377 -33.803207 -0.319882,
56.236859 -33.807574 -0.319882, 56.25 -33.809055 -0.319882,
56.263141 -33.807574 -0.319882, 56.275623 -33.803207 -0.319882,
56.28682 -33.796171 -0.319882, 56.296171 -33.78682 -0.319882,
56.303207 -33.775623 -0.319882, 56.307574 -33.763141 -0.319882,
57.632518 -34.823404 -0.319882, 57.631037 -34.810263 -0.319882,
57.62667 -34.797781 -0.319882, 57.619634 -34.786584 -0.319882,
57.610283 -34.777233 -0.319882, 57.599086 -34.770197 -0.319882,
57.586604 -34.765829 -0.319882, 57.573463 -34.764349 -0.319882,
57.560322 -34.765829 -0.319882, 57.54784 -34.770197 -0.319882,
57.536643 -34.777233 -0.319882, 57.527292 -34.786584 -0.319882,
57.520256 -34.797781 -0.319882, 57.515889 -34.810263 -0.319882,
57.514408 -34.823404 -0.319882, 57.515889 -34.836545 -0.319882,
57.520256 -34.849027 -0.319882, 57.527292 -34.860224 -0.319882,
57.536643 -34.869575 -0.319882, 57.54784 -34.876611 -0.319882,
57.560322 -34.880978 -0.319882, 57.573463 -34.882459 -0.319882,
57.586604 -34.880978 -0.319882, 57.599086 -34.876611 -0.319882,
57.610283 -34.869575 -0.319882, 57.619634 -34.860224 -0.319882,
57.62667 -34.849027 -0.319882, 57.631037 -34.836545 -0.319882,
62.862441 -40.148583 -0.319882, 62.86096 -40.135442 -0.319882,
62.856593 -40.12296 -0.319882, 62.849557 -40.111762 -0.319882,
62.840206 -40.102412 -0.319882, 62.829009 -40.095376 -0.319882,
62.816527 -40.091008 -0.319882, 62.803386 -40.089528 -0.319882,
62.790245 -40.091008 -0.319882, 62.777763 -40.095376 -0.319882,
62.766566 -40.102412 -0.319882, 62.757215 -40.111762 -0.319882,
62.750179 -40.12296 -0.319882, 62.745811 -40.135442 -0.319882,
62.744331 -40.148583 -0.319882, 62.745811 -40.161724 -0.319882,
62.750179 -40.174206 -0.319882, 62.757215 -40.185403 -0.319882,
62.766566 -40.194754 -0.319882, 62.777763 -40.20179 -0.319882,
62.790245 -40.206157 -0.319882, 62.803386 -40.207638 -0.319882,
62.816527 -40.206157 -0.319882, 62.829009 -40.20179 -0.319882,
62.840206 -40.194754 -0.319882, 62.849557 -40.185403 -0.319882,
62.856593 -40.174206 -0.319882, 62.86096 -40.161724 -0.319882,
61.72752 -35.792835 -0.319882, 61.726039 -35.779694 -0.319882,
61.721671 -35.767212 -0.319882, 61.714636 -35.756014 -0.319882,
61.705285 -35.746663 -0.319882, 61.694088 -35.739628 -0.319882,
61.681606 -35.73526 -0.319882, 61.668465 -35.73378 -0.319882,
61.655324 -35.73526 -0.319882, 61.642842 -35.739628 -0.319882,
61.631644 -35.746663 -0.319882, 61.622293 -35.756014 -0.319882,
61.615258 -35.767212 -0.319882, 61.61089 -35.779694 -0.319882,
61.609409 -35.792835 -0.319882, 61.61089 -35.805976 -0.319882,
61.615258 -35.818458 -0.319882, 61.622293 -35.829655 -0.319882,
61.631644 -35.839006 -0.319882, 61.642842 -35.846041 -0.319882,
61.655324 -35.850409 -0.319882, 61.668465 -35.85189 -0.319882,
61.681606 -35.850409 -0.319882, 61.694088 -35.846041 -0.319882,
61.705285 -35.839006 -0.319882, 61.714636 -35.829655 -0.319882,
61.721671 -35.818458 -0.319882, 61.726039 -35.805976 -0.319882,
55.657205 -40.742323 -0.319882, 55.655724 -40.729182 -0.319882,
55.651356 -40.7167 -0.319882, 55.644321 -40.705503 -0.319882,
55.63497 -40.696152 -0.319882, 55.623773 -40.689116 -0.319882,
55.611291 -40.684748 -0.319882, 55.59815 -40.683268 -0.319882,
55.585009 -40.684748 -0.319882, 55.572527 -40.689116 -0.319882,
55.561329 -40.696152 -0.319882, 55.551978 -40.705503 -0.319882,
55.544943 -40.7167 -0.319882, 55.540575 -40.729182 -0.319882,
55.539094 -40.742323 -0.319882, 55.540575 -40.755464 -0.319882,
55.544943 -40.767946 -0.319882, 55.551978 -40.779143 -0.319882,
55.561329 -40.788494 -0.319882, 55.572527 -40.79553 -0.319882,
55.585009 -40.799897 -0.319882, 55.59815 -40.801378 -0.319882,
55.611291 -40.799897 -0.319882, 55.623773 -40.79553 -0.319882,
55.63497 -40.788494 -0.319882, 55.644321 -40.779143 -0.319882,
55.651356 -40.767946 -0.319882, 55.655724 -40.755464 -0.319882,
54.522874 -34.704882 -0.319882, 54.521393 -34.691741 -0.319882,
54.517026 -34.679259 -0.319882, 54.50999 -34.668062 -0.319882,
54.500639 -34.658711 -0.319882, 54.489442 -34.651675 -0.319882,
54.47696 -34.647307 -0.319882, 54.463819 -34.645827 -0.319882,
54.450678 -34.647307 -0.319882, 54.438196 -34.651675 -0.319882,
54.426999 -34.658711 -0.319882, 54.417648 -34.668062 -0.319882,
54.410612 -34.679259 -0.319882, 54.406244 -34.691741 -0.319882,
54.404764 -34.704882 -0.319882, 54.406244 -34.718023 -0.319882,
54.410612 -34.730505 -0.319882, 54.417648 -34.741702 -0.319882,
54.426999 -34.751053 -0.319882, 54.438196 -34.758089 -0.319882,
54.450678 -34.762456 -0.319882, 54.463819 -34.763937 -0.319882,
54.47696 -34.762456 -0.319882, 54.489442 -34.758089 -0.319882,
54.500639 -34.751053 -0.319882, 54.50999 -34.741702 -0.319882,
54.517026 -34.730505 -0.319882, 54.521393 -34.718023 -0.319882,
53.032362 -40.25 -0.319882, 53.030882 -40.236859 -0.319882,
53.026514 -40.224377 -0.319882, 53.019478 -40.21318 -0.319882,
53.010127 -40.203829 -0.319882, 52.99893 -40.196793 -0.319882,
52.986448 -40.192426 -0.319882, 52.973307 -40.190945 -0.319882,
52.960166 -40.192426 -0.319882, 52.947684 -40.196793 -0.319882,
52.936487 -40.203829 -0.319882, 52.927136 -40.21318 -0.319882,
52.9201 -40.224377 -0.319882, 52.915733 -40.236859 -0.319882,
52.914252 -40.25 -0.319882, 52.915733 -40.263141 -0.319882,
52.9201 -40.275623 -0.319882, 52.927136 -40.28682 -0.319882,
52.936487 -40.296171 -0.319882, 52.947684 -40.303207 -0.319882,
52.960166 -40.307574 -0.319882, 52.973307 -40.309055 -0.319882,
52.986448 -40.307574 -0.319882, 52.99893 -40.303207 -0.319882,
53.010127 -40.296171 -0.319882, 53.019478 -40.28682 -0.319882,
53.026514 -40.275623 -0.319882, 53.030882 -40.263141 -0.319882
              ]
            }
            coordIndex [
 
1, 533, 0, -1, 533, 532, 0, -1, 2, 534, 1, -1, 534, 533, 1, -1,
3, 535, 2, -1, 535, 534, 2, -1, 4, 536, 3, -1, 536, 535, 3, -1,
5, 537, 4, -1, 537, 536, 4, -1, 6, 538, 5, -1, 538, 537, 5, -1,
7, 539, 6, -1, 539, 538, 6, -1, 8, 540, 7, -1, 540, 539, 7, -1,
9, 541, 8, -1, 541, 540, 8, -1, 10, 542, 9, -1, 542, 541, 9, -1,
11, 543, 10, -1, 543, 542, 10, -1, 12, 544, 11, -1, 544, 543, 11, -1,
13, 545, 12, -1, 545, 544, 12, -1, 14, 546, 13, -1, 546, 545, 13, -1,
15, 547, 14, -1, 547, 546, 14, -1, 16, 548, 15, -1, 548, 547, 15, -1,
17, 549, 16, -1, 549, 548, 16, -1, 18, 550, 17, -1, 550, 549, 17, -1,
19, 551, 18, -1, 551, 550, 18, -1, 20, 552, 19, -1, 552, 551, 19, -1,
21, 553, 20, -1, 553, 552, 20, -1, 22, 554, 21, -1, 554, 553, 21, -1,
23, 555, 22, -1, 555, 554, 22, -1, 24, 556, 23, -1, 556, 555, 23, -1,
25, 557, 24, -1, 557, 556, 24, -1, 26, 558, 25, -1, 558, 557, 25, -1,
27, 559, 26, -1, 559, 558, 26, -1, 0, 532, 27, -1, 532, 559, 27, -1,
29, 561, 28, -1, 561, 560, 28, -1, 30, 562, 29, -1, 562, 561, 29, -1,
31, 563, 30, -1, 563, 562, 30, -1, 32, 564, 31, -1, 564, 563, 31, -1,
33, 565, 32, -1, 565, 564, 32, -1, 34, 566, 33, -1, 566, 565, 33, -1,
35, 567, 34, -1, 567, 566, 34, -1, 36, 568, 35, -1, 568, 567, 35, -1,
37, 569, 36, -1, 569, 568, 36, -1, 38, 570, 37, -1, 570, 569, 37, -1,
39, 571, 38, -1, 571, 570, 38, -1, 40, 572, 39, -1, 572, 571, 39, -1,
41, 573, 40, -1, 573, 572, 40, -1, 42, 574, 41, -1, 574, 573, 41, -1,
43, 575, 42, -1, 575, 574, 42, -1, 44, 576, 43, -1, 576, 575, 43, -1,
45, 577, 44, -1, 577, 576, 44, -1, 46, 578, 45, -1, 578, 577, 45, -1,
47, 579, 46, -1, 579, 578, 46, -1, 48, 580, 47, -1, 580, 579, 47, -1,
49, 581, 48, -1, 581, 580, 48, -1, 50, 582, 49, -1, 582, 581, 49, -1,
51, 583, 50, -1, 583, 582, 50, -1, 52, 584, 51, -1, 584, 583, 51, -1,
53, 585, 52, -1, 585, 584, 52, -1, 54, 586, 53, -1, 586, 585, 53, -1,
55, 587, 54, -1, 587, 586, 54, -1, 28, 560, 55, -1, 560, 587, 55, -1,
57, 589, 56, -1, 589, 588, 56, -1, 58, 590, 57, -1, 590, 589, 57, -1,
59, 591, 58, -1, 591, 590, 58, -1, 60, 592, 59, -1, 592, 591, 59, -1,
61, 593, 60, -1, 593, 592, 60, -1, 62, 594, 61, -1, 594, 593, 61, -1,
63, 595, 62, -1, 595, 594, 62, -1, 64, 596, 63, -1, 596, 595, 63, -1,
65, 597, 64, -1, 597, 596, 64, -1, 66, 598, 65, -1, 598, 597, 65, -1,
67, 599, 66, -1, 599, 598, 66, -1, 68, 600, 67, -1, 600, 599, 67, -1,
69, 601, 68, -1, 601, 600, 68, -1, 70, 602, 69, -1, 602, 601, 69, -1,
71, 603, 70, -1, 603, 602, 70, -1, 72, 604, 71, -1, 604, 603, 71, -1,
73, 605, 72, -1, 605, 604, 72, -1, 74, 606, 73, -1, 606, 605, 73, -1,
75, 607, 74, -1, 607, 606, 74, -1, 76, 608, 75, -1, 608, 607, 75, -1,
77, 609, 76, -1, 609, 608, 76, -1, 78, 610, 77, -1, 610, 609, 77, -1,
79, 611, 78, -1, 611, 610, 78, -1, 80, 612, 79, -1, 612, 611, 79, -1,
81, 613, 80, -1, 613, 612, 80, -1, 82, 614, 81, -1, 614, 613, 81, -1,
83, 615, 82, -1, 615, 614, 82, -1, 56, 588, 83, -1, 588, 615, 83, -1,
85, 617, 84, -1, 617, 616, 84, -1, 86, 618, 85, -1, 618, 617, 85, -1,
87, 619, 86, -1, 619, 618, 86, -1, 88, 620, 87, -1, 620, 619, 87, -1,
89, 621, 88, -1, 621, 620, 88, -1, 90, 622, 89, -1, 622, 621, 89, -1,
91, 623, 90, -1, 623, 622, 90, -1, 92, 624, 91, -1, 624, 623, 91, -1,
93, 625, 92, -1, 625, 624, 92, -1, 94, 626, 93, -1, 626, 625, 93, -1,
95, 627, 94, -1, 627, 626, 94, -1, 96, 628, 95, -1, 628, 627, 95, -1,
97, 629, 96, -1, 629, 628, 96, -1, 98, 630, 97, -1, 630, 629, 97, -1,
99, 631, 98, -1, 631, 630, 98, -1, 100, 632, 99, -1, 632, 631, 99, -1,
101, 633, 100, -1, 633, 632, 100, -1, 102, 634, 101, -1, 634, 633, 101, -1,
103, 635, 102, -1, 635, 634, 102, -1, 104, 636, 103, -1, 636, 635, 103, -1,
105, 637, 104, -1, 637, 636, 104, -1, 106, 638, 105, -1, 638, 637, 105, -1,
107, 639, 106, -1, 639, 638, 106, -1, 108, 640, 107, -1, 640, 639, 107, -1,
109, 641, 108, -1, 641, 640, 108, -1, 110, 642, 109, -1, 642, 641, 109, -1,
111, 643, 110, -1, 643, 642, 110, -1, 84, 616, 111, -1, 616, 643, 111, -1,
113, 645, 112, -1, 645, 644, 112, -1, 114, 646, 113, -1, 646, 645, 113, -1,
115, 647, 114, -1, 647, 646, 114, -1, 116, 648, 115, -1, 648, 647, 115, -1,
117, 649, 116, -1, 649, 648, 116, -1, 118, 650, 117, -1, 650, 649, 117, -1,
119, 651, 118, -1, 651, 650, 118, -1, 120, 652, 119, -1, 652, 651, 119, -1,
121, 653, 120, -1, 653, 652, 120, -1, 122, 654, 121, -1, 654, 653, 121, -1,
123, 655, 122, -1, 655, 654, 122, -1, 124, 656, 123, -1, 656, 655, 123, -1,
125, 657, 124, -1, 657, 656, 124, -1, 126, 658, 125, -1, 658, 657, 125, -1,
127, 659, 126, -1, 659, 658, 126, -1, 128, 660, 127, -1, 660, 659, 127, -1,
129, 661, 128, -1, 661, 660, 128, -1, 130, 662, 129, -1, 662, 661, 129, -1,
131, 663, 130, -1, 663, 662, 130, -1, 132, 664, 131, -1, 664, 663, 131, -1,
133, 665, 132, -1, 665, 664, 132, -1, 134, 666, 133, -1, 666, 665, 133, -1,
135, 667, 134, -1, 667, 666, 134, -1, 136, 668, 135, -1, 668, 667, 135, -1,
137, 669, 136, -1, 669, 668, 136, -1, 138, 670, 137, -1, 670, 669, 137, -1,
139, 671, 138, -1, 671, 670, 138, -1, 112, 644, 139, -1, 644, 671, 139, -1,
141, 673, 140, -1, 673, 672, 140, -1, 142, 674, 141, -1, 674, 673, 141, -1,
143, 675, 142, -1, 675, 674, 142, -1, 144, 676, 143, -1, 676, 675, 143, -1,
145, 677, 144, -1, 677, 676, 144, -1, 146, 678, 145, -1, 678, 677, 145, -1,
147, 679, 146, -1, 679, 678, 146, -1, 148, 680, 147, -1, 680, 679, 147, -1,
149, 681, 148, -1, 681, 680, 148, -1, 150, 682, 149, -1, 682, 681, 149, -1,
151, 683, 150, -1, 683, 682, 150, -1, 152, 684, 151, -1, 684, 683, 151, -1,
153, 685, 152, -1, 685, 684, 152, -1, 154, 686, 153, -1, 686, 685, 153, -1,
155, 687, 154, -1, 687, 686, 154, -1, 156, 688, 155, -1, 688, 687, 155, -1,
157, 689, 156, -1, 689, 688, 156, -1, 158, 690, 157, -1, 690, 689, 157, -1,
159, 691, 158, -1, 691, 690, 158, -1, 160, 692, 159, -1, 692, 691, 159, -1,
161, 693, 160, -1, 693, 692, 160, -1, 162, 694, 161, -1, 694, 693, 161, -1,
163, 695, 162, -1, 695, 694, 162, -1, 164, 696, 163, -1, 696, 695, 163, -1,
165, 697, 164, -1, 697, 696, 164, -1, 166, 698, 165, -1, 698, 697, 165, -1,
167, 699, 166, -1, 699, 698, 166, -1, 140, 672, 167, -1, 672, 699, 167, -1,
169, 701, 168, -1, 701, 700, 168, -1, 170, 702, 169, -1, 702, 701, 169, -1,
171, 703, 170, -1, 703, 702, 170, -1, 172, 704, 171, -1, 704, 703, 171, -1,
173, 705, 172, -1, 705, 704, 172, -1, 174, 706, 173, -1, 706, 705, 173, -1,
175, 707, 174, -1, 707, 706, 174, -1, 176, 708, 175, -1, 708, 707, 175, -1,
177, 709, 176, -1, 709, 708, 176, -1, 178, 710, 177, -1, 710, 709, 177, -1,
179, 711, 178, -1, 711, 710, 178, -1, 180, 712, 179, -1, 712, 711, 179, -1,
181, 713, 180, -1, 713, 712, 180, -1, 182, 714, 181, -1, 714, 713, 181, -1,
183, 715, 182, -1, 715, 714, 182, -1, 184, 716, 183, -1, 716, 715, 183, -1,
185, 717, 184, -1, 717, 716, 184, -1, 186, 718, 185, -1, 718, 717, 185, -1,
187, 719, 186, -1, 719, 718, 186, -1, 188, 720, 187, -1, 720, 719, 187, -1,
189, 721, 188, -1, 721, 720, 188, -1, 190, 722, 189, -1, 722, 721, 189, -1,
191, 723, 190, -1, 723, 722, 190, -1, 192, 724, 191, -1, 724, 723, 191, -1,
193, 725, 192, -1, 725, 724, 192, -1, 194, 726, 193, -1, 726, 725, 193, -1,
195, 727, 194, -1, 727, 726, 194, -1, 168, 700, 195, -1, 700, 727, 195, -1,
197, 729, 196, -1, 729, 728, 196, -1, 198, 730, 197, -1, 730, 729, 197, -1,
199, 731, 198, -1, 731, 730, 198, -1, 200, 732, 199, -1, 732, 731, 199, -1,
201, 733, 200, -1, 733, 732, 200, -1, 202, 734, 201, -1, 734, 733, 201, -1,
203, 735, 202, -1, 735, 734, 202, -1, 204, 736, 203, -1, 736, 735, 203, -1,
205, 737, 204, -1, 737, 736, 204, -1, 206, 738, 205, -1, 738, 737, 205, -1,
207, 739, 206, -1, 739, 738, 206, -1, 208, 740, 207, -1, 740, 739, 207, -1,
209, 741, 208, -1, 741, 740, 208, -1, 210, 742, 209, -1, 742, 741, 209, -1,
211, 743, 210, -1, 743, 742, 210, -1, 212, 744, 211, -1, 744, 743, 211, -1,
213, 745, 212, -1, 745, 744, 212, -1, 214, 746, 213, -1, 746, 745, 213, -1,
215, 747, 214, -1, 747, 746, 214, -1, 216, 748, 215, -1, 748, 747, 215, -1,
217, 749, 216, -1, 749, 748, 216, -1, 218, 750, 217, -1, 750, 749, 217, -1,
219, 751, 218, -1, 751, 750, 218, -1, 220, 752, 219, -1, 752, 751, 219, -1,
221, 753, 220, -1, 753, 752, 220, -1, 222, 754, 221, -1, 754, 753, 221, -1,
223, 755, 222, -1, 755, 754, 222, -1, 196, 728, 223, -1, 728, 755, 223, -1,
225, 757, 224, -1, 757, 756, 224, -1, 226, 758, 225, -1, 758, 757, 225, -1,
227, 759, 226, -1, 759, 758, 226, -1, 228, 760, 227, -1, 760, 759, 227, -1,
229, 761, 228, -1, 761, 760, 228, -1, 230, 762, 229, -1, 762, 761, 229, -1,
231, 763, 230, -1, 763, 762, 230, -1, 232, 764, 231, -1, 764, 763, 231, -1,
233, 765, 232, -1, 765, 764, 232, -1, 234, 766, 233, -1, 766, 765, 233, -1,
235, 767, 234, -1, 767, 766, 234, -1, 236, 768, 235, -1, 768, 767, 235, -1,
237, 769, 236, -1, 769, 768, 236, -1, 238, 770, 237, -1, 770, 769, 237, -1,
239, 771, 238, -1, 771, 770, 238, -1, 240, 772, 239, -1, 772, 771, 239, -1,
241, 773, 240, -1, 773, 772, 240, -1, 242, 774, 241, -1, 774, 773, 241, -1,
243, 775, 242, -1, 775, 774, 242, -1, 244, 776, 243, -1, 776, 775, 243, -1,
245, 777, 244, -1, 777, 776, 244, -1, 246, 778, 245, -1, 778, 777, 245, -1,
247, 779, 246, -1, 779, 778, 246, -1, 248, 780, 247, -1, 780, 779, 247, -1,
249, 781, 248, -1, 781, 780, 248, -1, 250, 782, 249, -1, 782, 781, 249, -1,
251, 783, 250, -1, 783, 782, 250, -1, 224, 756, 251, -1, 756, 783, 251, -1,
253, 785, 252, -1, 785, 784, 252, -1, 254, 786, 253, -1, 786, 785, 253, -1,
255, 787, 254, -1, 787, 786, 254, -1, 256, 788, 255, -1, 788, 787, 255, -1,
257, 789, 256, -1, 789, 788, 256, -1, 258, 790, 257, -1, 790, 789, 257, -1,
259, 791, 258, -1, 791, 790, 258, -1, 260, 792, 259, -1, 792, 791, 259, -1,
261, 793, 260, -1, 793, 792, 260, -1, 262, 794, 261, -1, 794, 793, 261, -1,
263, 795, 262, -1, 795, 794, 262, -1, 264, 796, 263, -1, 796, 795, 263, -1,
265, 797, 264, -1, 797, 796, 264, -1, 266, 798, 265, -1, 798, 797, 265, -1,
267, 799, 266, -1, 799, 798, 266, -1, 268, 800, 267, -1, 800, 799, 267, -1,
269, 801, 268, -1, 801, 800, 268, -1, 270, 802, 269, -1, 802, 801, 269, -1,
271, 803, 270, -1, 803, 802, 270, -1, 272, 804, 271, -1, 804, 803, 271, -1,
273, 805, 272, -1, 805, 804, 272, -1, 274, 806, 273, -1, 806, 805, 273, -1,
275, 807, 274, -1, 807, 806, 274, -1, 276, 808, 275, -1, 808, 807, 275, -1,
277, 809, 276, -1, 809, 808, 276, -1, 278, 810, 277, -1, 810, 809, 277, -1,
279, 811, 278, -1, 811, 810, 278, -1, 252, 784, 279, -1, 784, 811, 279, -1,
281, 813, 280, -1, 813, 812, 280, -1, 282, 814, 281, -1, 814, 813, 281, -1,
283, 815, 282, -1, 815, 814, 282, -1, 284, 816, 283, -1, 816, 815, 283, -1,
285, 817, 284, -1, 817, 816, 284, -1, 286, 818, 285, -1, 818, 817, 285, -1,
287, 819, 286, -1, 819, 818, 286, -1, 288, 820, 287, -1, 820, 819, 287, -1,
289, 821, 288, -1, 821, 820, 288, -1, 290, 822, 289, -1, 822, 821, 289, -1,
291, 823, 290, -1, 823, 822, 290, -1, 292, 824, 291, -1, 824, 823, 291, -1,
293, 825, 292, -1, 825, 824, 292, -1, 294, 826, 293, -1, 826, 825, 293, -1,
295, 827, 294, -1, 827, 826, 294, -1, 296, 828, 295, -1, 828, 827, 295, -1,
297, 829, 296, -1, 829, 828, 296, -1, 298, 830, 297, -1, 830, 829, 297, -1,
299, 831, 298, -1, 831, 830, 298, -1, 300, 832, 299, -1, 832, 831, 299, -1,
301, 833, 300, -1, 833, 832, 300, -1, 302, 834, 301, -1, 834, 833, 301, -1,
303, 835, 302, -1, 835, 834, 302, -1, 304, 836, 303, -1, 836, 835, 303, -1,
305, 837, 304, -1, 837, 836, 304, -1, 306, 838, 305, -1, 838, 837, 305, -1,
307, 839, 306, -1, 839, 838, 306, -1, 280, 812, 307, -1, 812, 839, 307, -1,
309, 841, 308, -1, 841, 840, 308, -1, 310, 842, 309, -1, 842, 841, 309, -1,
311, 843, 310, -1, 843, 842, 310, -1, 312, 844, 311, -1, 844, 843, 311, -1,
313, 845, 312, -1, 845, 844, 312, -1, 314, 846, 313, -1, 846, 845, 313, -1,
315, 847, 314, -1, 847, 846, 314, -1, 316, 848, 315, -1, 848, 847, 315, -1,
317, 849, 316, -1, 849, 848, 316, -1, 318, 850, 317, -1, 850, 849, 317, -1,
319, 851, 318, -1, 851, 850, 318, -1, 320, 852, 319, -1, 852, 851, 319, -1,
321, 853, 320, -1, 853, 852, 320, -1, 322, 854, 321, -1, 854, 853, 321, -1,
323, 855, 322, -1, 855, 854, 322, -1, 324, 856, 323, -1, 856, 855, 323, -1,
325, 857, 324, -1, 857, 856, 324, -1, 326, 858, 325, -1, 858, 857, 325, -1,
327, 859, 326, -1, 859, 858, 326, -1, 328, 860, 327, -1, 860, 859, 327, -1,
329, 861, 328, -1, 861, 860, 328, -1, 330, 862, 329, -1, 862, 861, 329, -1,
331, 863, 330, -1, 863, 862, 330, -1, 332, 864, 331, -1, 864, 863, 331, -1,
333, 865, 332, -1, 865, 864, 332, -1, 334, 866, 333, -1, 866, 865, 333, -1,
335, 867, 334, -1, 867, 866, 334, -1, 308, 840, 335, -1, 840, 867, 335, -1,
337, 869, 336, -1, 869, 868, 336, -1, 338, 870, 337, -1, 870, 869, 337, -1,
339, 871, 338, -1, 871, 870, 338, -1, 340, 872, 339, -1, 872, 871, 339, -1,
341, 873, 340, -1, 873, 872, 340, -1, 342, 874, 341, -1, 874, 873, 341, -1,
343, 875, 342, -1, 875, 874, 342, -1, 344, 876, 343, -1, 876, 875, 343, -1,
345, 877, 344, -1, 877, 876, 344, -1, 346, 878, 345, -1, 878, 877, 345, -1,
347, 879, 346, -1, 879, 878, 346, -1, 348, 880, 347, -1, 880, 879, 347, -1,
349, 881, 348, -1, 881, 880, 348, -1, 350, 882, 349, -1, 882, 881, 349, -1,
351, 883, 350, -1, 883, 882, 350, -1, 352, 884, 351, -1, 884, 883, 351, -1,
353, 885, 352, -1, 885, 884, 352, -1, 354, 886, 353, -1, 886, 885, 353, -1,
355, 887, 354, -1, 887, 886, 354, -1, 356, 888, 355, -1, 888, 887, 355, -1,
357, 889, 356, -1, 889, 888, 356, -1, 358, 890, 357, -1, 890, 889, 357, -1,
359, 891, 358, -1, 891, 890, 358, -1, 360, 892, 359, -1, 892, 891, 359, -1,
361, 893, 360, -1, 893, 892, 360, -1, 362, 894, 361, -1, 894, 893, 361, -1,
363, 895, 362, -1, 895, 894, 362, -1, 336, 868, 363, -1, 868, 895, 363, -1,
365, 897, 364, -1, 897, 896, 364, -1, 366, 898, 365, -1, 898, 897, 365, -1,
367, 899, 366, -1, 899, 898, 366, -1, 368, 900, 367, -1, 900, 899, 367, -1,
369, 901, 368, -1, 901, 900, 368, -1, 370, 902, 369, -1, 902, 901, 369, -1,
371, 903, 370, -1, 903, 902, 370, -1, 372, 904, 371, -1, 904, 903, 371, -1,
373, 905, 372, -1, 905, 904, 372, -1, 374, 906, 373, -1, 906, 905, 373, -1,
375, 907, 374, -1, 907, 906, 374, -1, 376, 908, 375, -1, 908, 907, 375, -1,
377, 909, 376, -1, 909, 908, 376, -1, 378, 910, 377, -1, 910, 909, 377, -1,
379, 911, 378, -1, 911, 910, 378, -1, 380, 912, 379, -1, 912, 911, 379, -1,
381, 913, 380, -1, 913, 912, 380, -1, 382, 914, 381, -1, 914, 913, 381, -1,
383, 915, 382, -1, 915, 914, 382, -1, 384, 916, 383, -1, 916, 915, 383, -1,
385, 917, 384, -1, 917, 916, 384, -1, 386, 918, 385, -1, 918, 917, 385, -1,
387, 919, 386, -1, 919, 918, 386, -1, 388, 920, 387, -1, 920, 919, 387, -1,
389, 921, 388, -1, 921, 920, 388, -1, 390, 922, 389, -1, 922, 921, 389, -1,
391, 923, 390, -1, 923, 922, 390, -1, 364, 896, 391, -1, 896, 923, 391, -1,
393, 925, 392, -1, 925, 924, 392, -1, 394, 926, 393, -1, 926, 925, 393, -1,
395, 927, 394, -1, 927, 926, 394, -1, 396, 928, 395, -1, 928, 927, 395, -1,
397, 929, 396, -1, 929, 928, 396, -1, 398, 930, 397, -1, 930, 929, 397, -1,
399, 931, 398, -1, 931, 930, 398, -1, 400, 932, 399, -1, 932, 931, 399, -1,
401, 933, 400, -1, 933, 932, 400, -1, 402, 934, 401, -1, 934, 933, 401, -1,
403, 935, 402, -1, 935, 934, 402, -1, 404, 936, 403, -1, 936, 935, 403, -1,
405, 937, 404, -1, 937, 936, 404, -1, 406, 938, 405, -1, 938, 937, 405, -1,
407, 939, 406, -1, 939, 938, 406, -1, 408, 940, 407, -1, 940, 939, 407, -1,
409, 941, 408, -1, 941, 940, 408, -1, 410, 942, 409, -1, 942, 941, 409, -1,
411, 943, 410, -1, 943, 942, 410, -1, 412, 944, 411, -1, 944, 943, 411, -1,
413, 945, 412, -1, 945, 944, 412, -1, 414, 946, 413, -1, 946, 945, 413, -1,
415, 947, 414, -1, 947, 946, 414, -1, 416, 948, 415, -1, 948, 947, 415, -1,
417, 949, 416, -1, 949, 948, 416, -1, 418, 950, 417, -1, 950, 949, 417, -1,
419, 951, 418, -1, 951, 950, 418, -1, 392, 924, 419, -1, 924, 951, 419, -1,
421, 953, 420, -1, 953, 952, 420, -1, 422, 954, 421, -1, 954, 953, 421, -1,
423, 955, 422, -1, 955, 954, 422, -1, 424, 956, 423, -1, 956, 955, 423, -1,
425, 957, 424, -1, 957, 956, 424, -1, 426, 958, 425, -1, 958, 957, 425, -1,
427, 959, 426, -1, 959, 958, 426, -1, 428, 960, 427, -1, 960, 959, 427, -1,
429, 961, 428, -1, 961, 960, 428, -1, 430, 962, 429, -1, 962, 961, 429, -1,
431, 963, 430, -1, 963, 962, 430, -1, 432, 964, 431, -1, 964, 963, 431, -1,
433, 965, 432, -1, 965, 964, 432, -1, 434, 966, 433, -1, 966, 965, 433, -1,
435, 967, 434, -1, 967, 966, 434, -1, 436, 968, 435, -1, 968, 967, 435, -1,
437, 969, 436, -1, 969, 968, 436, -1, 438, 970, 437, -1, 970, 969, 437, -1,
439, 971, 438, -1, 971, 970, 438, -1, 440, 972, 439, -1, 972, 971, 439, -1,
441, 973, 440, -1, 973, 972, 440, -1, 442, 974, 441, -1, 974, 973, 441, -1,
443, 975, 442, -1, 975, 974, 442, -1, 444, 976, 443, -1, 976, 975, 443, -1,
445, 977, 444, -1, 977, 976, 444, -1, 446, 978, 445, -1, 978, 977, 445, -1,
447, 979, 446, -1, 979, 978, 446, -1, 420, 952, 447, -1, 952, 979, 447, -1,
449, 981, 448, -1, 981, 980, 448, -1, 450, 982, 449, -1, 982, 981, 449, -1,
451, 983, 450, -1, 983, 982, 450, -1, 452, 984, 451, -1, 984, 983, 451, -1,
453, 985, 452, -1, 985, 984, 452, -1, 454, 986, 453, -1, 986, 985, 453, -1,
455, 987, 454, -1, 987, 986, 454, -1, 456, 988, 455, -1, 988, 987, 455, -1,
457, 989, 456, -1, 989, 988, 456, -1, 458, 990, 457, -1, 990, 989, 457, -1,
459, 991, 458, -1, 991, 990, 458, -1, 460, 992, 459, -1, 992, 991, 459, -1,
461, 993, 460, -1, 993, 992, 460, -1, 462, 994, 461, -1, 994, 993, 461, -1,
463, 995, 462, -1, 995, 994, 462, -1, 464, 996, 463, -1, 996, 995, 463, -1,
465, 997, 464, -1, 997, 996, 464, -1, 466, 998, 465, -1, 998, 997, 465, -1,
467, 999, 466, -1, 999, 998, 466, -1, 468, 1000, 467, -1, 1000, 999, 467, -1,
469, 1001, 468, -1, 1001, 1000, 468, -1, 470, 1002, 469, -1, 1002, 1001, 469, -1,
471, 1003, 470, -1, 1003, 1002, 470, -1, 472, 1004, 471, -1, 1004, 1003, 471, -1,
473, 1005, 472, -1, 1005, 1004, 472, -1, 474, 1006, 473, -1, 1006, 1005, 473, -1,
475, 1007, 474, -1, 1007, 1006, 474, -1, 448, 980, 475, -1, 980, 1007, 475, -1,
477, 1009, 476, -1, 1009, 1008, 476, -1, 478, 1010, 477, -1, 1010, 1009, 477, -1,
479, 1011, 478, -1, 1011, 1010, 478, -1, 480, 1012, 479, -1, 1012, 1011, 479, -1,
481, 1013, 480, -1, 1013, 1012, 480, -1, 482, 1014, 481, -1, 1014, 1013, 481, -1,
483, 1015, 482, -1, 1015, 1014, 482, -1, 484, 1016, 483, -1, 1016, 1015, 483, -1,
485, 1017, 484, -1, 1017, 1016, 484, -1, 486, 1018, 485, -1, 1018, 1017, 485, -1,
487, 1019, 486, -1, 1019, 1018, 486, -1, 488, 1020, 487, -1, 1020, 1019, 487, -1,
489, 1021, 488, -1, 1021, 1020, 488, -1, 490, 1022, 489, -1, 1022, 1021, 489, -1,
491, 1023, 490, -1, 1023, 1022, 490, -1, 492, 1024, 491, -1, 1024, 1023, 491, -1,
493, 1025, 492, -1, 1025, 1024, 492, -1, 494, 1026, 493, -1, 1026, 1025, 493, -1,
495, 1027, 494, -1, 1027, 1026, 494, -1, 496, 1028, 495, -1, 1028, 1027, 495, -1,
497, 1029, 496, -1, 1029, 1028, 496, -1, 498, 1030, 497, -1, 1030, 1029, 497, -1,
499, 1031, 498, -1, 1031, 1030, 498, -1, 500, 1032, 499, -1, 1032, 1031, 499, -1,
501, 1033, 500, -1, 1033, 1032, 500, -1, 502, 1034, 501, -1, 1034, 1033, 501, -1,
503, 1035, 502, -1, 1035, 1034, 502, -1, 476, 1008, 503, -1, 1008, 1035, 503, -1,
505, 1037, 504, -1, 1037, 1036, 504, -1, 506, 1038, 505, -1, 1038, 1037, 505, -1,
507, 1039, 506, -1, 1039, 1038, 506, -1, 508, 1040, 507, -1, 1040, 1039, 507, -1,
509, 1041, 508, -1, 1041, 1040, 508, -1, 510, 1042, 509, -1, 1042, 1041, 509, -1,
511, 1043, 510, -1, 1043, 1042, 510, -1, 512, 1044, 511, -1, 1044, 1043, 511, -1,
513, 1045, 512, -1, 1045, 1044, 512, -1, 514, 1046, 513, -1, 1046, 1045, 513, -1,
515, 1047, 514, -1, 1047, 1046, 514, -1, 516, 1048, 515, -1, 1048, 1047, 515, -1,
517, 1049, 516, -1, 1049, 1048, 516, -1, 518, 1050, 517, -1, 1050, 1049, 517, -1,
519, 1051, 518, -1, 1051, 1050, 518, -1, 520, 1052, 519, -1, 1052, 1051, 519, -1,
521, 1053, 520, -1, 1053, 1052, 520, -1, 522, 1054, 521, -1, 1054, 1053, 521, -1,
523, 1055, 522, -1, 1055, 1054, 522, -1, 524, 1056, 523, -1, 1056, 1055, 523, -1,
525, 1057, 524, -1, 1057, 1056, 524, -1, 526, 1058, 525, -1, 1058, 1057, 525, -1,
527, 1059, 526, -1, 1059, 1058, 526, -1, 528, 1060, 527, -1, 1060, 1059, 527, -1,
529, 1061, 528, -1, 1061, 1060, 528, -1, 530, 1062, 529, -1, 1062, 1061, 529, -1,
531, 1063, 530, -1, 1063, 1062, 530, -1, 504, 1036, 531, -1, 1036, 1063, 531, -1
            ]
          }
        }
      ]
    }
  ]
}
Transform {
  children [
    Group {
      children [
        Shape {
          appearance Appearance {
            material Material {
              diffuseColor 0.961 0.961 0.961
              specularColor 0.965 0.965 0.965
              emissiveColor 0 0 0
              ambientIntensity 0.7
              transparency 0
              shininess 0.02
            }
          }
          geometry IndexedFaceSet {
            solid TRUE
            coord Coordinate {
              point [
52.740328 -41.059858 0.344488, 52.727544 -41.047074 0.344488,
52.709464 -41.047074 0.344488, 52.69668 -41.059858 0.344488,
52.694882 -41.068898 0.344488, 52.694882 -41.293307 0.344488,
52.69668 -41.302347 0.344488, 52.709464 -41.315131 0.344488,
52.718504 -41.316929 0.344488, 54.805118 -41.316929 0.344488,
54.814158 -41.315131 0.344488, 54.826942 -41.302347 0.344488,
54.82874 -41.293307 0.344488, 54.82874 -41.068898 0.344488,
54.826942 -41.059858 0.344488, 54.814158 -41.047074 0.344488,
54.796078 -41.047074 0.344488, 54.783294 -41.059858 0.344488,
54.781496 -41.068898 0.344488, 54.781496 -41.269685 0.344488,
52.742126 -41.269685 0.344488, 52.742126 -41.068898 0.344488,
60.984422 -41.059858 0.344488, 60.971638 -41.047074 0.344488,
60.953559 -41.047074 0.344488, 60.940774 -41.059858 0.344488,
60.938976 -41.068898 0.344488, 60.938976 -41.293307 0.344488,
60.940774 -41.302347 0.344488, 60.953559 -41.315131 0.344488,
60.962598 -41.316929 0.344488, 63.049213 -41.316929 0.344488,
63.058252 -41.315131 0.344488, 63.071037 -41.302347 0.344488,
63.072835 -41.293307 0.344488, 63.072835 -41.068898 0.344488,
63.071037 -41.059858 0.344488, 63.058252 -41.047074 0.344488,
63.040173 -41.047074 0.344488, 63.027389 -41.059858 0.344488,
63.025591 -41.068898 0.344488, 63.025591 -41.269685 0.344488,
60.98622 -41.269685 0.344488, 60.98622 -41.068898 0.344488,
52.742126 -40.068898 0.344488, 52.740328 -40.059858 0.344488,
52.727544 -40.047074 0.344488, 52.709464 -40.047074 0.344488,
52.69668 -40.059858 0.344488, 52.694882 -40.068898 0.344488,
52.694882 -40.431102 0.344488, 52.69668 -40.440142 0.344488,
52.709464 -40.452926 0.344488, 52.727544 -40.452926 0.344488,
52.740328 -40.440142 0.344488, 52.742126 -40.431102 0.344488,
54.82874 -40.068898 0.344488, 54.826942 -40.059858 0.344488,
54.814158 -40.047074 0.344488, 54.796078 -40.047074 0.344488,
54.783294 -40.059858 0.344488, 54.781496 -40.068898 0.344488,
54.781496 -40.431102 0.344488, 54.783294 -40.440142 0.344488,
54.796078 -40.452926 0.344488, 54.814158 -40.452926 0.344488,
54.826942 -40.440142 0.344488, 54.82874 -40.431102 0.344488,
60.98622 -40.068898 0.344488, 60.984422 -40.059858 0.344488,
60.971638 -40.047074 0.344488, 60.953559 -40.047074 0.344488,
60.940774 -40.059858 0.344488, 60.938976 -40.068898 0.344488,
60.938976 -40.431102 0.344488, 60.940774 -40.440142 0.344488,
60.953559 -40.452926 0.344488, 60.971638 -40.452926 0.344488,
60.984422 -40.440142 0.344488, 60.98622 -40.431102 0.344488,
63.072835 -40.068898 0.344488, 63.071037 -40.059858 0.344488,
63.058252 -40.047074 0.344488, 63.040173 -40.047074 0.344488,
63.027389 -40.059858 0.344488, 63.025591 -40.068898 0.344488,
63.025591 -40.431102 0.344488, 63.027389 -40.440142 0.344488,
63.040173 -40.452926 0.344488, 63.058252 -40.452926 0.344488,
63.071037 -40.440142 0.344488, 63.072835 -40.431102 0.344488,
54.783294 -39.440142 0.344488, 54.796078 -39.452926 0.344488,
54.814158 -39.452926 0.344488, 54.826942 -39.440142 0.344488,
54.82874 -39.431102 0.344488, 54.82874 -39.206693 0.344488,
54.826942 -39.197653 0.344488, 54.814158 -39.184869 0.344488,
54.805118 -39.183071 0.344488, 52.718504 -39.183071 0.344488,
52.709464 -39.184869 0.344488, 52.69668 -39.197653 0.344488,
52.694882 -39.206693 0.344488, 52.694882 -39.40748 0.344488,
52.17126 -39.40748 0.344488, 52.16222 -39.409278 0.344488,
52.149436 -39.422063 0.344488, 52.149436 -39.440142 0.344488,
52.16222 -39.452926 0.344488, 52.17126 -39.454724 0.344488,
52.718504 -39.454724 0.344488, 52.727544 -39.452926 0.344488,
52.740328 -39.440142 0.344488, 52.742126 -39.431102 0.344488,
52.742126 -39.230315 0.344488, 54.781496 -39.230315 0.344488,
54.781496 -39.431102 0.344488, 63.027389 -39.440142 0.344488,
63.040173 -39.452926 0.344488, 63.058252 -39.452926 0.344488,
63.071037 -39.440142 0.344488, 63.072835 -39.431102 0.344488,
63.072835 -39.206693 0.344488, 63.071037 -39.197653 0.344488,
63.058252 -39.184869 0.344488, 63.049213 -39.183071 0.344488,
60.962598 -39.183071 0.344488, 60.953559 -39.184869 0.344488,
60.940774 -39.197653 0.344488, 60.938976 -39.206693 0.344488,
60.938976 -39.40748 0.344488, 60.415354 -39.40748 0.344488,
60.406315 -39.409278 0.344488, 60.39353 -39.422063 0.344488,
60.39353 -39.440142 0.344488, 60.406315 -39.452926 0.344488,
60.415354 -39.454724 0.344488, 60.962598 -39.454724 0.344488,
60.971638 -39.452926 0.344488, 60.984422 -39.440142 0.344488,
60.98622 -39.431102 0.344488, 60.98622 -39.230315 0.344488,
63.025591 -39.230315 0.344488, 63.025591 -39.431102 0.344488,
53.934093 -38.581975 0.344488, 53.898219 -38.635786 0.344488,
53.86618 -38.667825 0.344488, 53.83297 -38.68443 0.344488,
53.828072 -38.687513 0.344488, 53.820523 -38.696217 0.344488,
53.81688 -38.707146 0.344488, 53.817696 -38.718639 0.344488,
53.822849 -38.728944 0.344488, 53.831553 -38.736492 0.344488,
53.842482 -38.740135 0.344488, 53.853974 -38.739319 0.344488,
53.859381 -38.73725 0.344488, 53.896876 -38.718502 0.344488,
53.899356 -38.716941 0.344488, 53.900076 -38.716643 0.344488,
53.900885 -38.715978 0.344488, 53.901775 -38.715419 0.344488,
53.902286 -38.714829 0.344488, 53.90455 -38.712971 0.344488,
53.929134 -38.688387 0.344488, 53.929134 -38.962527 0.344488,
53.846176 -38.962527 0.344488, 53.840415 -38.963094 0.344488,
53.829771 -38.967504 0.344488, 53.821624 -38.97565 0.344488,
53.817215 -38.986294 0.344488, 53.817215 -38.997815 0.344488,
53.821624 -39.008459 0.344488, 53.829771 -39.016606 0.344488,
53.840415 -39.021015 0.344488, 53.846176 -39.021582 0.344488,
54.071147 -39.021582 0.344488, 54.076908 -39.021015 0.344488,
54.087552 -39.016606 0.344488, 54.095698 -39.008459 0.344488,
54.100107 -38.997815 0.344488, 54.100107 -38.986294 0.344488,
54.095698 -38.97565 0.344488, 54.087552 -38.967504 0.344488,
54.076908 -38.963094 0.344488, 54.071147 -38.962527 0.344488,
53.988189 -38.962527 0.344488, 53.988189 -38.598354 0.344488,
53.988187 -38.598333 0.344488, 53.988189 -38.598323 0.344488,
53.988183 -38.598293 0.344488, 53.987622 -38.592593 0.344488,
53.986503 -38.589892 0.344488, 53.98593 -38.587026 0.344488,
53.984319 -38.584621 0.344488, 53.983213 -38.581949 0.344488,
53.981146 -38.579883 0.344488, 53.979519 -38.577453 0.344488,
53.977111 -38.575847 0.344488, 53.975066 -38.573803 0.344488,
53.972365 -38.572684 0.344488, 53.969933 -38.571062 0.344488,
53.967094 -38.570501 0.344488, 53.964422 -38.569394 0.344488,
53.961498 -38.569394 0.344488, 53.95863 -38.568826 0.344488,
53.955794 -38.569394 0.344488, 53.952901 -38.569394 0.344488,
53.9502 -38.570512 0.344488, 53.947333 -38.571086 0.344488,
53.94493 -38.572695 0.344488, 53.942257 -38.573803 0.344488,
53.940189 -38.57587 0.344488, 53.937761 -38.577496 0.344488,
53.93413 -38.581929 0.344488, 53.93411 -38.581949 0.344488,
53.934106 -38.581958 0.344488, 62.728998 -36.279601 0.344488,
62.724589 -36.268957 0.344488, 62.716442 -36.260811 0.344488,
62.705798 -36.256402 0.344488, 62.694277 -36.256402 0.344488,
62.683633 -36.260811 0.344488, 62.675486 -36.268957 0.344488,
62.671077 -36.279601 0.344488, 62.67051 -36.285362 0.344488,
62.67051 -36.604072 0.344488, 62.671077 -36.609832 0.344488,
62.671483 -36.610812 0.344488, 62.671558 -36.61187 0.344488,
62.673627 -36.617277 0.344488, 62.692375 -36.654772 0.344488,
62.693935 -36.657251 0.344488, 62.694233 -36.657971 0.344488,
62.694898 -36.658781 0.344488, 62.695458 -36.659671 0.344488,
62.696048 -36.660182 0.344488, 62.697906 -36.662446 0.344488,
62.716653 -36.681194 0.344488, 62.718917 -36.683051 0.344488,
62.719429 -36.683642 0.344488, 62.720318 -36.684202 0.344488,
62.721128 -36.684866 0.344488, 62.721847 -36.685164 0.344488,
62.724328 -36.686725 0.344488, 62.761823 -36.705473 0.344488,
62.767229 -36.707542 0.344488, 62.768287 -36.707617 0.344488,
62.769267 -36.708023 0.344488, 62.775028 -36.70859 0.344488,
62.850019 -36.70859 0.344488, 62.855779 -36.708023 0.344488,
62.856759 -36.707617 0.344488, 62.857817 -36.707542 0.344488,
62.863224 -36.705473 0.344488, 62.900719 -36.686725 0.344488,
62.903199 -36.685164 0.344488, 62.903919 -36.684866 0.344488,
62.904728 -36.684202 0.344488, 62.905618 -36.683642 0.344488,
62.90613 -36.683051 0.344488, 62.908393 -36.681194 0.344488,
62.927141 -36.662446 0.344488, 62.928998 -36.660182 0.344488,
62.929588 -36.659671 0.344488, 62.930148 -36.658781 0.344488,
62.930813 -36.657971 0.344488, 62.931111 -36.657251 0.344488,
62.932672 -36.654772 0.344488, 62.951419 -36.617277 0.344488,
62.953488 -36.611871 0.344488, 62.953563 -36.610812 0.344488,
62.953969 -36.609832 0.344488, 62.954537 -36.604072 0.344488,
62.954537 -36.285362 0.344488, 62.953969 -36.279601 0.344488,
62.94956 -36.268957 0.344488, 62.941414 -36.260811 0.344488,
62.93077 -36.256402 0.344488, 62.919248 -36.256402 0.344488,
62.908604 -36.260811 0.344488, 62.900458 -36.268957 0.344488,
62.896049 -36.279601 0.344488, 62.895481 -36.285362 0.344488,
62.895481 -36.597101 0.344488, 62.881994 -36.624076 0.344488,
62.870022 -36.636048 0.344488, 62.843048 -36.649535 0.344488,
62.781998 -36.649535 0.344488, 62.755024 -36.636048 0.344488,
62.743052 -36.624076 0.344488, 62.729565 -36.597101 0.344488,
62.729565 -36.285362 0.344488, 63.181656 -36.268983 0.344488,
63.145781 -36.322794 0.344488, 63.113743 -36.354833 0.344488,
63.080533 -36.371437 0.344488, 63.075634 -36.374521 0.344488,
63.068086 -36.383225 0.344488, 63.064443 -36.394154 0.344488,
63.065259 -36.405646 0.344488, 63.070411 -36.415952 0.344488,
63.079115 -36.4235 0.344488, 63.090045 -36.427143 0.344488,
63.101537 -36.426327 0.344488, 63.106943 -36.424258 0.344488,
63.144439 -36.40551 0.344488, 63.146919 -36.403949 0.344488,
63.147638 -36.403651 0.344488, 63.148448 -36.402986 0.344488,
63.149337 -36.402427 0.344488, 63.149849 -36.401837 0.344488,
63.152113 -36.399979 0.344488, 63.176696 -36.375395 0.344488,
63.176696 -36.649535 0.344488, 63.093738 -36.649535 0.344488,
63.087978 -36.650102 0.344488, 63.077333 -36.654511 0.344488,
63.069187 -36.662658 0.344488, 63.064778 -36.673302 0.344488,
63.064778 -36.684823 0.344488, 63.069187 -36.695467 0.344488,
63.077333 -36.703614 0.344488, 63.087978 -36.708023 0.344488,
63.093738 -36.70859 0.344488, 63.31871 -36.70859 0.344488,
63.32447 -36.708023 0.344488, 63.335115 -36.703614 0.344488,
63.343261 -36.695467 0.344488, 63.34767 -36.684823 0.344488,
63.34767 -36.673302 0.344488, 63.343261 -36.662658 0.344488,
63.335115 -36.654511 0.344488, 63.32447 -36.650102 0.344488,
63.31871 -36.649535 0.344488, 63.235752 -36.649535 0.344488,
63.235752 -36.285362 0.344488, 63.235749 -36.285341 0.344488,
63.235752 -36.285331 0.344488, 63.235745 -36.2853 0.344488,
63.235184 -36.279601 0.344488, 63.234065 -36.2769 0.344488,
63.233492 -36.274033 0.344488, 63.231882 -36.271629 0.344488,
63.230775 -36.268957 0.344488, 63.228709 -36.266891 0.344488,
63.227081 -36.264461 0.344488, 63.224673 -36.262855 0.344488,
63.222629 -36.260811 0.344488, 63.219928 -36.259692 0.344488,
63.217495 -36.25807 0.344488, 63.214657 -36.257509 0.344488,
63.211985 -36.256402 0.344488, 63.209061 -36.256402 0.344488,
63.206193 -36.255834 0.344488, 63.203356 -36.256402 0.344488,
63.200463 -36.256402 0.344488, 63.197762 -36.25752 0.344488,
63.194896 -36.258094 0.344488, 63.192492 -36.259703 0.344488,
63.189819 -36.260811 0.344488, 63.187752 -36.262878 0.344488,
63.185323 -36.264504 0.344488, 63.181693 -36.268937 0.344488,
63.181673 -36.268957 0.344488, 63.181669 -36.268966 0.344488,
62.290952 -38.590691 0.344488, 62.253456 -38.571944 0.344488,
62.24805 -38.569875 0.344488, 62.246992 -38.5698 0.344488,
62.246012 -38.569394 0.344488, 62.240251 -38.568826 0.344488,
62.146513 -38.568826 0.344488, 62.140752 -38.569394 0.344488,
62.139772 -38.569799 0.344488, 62.138714 -38.569875 0.344488,
62.133308 -38.571944 0.344488, 62.095813 -38.590691 0.344488,
62.093332 -38.592252 0.344488, 62.092613 -38.59255 0.344488,
62.091803 -38.593215 0.344488, 62.090914 -38.593775 0.344488,
62.090402 -38.594365 0.344488, 62.088139 -38.596222 0.344488,
62.069391 -38.61497 0.344488, 62.065719 -38.619444 0.344488,
62.06131 -38.630089 0.344488, 62.06131 -38.641609 0.344488,
62.065719 -38.652254 0.344488, 62.073865 -38.6604 0.344488,
62.08451 -38.664809 0.344488, 62.09603 -38.664809 0.344488,
62.106675 -38.6604 0.344488, 62.111149 -38.656728 0.344488,
62.126509 -38.641369 0.344488, 62.153483 -38.627881 0.344488,
62.233281 -38.627881 0.344488, 62.260256 -38.641369 0.344488,
62.272227 -38.65334 0.344488, 62.285714 -38.680315 0.344488,
62.285714 -38.706048 0.344488, 62.270686 -38.751132 0.344488,
62.050643 -38.971176 0.344488, 62.046971 -38.97565 0.344488,
62.042562 -38.986294 0.344488, 62.042562 -38.997815 0.344488,
62.046971 -39.008459 0.344488, 62.055118 -39.016606 0.344488,
62.065762 -39.021015 0.344488, 62.071522 -39.021582 0.344488,
62.315242 -39.021582 0.344488, 62.321002 -39.021015 0.344488,
62.331646 -39.016606 0.344488, 62.339793 -39.008459 0.344488,
62.344202 -38.997815 0.344488, 62.344202 -38.986294 0.344488,
62.339793 -38.97565 0.344488, 62.331646 -38.967504 0.344488,
62.321002 -38.963094 0.344488, 62.315242 -38.962527 0.344488,
62.142808 -38.962527 0.344488, 62.317373 -38.787962 0.344488,
62.321046 -38.783487 0.344488, 62.321452 -38.782507 0.344488,
62.322146 -38.781706 0.344488, 62.324506 -38.77642 0.344488,
62.343254 -38.720178 0.344488, 62.343903 -38.717321 0.344488,
62.344202 -38.7166 0.344488, 62.344305 -38.715556 0.344488,
62.344537 -38.714533 0.344488, 62.344482 -38.713756 0.344488,
62.344769 -38.71084 0.344488, 62.344769 -38.673344 0.344488,
62.344202 -38.667584 0.344488, 62.343796 -38.666604 0.344488,
62.343721 -38.665545 0.344488, 62.341652 -38.660139 0.344488,
62.322904 -38.622644 0.344488, 62.321343 -38.620164 0.344488,
62.321045 -38.619444 0.344488, 62.32038 -38.618635 0.344488,
62.319821 -38.617745 0.344488, 62.319231 -38.617233 0.344488,
62.317373 -38.61497 0.344488, 62.298626 -38.596222 0.344488,
62.296362 -38.594365 0.344488, 62.29585 -38.593775 0.344488,
62.294961 -38.593215 0.344488, 62.294151 -38.59255 0.344488,
62.293431 -38.592252 0.344488, 53.671904 -38.812241 0.344488,
53.674384 -38.81068 0.344488, 53.675104 -38.810381 0.344488,
53.675913 -38.809717 0.344488, 53.676803 -38.809157 0.344488,
53.677314 -38.808567 0.344488, 53.679578 -38.806709 0.344488,
53.698326 -38.787962 0.344488, 53.700183 -38.785698 0.344488,
53.700773 -38.785187 0.344488, 53.701333 -38.784297 0.344488,
53.701998 -38.783487 0.344488, 53.702296 -38.782768 0.344488,
53.703857 -38.780288 0.344488, 53.722604 -38.742793 0.344488,
53.724673 -38.737387 0.344488, 53.724748 -38.736328 0.344488,
53.725154 -38.735348 0.344488, 53.725722 -38.729587 0.344488,
53.725722 -38.673344 0.344488, 53.725154 -38.667584 0.344488,
53.724748 -38.666604 0.344488, 53.724673 -38.665545 0.344488,
53.722604 -38.660139 0.344488, 53.703857 -38.622644 0.344488,
53.702296 -38.620164 0.344488, 53.701998 -38.619444 0.344488,
53.701333 -38.618635 0.344488, 53.700773 -38.617745 0.344488,
53.700183 -38.617233 0.344488, 53.698326 -38.61497 0.344488,
53.679578 -38.596222 0.344488, 53.677314 -38.594365 0.344488,
53.676803 -38.593775 0.344488, 53.675913 -38.593215 0.344488,
53.675104 -38.59255 0.344488, 53.674384 -38.592252 0.344488,
53.671904 -38.590691 0.344488, 53.634409 -38.571944 0.344488,
53.629002 -38.569875 0.344488, 53.627944 -38.5698 0.344488,
53.626964 -38.569394 0.344488, 53.621204 -38.568826 0.344488,
53.471222 -38.568826 0.344488, 53.465462 -38.569394 0.344488,
53.454818 -38.573803 0.344488, 53.446671 -38.581949 0.344488,
53.442262 -38.592593 0.344488, 53.441695 -38.598354 0.344488,
53.441695 -38.77505 0.344488, 53.441695 -38.992055 0.344488,
53.442262 -38.997815 0.344488, 53.446671 -39.008459 0.344488,
53.454818 -39.016606 0.344488, 53.465462 -39.021015 0.344488,
53.476983 -39.021015 0.344488, 53.487627 -39.016606 0.344488,
53.495774 -39.008459 0.344488, 53.500183 -38.997815 0.344488,
53.50075 -38.992055 0.344488, 53.50075 -38.834106 0.344488,
53.621204 -38.834106 0.344488, 53.626964 -38.833538 0.344488,
53.627944 -38.833132 0.344488, 53.629002 -38.833057 0.344488,
53.634409 -38.830988 0.344488, 53.666667 -38.680315 0.344488,
53.666667 -38.722617 0.344488, 53.653179 -38.749592 0.344488,
53.641208 -38.761563 0.344488, 53.614233 -38.77505 0.344488,
53.50075 -38.77505 0.344488, 53.50075 -38.627881 0.344488,
53.614233 -38.627881 0.344488, 53.641208 -38.641369 0.344488,
53.653179 -38.65334 0.344488, 61.915998 -38.812241 0.344488,
61.918478 -38.81068 0.344488, 61.919198 -38.810381 0.344488,
61.920007 -38.809717 0.344488, 61.920897 -38.809157 0.344488,
61.921409 -38.808567 0.344488, 61.923672 -38.806709 0.344488,
61.94242 -38.787962 0.344488, 61.944278 -38.785698 0.344488,
61.944868 -38.785187 0.344488, 61.945427 -38.784297 0.344488,
61.946092 -38.783487 0.344488, 61.94639 -38.782768 0.344488,
61.947951 -38.780288 0.344488, 61.966699 -38.742793 0.344488,
61.968768 -38.737387 0.344488, 61.968843 -38.736328 0.344488,
61.969249 -38.735348 0.344488, 61.969816 -38.729587 0.344488,
61.969816 -38.673344 0.344488, 61.969249 -38.667584 0.344488,
61.968843 -38.666604 0.344488, 61.968768 -38.665545 0.344488,
61.966699 -38.660139 0.344488, 61.947951 -38.622644 0.344488,
61.94639 -38.620164 0.344488, 61.946092 -38.619444 0.344488,
61.945427 -38.618635 0.344488, 61.944868 -38.617745 0.344488,
61.944278 -38.617233 0.344488, 61.94242 -38.61497 0.344488,
61.923672 -38.596222 0.344488, 61.921409 -38.594365 0.344488,
61.920897 -38.593775 0.344488, 61.920007 -38.593215 0.344488,
61.919198 -38.59255 0.344488, 61.918478 -38.592252 0.344488,
61.915998 -38.590691 0.344488, 61.878503 -38.571944 0.344488,
61.873097 -38.569875 0.344488, 61.872039 -38.5698 0.344488,
61.871059 -38.569394 0.344488, 61.865298 -38.568826 0.344488,
61.715317 -38.568826 0.344488, 61.709556 -38.569394 0.344488,
61.698912 -38.573803 0.344488, 61.690766 -38.581949 0.344488,
61.686357 -38.592593 0.344488, 61.685789 -38.598354 0.344488,
61.685789 -38.77505 0.344488, 61.685789 -38.992055 0.344488,
61.686357 -38.997815 0.344488, 61.690766 -39.008459 0.344488,
61.698912 -39.016606 0.344488, 61.709556 -39.021015 0.344488,
61.721078 -39.021015 0.344488, 61.731722 -39.016606 0.344488,
61.739868 -39.008459 0.344488, 61.744277 -38.997815 0.344488,
61.744844 -38.992055 0.344488, 61.744844 -38.834106 0.344488,
61.865298 -38.834106 0.344488, 61.871059 -38.833538 0.344488,
61.872039 -38.833132 0.344488, 61.873097 -38.833057 0.344488,
61.878503 -38.830988 0.344488, 61.910761 -38.680315 0.344488,
61.910761 -38.722617 0.344488, 61.897274 -38.749592 0.344488,
61.885302 -38.761563 0.344488, 61.858328 -38.77505 0.344488,
61.744844 -38.77505 0.344488, 61.744844 -38.627881 0.344488,
61.858328 -38.627881 0.344488, 61.885302 -38.641369 0.344488,
61.897274 -38.65334 0.344488, 53.748695 -38.53033 0.344488,
53.735911 -38.517546 0.344488, 53.726871 -38.515748 0.344488,
53.52116 -38.515748 0.344488, 53.51212 -38.517546 0.344488,
53.499336 -38.53033 0.344488, 53.499336 -38.54841 0.344488,
53.51212 -38.561194 0.344488, 53.52116 -38.562992 0.344488,
53.726871 -38.562992 0.344488, 53.735911 -38.561194 0.344488,
53.748695 -38.54841 0.344488, 52.20728 -38.070726 0.344488,
52.205422 -38.072989 0.344488, 52.204832 -38.073501 0.344488,
52.204272 -38.07439 0.344488, 52.203608 -38.0752 0.344488,
52.203309 -38.075919 0.344488, 52.201749 -38.0784 0.344488,
52.183001 -38.115895 0.344488, 52.18284 -38.116316 0.344488,
52.182713 -38.116487 0.344488, 52.181848 -38.118907 0.344488,
52.180932 -38.121301 0.344488, 52.180917 -38.121513 0.344488,
52.180765 -38.121939 0.344488, 52.162018 -38.196929 0.344488,
52.16187 -38.197928 0.344488, 52.161704 -38.19833 0.344488,
52.16149 -38.2005 0.344488, 52.161171 -38.202655 0.344488,
52.161235 -38.203085 0.344488, 52.161136 -38.204091 0.344488,
52.161136 -38.260333 0.344488, 52.161235 -38.261339 0.344488,
52.161171 -38.261769 0.344488, 52.16149 -38.263924 0.344488,
52.161704 -38.266094 0.344488, 52.16187 -38.266496 0.344488,
52.162018 -38.267495 0.344488, 52.180765 -38.342485 0.344488,
52.180917 -38.34291 0.344488, 52.180932 -38.343123 0.344488,
52.181848 -38.345517 0.344488, 52.182713 -38.347937 0.344488,
52.18284 -38.348108 0.344488, 52.183001 -38.348529 0.344488,
52.201749 -38.386024 0.344488, 52.203309 -38.388503 0.344488,
52.203607 -38.389224 0.344488, 52.204272 -38.390034 0.344488,
52.204832 -38.390923 0.344488, 52.205422 -38.391435 0.344488,
52.20728 -38.393698 0.344488, 52.244775 -38.431194 0.344488,
52.24925 -38.434867 0.344488, 52.25023 -38.435272 0.344488,
52.251031 -38.435967 0.344488, 52.256317 -38.438327 0.344488,
52.312559 -38.457075 0.344488, 52.315416 -38.457724 0.344488,
52.316137 -38.458023 0.344488, 52.317181 -38.458126 0.344488,
52.318204 -38.458358 0.344488, 52.318981 -38.458303 0.344488,
52.321897 -38.45859 0.344488, 52.359393 -38.45859 0.344488,
52.362308 -38.458303 0.344488, 52.363085 -38.458358 0.344488,
52.364108 -38.458126 0.344488, 52.365153 -38.458023 0.344488,
52.365874 -38.457724 0.344488, 52.36873 -38.457075 0.344488,
52.424973 -38.438327 0.344488, 52.430258 -38.435967 0.344488,
52.431059 -38.435272 0.344488, 52.43204 -38.434866 0.344488,
52.436515 -38.431194 0.344488, 52.455262 -38.412446 0.344488,
52.458935 -38.407971 0.344488, 52.463343 -38.397327 0.344488,
52.463343 -38.385806 0.344488, 52.458934 -38.375162 0.344488,
52.450787 -38.367015 0.344488, 52.440143 -38.362607 0.344488,
52.428622 -38.362607 0.344488, 52.417978 -38.367016 0.344488,
52.413504 -38.370688 0.344488, 52.399685 -38.384507 0.344488,
52.354601 -38.399535 0.344488, 52.326689 -38.399535 0.344488,
52.281605 -38.384507 0.344488, 52.252426 -38.355328 0.344488,
52.237271 -38.325019 0.344488, 52.220191 -38.256698 0.344488,
52.220191 -38.207726 0.344488, 52.237271 -38.139406 0.344488,
52.252426 -38.109096 0.344488, 52.281605 -38.079917 0.344488,
52.326689 -38.064889 0.344488, 52.354601 -38.064889 0.344488,
52.399685 -38.079917 0.344488, 52.413504 -38.093736 0.344488,
52.417978 -38.097408 0.344488, 52.428622 -38.101817 0.344488,
52.440143 -38.101817 0.344488, 52.450787 -38.097408 0.344488,
52.458934 -38.089261 0.344488, 52.463343 -38.078617 0.344488,
52.463343 -38.067096 0.344488, 52.458934 -38.056452 0.344488,
52.455262 -38.051978 0.344488, 52.436515 -38.03323 0.344488,
52.43204 -38.029558 0.344488, 52.431059 -38.029152 0.344488,
52.430258 -38.028457 0.344488, 52.424973 -38.026097 0.344488,
52.36873 -38.00735 0.344488, 52.365874 -38.0067 0.344488,
52.365153 -38.006402 0.344488, 52.364108 -38.006298 0.344488,
52.363085 -38.006066 0.344488, 52.362308 -38.006121 0.344488,
52.359393 -38.005834 0.344488, 52.321897 -38.005834 0.344488,
52.318981 -38.006121 0.344488, 52.318204 -38.006066 0.344488,
52.317181 -38.006298 0.344488, 52.316137 -38.006402 0.344488,
52.315416 -38.0067 0.344488, 52.312559 -38.00735 0.344488,
52.256317 -38.026097 0.344488, 52.251031 -38.028457 0.344488,
52.25023 -38.029152 0.344488, 52.24925 -38.029558 0.344488,
52.244775 -38.03323 0.344488, 61.874679 -38.28033 0.344488,
61.861895 -38.267546 0.344488, 61.852855 -38.265748 0.344488,
61.647145 -38.265748 0.344488, 61.638105 -38.267546 0.344488,
61.625321 -38.28033 0.344488, 61.625321 -38.29841 0.344488,
61.638105 -38.311194 0.344488, 61.647145 -38.312992 0.344488,
61.852855 -38.312992 0.344488, 61.861895 -38.311194 0.344488,
61.874679 -38.29841 0.344488, 62.844207 -38.006698 0.344488,
62.844207 -37.957726 0.344488, 62.861287 -37.889406 0.344488,
62.876442 -37.859096 0.344488, 62.90562 -37.829917 0.344488,
62.950704 -37.814889 0.344488, 62.978617 -37.814889 0.344488,
63.023701 -37.829917 0.344488, 63.03752 -37.843736 0.344488,
63.041994 -37.847408 0.344488, 63.052638 -37.851817 0.344488,
63.064159 -37.851817 0.344488, 63.074803 -37.847408 0.344488,
63.08295 -37.839261 0.344488, 63.087359 -37.828617 0.344488,
63.087359 -37.817096 0.344488, 63.08295 -37.806452 0.344488,
63.079278 -37.801978 0.344488, 63.06053 -37.78323 0.344488,
63.056056 -37.779558 0.344488, 63.055075 -37.779152 0.344488,
63.054274 -37.778457 0.344488, 63.048989 -37.776097 0.344488,
62.992746 -37.75735 0.344488, 62.98989 -37.7567 0.344488,
62.989169 -37.756402 0.344488, 62.988124 -37.756298 0.344488,
62.987101 -37.756066 0.344488, 62.986324 -37.756121 0.344488,
62.983408 -37.755834 0.344488, 62.945913 -37.755834 0.344488,
62.942997 -37.756121 0.344488, 62.94222 -37.756066 0.344488,
62.941197 -37.756298 0.344488, 62.940152 -37.756402 0.344488,
62.939431 -37.7567 0.344488, 62.936575 -37.75735 0.344488,
62.880333 -37.776097 0.344488, 62.875047 -37.778457 0.344488,
62.874246 -37.779152 0.344488, 62.873265 -37.779558 0.344488,
62.868791 -37.78323 0.344488, 62.831296 -37.820726 0.344488,
62.829438 -37.822989 0.344488, 62.828848 -37.823501 0.344488,
62.828288 -37.82439 0.344488, 62.827624 -37.8252 0.344488,
62.827325 -37.825919 0.344488, 62.825765 -37.8284 0.344488,
62.807017 -37.865895 0.344488, 62.806856 -37.866316 0.344488,
62.806729 -37.866487 0.344488, 62.805864 -37.868907 0.344488,
62.804948 -37.871301 0.344488, 62.804933 -37.871513 0.344488,
62.804781 -37.871939 0.344488, 62.786033 -37.946929 0.344488,
62.785885 -37.947928 0.344488, 62.785719 -37.94833 0.344488,
62.785506 -37.9505 0.344488, 62.785187 -37.952655 0.344488,
62.785251 -37.953085 0.344488, 62.785152 -37.954091 0.344488,
62.785152 -38.010333 0.344488, 62.785251 -38.011339 0.344488,
62.785187 -38.011769 0.344488, 62.785506 -38.013924 0.344488,
62.785719 -38.016094 0.344488, 62.785885 -38.016496 0.344488,
62.786033 -38.017495 0.344488, 62.804781 -38.092485 0.344488,
62.804933 -38.09291 0.344488, 62.804948 -38.093123 0.344488,
62.805864 -38.095517 0.344488, 62.806729 -38.097937 0.344488,
62.806856 -38.098108 0.344488, 62.807017 -38.098529 0.344488,
62.825765 -38.136024 0.344488, 62.827325 -38.138503 0.344488,
62.827623 -38.139224 0.344488, 62.828288 -38.140034 0.344488,
62.828848 -38.140923 0.344488, 62.829438 -38.141435 0.344488,
62.831296 -38.143698 0.344488, 62.838261 -38.150665 0.344488,
62.848985 -38.146914 0.344488, 62.862126 -38.145433 0.344488,
62.875267 -38.146914 0.344488, 62.887749 -38.151281 0.344488,
62.898946 -38.158317 0.344488, 62.908297 -38.167668 0.344488,
62.915333 -38.178865 0.344488, 62.9197 -38.191347 0.344488,
62.920885 -38.201845 0.344488, 62.936575 -38.207075 0.344488,
62.939431 -38.207724 0.344488, 62.940152 -38.208023 0.344488,
62.941197 -38.208126 0.344488, 62.94222 -38.208358 0.344488,
62.942997 -38.208303 0.344488, 62.945913 -38.20859 0.344488,
62.983408 -38.20859 0.344488, 62.986324 -38.208303 0.344488,
62.987101 -38.208358 0.344488, 62.988124 -38.208126 0.344488,
62.989169 -38.208023 0.344488, 62.98989 -38.207724 0.344488,
62.992746 -38.207075 0.344488, 63.048989 -38.188327 0.344488,
63.054274 -38.185967 0.344488, 63.055075 -38.185272 0.344488,
63.056056 -38.184866 0.344488, 63.060531 -38.181194 0.344488,
63.079278 -38.162446 0.344488, 63.08295 -38.157971 0.344488,
63.087359 -38.147327 0.344488, 63.087359 -38.135806 0.344488,
63.08295 -38.125162 0.344488, 63.074803 -38.117015 0.344488,
63.064159 -38.112607 0.344488, 63.052638 -38.112607 0.344488,
63.041994 -38.117016 0.344488, 63.037519 -38.120688 0.344488,
63.023701 -38.134507 0.344488, 62.978617 -38.149535 0.344488,
62.950704 -38.149535 0.344488, 62.90562 -38.134507 0.344488,
62.876442 -38.105328 0.344488, 62.861287 -38.075019 0.344488,
63.409062 -38.186725 0.344488, 63.411542 -38.185164 0.344488,
63.412261 -38.184866 0.344488, 63.413071 -38.184202 0.344488,
63.413961 -38.183642 0.344488, 63.414472 -38.183051 0.344488,
63.416736 -38.181194 0.344488, 63.435483 -38.162446 0.344488,
63.437341 -38.160182 0.344488, 63.437931 -38.159671 0.344488,
63.438491 -38.158781 0.344488, 63.439156 -38.157971 0.344488,
63.439454 -38.157251 0.344488, 63.441015 -38.154772 0.344488,
63.459762 -38.117277 0.344488, 63.461831 -38.111871 0.344488,
63.461906 -38.110812 0.344488, 63.462312 -38.109832 0.344488,
63.46288 -38.104072 0.344488, 63.46288 -38.010333 0.344488,
63.462312 -38.004573 0.344488, 63.461906 -38.003593 0.344488,
63.461831 -38.002534 0.344488, 63.459762 -37.997128 0.344488,
63.441015 -37.959633 0.344488, 63.439454 -37.957153 0.344488,
63.439156 -37.956433 0.344488, 63.438491 -37.955624 0.344488,
63.437931 -37.954734 0.344488, 63.437341 -37.954222 0.344488,
63.435483 -37.951959 0.344488, 63.416736 -37.933211 0.344488,
63.414472 -37.931354 0.344488, 63.413961 -37.930764 0.344488,
63.413071 -37.930204 0.344488, 63.412261 -37.929539 0.344488,
63.411542 -37.929241 0.344488, 63.409062 -37.92768 0.344488,
63.371567 -37.908933 0.344488, 63.36616 -37.906864 0.344488,
63.365102 -37.906789 0.344488, 63.364122 -37.906383 0.344488,
63.358361 -37.905815 0.344488, 63.283371 -37.905815 0.344488,
63.27761 -37.906383 0.344488, 63.27663 -37.906788 0.344488,
63.275572 -37.906864 0.344488, 63.270166 -37.908933 0.344488,
63.247241 -37.920395 0.344488, 63.254533 -37.891223 0.344488,
63.28757 -37.841669 0.344488, 63.300862 -37.828377 0.344488,
63.327837 -37.814889 0.344488, 63.395857 -37.814889 0.344488,
63.401617 -37.814322 0.344488, 63.412261 -37.809913 0.344488,
63.420408 -37.801767 0.344488, 63.424817 -37.791122 0.344488,
63.424817 -37.779601 0.344488, 63.420408 -37.768957 0.344488,
63.412261 -37.760811 0.344488, 63.401617 -37.756402 0.344488,
63.395857 -37.755834 0.344488, 63.320866 -37.755834 0.344488,
63.315106 -37.756402 0.344488, 63.314126 -37.756807 0.344488,
63.313067 -37.756883 0.344488, 63.307661 -37.758952 0.344488,
63.270166 -37.777699 0.344488, 63.267685 -37.77926 0.344488,
63.266966 -37.779558 0.344488, 63.266156 -37.780223 0.344488,
63.265267 -37.780783 0.344488, 63.264755 -37.781372 0.344488,
63.262492 -37.78323 0.344488, 63.243744 -37.801978 0.344488,
63.243731 -37.801994 0.344488, 63.243722 -37.802 0.344488,
63.241839 -37.804299 0.344488, 63.240072 -37.806452 0.344488,
63.240068 -37.806461 0.344488, 63.240055 -37.806478 0.344488,
63.202559 -37.862721 0.344488, 63.200864 -37.865901 0.344488,
63.20043 -37.866487 0.344488, 63.200182 -37.86718 0.344488,
63.199836 -37.867829 0.344488, 63.199694 -37.868544 0.344488,
63.198482 -37.871939 0.344488, 63.179734 -37.946929 0.344488,
63.179586 -37.947928 0.344488, 63.17942 -37.94833 0.344488,
63.179206 -37.9505 0.344488, 63.178888 -37.952655 0.344488,
63.178952 -37.953085 0.344488, 63.178853 -37.954091 0.344488,
63.178853 -38.017304 0.344488, 63.178853 -38.104072 0.344488,
63.17942 -38.109832 0.344488, 63.179826 -38.110812 0.344488,
63.179901 -38.11187 0.344488, 63.18197 -38.117277 0.344488,
63.200718 -38.154772 0.344488, 63.202278 -38.157251 0.344488,
63.202576 -38.157971 0.344488, 63.203241 -38.158781 0.344488,
63.203801 -38.159671 0.344488, 63.204391 -38.160182 0.344488,
63.206248 -38.162446 0.344488, 63.224996 -38.181194 0.344488,
63.227259 -38.183051 0.344488, 63.227772 -38.183642 0.344488,
63.228661 -38.184202 0.344488, 63.229471 -38.184866 0.344488,
63.23019 -38.185164 0.344488, 63.23267 -38.186725 0.344488,
63.270166 -38.205473 0.344488, 63.275572 -38.207542 0.344488,
63.27663 -38.207617 0.344488, 63.27761 -38.208023 0.344488,
63.283371 -38.20859 0.344488, 63.358361 -38.20859 0.344488,
63.364122 -38.208023 0.344488, 63.365102 -38.207617 0.344488,
63.36616 -38.207542 0.344488, 63.371567 -38.205473 0.344488,
63.403824 -38.017304 0.344488, 63.403824 -38.097101 0.344488,
63.390337 -38.124076 0.344488, 63.378365 -38.136048 0.344488,
63.351391 -38.149535 0.344488, 63.290341 -38.149535 0.344488,
63.263367 -38.136048 0.344488, 63.251395 -38.124076 0.344488,
63.237908 -38.097101 0.344488, 63.237908 -38.017304 0.344488,
63.251395 -37.990329 0.344488, 63.263367 -37.978358 0.344488,
63.290341 -37.96487 0.344488, 63.351391 -37.96487 0.344488,
63.378366 -37.978358 0.344488, 63.390337 -37.990329 0.344488,
56.333225 -37.884883 0.344488, 56.335379 -37.86848 0.344488,
56.341574 -37.854831 0.344488, 56.351952 -37.84327 0.344488,
56.365364 -37.835016 0.344488, 56.383455 -37.829575 0.344488,
56.407628 -37.827548 0.344488, 56.433197 -37.829086 0.344488,
56.45751 -37.83363 0.344488, 56.480904 -37.840481 0.344488,
56.501887 -37.848511 0.344488, 56.517321 -37.806057 0.344488,
56.494457 -37.797253 0.344488, 56.468256 -37.790094 0.344488,
56.440493 -37.785596 0.344488, 56.408733 -37.784013 0.344488,
56.384352 -37.785448 0.344488, 56.362704 -37.789562 0.344488,
56.343418 -37.796152 0.344488, 56.325528 -37.805593 0.344488,
56.310877 -37.817057 0.344488, 56.299065 -37.830601 0.344488,
56.29032 -37.846163 0.344488, 56.284949 -37.863899 0.344488,
56.283078 -37.88433 0.344488, 56.284849 -37.907048 0.344488,
56.289851 -37.926272 0.344488, 56.297807 -37.942614 0.344488,
56.308705 -37.956545 0.344488, 56.327113 -37.972265 0.344488,
56.351914 -37.987202 0.344488, 56.384478 -38.001187 0.344488,
56.418149 -38.014274 0.344488, 56.440418 -38.025154 0.344488,
56.458296 -38.03757 0.344488, 56.468809 -38.049699 0.344488,
56.474898 -38.063999 0.344488, 56.477078 -38.0822 0.344488,
56.474524 -38.100572 0.344488, 56.467166 -38.115741 0.344488,
56.454746 -38.128501 0.344488, 56.43892 -38.137415 0.344488,
56.417357 -38.143363 0.344488, 56.388348 -38.145593 0.344488,
56.357283 -38.143787 0.344488, 56.327431 -38.138429 0.344488,
56.299286 -38.130499 0.344488, 56.278102 -38.122443 0.344488,
56.278102 -38.169849 0.344488, 56.298204 -38.177411 0.344488,
56.324956 -38.183624 0.344488, 56.353736 -38.187291 0.344488,
56.386136 -38.188576 0.344488, 56.418586 -38.186508 0.344488,
56.445978 -38.180702 0.344488, 56.469117 -38.17159 0.344488,
56.488665 -38.159368 0.344488, 56.505248 -38.143385 0.344488,
56.516965 -38.124848 0.344488, 56.52417 -38.10325 0.344488,
56.526696 -38.077801 0.344488, 56.525186 -38.057538 0.344488,
56.520955 -38.040654 0.344488, 56.514292 -38.026548 0.344488,
56.505003 -38.013894 0.344488, 56.492992 -38.002242 0.344488,
56.477896 -37.991547 0.344488, 56.452306 -37.977915 0.344488,
56.419215 -37.964262 0.344488, 56.389066 -37.951879 0.344488,
56.368491 -37.941665 0.344488, 56.351825 -37.930007 0.344488,
56.341495 -37.917961 0.344488, 56.33542 -37.903572 0.344488,
56.769496 -38.005033 0.344488, 56.719326 -38.006692 0.344488,
56.682065 -38.009605 0.344488, 56.652717 -38.015308 0.344488,
56.629896 -38.0232 0.344488, 56.612398 -38.032871 0.344488,
56.597131 -38.046203 0.344488, 56.586467 -38.06167 0.344488,
56.579959 -38.079685 0.344488, 56.577684 -38.100951 0.344488,
56.577731 -38.101504 0.344488, 56.579578 -38.12342 0.344488,
56.584814 -38.141424 0.344488, 56.593 -38.15586 0.344488,
56.604128 -38.167373 0.344488, 56.622791 -38.178917 0.344488,
56.64475 -38.18606 0.344488, 56.670838 -38.188576 0.344488,
56.695709 -38.187078 0.344488, 56.714892 -38.183045 0.344488,
56.729519 -38.177013 0.344488, 56.74962 -38.162825 0.344488,
56.77005 -38.14117 0.344488, 56.772237 -38.14117 0.344488,
56.781613 -38.183071 0.344488, 56.816879 -38.183071 0.344488,
56.816879 -37.981883 0.344488, 56.814959 -37.955763 0.344488,
56.809708 -37.935157 0.344488, 56.801653 -37.918975 0.344488,
56.790964 -37.906374 0.344488, 56.777507 -37.896691 0.344488,
56.76031 -37.889296 0.344488, 56.738513 -37.884446 0.344488,
56.711056 -37.882671 0.344488, 56.682811 -37.884553 0.344488,
56.655933 -37.890124 0.344488, 56.630606 -37.898578 0.344488,
56.610186 -37.908033 0.344488, 56.625067 -37.944405 0.344488,
56.664203 -37.928707 0.344488, 56.685585 -37.923553 0.344488,
56.708316 -37.921808 0.344488, 56.727285 -37.923592 0.344488,
56.742039 -37.928488 0.344488, 56.75351 -37.936135 0.344488,
56.76173 -37.946895 0.344488, 56.767328 -37.963263 0.344488,
56.769496 -37.987412 0.344488, 56.768944 -38.038665 0.344488,
56.768944 -38.065108 0.344488, 56.76717 -38.086507 0.344488,
56.762257 -38.103743 0.344488, 56.754572 -38.117637 0.344488,
56.744135 -38.128789 0.344488, 56.726591 -38.140069 0.344488,
56.706086 -38.147006 0.344488, 56.681848 -38.149439 0.344488,
56.666425 -38.148047 0.344488, 56.653641 -38.144129 0.344488,
56.642976 -38.137876 0.344488, 56.634825 -38.129094 0.344488,
56.629704 -38.117303 0.344488, 56.627831 -38.101504 0.344488,
56.630289 -38.083833 0.344488, 56.637301 -38.069594 0.344488,
56.649058 -38.057944 0.344488, 56.664243 -38.050098 0.344488,
56.688525 -38.043877 0.344488, 56.725384 -38.040323 0.344488,
57.293394 -37.91112 0.344488, 57.276685 -37.898657 0.344488,
57.257848 -37.889666 0.344488, 57.236267 -37.884076 0.344488,
57.211369 -37.882118 0.344488, 57.18583 -37.884293 0.344488,
57.163126 -37.890585 0.344488, 57.142736 -37.900869 0.344488,
57.124766 -37.91493 0.344488, 57.109561 -37.932592 0.344488,
57.096989 -37.954333 0.344488, 57.088238 -37.978013 0.344488,
57.082698 -38.005529 0.344488, 57.08266 -38.006139 0.344488,
57.080738 -38.037559 0.344488, 57.082907 -38.069876 0.344488,
57.089016 -38.097263 0.344488, 57.098648 -38.12052 0.344488,
57.112352 -38.141465 0.344488, 57.128985 -38.15832 0.344488,
57.148794 -38.171507 0.344488, 57.170884 -38.180833 0.344488,
57.19544 -38.186583 0.344488, 57.222933 -38.188576 0.344488,
57.252225 -38.18731 0.344488, 57.275315 -38.183888 0.344488,
57.297246 -38.17799 0.344488, 57.319957 -38.169296 0.344488,
57.319957 -38.126842 0.344488, 57.296813 -38.135711 0.344488,
57.275026 -38.142011 0.344488, 57.252422 -38.145862 0.344488,
57.225144 -38.147252 0.344488, 57.203327 -38.145444 0.344488,
57.185018 -38.140348 0.344488, 57.169572 -38.132235 0.344488,
57.156511 -38.121072 0.344488, 57.146251 -38.107396 0.344488,
57.138421 -38.090568 0.344488, 57.133169 -38.069945 0.344488,
57.130885 -38.044722 0.344488, 57.333178 -38.044722 0.344488,
57.333178 -38.015514 0.344488, 57.331445 -37.989008 0.344488,
57.326491 -37.965747 0.344488, 57.318562 -37.945246 0.344488,
57.307291 -37.926535 0.344488, 57.282479 -38.006139 0.344488,
57.131991 -38.006139 0.344488, 57.136707 -37.980428 0.344488,
57.144816 -37.960109 0.344488, 57.155982 -37.944141 0.344488,
57.170711 -37.931917 0.344488, 57.188667 -37.924449 0.344488,
57.210817 -37.921808 0.344488, 57.229037 -37.923462 0.344488,
57.243657 -37.928055 0.344488, 57.25542 -37.935292 0.344488,
57.264833 -37.945246 0.344488, 57.274077 -37.961667 0.344488,
57.280076 -37.981681 0.344488, 57.439951 -37.910586 0.344488,
57.42357 -37.927128 0.344488, 57.409696 -37.948276 0.344488,
57.400069 -37.971761 0.344488, 57.3938 -38.000928 0.344488,
57.391522 -38.037006 0.344488, 57.393683 -38.071618 0.344488,
57.399657 -38.099919 0.344488, 57.408879 -38.122996 0.344488,
57.422206 -38.14379 0.344488, 57.438128 -38.160148 0.344488,
57.456838 -38.172589 0.344488, 57.477774 -38.181339 0.344488,
57.500875 -38.186718 0.344488, 57.526553 -38.188576 0.344488,
57.550971 -38.187452 0.344488, 57.569825 -38.184441 0.344488,
57.587162 -38.179344 0.344488, 57.602615 -38.172589 0.344488,
57.602615 -38.129606 0.344488, 57.586676 -38.136133 0.344488,
57.568719 -38.141746 0.344488, 57.54947 -38.145383 0.344488,
57.526 -38.146699 0.344488, 57.505491 -38.144753 0.344488,
57.488584 -38.139281 0.344488, 57.474547 -38.130524 0.344488,
57.462896 -38.118308 0.344488, 57.454205 -38.103818 0.344488,
57.447567 -38.085847 0.344488, 57.443239 -38.063675 0.344488,
57.441669 -38.036453 0.344488, 57.443976 -38.003004 0.344488,
57.450189 -37.977413 0.344488, 57.459539 -37.958054 0.344488,
57.471695 -37.943642 0.344488, 57.486811 -37.933348 0.344488,
57.505504 -37.926889 0.344488, 57.528765 -37.924572 0.344488,
57.544402 -37.925633 0.344488, 57.561819 -37.928996 0.344488,
57.59271 -37.938347 0.344488, 57.607591 -37.898105 0.344488,
57.593275 -37.892255 0.344488, 57.573407 -37.886806 0.344488,
57.552189 -37.883305 0.344488, 57.529871 -37.882118 0.344488,
57.503801 -37.883976 0.344488, 57.480323 -37.889356 0.344488,
57.459026 -37.898105 0.344488, 57.842627 -38.005033 0.344488,
57.792456 -38.006692 0.344488, 57.755195 -38.009605 0.344488,
57.725847 -38.015308 0.344488, 57.703026 -38.0232 0.344488,
57.685528 -38.032871 0.344488, 57.670261 -38.046203 0.344488,
57.659597 -38.06167 0.344488, 57.653089 -38.079685 0.344488,
57.650814 -38.100951 0.344488, 57.650861 -38.101504 0.344488,
57.652707 -38.12342 0.344488, 57.657944 -38.141424 0.344488,
57.66613 -38.15586 0.344488, 57.677258 -38.167373 0.344488,
57.695921 -38.178917 0.344488, 57.71788 -38.18606 0.344488,
57.743968 -38.188576 0.344488, 57.768839 -38.187078 0.344488,
57.788022 -38.183045 0.344488, 57.802649 -38.177013 0.344488,
57.82275 -38.162825 0.344488, 57.84318 -38.14117 0.344488,
57.845367 -38.14117 0.344488, 57.854743 -38.183071 0.344488,
57.890009 -38.183071 0.344488, 57.890009 -37.981883 0.344488,
57.888089 -37.955763 0.344488, 57.882838 -37.935157 0.344488,
57.874783 -37.918975 0.344488, 57.864094 -37.906374 0.344488,
57.850637 -37.896691 0.344488, 57.83344 -37.889296 0.344488,
57.811643 -37.884446 0.344488, 57.784186 -37.882671 0.344488,
57.755941 -37.884553 0.344488, 57.729063 -37.890124 0.344488,
57.703736 -37.898578 0.344488, 57.683316 -37.908033 0.344488,
57.698196 -37.944405 0.344488, 57.737333 -37.928707 0.344488,
57.758715 -37.923553 0.344488, 57.781446 -37.921808 0.344488,
57.800415 -37.923592 0.344488, 57.815169 -37.928488 0.344488,
57.82664 -37.936135 0.344488, 57.834861 -37.946895 0.344488,
57.840458 -37.963263 0.344488, 57.842627 -37.987412 0.344488,
57.842074 -38.038665 0.344488, 57.842074 -38.065108 0.344488,
57.8403 -38.086507 0.344488, 57.835388 -38.103743 0.344488,
57.827702 -38.117637 0.344488, 57.817265 -38.128789 0.344488,
57.799721 -38.140069 0.344488, 57.779216 -38.147006 0.344488,
57.754978 -38.149439 0.344488, 57.739556 -38.148047 0.344488,
57.726772 -38.144129 0.344488, 57.716106 -38.137876 0.344488,
57.707955 -38.129094 0.344488, 57.702834 -38.117303 0.344488,
57.700961 -38.101504 0.344488, 57.703419 -38.083833 0.344488,
57.710431 -38.069594 0.344488, 57.722188 -38.057944 0.344488,
57.737373 -38.050098 0.344488, 57.761655 -38.043877 0.344488,
57.798514 -38.040323 0.344488, 59.027022 -37.143381 0.344488,
59.034186 -37.183071 0.344488, 59.073322 -37.183071 0.344488,
59.073322 -36.76418 0.344488, 59.02481 -36.76418 0.344488,
59.02481 -36.882118 0.344488, 59.026181 -36.904451 0.344488,
59.028128 -36.925678 0.344488, 59.02481 -36.925678 0.344488,
59.00925 -36.90905 0.344488, 58.989256 -36.894811 0.344488,
58.974227 -36.888044 0.344488, 58.955826 -36.883689 0.344488,
58.933315 -36.882118 0.344488, 58.906466 -36.884677 0.344488,
58.883211 -36.892025 0.344488, 58.862832 -36.904021 0.344488,
58.84485 -36.920991 0.344488, 58.831143 -36.941075 0.344488,
58.820737 -36.966162 0.344488, 58.813966 -36.997331 0.344488,
58.811507 -37.0359 0.344488, 58.811577 -37.037006 0.344488,
58.813956 -37.074511 0.344488, 58.820685 -37.105582 0.344488,
58.831003 -37.130469 0.344488, 58.844561 -37.150281 0.344488,
58.862381 -37.166963 0.344488, 58.882656 -37.178786 0.344488,
58.905875 -37.186044 0.344488, 58.932763 -37.188576 0.344488,
58.955616 -37.186942 0.344488, 58.97429 -37.182409 0.344488,
58.989544 -37.175354 0.344488, 59.00963 -37.160526 0.344488,
59.02481 -37.143381 0.344488, 59.025363 -37.036453 0.344488,
59.025363 -37.045276 0.344488, 59.022855 -37.079458 0.344488,
59.016209 -37.104573 0.344488, 59.006348 -37.122731 0.344488,
58.995915 -37.133328 0.344488, 58.982076 -37.141263 0.344488,
58.963985 -37.146448 0.344488, 58.940479 -37.148357 0.344488,
58.921202 -37.146383 0.344488, 58.905335 -37.140814 0.344488,
58.892156 -37.131832 0.344488, 58.881222 -37.119149 0.344488,
58.870952 -37.0987 0.344488, 58.864165 -37.071882 0.344488,
58.861653 -37.037006 0.344488, 58.864117 -37.002524 0.344488,
58.870864 -36.975154 0.344488, 58.881222 -36.953516 0.344488,
58.892279 -36.939837 0.344488, 58.905435 -36.930281 0.344488,
58.921084 -36.924423 0.344488, 58.939926 -36.922361 0.344488,
58.964341 -36.924545 0.344488, 58.982868 -36.930461 0.344488,
58.996842 -36.939556 0.344488, 59.007165 -36.951857 0.344488,
59.016625 -36.972376 0.344488, 59.022983 -36.999937 0.344488,
58.762147 -37.800119 0.344488, 58.742497 -37.791455 0.344488,
58.719251 -37.785964 0.344488, 58.691683 -37.784013 0.344488,
58.66699 -37.785583 0.344488, 58.64459 -37.790135 0.344488,
58.624156 -37.797523 0.344488, 58.59556 -37.812654 0.344488,
58.57098 -37.830313 0.344488, 58.596895 -37.862839 0.344488,
58.619801 -37.846807 0.344488, 58.641248 -37.835289 0.344488,
58.664178 -37.827956 0.344488, 58.691683 -37.825361 0.344488,
58.711638 -37.827369 0.344488, 58.72811 -37.833035 0.344488,
58.74183 -37.842165 0.344488, 58.75225 -37.854599 0.344488,
58.758772 -37.870666 0.344488, 58.761133 -37.891494 0.344488,
58.758468 -37.917138 0.344488, 58.750652 -37.940294 0.344488,
58.738154 -37.962152 0.344488, 58.719785 -37.985753 0.344488,
58.669639 -38.038665 0.344488, 58.566581 -38.142828 0.344488,
58.566581 -38.183071 0.344488, 58.826738 -38.183071 0.344488,
58.826738 -38.138982 0.344488, 58.627762 -38.138982 0.344488,
58.627762 -38.13677 0.344488, 58.709881 -38.055757 0.344488,
58.738967 -38.026148 0.344488, 58.762793 -37.999817 0.344488,
58.783236 -37.972918 0.344488, 58.798059 -37.946617 0.344488,
58.805089 -37.928245 0.344488, 58.809321 -37.909021 0.344488,
58.810752 -37.888729 0.344488, 58.808589 -37.864658 0.344488,
58.802449 -37.844254 0.344488, 58.792564 -37.826816 0.344488,
58.778779 -37.81185 0.344488, 58.008717 -37.957627 0.344488,
58.010427 -37.947472 0.344488, 58.015486 -37.938901 0.344488,
58.024415 -37.931472 0.344488, 58.035361 -37.926459 0.344488,
58.050167 -37.923078 0.344488, 58.069898 -37.921808 0.344488,
58.091156 -37.923196 0.344488, 58.111774 -37.927337 0.344488,
58.150935 -37.940559 0.344488, 58.167474 -37.901975 0.344488,
58.146486 -37.893693 0.344488, 58.123626 -37.887359 0.344488,
58.099688 -37.883467 0.344488, 58.073215 -37.882118 0.344488,
58.040674 -37.884641 0.344488, 58.01433 -37.891631 0.344488,
57.992994 -37.902528 0.344488, 57.979483 -37.913933 0.344488,
57.970101 -37.92711 0.344488, 57.964403 -37.942396 0.344488,
57.962416 -37.960391 0.344488, 57.963754 -37.976229 0.344488,
57.967499 -37.98928 0.344488, 57.973426 -38.000081 0.344488,
57.986403 -38.01408 0.344488, 58.004846 -38.026548 0.344488,
58.026423 -38.037162 0.344488, 58.053911 -38.048593 0.344488,
58.081292 -38.059737 0.344488, 58.098841 -38.068426 0.344488,
58.11287 -38.077859 0.344488, 58.120597 -38.086071 0.344488,
58.125148 -38.095407 0.344488, 58.126679 -38.105904 0.344488,
58.124826 -38.118285 0.344488, 58.119425 -38.128672 0.344488,
58.11014 -38.137588 0.344488, 58.098417 -38.143619 0.344488,
58.08121 -38.147817 0.344488, 58.056676 -38.149439 0.344488,
58.030999 -38.147586 0.344488, 58.005687 -38.142011 0.344488,
57.981677 -38.133912 0.344488, 57.962969 -38.125736 0.344488,
57.962969 -38.169849 0.344488, 57.980933 -38.177552 0.344488,
58.00237 -38.183624 0.344488, 58.025784 -38.187237 0.344488,
58.05557 -38.188576 0.344488, 58.082893 -38.186998 0.344488,
58.105909 -38.182582 0.344488, 58.125278 -38.175691 0.344488,
58.14156 -38.166531 0.344488, 58.155486 -38.154271 0.344488,
58.165319 -38.139696 0.344488, 58.17139 -38.122354 0.344488,
58.173532 -38.101504 0.344488, 58.172268 -38.086005 0.344488,
58.168708 -38.073026 0.344488, 58.163051 -38.062103 0.344488,
58.150578 -38.047867 0.344488, 58.132737 -38.035371 0.344488,
58.11171 -38.024871 0.344488, 58.084778 -38.013856 0.344488,
58.039848 -37.994864 0.344488, 58.024648 -37.986162 0.344488,
58.01588 -37.978325 0.344488, 58.010546 -37.968982 0.344488,
58.249426 -37.882671 0.344488, 58.206996 -37.901975 0.344488,
58.206996 -37.925125 0.344488, 58.248873 -37.925125 0.344488,
58.248873 -38.097081 0.344488, 58.25044 -38.120795 0.344488,
58.254658 -38.138972 0.344488, 58.260989 -38.152757 0.344488,
58.270099 -38.164872 0.344488, 58.280617 -38.174041 0.344488,
58.292697 -38.180594 0.344488, 58.312922 -38.186536 0.344488,
58.335415 -38.188576 0.344488, 58.362965 -38.1861 0.344488,
58.376409 -38.183055 0.344488, 58.385033 -38.179753 0.344488,
58.385033 -38.142828 0.344488, 58.366282 -38.146963 0.344488,
58.343685 -38.148886 0.344488, 58.330631 -38.147379 0.344488,
58.319675 -38.143065 0.344488, 58.310342 -38.135953 0.344488,
58.30351 -38.126483 0.344488, 58.299048 -38.11353 0.344488,
58.297385 -38.095975 0.344488, 58.297385 -37.925125 0.344488,
58.382822 -37.925125 0.344488, 58.382822 -37.887647 0.344488,
58.297385 -37.887647 0.344488, 58.297385 -37.819831 0.344488,
58.26873 -37.819831 0.344488, 59.096374 -37.817354 0.344488,
59.079632 -37.80272 0.344488, 59.060385 -37.792232 0.344488,
59.038139 -37.785737 0.344488, 59.012204 -37.783459 0.344488,
58.988848 -37.785116 0.344488, 58.96882 -37.789811 0.344488,
58.951581 -37.797276 0.344488, 58.936695 -37.807451 0.344488,
58.919895 -37.825052 0.344488, 58.905982 -37.847769 0.344488,
58.895083 -37.876613 0.344488, 58.888195 -37.907006 0.344488,
58.883727 -37.943102 0.344488, 58.882125 -37.985753 0.344488,
58.884471 -38.034556 0.344488, 58.890956 -38.07483 0.344488,
58.900894 -38.107879 0.344488, 58.913809 -38.134847 0.344488,
58.928017 -38.154329 0.344488, 58.94458 -38.169097 0.344488,
58.963752 -38.179691 0.344488, 58.98605 -38.186265 0.344488,
59.012204 -38.188576 0.344488, 59.035861 -38.186897 0.344488,
59.056066 -38.182146 0.344488, 59.073383 -38.174606 0.344488,
59.088265 -38.164344 0.344488, 59.105098 -38.146566 0.344488,
59.119109 -38.123656 0.344488, 59.130166 -38.094605 0.344488,
59.137213 -38.064012 0.344488, 59.141763 -38.027991 0.344488,
59.143388 -37.985753 0.344488, 59.140972 -37.93665 0.344488,
59.134306 -37.896318 0.344488, 59.124106 -37.863387 0.344488,
59.110863 -37.836659 0.344488, 59.094347 -37.985753 0.344488,
59.092843 -38.02834 0.344488, 59.088789 -38.061792 0.344488,
59.082791 -38.087651 0.344488, 59.075332 -38.107298 0.344488,
59.06398 -38.125102 0.344488, 59.050028 -38.137272 0.344488,
59.033078 -38.144651 0.344488, 59.012204 -38.147252 0.344488,
58.991074 -38.144617 0.344488, 58.97407 -38.137168 0.344488,
58.960218 -38.124916 0.344488, 58.9491 -38.107009 0.344488,
58.939728 -38.079372 0.344488, 58.933159 -38.040067 0.344488,
58.930637 -37.985753 0.344488, 58.933154 -37.931807 0.344488,
58.939719 -37.892665 0.344488, 58.9491 -37.86505 0.344488,
58.960218 -37.847143 0.344488, 58.97407 -37.834892 0.344488,
58.991074 -37.827442 0.344488, 59.012204 -37.824808 0.344488,
59.033057 -37.827421 0.344488, 59.050002 -37.834843 0.344488,
59.063963 -37.847097 0.344488, 59.075332 -37.86505 0.344488,
59.082818 -37.884826 0.344488, 59.088814 -37.910639 0.344488,
59.092853 -37.943795 0.344488, 56.921259 -37.885989 0.344488,
56.869454 -37.902528 0.344488, 56.869454 -37.925125 0.344488,
56.921259 -37.925125 0.344488, 56.921259 -38.183071 0.344488,
56.969771 -38.183071 0.344488, 56.969771 -37.925125 0.344488,
57.044174 -37.925125 0.344488, 57.044174 -37.887647 0.344488,
56.969771 -37.887647 0.344488, 56.969771 -37.868344 0.344488,
56.971367 -37.845351 0.344488, 56.97554 -37.828893 0.344488,
56.981622 -37.81738 0.344488, 56.990639 -37.808518 0.344488,
57.00238 -37.803067 0.344488, 57.01773 -37.801105 0.344488,
57.041409 -37.803869 0.344488, 57.061819 -37.809374 0.344488,
57.074488 -37.771344 0.344488, 57.049414 -37.764444 0.344488,
57.034392 -37.762205 0.344488, 57.017177 -37.761415 0.344488,
56.994701 -37.763164 0.344488, 56.975856 -37.768083 0.344488,
56.959993 -37.775876 0.344488, 56.946621 -37.786513 0.344488,
56.936339 -37.79968 0.344488, 56.928433 -37.817054 0.344488,
56.923195 -37.839687 0.344488, 56.921259 -37.868896 0.344488,
59.392178 -37.800119 0.344488, 59.372528 -37.791455 0.344488,
59.349282 -37.785964 0.344488, 59.321714 -37.784013 0.344488,
59.297021 -37.785583 0.344488, 59.274621 -37.790135 0.344488,
59.254187 -37.797523 0.344488, 59.225592 -37.812654 0.344488,
59.201011 -37.830313 0.344488, 59.226926 -37.862839 0.344488,
59.249832 -37.846807 0.344488, 59.271279 -37.835289 0.344488,
59.294209 -37.827956 0.344488, 59.321714 -37.825361 0.344488,
59.341669 -37.827369 0.344488, 59.358141 -37.833035 0.344488,
59.371861 -37.842165 0.344488, 59.382281 -37.854599 0.344488,
59.388804 -37.870666 0.344488, 59.391165 -37.891494 0.344488,
59.388499 -37.917138 0.344488, 59.380683 -37.940294 0.344488,
59.368185 -37.962152 0.344488, 59.349817 -37.985753 0.344488,
59.29967 -38.038665 0.344488, 59.196612 -38.142828 0.344488,
59.196612 -38.183071 0.344488, 59.456769 -38.183071 0.344488,
59.456769 -38.138982 0.344488, 59.257793 -38.138982 0.344488,
59.257793 -38.13677 0.344488, 59.339912 -38.055757 0.344488,
59.368998 -38.026148 0.344488, 59.392824 -37.999817 0.344488,
59.413267 -37.972918 0.344488, 59.42809 -37.946617 0.344488,
59.43512 -37.928245 0.344488, 59.439352 -37.909021 0.344488,
59.440783 -37.888729 0.344488, 59.43862 -37.864658 0.344488,
59.43248 -37.844254 0.344488, 59.422595 -37.826816 0.344488,
59.40881 -37.81185 0.344488, 53.748695 -37.95159 0.344488,
53.735911 -37.938806 0.344488, 53.726871 -37.937008 0.344488,
53.52116 -37.937008 0.344488, 53.51212 -37.938806 0.344488,
53.499336 -37.95159 0.344488, 53.499336 -37.96967 0.344488,
53.51212 -37.982454 0.344488, 53.52116 -37.984252 0.344488,
53.726871 -37.984252 0.344488, 53.735911 -37.982454 0.344488,
53.748695 -37.96967 0.344488, 61.874679 -37.70159 0.344488,
61.861895 -37.688806 0.344488, 61.852855 -37.687008 0.344488,
61.647145 -37.687008 0.344488, 61.638105 -37.688806 0.344488,
61.625321 -37.70159 0.344488, 61.625321 -37.71967 0.344488,
61.638105 -37.732454 0.344488, 61.647145 -37.734252 0.344488,
61.852855 -37.734252 0.344488, 61.861895 -37.732454 0.344488,
61.874679 -37.71967 0.344488, 53.750663 -37.363677 0.344488,
53.737879 -37.350893 0.344488, 53.728839 -37.349094 0.344488,
53.523129 -37.349094 0.344488, 53.514089 -37.350893 0.344488,
53.501305 -37.363677 0.344488, 53.501305 -37.381756 0.344488,
53.514089 -37.394541 0.344488, 53.523129 -37.396339 0.344488,
53.728839 -37.396339 0.344488, 53.737879 -37.394541 0.344488,
53.750663 -37.381756 0.344488, 52.20728 -36.904072 0.344488,
52.205422 -36.906335 0.344488, 52.204832 -36.906847 0.344488,
52.204272 -36.907737 0.344488, 52.203608 -36.908546 0.344488,
52.203309 -36.909266 0.344488, 52.201749 -36.911746 0.344488,
52.183001 -36.949241 0.344488, 52.18284 -36.949662 0.344488,
52.182713 -36.949834 0.344488, 52.181848 -36.952253 0.344488,
52.180932 -36.954648 0.344488, 52.180917 -36.95486 0.344488,
52.180765 -36.955285 0.344488, 52.162018 -37.030276 0.344488,
52.16187 -37.031274 0.344488, 52.161704 -37.031676 0.344488,
52.16149 -37.033846 0.344488, 52.161171 -37.036002 0.344488,
52.161235 -37.036431 0.344488, 52.161136 -37.037437 0.344488,
52.161136 -37.09368 0.344488, 52.161235 -37.094685 0.344488,
52.161171 -37.095115 0.344488, 52.16149 -37.09727 0.344488,
52.161704 -37.099441 0.344488, 52.16187 -37.099843 0.344488,
52.162018 -37.100841 0.344488, 52.180765 -37.175832 0.344488,
52.180917 -37.176257 0.344488, 52.180932 -37.176469 0.344488,
52.181848 -37.178863 0.344488, 52.182713 -37.181283 0.344488,
52.18284 -37.181454 0.344488, 52.183001 -37.181876 0.344488,
52.201749 -37.219371 0.344488, 52.203309 -37.22185 0.344488,
52.203607 -37.22257 0.344488, 52.204272 -37.22338 0.344488,
52.204832 -37.22427 0.344488, 52.205422 -37.224781 0.344488,
52.20728 -37.227045 0.344488, 52.244775 -37.264541 0.344488,
52.24925 -37.268213 0.344488, 52.25023 -37.268619 0.344488,
52.251031 -37.269314 0.344488, 52.256317 -37.271674 0.344488,
52.312559 -37.290421 0.344488, 52.315416 -37.29107 0.344488,
52.316137 -37.291369 0.344488, 52.317181 -37.291472 0.344488,
52.318204 -37.291705 0.344488, 52.318981 -37.291649 0.344488,
52.321897 -37.291937 0.344488, 52.359393 -37.291937 0.344488,
52.362308 -37.291649 0.344488, 52.363085 -37.291705 0.344488,
52.364108 -37.291472 0.344488, 52.365153 -37.291369 0.344488,
52.365874 -37.29107 0.344488, 52.36873 -37.290421 0.344488,
52.424973 -37.271674 0.344488, 52.430258 -37.269314 0.344488,
52.431059 -37.268619 0.344488, 52.43204 -37.268213 0.344488,
52.436515 -37.26454 0.344488, 52.455262 -37.245793 0.344488,
52.458935 -37.241318 0.344488, 52.463343 -37.230674 0.344488,
52.463343 -37.219153 0.344488, 52.458934 -37.208509 0.344488,
52.450787 -37.200362 0.344488, 52.440143 -37.195953 0.344488,
52.428622 -37.195953 0.344488, 52.417978 -37.200362 0.344488,
52.413504 -37.204035 0.344488, 52.399685 -37.217853 0.344488,
52.354601 -37.232881 0.344488, 52.326689 -37.232881 0.344488,
52.281605 -37.217854 0.344488, 52.252426 -37.188675 0.344488,
52.237271 -37.158365 0.344488, 52.220191 -37.090044 0.344488,
52.220191 -37.041072 0.344488, 52.237271 -36.972752 0.344488,
52.252426 -36.942442 0.344488, 52.281605 -36.913264 0.344488,
52.326689 -36.898236 0.344488, 52.354601 -36.898236 0.344488,
52.399685 -36.913264 0.344488, 52.413504 -36.927083 0.344488,
52.417978 -36.930755 0.344488, 52.428622 -36.935164 0.344488,
52.440143 -36.935164 0.344488, 52.450787 -36.930755 0.344488,
52.458934 -36.922608 0.344488, 52.463343 -36.911964 0.344488,
52.463343 -36.900443 0.344488, 52.458934 -36.889799 0.344488,
52.455262 -36.885324 0.344488, 52.436515 -36.866577 0.344488,
52.43204 -36.862905 0.344488, 52.431059 -36.862498 0.344488,
52.430258 -36.861804 0.344488, 52.424973 -36.859444 0.344488,
52.36873 -36.840696 0.344488, 52.365874 -36.840046 0.344488,
52.365153 -36.839748 0.344488, 52.364108 -36.839645 0.344488,
52.363085 -36.839413 0.344488, 52.362308 -36.839468 0.344488,
52.359393 -36.839181 0.344488, 52.321897 -36.839181 0.344488,
52.318981 -36.839468 0.344488, 52.318204 -36.839413 0.344488,
52.317181 -36.839645 0.344488, 52.316137 -36.839748 0.344488,
52.315416 -36.840046 0.344488, 52.312559 -36.840696 0.344488,
52.256317 -36.859444 0.344488, 52.251031 -36.861804 0.344488,
52.25023 -36.862498 0.344488, 52.24925 -36.862904 0.344488,
52.244775 -36.866577 0.344488, 52.809336 -36.839181 0.344488,
52.565617 -36.839181 0.344488, 52.559856 -36.839748 0.344488,
52.549212 -36.844157 0.344488, 52.541066 -36.852304 0.344488,
52.536657 -36.862948 0.344488, 52.536657 -36.874469 0.344488,
52.541066 -36.885113 0.344488, 52.549212 -36.893259 0.344488,
52.559856 -36.897669 0.344488, 52.565617 -36.898236 0.344488,
52.744265 -36.898236 0.344488, 52.655881 -36.999245 0.344488,
52.654101 -37.001735 0.344488, 52.653552 -37.002285 0.344488,
52.653335 -37.002806 0.344488, 52.652515 -37.003954 0.344488,
52.650978 -37.008496 0.344488, 52.649143 -37.012929 0.344488,
52.649143 -37.013925 0.344488, 52.648824 -37.014868 0.344488,
52.649143 -37.019653 0.344488, 52.649143 -37.02445 0.344488,
52.649523 -37.02537 0.344488, 52.64959 -37.026363 0.344488,
52.651717 -37.030665 0.344488, 52.653552 -37.035094 0.344488,
52.654255 -37.035797 0.344488, 52.654697 -37.036691 0.344488,
52.658308 -37.03985 0.344488, 52.661698 -37.043241 0.344488,
52.662618 -37.043622 0.344488, 52.663368 -37.044278 0.344488,
52.66791 -37.045813 0.344488, 52.672342 -37.04765 0.344488,
52.673748 -37.047788 0.344488, 52.674281 -37.047969 0.344488,
52.675056 -37.047917 0.344488, 52.678103 -37.048217 0.344488,
52.727375 -37.048217 0.344488, 52.75435 -37.061704 0.344488,
52.766321 -37.073676 0.344488, 52.779809 -37.10065 0.344488,
52.779809 -37.180448 0.344488, 52.766321 -37.207422 0.344488,
52.75435 -37.219394 0.344488, 52.727375 -37.232881 0.344488,
52.62883 -37.232881 0.344488, 52.601856 -37.219394 0.344488,
52.586496 -37.204035 0.344488, 52.582022 -37.200362 0.344488,
52.571378 -37.195953 0.344488, 52.559857 -37.195953 0.344488,
52.549213 -37.200362 0.344488, 52.541066 -37.208509 0.344488,
52.536657 -37.219153 0.344488, 52.536657 -37.230674 0.344488,
52.541065 -37.241318 0.344488, 52.544737 -37.245792 0.344488,
52.563485 -37.26454 0.344488, 52.565748 -37.266398 0.344488,
52.566261 -37.266988 0.344488, 52.56715 -37.267548 0.344488,
52.56796 -37.268213 0.344488, 52.568679 -37.268511 0.344488,
52.571159 -37.270072 0.344488, 52.608655 -37.288819 0.344488,
52.614061 -37.290888 0.344488, 52.615119 -37.290963 0.344488,
52.616099 -37.291369 0.344488, 52.62186 -37.291937 0.344488,
52.734346 -37.291937 0.344488, 52.740106 -37.291369 0.344488,
52.741086 -37.290963 0.344488, 52.742144 -37.290888 0.344488,
52.747551 -37.288819 0.344488, 52.785046 -37.270072 0.344488,
52.787526 -37.268511 0.344488, 52.788246 -37.268213 0.344488,
52.789055 -37.267548 0.344488, 52.789945 -37.266988 0.344488,
52.790457 -37.266398 0.344488, 52.79272 -37.26454 0.344488,
52.811468 -37.245793 0.344488, 52.813325 -37.243529 0.344488,
52.813915 -37.243017 0.344488, 52.814475 -37.242128 0.344488,
52.81514 -37.241318 0.344488, 52.815438 -37.240597 0.344488,
52.816999 -37.238119 0.344488, 52.835746 -37.200623 0.344488,
52.837815 -37.195217 0.344488, 52.837891 -37.194158 0.344488,
52.838296 -37.193179 0.344488, 52.838864 -37.187418 0.344488,
52.838864 -37.09368 0.344488, 52.838296 -37.087919 0.344488,
52.837891 -37.086939 0.344488, 52.837815 -37.085881 0.344488,
52.835746 -37.080475 0.344488, 52.816999 -37.04298 0.344488,
52.815438 -37.040499 0.344488, 52.81514 -37.03978 0.344488,
52.814475 -37.03897 0.344488, 52.813915 -37.038081 0.344488,
52.813325 -37.037569 0.344488, 52.811468 -37.035306 0.344488,
52.79272 -37.016558 0.344488, 52.790456 -37.0147 0.344488,
52.789945 -37.01411 0.344488, 52.789055 -37.01355 0.344488,
52.788246 -37.012886 0.344488, 52.787526 -37.012587 0.344488,
52.785046 -37.011027 0.344488, 52.747551 -36.992279 0.344488,
52.742229 -36.990243 0.344488, 52.831558 -36.888152 0.344488,
52.833338 -36.885662 0.344488, 52.833887 -36.885113 0.344488,
52.834103 -36.884592 0.344488, 52.834924 -36.883443 0.344488,
52.83646 -36.878901 0.344488, 52.838296 -36.874469 0.344488,
52.838296 -36.873472 0.344488, 52.838615 -36.87253 0.344488,
52.838296 -36.867744 0.344488, 52.838296 -36.862948 0.344488,
52.837915 -36.862028 0.344488, 52.837849 -36.861034 0.344488,
52.835722 -36.856733 0.344488, 52.833887 -36.852304 0.344488,
52.833184 -36.8516 0.344488, 52.832742 -36.850707 0.344488,
52.829131 -36.847547 0.344488, 52.825741 -36.844157 0.344488,
52.824821 -36.843776 0.344488, 52.824071 -36.84312 0.344488,
52.819529 -36.841584 0.344488, 52.815097 -36.839748 0.344488,
52.813691 -36.839609 0.344488, 52.813157 -36.839429 0.344488,
52.812383 -36.839481 0.344488, 60.01659 -37.153309 0.344488,
60.015252 -37.140126 0.344488, 60.01173 -37.130933 0.344488,
60.006397 -37.124654 0.344488, 59.995304 -37.118499 0.344488,
59.981853 -37.116385 0.344488, 59.968944 -37.118486 0.344488,
59.95815 -37.124654 0.344488, 59.952983 -37.130907 0.344488,
59.949553 -37.140097 0.344488, 59.948245 -37.153309 0.344488,
59.949526 -37.166149 0.344488, 59.952937 -37.175394 0.344488,
59.95815 -37.181965 0.344488, 59.968985 -37.188561 0.344488,
59.981853 -37.190787 0.344488, 59.995263 -37.188546 0.344488,
60.006397 -37.181965 0.344488, 60.011776 -37.175369 0.344488,
60.015279 -37.166121 0.344488, 55.711954 -36.884883 0.344488,
55.714108 -36.86848 0.344488, 55.720303 -36.854831 0.344488,
55.730681 -36.84327 0.344488, 55.744093 -36.835016 0.344488,
55.762184 -36.829575 0.344488, 55.786357 -36.827548 0.344488,
55.811926 -36.829086 0.344488, 55.836239 -36.83363 0.344488,
55.859633 -36.840481 0.344488, 55.880617 -36.848511 0.344488,
55.89605 -36.806057 0.344488, 55.873186 -36.797253 0.344488,
55.846985 -36.790094 0.344488, 55.819222 -36.785596 0.344488,
55.787463 -36.784013 0.344488, 55.763081 -36.785448 0.344488,
55.741433 -36.789562 0.344488, 55.722147 -36.796152 0.344488,
55.704257 -36.805593 0.344488, 55.689606 -36.817057 0.344488,
55.677794 -36.830601 0.344488, 55.669049 -36.846163 0.344488,
55.663678 -36.863899 0.344488, 55.661807 -36.88433 0.344488,
55.663578 -36.907048 0.344488, 55.66858 -36.926272 0.344488,
55.676537 -36.942614 0.344488, 55.687434 -36.956545 0.344488,
55.705842 -36.972265 0.344488, 55.730643 -36.987202 0.344488,
55.763207 -37.001187 0.344488, 55.796878 -37.014274 0.344488,
55.819147 -37.025154 0.344488, 55.837025 -37.03757 0.344488,
55.847538 -37.049699 0.344488, 55.853627 -37.063999 0.344488,
55.855807 -37.0822 0.344488, 55.853253 -37.100572 0.344488,
55.845895 -37.115741 0.344488, 55.833475 -37.128501 0.344488,
55.817649 -37.137415 0.344488, 55.796086 -37.143363 0.344488,
55.767077 -37.145593 0.344488, 55.736012 -37.143787 0.344488,
55.706161 -37.138429 0.344488, 55.678015 -37.130499 0.344488,
55.656831 -37.122443 0.344488, 55.656831 -37.169849 0.344488,
55.676933 -37.177411 0.344488, 55.703685 -37.183624 0.344488,
55.732465 -37.187291 0.344488, 55.764865 -37.188576 0.344488,
55.797315 -37.186508 0.344488, 55.824707 -37.180702 0.344488,
55.847846 -37.17159 0.344488, 55.867394 -37.159368 0.344488,
55.883977 -37.143385 0.344488, 55.895694 -37.124848 0.344488,
55.9029 -37.10325 0.344488, 55.905425 -37.077801 0.344488,
55.903915 -37.057538 0.344488, 55.899684 -37.040654 0.344488,
55.893021 -37.026548 0.344488, 55.883732 -37.013894 0.344488,
55.871721 -37.002242 0.344488, 55.856625 -36.991547 0.344488,
55.831035 -36.977915 0.344488, 55.797944 -36.964262 0.344488,
55.767795 -36.951879 0.344488, 55.74722 -36.941665 0.344488,
55.730554 -36.930007 0.344488, 55.720224 -36.917961 0.344488,
55.71415 -36.903572 0.344488, 56.174022 -36.91112 0.344488,
56.157313 -36.898657 0.344488, 56.138476 -36.889666 0.344488,
56.116895 -36.884076 0.344488, 56.091997 -36.882118 0.344488,
56.066457 -36.884293 0.344488, 56.043754 -36.890585 0.344488,
56.023364 -36.900869 0.344488, 56.005394 -36.91493 0.344488,
55.990189 -36.932592 0.344488, 55.977617 -36.954333 0.344488,
55.968866 -36.978013 0.344488, 55.963325 -37.005529 0.344488,
55.963288 -37.006139 0.344488, 55.961366 -37.037559 0.344488,
55.963535 -37.069876 0.344488, 55.969644 -37.097263 0.344488,
55.979275 -37.12052 0.344488, 55.99298 -37.141465 0.344488,
56.009613 -37.15832 0.344488, 56.029422 -37.171507 0.344488,
56.051511 -37.180833 0.344488, 56.076068 -37.186583 0.344488,
56.10356 -37.188576 0.344488, 56.132852 -37.18731 0.344488,
56.155943 -37.183888 0.344488, 56.177874 -37.17799 0.344488,
56.200584 -37.169296 0.344488, 56.200584 -37.126842 0.344488,
56.177441 -37.135711 0.344488, 56.155654 -37.142011 0.344488,
56.13305 -37.145862 0.344488, 56.105772 -37.147252 0.344488,
56.083954 -37.145444 0.344488, 56.065646 -37.140348 0.344488,
56.050199 -37.132235 0.344488, 56.037139 -37.121072 0.344488,
56.026879 -37.107396 0.344488, 56.019048 -37.090568 0.344488,
56.013796 -37.069945 0.344488, 56.011512 -37.044722 0.344488,
56.213806 -37.044722 0.344488, 56.213806 -37.015514 0.344488,
56.212072 -36.989008 0.344488, 56.207119 -36.965747 0.344488,
56.19919 -36.945246 0.344488, 56.187919 -36.926535 0.344488,
56.163106 -37.006139 0.344488, 56.012618 -37.006139 0.344488,
56.017335 -36.980428 0.344488, 56.025444 -36.960109 0.344488,
56.03661 -36.944141 0.344488, 56.051339 -36.931917 0.344488,
56.069294 -36.924449 0.344488, 56.091444 -36.921808 0.344488,
56.109665 -36.923462 0.344488, 56.124285 -36.928055 0.344488,
56.136048 -36.935292 0.344488, 56.145461 -36.945246 0.344488,
56.154704 -36.961667 0.344488, 56.160704 -36.981681 0.344488,
56.65664 -36.957627 0.344488, 56.658351 -36.947472 0.344488,
56.66341 -36.938901 0.344488, 56.672338 -36.931472 0.344488,
56.683284 -36.926459 0.344488, 56.698091 -36.923078 0.344488,
56.717821 -36.921808 0.344488, 56.73908 -36.923196 0.344488,
56.759698 -36.927337 0.344488, 56.798859 -36.940559 0.344488,
56.815398 -36.901975 0.344488, 56.79441 -36.893693 0.344488,
56.77155 -36.887359 0.344488, 56.747611 -36.883467 0.344488,
56.721139 -36.882118 0.344488, 56.688598 -36.884641 0.344488,
56.662254 -36.891631 0.344488, 56.640919 -36.902528 0.344488,
56.627406 -36.913933 0.344488, 56.618025 -36.92711 0.344488,
56.612327 -36.942396 0.344488, 56.61034 -36.960391 0.344488,
56.611678 -36.976229 0.344488, 56.615423 -36.98928 0.344488,
56.62135 -37.000081 0.344488, 56.634327 -37.01408 0.344488,
56.65277 -37.026548 0.344488, 56.674347 -37.037162 0.344488,
56.701835 -37.048593 0.344488, 56.729216 -37.059737 0.344488,
56.746765 -37.068426 0.344488, 56.760794 -37.077859 0.344488,
56.768521 -37.086071 0.344488, 56.773072 -37.095407 0.344488,
56.774603 -37.105904 0.344488, 56.77275 -37.118285 0.344488,
56.767348 -37.128672 0.344488, 56.758064 -37.137588 0.344488,
56.746341 -37.143619 0.344488, 56.729134 -37.147817 0.344488,
56.7046 -37.149439 0.344488, 56.678923 -37.147586 0.344488,
56.653611 -37.142011 0.344488, 56.629601 -37.133912 0.344488,
56.610893 -37.125736 0.344488, 56.610893 -37.169849 0.344488,
56.628857 -37.177552 0.344488, 56.650294 -37.183624 0.344488,
56.673708 -37.187237 0.344488, 56.703494 -37.188576 0.344488,
56.730816 -37.186998 0.344488, 56.753833 -37.182582 0.344488,
56.773202 -37.175691 0.344488, 56.789483 -37.166531 0.344488,
56.803409 -37.154271 0.344488, 56.813243 -37.139696 0.344488,
56.819314 -37.122354 0.344488, 56.821456 -37.101504 0.344488,
56.820192 -37.086005 0.344488, 56.816632 -37.073026 0.344488,
56.810975 -37.062103 0.344488, 56.798502 -37.047867 0.344488,
56.780661 -37.035371 0.344488, 56.759634 -37.024871 0.344488,
56.732702 -37.013856 0.344488, 56.687772 -36.994864 0.344488,
56.672572 -36.986162 0.344488, 56.663804 -36.978325 0.344488,
56.65847 -36.968982 0.344488, 57.103249 -36.91363 0.344488,
57.084474 -36.900052 0.344488, 57.06343 -36.890237 0.344488,
57.03999 -36.884206 0.344488, 57.013653 -36.882118 0.344488,
56.982444 -36.884807 0.344488, 56.955854 -36.892451 0.344488,
56.933024 -36.904738 0.344488, 56.913336 -36.921808 0.344488,
56.897877 -36.94256 0.344488, 56.886387 -36.967678 0.344488,
56.879043 -36.998048 0.344488, 56.876411 -37.034794 0.344488,
56.878538 -37.067126 0.344488, 56.884543 -37.094714 0.344488,
56.894032 -37.118308 0.344488, 56.90749 -37.139774 0.344488,
56.923511 -37.157071 0.344488, 56.942256 -37.170666 0.344488,
56.963299 -37.180506 0.344488, 56.986396 -37.18651 0.344488,
57.011994 -37.188576 0.344488, 57.043166 -37.185861 0.344488,
57.069794 -37.178133 0.344488, 57.092729 -37.165687 0.344488,
57.112576 -37.148357 0.344488, 57.128186 -37.127322 0.344488,
57.139765 -37.101996 0.344488, 57.147148 -37.071517 0.344488,
57.14979 -37.034794 0.344488, 57.147683 -37.002461 0.344488,
57.141757 -36.97508 0.344488, 57.132433 -36.951857 0.344488,
57.119176 -36.930756 0.344488, 57.099643 -37.034794 0.344488,
57.097009 -37.069192 0.344488, 57.089794 -37.09637 0.344488,
57.07868 -37.117779 0.344488, 57.067026 -37.130903 0.344488,
57.052639 -37.140322 0.344488, 57.034956 -37.146239 0.344488,
57.0131 -37.148357 0.344488, 56.990941 -37.146225 0.344488,
56.973135 -37.140287 0.344488, 56.958764 -37.130867 0.344488,
56.947231 -37.117779 0.344488, 56.936279 -37.096392 0.344488,
56.929159 -37.069214 0.344488, 56.926557 -37.034794 0.344488,
56.929143 -37.000366 0.344488, 56.936182 -36.973511 0.344488,
56.946943 -36.952675 0.344488, 56.9583 -36.93999 0.344488,
56.972553 -36.930815 0.344488, 56.990322 -36.925006 0.344488,
57.012547 -36.922913 0.344488, 57.034767 -36.924997 0.344488,
57.052642 -36.930796 0.344488, 57.06708 -36.939974 0.344488,
57.07868 -36.952675 0.344488, 57.089763 -36.973556 0.344488,
57.096992 -37.000411 0.344488, 57.858863 -37.149992 0.344488,
57.872689 -37.130015 0.344488, 57.883183 -37.105015 0.344488,
57.890013 -37.073904 0.344488, 57.892495 -37.035347 0.344488,
57.890025 -36.996759 0.344488, 57.883238 -36.965699 0.344488,
57.872825 -36.940812 0.344488, 57.859128 -36.920991 0.344488,
57.841179 -36.904287 0.344488, 57.820817 -36.892456 0.344488,
57.797557 -36.8852 0.344488, 57.770686 -36.882671 0.344488,
57.747797 -36.884245 0.344488, 57.729122 -36.888604 0.344488,
57.713904 -36.895364 0.344488, 57.693952 -36.909776 0.344488,
57.679191 -36.92676 0.344488, 57.676426 -36.92676 0.344488,
57.67835 -36.901158 0.344488, 57.679191 -36.866132 0.344488,
57.679191 -36.76418 0.344488, 57.630679 -36.76418 0.344488,
57.630679 -37.033712 0.344488, 57.630679 -37.183071 0.344488,
57.665392 -37.183071 0.344488, 57.67532 -37.145593 0.344488,
57.679191 -37.145593 0.344488, 57.693864 -37.161696 0.344488,
57.713904 -37.175907 0.344488, 57.72912 -37.182654 0.344488,
57.747795 -37.187005 0.344488, 57.770686 -37.188576 0.344488,
57.797242 -37.186047 0.344488, 57.82037 -37.178768 0.344488,
57.840757 -37.16686 0.344488, 57.842324 -37.034794 0.344488,
57.839776 -37.071204 0.344488, 57.832957 -37.098675 0.344488,
57.822756 -37.119149 0.344488, 57.811822 -37.131833 0.344488,
57.798646 -37.140815 0.344488, 57.782787 -37.146383 0.344488,
57.763522 -37.148357 0.344488, 57.739361 -37.146209 0.344488,
57.721052 -37.140395 0.344488, 57.707265 -37.131469 0.344488,
57.6971 -37.119414 0.344488, 57.687802 -37.099256 0.344488,
57.681539 -37.072061 0.344488, 57.679191 -37.0359 0.344488,
57.679191 -37.033712 0.344488, 57.681645 -36.996003 0.344488,
57.688057 -36.968924 0.344488, 57.697365 -36.949934 0.344488,
57.707524 -36.938707 0.344488, 57.721123 -36.930359 0.344488,
57.739015 -36.924919 0.344488, 57.762416 -36.922913 0.344488,
57.78331 -36.925126 0.344488, 57.800254 -36.931338 0.344488,
57.814126 -36.941352 0.344488, 57.825431 -36.955563 0.344488,
57.834228 -36.974906 0.344488, 57.840124 -37.000748 0.344488,
58.179841 -36.91363 0.344488, 58.161066 -36.900052 0.344488,
58.140022 -36.890237 0.344488, 58.116582 -36.884206 0.344488,
58.090245 -36.882118 0.344488, 58.059036 -36.884807 0.344488,
58.032446 -36.892451 0.344488, 58.009615 -36.904738 0.344488,
57.989928 -36.921808 0.344488, 57.974469 -36.94256 0.344488,
57.962978 -36.967678 0.344488, 57.955635 -36.998048 0.344488,
57.953002 -37.034794 0.344488, 57.95513 -37.067126 0.344488,
57.961135 -37.094714 0.344488, 57.970624 -37.118308 0.344488,
57.984081 -37.139774 0.344488, 58.000103 -37.157071 0.344488,
58.018847 -37.170666 0.344488, 58.039891 -37.180506 0.344488,
58.062987 -37.18651 0.344488, 58.088586 -37.188576 0.344488,
58.119757 -37.185861 0.344488, 58.146386 -37.178133 0.344488,
58.16932 -37.165687 0.344488, 58.189168 -37.148357 0.344488,
58.204778 -37.127322 0.344488, 58.216356 -37.101996 0.344488,
58.22374 -37.071517 0.344488, 58.226381 -37.034794 0.344488,
58.224275 -37.002461 0.344488, 58.218349 -36.97508 0.344488,
58.209025 -36.951857 0.344488, 58.195768 -36.930756 0.344488,
58.176235 -37.034794 0.344488, 58.173601 -37.069192 0.344488,
58.166386 -37.09637 0.344488, 58.155272 -37.117779 0.344488,
58.143617 -37.130903 0.344488, 58.129231 -37.140322 0.344488,
58.111548 -37.146239 0.344488, 58.089692 -37.148357 0.344488,
58.067532 -37.146225 0.344488, 58.049727 -37.140287 0.344488,
58.035356 -37.130867 0.344488, 58.023823 -37.117779 0.344488,
58.01287 -37.096392 0.344488, 58.00575 -37.069214 0.344488,
58.003149 -37.034794 0.344488, 58.005735 -37.000366 0.344488,
58.012774 -36.973511 0.344488, 58.023535 -36.952675 0.344488,
58.034892 -36.93999 0.344488, 58.049145 -36.930815 0.344488,
58.066914 -36.925006 0.344488, 58.089139 -36.922913 0.344488,
58.111358 -36.924997 0.344488, 58.129233 -36.930796 0.344488,
58.143671 -36.939974 0.344488, 58.155272 -36.952675 0.344488,
58.166355 -36.973556 0.344488, 58.173583 -37.000411 0.344488,
58.472956 -37.005033 0.344488, 58.422785 -37.006692 0.344488,
58.385524 -37.009605 0.344488, 58.356177 -37.015308 0.344488,
58.333356 -37.0232 0.344488, 58.315857 -37.032871 0.344488,
58.30059 -37.046203 0.344488, 58.289927 -37.06167 0.344488,
58.283419 -37.079685 0.344488, 58.281144 -37.100951 0.344488,
58.28119 -37.101504 0.344488, 58.283037 -37.12342 0.344488,
58.288274 -37.141424 0.344488, 58.29646 -37.15586 0.344488,
58.307587 -37.167373 0.344488, 58.326251 -37.178917 0.344488,
58.348209 -37.18606 0.344488, 58.374297 -37.188576 0.344488,
58.399169 -37.187078 0.344488, 58.418352 -37.183045 0.344488,
58.432978 -37.177013 0.344488, 58.45308 -37.162825 0.344488,
58.473509 -37.14117 0.344488, 58.475696 -37.14117 0.344488,
58.485072 -37.183071 0.344488, 58.520338 -37.183071 0.344488,
58.520338 -36.981883 0.344488, 58.518419 -36.955763 0.344488,
58.513168 -36.935157 0.344488, 58.505112 -36.918975 0.344488,
58.494424 -36.906374 0.344488, 58.480967 -36.896691 0.344488,
58.46377 -36.889296 0.344488, 58.441972 -36.884446 0.344488,
58.414516 -36.882671 0.344488, 58.38627 -36.884553 0.344488,
58.359393 -36.890124 0.344488, 58.334066 -36.898578 0.344488,
58.313645 -36.908033 0.344488, 58.328526 -36.944405 0.344488,
58.367663 -36.928707 0.344488, 58.389044 -36.923553 0.344488,
58.411775 -36.921808 0.344488, 58.430744 -36.923592 0.344488,
58.445498 -36.928488 0.344488, 58.45697 -36.936135 0.344488,
58.46519 -36.946895 0.344488, 58.470787 -36.963263 0.344488,
58.472956 -36.987412 0.344488, 58.472403 -37.038665 0.344488,
58.472403 -37.065108 0.344488, 58.47063 -37.086507 0.344488,
58.465717 -37.103743 0.344488, 58.458032 -37.117637 0.344488,
58.447594 -37.128789 0.344488, 58.430051 -37.140069 0.344488,
58.409546 -37.147006 0.344488, 58.385307 -37.149439 0.344488,
58.369885 -37.148047 0.344488, 58.357101 -37.144129 0.344488,
58.346435 -37.137876 0.344488, 58.338284 -37.129094 0.344488,
58.333163 -37.117303 0.344488, 58.331291 -37.101504 0.344488,
58.333748 -37.083833 0.344488, 58.340761 -37.069594 0.344488,
58.352517 -37.057944 0.344488, 58.367702 -37.050098 0.344488,
58.391984 -37.043877 0.344488, 58.428843 -37.040323 0.344488,
59.834786 -36.817354 0.344488, 59.818044 -36.80272 0.344488,
59.798796 -36.792232 0.344488, 59.776551 -36.785737 0.344488,
59.750615 -36.783459 0.344488, 59.727259 -36.785116 0.344488,
59.707232 -36.789811 0.344488, 59.689992 -36.797276 0.344488,
59.675107 -36.807451 0.344488, 59.658307 -36.825052 0.344488,
59.644394 -36.847769 0.344488, 59.633494 -36.876613 0.344488,
59.626607 -36.907006 0.344488, 59.622139 -36.943102 0.344488,
59.620537 -36.985753 0.344488, 59.622882 -37.034556 0.344488,
59.629368 -37.07483 0.344488, 59.639306 -37.107879 0.344488,
59.652221 -37.134847 0.344488, 59.666429 -37.154329 0.344488,
59.682991 -37.169097 0.344488, 59.702164 -37.179691 0.344488,
59.724462 -37.186265 0.344488, 59.750615 -37.188576 0.344488,
59.774273 -37.186897 0.344488, 59.794477 -37.182146 0.344488,
59.811795 -37.174606 0.344488, 59.826677 -37.164344 0.344488,
59.84351 -37.146566 0.344488, 59.85752 -37.123656 0.344488,
59.868578 -37.094605 0.344488, 59.875625 -37.064012 0.344488,
59.880174 -37.027991 0.344488, 59.8818 -36.985753 0.344488,
59.879384 -36.93665 0.344488, 59.872718 -36.896318 0.344488,
59.862518 -36.863387 0.344488, 59.849274 -36.836659 0.344488,
59.832759 -36.985753 0.344488, 59.831255 -37.02834 0.344488,
59.827201 -37.061792 0.344488, 59.821203 -37.087651 0.344488,
59.813744 -37.107298 0.344488, 59.802391 -37.125102 0.344488,
59.78844 -37.137272 0.344488, 59.77149 -37.144651 0.344488,
59.750615 -37.147252 0.344488, 59.729485 -37.144617 0.344488,
59.712482 -37.137168 0.344488, 59.69863 -37.124916 0.344488,
59.687511 -37.107009 0.344488, 59.678139 -37.079372 0.344488,
59.671571 -37.040067 0.344488, 59.669049 -36.985753 0.344488,
59.671566 -36.931807 0.344488, 59.67813 -36.892665 0.344488,
59.687511 -36.86505 0.344488, 59.69863 -36.847143 0.344488,
59.712482 -36.834892 0.344488, 59.729485 -36.827442 0.344488,
59.750615 -36.824808 0.344488, 59.771469 -36.827421 0.344488,
59.788414 -36.834843 0.344488, 59.802374 -36.847097 0.344488,
59.813744 -36.86505 0.344488, 59.82123 -36.884826 0.344488,
59.827226 -36.910639 0.344488, 59.831265 -36.943795 0.344488,
60.295651 -36.817435 0.344488, 60.277276 -36.803028 0.344488,
60.256375 -36.792504 0.344488, 60.233919 -36.78617 0.344488,
60.209484 -36.784013 0.344488, 60.18455 -36.785895 0.344488,
60.162667 -36.791293 0.344488, 60.143327 -36.799999 0.344488,
60.126028 -36.812136 0.344488, 60.111487 -36.827276 0.344488,
60.099503 -36.845746 0.344488, 60.09101 -36.866149 0.344488,
60.08568 -36.889657 0.344488, 60.083843 -36.916303 0.344488,
60.083805 -36.916856 0.344488, 60.085989 -36.945125 0.344488,
60.092114 -36.968667 0.344488, 60.101781 -36.988331 0.344488,
60.114936 -37.004769 0.344488, 60.131422 -37.018183 0.344488,
60.150236 -37.02783 0.344488, 60.17183 -37.033807 0.344488,
60.196815 -37.0359 0.344488, 60.22039 -37.034235 0.344488,
60.239694 -37.029611 0.344488, 60.255496 -37.022414 0.344488,
60.27607 -37.007241 0.344488, 60.290498 -36.990152 0.344488,
60.293815 -36.990152 0.344488, 60.291298 -37.021647 0.344488,
60.286099 -37.051069 0.344488, 60.277265 -37.07857 0.344488,
60.264607 -37.101769 0.344488, 60.253651 -37.115174 0.344488,
60.24041 -37.126626 0.344488, 60.224629 -37.136217 0.344488,
60.207446 -37.142956 0.344488, 60.186483 -37.147314 0.344488,
60.160972 -37.148886 0.344488, 60.134817 -37.147015 0.344488,
60.112484 -37.141722 0.344488, 60.112484 -37.183071 0.344488,
60.136452 -37.187206 0.344488, 60.162078 -37.188576 0.344488,
60.198796 -37.186116 0.344488, 60.228811 -37.179303 0.344488,
60.253309 -37.168743 0.344488, 60.275459 -37.153826 0.344488,
60.293709 -37.136158 0.344488, 60.308431 -37.115543 0.344488,
60.320011 -37.092727 0.344488, 60.329024 -37.068002 0.344488,
60.335428 -37.041141 0.344488, 60.341009 -36.999818 0.344488,
60.34288 -36.957627 0.344488, 60.340677 -36.918531 0.344488,
60.33459 -36.886498 0.344488, 60.325235 -36.860363 0.344488,
60.311615 -36.83631 0.344488, 60.293815 -36.925678 0.344488,
60.291204 -36.942788 0.344488, 60.28307 -36.959839 0.344488,
60.270395 -36.974737 0.344488, 60.25302 -36.987124 0.344488,
60.239772 -36.992959 0.344488, 60.224645 -36.996596 0.344488,
60.207273 -36.997869 0.344488, 60.182502 -36.995149 0.344488,
60.163999 -36.987748 0.344488, 60.150226 -36.976113 0.344488,
60.140342 -36.960597 0.344488, 60.134044 -36.941027 0.344488,
60.131764 -36.916303 0.344488, 60.13337 -36.892895 0.344488,
60.13778 -36.874163 0.344488, 60.144557 -36.859232 0.344488,
60.15352 -36.847405 0.344488, 60.169269 -36.834938 0.344488,
60.187657 -36.827424 0.344488, 60.209484 -36.824808 0.344488,
60.227665 -36.826625 0.344488, 60.243085 -36.831808 0.344488,
60.256313 -36.840241 0.344488, 60.272672 -36.857537 0.344488,
60.28444 -36.878825 0.344488, 60.291501 -36.902262 0.344488,
56.496667 -36.897126 0.344488, 56.479156 -36.88914 0.344488,
56.457534 -36.883983 0.344488, 56.430884 -36.882118 0.344488,
56.403428 -36.884951 0.344488, 56.37742 -36.893417 0.344488,
56.361658 -36.90233 0.344488, 56.348521 -36.913747 0.344488,
56.33773 -36.927866 0.344488, 56.33499 -36.927866 0.344488,
56.327826 -36.887647 0.344488, 56.288689 -36.887647 0.344488,
56.288689 -37.183071 0.344488, 56.337202 -37.183071 0.344488,
56.337202 -37.029842 0.344488, 56.339634 -36.995651 0.344488,
56.346152 -36.969804 0.344488, 56.355928 -36.950487 0.344488,
56.366378 -36.93908 0.344488, 56.380478 -36.930556 0.344488,
56.399157 -36.924977 0.344488, 56.42372 -36.922913 0.344488,
56.444819 -36.925084 0.344488, 56.460824 -36.931004 0.344488,
56.472944 -36.940272 0.344488, 56.48188 -36.953172 0.344488,
56.487711 -36.970619 0.344488, 56.489877 -36.994023 0.344488,
56.489877 -37.183071 0.344488, 56.537812 -37.183071 0.344488,
56.537812 -36.990706 0.344488, 56.53578 -36.961656 0.344488,
56.530254 -36.938945 0.344488, 56.521843 -36.921313 0.344488,
56.510792 -36.907769 0.344488, 57.398552 -36.885436 0.344488,
57.381748 -36.88296 0.344488, 57.363839 -36.882118 0.344488,
57.343872 -36.884144 0.344488, 57.326217 -36.890026 0.344488,
57.310374 -36.899763 0.344488, 57.289806 -36.919106 0.344488,
57.27345 -36.941665 0.344488, 57.271238 -36.941665 0.344488,
57.265733 -36.887647 0.344488, 57.226043 -36.887647 0.344488,
57.226043 -37.183071 0.344488, 57.274556 -37.183071 0.344488,
57.274556 -37.025443 0.344488, 57.275949 -37.005876 0.344488,
57.279946 -36.988634 0.344488, 57.286383 -36.973349 0.344488,
57.29532 -36.959371 0.344488, 57.305851 -36.947886 0.344488,
57.318067 -36.938635 0.344488, 57.33173 -36.931696 0.344488,
57.345805 -36.927601 0.344488, 57.360521 -36.926231 0.344488,
57.376772 -36.927337 0.344488, 57.392494 -36.930078 0.344488,
58.784005 -36.885436 0.344488, 58.767202 -36.88296 0.344488,
58.749292 -36.882118 0.344488, 58.729325 -36.884144 0.344488,
58.71167 -36.890026 0.344488, 58.695828 -36.899763 0.344488,
58.675259 -36.919106 0.344488, 58.658903 -36.941665 0.344488,
58.656691 -36.941665 0.344488, 58.651186 -36.887647 0.344488,
58.611496 -36.887647 0.344488, 58.611496 -37.183071 0.344488,
58.660009 -37.183071 0.344488, 58.660009 -37.025443 0.344488,
58.661402 -37.005876 0.344488, 58.665399 -36.988634 0.344488,
58.671836 -36.973349 0.344488, 58.680773 -36.959371 0.344488,
58.691304 -36.947886 0.344488, 58.70352 -36.938635 0.344488,
58.717183 -36.931696 0.344488, 58.731258 -36.927601 0.344488,
58.745974 -36.926231 0.344488, 58.762225 -36.927337 0.344488,
58.777947 -36.930078 0.344488, 59.593853 -36.789518 0.344488,
59.541494 -36.789518 0.344488, 59.453293 -37.040876 0.344488,
59.438413 -37.087176 0.344488, 59.428484 -37.127948 0.344488,
59.418556 -37.087441 0.344488, 59.403699 -37.041958 0.344488,
59.314945 -36.789518 0.344488, 59.263139 -36.789518 0.344488,
59.403699 -37.183071 0.344488, 59.453293 -37.183071 0.344488,
57.56195 -37.013856 0.344488, 57.428554 -37.013856 0.344488,
57.428554 -37.056839 0.344488, 57.56195 -37.056839 0.344488,
61.958832 -37.020488 0.344488, 61.946048 -37.007704 0.344488,
61.937008 -37.005906 0.344488, 61.062992 -37.005906 0.344488,
61.053952 -37.007704 0.344488, 61.041168 -37.020488 0.344488,
61.041168 -37.038567 0.344488, 61.053952 -37.051352 0.344488,
61.062992 -37.05315 0.344488, 61.937008 -37.05315 0.344488,
61.946048 -37.051352 0.344488, 61.958832 -37.038567 0.344488,
53.750663 -36.784937 0.344488, 53.737879 -36.772152 0.344488,
53.728839 -36.770354 0.344488, 53.523129 -36.770354 0.344488,
53.514089 -36.772152 0.344488, 53.501305 -36.784937 0.344488,
53.501305 -36.803016 0.344488, 53.514089 -36.8158 0.344488,
53.523129 -36.817598 0.344488, 53.728839 -36.817598 0.344488,
53.737879 -36.8158 0.344488, 53.750663 -36.803016 0.344488,
57.750998 -36.482517 0.344488, 57.749892 -36.499873 0.344488,
57.749339 -36.518889 0.344488, 57.749339 -36.530476 0.344488,
57.746708 -36.555328 0.344488, 57.739354 -36.575263 0.344488,
57.727559 -36.591369 0.344488, 57.711761 -36.603491 0.344488,
57.692196 -36.611015 0.344488, 57.667772 -36.613701 0.344488,
57.634585 -36.612079 0.344488, 57.605688 -36.607481 0.344488,
57.580532 -36.600233 0.344488, 57.558632 -36.590551 0.344488,
57.558632 -36.635193 0.344488, 57.58684 -36.645095 0.344488,
57.621839 -36.651582 0.344488, 57.665007 -36.653944 0.344488,
57.699301 -36.651571 0.344488, 57.726556 -36.645074 0.344488,
57.748113 -36.635117 0.344488, 57.765037 -36.621971 0.344488,
57.778473 -36.60512 0.344488, 57.788505 -36.584231 0.344488,
57.794964 -36.558433 0.344488, 57.797298 -36.526606 0.344488,
57.797298 -36.22623 0.344488, 57.758714 -36.22623 0.344488,
57.752103 -36.265343 0.344488, 57.749339 -36.265343 0.344488,
57.737356 -36.251377 0.344488, 57.724071 -36.240258 0.344488,
57.709361 -36.231735 0.344488, 57.68489 -36.223543 0.344488,
57.656738 -36.220701 0.344488, 57.62918 -36.22345 0.344488,
57.605661 -36.231313 0.344488, 57.585352 -36.244132 0.344488,
57.567719 -36.262314 0.344488, 57.55422 -36.283721 0.344488,
57.544165 -36.309043 0.344488, 57.537762 -36.339003 0.344488,
57.535482 -36.374483 0.344488, 57.535517 -36.375035 0.344488,
57.537802 -36.41093 0.344488, 57.544267 -36.441165 0.344488,
57.554326 -36.466217 0.344488, 57.567719 -36.48694 0.344488,
57.585261 -36.504415 0.344488, 57.605617 -36.51682 0.344488,
57.629344 -36.524473 0.344488, 57.657291 -36.527158 0.344488,
57.681809 -36.52519 0.344488, 57.702648 -36.519613 0.344488,
57.720463 -36.510705 0.344488, 57.735746 -36.498446 0.344488,
57.748786 -36.482517 0.344488, 57.749892 -36.374483 0.344488,
57.749892 -36.38607 0.344488, 57.748308 -36.413564 0.344488,
57.744039 -36.43487 0.344488, 57.737654 -36.451183 0.344488,
57.729482 -36.463502 0.344488, 57.718528 -36.473466 0.344488,
57.704544 -36.480902 0.344488, 57.686832 -36.485715 0.344488,
57.664455 -36.487469 0.344488, 57.645755 -36.48554 0.344488,
57.630128 -36.480061 0.344488, 57.616925 -36.471167 0.344488,
57.60575 -36.458549 0.344488, 57.595237 -36.438218 0.344488,
57.588239 -36.411019 0.344488, 57.585629 -36.375035 0.344488,
57.588258 -36.339077 0.344488, 57.595335 -36.311675 0.344488,
57.606014 -36.290993 0.344488, 57.617365 -36.277986 0.344488,
57.630441 -36.268928 0.344488, 57.645578 -36.263417 0.344488,
57.663349 -36.261496 0.344488, 57.685553 -36.26337 0.344488,
57.703337 -36.268555 0.344488, 57.717591 -36.276658 0.344488,
57.728953 -36.287676 0.344488, 57.737226 -36.301014 0.344488,
57.743791 -36.319068 0.344488, 57.748231 -36.343071 0.344488,
56.587454 -36.488575 0.344488, 56.601281 -36.468597 0.344488,
56.611774 -36.443598 0.344488, 56.618604 -36.412487 0.344488,
56.621086 -36.37393 0.344488, 56.618617 -36.335341 0.344488,
56.611829 -36.304281 0.344488, 56.601416 -36.279395 0.344488,
56.587719 -36.259573 0.344488, 56.56977 -36.24287 0.344488,
56.549408 -36.231039 0.344488, 56.526148 -36.223782 0.344488,
56.499277 -36.221254 0.344488, 56.476388 -36.222828 0.344488,
56.457713 -36.227186 0.344488, 56.442495 -36.233947 0.344488,
56.422544 -36.248358 0.344488, 56.407782 -36.265343 0.344488,
56.405017 -36.265343 0.344488, 56.406941 -36.239741 0.344488,
56.407782 -36.204715 0.344488, 56.407782 -36.102763 0.344488,
56.35927 -36.102763 0.344488, 56.35927 -36.372295 0.344488,
56.35927 -36.521654 0.344488, 56.393983 -36.521654 0.344488,
56.403912 -36.484176 0.344488, 56.407782 -36.484176 0.344488,
56.422455 -36.500279 0.344488, 56.442495 -36.514489 0.344488,
56.457711 -36.521237 0.344488, 56.476386 -36.525587 0.344488,
56.499277 -36.527158 0.344488, 56.525833 -36.52463 0.344488,
56.548961 -36.517351 0.344488, 56.569348 -36.505443 0.344488,
56.570915 -36.373377 0.344488, 56.568367 -36.409787 0.344488,
56.561548 -36.437257 0.344488, 56.551347 -36.457732 0.344488,
56.540413 -36.470416 0.344488, 56.527237 -36.479398 0.344488,
56.511378 -36.484966 0.344488, 56.492113 -36.48694 0.344488,
56.467952 -36.484792 0.344488, 56.449643 -36.478978 0.344488,
56.435856 -36.470052 0.344488, 56.425692 -36.457996 0.344488,
56.416393 -36.437838 0.344488, 56.410131 -36.410644 0.344488,
56.407782 -36.374483 0.344488, 56.407782 -36.372295 0.344488,
56.410236 -36.334585 0.344488, 56.416648 -36.307506 0.344488,
56.425956 -36.288517 0.344488, 56.436115 -36.27729 0.344488,
56.449714 -36.268942 0.344488, 56.467606 -36.263502 0.344488,
56.491007 -36.261496 0.344488, 56.511902 -36.263709 0.344488,
56.528845 -36.269921 0.344488, 56.542717 -36.279935 0.344488,
56.554022 -36.294146 0.344488, 56.562819 -36.313489 0.344488,
56.568715 -36.339331 0.344488, 56.736717 -36.324889 0.344488,
56.739464 -36.288067 0.344488, 56.747201 -36.25704 0.344488,
56.759448 -36.230806 0.344488, 56.776118 -36.208585 0.344488,
56.792639 -36.19367 0.344488, 56.811499 -36.181979 0.344488,
56.833033 -36.173399 0.344488, 56.857704 -36.16802 0.344488,
56.886075 -36.166131 0.344488, 56.913847 -36.167806 0.344488,
56.94038 -36.172766 0.344488, 56.965751 -36.180232 0.344488,
56.987498 -36.188728 0.344488, 57.006249 -36.145745 0.344488,
56.980142 -36.136063 0.344488, 56.951391 -36.128677 0.344488,
56.921383 -36.124152 0.344488, 56.888839 -36.122595 0.344488,
56.856435 -36.124308 0.344488, 56.827592 -36.129218 0.344488,
56.801863 -36.137062 0.344488, 56.778858 -36.147693 0.344488,
56.757308 -36.161596 0.344488, 56.738648 -36.177849 0.344488,
56.722638 -36.196565 0.344488, 56.709143 -36.217961 0.344488,
56.698825 -36.240827 0.344488, 56.691255 -36.266045 0.344488,
56.686545 -36.293942 0.344488, 56.684911 -36.324889 0.344488,
56.687513 -36.365961 0.344488, 56.694909 -36.401615 0.344488,
56.706667 -36.432659 0.344488, 56.718981 -36.45433 0.344488,
56.733622 -36.473048 0.344488, 56.750672 -36.489094 0.344488,
56.770324 -36.502638 0.344488, 56.79156 -36.513 0.344488,
56.815534 -36.520663 0.344488, 56.842657 -36.525474 0.344488,
56.873406 -36.527158 0.344488, 56.913661 -36.525844 0.344488,
56.947256 -36.522206 0.344488, 56.979557 -36.515893 0.344488,
57.011754 -36.506773 0.344488, 57.011754 -36.313855 0.344488,
56.875618 -36.313855 0.344488, 56.875618 -36.357943 0.344488,
56.962136 -36.357943 0.344488, 56.962136 -36.4748 0.344488,
56.929058 -36.481435 0.344488, 56.909928 -36.483428 0.344488,
56.884969 -36.484176 0.344488, 56.850153 -36.481668 0.344488,
56.822098 -36.474752 0.344488, 56.799532 -36.464054 0.344488,
56.779798 -36.448874 0.344488, 56.764004 -36.430284 0.344488,
56.751861 -36.40785 0.344488, 56.743641 -36.383337 0.344488,
56.738507 -36.355838 0.344488, 57.295424 -36.249703 0.344488,
57.278715 -36.23724 0.344488, 57.259878 -36.228249 0.344488,
57.238297 -36.222659 0.344488, 57.213399 -36.220701 0.344488,
57.187859 -36.222876 0.344488, 57.165156 -36.229167 0.344488,
57.144766 -36.239452 0.344488, 57.126795 -36.253513 0.344488,
57.11159 -36.271174 0.344488, 57.099018 -36.292916 0.344488,
57.090268 -36.316595 0.344488, 57.084727 -36.344112 0.344488,
57.08469 -36.344722 0.344488, 57.082767 -36.376141 0.344488,
57.084937 -36.408459 0.344488, 57.091046 -36.435845 0.344488,
57.100677 -36.459102 0.344488, 57.114382 -36.480048 0.344488,
57.131015 -36.496903 0.344488, 57.150824 -36.51009 0.344488,
57.172913 -36.519416 0.344488, 57.19747 -36.525166 0.344488,
57.224962 -36.527158 0.344488, 57.254254 -36.525893 0.344488,
57.277344 -36.522471 0.344488, 57.299276 -36.516573 0.344488,
57.321986 -36.507879 0.344488, 57.321986 -36.465424 0.344488,
57.298843 -36.474294 0.344488, 57.277056 -36.480594 0.344488,
57.254452 -36.484444 0.344488, 57.227174 -36.485834 0.344488,
57.205356 -36.484027 0.344488, 57.187048 -36.478931 0.344488,
57.171601 -36.470817 0.344488, 57.15854 -36.459655 0.344488,
57.14828 -36.445979 0.344488, 57.14045 -36.42915 0.344488,
57.135198 -36.408528 0.344488, 57.132914 -36.383305 0.344488,
57.335208 -36.383305 0.344488, 57.335208 -36.354097 0.344488,
57.333474 -36.327591 0.344488, 57.32852 -36.30433 0.344488,
57.320592 -36.283829 0.344488, 57.30932 -36.265117 0.344488,
57.284508 -36.344722 0.344488, 57.13402 -36.344722 0.344488,
57.138736 -36.31901 0.344488, 57.146846 -36.298692 0.344488,
57.158011 -36.282723 0.344488, 57.172741 -36.2705 0.344488,
57.190696 -36.263031 0.344488, 57.212846 -36.260391 0.344488,
57.231067 -36.262045 0.344488, 57.245687 -36.266638 0.344488,
57.25745 -36.273874 0.344488, 57.266863 -36.283829 0.344488,
57.276106 -36.300249 0.344488, 57.282106 -36.320263 0.344488,
58.228931 -36.249703 0.344488, 58.212222 -36.23724 0.344488,
58.193385 -36.228249 0.344488, 58.171804 -36.222659 0.344488,
58.146906 -36.220701 0.344488, 58.121367 -36.222876 0.344488,
58.098663 -36.229167 0.344488, 58.078273 -36.239452 0.344488,
58.060303 -36.253513 0.344488, 58.045098 -36.271174 0.344488,
58.032526 -36.292916 0.344488, 58.023775 -36.316595 0.344488,
58.018235 -36.344112 0.344488, 58.018197 -36.344722 0.344488,
58.016275 -36.376141 0.344488, 58.018445 -36.408459 0.344488,
58.024553 -36.435845 0.344488, 58.034185 -36.459102 0.344488,
58.047889 -36.480048 0.344488, 58.064522 -36.496903 0.344488,
58.084331 -36.51009 0.344488, 58.106421 -36.519416 0.344488,
58.130977 -36.525166 0.344488, 58.15847 -36.527158 0.344488,
58.187762 -36.525893 0.344488, 58.210852 -36.522471 0.344488,
58.232783 -36.516573 0.344488, 58.255494 -36.507879 0.344488,
58.255494 -36.465424 0.344488, 58.23235 -36.474294 0.344488,
58.210563 -36.480594 0.344488, 58.187959 -36.484444 0.344488,
58.160681 -36.485834 0.344488, 58.138864 -36.484027 0.344488,
58.120556 -36.478931 0.344488, 58.105109 -36.470817 0.344488,
58.092048 -36.459655 0.344488, 58.081788 -36.445979 0.344488,
58.073958 -36.42915 0.344488, 58.068706 -36.408528 0.344488,
58.066422 -36.383305 0.344488, 58.268715 -36.383305 0.344488,
58.268715 -36.354097 0.344488, 58.266982 -36.327591 0.344488,
58.262028 -36.30433 0.344488, 58.254099 -36.283829 0.344488,
58.242828 -36.265117 0.344488, 58.218016 -36.344722 0.344488,
58.067528 -36.344722 0.344488, 58.072244 -36.31901 0.344488,
58.080353 -36.298692 0.344488, 58.091519 -36.282723 0.344488,
58.106248 -36.2705 0.344488, 58.124204 -36.263031 0.344488,
58.146354 -36.260391 0.344488, 58.164574 -36.262045 0.344488,
58.179194 -36.266638 0.344488, 58.190957 -36.273874 0.344488,
58.200371 -36.283829 0.344488, 58.209614 -36.300249 0.344488,
58.215613 -36.320263 0.344488, 58.379971 -36.223465 0.344488,
58.382125 -36.207062 0.344488, 58.38832 -36.193414 0.344488,
58.398698 -36.181853 0.344488, 58.412109 -36.173598 0.344488,
58.430201 -36.168158 0.344488, 58.454374 -36.166131 0.344488,
58.479943 -36.167669 0.344488, 58.504256 -36.172213 0.344488,
58.52765 -36.179064 0.344488, 58.548633 -36.187094 0.344488,
58.564067 -36.144639 0.344488, 58.541203 -36.135835 0.344488,
58.515002 -36.128677 0.344488, 58.487238 -36.124179 0.344488,
58.45548 -36.122595 0.344488, 58.431098 -36.12403 0.344488,
58.40945 -36.128144 0.344488, 58.390164 -36.134735 0.344488,
58.372273 -36.144176 0.344488, 58.357622 -36.155639 0.344488,
58.345811 -36.169184 0.344488, 58.337066 -36.184746 0.344488,
58.331695 -36.202482 0.344488, 58.329824 -36.222913 0.344488,
58.331595 -36.245631 0.344488, 58.336597 -36.264854 0.344488,
58.344554 -36.281197 0.344488, 58.35545 -36.295128 0.344488,
58.373859 -36.310848 0.344488, 58.39866 -36.325784 0.344488,
58.431224 -36.339769 0.344488, 58.464895 -36.352857 0.344488,
58.487164 -36.363737 0.344488, 58.505042 -36.376153 0.344488,
58.515554 -36.388281 0.344488, 58.521644 -36.402581 0.344488,
58.523824 -36.420783 0.344488, 58.521269 -36.439155 0.344488,
58.513912 -36.454324 0.344488, 58.501491 -36.467083 0.344488,
58.485666 -36.475998 0.344488, 58.464102 -36.481946 0.344488,
58.435094 -36.484176 0.344488, 58.404029 -36.48237 0.344488,
58.374177 -36.477012 0.344488, 58.346031 -36.469082 0.344488,
58.324848 -36.461025 0.344488, 58.324848 -36.508431 0.344488,
58.34495 -36.515993 0.344488, 58.371701 -36.522206 0.344488,
58.400482 -36.525873 0.344488, 58.432882 -36.527158 0.344488,
58.465332 -36.525091 0.344488, 58.492724 -36.519284 0.344488,
58.515862 -36.510172 0.344488, 58.535411 -36.49795 0.344488,
58.551994 -36.481968 0.344488, 58.563711 -36.463431 0.344488,
58.570916 -36.441832 0.344488, 58.573442 -36.416384 0.344488,
58.571932 -36.396121 0.344488, 58.567701 -36.379236 0.344488,
58.561037 -36.365131 0.344488, 58.551749 -36.352477 0.344488,
58.539737 -36.340825 0.344488, 58.524641 -36.33013 0.344488,
58.499052 -36.316497 0.344488, 58.465961 -36.302844 0.344488,
58.435812 -36.290461 0.344488, 58.415237 -36.280247 0.344488,
58.39857 -36.268589 0.344488, 58.388241 -36.256544 0.344488,
58.382166 -36.242154 0.344488, 59.740629 -38.153309 0.344488,
59.755002 -38.134758 0.344488, 59.765531 -38.112875 0.344488,
59.77217 -38.087008 0.344488, 59.774525 -38.056309 0.344488,
59.772315 -38.027743 0.344488, 59.766126 -38.004027 0.344488,
59.756369 -37.984284 0.344488, 59.743105 -37.967844 0.344488,
59.726496 -37.954433 0.344488, 59.707513 -37.944777 0.344488,
59.685698 -37.938787 0.344488, 59.660433 -37.936688 0.344488,
59.637238 -37.938353 0.344488, 59.6182 -37.94298 0.344488,
59.602569 -37.950198 0.344488, 59.582161 -37.965419 0.344488,
59.567279 -37.982989 0.344488, 59.563986 -37.982989 0.344488,
59.566918 -37.951039 0.344488, 59.572231 -37.921808 0.344488,
59.580995 -37.894473 0.344488, 59.593458 -37.871108 0.344488,
59.604287 -37.857565 0.344488, 59.617513 -37.846028 0.344488,
59.633412 -37.836395 0.344488, 59.650779 -37.829619 0.344488,
59.671679 -37.825264 0.344488, 59.696805 -37.823702 0.344488,
59.721878 -37.825361 0.344488, 59.744211 -37.830313 0.344488,
59.744211 -37.788965 0.344488, 59.721325 -37.785118 0.344488,
59.695699 -37.784013 0.344488, 59.658997 -37.78648 0.344488,
59.629087 -37.793305 0.344488, 59.604757 -37.803869 0.344488,
59.582791 -37.818754 0.344488, 59.56463 -37.836413 0.344488,
59.549922 -37.857045 0.344488, 59.538341 -37.879861 0.344488,
59.529321 -37.904593 0.344488, 59.522902 -37.931472 0.344488,
59.517338 -37.972791 0.344488, 59.515474 -38.014961 0.344488,
59.517298 -38.046934 0.344488, 59.517704 -38.054037 0.344488,
59.523875 -38.086176 0.344488, 59.533383 -38.112514 0.344488,
59.547186 -38.136731 0.344488, 59.56324 -38.155592 0.344488,
59.581607 -38.169849 0.344488, 59.602491 -38.180206 0.344488,
59.624958 -38.186448 0.344488, 59.649423 -38.188576 0.344488,
59.677668 -38.186187 0.344488, 59.701819 -38.179391 0.344488,
59.722624 -38.168467 0.344488, 59.726566 -38.056309 0.344488,
59.724966 -38.080043 0.344488, 59.720587 -38.098896 0.344488,
59.713889 -38.113792 0.344488, 59.705074 -38.125472 0.344488,
59.689511 -38.137744 0.344488, 59.67106 -38.145194 0.344488,
59.64887 -38.147804 0.344488, 59.630654 -38.146018 0.344488,
59.615217 -38.140926 0.344488, 59.601993 -38.132659 0.344488,
59.5906 -38.121692 0.344488, 59.581261 -38.108904 0.344488,
59.57389 -38.094076 0.344488, 59.566841 -38.070392 0.344488,
59.564539 -38.046934 0.344488, 59.567151 -38.029804 0.344488,
59.575284 -38.01275 0.344488, 59.587955 -37.997849 0.344488,
59.60531 -37.985465 0.344488, 59.625813 -37.977513 0.344488,
59.650504 -37.974719 0.344488, 59.674886 -37.977442 0.344488,
59.693435 -37.984913 0.344488, 59.70755 -37.996763 0.344488,
59.717783 -38.012476 0.344488, 59.724243 -38.031984 0.344488,
59.396896 -36.221254 0.344488, 59.354466 -36.240558 0.344488,
59.354466 -36.263708 0.344488, 59.396343 -36.263708 0.344488,
59.396343 -36.435663 0.344488, 59.397911 -36.459378 0.344488,
59.402129 -36.477555 0.344488, 59.408459 -36.491339 0.344488,
59.417569 -36.503454 0.344488, 59.428087 -36.512624 0.344488,
59.440168 -36.519177 0.344488, 59.460393 -36.525119 0.344488,
59.482886 -36.527158 0.344488, 59.510435 -36.524682 0.344488,
59.52388 -36.521637 0.344488, 59.532504 -36.518336 0.344488,
59.532504 -36.481411 0.344488, 59.513753 -36.485546 0.344488,
59.491156 -36.487469 0.344488, 59.478102 -36.485961 0.344488,
59.467145 -36.481647 0.344488, 59.457813 -36.474536 0.344488,
59.450981 -36.465066 0.344488, 59.446518 -36.452112 0.344488,
59.444855 -36.434558 0.344488, 59.444855 -36.263708 0.344488,
59.530292 -36.263708 0.344488, 59.530292 -36.22623 0.344488,
59.444855 -36.22623 0.344488, 59.444855 -36.158414 0.344488,
59.4162 -36.158414 0.344488, 57.644533 -34.820548 0.344488,
57.646602 -34.815143 0.344488, 57.646678 -34.814083 0.344488,
57.647083 -34.813104 0.344488, 57.647651 -34.807343 0.344488,
57.647651 -34.7511 0.344488, 57.647083 -34.74534 0.344488,
57.646678 -34.74436 0.344488, 57.646602 -34.743301 0.344488,
57.644533 -34.737895 0.344488, 57.625786 -34.7004 0.344488,
57.624225 -34.69792 0.344488, 57.623927 -34.6972 0.344488,
57.623262 -34.696391 0.344488, 57.622702 -34.695501 0.344488,
57.622112 -34.694989 0.344488, 57.620255 -34.692726 0.344488,
57.601507 -34.673978 0.344488, 57.599243 -34.67212 0.344488,
57.598732 -34.671531 0.344488, 57.597842 -34.670971 0.344488,
57.597033 -34.670306 0.344488, 57.596313 -34.670008 0.344488,
57.593833 -34.668447 0.344488, 57.556338 -34.6497 0.344488,
57.550931 -34.647631 0.344488, 57.549873 -34.647556 0.344488,
57.548893 -34.64715 0.344488, 57.543133 -34.646582 0.344488,
57.393152 -34.646582 0.344488, 57.387391 -34.64715 0.344488,
57.376747 -34.651559 0.344488, 57.3686 -34.659705 0.344488,
57.364191 -34.670349 0.344488, 57.363624 -34.67611 0.344488,
57.363624 -34.852806 0.344488, 57.363624 -35.069811 0.344488,
57.364191 -35.075571 0.344488, 57.3686 -35.086215 0.344488,
57.376747 -35.094362 0.344488, 57.387391 -35.098771 0.344488,
57.398912 -35.098771 0.344488, 57.409556 -35.094362 0.344488,
57.417703 -35.086215 0.344488, 57.422112 -35.075571 0.344488,
57.422679 -35.069811 0.344488, 57.422679 -34.911861 0.344488,
57.471516 -34.911861 0.344488, 57.593933 -35.086744 0.344488,
57.597702 -35.091137 0.344488, 57.607418 -35.097329 0.344488,
57.618763 -35.099331 0.344488, 57.630011 -35.096839 0.344488,
57.63945 -35.090232 0.344488, 57.645642 -35.080517 0.344488,
57.647644 -35.069171 0.344488, 57.645152 -35.057922 0.344488,
57.642313 -35.052878 0.344488, 57.543572 -34.911818 0.344488,
57.548893 -34.911294 0.344488, 57.549873 -34.910888 0.344488,
57.550931 -34.910813 0.344488, 57.556338 -34.908744 0.344488,
57.593833 -34.889996 0.344488, 57.596313 -34.888435 0.344488,
57.597033 -34.888137 0.344488, 57.597842 -34.887472 0.344488,
57.598732 -34.886913 0.344488, 57.599243 -34.886323 0.344488,
57.601507 -34.884465 0.344488, 57.620255 -34.865718 0.344488,
57.622112 -34.863454 0.344488, 57.622702 -34.862943 0.344488,
57.623262 -34.862053 0.344488, 57.623927 -34.861243 0.344488,
57.624225 -34.860524 0.344488, 57.625786 -34.858044 0.344488,
57.632518 -34.823404 0.344488, 57.631037 -34.836545 0.344488,
57.62667 -34.849027 0.344488, 57.619634 -34.860224 0.344488,
57.610283 -34.869575 0.344488, 57.599086 -34.876611 0.344488,
57.586604 -34.880978 0.344488, 57.573463 -34.882459 0.344488,
57.560322 -34.880978 0.344488, 57.54784 -34.876611 0.344488,
57.536643 -34.869575 0.344488, 57.527292 -34.860224 0.344488,
57.522631 -34.852807 0.344488, 57.422679 -34.852806 0.344488,
57.422679 -34.705637 0.344488, 57.536162 -34.705637 0.344488,
57.563137 -34.719125 0.344488, 57.575108 -34.731096 0.344488,
57.588596 -34.758071 0.344488, 57.588595 -34.766526 0.344488,
57.599086 -34.770197 0.344488, 57.610283 -34.777233 0.344488,
57.619634 -34.786584 0.344488, 57.62667 -34.797781 0.344488,
57.631037 -34.810263 0.344488, 57.458603 -36.22623 0.344488,
57.410091 -36.22623 0.344488, 57.410091 -36.521654 0.344488,
57.458603 -36.521654 0.344488, 57.939396 -36.22623 0.344488,
57.890884 -36.22623 0.344488, 57.890884 -36.521654 0.344488,
57.939396 -36.521654 0.344488, 58.958678 -36.22623 0.344488,
58.910165 -36.22623 0.344488, 58.910165 -36.521654 0.344488,
58.958678 -36.521654 0.344488, 59.260072 -36.235709 0.344488,
59.242562 -36.227722 0.344488, 59.22094 -36.222566 0.344488,
59.19429 -36.220701 0.344488, 59.166833 -36.223534 0.344488,
59.140826 -36.232 0.344488, 59.125064 -36.240913 0.344488,
59.111927 -36.25233 0.344488, 59.101136 -36.266448 0.344488,
59.098396 -36.266448 0.344488, 59.091232 -36.22623 0.344488,
59.052096 -36.22623 0.344488, 59.052096 -36.521654 0.344488,
59.100607 -36.521654 0.344488, 59.100607 -36.368425 0.344488,
59.10304 -36.334234 0.344488, 59.109559 -36.308386 0.344488,
59.119334 -36.28907 0.344488, 59.129783 -36.277663 0.344488,
59.143885 -36.269139 0.344488, 59.162563 -36.263559 0.344488,
59.187126 -36.261496 0.344488, 59.208224 -36.263667 0.344488,
59.22423 -36.269587 0.344488, 59.23635 -36.278855 0.344488,
59.245286 -36.291754 0.344488, 59.251117 -36.309201 0.344488,
59.253283 -36.332606 0.344488, 59.253283 -36.521654 0.344488,
59.301219 -36.521654 0.344488, 59.301219 -36.329288 0.344488,
59.299186 -36.300238 0.344488, 59.293659 -36.277528 0.344488,
59.285249 -36.259896 0.344488, 59.274198 -36.246351 0.344488,
53.750663 -36.196984 0.344488, 53.737879 -36.1842 0.344488,
53.728839 -36.182402 0.344488, 53.523129 -36.182402 0.344488,
53.514089 -36.1842 0.344488, 53.501305 -36.196984 0.344488,
53.501305 -36.215063 0.344488, 53.514089 -36.227848 0.344488,
53.523129 -36.229646 0.344488, 53.728839 -36.229646 0.344488,
53.737879 -36.227848 0.344488, 53.750663 -36.215063 0.344488,
61.958832 -36.146472 0.344488, 61.946048 -36.133688 0.344488,
61.937008 -36.13189 0.344488, 61.224704 -36.13189 0.344488,
61.215664 -36.133688 0.344488, 61.20288 -36.146472 0.344488,
61.20288 -36.164552 0.344488, 61.215664 -36.177336 0.344488,
61.224704 -36.179134 0.344488, 61.937008 -36.179134 0.344488,
61.946048 -36.177336 0.344488, 61.958832 -36.164552 0.344488,
57.463002 -36.146298 0.344488, 57.460661 -36.131917 0.344488,
57.454444 -36.122883 0.344488, 57.445256 -36.117281 0.344488,
57.4349 -36.115431 0.344488, 57.423615 -36.117336 0.344488,
57.414491 -36.122883 0.344488, 57.408494 -36.131888 0.344488,
57.406221 -36.146298 0.344488, 57.408462 -36.160276 0.344488,
57.414491 -36.169448 0.344488, 57.423635 -36.175201 0.344488,
57.4349 -36.177165 0.344488, 57.445236 -36.175257 0.344488,
57.454444 -36.169448 0.344488, 57.460694 -36.160248 0.344488,
57.943796 -36.146298 0.344488, 57.941454 -36.131917 0.344488,
57.935237 -36.122883 0.344488, 57.926049 -36.117281 0.344488,
57.915693 -36.115431 0.344488, 57.904407 -36.117336 0.344488,
57.895283 -36.122883 0.344488, 57.889287 -36.131888 0.344488,
57.887014 -36.146298 0.344488, 57.889255 -36.160276 0.344488,
57.895283 -36.169448 0.344488, 57.904428 -36.175201 0.344488,
57.915693 -36.177165 0.344488, 57.926029 -36.175257 0.344488,
57.935237 -36.169448 0.344488, 57.941487 -36.160248 0.344488,
58.963077 -36.146298 0.344488, 58.960735 -36.131917 0.344488,
58.954519 -36.122883 0.344488, 58.94533 -36.117281 0.344488,
58.934974 -36.115431 0.344488, 58.923689 -36.117336 0.344488,
58.914565 -36.122883 0.344488, 58.908568 -36.131888 0.344488,
58.906295 -36.146298 0.344488, 58.908536 -36.160276 0.344488,
58.914565 -36.169448 0.344488, 58.923709 -36.175201 0.344488,
58.934974 -36.177165 0.344488, 58.945311 -36.175257 0.344488,
58.954519 -36.169448 0.344488, 58.960768 -36.160248 0.344488,
61.188976 -36.076772 0.344488, 61.182057 -36.060069 0.344488,
61.165354 -36.05315 0.344488, 61.055118 -36.05315 0.344488,
61.041106 -36.057755 0.344488, 61.031763 -36.073233 0.344488,
61.036101 -36.090784 0.344488, 61.091219 -36.165587 0.344488,
61.096224 -36.170592 0.344488, 61.113775 -36.17493 0.344488,
61.129253 -36.165587 0.344488, 61.184371 -36.090784 0.344488,
52.20728 -35.737379 0.344488, 52.205422 -35.739643 0.344488,
52.204832 -35.740154 0.344488, 52.204272 -35.741044 0.344488,
52.203608 -35.741854 0.344488, 52.203309 -35.742573 0.344488,
52.201749 -35.745053 0.344488, 52.183001 -35.782548 0.344488,
52.18284 -35.782969 0.344488, 52.182713 -35.783141 0.344488,
52.181848 -35.78556 0.344488, 52.180932 -35.787955 0.344488,
52.180917 -35.788167 0.344488, 52.180765 -35.788592 0.344488,
52.162018 -35.863583 0.344488, 52.16187 -35.864581 0.344488,
52.161704 -35.864983 0.344488, 52.16149 -35.867154 0.344488,
52.161171 -35.869309 0.344488, 52.161235 -35.869739 0.344488,
52.161136 -35.870744 0.344488, 52.161136 -35.926987 0.344488,
52.161235 -35.927992 0.344488, 52.161171 -35.928422 0.344488,
52.16149 -35.930577 0.344488, 52.161704 -35.932748 0.344488,
52.16187 -35.93315 0.344488, 52.162018 -35.934148 0.344488,
52.180765 -36.009139 0.344488, 52.180917 -36.009564 0.344488,
52.180932 -36.009776 0.344488, 52.181848 -36.01217 0.344488,
52.182713 -36.01459 0.344488, 52.18284 -36.014761 0.344488,
52.183001 -36.015183 0.344488, 52.201749 -36.052678 0.344488,
52.203309 -36.055157 0.344488, 52.203607 -36.055877 0.344488,
52.204272 -36.056687 0.344488, 52.204832 -36.057577 0.344488,
52.205422 -36.058088 0.344488, 52.20728 -36.060352 0.344488,
52.244775 -36.097848 0.344488, 52.24925 -36.10152 0.344488,
52.25023 -36.101926 0.344488, 52.251031 -36.102621 0.344488,
52.256317 -36.104981 0.344488, 52.312559 -36.123728 0.344488,
52.315416 -36.124378 0.344488, 52.316137 -36.124676 0.344488,
52.317181 -36.124779 0.344488, 52.318204 -36.125012 0.344488,
52.318981 -36.124956 0.344488, 52.321897 -36.125244 0.344488,
52.359393 -36.125244 0.344488, 52.362308 -36.124956 0.344488,
52.363085 -36.125012 0.344488, 52.364108 -36.124779 0.344488,
52.365153 -36.124676 0.344488, 52.365874 -36.124378 0.344488,
52.36873 -36.123728 0.344488, 52.424973 -36.104981 0.344488,
52.430258 -36.102621 0.344488, 52.431059 -36.101926 0.344488,
52.43204 -36.10152 0.344488, 52.436515 -36.097847 0.344488,
52.455262 -36.0791 0.344488, 52.458935 -36.074625 0.344488,
52.463343 -36.063981 0.344488, 52.463343 -36.05246 0.344488,
52.458934 -36.041816 0.344488, 52.450787 -36.033669 0.344488,
52.440143 -36.02926 0.344488, 52.428622 -36.02926 0.344488,
52.417978 -36.033669 0.344488, 52.413504 -36.037342 0.344488,
52.399685 -36.05116 0.344488, 52.354601 -36.066189 0.344488,
52.326689 -36.066189 0.344488, 52.281605 -36.051161 0.344488,
52.252426 -36.021982 0.344488, 52.237271 -35.991672 0.344488,
52.220191 -35.923352 0.344488, 52.220191 -35.87438 0.344488,
52.237271 -35.806059 0.344488, 52.252426 -35.775749 0.344488,
52.281605 -35.746571 0.344488, 52.326689 -35.731543 0.344488,
52.354601 -35.731543 0.344488, 52.399685 -35.746571 0.344488,
52.413504 -35.76039 0.344488, 52.417978 -35.764062 0.344488,
52.428622 -35.768471 0.344488, 52.440143 -35.768471 0.344488,
52.450787 -35.764062 0.344488, 52.458934 -35.755915 0.344488,
52.463343 -35.745271 0.344488, 52.463343 -35.73375 0.344488,
52.458934 -35.723106 0.344488, 52.455262 -35.718631 0.344488,
52.436515 -35.699884 0.344488, 52.43204 -35.696212 0.344488,
52.431059 -35.695806 0.344488, 52.430258 -35.695111 0.344488,
52.424973 -35.692751 0.344488, 52.36873 -35.674003 0.344488,
52.365874 -35.673354 0.344488, 52.365153 -35.673055 0.344488,
52.364108 -35.672952 0.344488, 52.363085 -35.67272 0.344488,
52.362308 -35.672775 0.344488, 52.359393 -35.672488 0.344488,
52.321897 -35.672488 0.344488, 52.318981 -35.672775 0.344488,
52.318204 -35.67272 0.344488, 52.317181 -35.672952 0.344488,
52.316137 -35.673055 0.344488, 52.315416 -35.673354 0.344488,
52.312559 -35.674003 0.344488, 52.256317 -35.692751 0.344488,
52.251031 -35.695111 0.344488, 52.25023 -35.695805 0.344488,
52.24925 -35.696211 0.344488, 52.244775 -35.699884 0.344488,
52.785046 -35.694353 0.344488, 52.747551 -35.675605 0.344488,
52.742144 -35.673536 0.344488, 52.741086 -35.673461 0.344488,
52.740106 -35.673055 0.344488, 52.734346 -35.672488 0.344488,
52.640607 -35.672488 0.344488, 52.634847 -35.673055 0.344488,
52.633867 -35.673461 0.344488, 52.632808 -35.673536 0.344488,
52.627402 -35.675605 0.344488, 52.589907 -35.694353 0.344488,
52.587427 -35.695913 0.344488, 52.586707 -35.696212 0.344488,
52.585898 -35.696876 0.344488, 52.585008 -35.697436 0.344488,
52.584496 -35.698026 0.344488, 52.582233 -35.699884 0.344488,
52.563485 -35.718631 0.344488, 52.559813 -35.723106 0.344488,
52.555404 -35.73375 0.344488, 52.555404 -35.745271 0.344488,
52.559813 -35.755915 0.344488, 52.56796 -35.764062 0.344488,
52.578604 -35.768471 0.344488, 52.590125 -35.768471 0.344488,
52.600769 -35.764062 0.344488, 52.605244 -35.76039 0.344488,
52.620603 -35.74503 0.344488, 52.647578 -35.731543 0.344488,
52.727375 -35.731543 0.344488, 52.75435 -35.74503 0.344488,
52.766321 -35.757002 0.344488, 52.779809 -35.783976 0.344488,
52.779809 -35.80971 0.344488, 52.76478 -35.854794 0.344488,
52.544738 -36.074837 0.344488, 52.541066 -36.079311 0.344488,
52.536657 -36.089956 0.344488, 52.536657 -36.101477 0.344488,
52.541066 -36.112121 0.344488, 52.549212 -36.120267 0.344488,
52.559856 -36.124676 0.344488, 52.565617 -36.125244 0.344488,
52.809336 -36.125244 0.344488, 52.815097 -36.124676 0.344488,
52.825741 -36.120267 0.344488, 52.833887 -36.112121 0.344488,
52.838296 -36.101477 0.344488, 52.838296 -36.089956 0.344488,
52.833887 -36.079311 0.344488, 52.825741 -36.071165 0.344488,
52.815097 -36.066756 0.344488, 52.809336 -36.066189 0.344488,
52.636903 -36.066189 0.344488, 52.811468 -35.891623 0.344488,
52.81514 -35.887149 0.344488, 52.815546 -35.886168 0.344488,
52.816241 -35.885367 0.344488, 52.818601 -35.880081 0.344488,
52.837348 -35.823839 0.344488, 52.837998 -35.820982 0.344488,
52.838296 -35.820262 0.344488, 52.838399 -35.819217 0.344488,
52.838632 -35.818194 0.344488, 52.838576 -35.817417 0.344488,
52.838864 -35.814501 0.344488, 52.838864 -35.777006 0.344488,
52.838296 -35.771245 0.344488, 52.837891 -35.770265 0.344488,
52.837815 -35.769207 0.344488, 52.835746 -35.763801 0.344488,
52.816999 -35.726306 0.344488, 52.815438 -35.723825 0.344488,
52.81514 -35.723106 0.344488, 52.814475 -35.722296 0.344488,
52.813915 -35.721407 0.344488, 52.813325 -35.720895 0.344488,
52.811468 -35.718631 0.344488, 52.79272 -35.699884 0.344488,
52.790456 -35.698026 0.344488, 52.789945 -35.697436 0.344488,
52.789055 -35.696876 0.344488, 52.788246 -35.696212 0.344488,
52.787526 -35.695913 0.344488, 53.750663 -35.618244 0.344488,
53.737879 -35.605459 0.344488, 53.728839 -35.603661 0.344488,
53.523129 -35.603661 0.344488, 53.514089 -35.605459 0.344488,
53.501305 -35.618244 0.344488, 53.501305 -35.636323 0.344488,
53.514089 -35.649107 0.344488, 53.523129 -35.650906 0.344488,
53.728839 -35.650906 0.344488, 53.737879 -35.649107 0.344488,
53.750663 -35.636323 0.344488, 61.934055 -35.470472 0.344488,
61.932257 -35.461433 0.344488, 61.919473 -35.448648 0.344488,
61.901393 -35.448648 0.344488, 61.888609 -35.461433 0.344488,
61.887594 -35.466535 0.344488, 61.216737 -35.466535 0.344488,
61.215722 -35.461433 0.344488, 61.202937 -35.448648 0.344488,
61.184858 -35.448648 0.344488, 61.172074 -35.461433 0.344488,
61.170276 -35.470472 0.344488, 61.170276 -35.490157 0.344488,
61.172074 -35.499197 0.344488, 61.184858 -35.511981 0.344488,
61.193898 -35.51378 0.344488, 61.910433 -35.51378 0.344488,
61.919473 -35.511981 0.344488, 61.932257 -35.499197 0.344488,
61.934055 -35.490157 0.344488, 62.728998 -34.775664 0.344488,
62.724589 -34.76502 0.344488, 62.716442 -34.756874 0.344488,
62.705798 -34.752465 0.344488, 62.694277 -34.752465 0.344488,
62.683633 -34.756874 0.344488, 62.675486 -34.76502 0.344488,
62.671077 -34.775664 0.344488, 62.67051 -34.781425 0.344488,
62.67051 -35.100135 0.344488, 62.671077 -35.105895 0.344488,
62.671483 -35.106875 0.344488, 62.671558 -35.107933 0.344488,
62.673627 -35.11334 0.344488, 62.692375 -35.150835 0.344488,
62.693935 -35.153314 0.344488, 62.694233 -35.154034 0.344488,
62.694898 -35.154844 0.344488, 62.695458 -35.155734 0.344488,
62.696048 -35.156245 0.344488, 62.697906 -35.158509 0.344488,
62.716653 -35.177257 0.344488, 62.718917 -35.179114 0.344488,
62.719429 -35.179705 0.344488, 62.720318 -35.180265 0.344488,
62.721128 -35.180929 0.344488, 62.721847 -35.181227 0.344488,
62.724328 -35.182788 0.344488, 62.761823 -35.201536 0.344488,
62.767229 -35.203605 0.344488, 62.768287 -35.20368 0.344488,
62.769267 -35.204086 0.344488, 62.775028 -35.204653 0.344488,
62.850019 -35.204653 0.344488, 62.855779 -35.204086 0.344488,
62.856759 -35.20368 0.344488, 62.857817 -35.203605 0.344488,
62.863224 -35.201536 0.344488, 62.900719 -35.182788 0.344488,
62.903199 -35.181227 0.344488, 62.903919 -35.180929 0.344488,
62.904728 -35.180265 0.344488, 62.905618 -35.179705 0.344488,
62.90613 -35.179114 0.344488, 62.908393 -35.177257 0.344488,
62.927141 -35.158509 0.344488, 62.928998 -35.156245 0.344488,
62.929588 -35.155734 0.344488, 62.930148 -35.154844 0.344488,
62.930813 -35.154034 0.344488, 62.931111 -35.153314 0.344488,
62.932672 -35.150835 0.344488, 62.951419 -35.11334 0.344488,
62.953488 -35.107934 0.344488, 62.953563 -35.106875 0.344488,
62.953969 -35.105895 0.344488, 62.954537 -35.100135 0.344488,
62.954538 -34.86934 0.344488, 62.950974 -34.875009 0.344488,
62.941623 -34.88436 0.344488, 62.930426 -34.891396 0.344488,
62.917944 -34.895763 0.344488, 62.904803 -34.897244 0.344488,
62.895482 -34.896194 0.344488, 62.895481 -35.093164 0.344488,
62.881994 -35.120139 0.344488, 62.870022 -35.132111 0.344488,
62.843048 -35.145598 0.344488, 62.781998 -35.145598 0.344488,
62.755024 -35.132111 0.344488, 62.743052 -35.120139 0.344488,
62.729565 -35.093164 0.344488, 62.729565 -34.781425 0.344488,
63.29442 -34.773762 0.344488, 63.256924 -34.755015 0.344488,
63.251518 -34.752946 0.344488, 63.25046 -34.75287 0.344488,
63.24948 -34.752465 0.344488, 63.243719 -34.751897 0.344488,
63.149981 -34.751897 0.344488, 63.14422 -34.752465 0.344488,
63.143241 -34.75287 0.344488, 63.142182 -34.752946 0.344488,
63.136776 -34.755015 0.344488, 63.099281 -34.773762 0.344488,
63.0968 -34.775323 0.344488, 63.096081 -34.775621 0.344488,
63.095271 -34.776286 0.344488, 63.094382 -34.776846 0.344488,
63.09387 -34.777435 0.344488, 63.091607 -34.779293 0.344488,
63.072859 -34.798041 0.344488, 63.069187 -34.802515 0.344488,
63.064778 -34.81316 0.344488, 63.064778 -34.82468 0.344488,
63.069187 -34.835325 0.344488, 63.077333 -34.843471 0.344488,
63.087978 -34.84788 0.344488, 63.099498 -34.84788 0.344488,
63.110143 -34.843471 0.344488, 63.114617 -34.839799 0.344488,
63.129977 -34.82444 0.344488, 63.156952 -34.810952 0.344488,
63.236749 -34.810952 0.344488, 63.263724 -34.82444 0.344488,
63.275695 -34.836411 0.344488, 63.289182 -34.863386 0.344488,
63.289182 -34.889119 0.344488, 63.274154 -34.934203 0.344488,
63.054111 -35.154246 0.344488, 63.050439 -35.158721 0.344488,
63.04603 -35.169365 0.344488, 63.04603 -35.180886 0.344488,
63.050439 -35.19153 0.344488, 63.058586 -35.199677 0.344488,
63.06923 -35.204086 0.344488, 63.074991 -35.204653 0.344488,
63.31871 -35.204653 0.344488, 63.32447 -35.204086 0.344488,
63.335115 -35.199677 0.344488, 63.343261 -35.19153 0.344488,
63.34767 -35.180886 0.344488, 63.34767 -35.169365 0.344488,
63.343261 -35.158721 0.344488, 63.335115 -35.150574 0.344488,
63.32447 -35.146165 0.344488, 63.31871 -35.145598 0.344488,
63.146276 -35.145598 0.344488, 63.320841 -34.971033 0.344488,
63.324514 -34.966558 0.344488, 63.32492 -34.965578 0.344488,
63.325615 -34.964777 0.344488, 63.327974 -34.959491 0.344488,
63.346722 -34.903248 0.344488, 63.347371 -34.900392 0.344488,
63.34767 -34.899671 0.344488, 63.347773 -34.898626 0.344488,
63.348006 -34.897604 0.344488, 63.34795 -34.896826 0.344488,
63.348237 -34.893911 0.344488, 63.348237 -34.856415 0.344488,
63.34767 -34.850655 0.344488, 63.347264 -34.849675 0.344488,
63.347189 -34.848616 0.344488, 63.34512 -34.84321 0.344488,
63.326372 -34.805715 0.344488, 63.324811 -34.803235 0.344488,
63.324513 -34.802515 0.344488, 63.323848 -34.801706 0.344488,
63.323289 -34.800816 0.344488, 63.322699 -34.800304 0.344488,
63.320841 -34.798041 0.344488, 63.302094 -34.779293 0.344488,
63.29983 -34.777435 0.344488, 63.299319 -34.776846 0.344488,
63.298429 -34.776286 0.344488, 63.297619 -34.775621 0.344488,
63.2969 -34.775323 0.344488, 56.576383 -34.646582 0.344488,
56.332664 -34.646582 0.344488, 56.326904 -34.64715 0.344488,
56.316259 -34.651559 0.344488, 56.308113 -34.659705 0.344488,
56.303704 -34.670349 0.344488, 56.303704 -34.68187 0.344488,
56.308113 -34.692515 0.344488, 56.316259 -34.700661 0.344488,
56.326904 -34.70507 0.344488, 56.332664 -34.705637 0.344488,
56.511312 -34.705637 0.344488, 56.422928 -34.806647 0.344488,
56.421148 -34.809137 0.344488, 56.420599 -34.809686 0.344488,
56.420383 -34.810207 0.344488, 56.419562 -34.811356 0.344488,
56.418026 -34.815898 0.344488, 56.41619 -34.82033 0.344488,
56.41619 -34.821326 0.344488, 56.415871 -34.82227 0.344488,
56.41619 -34.827054 0.344488, 56.41619 -34.831852 0.344488,
56.41657 -34.832771 0.344488, 56.416637 -34.833765 0.344488,
56.418764 -34.838066 0.344488, 56.420599 -34.842496 0.344488,
56.421302 -34.843199 0.344488, 56.421744 -34.844093 0.344488,
56.425355 -34.847252 0.344488, 56.428745 -34.850642 0.344488,
56.429665 -34.851023 0.344488, 56.430415 -34.851679 0.344488,
56.434957 -34.853215 0.344488, 56.439389 -34.855051 0.344488,
56.440795 -34.855189 0.344488, 56.441329 -34.85537 0.344488,
56.442103 -34.855318 0.344488, 56.44515 -34.855619 0.344488,
56.494422 -34.855619 0.344488, 56.521397 -34.869106 0.344488,
56.533369 -34.881077 0.344488, 56.546856 -34.908052 0.344488,
56.546856 -34.987849 0.344488, 56.533368 -35.014824 0.344488,
56.521397 -35.026796 0.344488, 56.494422 -35.040283 0.344488,
56.395878 -35.040283 0.344488, 56.368903 -35.026796 0.344488,
56.353544 -35.011436 0.344488, 56.349069 -35.007764 0.344488,
56.338425 -35.003355 0.344488, 56.326904 -35.003355 0.344488,
56.31626 -35.007763 0.344488, 56.308113 -35.01591 0.344488,
56.303704 -35.026554 0.344488, 56.303704 -35.038075 0.344488,
56.308113 -35.048719 0.344488, 56.311785 -35.053194 0.344488,
56.330532 -35.071942 0.344488, 56.332796 -35.073799 0.344488,
56.333308 -35.07439 0.344488, 56.334197 -35.07495 0.344488,
56.335007 -35.075614 0.344488, 56.335726 -35.075912 0.344488,
56.338207 -35.077473 0.344488, 56.375702 -35.096221 0.344488,
56.381108 -35.09829 0.344488, 56.382167 -35.098365 0.344488,
56.383146 -35.098771 0.344488, 56.388907 -35.099338 0.344488,
56.501393 -35.099338 0.344488, 56.507154 -35.098771 0.344488,
56.508133 -35.098365 0.344488, 56.509192 -35.09829 0.344488,
56.514598 -35.096221 0.344488, 56.552093 -35.077473 0.344488,
56.554573 -35.075912 0.344488, 56.555293 -35.075614 0.344488,
56.556102 -35.07495 0.344488, 56.556992 -35.07439 0.344488,
56.557504 -35.073799 0.344488, 56.559768 -35.071942 0.344488,
56.578515 -35.053194 0.344488, 56.580372 -35.05093 0.344488,
56.580963 -35.050419 0.344488, 56.581522 -35.04953 0.344488,
56.582187 -35.048719 0.344488, 56.582485 -35.047999 0.344488,
56.584046 -35.04552 0.344488, 56.602794 -35.008025 0.344488,
56.604863 -35.002619 0.344488, 56.604938 -35.00156 0.344488,
56.605344 -35.00058 0.344488, 56.605911 -34.99482 0.344488,
56.605911 -34.989635 0.344488, 56.618244 -35.001967 0.344488,
56.636323 -35.001967 0.344488, 56.649107 -34.989183 0.344488,
56.650906 -34.980143 0.344488, 56.650906 -34.801353 0.344488,
56.649107 -34.792313 0.344488, 56.636323 -34.779529 0.344488,
56.618244 -34.779529 0.344488, 56.605459 -34.792313 0.344488,
56.603661 -34.801353 0.344488, 56.603661 -34.890143 0.344488,
56.602794 -34.887876 0.344488, 56.584046 -34.850381 0.344488,
56.582485 -34.847901 0.344488, 56.582187 -34.847181 0.344488,
56.581522 -34.846372 0.344488, 56.580963 -34.845482 0.344488,
56.580372 -34.84497 0.344488, 56.578515 -34.842707 0.344488,
56.559767 -34.823959 0.344488, 56.557504 -34.822102 0.344488,
56.556992 -34.821512 0.344488, 56.556102 -34.820952 0.344488,
56.555293 -34.820287 0.344488, 56.554573 -34.819989 0.344488,
56.552093 -34.818428 0.344488, 56.514598 -34.799681 0.344488,
56.509276 -34.797644 0.344488, 56.598605 -34.695554 0.344488,
56.600385 -34.693064 0.344488, 56.600935 -34.692515 0.344488,
56.60115 -34.691993 0.344488, 56.601972 -34.690845 0.344488,
56.603507 -34.686302 0.344488, 56.605344 -34.68187 0.344488,
56.605344 -34.680874 0.344488, 56.605663 -34.679931 0.344488,
56.605344 -34.675146 0.344488, 56.605344 -34.670349 0.344488,
56.604963 -34.669429 0.344488, 56.604896 -34.668436 0.344488,
56.602769 -34.664134 0.344488, 56.600935 -34.659705 0.344488,
56.600231 -34.659002 0.344488, 56.599789 -34.658108 0.344488,
56.596178 -34.654948 0.344488, 56.592788 -34.651559 0.344488,
56.591868 -34.651177 0.344488, 56.591119 -34.650522 0.344488,
56.586576 -34.648985 0.344488, 56.582144 -34.64715 0.344488,
56.580738 -34.647011 0.344488, 56.580205 -34.646831 0.344488,
56.57943 -34.646882 0.344488, 59.220457 -34.80335 0.344488,
59.230228 -34.705637 0.344488, 59.390982 -34.705637 0.344488,
59.396743 -34.70507 0.344488, 59.407387 -34.700661 0.344488,
59.415533 -34.692515 0.344488, 59.419943 -34.68187 0.344488,
59.419943 -34.670349 0.344488, 59.415533 -34.659705 0.344488,
59.407387 -34.651559 0.344488, 59.396743 -34.64715 0.344488,
59.390982 -34.646582 0.344488, 59.203506 -34.646582 0.344488,
59.201375 -34.646792 0.344488, 59.200656 -34.64672 0.344488,
59.199952 -34.646932 0.344488, 59.197745 -34.64715 0.344488,
59.193758 -34.648801 0.344488, 59.189626 -34.650048 0.344488,
59.188474 -34.650989 0.344488, 59.187101 -34.651559 0.344488,
59.184048 -34.654611 0.344488, 59.180709 -34.657344 0.344488,
59.180006 -34.658653 0.344488, 59.178955 -34.659705 0.344488,
59.177303 -34.663693 0.344488, 59.175263 -34.667496 0.344488,
59.174826 -34.669671 0.344488, 59.174546 -34.670349 0.344488,
59.174546 -34.671072 0.344488, 59.174125 -34.673172 0.344488,
59.155377 -34.860648 0.344488, 59.155369 -34.866437 0.344488,
59.155798 -34.86786 0.344488, 59.155798 -34.869346 0.344488,
59.157449 -34.873333 0.344488, 59.158696 -34.877467 0.344488,
59.159638 -34.878617 0.344488, 59.160207 -34.879991 0.344488,
59.163259 -34.883043 0.344488, 59.165992 -34.886383 0.344488,
59.167302 -34.887085 0.344488, 59.168354 -34.888137 0.344488,
59.172341 -34.889789 0.344488, 59.176144 -34.89183 0.344488,
59.177624 -34.891977 0.344488, 59.178998 -34.892546 0.344488,
59.183313 -34.892546 0.344488, 59.187609 -34.892976 0.344488,
59.189032 -34.892546 0.344488, 59.190519 -34.892546 0.344488,
59.194505 -34.890895 0.344488, 59.198639 -34.889648 0.344488,
59.199789 -34.888706 0.344488, 59.201163 -34.888137 0.344488,
59.205637 -34.884465 0.344488, 59.220997 -34.869106 0.344488,
59.247972 -34.855619 0.344488, 59.327769 -34.855619 0.344488,
59.354744 -34.869106 0.344488, 59.366715 -34.881077 0.344488,
59.380202 -34.908052 0.344488, 59.380202 -34.987849 0.344488,
59.366715 -35.014824 0.344488, 59.354743 -35.026796 0.344488,
59.327769 -35.040283 0.344488, 59.247972 -35.040283 0.344488,
59.220997 -35.026796 0.344488, 59.205638 -35.011436 0.344488,
59.201163 -35.007764 0.344488, 59.190519 -35.003355 0.344488,
59.178998 -35.003355 0.344488, 59.168354 -35.007763 0.344488,
59.160207 -35.01591 0.344488, 59.155798 -35.026554 0.344488,
59.155798 -35.038075 0.344488, 59.160207 -35.048719 0.344488,
59.163879 -35.053194 0.344488, 59.182626 -35.071942 0.344488,
59.18489 -35.073799 0.344488, 59.185402 -35.07439 0.344488,
59.186291 -35.07495 0.344488, 59.187101 -35.075614 0.344488,
59.18782 -35.075912 0.344488, 59.190301 -35.077473 0.344488,
59.227796 -35.096221 0.344488, 59.233202 -35.09829 0.344488,
59.234261 -35.098365 0.344488, 59.235241 -35.098771 0.344488,
59.241001 -35.099338 0.344488, 59.334739 -35.099338 0.344488,
59.3405 -35.098771 0.344488, 59.34148 -35.098365 0.344488,
59.342538 -35.09829 0.344488, 59.347944 -35.096221 0.344488,
59.38544 -35.077473 0.344488, 59.38792 -35.075912 0.344488,
59.388639 -35.075614 0.344488, 59.389449 -35.07495 0.344488,
59.390339 -35.07439 0.344488, 59.39085 -35.073799 0.344488,
59.393114 -35.071942 0.344488, 59.411861 -35.053194 0.344488,
59.413719 -35.05093 0.344488, 59.414309 -35.050419 0.344488,
59.414869 -35.04953 0.344488, 59.415534 -35.048719 0.344488,
59.415832 -35.047999 0.344488, 59.417393 -35.04552 0.344488,
59.43614 -35.008025 0.344488, 59.438209 -35.002619 0.344488,
59.438284 -35.00156 0.344488, 59.43869 -35.00058 0.344488,
59.439257 -34.99482 0.344488, 59.439257 -34.989635 0.344488,
59.45159 -35.001967 0.344488, 59.46967 -35.001967 0.344488,
59.482454 -34.989183 0.344488, 59.484252 -34.980143 0.344488,
59.484252 -34.801353 0.344488, 59.482454 -34.792313 0.344488,
59.46967 -34.779529 0.344488, 59.45159 -34.779529 0.344488,
59.438806 -34.792313 0.344488, 59.437008 -34.801353 0.344488,
59.437008 -34.890143 0.344488, 59.43614 -34.887876 0.344488,
59.417393 -34.850381 0.344488, 59.415831 -34.847901 0.344488,
59.415533 -34.847181 0.344488, 59.414869 -34.846372 0.344488,
59.414309 -34.845482 0.344488, 59.413719 -34.84497 0.344488,
59.411861 -34.842707 0.344488, 59.393114 -34.823959 0.344488,
59.39085 -34.822102 0.344488, 59.390339 -34.821512 0.344488,
59.389449 -34.820952 0.344488, 59.388639 -34.820287 0.344488,
59.38792 -34.819989 0.344488, 59.38544 -34.818428 0.344488,
59.347944 -34.799681 0.344488, 59.342538 -34.797612 0.344488,
59.34148 -34.797537 0.344488, 59.3405 -34.797131 0.344488,
59.334739 -34.796563 0.344488, 59.241001 -34.796563 0.344488,
59.235241 -34.797131 0.344488, 59.234261 -34.797536 0.344488,
59.233202 -34.797612 0.344488, 59.227796 -34.799681 0.344488,
59.010487 -34.889996 0.344488, 59.012967 -34.888435 0.344488,
59.013686 -34.888137 0.344488, 59.014496 -34.887472 0.344488,
59.015385 -34.886913 0.344488, 59.015897 -34.886323 0.344488,
59.018161 -34.884465 0.344488, 59.036908 -34.865718 0.344488,
59.038766 -34.863454 0.344488, 59.039356 -34.862943 0.344488,
59.039915 -34.862053 0.344488, 59.04058 -34.861243 0.344488,
59.040878 -34.860524 0.344488, 59.042439 -34.858044 0.344488,
59.061187 -34.820548 0.344488, 59.063256 -34.815143 0.344488,
59.063331 -34.814083 0.344488, 59.063737 -34.813104 0.344488,
59.064304 -34.807343 0.344488, 59.064304 -34.7511 0.344488,
59.063737 -34.74534 0.344488, 59.063331 -34.74436 0.344488,
59.063256 -34.743301 0.344488, 59.061187 -34.737895 0.344488,
59.042439 -34.7004 0.344488, 59.040878 -34.69792 0.344488,
59.04058 -34.6972 0.344488, 59.039915 -34.696391 0.344488,
59.039356 -34.695501 0.344488, 59.038766 -34.694989 0.344488,
59.036908 -34.692726 0.344488, 59.018161 -34.673978 0.344488,
59.015897 -34.67212 0.344488, 59.015385 -34.671531 0.344488,
59.014496 -34.670971 0.344488, 59.013686 -34.670306 0.344488,
59.012967 -34.670008 0.344488, 59.010487 -34.668447 0.344488,
58.972991 -34.6497 0.344488, 58.967585 -34.647631 0.344488,
58.966527 -34.647556 0.344488, 58.965547 -34.64715 0.344488,
58.959786 -34.646582 0.344488, 58.809805 -34.646582 0.344488,
58.804044 -34.64715 0.344488, 58.7934 -34.651559 0.344488,
58.785254 -34.659705 0.344488, 58.780845 -34.670349 0.344488,
58.780278 -34.67611 0.344488, 58.780278 -34.852806 0.344488,
58.780278 -35.069811 0.344488, 58.780845 -35.075571 0.344488,
58.785254 -35.086215 0.344488, 58.7934 -35.094362 0.344488,
58.804044 -35.098771 0.344488, 58.815566 -35.098771 0.344488,
58.82621 -35.094362 0.344488, 58.834356 -35.086215 0.344488,
58.838765 -35.075571 0.344488, 58.839333 -35.069811 0.344488,
58.839333 -34.911861 0.344488, 58.88817 -34.911861 0.344488,
59.010587 -35.086744 0.344488, 59.014355 -35.091137 0.344488,
59.024071 -35.097329 0.344488, 59.035417 -35.099331 0.344488,
59.046665 -35.096839 0.344488, 59.056104 -35.090232 0.344488,
59.062295 -35.080517 0.344488, 59.064297 -35.069171 0.344488,
59.061806 -35.057922 0.344488, 59.058967 -35.052878 0.344488,
58.960225 -34.911818 0.344488, 58.965547 -34.911294 0.344488,
58.966527 -34.910888 0.344488, 58.967585 -34.910813 0.344488,
58.972991 -34.908744 0.344488, 59.005249 -34.758071 0.344488,
59.005249 -34.800373 0.344488, 58.991762 -34.827348 0.344488,
58.979791 -34.839319 0.344488, 58.952816 -34.852806 0.344488,
58.839333 -34.852806 0.344488, 58.839333 -34.705637 0.344488,
58.952816 -34.705637 0.344488, 58.979791 -34.719125 0.344488,
58.991762 -34.731096 0.344488, 57.739144 -34.933409 0.344488,
57.738809 -34.934884 0.344488, 57.739144 -34.939602 0.344488,
57.739144 -34.944337 0.344488, 57.739551 -34.945318 0.344488,
57.739626 -34.946376 0.344488, 57.741742 -34.950608 0.344488,
57.743554 -34.954981 0.344488, 57.744304 -34.955731 0.344488,
57.744778 -34.95668 0.344488, 57.748354 -34.959781 0.344488,
57.7517 -34.963128 0.344488, 57.75268 -34.963533 0.344488,
57.753481 -34.964229 0.344488, 57.757971 -34.965726 0.344488,
57.762344 -34.967537 0.344488, 57.76385 -34.967685 0.344488,
57.764412 -34.967872 0.344488, 57.765189 -34.967817 0.344488,
57.768105 -34.968104 0.344488, 57.926054 -34.968104 0.344488,
57.926054 -35.069811 0.344488, 57.926621 -35.075571 0.344488,
57.93103 -35.086215 0.344488, 57.939176 -35.094362 0.344488,
57.94982 -35.098771 0.344488, 57.961342 -35.098771 0.344488,
57.971986 -35.094362 0.344488, 57.980132 -35.086215 0.344488,
57.984541 -35.075571 0.344488, 57.985109 -35.069811 0.344488,
57.985109 -34.968104 0.344488, 58.011824 -34.968104 0.344488,
58.017585 -34.967537 0.344488, 58.020354 -34.966389 0.344488,
58.020354 -34.980143 0.344488, 58.022152 -34.989183 0.344488,
58.034937 -35.001967 0.344488, 58.053016 -35.001967 0.344488,
58.0658 -34.989183 0.344488, 58.067598 -34.980143 0.344488,
58.067598 -34.801353 0.344488, 58.0658 -34.792313 0.344488,
58.053016 -34.779529 0.344488, 58.034937 -34.779529 0.344488,
58.022152 -34.792313 0.344488, 58.020354 -34.801353 0.344488,
58.020354 -34.910764 0.344488, 58.017585 -34.909617 0.344488,
58.011824 -34.909049 0.344488, 57.985109 -34.909049 0.344488,
57.985109 -34.807343 0.344488, 57.984541 -34.801583 0.344488,
57.980132 -34.790939 0.344488, 57.971986 -34.782792 0.344488,
57.961342 -34.778383 0.344488, 57.94982 -34.778383 0.344488,
57.939176 -34.782792 0.344488, 57.93103 -34.790939 0.344488,
57.926621 -34.801583 0.344488, 57.926054 -34.807343 0.344488,
57.926054 -34.909049 0.344488, 57.809072 -34.909049 0.344488,
57.889855 -34.6667 0.344488, 57.891139 -34.661056 0.344488,
57.890322 -34.649563 0.344488, 57.88517 -34.639259 0.344488,
57.876466 -34.63171 0.344488, 57.865536 -34.628067 0.344488,
57.854044 -34.628883 0.344488, 57.843739 -34.634036 0.344488,
57.836191 -34.642739 0.344488, 57.833831 -34.648025 0.344488,
57.740093 -34.929239 0.344488, 57.739443 -34.932095 0.344488,
57.739144 -34.932816 0.344488, 53.750663 -35.03033 0.344488,
53.737879 -35.017546 0.344488, 53.728839 -35.015748 0.344488,
53.523129 -35.015748 0.344488, 53.514089 -35.017546 0.344488,
53.501305 -35.03033 0.344488, 53.501305 -35.04841 0.344488,
53.514089 -35.061194 0.344488, 53.523129 -35.062992 0.344488,
53.728839 -35.062992 0.344488, 53.737879 -35.061194 0.344488,
53.750663 -35.04841 0.344488, 61.934055 -34.722441 0.344488,
61.932257 -34.713401 0.344488, 61.919473 -34.700617 0.344488,
61.901393 -34.700617 0.344488, 61.888609 -34.713401 0.344488,
61.886811 -34.722441 0.344488, 61.886811 -35.029528 0.344488,
61.888609 -35.038567 0.344488, 61.901393 -35.051352 0.344488,
61.919473 -35.051352 0.344488, 61.932257 -35.038567 0.344488,
61.934055 -35.029528 0.344488, 55.234252 -34.801353 0.344488,
55.232454 -34.792313 0.344488, 55.21967 -34.779529 0.344488,
55.20159 -34.779529 0.344488, 55.188806 -34.792313 0.344488,
55.187008 -34.801353 0.344488, 55.187008 -34.980143 0.344488,
55.188806 -34.989183 0.344488, 55.20159 -35.001967 0.344488,
55.21967 -35.001967 0.344488, 55.232454 -34.989183 0.344488,
55.234252 -34.980143 0.344488, 56.17714 -34.889996 0.344488,
56.17962 -34.888435 0.344488, 56.18034 -34.888137 0.344488,
56.181149 -34.887472 0.344488, 56.182039 -34.886913 0.344488,
56.18255 -34.886323 0.344488, 56.184814 -34.884465 0.344488,
56.203562 -34.865718 0.344488, 56.205419 -34.863454 0.344488,
56.206009 -34.862943 0.344488, 56.206569 -34.862053 0.344488,
56.207234 -34.861243 0.344488, 56.207532 -34.860524 0.344488,
56.209093 -34.858044 0.344488, 56.227841 -34.820548 0.344488,
56.229909 -34.815143 0.344488, 56.229985 -34.814083 0.344488,
56.230391 -34.813104 0.344488, 56.230958 -34.807343 0.344488,
56.230958 -34.7511 0.344488, 56.230391 -34.74534 0.344488,
56.229985 -34.74436 0.344488, 56.229909 -34.743301 0.344488,
56.227841 -34.737895 0.344488, 56.209093 -34.7004 0.344488,
56.207532 -34.69792 0.344488, 56.207234 -34.6972 0.344488,
56.206569 -34.696391 0.344488, 56.206009 -34.695501 0.344488,
56.205419 -34.694989 0.344488, 56.203562 -34.692726 0.344488,
56.184814 -34.673978 0.344488, 56.18255 -34.67212 0.344488,
56.182039 -34.671531 0.344488, 56.181149 -34.670971 0.344488,
56.18034 -34.670306 0.344488, 56.17962 -34.670008 0.344488,
56.17714 -34.668447 0.344488, 56.139645 -34.6497 0.344488,
56.134239 -34.647631 0.344488, 56.13318 -34.647556 0.344488,
56.1322 -34.64715 0.344488, 56.12644 -34.646582 0.344488,
55.976459 -34.646582 0.344488, 55.970698 -34.64715 0.344488,
55.960054 -34.651559 0.344488, 55.951907 -34.659705 0.344488,
55.947498 -34.670349 0.344488, 55.946931 -34.67611 0.344488,
55.946931 -34.852806 0.344488, 55.946931 -35.069811 0.344488,
55.947498 -35.075571 0.344488, 55.951907 -35.086215 0.344488,
55.960054 -35.094362 0.344488, 55.970698 -35.098771 0.344488,
55.982219 -35.098771 0.344488, 55.992863 -35.094362 0.344488,
56.00101 -35.086215 0.344488, 56.005419 -35.075571 0.344488,
56.005986 -35.069811 0.344488, 56.005986 -34.911861 0.344488,
56.054823 -34.911861 0.344488, 56.177241 -35.086744 0.344488,
56.181009 -35.091137 0.344488, 56.190725 -35.097329 0.344488,
56.20207 -35.099331 0.344488, 56.213319 -35.096839 0.344488,
56.222757 -35.090232 0.344488, 56.228949 -35.080517 0.344488,
56.230951 -35.069171 0.344488, 56.228459 -35.057922 0.344488,
56.22562 -35.052878 0.344488, 56.126879 -34.911818 0.344488,
56.1322 -34.911294 0.344488, 56.13318 -34.910888 0.344488,
56.134239 -34.910813 0.344488, 56.139645 -34.908744 0.344488,
56.171903 -34.758071 0.344488, 56.171903 -34.800373 0.344488,
56.158415 -34.827348 0.344488, 56.146444 -34.839319 0.344488,
56.119469 -34.852806 0.344488, 56.005986 -34.852806 0.344488,
56.005986 -34.705637 0.344488, 56.119469 -34.705637 0.344488,
56.146444 -34.719125 0.344488, 56.158415 -34.731096 0.344488,
55.812992 -34.801353 0.344488, 55.811194 -34.792313 0.344488,
55.79841 -34.779529 0.344488, 55.78033 -34.779529 0.344488,
55.767546 -34.792313 0.344488, 55.765748 -34.801353 0.344488,
55.765748 -34.980143 0.344488, 55.767546 -34.989183 0.344488,
55.78033 -35.001967 0.344488, 55.79841 -35.001967 0.344488,
55.811194 -34.989183 0.344488, 55.812992 -34.980143 0.344488,
57.229646 -34.801353 0.344488, 57.227848 -34.792313 0.344488,
57.215063 -34.779529 0.344488, 57.196984 -34.779529 0.344488,
57.1842 -34.792313 0.344488, 57.182402 -34.801353 0.344488,
57.182402 -34.980143 0.344488, 57.1842 -34.989183 0.344488,
57.196984 -35.001967 0.344488, 57.215063 -35.001967 0.344488,
57.227848 -34.989183 0.344488, 57.229646 -34.980143 0.344488,
58.67781 -36.249169 0.344488, 58.66143 -36.265711 0.344488,
58.647556 -36.286858 0.344488, 58.637928 -36.310344 0.344488,
58.63166 -36.33951 0.344488, 58.629382 -36.375589 0.344488,
58.631543 -36.4102 0.344488, 58.637517 -36.438502 0.344488,
58.646739 -36.461578 0.344488, 58.660066 -36.482372 0.344488,
58.675987 -36.49873 0.344488, 58.694698 -36.511172 0.344488,
58.715634 -36.519922 0.344488, 58.738734 -36.5253 0.344488,
58.764413 -36.527158 0.344488, 58.788831 -36.526035 0.344488,
58.807684 -36.523024 0.344488, 58.825022 -36.517926 0.344488,
58.840474 -36.511172 0.344488, 58.840474 -36.468189 0.344488,
58.824535 -36.474716 0.344488, 58.806578 -36.480329 0.344488,
58.78733 -36.483965 0.344488, 58.76386 -36.485281 0.344488,
58.743351 -36.483336 0.344488, 58.726444 -36.477863 0.344488,
58.712407 -36.469106 0.344488, 58.700756 -36.456891 0.344488,
58.692065 -36.442401 0.344488, 58.685426 -36.42443 0.344488,
58.681098 -36.402258 0.344488, 58.679529 -36.375035 0.344488,
58.681835 -36.341586 0.344488, 58.688048 -36.315996 0.344488,
58.697398 -36.296636 0.344488, 58.709554 -36.282225 0.344488,
58.724671 -36.27193 0.344488, 58.743363 -36.265471 0.344488,
58.766625 -36.263155 0.344488, 58.782262 -36.264215 0.344488,
58.799679 -36.267578 0.344488, 58.83057 -36.27693 0.344488,
58.845451 -36.236687 0.344488, 58.831134 -36.230838 0.344488,
58.811266 -36.225389 0.344488, 58.790049 -36.221887 0.344488,
58.76773 -36.220701 0.344488, 58.741661 -36.222559 0.344488,
58.718183 -36.227939 0.344488, 58.696885 -36.236687 0.344488,
58.646339 -34.801353 0.344488, 58.644541 -34.792313 0.344488,
58.631756 -34.779529 0.344488, 58.613677 -34.779529 0.344488,
58.600893 -34.792313 0.344488, 58.599094 -34.801353 0.344488,
58.599094 -34.980143 0.344488, 58.600893 -34.989183 0.344488,
58.613677 -35.001967 0.344488, 58.631756 -35.001967 0.344488,
58.644541 -34.989183 0.344488, 58.646339 -34.980143 0.344488,
60.062992 -34.801353 0.344488, 60.061194 -34.792313 0.344488,
60.04841 -34.779529 0.344488, 60.03033 -34.779529 0.344488,
60.017546 -34.792313 0.344488, 60.015748 -34.801353 0.344488,
60.015748 -34.980143 0.344488, 60.017546 -34.989183 0.344488,
60.03033 -35.001967 0.344488, 60.04841 -35.001967 0.344488,
60.061194 -34.989183 0.344488, 60.062992 -34.980143 0.344488,
52.20728 -34.570726 0.344488, 52.205422 -34.572989 0.344488,
52.204832 -34.573501 0.344488, 52.204272 -34.57439 0.344488,
52.203608 -34.5752 0.344488, 52.203309 -34.575919 0.344488,
52.201749 -34.5784 0.344488, 52.183001 -34.615895 0.344488,
52.18284 -34.616316 0.344488, 52.182713 -34.616487 0.344488,
52.181852 -34.618896 0.344488, 52.180932 -34.621301 0.344488,
52.180917 -34.621513 0.344488, 52.180765 -34.621939 0.344488,
52.162018 -34.696929 0.344488, 52.16187 -34.697928 0.344488,
52.161704 -34.69833 0.344488, 52.16149 -34.7005 0.344488,
52.161171 -34.702655 0.344488, 52.161235 -34.703085 0.344488,
52.161136 -34.704091 0.344488, 52.161136 -34.760333 0.344488,
52.161235 -34.761339 0.344488, 52.161171 -34.761769 0.344488,
52.16149 -34.763924 0.344488, 52.161704 -34.766094 0.344488,
52.16187 -34.766496 0.344488, 52.162018 -34.767495 0.344488,
52.180765 -34.842485 0.344488, 52.180917 -34.84291 0.344488,
52.180932 -34.843123 0.344488, 52.181848 -34.845517 0.344488,
52.182713 -34.847937 0.344488, 52.18284 -34.848108 0.344488,
52.183001 -34.848529 0.344488, 52.201749 -34.886024 0.344488,
52.203309 -34.888503 0.344488, 52.203607 -34.889224 0.344488,
52.204272 -34.890034 0.344488, 52.204832 -34.890923 0.344488,
52.205422 -34.891435 0.344488, 52.20728 -34.893698 0.344488,
52.244775 -34.931194 0.344488, 52.24925 -34.934867 0.344488,
52.25023 -34.935272 0.344488, 52.251031 -34.935967 0.344488,
52.256317 -34.938327 0.344488, 52.312559 -34.957075 0.344488,
52.315416 -34.957724 0.344488, 52.316137 -34.958023 0.344488,
52.317181 -34.958126 0.344488, 52.318204 -34.958358 0.344488,
52.318981 -34.958303 0.344488, 52.321897 -34.95859 0.344488,
52.359393 -34.95859 0.344488, 52.362308 -34.958303 0.344488,
52.363085 -34.958358 0.344488, 52.364108 -34.958126 0.344488,
52.365153 -34.958023 0.344488, 52.365874 -34.957724 0.344488,
52.36873 -34.957075 0.344488, 52.424973 -34.938327 0.344488,
52.430258 -34.935967 0.344488, 52.431059 -34.935272 0.344488,
52.43204 -34.934866 0.344488, 52.436515 -34.931194 0.344488,
52.455262 -34.912446 0.344488, 52.458935 -34.907971 0.344488,
52.463343 -34.897327 0.344488, 52.463343 -34.885806 0.344488,
52.458934 -34.875162 0.344488, 52.450787 -34.867015 0.344488,
52.440143 -34.862607 0.344488, 52.428622 -34.862607 0.344488,
52.417978 -34.867016 0.344488, 52.413504 -34.870688 0.344488,
52.399685 -34.884507 0.344488, 52.354601 -34.899535 0.344488,
52.326689 -34.899535 0.344488, 52.281605 -34.884507 0.344488,
52.252426 -34.855328 0.344488, 52.237271 -34.825019 0.344488,
52.220191 -34.756698 0.344488, 52.220191 -34.707726 0.344488,
52.237271 -34.639406 0.344488, 52.252426 -34.609096 0.344488,
52.281605 -34.579917 0.344488, 52.326689 -34.564889 0.344488,
52.354601 -34.564889 0.344488, 52.399685 -34.579917 0.344488,
52.413504 -34.593736 0.344488, 52.417978 -34.597408 0.344488,
52.428622 -34.601817 0.344488, 52.440143 -34.601817 0.344488,
52.450787 -34.597408 0.344488, 52.458934 -34.589261 0.344488,
52.463343 -34.578617 0.344488, 52.463343 -34.567096 0.344488,
52.458934 -34.556452 0.344488, 52.455262 -34.551978 0.344488,
52.436515 -34.53323 0.344488, 52.43204 -34.529558 0.344488,
52.431059 -34.529152 0.344488, 52.430258 -34.528457 0.344488,
52.424973 -34.526097 0.344488, 52.36873 -34.50735 0.344488,
52.365874 -34.5067 0.344488, 52.365153 -34.506402 0.344488,
52.364108 -34.506298 0.344488, 52.363085 -34.506066 0.344488,
52.362308 -34.506121 0.344488, 52.359393 -34.505834 0.344488,
52.321897 -34.505834 0.344488, 52.318981 -34.506121 0.344488,
52.318204 -34.506066 0.344488, 52.317181 -34.506298 0.344488,
52.316137 -34.506402 0.344488, 52.315416 -34.5067 0.344488,
52.312559 -34.50735 0.344488, 52.256317 -34.526097 0.344488,
52.251031 -34.528457 0.344488, 52.25023 -34.529152 0.344488,
52.24925 -34.529558 0.344488, 52.244775 -34.53323 0.344488,
52.672282 -34.518983 0.344488, 52.636408 -34.572794 0.344488,
52.604369 -34.604833 0.344488, 52.571159 -34.621437 0.344488,
52.566261 -34.624521 0.344488, 52.558712 -34.633225 0.344488,
52.555069 -34.644154 0.344488, 52.555885 -34.655646 0.344488,
52.561038 -34.665952 0.344488, 52.569742 -34.6735 0.344488,
52.580671 -34.677143 0.344488, 52.592163 -34.676327 0.344488,
52.59757 -34.674258 0.344488, 52.635065 -34.65551 0.344488,
52.637545 -34.653949 0.344488, 52.638265 -34.653651 0.344488,
52.639074 -34.652986 0.344488, 52.639964 -34.652427 0.344488,
52.640475 -34.651837 0.344488, 52.642739 -34.649979 0.344488,
52.667323 -34.625395 0.344488, 52.667323 -34.899535 0.344488,
52.584365 -34.899535 0.344488, 52.578604 -34.900102 0.344488,
52.56796 -34.904511 0.344488, 52.559813 -34.912658 0.344488,
52.555404 -34.923302 0.344488, 52.555404 -34.934823 0.344488,
52.559813 -34.945467 0.344488, 52.56796 -34.953614 0.344488,
52.578604 -34.958023 0.344488, 52.584365 -34.95859 0.344488,
52.809336 -34.95859 0.344488, 52.815097 -34.958023 0.344488,
52.825741 -34.953614 0.344488, 52.833887 -34.945467 0.344488,
52.838296 -34.934823 0.344488, 52.838296 -34.923302 0.344488,
52.833887 -34.912658 0.344488, 52.825741 -34.904511 0.344488,
52.815097 -34.900102 0.344488, 52.809336 -34.899535 0.344488,
52.726378 -34.899535 0.344488, 52.726378 -34.535362 0.344488,
52.726376 -34.535341 0.344488, 52.726378 -34.535331 0.344488,
52.726372 -34.5353 0.344488, 52.725811 -34.529601 0.344488,
52.724692 -34.5269 0.344488, 52.724119 -34.524033 0.344488,
52.722508 -34.521629 0.344488, 52.721402 -34.518957 0.344488,
52.719335 -34.516891 0.344488, 52.717708 -34.514461 0.344488,
52.7153 -34.512855 0.344488, 52.713255 -34.510811 0.344488,
52.710554 -34.509692 0.344488, 52.708122 -34.50807 0.344488,
52.705283 -34.507509 0.344488, 52.702611 -34.506402 0.344488,
52.699687 -34.506402 0.344488, 52.696819 -34.505834 0.344488,
52.693983 -34.506402 0.344488, 52.69109 -34.506402 0.344488,
52.688389 -34.50752 0.344488, 52.685522 -34.508094 0.344488,
52.683119 -34.509703 0.344488, 52.680446 -34.510811 0.344488,
52.678378 -34.512878 0.344488, 52.67595 -34.514504 0.344488,
52.672319 -34.518937 0.344488, 52.672299 -34.518957 0.344488,
52.672295 -34.518966 0.344488, 53.750663 -34.45159 0.344488,
53.737879 -34.438806 0.344488, 53.728839 -34.437008 0.344488,
53.523129 -34.437008 0.344488, 53.514089 -34.438806 0.344488,
53.501305 -34.45159 0.344488, 53.501305 -34.46967 0.344488,
53.514089 -34.482454 0.344488, 53.523129 -34.484252 0.344488,
53.728839 -34.484252 0.344488, 53.737879 -34.482454 0.344488,
53.750663 -34.46967 0.344488, 61.934055 -34.261811 0.344488,
61.932257 -34.252771 0.344488, 61.919473 -34.239987 0.344488,
61.910433 -34.238189 0.344488, 61.193898 -34.238189 0.344488,
61.184858 -34.239987 0.344488, 61.172074 -34.252771 0.344488,
61.170276 -34.261811 0.344488, 61.170276 -34.281496 0.344488,
61.172074 -34.290536 0.344488, 61.184858 -34.30332 0.344488,
61.202937 -34.30332 0.344488, 61.215722 -34.290536 0.344488,
61.216737 -34.285433 0.344488, 61.887594 -34.285433 0.344488,
61.888609 -34.290536 0.344488, 61.901393 -34.30332 0.344488,
61.919473 -34.30332 0.344488, 61.932257 -34.290536 0.344488,
61.934055 -34.281496 0.344488, 54.760487 -34.889996 0.344488,
54.762967 -34.888435 0.344488, 54.763686 -34.888137 0.344488,
54.764496 -34.887472 0.344488, 54.765385 -34.886913 0.344488,
54.765897 -34.886323 0.344488, 54.768161 -34.884465 0.344488,
54.786908 -34.865718 0.344488, 54.788766 -34.863454 0.344488,
54.789356 -34.862943 0.344488, 54.789915 -34.862053 0.344488,
54.79058 -34.861243 0.344488, 54.790878 -34.860524 0.344488,
54.792439 -34.858044 0.344488, 54.811187 -34.820548 0.344488,
54.813256 -34.815143 0.344488, 54.813331 -34.814083 0.344488,
54.813737 -34.813104 0.344488, 54.814304 -34.807343 0.344488,
54.814304 -34.7511 0.344488, 54.813737 -34.74534 0.344488,
54.813331 -34.74436 0.344488, 54.813256 -34.743301 0.344488,
54.811187 -34.737895 0.344488, 54.792439 -34.7004 0.344488,
54.790878 -34.69792 0.344488, 54.79058 -34.6972 0.344488,
54.789915 -34.696391 0.344488, 54.789356 -34.695501 0.344488,
54.788766 -34.694989 0.344488, 54.786908 -34.692726 0.344488,
54.768161 -34.673978 0.344488, 54.765897 -34.67212 0.344488,
54.765385 -34.671531 0.344488, 54.764496 -34.670971 0.344488,
54.763686 -34.670306 0.344488, 54.762967 -34.670008 0.344488,
54.760487 -34.668447 0.344488, 54.722991 -34.6497 0.344488,
54.717585 -34.647631 0.344488, 54.716527 -34.647556 0.344488,
54.715547 -34.64715 0.344488, 54.709786 -34.646582 0.344488,
54.559805 -34.646582 0.344488, 54.554044 -34.64715 0.344488,
54.5434 -34.651559 0.344488, 54.535254 -34.659705 0.344488,
54.530845 -34.670349 0.344488, 54.530278 -34.67611 0.344488,
54.530278 -34.852806 0.344488, 54.530278 -35.069811 0.344488,
54.530845 -35.075571 0.344488, 54.531355 -35.076803 0.344488,
54.540717 -35.073528 0.344488, 54.553858 -35.072047 0.344488,
54.566999 -35.073528 0.344488, 54.579481 -35.077896 0.344488,
54.586085 -35.082045 0.344488, 54.588765 -35.075571 0.344488,
54.589333 -35.069811 0.344488, 54.589333 -34.911861 0.344488,
54.63817 -34.911861 0.344488, 54.760587 -35.086744 0.344488,
54.764355 -35.091137 0.344488, 54.774071 -35.097329 0.344488,
54.785417 -35.099331 0.344488, 54.796665 -35.096839 0.344488,
54.806104 -35.090232 0.344488, 54.812295 -35.080517 0.344488,
54.814297 -35.069171 0.344488, 54.811806 -35.057922 0.344488,
54.808967 -35.052878 0.344488, 54.710225 -34.911818 0.344488,
54.715547 -34.911294 0.344488, 54.716527 -34.910888 0.344488,
54.717585 -34.910813 0.344488, 54.722991 -34.908744 0.344488,
54.755249 -34.758071 0.344488, 54.755249 -34.800373 0.344488,
54.741762 -34.827348 0.344488, 54.729791 -34.839319 0.344488,
54.702816 -34.852806 0.344488, 54.589333 -34.852806 0.344488,
54.589333 -34.705637 0.344488, 54.702816 -34.705637 0.344488,
54.729791 -34.719125 0.344488, 54.741762 -34.731096 0.344488,
55.022676 -34.659731 0.344488, 54.986802 -34.713542 0.344488,
54.954763 -34.745581 0.344488, 54.921553 -34.762185 0.344488,
54.916654 -34.765269 0.344488, 54.909106 -34.773973 0.344488,
54.905463 -34.784902 0.344488, 54.906279 -34.796394 0.344488,
54.911431 -34.8067 0.344488, 54.920135 -34.814248 0.344488,
54.931065 -34.817891 0.344488, 54.942557 -34.817075 0.344488,
54.947963 -34.815006 0.344488, 54.985459 -34.796258 0.344488,
54.987939 -34.794697 0.344488, 54.988658 -34.794399 0.344488,
54.989468 -34.793734 0.344488, 54.990357 -34.793175 0.344488,
54.990869 -34.792585 0.344488, 54.993133 -34.790727 0.344488,
55.017717 -34.766143 0.344488, 55.017717 -35.040283 0.344488,
54.934758 -35.040283 0.344488, 54.928998 -35.04085 0.344488,
54.918354 -35.045259 0.344488, 54.910207 -35.053406 0.344488,
54.905798 -35.06405 0.344488, 54.905798 -35.075571 0.344488,
54.910207 -35.086215 0.344488, 54.918354 -35.094362 0.344488,
54.928998 -35.098771 0.344488, 54.934758 -35.099338 0.344488,
55.15973 -35.099338 0.344488, 55.165491 -35.098771 0.344488,
55.176135 -35.094362 0.344488, 55.184281 -35.086215 0.344488,
55.18869 -35.075571 0.344488, 55.18869 -35.06405 0.344488,
55.184281 -35.053406 0.344488, 55.176135 -35.045259 0.344488,
55.165491 -35.04085 0.344488, 55.15973 -35.040283 0.344488,
55.076772 -35.040283 0.344488, 55.076772 -34.67611 0.344488,
55.076769 -34.676089 0.344488, 55.076772 -34.676079 0.344488,
55.076765 -34.676048 0.344488, 55.076204 -34.670349 0.344488,
55.075085 -34.667648 0.344488, 55.074512 -34.664781 0.344488,
55.072902 -34.662377 0.344488, 55.071795 -34.659705 0.344488,
55.069729 -34.657639 0.344488, 55.068102 -34.655209 0.344488,
55.065693 -34.653603 0.344488, 55.063649 -34.651559 0.344488,
55.060948 -34.65044 0.344488, 55.058515 -34.648818 0.344488,
55.055677 -34.648257 0.344488, 55.053005 -34.64715 0.344488,
55.050081 -34.64715 0.344488, 55.047213 -34.646582 0.344488,
55.044376 -34.64715 0.344488, 55.041483 -34.64715 0.344488,
55.038782 -34.648268 0.344488, 55.035916 -34.648842 0.344488,
55.033512 -34.650451 0.344488, 55.030839 -34.651559 0.344488,
55.028772 -34.653626 0.344488, 55.026343 -34.655252 0.344488,
55.022713 -34.659685 0.344488, 55.022693 -34.659705 0.344488,
55.022689 -34.659714 0.344488, 52.555404 -38.292661 0.344488,
52.555069 -38.294136 0.344488, 52.555404 -38.298854 0.344488,
52.555404 -38.303589 0.344488, 52.555811 -38.30457 0.344488,
52.555886 -38.305628 0.344488, 52.558002 -38.30986 0.344488,
52.559813 -38.314233 0.344488, 52.560563 -38.314983 0.344488,
52.561038 -38.315932 0.344488, 52.564613 -38.319033 0.344488,
52.56796 -38.32238 0.344488, 52.568939 -38.322785 0.344488,
52.569741 -38.323481 0.344488, 52.574231 -38.324978 0.344488,
52.578604 -38.326789 0.344488, 52.58011 -38.326937 0.344488,
52.580672 -38.327124 0.344488, 52.581449 -38.327069 0.344488,
52.584365 -38.327356 0.344488, 52.742313 -38.327356 0.344488,
52.742313 -38.429063 0.344488, 52.742881 -38.434823 0.344488,
52.74729 -38.445467 0.344488, 52.755436 -38.453614 0.344488,
52.76608 -38.458023 0.344488, 52.777602 -38.458023 0.344488,
52.788246 -38.453614 0.344488, 52.796392 -38.445467 0.344488,
52.800801 -38.434823 0.344488, 52.801369 -38.429063 0.344488,
52.801369 -38.327356 0.344488, 52.828084 -38.327356 0.344488,
52.833844 -38.326789 0.344488, 52.844489 -38.32238 0.344488,
52.852635 -38.314233 0.344488, 52.857044 -38.303589 0.344488,
52.857044 -38.292068 0.344488, 52.852635 -38.281424 0.344488,
52.844489 -38.273278 0.344488, 52.833844 -38.268869 0.344488,
52.828084 -38.268301 0.344488, 52.801369 -38.268301 0.344488,
52.801368 -38.220834 0.344488, 52.788513 -38.219386 0.344488,
52.77603 -38.215018 0.344488, 52.764833 -38.207982 0.344488,
52.755482 -38.198631 0.344488, 52.748447 -38.187434 0.344488,
52.744079 -38.174952 0.344488, 52.742699 -38.162693 0.344488,
52.742313 -38.166595 0.344488, 52.742313 -38.268301 0.344488,
52.625332 -38.268301 0.344488, 52.706115 -38.025952 0.344488,
52.707398 -38.020307 0.344488, 52.706581 -38.008815 0.344488,
52.70143 -37.998511 0.344488, 52.692726 -37.990962 0.344488,
52.681796 -37.987319 0.344488, 52.670304 -37.988135 0.344488,
52.659999 -37.993288 0.344488, 52.65245 -38.001991 0.344488,
52.650091 -38.007277 0.344488, 52.556352 -38.288491 0.344488,
52.555703 -38.291347 0.344488, 52.555404 -38.292068 0.344488,
61.099409 -34.151575 0.344488, 61.092491 -34.134872 0.344488,
61.075787 -34.127953 0.344488, 60.886811 -34.127953 0.344488,
60.872917 -34.132471 0.344488, 60.863478 -34.147891 0.344488,
60.867707 -34.165469 0.344488, 60.962195 -34.29539 0.344488,
60.967406 -34.3006 0.344488, 60.984983 -34.304829 0.344488,
61.000403 -34.29539 0.344488, 61.094891 -34.165469 0.344488,
62.954537 -34.781425 0.344488, 62.953969 -34.775664 0.344488,
62.94956 -34.76502 0.344488, 62.941414 -34.756874 0.344488,
62.93077 -34.752465 0.344488, 62.919248 -34.752465 0.344488,
62.908604 -34.756874 0.344488, 62.900458 -34.76502 0.344488,
62.896049 -34.775664 0.344488, 62.895605 -34.78017 0.344488,
62.904803 -34.779134 0.344488, 62.917944 -34.780614 0.344488,
62.930426 -34.784982 0.344488, 62.941623 -34.792018 0.344488,
62.950974 -34.801369 0.344488, 62.954538 -34.807039 0.344488
              ]
            }
            coordIndex [
21, 0, 20, -1, 20, 0, 1, -1, 20, 1, 8, -1, 8, 1, 2, -1,
8, 2, 7, -1, 7, 2, 3, -1, 7, 3, 6, -1, 6, 3, 4, -1,
6, 4, 5, -1, 9, 10, 15, -1, 15, 10, 11, -1, 15, 11, 14, -1,
14, 11, 12, -1, 14, 12, 13, -1, 9, 15, 16, -1, 9, 16, 17, -1,
9, 17, 18, -1, 9, 18, 19, -1, 9, 19, 20, -1, 9, 20, 8, -1,
43, 22, 42, -1, 42, 22, 23, -1, 42, 23, 30, -1, 30, 23, 24, -1,
30, 24, 29, -1, 29, 24, 25, -1, 29, 25, 28, -1, 28, 25, 26, -1,
28, 26, 27, -1, 31, 32, 37, -1, 37, 32, 33, -1, 37, 33, 36, -1,
36, 33, 34, -1, 36, 34, 35, -1, 31, 37, 38, -1, 31, 38, 39, -1,
31, 39, 40, -1, 31, 40, 41, -1, 31, 41, 42, -1, 31, 42, 30, -1,
49, 51, 48, -1, 48, 51, 52, -1, 48, 52, 47, -1, 47, 52, 53, -1,
47, 53, 46, -1, 46, 53, 54, -1, 46, 54, 45, -1, 45, 54, 55, -1,
45, 55, 44, -1, 61, 63, 60, -1, 60, 63, 64, -1, 60, 64, 59, -1,
59, 64, 65, -1, 59, 65, 58, -1, 58, 65, 66, -1, 58, 66, 57, -1,
57, 66, 67, -1, 57, 67, 56, -1, 73, 75, 72, -1, 72, 75, 76, -1,
72, 76, 71, -1, 71, 76, 77, -1, 71, 77, 70, -1, 70, 77, 78, -1,
70, 78, 69, -1, 69, 78, 79, -1, 69, 79, 68, -1, 85, 87, 84, -1,
84, 87, 88, -1, 84, 88, 83, -1, 83, 88, 89, -1, 83, 89, 82, -1,
82, 89, 90, -1, 82, 90, 81, -1, 81, 90, 91, -1, 81, 91, 80, -1,
92, 93, 100, -1, 100, 93, 94, -1, 100, 94, 99, -1, 99, 94, 95, -1,
99, 95, 98, -1, 98, 95, 96, -1, 98, 96, 97, -1, 118, 92, 117, -1,
117, 92, 100, -1, 117, 100, 116, -1, 116, 100, 101, -1, 116, 101, 113, -1,
113, 101, 112, -1, 116, 113, 114, -1, 116, 114, 115, -1, 112, 101, 102, -1,
112, 102, 103, -1, 112, 103, 104, -1, 112, 104, 105, -1, 112, 105, 106, -1,
112, 106, 111, -1, 107, 108, 110, -1, 107, 110, 111, -1, 107, 111, 106, -1,
119, 120, 127, -1, 127, 120, 121, -1, 127, 121, 126, -1, 126, 121, 122, -1,
126, 122, 125, -1, 125, 122, 123, -1, 125, 123, 124, -1, 145, 119, 144, -1,
144, 119, 127, -1, 144, 127, 143, -1, 143, 127, 128, -1, 143, 128, 140, -1,
140, 128, 139, -1, 143, 140, 141, -1, 143, 141, 142, -1, 139, 128, 129, -1,
139, 129, 130, -1, 139, 130, 131, -1, 139, 131, 132, -1, 139, 132, 133, -1,
139, 133, 138, -1, 134, 135, 137, -1, 134, 137, 138, -1, 134, 138, 133, -1,
192, 193, 188, -1, 192, 188, 190, -1, 4912, 4835, 4872, -1, 4872, 4835, 4836, -1,
4872, 4836, 4871, -1, 4871, 4836, 4837, -1, 4871, 4837, 4870, -1, 4870, 4837, 4838, -1,
4870, 4838, 4869, -1, 4869, 4838, 4839, -1, 4869, 4839, 4868, -1, 4868, 4839, 4840, -1,
4868, 4840, 4867, -1, 4867, 4840, 4841, -1, 4867, 4841, 4866, -1, 4866, 4841, 4842, -1,
4866, 4842, 4865, -1, 4865, 4842, 4843, -1, 4865, 4843, 4864, -1, 4864, 4843, 4844, -1,
4864, 4844, 4863, -1, 4863, 4844, 4845, -1, 4863, 4845, 4862, -1, 4862, 4845, 4846, -1,
4862, 4846, 4861, -1, 4861, 4846, 4847, -1, 4861, 4847, 4860, -1, 4860, 4847, 4848, -1,
4860, 4848, 4859, -1, 4859, 4848, 4849, -1, 4859, 4849, 4858, -1, 4858, 4849, 4850, -1,
4858, 4850, 4857, -1, 4857, 4850, 4851, -1, 4857, 4851, 4856, -1, 4856, 4851, 4852, -1,
4856, 4852, 4855, -1, 4855, 4852, 4853, -1, 4855, 4853, 4854, -1, 4872, 4873, 4920, -1,
4872, 4920, 4921, -1, 4872, 4921, 4912, -1, 4920, 4873, 4874, -1, 4920, 4874, 4875, -1,
4920, 4875, 4876, -1, 4920, 4876, 4877, -1, 4920, 4877, 4919, -1, 4919, 4877, 4918, -1,
4918, 4877, 4878, -1, 4918, 4878, 4890, -1, 4890, 4878, 4879, -1, 4890, 4879, 4889, -1,
4889, 4879, 4880, -1, 4889, 4880, 4888, -1, 4888, 4880, 4881, -1, 4888, 4881, 4887, -1,
4887, 4881, 4882, -1, 4887, 4882, 4886, -1, 4886, 4882, 4883, -1, 4886, 4883, 4884, -1,
4893, 4894, 4918, -1, 4918, 4894, 4895, -1, 4918, 4895, 4917, -1, 4917, 4895, 4896, -1,
4917, 4896, 4916, -1, 4916, 4896, 4907, -1, 4916, 4907, 4915, -1, 4915, 4907, 4908, -1,
4915, 4908, 4909, -1, 4918, 4890, 4891, -1, 4918, 4891, 4892, -1, 4918, 4892, 4893, -1,
4835, 4912, 4913, -1, 4835, 4913, 4914, -1, 4835, 4914, 4915, -1, 4835, 4915, 4911, -1,
4915, 4909, 4910, -1, 4915, 4910, 4911, -1, 4968, 4969, 4964, -1, 4968, 4964, 4966, -1,
4942, 4943, 4964, -1, 4964, 4943, 4954, -1, 4964, 4954, 4963, -1, 4963, 4954, 4955, -1,
4963, 4955, 4962, -1, 4962, 4955, 4956, -1, 4962, 4956, 4961, -1, 4961, 4956, 4957, -1,
4961, 4957, 4960, -1, 4960, 4957, 4958, -1, 4960, 4958, 4959, -1, 4964, 4969, 4970, -1,
4964, 4970, 4971, -1, 4964, 4971, 4972, -1, 4964, 4972, 4973, -1, 4964, 4973, 4974, -1,
4964, 4974, 4975, -1, 4964, 4975, 4976, -1, 4964, 4976, 4977, -1, 4964, 4977, 4978, -1,
4964, 4978, 4979, -1, 4964, 4979, 4980, -1, 4964, 4980, 4981, -1, 4964, 4981, 4982, -1,
4964, 4982, 4983, -1, 4964, 4983, 4984, -1, 4964, 4984, 4985, -1, 4964, 4985, 4986, -1,
4964, 4986, 4987, -1, 4964, 4987, 4988, -1, 4964, 4988, 4989, -1, 4964, 4989, 4990, -1,
4964, 4990, 4991, -1, 4964, 4991, 4992, -1, 4964, 4922, 4942, -1, 4948, 4950, 4947, -1,
4947, 4950, 4951, -1, 4947, 4951, 4946, -1, 4946, 4951, 4952, -1, 4946, 4952, 4945, -1,
4945, 4952, 4953, -1, 4945, 4953, 4944, -1, 4944, 4953, 4954, -1, 4944, 4954, 4943, -1,
4922, 4923, 4936, -1, 4922, 4936, 4937, -1, 4922, 4937, 4938, -1, 4922, 4938, 4939, -1,
4922, 4939, 4940, -1, 4922, 4940, 4941, -1, 4922, 4941, 4942, -1, 4933, 4934, 4924, -1,
4924, 4934, 4935, -1, 4924, 4935, 4923, -1, 4923, 4935, 4936, -1, 4928, 4929, 4927, -1,
4927, 4929, 4930, -1, 4927, 4930, 4926, -1, 4926, 4930, 4931, -1, 4926, 4931, 4925, -1,
4925, 4931, 4932, -1, 4925, 4932, 4924, -1, 4924, 4932, 4933, -1, 4901, 4902, 4906, -1,
4906, 4902, 4903, -1, 4906, 4903, 4905, -1, 4905, 4903, 4904, -1, 4906, 4907, 4897, -1,
4906, 4897, 4898, -1, 4906, 4898, 4899, -1, 4906, 4899, 4900, -1, 4906, 4900, 4901, -1,
166, 167, 188, -1, 188, 167, 178, -1, 188, 178, 187, -1, 187, 178, 179, -1,
187, 179, 186, -1, 186, 179, 180, -1, 186, 180, 185, -1, 185, 180, 181, -1,
185, 181, 184, -1, 184, 181, 182, -1, 184, 182, 183, -1, 188, 193, 194, -1,
188, 194, 195, -1, 188, 195, 196, -1, 188, 196, 197, -1, 188, 197, 198, -1,
188, 198, 199, -1, 188, 199, 200, -1, 188, 200, 201, -1, 188, 201, 202, -1,
188, 202, 203, -1, 188, 203, 204, -1, 188, 204, 205, -1, 188, 205, 206, -1,
188, 206, 207, -1, 188, 207, 208, -1, 188, 208, 209, -1, 188, 209, 210, -1,
188, 210, 211, -1, 188, 211, 212, -1, 188, 212, 213, -1, 188, 213, 214, -1,
188, 214, 215, -1, 188, 215, 216, -1, 188, 146, 166, -1, 172, 174, 171, -1,
171, 174, 175, -1, 171, 175, 170, -1, 170, 175, 176, -1, 170, 176, 169, -1,
169, 176, 177, -1, 169, 177, 168, -1, 168, 177, 178, -1, 168, 178, 167, -1,
146, 147, 160, -1, 146, 160, 161, -1, 146, 161, 162, -1, 146, 162, 163, -1,
146, 163, 164, -1, 146, 164, 165, -1, 146, 165, 166, -1, 157, 158, 148, -1,
148, 158, 159, -1, 148, 159, 147, -1, 147, 159, 160, -1, 152, 153, 151, -1,
151, 153, 154, -1, 151, 154, 150, -1, 150, 154, 155, -1, 150, 155, 149, -1,
149, 155, 156, -1, 149, 156, 148, -1, 148, 156, 157, -1, 313, 314, 295, -1,
295, 314, 315, -1, 295, 315, 337, -1, 337, 315, 316, -1, 337, 316, 327, -1,
327, 316, 317, -1, 327, 317, 326, -1, 326, 317, 318, -1, 326, 318, 325, -1,
325, 318, 319, -1, 325, 319, 324, -1, 324, 319, 320, -1, 324, 320, 323, -1,
323, 320, 321, -1, 323, 321, 322, -1, 295, 296, 309, -1, 295, 309, 310, -1,
295, 310, 311, -1, 295, 311, 312, -1, 295, 312, 313, -1, 306, 307, 297, -1,
297, 307, 308, -1, 297, 308, 296, -1, 296, 308, 309, -1, 301, 302, 300, -1,
300, 302, 303, -1, 300, 303, 299, -1, 299, 303, 304, -1, 299, 304, 298, -1,
298, 304, 305, -1, 298, 305, 297, -1, 297, 305, 306, -1, 293, 294, 219, -1,
293, 219, 220, -1, 293, 220, 246, -1, 293, 246, 247, -1, 293, 247, 292, -1,
277, 278, 271, -1, 277, 271, 272, -1, 277, 272, 273, -1, 277, 273, 274, -1,
277, 274, 275, -1, 277, 275, 276, -1, 279, 280, 268, -1, 279, 268, 269, -1,
279, 269, 270, -1, 279, 270, 271, -1, 279, 271, 278, -1, 280, 281, 264, -1,
280, 264, 265, -1, 280, 265, 266, -1, 280, 266, 267, -1, 280, 267, 268, -1,
282, 283, 257, -1, 282, 257, 258, -1, 282, 258, 259, -1, 282, 259, 260, -1,
282, 260, 261, -1, 282, 261, 262, -1, 282, 262, 263, -1, 282, 263, 264, -1,
282, 264, 281, -1, 257, 283, 284, -1, 257, 284, 285, -1, 257, 285, 286, -1,
257, 286, 287, -1, 257, 287, 288, -1, 257, 288, 256, -1, 288, 289, 252, -1,
288, 252, 253, -1, 288, 253, 254, -1, 288, 254, 255, -1, 288, 255, 256, -1,
290, 291, 247, -1, 290, 247, 248, -1, 290, 248, 249, -1, 290, 249, 250, -1,
290, 250, 251, -1, 290, 251, 252, -1, 290, 252, 289, -1, 220, 221, 240, -1,
220, 240, 241, -1, 220, 241, 242, -1, 220, 242, 243, -1, 220, 243, 244, -1,
220, 244, 245, -1, 220, 245, 246, -1, 222, 223, 236, -1, 222, 236, 237, -1,
222, 237, 238, -1, 222, 238, 239, -1, 222, 239, 240, -1, 222, 240, 221, -1,
223, 224, 233, -1, 223, 233, 234, -1, 223, 234, 235, -1, 223, 235, 236, -1,
225, 226, 230, -1, 225, 230, 231, -1, 225, 231, 232, -1, 225, 232, 233, -1,
225, 233, 224, -1, 229, 230, 226, -1, 229, 226, 227, -1, 229, 227, 228, -1,
341, 342, 337, -1, 341, 337, 339, -1, 337, 327, 336, -1, 336, 327, 328, -1,
336, 328, 335, -1, 335, 328, 329, -1, 335, 329, 334, -1, 334, 329, 330, -1,
334, 330, 333, -1, 333, 330, 331, -1, 333, 331, 332, -1, 337, 342, 343, -1,
337, 343, 344, -1, 337, 344, 345, -1, 337, 345, 346, -1, 337, 346, 347, -1,
337, 347, 348, -1, 337, 348, 349, -1, 337, 349, 350, -1, 337, 350, 351, -1,
337, 351, 352, -1, 337, 352, 353, -1, 337, 353, 354, -1, 337, 354, 355, -1,
337, 355, 356, -1, 337, 356, 357, -1, 337, 357, 358, -1, 337, 358, 359, -1,
337, 359, 360, -1, 337, 360, 361, -1, 337, 361, 362, -1, 337, 362, 363, -1,
337, 363, 364, -1, 337, 364, 365, -1, 368, 369, 399, -1, 368, 399, 400, -1,
368, 400, 401, -1, 368, 401, 423, -1, 368, 423, 452, -1, 399, 369, 370, -1,
399, 370, 371, -1, 399, 371, 372, -1, 399, 372, 373, -1, 399, 373, 398, -1,
397, 398, 373, -1, 397, 373, 374, -1, 397, 374, 375, -1, 397, 375, 376, -1,
397, 376, 377, -1, 397, 377, 378, -1, 397, 378, 396, -1, 378, 379, 393, -1,
378, 393, 394, -1, 378, 394, 395, -1, 378, 395, 396, -1, 393, 379, 380, -1,
393, 380, 381, -1, 393, 381, 382, -1, 393, 382, 383, -1, 393, 383, 384, -1,
393, 384, 385, -1, 393, 385, 392, -1, 391, 392, 385, -1, 391, 385, 386, -1,
391, 386, 387, -1, 391, 387, 390, -1, 388, 389, 390, -1, 388, 390, 387, -1,
429, 430, 436, -1, 436, 430, 431, -1, 436, 431, 435, -1, 435, 431, 433, -1,
435, 433, 434, -1, 425, 426, 440, -1, 440, 426, 427, -1, 440, 427, 439, -1,
439, 427, 428, -1, 439, 428, 438, -1, 438, 428, 429, -1, 438, 429, 437, -1,
437, 429, 436, -1, 441, 442, 424, -1, 441, 424, 425, -1, 441, 425, 440, -1,
424, 442, 443, -1, 424, 443, 444, -1, 424, 444, 445, -1, 424, 445, 446, -1,
424, 446, 423, -1, 423, 446, 447, -1, 423, 447, 448, -1, 423, 448, 449, -1,
423, 449, 450, -1, 423, 450, 451, -1, 423, 451, 452, -1, 401, 402, 423, -1,
423, 402, 403, -1, 423, 403, 422, -1, 422, 403, 411, -1, 422, 411, 412, -1,
403, 404, 409, -1, 403, 409, 410, -1, 403, 410, 411, -1, 405, 406, 408, -1,
405, 408, 409, -1, 405, 409, 404, -1, 422, 412, 421, -1, 421, 412, 413, -1,
421, 413, 420, -1, 420, 413, 414, -1, 420, 414, 419, -1, 419, 414, 415, -1,
419, 415, 418, -1, 418, 415, 416, -1, 418, 416, 417, -1, 519, 453, 490, -1,
490, 453, 454, -1, 490, 454, 489, -1, 489, 454, 455, -1, 489, 455, 488, -1,
488, 455, 456, -1, 488, 456, 487, -1, 487, 456, 457, -1, 487, 457, 486, -1,
486, 457, 458, -1, 486, 458, 485, -1, 485, 458, 459, -1, 485, 459, 484, -1,
484, 459, 460, -1, 484, 460, 483, -1, 483, 460, 461, -1, 483, 461, 482, -1,
482, 461, 462, -1, 482, 462, 481, -1, 481, 462, 463, -1, 481, 463, 480, -1,
480, 463, 464, -1, 480, 464, 479, -1, 479, 464, 465, -1, 479, 465, 478, -1,
478, 465, 466, -1, 478, 466, 477, -1, 477, 466, 467, -1, 477, 467, 476, -1,
476, 467, 468, -1, 476, 468, 475, -1, 475, 468, 469, -1, 475, 469, 474, -1,
474, 469, 470, -1, 474, 470, 473, -1, 473, 470, 471, -1, 473, 471, 472, -1,
490, 491, 527, -1, 490, 527, 528, -1, 490, 528, 519, -1, 527, 491, 492, -1,
527, 492, 493, -1, 527, 493, 494, -1, 527, 494, 495, -1, 527, 495, 526, -1,
526, 495, 525, -1, 525, 495, 496, -1, 525, 496, 508, -1, 508, 496, 497, -1,
508, 497, 507, -1, 507, 497, 498, -1, 507, 498, 506, -1, 506, 498, 499, -1,
506, 499, 505, -1, 505, 499, 500, -1, 505, 500, 504, -1, 504, 500, 501, -1,
504, 501, 502, -1, 525, 508, 509, -1, 525, 509, 510, -1, 525, 510, 511, -1,
525, 511, 512, -1, 525, 512, 513, -1, 525, 513, 524, -1, 453, 519, 520, -1,
453, 520, 521, -1, 453, 521, 522, -1, 453, 522, 518, -1, 522, 523, 514, -1,
522, 514, 515, -1, 522, 515, 516, -1, 522, 516, 517, -1, 522, 517, 518, -1,
524, 513, 514, -1, 524, 514, 523, -1, 595, 529, 566, -1, 566, 529, 530, -1,
566, 530, 565, -1, 565, 530, 531, -1, 565, 531, 564, -1, 564, 531, 532, -1,
564, 532, 563, -1, 563, 532, 533, -1, 563, 533, 562, -1, 562, 533, 534, -1,
562, 534, 561, -1, 561, 534, 535, -1, 561, 535, 560, -1, 560, 535, 536, -1,
560, 536, 559, -1, 559, 536, 537, -1, 559, 537, 558, -1, 558, 537, 538, -1,
558, 538, 557, -1, 557, 538, 539, -1, 557, 539, 556, -1, 556, 539, 540, -1,
556, 540, 555, -1, 555, 540, 541, -1, 555, 541, 554, -1, 554, 541, 542, -1,
554, 542, 553, -1, 553, 542, 543, -1, 553, 543, 552, -1, 552, 543, 544, -1,
552, 544, 551, -1, 551, 544, 545, -1, 551, 545, 550, -1, 550, 545, 546, -1,
550, 546, 549, -1, 549, 546, 547, -1, 549, 547, 548, -1, 566, 567, 603, -1,
566, 603, 604, -1, 566, 604, 595, -1, 603, 567, 568, -1, 603, 568, 569, -1,
603, 569, 570, -1, 603, 570, 571, -1, 603, 571, 602, -1, 602, 571, 601, -1,
601, 571, 572, -1, 601, 572, 584, -1, 584, 572, 573, -1, 584, 573, 583, -1,
583, 573, 574, -1, 583, 574, 582, -1, 582, 574, 575, -1, 582, 575, 581, -1,
581, 575, 576, -1, 581, 576, 580, -1, 580, 576, 577, -1, 580, 577, 578, -1,
601, 584, 585, -1, 601, 585, 586, -1, 601, 586, 587, -1, 601, 587, 588, -1,
601, 588, 589, -1, 601, 589, 600, -1, 529, 595, 596, -1, 529, 596, 597, -1,
529, 597, 598, -1, 529, 598, 594, -1, 598, 599, 590, -1, 598, 590, 591, -1,
598, 591, 592, -1, 598, 592, 593, -1, 598, 593, 594, -1, 600, 589, 590, -1,
600, 590, 599, -1, 610, 612, 609, -1, 609, 612, 613, -1, 609, 613, 608, -1,
608, 613, 614, -1, 608, 614, 607, -1, 607, 614, 615, -1, 607, 615, 606, -1,
606, 615, 616, -1, 606, 616, 605, -1, 710, 711, 716, -1, 716, 711, 712, -1,
716, 712, 715, -1, 715, 712, 713, -1, 715, 713, 714, -1, 710, 716, 717, -1,
710, 717, 718, -1, 710, 718, 719, -1, 710, 719, 720, -1, 710, 720, 709, -1,
721, 722, 706, -1, 721, 706, 707, -1, 721, 707, 708, -1, 721, 708, 709, -1,
721, 709, 720, -1, 706, 722, 723, -1, 706, 723, 724, -1, 706, 724, 725, -1,
706, 725, 726, -1, 706, 726, 727, -1, 706, 727, 728, -1, 706, 728, 705, -1,
704, 705, 728, -1, 704, 728, 729, -1, 704, 729, 730, -1, 704, 730, 731, -1,
704, 731, 732, -1, 704, 732, 733, -1, 704, 733, 734, -1, 704, 734, 735, -1,
704, 735, 703, -1, 736, 737, 702, -1, 736, 702, 703, -1, 736, 703, 735, -1,
702, 737, 738, -1, 702, 738, 739, -1, 702, 739, 740, -1, 702, 740, 701, -1,
701, 740, 700, -1, 700, 740, 617, -1, 700, 617, 699, -1, 699, 617, 658, -1,
699, 658, 659, -1, 685, 686, 684, -1, 684, 686, 687, -1, 684, 687, 683, -1,
683, 687, 688, -1, 683, 688, 689, -1, 689, 690, 679, -1, 689, 679, 680, -1,
689, 680, 681, -1, 689, 681, 682, -1, 689, 682, 683, -1, 678, 679, 690, -1,
678, 690, 691, -1, 678, 691, 692, -1, 678, 692, 693, -1, 678, 693, 677, -1,
693, 694, 671, -1, 693, 671, 672, -1, 693, 672, 673, -1, 693, 673, 674, -1,
693, 674, 675, -1, 693, 675, 676, -1, 693, 676, 677, -1, 695, 696, 664, -1,
695, 664, 665, -1, 695, 665, 666, -1, 695, 666, 667, -1, 695, 667, 668, -1,
695, 668, 669, -1, 695, 669, 670, -1, 695, 670, 671, -1, 695, 671, 694, -1,
661, 662, 697, -1, 697, 662, 663, -1, 697, 663, 696, -1, 696, 663, 664, -1,
697, 698, 659, -1, 697, 659, 660, -1, 697, 660, 661, -1, 637, 639, 636, -1,
636, 639, 641, -1, 636, 641, 634, -1, 634, 641, 642, -1, 634, 642, 633, -1,
633, 642, 643, -1, 633, 643, 632, -1, 632, 643, 644, -1, 632, 644, 631, -1,
631, 644, 645, -1, 631, 645, 630, -1, 630, 645, 646, -1, 630, 646, 629, -1,
629, 646, 647, -1, 629, 647, 628, -1, 628, 647, 648, -1, 628, 648, 627, -1,
627, 648, 649, -1, 627, 649, 626, -1, 626, 649, 650, -1, 626, 650, 625, -1,
625, 650, 651, -1, 625, 651, 624, -1, 624, 651, 652, -1, 624, 652, 623, -1,
623, 652, 653, -1, 623, 653, 622, -1, 622, 653, 654, -1, 622, 654, 621, -1,
621, 654, 655, -1, 621, 655, 620, -1, 620, 655, 656, -1, 620, 656, 619, -1,
619, 656, 657, -1, 619, 657, 618, -1, 618, 657, 658, -1, 618, 658, 617, -1,
746, 748, 745, -1, 745, 748, 749, -1, 745, 749, 744, -1, 744, 749, 750, -1,
744, 750, 743, -1, 743, 750, 751, -1, 743, 751, 742, -1, 742, 751, 752, -1,
742, 752, 741, -1, 753, 754, 837, -1, 837, 754, 795, -1, 837, 795, 836, -1,
836, 795, 796, -1, 836, 796, 835, -1, 835, 796, 797, -1, 835, 797, 834, -1,
834, 797, 798, -1, 834, 798, 833, -1, 833, 798, 799, -1, 833, 799, 832, -1,
832, 799, 800, -1, 832, 800, 831, -1, 831, 800, 801, -1, 831, 801, 830, -1,
830, 801, 802, -1, 830, 802, 829, -1, 829, 802, 803, -1, 829, 803, 828, -1,
828, 803, 804, -1, 828, 804, 827, -1, 827, 804, 805, -1, 827, 805, 826, -1,
826, 805, 806, -1, 826, 806, 825, -1, 825, 806, 807, -1, 825, 807, 824, -1,
824, 807, 808, -1, 824, 808, 823, -1, 823, 808, 809, -1, 823, 809, 822, -1,
822, 809, 810, -1, 822, 810, 821, -1, 821, 810, 811, -1, 821, 811, 820, -1,
820, 811, 812, -1, 820, 812, 819, -1, 819, 812, 814, -1, 819, 814, 817, -1,
817, 814, 815, -1, 817, 815, 816, -1, 764, 765, 770, -1, 770, 765, 766, -1,
770, 766, 769, -1, 769, 766, 767, -1, 769, 767, 768, -1, 764, 770, 771, -1,
764, 771, 772, -1, 764, 772, 773, -1, 764, 773, 774, -1, 764, 774, 763, -1,
775, 776, 760, -1, 775, 760, 761, -1, 775, 761, 762, -1, 775, 762, 763, -1,
775, 763, 774, -1, 760, 776, 777, -1, 760, 777, 778, -1, 760, 778, 779, -1,
760, 779, 780, -1, 760, 780, 781, -1, 760, 781, 782, -1, 760, 782, 759, -1,
758, 759, 782, -1, 758, 782, 783, -1, 758, 783, 784, -1, 758, 784, 785, -1,
758, 785, 786, -1, 758, 786, 787, -1, 758, 787, 788, -1, 758, 788, 789, -1,
758, 789, 757, -1, 790, 791, 756, -1, 790, 756, 757, -1, 790, 757, 789, -1,
756, 791, 792, -1, 756, 792, 793, -1, 756, 793, 794, -1, 756, 794, 755, -1,
794, 795, 754, -1, 794, 754, 755, -1, 868, 869, 867, -1, 867, 869, 870, -1,
867, 870, 866, -1, 866, 870, 871, -1, 866, 871, 872, -1, 872, 873, 862, -1,
872, 862, 863, -1, 872, 863, 864, -1, 872, 864, 865, -1, 872, 865, 866, -1,
861, 862, 873, -1, 861, 873, 874, -1, 861, 874, 875, -1, 861, 875, 876, -1,
861, 876, 860, -1, 876, 877, 854, -1, 876, 854, 855, -1, 876, 855, 856, -1,
876, 856, 857, -1, 876, 857, 858, -1, 876, 858, 859, -1, 876, 859, 860, -1,
878, 879, 843, -1, 878, 843, 844, -1, 878, 844, 845, -1, 878, 845, 846, -1,
878, 846, 847, -1, 878, 847, 848, -1, 878, 848, 849, -1, 878, 849, 850, -1,
878, 850, 851, -1, 878, 851, 852, -1, 878, 852, 853, -1, 878, 853, 854, -1,
878, 854, 877, -1, 839, 840, 880, -1, 880, 840, 841, -1, 880, 841, 879, -1,
879, 841, 842, -1, 879, 842, 843, -1, 881, 753, 838, -1, 881, 838, 839, -1,
881, 839, 880, -1, 934, 935, 944, -1, 944, 935, 936, -1, 944, 936, 943, -1,
943, 936, 937, -1, 943, 937, 942, -1, 942, 937, 938, -1, 942, 938, 941, -1,
941, 938, 939, -1, 941, 939, 940, -1, 934, 944, 945, -1, 934, 945, 946, -1,
934, 946, 947, -1, 934, 947, 948, -1, 934, 948, 949, -1, 934, 949, 933, -1,
932, 933, 949, -1, 932, 949, 950, -1, 932, 950, 951, -1, 932, 951, 952, -1,
932, 952, 953, -1, 932, 953, 954, -1, 932, 954, 955, -1, 932, 955, 956, -1,
932, 956, 931, -1, 930, 931, 956, -1, 930, 956, 957, -1, 930, 959, 960, -1,
930, 960, 961, -1, 930, 961, 1018, -1, 930, 1018, 929, -1, 894, 895, 906, -1,
906, 895, 896, -1, 906, 896, 905, -1, 905, 896, 897, -1, 905, 897, 904, -1,
904, 897, 898, -1, 904, 898, 903, -1, 903, 898, 899, -1, 903, 899, 902, -1,
902, 899, 900, -1, 902, 900, 901, -1, 907, 908, 893, -1, 907, 893, 894, -1,
907, 894, 906, -1, 888, 889, 912, -1, 912, 889, 890, -1, 912, 890, 911, -1,
911, 890, 891, -1, 911, 891, 910, -1, 910, 891, 892, -1, 910, 892, 909, -1,
909, 892, 893, -1, 909, 893, 908, -1, 913, 914, 887, -1, 913, 887, 888, -1,
913, 888, 912, -1, 1008, 882, 919, -1, 919, 882, 883, -1, 919, 883, 918, -1,
918, 883, 884, -1, 918, 884, 917, -1, 917, 884, 885, -1, 917, 885, 916, -1,
916, 885, 886, -1, 916, 886, 915, -1, 915, 886, 887, -1, 915, 887, 914, -1,
919, 920, 1022, -1, 919, 1022, 1023, -1, 919, 1023, 1008, -1, 1022, 920, 921, -1,
1022, 921, 922, -1, 1022, 922, 923, -1, 1022, 923, 924, -1, 1022, 924, 1021, -1,
1020, 1021, 924, -1, 1020, 924, 925, -1, 1020, 925, 926, -1, 1020, 926, 927, -1,
1020, 927, 928, -1, 1020, 928, 929, -1, 1020, 929, 1019, -1, 1014, 1015, 998, -1,
998, 1015, 1016, -1, 998, 1016, 997, -1, 997, 1016, 1017, -1, 997, 1017, 963, -1,
963, 1017, 1018, -1, 963, 964, 986, -1, 963, 986, 987, -1, 963, 987, 988, -1,
963, 988, 989, -1, 963, 989, 990, -1, 963, 990, 991, -1, 963, 991, 992, -1,
963, 992, 993, -1, 963, 993, 994, -1, 963, 994, 995, -1, 963, 995, 996, -1,
963, 996, 997, -1, 986, 964, 985, -1, 985, 964, 965, -1, 985, 965, 984, -1,
984, 965, 966, -1, 984, 966, 967, -1, 984, 967, 968, -1, 984, 968, 969, -1,
984, 969, 970, -1, 984, 970, 983, -1, 970, 971, 981, -1, 970, 981, 982, -1,
970, 982, 983, -1, 975, 976, 974, -1, 974, 976, 980, -1, 974, 980, 973, -1,
973, 980, 981, -1, 973, 981, 972, -1, 972, 981, 971, -1, 980, 976, 977, -1,
980, 977, 978, -1, 980, 978, 979, -1, 882, 1008, 1009, -1, 882, 1009, 1010, -1,
882, 1010, 1011, -1, 882, 1011, 1007, -1, 1011, 1012, 1003, -1, 1011, 1003, 1004, -1,
1011, 1004, 1005, -1, 1011, 1005, 1006, -1, 1011, 1006, 1007, -1, 1013, 1014, 998, -1,
1013, 998, 999, -1, 1013, 999, 1000, -1, 1013, 1000, 1001, -1, 1013, 1001, 1002, -1,
1013, 1002, 1003, -1, 1013, 1003, 1012, -1, 1028, 1029, 1040, -1, 1040, 1029, 1030, -1,
1040, 1030, 1039, -1, 1039, 1030, 1031, -1, 1039, 1031, 1038, -1, 1038, 1031, 1032, -1,
1038, 1032, 1037, -1, 1037, 1032, 1033, -1, 1037, 1033, 1036, -1, 1036, 1033, 1034, -1,
1036, 1034, 1035, -1, 1025, 1026, 1042, -1, 1042, 1026, 1027, -1, 1042, 1027, 1041, -1,
1041, 1027, 1028, -1, 1041, 1028, 1040, -1, 1048, 1049, 1047, -1, 1047, 1049, 1050, -1,
1047, 1050, 1046, -1, 1046, 1050, 1051, -1, 1046, 1051, 1045, -1, 1045, 1051, 1052, -1,
1045, 1052, 1044, -1, 1044, 1052, 1053, -1, 1044, 1053, 1043, -1, 1043, 1053, 1024, -1,
1043, 1024, 1042, -1, 1042, 1024, 1025, -1, 1059, 1060, 1090, -1, 1090, 1060, 1061, -1,
1090, 1061, 1080, -1, 1080, 1061, 1062, -1, 1080, 1062, 1079, -1, 1079, 1062, 1063, -1,
1079, 1063, 1064, -1, 1059, 1090, 1058, -1, 1058, 1090, 1091, -1, 1058, 1091, 1057, -1,
1057, 1091, 1092, -1, 1057, 1092, 1056, -1, 1056, 1092, 1093, -1, 1056, 1093, 1055, -1,
1055, 1093, 1094, -1, 1055, 1094, 1054, -1, 1054, 1094, 1095, -1, 1054, 1095, 1096, -1,
1097, 1024, 1053, -1, 1097, 1053, 1054, -1, 1097, 1054, 1096, -1, 1084, 1085, 1083, -1,
1083, 1085, 1086, -1, 1083, 1086, 1082, -1, 1082, 1086, 1087, -1, 1082, 1087, 1081, -1,
1081, 1087, 1088, -1, 1081, 1088, 1089, -1, 1089, 1090, 1080, -1, 1089, 1080, 1081, -1,
1079, 1064, 1078, -1, 1078, 1064, 1065, -1, 1078, 1065, 1077, -1, 1077, 1065, 1066, -1,
1077, 1066, 1067, -1, 1077, 1067, 1076, -1, 1076, 1067, 1068, -1, 1076, 1068, 1075, -1,
1075, 1068, 1069, -1, 1075, 1069, 1074, -1, 1074, 1069, 1070, -1, 1074, 1070, 1073, -1,
1073, 1070, 1071, -1, 1073, 1071, 1072, -1, 1163, 1164, 1101, -1, 1101, 1164, 1165, -1,
1101, 1165, 1100, -1, 1100, 1165, 1166, -1, 1100, 1166, 1099, -1, 1099, 1166, 1167, -1,
1099, 1167, 1098, -1, 1098, 1167, 1147, -1, 1098, 1147, 1120, -1, 1120, 1147, 1148, -1,
1120, 1148, 1149, -1, 1158, 1159, 1114, -1, 1114, 1159, 1160, -1, 1114, 1160, 1113, -1,
1113, 1160, 1161, -1, 1113, 1161, 1102, -1, 1102, 1161, 1162, -1, 1102, 1162, 1101, -1,
1101, 1162, 1163, -1, 1108, 1109, 1106, -1, 1106, 1109, 1110, -1, 1106, 1110, 1105, -1,
1105, 1110, 1111, -1, 1105, 1111, 1104, -1, 1104, 1111, 1112, -1, 1104, 1112, 1103, -1,
1103, 1112, 1113, -1, 1103, 1113, 1102, -1, 1123, 1124, 1125, -1, 1123, 1125, 1126, -1,
1123, 1126, 1127, -1, 1123, 1127, 1128, -1, 1123, 1128, 1122, -1, 1129, 1130, 1144, -1,
1129, 1144, 1145, -1, 1129, 1145, 1146, -1, 1129, 1146, 1120, -1, 1129, 1120, 1121, -1,
1129, 1121, 1122, -1, 1129, 1122, 1128, -1, 1139, 1140, 1132, -1, 1132, 1140, 1141, -1,
1132, 1141, 1131, -1, 1131, 1141, 1142, -1, 1131, 1142, 1130, -1, 1130, 1142, 1143, -1,
1130, 1143, 1144, -1, 1133, 1134, 1138, -1, 1133, 1138, 1139, -1, 1133, 1139, 1132, -1,
1135, 1136, 1137, -1, 1135, 1137, 1138, -1, 1135, 1138, 1134, -1, 1149, 1150, 1120, -1,
1120, 1150, 1151, -1, 1120, 1151, 1119, -1, 1119, 1151, 1152, -1, 1119, 1152, 1118, -1,
1118, 1152, 1153, -1, 1118, 1153, 1117, -1, 1117, 1153, 1154, -1, 1117, 1154, 1116, -1,
1116, 1154, 1155, -1, 1116, 1155, 1115, -1, 1115, 1155, 1156, -1, 1115, 1156, 1157, -1,
1157, 1158, 1114, -1, 1157, 1114, 1115, -1, 1226, 1227, 1169, -1, 1169, 1227, 1228, -1,
1169, 1228, 1168, -1, 1168, 1228, 1215, -1, 1168, 1215, 1209, -1, 1209, 1215, 1216, -1,
1209, 1216, 1208, -1, 1208, 1216, 1176, -1, 1208, 1176, 1187, -1, 1187, 1176, 1186, -1,
1170, 1171, 1224, -1, 1170, 1224, 1225, -1, 1170, 1225, 1226, -1, 1170, 1226, 1169, -1,
1221, 1222, 1172, -1, 1172, 1222, 1223, -1, 1172, 1223, 1171, -1, 1171, 1223, 1224, -1,
1218, 1219, 1174, -1, 1174, 1219, 1220, -1, 1174, 1220, 1173, -1, 1173, 1220, 1221, -1,
1173, 1221, 1172, -1, 1175, 1176, 1216, -1, 1175, 1216, 1217, -1, 1175, 1217, 1218, -1,
1175, 1218, 1174, -1, 1180, 1183, 1179, -1, 1179, 1183, 1184, -1, 1179, 1184, 1178, -1,
1178, 1184, 1185, -1, 1178, 1185, 1177, -1, 1177, 1185, 1186, -1, 1177, 1186, 1176, -1,
1181, 1182, 1183, -1, 1181, 1183, 1180, -1, 1209, 1210, 1211, -1, 1209, 1211, 1212, -1,
1209, 1212, 1213, -1, 1209, 1213, 1214, -1, 1209, 1214, 1168, -1, 1195, 1196, 1194, -1,
1194, 1196, 1197, -1, 1194, 1197, 1193, -1, 1193, 1197, 1198, -1, 1193, 1198, 1199, -1,
1193, 1199, 1192, -1, 1192, 1199, 1200, -1, 1192, 1200, 1191, -1, 1191, 1200, 1201, -1,
1191, 1201, 1190, -1, 1190, 1201, 1202, -1, 1190, 1202, 1189, -1, 1189, 1202, 1203, -1,
1189, 1203, 1204, -1, 1188, 1189, 1204, -1, 1188, 1204, 1205, -1, 1188, 1205, 1206, -1,
1188, 1206, 1207, -1, 1188, 1207, 1187, -1, 1266, 1267, 1275, -1, 1275, 1267, 1268, -1,
1275, 1268, 1274, -1, 1274, 1268, 1269, -1, 1274, 1269, 1273, -1, 1273, 1269, 1270, -1,
1273, 1270, 1272, -1, 1272, 1270, 1271, -1, 1263, 1264, 1277, -1, 1277, 1264, 1265, -1,
1277, 1265, 1276, -1, 1276, 1265, 1266, -1, 1276, 1266, 1275, -1, 1278, 1229, 1261, -1,
1278, 1261, 1262, -1, 1278, 1262, 1263, -1, 1278, 1263, 1277, -1, 1234, 1235, 1233, -1,
1233, 1235, 1236, -1, 1233, 1236, 1232, -1, 1232, 1236, 1237, -1, 1232, 1237, 1231, -1,
1231, 1237, 1238, -1, 1231, 1238, 1230, -1, 1230, 1238, 1239, -1, 1230, 1239, 1229, -1,
1229, 1239, 1260, -1, 1229, 1260, 1261, -1, 1247, 1248, 1246, -1, 1246, 1248, 1249, -1,
1246, 1249, 1245, -1, 1245, 1249, 1250, -1, 1245, 1250, 1244, -1, 1244, 1250, 1251, -1,
1244, 1251, 1243, -1, 1243, 1251, 1252, -1, 1243, 1252, 1253, -1, 1243, 1253, 1242, -1,
1242, 1253, 1254, -1, 1242, 1254, 1241, -1, 1241, 1254, 1255, -1, 1241, 1255, 1256, -1,
1240, 1241, 1256, -1, 1240, 1256, 1257, -1, 1240, 1257, 1258, -1, 1240, 1258, 1259, -1,
1240, 1259, 1239, -1, 1344, 1345, 1282, -1, 1282, 1345, 1346, -1, 1282, 1346, 1281, -1,
1281, 1346, 1347, -1, 1281, 1347, 1280, -1, 1280, 1347, 1348, -1, 1280, 1348, 1279, -1,
1279, 1348, 1328, -1, 1279, 1328, 1301, -1, 1301, 1328, 1329, -1, 1301, 1329, 1330, -1,
1339, 1340, 1295, -1, 1295, 1340, 1341, -1, 1295, 1341, 1294, -1, 1294, 1341, 1342, -1,
1294, 1342, 1283, -1, 1283, 1342, 1343, -1, 1283, 1343, 1282, -1, 1282, 1343, 1344, -1,
1289, 1290, 1287, -1, 1287, 1290, 1291, -1, 1287, 1291, 1286, -1, 1286, 1291, 1292, -1,
1286, 1292, 1285, -1, 1285, 1292, 1293, -1, 1285, 1293, 1284, -1, 1284, 1293, 1294, -1,
1284, 1294, 1283, -1, 1304, 1305, 1306, -1, 1304, 1306, 1307, -1, 1304, 1307, 1308, -1,
1304, 1308, 1309, -1, 1304, 1309, 1303, -1, 1310, 1311, 1325, -1, 1310, 1325, 1326, -1,
1310, 1326, 1327, -1, 1310, 1327, 1301, -1, 1310, 1301, 1302, -1, 1310, 1302, 1303, -1,
1310, 1303, 1309, -1, 1320, 1321, 1313, -1, 1313, 1321, 1322, -1, 1313, 1322, 1312, -1,
1312, 1322, 1323, -1, 1312, 1323, 1311, -1, 1311, 1323, 1324, -1, 1311, 1324, 1325, -1,
1314, 1315, 1319, -1, 1314, 1319, 1320, -1, 1314, 1320, 1313, -1, 1316, 1317, 1318, -1,
1316, 1318, 1319, -1, 1316, 1319, 1315, -1, 1330, 1331, 1301, -1, 1301, 1331, 1332, -1,
1301, 1332, 1300, -1, 1300, 1332, 1333, -1, 1300, 1333, 1299, -1, 1299, 1333, 1334, -1,
1299, 1334, 1298, -1, 1298, 1334, 1335, -1, 1298, 1335, 1297, -1, 1297, 1335, 1336, -1,
1297, 1336, 1296, -1, 1296, 1336, 1337, -1, 1296, 1337, 1338, -1, 1338, 1339, 1295, -1,
1338, 1295, 1296, -1, 1351, 1352, 1350, -1, 1350, 1352, 1356, -1, 1350, 1356, 1349, -1,
1349, 1356, 1385, -1, 1349, 1385, 1386, -1, 1355, 1356, 1352, -1, 1355, 1352, 1353, -1,
1355, 1353, 1354, -1, 1357, 1358, 1412, -1, 1357, 1412, 1413, -1, 1357, 1413, 1385, -1,
1357, 1385, 1356, -1, 1404, 1405, 1363, -1, 1363, 1405, 1406, -1, 1363, 1406, 1362, -1,
1362, 1406, 1407, -1, 1362, 1407, 1361, -1, 1361, 1407, 1408, -1, 1361, 1408, 1360, -1,
1360, 1408, 1409, -1, 1360, 1409, 1359, -1, 1359, 1409, 1410, -1, 1359, 1410, 1358, -1,
1358, 1410, 1411, -1, 1358, 1411, 1412, -1, 1364, 1365, 1401, -1, 1364, 1401, 1402, -1,
1364, 1402, 1403, -1, 1364, 1403, 1404, -1, 1364, 1404, 1363, -1, 1400, 1401, 1365, -1,
1400, 1365, 1366, -1, 1400, 1366, 1376, -1, 1400, 1376, 1399, -1, 1384, 1349, 1386, -1,
1384, 1386, 1387, -1, 1384, 1387, 1388, -1, 1384, 1388, 1383, -1, 1388, 1389, 1383, -1,
1383, 1389, 1390, -1, 1383, 1390, 1382, -1, 1382, 1390, 1391, -1, 1382, 1391, 1381, -1,
1381, 1391, 1392, -1, 1381, 1392, 1380, -1, 1380, 1392, 1393, -1, 1380, 1393, 1379, -1,
1379, 1393, 1394, -1, 1379, 1394, 1378, -1, 1378, 1394, 1395, -1, 1378, 1395, 1396, -1,
1377, 1378, 1396, -1, 1377, 1396, 1397, -1, 1377, 1397, 1398, -1, 1377, 1398, 1399, -1,
1377, 1399, 1376, -1, 1371, 1372, 1369, -1, 1369, 1372, 1373, -1, 1369, 1373, 1368, -1,
1368, 1373, 1374, -1, 1368, 1374, 1367, -1, 1367, 1374, 1375, -1, 1367, 1375, 1366, -1,
1366, 1375, 1376, -1, 1462, 1463, 1471, -1, 1471, 1463, 1464, -1, 1471, 1464, 1470, -1,
1470, 1464, 1465, -1, 1470, 1465, 1469, -1, 1469, 1465, 1466, -1, 1469, 1466, 1468, -1,
1468, 1466, 1467, -1, 1472, 1473, 1459, -1, 1472, 1459, 1460, -1, 1472, 1460, 1461, -1,
1472, 1461, 1462, -1, 1472, 1462, 1471, -1, 1482, 1483, 1474, -1, 1474, 1483, 1457, -1,
1474, 1457, 1473, -1, 1473, 1457, 1458, -1, 1473, 1458, 1459, -1, 1478, 1479, 1477, -1,
1477, 1479, 1480, -1, 1477, 1480, 1476, -1, 1476, 1480, 1481, -1, 1476, 1481, 1475, -1,
1475, 1481, 1482, -1, 1475, 1482, 1474, -1, 1432, 1433, 1414, -1, 1414, 1433, 1447, -1,
1414, 1447, 1456, -1, 1456, 1447, 1448, -1, 1456, 1448, 1455, -1, 1455, 1448, 1449, -1,
1455, 1449, 1454, -1, 1454, 1449, 1450, -1, 1454, 1450, 1453, -1, 1453, 1450, 1451, -1,
1453, 1451, 1452, -1, 1429, 1430, 1415, -1, 1415, 1430, 1431, -1, 1415, 1431, 1414, -1,
1414, 1431, 1432, -1, 1423, 1424, 1420, -1, 1420, 1424, 1425, -1, 1420, 1425, 1419, -1,
1419, 1425, 1426, -1, 1419, 1426, 1418, -1, 1418, 1426, 1427, -1, 1418, 1427, 1417, -1,
1417, 1427, 1428, -1, 1417, 1428, 1416, -1, 1416, 1428, 1429, -1, 1416, 1429, 1415, -1,
1421, 1422, 1423, -1, 1421, 1423, 1420, -1, 1433, 1434, 1447, -1, 1447, 1434, 1435, -1,
1447, 1435, 1446, -1, 1446, 1435, 1436, -1, 1446, 1436, 1437, -1, 1446, 1437, 1445, -1,
1445, 1437, 1438, -1, 1445, 1438, 1444, -1, 1444, 1438, 1439, -1, 1444, 1439, 1443, -1,
1443, 1439, 1441, -1, 1443, 1441, 1442, -1, 1514, 1515, 1513, -1, 1513, 1515, 1516, -1,
1513, 1516, 1512, -1, 1512, 1516, 1517, -1, 1512, 1517, 1511, -1, 1511, 1517, 1518, -1,
1511, 1518, 1510, -1, 1510, 1518, 1519, -1, 1510, 1519, 1491, -1, 1491, 1519, 1490, -1,
1485, 1486, 1521, -1, 1521, 1486, 1487, -1, 1521, 1487, 1520, -1, 1520, 1487, 1488, -1,
1520, 1488, 1519, -1, 1519, 1488, 1489, -1, 1519, 1489, 1490, -1, 1522, 1523, 1484, -1,
1522, 1484, 1485, -1, 1522, 1485, 1521, -1, 1457, 1483, 1525, -1, 1525, 1483, 1484, -1,
1525, 1484, 1524, -1, 1524, 1484, 1523, -1, 1509, 1510, 1491, -1, 1509, 1491, 1492, -1,
1509, 1492, 1493, -1, 1509, 1493, 1494, -1, 1509, 1494, 1508, -1, 1495, 1496, 1507, -1,
1495, 1507, 1508, -1, 1495, 1508, 1494, -1, 1501, 1503, 1500, -1, 1500, 1503, 1504, -1,
1500, 1504, 1499, -1, 1499, 1504, 1505, -1, 1499, 1505, 1498, -1, 1498, 1505, 1506, -1,
1498, 1506, 1497, -1, 1497, 1506, 1507, -1, 1497, 1507, 1496, -1, 1527, 1529, 1526, -1,
1526, 1529, 1531, -1, 1526, 1531, 1556, -1, 1556, 1531, 1532, -1, 1556, 1532, 1533, -1,
1547, 1548, 1537, -1, 1537, 1548, 1549, -1, 1537, 1549, 1536, -1, 1536, 1549, 1550, -1,
1536, 1550, 1555, -1, 1555, 1550, 1551, -1, 1555, 1551, 1554, -1, 1554, 1551, 1552, -1,
1554, 1552, 1553, -1, 1555, 1556, 1534, -1, 1555, 1534, 1535, -1, 1555, 1535, 1536, -1,
1541, 1542, 1540, -1, 1540, 1542, 1543, -1, 1540, 1543, 1539, -1, 1539, 1543, 1544, -1,
1539, 1544, 1538, -1, 1538, 1544, 1545, -1, 1538, 1545, 1546, -1, 1546, 1547, 1537, -1,
1546, 1537, 1538, -1, 1624, 1595, 1557, -1, 1557, 1595, 1585, -1, 1557, 1585, 1594, -1,
1594, 1585, 1586, -1, 1594, 1586, 1593, -1, 1593, 1586, 1587, -1, 1593, 1587, 1592, -1,
1592, 1587, 1588, -1, 1592, 1588, 1591, -1, 1591, 1588, 1589, -1, 1591, 1589, 1590, -1,
1620, 1621, 1558, -1, 1558, 1621, 1622, -1, 1558, 1622, 1557, -1, 1557, 1622, 1623, -1,
1557, 1623, 1624, -1, 1616, 1617, 1561, -1, 1561, 1617, 1618, -1, 1561, 1618, 1560, -1,
1560, 1618, 1619, -1, 1560, 1619, 1559, -1, 1559, 1619, 1620, -1, 1559, 1620, 1558, -1,
1612, 1613, 1564, -1, 1564, 1613, 1614, -1, 1564, 1614, 1563, -1, 1563, 1614, 1615, -1,
1563, 1615, 1562, -1, 1562, 1615, 1616, -1, 1562, 1616, 1561, -1, 1565, 1566, 1610, -1,
1565, 1610, 1611, -1, 1565, 1611, 1612, -1, 1565, 1612, 1564, -1, 1609, 1610, 1576, -1,
1576, 1610, 1566, -1, 1576, 1566, 1575, -1, 1575, 1566, 1567, -1, 1575, 1567, 1574, -1,
1574, 1567, 1568, -1, 1574, 1568, 1573, -1, 1573, 1568, 1569, -1, 1573, 1569, 1572, -1,
1572, 1569, 1570, -1, 1572, 1570, 1571, -1, 1595, 1596, 1585, -1, 1585, 1596, 1597, -1,
1585, 1597, 1584, -1, 1584, 1597, 1598, -1, 1584, 1598, 1599, -1, 1584, 1599, 1583, -1,
1583, 1599, 1600, -1, 1583, 1600, 1582, -1, 1582, 1600, 1601, -1, 1582, 1601, 1581, -1,
1581, 1601, 1602, -1, 1581, 1602, 1603, -1, 1581, 1603, 1580, -1, 1580, 1603, 1604, -1,
1580, 1604, 1579, -1, 1579, 1604, 1605, -1, 1579, 1605, 1578, -1, 1578, 1605, 1606, -1,
1578, 1606, 1607, -1, 1577, 1578, 1607, -1, 1577, 1607, 1608, -1, 1577, 1608, 1609, -1,
1577, 1609, 1576, -1, 1654, 1655, 1630, -1, 1630, 1655, 1625, -1, 1630, 1625, 1628, -1,
1628, 1625, 1626, -1, 1628, 1626, 1627, -1, 1638, 1639, 1648, -1, 1648, 1639, 1640, -1,
1648, 1640, 1647, -1, 1647, 1640, 1641, -1, 1647, 1641, 1646, -1, 1646, 1641, 1642, -1,
1646, 1642, 1645, -1, 1645, 1642, 1643, -1, 1645, 1643, 1644, -1, 1649, 1650, 1635, -1,
1649, 1635, 1636, -1, 1649, 1636, 1637, -1, 1649, 1637, 1638, -1, 1649, 1638, 1648, -1,
1650, 1630, 1635, -1, 1635, 1630, 1631, -1, 1635, 1631, 1634, -1, 1634, 1631, 1632, -1,
1634, 1632, 1633, -1, 1630, 1650, 1651, -1, 1630, 1651, 1652, -1, 1630, 1652, 1653, -1,
1630, 1653, 1654, -1, 1674, 1675, 1656, -1, 1656, 1675, 1689, -1, 1656, 1689, 1698, -1,
1698, 1689, 1690, -1, 1698, 1690, 1697, -1, 1697, 1690, 1691, -1, 1697, 1691, 1696, -1,
1696, 1691, 1692, -1, 1696, 1692, 1695, -1, 1695, 1692, 1693, -1, 1695, 1693, 1694, -1,
1671, 1672, 1657, -1, 1657, 1672, 1673, -1, 1657, 1673, 1656, -1, 1656, 1673, 1674, -1,
1665, 1666, 1662, -1, 1662, 1666, 1667, -1, 1662, 1667, 1661, -1, 1661, 1667, 1668, -1,
1661, 1668, 1660, -1, 1660, 1668, 1669, -1, 1660, 1669, 1659, -1, 1659, 1669, 1670, -1,
1659, 1670, 1658, -1, 1658, 1670, 1671, -1, 1658, 1671, 1657, -1, 1663, 1664, 1665, -1,
1663, 1665, 1662, -1, 1675, 1676, 1689, -1, 1689, 1676, 1677, -1, 1689, 1677, 1688, -1,
1688, 1677, 1678, -1, 1688, 1678, 1679, -1, 1688, 1679, 1687, -1, 1687, 1679, 1680, -1,
1687, 1680, 1686, -1, 1686, 1680, 1681, -1, 1686, 1681, 1685, -1, 1685, 1681, 1683, -1,
1685, 1683, 1684, -1, 1704, 1706, 1703, -1, 1703, 1706, 1707, -1, 1703, 1707, 1702, -1,
1702, 1707, 1708, -1, 1702, 1708, 1701, -1, 1701, 1708, 1709, -1, 1701, 1709, 1700, -1,
1700, 1709, 1710, -1, 1700, 1710, 1699, -1, 1716, 1718, 1715, -1, 1715, 1718, 1719, -1,
1715, 1719, 1714, -1, 1714, 1719, 1720, -1, 1714, 1720, 1713, -1, 1713, 1720, 1721, -1,
1713, 1721, 1712, -1, 1712, 1721, 1722, -1, 1712, 1722, 1711, -1, 1728, 1730, 1727, -1,
1727, 1730, 1731, -1, 1727, 1731, 1726, -1, 1726, 1731, 1732, -1, 1726, 1732, 1725, -1,
1725, 1732, 1733, -1, 1725, 1733, 1724, -1, 1724, 1733, 1734, -1, 1724, 1734, 1723, -1,
1828, 1829, 1834, -1, 1834, 1829, 1830, -1, 1834, 1830, 1833, -1, 1833, 1830, 1831, -1,
1833, 1831, 1832, -1, 1828, 1834, 1835, -1, 1828, 1835, 1836, -1, 1828, 1836, 1837, -1,
1828, 1837, 1838, -1, 1828, 1838, 1827, -1, 1839, 1840, 1824, -1, 1839, 1824, 1825, -1,
1839, 1825, 1826, -1, 1839, 1826, 1827, -1, 1839, 1827, 1838, -1, 1824, 1840, 1841, -1,
1824, 1841, 1842, -1, 1824, 1842, 1843, -1, 1824, 1843, 1844, -1, 1824, 1844, 1845, -1,
1824, 1845, 1846, -1, 1824, 1846, 1823, -1, 1822, 1823, 1846, -1, 1822, 1846, 1847, -1,
1822, 1847, 1848, -1, 1822, 1848, 1849, -1, 1822, 1849, 1850, -1, 1822, 1850, 1851, -1,
1822, 1851, 1852, -1, 1822, 1852, 1853, -1, 1822, 1853, 1821, -1, 1854, 1855, 1820, -1,
1854, 1820, 1821, -1, 1854, 1821, 1853, -1, 1820, 1855, 1856, -1, 1820, 1856, 1857, -1,
1820, 1857, 1858, -1, 1820, 1858, 1819, -1, 1819, 1858, 1818, -1, 1818, 1858, 1735, -1,
1818, 1735, 1817, -1, 1817, 1735, 1776, -1, 1817, 1776, 1777, -1, 1803, 1804, 1802, -1,
1802, 1804, 1805, -1, 1802, 1805, 1801, -1, 1801, 1805, 1806, -1, 1801, 1806, 1807, -1,
1807, 1808, 1797, -1, 1807, 1797, 1798, -1, 1807, 1798, 1799, -1, 1807, 1799, 1800, -1,
1807, 1800, 1801, -1, 1796, 1797, 1808, -1, 1796, 1808, 1809, -1, 1796, 1809, 1810, -1,
1796, 1810, 1811, -1, 1796, 1811, 1795, -1, 1811, 1812, 1789, -1, 1811, 1789, 1790, -1,
1811, 1790, 1791, -1, 1811, 1791, 1792, -1, 1811, 1792, 1793, -1, 1811, 1793, 1794, -1,
1811, 1794, 1795, -1, 1813, 1814, 1782, -1, 1813, 1782, 1783, -1, 1813, 1783, 1784, -1,
1813, 1784, 1785, -1, 1813, 1785, 1786, -1, 1813, 1786, 1787, -1, 1813, 1787, 1788, -1,
1813, 1788, 1789, -1, 1813, 1789, 1812, -1, 1779, 1780, 1815, -1, 1815, 1780, 1781, -1,
1815, 1781, 1814, -1, 1814, 1781, 1782, -1, 1815, 1816, 1777, -1, 1815, 1777, 1778, -1,
1815, 1778, 1779, -1, 1755, 1757, 1754, -1, 1754, 1757, 1759, -1, 1754, 1759, 1752, -1,
1752, 1759, 1760, -1, 1752, 1760, 1751, -1, 1751, 1760, 1761, -1, 1751, 1761, 1750, -1,
1750, 1761, 1762, -1, 1750, 1762, 1749, -1, 1749, 1762, 1763, -1, 1749, 1763, 1748, -1,
1748, 1763, 1764, -1, 1748, 1764, 1747, -1, 1747, 1764, 1765, -1, 1747, 1765, 1746, -1,
1746, 1765, 1766, -1, 1746, 1766, 1745, -1, 1745, 1766, 1767, -1, 1745, 1767, 1744, -1,
1744, 1767, 1768, -1, 1744, 1768, 1743, -1, 1743, 1768, 1769, -1, 1743, 1769, 1742, -1,
1742, 1769, 1770, -1, 1742, 1770, 1741, -1, 1741, 1770, 1771, -1, 1741, 1771, 1740, -1,
1740, 1771, 1772, -1, 1740, 1772, 1739, -1, 1739, 1772, 1773, -1, 1739, 1773, 1738, -1,
1738, 1773, 1774, -1, 1738, 1774, 1737, -1, 1737, 1774, 1775, -1, 1737, 1775, 1736, -1,
1736, 1775, 1776, -1, 1736, 1776, 1735, -1, 1876, 1877, 1882, -1, 1882, 1877, 1878, -1,
1882, 1878, 1880, -1, 1880, 1878, 1879, -1, 1870, 1871, 1888, -1, 1870, 1888, 1889, -1,
1870, 1889, 1890, -1, 1870, 1890, 1891, -1, 1870, 1891, 1892, -1, 1870, 1892, 1893, -1,
1870, 1893, 1894, -1, 1870, 1894, 1895, -1, 1870, 1895, 1896, -1, 1870, 1896, 1897, -1,
1870, 1897, 1898, -1, 1870, 1898, 1974, -1, 1870, 1974, 1975, -1, 1870, 1975, 1859, -1,
1870, 1859, 1860, -1, 1870, 1860, 1869, -1, 1864, 1866, 1863, -1, 1863, 1866, 1867, -1,
1863, 1867, 1862, -1, 1862, 1867, 1868, -1, 1862, 1868, 1861, -1, 1861, 1868, 1869, -1,
1861, 1869, 1860, -1, 1983, 1984, 1982, -1, 1982, 1984, 1985, -1, 1982, 1985, 1981, -1,
1981, 1985, 1986, -1, 1981, 1986, 1987, -1, 1978, 1979, 1988, -1, 1988, 1979, 1980, -1,
1988, 1980, 1987, -1, 1987, 1980, 1981, -1, 1989, 1990, 1976, -1, 1989, 1976, 1977, -1,
1989, 1977, 1978, -1, 1989, 1978, 1988, -1, 1991, 1992, 1975, -1, 1991, 1975, 1976, -1,
1991, 1976, 1990, -1, 1975, 1992, 1993, -1, 1975, 1993, 1994, -1, 1975, 1994, 1995, -1,
1975, 1995, 1996, -1, 1975, 1996, 1997, -1, 1975, 1997, 1998, -1, 1975, 1998, 1999, -1,
1975, 1999, 2000, -1, 1975, 2000, 1859, -1, 1871, 1872, 1886, -1, 1871, 1886, 1887, -1,
1871, 1887, 1888, -1, 1873, 1874, 1885, -1, 1873, 1885, 1886, -1, 1873, 1886, 1872, -1,
1882, 1883, 1876, -1, 1876, 1883, 1884, -1, 1876, 1884, 1875, -1, 1875, 1884, 1885, -1,
1875, 1885, 1874, -1, 1947, 1948, 1959, -1, 1959, 1948, 1949, -1, 1959, 1949, 1958, -1,
1958, 1949, 1950, -1, 1958, 1950, 1957, -1, 1957, 1950, 1951, -1, 1957, 1951, 1956, -1,
1956, 1951, 1952, -1, 1956, 1952, 1955, -1, 1955, 1952, 1953, -1, 1955, 1953, 1954, -1,
1960, 1961, 1946, -1, 1960, 1946, 1947, -1, 1960, 1947, 1959, -1, 1941, 1942, 1965, -1,
1965, 1942, 1943, -1, 1965, 1943, 1964, -1, 1964, 1943, 1944, -1, 1964, 1944, 1963, -1,
1963, 1944, 1945, -1, 1963, 1945, 1962, -1, 1962, 1945, 1946, -1, 1962, 1946, 1961, -1,
1966, 1967, 1940, -1, 1966, 1940, 1941, -1, 1966, 1941, 1965, -1, 1901, 1935, 1972, -1,
1972, 1935, 1936, -1, 1972, 1936, 1971, -1, 1971, 1936, 1937, -1, 1971, 1937, 1970, -1,
1970, 1937, 1938, -1, 1970, 1938, 1969, -1, 1969, 1938, 1939, -1, 1969, 1939, 1968, -1,
1968, 1939, 1940, -1, 1968, 1940, 1967, -1, 1972, 1973, 1899, -1, 1972, 1899, 1900, -1,
1972, 1900, 1901, -1, 1974, 1898, 1899, -1, 1974, 1899, 1973, -1, 1935, 1901, 1902, -1,
1935, 1902, 1903, -1, 1935, 1903, 1904, -1, 1935, 1904, 1934, -1, 1904, 1905, 1930, -1,
1904, 1930, 1931, -1, 1904, 1931, 1932, -1, 1904, 1932, 1933, -1, 1904, 1933, 1934, -1,
1906, 1907, 1925, -1, 1906, 1925, 1926, -1, 1906, 1926, 1927, -1, 1906, 1927, 1928, -1,
1906, 1928, 1929, -1, 1906, 1929, 1930, -1, 1906, 1930, 1905, -1, 1925, 1907, 1908, -1,
1925, 1908, 1909, -1, 1925, 1909, 1910, -1, 1925, 1910, 1924, -1, 1910, 1911, 1918, -1,
1910, 1918, 1919, -1, 1910, 1919, 1920, -1, 1910, 1920, 1921, -1, 1910, 1921, 1922, -1,
1910, 1922, 1923, -1, 1910, 1923, 1924, -1, 1914, 1916, 1913, -1, 1913, 1916, 1917, -1,
1913, 1917, 1912, -1, 1912, 1917, 1918, -1, 1912, 1918, 1911, -1, 2002, 2003, 2019, -1,
2002, 2019, 2020, -1, 2002, 2020, 2001, -1, 2015, 2016, 2006, -1, 2006, 2016, 2017, -1,
2006, 2017, 2005, -1, 2005, 2017, 2018, -1, 2005, 2018, 2004, -1, 2004, 2018, 2019, -1,
2004, 2019, 2003, -1, 2011, 2012, 2010, -1, 2010, 2012, 2013, -1, 2010, 2013, 2009, -1,
2009, 2013, 2014, -1, 2009, 2014, 2008, -1, 2008, 2014, 2015, -1, 2008, 2015, 2007, -1,
2007, 2015, 2006, -1, 2025, 2026, 2037, -1, 2037, 2026, 2027, -1, 2037, 2027, 2036, -1,
2036, 2027, 2028, -1, 2036, 2028, 2035, -1, 2035, 2028, 2029, -1, 2035, 2029, 2034, -1,
2034, 2029, 2030, -1, 2034, 2030, 2033, -1, 2033, 2030, 2031, -1, 2033, 2031, 2032, -1,
2022, 2023, 2039, -1, 2039, 2023, 2024, -1, 2039, 2024, 2038, -1, 2038, 2024, 2025, -1,
2038, 2025, 2037, -1, 2045, 2046, 2044, -1, 2044, 2046, 2047, -1, 2044, 2047, 2043, -1,
2043, 2047, 2048, -1, 2043, 2048, 2042, -1, 2042, 2048, 2049, -1, 2042, 2049, 2041, -1,
2041, 2049, 2050, -1, 2041, 2050, 2040, -1, 2040, 2050, 2021, -1, 2040, 2021, 2039, -1,
2039, 2021, 2022, -1, 2056, 2057, 2087, -1, 2087, 2057, 2058, -1, 2087, 2058, 2077, -1,
2077, 2058, 2059, -1, 2077, 2059, 2076, -1, 2076, 2059, 2060, -1, 2076, 2060, 2061, -1,
2056, 2087, 2055, -1, 2055, 2087, 2088, -1, 2055, 2088, 2054, -1, 2054, 2088, 2089, -1,
2054, 2089, 2053, -1, 2053, 2089, 2090, -1, 2053, 2090, 2052, -1, 2052, 2090, 2091, -1,
2052, 2091, 2051, -1, 2051, 2091, 2092, -1, 2051, 2092, 2093, -1, 2094, 2021, 2050, -1,
2094, 2050, 2051, -1, 2094, 2051, 2093, -1, 2081, 2082, 2080, -1, 2080, 2082, 2083, -1,
2080, 2083, 2079, -1, 2079, 2083, 2084, -1, 2079, 2084, 2078, -1, 2078, 2084, 2085, -1,
2078, 2085, 2086, -1, 2086, 2087, 2077, -1, 2086, 2077, 2078, -1, 2076, 2061, 2075, -1,
2075, 2061, 2062, -1, 2075, 2062, 2074, -1, 2074, 2062, 2063, -1, 2074, 2063, 2064, -1,
2074, 2064, 2073, -1, 2073, 2064, 2065, -1, 2073, 2065, 2072, -1, 2072, 2065, 2066, -1,
2072, 2066, 2071, -1, 2071, 2066, 2067, -1, 2071, 2067, 2070, -1, 2070, 2067, 2068, -1,
2070, 2068, 2069, -1, 2153, 2154, 2096, -1, 2096, 2154, 2155, -1, 2096, 2155, 2095, -1,
2095, 2155, 2142, -1, 2095, 2142, 2136, -1, 2136, 2142, 2143, -1, 2136, 2143, 2135, -1,
2135, 2143, 2103, -1, 2135, 2103, 2114, -1, 2114, 2103, 2113, -1, 2097, 2098, 2151, -1,
2097, 2151, 2152, -1, 2097, 2152, 2153, -1, 2097, 2153, 2096, -1, 2148, 2149, 2099, -1,
2099, 2149, 2150, -1, 2099, 2150, 2098, -1, 2098, 2150, 2151, -1, 2145, 2146, 2101, -1,
2101, 2146, 2147, -1, 2101, 2147, 2100, -1, 2100, 2147, 2148, -1, 2100, 2148, 2099, -1,
2102, 2103, 2143, -1, 2102, 2143, 2144, -1, 2102, 2144, 2145, -1, 2102, 2145, 2101, -1,
2107, 2110, 2106, -1, 2106, 2110, 2111, -1, 2106, 2111, 2105, -1, 2105, 2111, 2112, -1,
2105, 2112, 2104, -1, 2104, 2112, 2113, -1, 2104, 2113, 2103, -1, 2108, 2109, 2110, -1,
2108, 2110, 2107, -1, 2136, 2137, 2138, -1, 2136, 2138, 2139, -1, 2136, 2139, 2140, -1,
2136, 2140, 2141, -1, 2136, 2141, 2095, -1, 2122, 2123, 2121, -1, 2121, 2123, 2124, -1,
2121, 2124, 2120, -1, 2120, 2124, 2125, -1, 2120, 2125, 2126, -1, 2120, 2126, 2119, -1,
2119, 2126, 2127, -1, 2119, 2127, 2118, -1, 2118, 2127, 2128, -1, 2118, 2128, 2117, -1,
2117, 2128, 2129, -1, 2117, 2129, 2116, -1, 2116, 2129, 2130, -1, 2116, 2130, 2131, -1,
2115, 2116, 2131, -1, 2115, 2131, 2132, -1, 2115, 2132, 2133, -1, 2115, 2133, 2134, -1,
2115, 2134, 2114, -1, 2161, 2162, 2170, -1, 2170, 2162, 2163, -1, 2170, 2163, 2169, -1,
2169, 2163, 2164, -1, 2169, 2164, 2168, -1, 2168, 2164, 2165, -1, 2168, 2165, 2167, -1,
2167, 2165, 2166, -1, 2171, 2172, 2158, -1, 2171, 2158, 2159, -1, 2171, 2159, 2160, -1,
2171, 2160, 2161, -1, 2171, 2161, 2170, -1, 2181, 2182, 2173, -1, 2173, 2182, 2156, -1,
2173, 2156, 2172, -1, 2172, 2156, 2157, -1, 2172, 2157, 2158, -1, 2177, 2178, 2176, -1,
2176, 2178, 2179, -1, 2176, 2179, 2175, -1, 2175, 2179, 2180, -1, 2175, 2180, 2174, -1,
2174, 2180, 2181, -1, 2174, 2181, 2173, -1, 2213, 2214, 2212, -1, 2212, 2214, 2215, -1,
2212, 2215, 2211, -1, 2211, 2215, 2216, -1, 2211, 2216, 2210, -1, 2210, 2216, 2217, -1,
2210, 2217, 2209, -1, 2209, 2217, 2218, -1, 2209, 2218, 2190, -1, 2190, 2218, 2189, -1,
2184, 2185, 2220, -1, 2220, 2185, 2186, -1, 2220, 2186, 2219, -1, 2219, 2186, 2187, -1,
2219, 2187, 2218, -1, 2218, 2187, 2188, -1, 2218, 2188, 2189, -1, 2221, 2222, 2183, -1,
2221, 2183, 2184, -1, 2221, 2184, 2220, -1, 2156, 2182, 2224, -1, 2224, 2182, 2183, -1,
2224, 2183, 2223, -1, 2223, 2183, 2222, -1, 2208, 2209, 2190, -1, 2208, 2190, 2191, -1,
2208, 2191, 2192, -1, 2208, 2192, 2193, -1, 2208, 2193, 2207, -1, 2194, 2195, 2206, -1,
2194, 2206, 2207, -1, 2194, 2207, 2193, -1, 2200, 2202, 2199, -1, 2199, 2202, 2203, -1,
2199, 2203, 2198, -1, 2198, 2203, 2204, -1, 2198, 2204, 2197, -1, 2197, 2204, 2205, -1,
2197, 2205, 2196, -1, 2196, 2205, 2206, -1, 2196, 2206, 2195, -1, 2254, 2255, 2253, -1,
2253, 2255, 2256, -1, 2253, 2256, 2252, -1, 2252, 2256, 2257, -1, 2252, 2257, 2251, -1,
2251, 2257, 2258, -1, 2251, 2258, 2250, -1, 2250, 2258, 2225, -1, 2250, 2225, 2259, -1,
2259, 2225, 2286, -1, 2283, 2284, 2226, -1, 2226, 2284, 2285, -1, 2226, 2285, 2225, -1,
2225, 2285, 2286, -1, 2279, 2280, 2229, -1, 2229, 2280, 2281, -1, 2229, 2281, 2228, -1,
2228, 2281, 2282, -1, 2228, 2282, 2227, -1, 2227, 2282, 2283, -1, 2227, 2283, 2226, -1,
2230, 2231, 2277, -1, 2230, 2277, 2278, -1, 2230, 2278, 2279, -1, 2230, 2279, 2229, -1,
2273, 2274, 2232, -1, 2232, 2274, 2275, -1, 2232, 2275, 2231, -1, 2231, 2275, 2276, -1,
2231, 2276, 2277, -1, 2270, 2271, 2243, -1, 2243, 2271, 2272, -1, 2243, 2272, 2242, -1,
2242, 2272, 2273, -1, 2242, 2273, 2233, -1, 2233, 2273, 2232, -1, 2237, 2238, 2236, -1,
2236, 2238, 2239, -1, 2236, 2239, 2235, -1, 2235, 2239, 2240, -1, 2235, 2240, 2234, -1,
2234, 2240, 2241, -1, 2234, 2241, 2233, -1, 2233, 2241, 2242, -1, 2260, 2261, 2249, -1,
2260, 2249, 2250, -1, 2260, 2250, 2259, -1, 2262, 2263, 2248, -1, 2262, 2248, 2249, -1,
2262, 2249, 2261, -1, 2264, 2265, 2247, -1, 2264, 2247, 2248, -1, 2264, 2248, 2263, -1,
2269, 2244, 2268, -1, 2268, 2244, 2245, -1, 2268, 2245, 2267, -1, 2267, 2245, 2246, -1,
2267, 2246, 2266, -1, 2266, 2246, 2247, -1, 2266, 2247, 2265, -1, 2270, 2243, 2244, -1,
2270, 2244, 2269, -1, 2308, 2309, 2312, -1, 2308, 2312, 2305, -1, 2308, 2305, 2306, -1,
2308, 2306, 2307, -1, 2312, 2313, 2305, -1, 2305, 2313, 2314, -1, 2305, 2314, 2304, -1,
2304, 2314, 2337, -1, 2304, 2337, 2338, -1, 2310, 2311, 2312, -1, 2310, 2312, 2309, -1,
2291, 2292, 2290, -1, 2290, 2292, 2293, -1, 2290, 2293, 2289, -1, 2289, 2293, 2294, -1,
2289, 2294, 2288, -1, 2288, 2294, 2295, -1, 2288, 2295, 2287, -1, 2287, 2295, 2323, -1,
2287, 2323, 2322, -1, 2322, 2323, 2324, -1, 2322, 2324, 2325, -1, 2296, 2297, 2349, -1,
2296, 2349, 2350, -1, 2296, 2350, 2351, -1, 2296, 2351, 2323, -1, 2296, 2323, 2295, -1,
2341, 2342, 2302, -1, 2302, 2342, 2343, -1, 2302, 2343, 2301, -1, 2301, 2343, 2344, -1,
2301, 2344, 2300, -1, 2300, 2344, 2345, -1, 2300, 2345, 2299, -1, 2299, 2345, 2346, -1,
2299, 2346, 2298, -1, 2298, 2346, 2347, -1, 2298, 2347, 2297, -1, 2297, 2347, 2348, -1,
2297, 2348, 2349, -1, 2303, 2304, 2339, -1, 2303, 2339, 2340, -1, 2303, 2340, 2341, -1,
2303, 2341, 2302, -1, 2326, 2327, 2321, -1, 2326, 2321, 2322, -1, 2326, 2322, 2325, -1,
2333, 2316, 2332, -1, 2332, 2316, 2317, -1, 2332, 2317, 2331, -1, 2331, 2317, 2318, -1,
2331, 2318, 2330, -1, 2330, 2318, 2319, -1, 2330, 2319, 2329, -1, 2329, 2319, 2320, -1,
2329, 2320, 2328, -1, 2328, 2320, 2321, -1, 2328, 2321, 2327, -1, 2334, 2335, 2315, -1,
2334, 2315, 2316, -1, 2334, 2316, 2333, -1, 2336, 2337, 2314, -1, 2336, 2314, 2315, -1,
2336, 2315, 2335, -1, 2381, 2382, 2380, -1, 2380, 2382, 2383, -1, 2380, 2383, 2379, -1,
2379, 2383, 2384, -1, 2379, 2384, 2378, -1, 2378, 2384, 2385, -1, 2378, 2385, 2377, -1,
2377, 2385, 2352, -1, 2377, 2352, 2386, -1, 2386, 2352, 2413, -1, 2410, 2411, 2353, -1,
2353, 2411, 2412, -1, 2353, 2412, 2352, -1, 2352, 2412, 2413, -1, 2406, 2407, 2356, -1,
2356, 2407, 2408, -1, 2356, 2408, 2355, -1, 2355, 2408, 2409, -1, 2355, 2409, 2354, -1,
2354, 2409, 2410, -1, 2354, 2410, 2353, -1, 2357, 2358, 2404, -1, 2357, 2404, 2405, -1,
2357, 2405, 2406, -1, 2357, 2406, 2356, -1, 2400, 2401, 2359, -1, 2359, 2401, 2402, -1,
2359, 2402, 2358, -1, 2358, 2402, 2403, -1, 2358, 2403, 2404, -1, 2397, 2398, 2370, -1,
2370, 2398, 2399, -1, 2370, 2399, 2369, -1, 2369, 2399, 2400, -1, 2369, 2400, 2360, -1,
2360, 2400, 2359, -1, 2364, 2365, 2363, -1, 2363, 2365, 2366, -1, 2363, 2366, 2362, -1,
2362, 2366, 2367, -1, 2362, 2367, 2361, -1, 2361, 2367, 2368, -1, 2361, 2368, 2360, -1,
2360, 2368, 2369, -1, 2387, 2388, 2376, -1, 2387, 2376, 2377, -1, 2387, 2377, 2386, -1,
2389, 2390, 2375, -1, 2389, 2375, 2376, -1, 2389, 2376, 2388, -1, 2391, 2392, 2374, -1,
2391, 2374, 2375, -1, 2391, 2375, 2390, -1, 2396, 2371, 2395, -1, 2395, 2371, 2372, -1,
2395, 2372, 2394, -1, 2394, 2372, 2373, -1, 2394, 2373, 2393, -1, 2393, 2373, 2374, -1,
2393, 2374, 2392, -1, 2397, 2370, 2371, -1, 2397, 2371, 2396, -1, 2479, 2480, 2417, -1,
2417, 2480, 2481, -1, 2417, 2481, 2416, -1, 2416, 2481, 2482, -1, 2416, 2482, 2415, -1,
2415, 2482, 2483, -1, 2415, 2483, 2414, -1, 2414, 2483, 2463, -1, 2414, 2463, 2436, -1,
2436, 2463, 2464, -1, 2436, 2464, 2465, -1, 2474, 2475, 2430, -1, 2430, 2475, 2476, -1,
2430, 2476, 2429, -1, 2429, 2476, 2477, -1, 2429, 2477, 2418, -1, 2418, 2477, 2478, -1,
2418, 2478, 2417, -1, 2417, 2478, 2479, -1, 2424, 2425, 2422, -1, 2422, 2425, 2426, -1,
2422, 2426, 2421, -1, 2421, 2426, 2427, -1, 2421, 2427, 2420, -1, 2420, 2427, 2428, -1,
2420, 2428, 2419, -1, 2419, 2428, 2429, -1, 2419, 2429, 2418, -1, 2439, 2440, 2441, -1,
2439, 2441, 2442, -1, 2439, 2442, 2443, -1, 2439, 2443, 2444, -1, 2439, 2444, 2438, -1,
2445, 2446, 2460, -1, 2445, 2460, 2461, -1, 2445, 2461, 2462, -1, 2445, 2462, 2436, -1,
2445, 2436, 2437, -1, 2445, 2437, 2438, -1, 2445, 2438, 2444, -1, 2455, 2456, 2448, -1,
2448, 2456, 2457, -1, 2448, 2457, 2447, -1, 2447, 2457, 2458, -1, 2447, 2458, 2446, -1,
2446, 2458, 2459, -1, 2446, 2459, 2460, -1, 2449, 2450, 2454, -1, 2449, 2454, 2455, -1,
2449, 2455, 2448, -1, 2451, 2452, 2453, -1, 2451, 2453, 2454, -1, 2451, 2454, 2450, -1,
2465, 2466, 2436, -1, 2436, 2466, 2467, -1, 2436, 2467, 2435, -1, 2435, 2467, 2468, -1,
2435, 2468, 2434, -1, 2434, 2468, 2469, -1, 2434, 2469, 2433, -1, 2433, 2469, 2470, -1,
2433, 2470, 2432, -1, 2432, 2470, 2471, -1, 2432, 2471, 2431, -1, 2431, 2471, 2472, -1,
2431, 2472, 2473, -1, 2473, 2474, 2430, -1, 2473, 2430, 2431, -1, 2551, 2522, 2484, -1,
2484, 2522, 2512, -1, 2484, 2512, 2521, -1, 2521, 2512, 2513, -1, 2521, 2513, 2520, -1,
2520, 2513, 2514, -1, 2520, 2514, 2519, -1, 2519, 2514, 2515, -1, 2519, 2515, 2518, -1,
2518, 2515, 2516, -1, 2518, 2516, 2517, -1, 2547, 2548, 2485, -1, 2485, 2548, 2549, -1,
2485, 2549, 2484, -1, 2484, 2549, 2550, -1, 2484, 2550, 2551, -1, 2543, 2544, 2488, -1,
2488, 2544, 2545, -1, 2488, 2545, 2487, -1, 2487, 2545, 2546, -1, 2487, 2546, 2486, -1,
2486, 2546, 2547, -1, 2486, 2547, 2485, -1, 2539, 2540, 2491, -1, 2491, 2540, 2541, -1,
2491, 2541, 2490, -1, 2490, 2541, 2542, -1, 2490, 2542, 2489, -1, 2489, 2542, 2543, -1,
2489, 2543, 2488, -1, 2492, 2493, 2537, -1, 2492, 2537, 2538, -1, 2492, 2538, 2539, -1,
2492, 2539, 2491, -1, 2536, 2537, 2503, -1, 2503, 2537, 2493, -1, 2503, 2493, 2502, -1,
2502, 2493, 2494, -1, 2502, 2494, 2501, -1, 2501, 2494, 2495, -1, 2501, 2495, 2500, -1,
2500, 2495, 2496, -1, 2500, 2496, 2499, -1, 2499, 2496, 2497, -1, 2499, 2497, 2498, -1,
2522, 2523, 2512, -1, 2512, 2523, 2524, -1, 2512, 2524, 2511, -1, 2511, 2524, 2525, -1,
2511, 2525, 2526, -1, 2511, 2526, 2510, -1, 2510, 2526, 2527, -1, 2510, 2527, 2509, -1,
2509, 2527, 2528, -1, 2509, 2528, 2508, -1, 2508, 2528, 2529, -1, 2508, 2529, 2530, -1,
2508, 2530, 2507, -1, 2507, 2530, 2531, -1, 2507, 2531, 2506, -1, 2506, 2531, 2532, -1,
2506, 2532, 2505, -1, 2505, 2532, 2533, -1, 2505, 2533, 2534, -1, 2504, 2505, 2534, -1,
2504, 2534, 2535, -1, 2504, 2535, 2536, -1, 2504, 2536, 2503, -1, 2610, 2552, 2601, -1,
2601, 2552, 2611, -1, 2601, 2611, 2580, -1, 2580, 2611, 2612, -1, 2580, 2612, 2579, -1,
2579, 2612, 2613, -1, 2579, 2613, 2578, -1, 2578, 2613, 2614, -1, 2578, 2614, 2577, -1,
2577, 2614, 2615, -1, 2577, 2615, 2616, -1, 2577, 2616, 2576, -1, 2576, 2616, 2617, -1,
2576, 2617, 2575, -1, 2575, 2617, 2618, -1, 2575, 2618, 2574, -1, 2574, 2618, 2619, -1,
2574, 2619, 2573, -1, 2573, 2619, 2620, -1, 2573, 2620, 2572, -1, 2572, 2620, 2621, -1,
2572, 2621, 2622, -1, 2626, 2559, 2625, -1, 2625, 2559, 2560, -1, 2625, 2560, 2624, -1,
2624, 2560, 2571, -1, 2624, 2571, 2623, -1, 2623, 2571, 2572, -1, 2623, 2572, 2622, -1,
2633, 2634, 2554, -1, 2554, 2634, 2635, -1, 2554, 2635, 2553, -1, 2553, 2635, 2636, -1,
2553, 2636, 2552, -1, 2552, 2636, 2637, -1, 2552, 2637, 2611, -1, 2630, 2631, 2556, -1,
2556, 2631, 2632, -1, 2556, 2632, 2555, -1, 2555, 2632, 2633, -1, 2555, 2633, 2554, -1,
2627, 2628, 2558, -1, 2558, 2628, 2629, -1, 2558, 2629, 2557, -1, 2557, 2629, 2630, -1,
2557, 2630, 2556, -1, 2559, 2626, 2627, -1, 2559, 2627, 2558, -1, 2571, 2560, 2570, -1,
2570, 2560, 2561, -1, 2570, 2561, 2569, -1, 2569, 2561, 2562, -1, 2569, 2562, 2568, -1,
2568, 2562, 2563, -1, 2568, 2563, 2567, -1, 2567, 2563, 2564, -1, 2567, 2564, 2565, -1,
2610, 2602, 2609, -1, 2609, 2602, 2603, -1, 2609, 2603, 2608, -1, 2608, 2603, 2604, -1,
2608, 2604, 2607, -1, 2607, 2604, 2605, -1, 2607, 2605, 2606, -1, 2600, 2601, 2580, -1,
2600, 2580, 2581, -1, 2600, 2581, 2582, -1, 2600, 2582, 2583, -1, 2600, 2583, 2599, -1,
2583, 2584, 2599, -1, 2599, 2584, 2585, -1, 2599, 2585, 2598, -1, 2598, 2585, 2586, -1,
2598, 2586, 2597, -1, 2597, 2586, 2587, -1, 2597, 2587, 2588, -1, 2597, 2588, 2596, -1,
2596, 2588, 2589, -1, 2596, 2589, 2595, -1, 2595, 2589, 2590, -1, 2595, 2590, 2594, -1,
2594, 2590, 2591, -1, 2594, 2591, 2592, -1, 2638, 2639, 2663, -1, 2638, 2663, 2664, -1,
2638, 2664, 2665, -1, 2638, 2665, 2667, -1, 2638, 2667, 2672, -1, 2657, 2658, 2642, -1,
2642, 2658, 2659, -1, 2642, 2659, 2641, -1, 2641, 2659, 2660, -1, 2641, 2660, 2640, -1,
2640, 2660, 2661, -1, 2640, 2661, 2639, -1, 2639, 2661, 2662, -1, 2639, 2662, 2663, -1,
2653, 2654, 2645, -1, 2645, 2654, 2655, -1, 2645, 2655, 2644, -1, 2644, 2655, 2656, -1,
2644, 2656, 2643, -1, 2643, 2656, 2657, -1, 2643, 2657, 2642, -1, 2648, 2651, 2647, -1,
2647, 2651, 2652, -1, 2647, 2652, 2646, -1, 2646, 2652, 2653, -1, 2646, 2653, 2645, -1,
2649, 2650, 2651, -1, 2649, 2651, 2648, -1, 2667, 2668, 2669, -1, 2667, 2669, 2670, -1,
2667, 2670, 2671, -1, 2667, 2671, 2672, -1, 2694, 2695, 2675, -1, 2675, 2695, 2696, -1,
2675, 2696, 2674, -1, 2674, 2696, 2697, -1, 2674, 2697, 2673, -1, 2690, 2691, 2678, -1,
2678, 2691, 2692, -1, 2678, 2692, 2677, -1, 2677, 2692, 2693, -1, 2677, 2693, 2676, -1,
2676, 2693, 2694, -1, 2676, 2694, 2675, -1, 2679, 2680, 2687, -1, 2679, 2687, 2688, -1,
2679, 2688, 2689, -1, 2679, 2689, 2690, -1, 2679, 2690, 2678, -1, 2680, 2681, 2685, -1,
2680, 2685, 2686, -1, 2680, 2686, 2687, -1, 2685, 2681, 2682, -1, 2685, 2682, 2683, -1,
2685, 2683, 2684, -1, 2719, 2720, 2700, -1, 2700, 2720, 2721, -1, 2700, 2721, 2699, -1,
2699, 2721, 2722, -1, 2699, 2722, 2698, -1, 2715, 2716, 2703, -1, 2703, 2716, 2717, -1,
2703, 2717, 2702, -1, 2702, 2717, 2718, -1, 2702, 2718, 2701, -1, 2701, 2718, 2719, -1,
2701, 2719, 2700, -1, 2704, 2705, 2712, -1, 2704, 2712, 2713, -1, 2704, 2713, 2714, -1,
2704, 2714, 2715, -1, 2704, 2715, 2703, -1, 2705, 2706, 2710, -1, 2705, 2710, 2711, -1,
2705, 2711, 2712, -1, 2710, 2706, 2707, -1, 2710, 2707, 2708, -1, 2710, 2708, 2709, -1,
2725, 2726, 2733, -1, 2725, 2733, 2723, -1, 2725, 2723, 2724, -1, 2727, 2728, 2729, -1,
2727, 2729, 2732, -1, 2727, 2732, 2733, -1, 2727, 2733, 2726, -1, 2730, 2731, 2732, -1,
2730, 2732, 2729, -1, 2735, 2736, 2737, -1, 2735, 2737, 2734, -1, 2743, 2745, 2742, -1,
2742, 2745, 2746, -1, 2742, 2746, 2741, -1, 2741, 2746, 2747, -1, 2741, 2747, 2740, -1,
2740, 2747, 2748, -1, 2740, 2748, 2739, -1, 2739, 2748, 2749, -1, 2739, 2749, 2738, -1,
2755, 2757, 2754, -1, 2754, 2757, 2758, -1, 2754, 2758, 2753, -1, 2753, 2758, 2759, -1,
2753, 2759, 2752, -1, 2752, 2759, 2760, -1, 2752, 2760, 2751, -1, 2751, 2760, 2761, -1,
2751, 2761, 2750, -1, 2848, 2849, 2791, -1, 2791, 2849, 2819, -1, 2791, 2819, 2790, -1,
2790, 2819, 2762, -1, 2790, 2762, 2783, -1, 2783, 2762, 2763, -1, 2783, 2763, 2764, -1,
2792, 2793, 2846, -1, 2792, 2846, 2847, -1, 2792, 2847, 2848, -1, 2792, 2848, 2791, -1,
2843, 2844, 2794, -1, 2794, 2844, 2845, -1, 2794, 2845, 2793, -1, 2793, 2845, 2846, -1,
2840, 2841, 2796, -1, 2796, 2841, 2842, -1, 2796, 2842, 2795, -1, 2795, 2842, 2843, -1,
2795, 2843, 2794, -1, 2797, 2798, 2838, -1, 2797, 2838, 2839, -1, 2797, 2839, 2840, -1,
2797, 2840, 2796, -1, 2832, 2833, 2811, -1, 2811, 2833, 2834, -1, 2811, 2834, 2810, -1,
2810, 2834, 2835, -1, 2810, 2835, 2799, -1, 2799, 2835, 2836, -1, 2799, 2836, 2798, -1,
2798, 2836, 2837, -1, 2798, 2837, 2838, -1, 2788, 2789, 2783, -1, 2788, 2783, 2784, -1,
2788, 2784, 2785, -1, 2788, 2785, 2786, -1, 2788, 2786, 2787, -1, 2765, 2766, 2782, -1,
2765, 2782, 2783, -1, 2765, 2783, 2764, -1, 2766, 2767, 2782, -1, 2782, 2767, 2768, -1,
2782, 2768, 2781, -1, 2781, 2768, 2769, -1, 2781, 2769, 2780, -1, 2780, 2769, 2770, -1,
2780, 2770, 2771, -1, 2780, 2771, 2779, -1, 2779, 2771, 2772, -1, 2779, 2772, 2778, -1,
2778, 2772, 2773, -1, 2778, 2773, 2777, -1, 2777, 2773, 2774, -1, 2777, 2774, 2775, -1,
2820, 2821, 2818, -1, 2820, 2818, 2762, -1, 2820, 2762, 2819, -1, 2821, 2822, 2818, -1,
2818, 2822, 2823, -1, 2818, 2823, 2817, -1, 2817, 2823, 2824, -1, 2817, 2824, 2816, -1,
2816, 2824, 2825, -1, 2816, 2825, 2826, -1, 2816, 2826, 2815, -1, 2815, 2826, 2827, -1,
2815, 2827, 2814, -1, 2814, 2827, 2828, -1, 2814, 2828, 2813, -1, 2813, 2828, 2829, -1,
2813, 2829, 2830, -1, 2812, 2813, 2830, -1, 2812, 2830, 2831, -1, 2812, 2831, 2832, -1,
2812, 2832, 2811, -1, 2800, 2801, 2808, -1, 2800, 2808, 2809, -1, 2800, 2809, 2810, -1,
2800, 2810, 2799, -1, 2804, 2805, 2803, -1, 2803, 2805, 2806, -1, 2803, 2806, 2802, -1,
2802, 2806, 2807, -1, 2802, 2807, 2801, -1, 2801, 2807, 2808, -1, 2871, 2872, 2875, -1,
2871, 2875, 2868, -1, 2871, 2868, 2869, -1, 2871, 2869, 2870, -1, 2875, 2876, 2868, -1,
2868, 2876, 2877, -1, 2868, 2877, 2867, -1, 2867, 2877, 2900, -1, 2867, 2900, 2901, -1,
2873, 2874, 2875, -1, 2873, 2875, 2872, -1, 2854, 2855, 2853, -1, 2853, 2855, 2856, -1,
2853, 2856, 2852, -1, 2852, 2856, 2857, -1, 2852, 2857, 2851, -1, 2851, 2857, 2858, -1,
2851, 2858, 2850, -1, 2850, 2858, 2886, -1, 2850, 2886, 2885, -1, 2885, 2886, 2887, -1,
2885, 2887, 2888, -1, 2859, 2860, 2912, -1, 2859, 2912, 2913, -1, 2859, 2913, 2914, -1,
2859, 2914, 2886, -1, 2859, 2886, 2858, -1, 2904, 2905, 2865, -1, 2865, 2905, 2906, -1,
2865, 2906, 2864, -1, 2864, 2906, 2907, -1, 2864, 2907, 2863, -1, 2863, 2907, 2908, -1,
2863, 2908, 2862, -1, 2862, 2908, 2909, -1, 2862, 2909, 2861, -1, 2861, 2909, 2910, -1,
2861, 2910, 2860, -1, 2860, 2910, 2911, -1, 2860, 2911, 2912, -1, 2866, 2867, 2902, -1,
2866, 2902, 2903, -1, 2866, 2903, 2904, -1, 2866, 2904, 2865, -1, 2889, 2890, 2884, -1,
2889, 2884, 2885, -1, 2889, 2885, 2888, -1, 2896, 2879, 2895, -1, 2895, 2879, 2880, -1,
2895, 2880, 2894, -1, 2894, 2880, 2881, -1, 2894, 2881, 2893, -1, 2893, 2881, 2882, -1,
2893, 2882, 2892, -1, 2892, 2882, 2883, -1, 2892, 2883, 2891, -1, 2891, 2883, 2884, -1,
2891, 2884, 2890, -1, 2897, 2898, 2878, -1, 2897, 2878, 2879, -1, 2897, 2879, 2896, -1,
2899, 2900, 2877, -1, 2899, 2877, 2878, -1, 2899, 2878, 2898, -1, 2923, 2924, 2933, -1,
2933, 2924, 2925, -1, 2933, 2925, 2932, -1, 2932, 2925, 2926, -1, 2932, 2926, 2931, -1,
2931, 2926, 2927, -1, 2931, 2927, 2930, -1, 2930, 2927, 2928, -1, 2930, 2928, 2929, -1,
2918, 2919, 2937, -1, 2937, 2919, 2920, -1, 2937, 2920, 2936, -1, 2936, 2920, 2921, -1,
2936, 2921, 2935, -1, 2935, 2921, 2922, -1, 2935, 2922, 2934, -1, 2934, 2922, 2923, -1,
2934, 2923, 2933, -1, 2938, 2939, 2916, -1, 2938, 2916, 2917, -1, 2938, 2917, 2918, -1,
2938, 2918, 2937, -1, 2944, 2946, 2943, -1, 2943, 2946, 2947, -1, 2943, 2947, 2942, -1,
2942, 2947, 2948, -1, 2942, 2948, 2941, -1, 2941, 2948, 2949, -1, 2941, 2949, 2940, -1,
2940, 2949, 2950, -1, 2940, 2950, 2939, -1, 2939, 2950, 2915, -1, 2939, 2915, 2916, -1,
2959, 2960, 2961, -1, 2959, 2961, 2964, -1, 2959, 2964, 2965, -1, 2959, 2965, 2958, -1,
2962, 2963, 2964, -1, 2962, 2964, 2961, -1, 2966, 2967, 2957, -1, 2966, 2957, 2958, -1,
2966, 2958, 2965, -1, 2973, 2952, 2972, -1, 2972, 2952, 2953, -1, 2972, 2953, 2971, -1,
2971, 2953, 2954, -1, 2971, 2954, 2970, -1, 2970, 2954, 2955, -1, 2970, 2955, 2969, -1,
2969, 2955, 2956, -1, 2969, 2956, 2968, -1, 2968, 2956, 2957, -1, 2968, 2957, 2967, -1,
2974, 2975, 2951, -1, 2974, 2951, 2952, -1, 2974, 2952, 2973, -1, 2976, 2915, 2950, -1,
2976, 2950, 2951, -1, 2976, 2951, 2975, -1, 3035, 3036, 2978, -1, 2978, 3036, 3037, -1,
2978, 3037, 2977, -1, 2977, 3037, 3024, -1, 2977, 3024, 3018, -1, 3018, 3024, 3025, -1,
3018, 3025, 3017, -1, 3017, 3025, 2985, -1, 3017, 2985, 2996, -1, 2996, 2985, 2995, -1,
2979, 2980, 3033, -1, 2979, 3033, 3034, -1, 2979, 3034, 3035, -1, 2979, 3035, 2978, -1,
3030, 3031, 2981, -1, 2981, 3031, 3032, -1, 2981, 3032, 2980, -1, 2980, 3032, 3033, -1,
3027, 3028, 2983, -1, 2983, 3028, 3029, -1, 2983, 3029, 2982, -1, 2982, 3029, 3030, -1,
2982, 3030, 2981, -1, 2984, 2985, 3025, -1, 2984, 3025, 3026, -1, 2984, 3026, 3027, -1,
2984, 3027, 2983, -1, 2989, 2992, 2988, -1, 2988, 2992, 2993, -1, 2988, 2993, 2987, -1,
2987, 2993, 2994, -1, 2987, 2994, 2986, -1, 2986, 2994, 2995, -1, 2986, 2995, 2985, -1,
2990, 2991, 2992, -1, 2990, 2992, 2989, -1, 3018, 3019, 3020, -1, 3018, 3020, 3021, -1,
3018, 3021, 3022, -1, 3018, 3022, 3023, -1, 3018, 3023, 2977, -1, 3004, 3005, 3003, -1,
3003, 3005, 3006, -1, 3003, 3006, 3002, -1, 3002, 3006, 3007, -1, 3002, 3007, 3008, -1,
3002, 3008, 3001, -1, 3001, 3008, 3009, -1, 3001, 3009, 3000, -1, 3000, 3009, 3010, -1,
3000, 3010, 2999, -1, 2999, 3010, 3011, -1, 2999, 3011, 2998, -1, 2998, 3011, 3012, -1,
2998, 3012, 3013, -1, 2997, 2998, 3013, -1, 2997, 3013, 3014, -1, 2997, 3014, 3015, -1,
2997, 3015, 3016, -1, 2997, 3016, 2996, -1, 3096, 3097, 3039, -1, 3039, 3097, 3098, -1,
3039, 3098, 3038, -1, 3038, 3098, 3085, -1, 3038, 3085, 3079, -1, 3079, 3085, 3086, -1,
3079, 3086, 3078, -1, 3078, 3086, 3046, -1, 3078, 3046, 3057, -1, 3057, 3046, 3056, -1,
3040, 3041, 3094, -1, 3040, 3094, 3095, -1, 3040, 3095, 3096, -1, 3040, 3096, 3039, -1,
3091, 3092, 3042, -1, 3042, 3092, 3093, -1, 3042, 3093, 3041, -1, 3041, 3093, 3094, -1,
3088, 3089, 3044, -1, 3044, 3089, 3090, -1, 3044, 3090, 3043, -1, 3043, 3090, 3091, -1,
3043, 3091, 3042, -1, 3045, 3046, 3086, -1, 3045, 3086, 3087, -1, 3045, 3087, 3088, -1,
3045, 3088, 3044, -1, 3050, 3053, 3049, -1, 3049, 3053, 3054, -1, 3049, 3054, 3048, -1,
3048, 3054, 3055, -1, 3048, 3055, 3047, -1, 3047, 3055, 3056, -1, 3047, 3056, 3046, -1,
3051, 3052, 3053, -1, 3051, 3053, 3050, -1, 3079, 3080, 3081, -1, 3079, 3081, 3082, -1,
3079, 3082, 3083, -1, 3079, 3083, 3084, -1, 3079, 3084, 3038, -1, 3065, 3066, 3064, -1,
3064, 3066, 3067, -1, 3064, 3067, 3063, -1, 3063, 3067, 3068, -1, 3063, 3068, 3069, -1,
3063, 3069, 3062, -1, 3062, 3069, 3070, -1, 3062, 3070, 3061, -1, 3061, 3070, 3071, -1,
3061, 3071, 3060, -1, 3060, 3071, 3072, -1, 3060, 3072, 3059, -1, 3059, 3072, 3073, -1,
3059, 3073, 3074, -1, 3058, 3059, 3074, -1, 3058, 3074, 3075, -1, 3058, 3075, 3076, -1,
3058, 3076, 3077, -1, 3058, 3077, 3057, -1, 3103, 3104, 3115, -1, 3115, 3104, 3105, -1,
3115, 3105, 3114, -1, 3114, 3105, 3106, -1, 3114, 3106, 3113, -1, 3113, 3106, 3107, -1,
3113, 3107, 3112, -1, 3112, 3107, 3108, -1, 3112, 3108, 3111, -1, 3111, 3108, 3109, -1,
3111, 3109, 3110, -1, 3100, 3101, 3117, -1, 3117, 3101, 3102, -1, 3117, 3102, 3116, -1,
3116, 3102, 3103, -1, 3116, 3103, 3115, -1, 3123, 3124, 3122, -1, 3122, 3124, 3125, -1,
3122, 3125, 3121, -1, 3121, 3125, 3126, -1, 3121, 3126, 3120, -1, 3120, 3126, 3127, -1,
3120, 3127, 3119, -1, 3119, 3127, 3128, -1, 3119, 3128, 3118, -1, 3118, 3128, 3099, -1,
3118, 3099, 3117, -1, 3117, 3099, 3100, -1, 3134, 3135, 3165, -1, 3165, 3135, 3136, -1,
3165, 3136, 3155, -1, 3155, 3136, 3137, -1, 3155, 3137, 3154, -1, 3154, 3137, 3138, -1,
3154, 3138, 3139, -1, 3134, 3165, 3133, -1, 3133, 3165, 3166, -1, 3133, 3166, 3132, -1,
3132, 3166, 3167, -1, 3132, 3167, 3131, -1, 3131, 3167, 3168, -1, 3131, 3168, 3130, -1,
3130, 3168, 3169, -1, 3130, 3169, 3129, -1, 3129, 3169, 3170, -1, 3129, 3170, 3171, -1,
3172, 3099, 3128, -1, 3172, 3128, 3129, -1, 3172, 3129, 3171, -1, 3159, 3160, 3158, -1,
3158, 3160, 3161, -1, 3158, 3161, 3157, -1, 3157, 3161, 3162, -1, 3157, 3162, 3156, -1,
3156, 3162, 3163, -1, 3156, 3163, 3164, -1, 3164, 3165, 3155, -1, 3164, 3155, 3156, -1,
3154, 3139, 3153, -1, 3153, 3139, 3140, -1, 3153, 3140, 3152, -1, 3152, 3140, 3141, -1,
3152, 3141, 3142, -1, 3152, 3142, 3151, -1, 3151, 3142, 3143, -1, 3151, 3143, 3150, -1,
3150, 3143, 3144, -1, 3150, 3144, 3149, -1, 3149, 3144, 3145, -1, 3149, 3145, 3148, -1,
3148, 3145, 3146, -1, 3148, 3146, 3147, -1, 3198, 3199, 3207, -1, 3207, 3199, 3200, -1,
3207, 3200, 3206, -1, 3206, 3200, 3201, -1, 3206, 3201, 3205, -1, 3205, 3201, 3202, -1,
3205, 3202, 3204, -1, 3204, 3202, 3203, -1, 3195, 3196, 3209, -1, 3209, 3196, 3197, -1,
3209, 3197, 3208, -1, 3208, 3197, 3198, -1, 3208, 3198, 3207, -1, 3210, 3211, 3192, -1,
3210, 3192, 3193, -1, 3210, 3193, 3194, -1, 3210, 3194, 3195, -1, 3210, 3195, 3209, -1,
3191, 3192, 3211, -1, 3191, 3211, 3212, -1, 3191, 3212, 3223, -1, 3191, 3223, 3246, -1,
3191, 3246, 3190, -1, 3217, 3218, 3216, -1, 3216, 3218, 3219, -1, 3216, 3219, 3215, -1,
3215, 3219, 3220, -1, 3215, 3220, 3214, -1, 3214, 3220, 3221, -1, 3214, 3221, 3213, -1,
3213, 3221, 3222, -1, 3213, 3222, 3212, -1, 3212, 3222, 3223, -1, 3177, 3178, 3176, -1,
3176, 3178, 3179, -1, 3176, 3179, 3175, -1, 3175, 3179, 3180, -1, 3175, 3180, 3174, -1,
3174, 3180, 3181, -1, 3174, 3181, 3173, -1, 3173, 3181, 3231, -1, 3173, 3231, 3232, -1,
3182, 3183, 3255, -1, 3182, 3255, 3256, -1, 3182, 3256, 3257, -1, 3182, 3257, 3231, -1,
3182, 3231, 3181, -1, 3246, 3247, 3190, -1, 3190, 3247, 3248, -1, 3190, 3248, 3189, -1,
3189, 3248, 3249, -1, 3189, 3249, 3188, -1, 3188, 3249, 3250, -1, 3188, 3250, 3187, -1,
3187, 3250, 3251, -1, 3187, 3251, 3186, -1, 3186, 3251, 3252, -1, 3186, 3252, 3185, -1,
3185, 3252, 3253, -1, 3185, 3253, 3184, -1, 3184, 3253, 3254, -1, 3184, 3254, 3183, -1,
3183, 3254, 3255, -1, 3230, 3173, 3232, -1, 3230, 3232, 3233, -1, 3230, 3233, 3234, -1,
3230, 3234, 3235, -1, 3230, 3235, 3229, -1, 3238, 3227, 3237, -1, 3237, 3227, 3228, -1,
3237, 3228, 3236, -1, 3236, 3228, 3229, -1, 3236, 3229, 3235, -1, 3241, 3225, 3240, -1,
3240, 3225, 3226, -1, 3240, 3226, 3239, -1, 3239, 3226, 3227, -1, 3239, 3227, 3238, -1,
3242, 3243, 3224, -1, 3242, 3224, 3225, -1, 3242, 3225, 3241, -1, 3246, 3223, 3245, -1,
3245, 3223, 3224, -1, 3245, 3224, 3244, -1, 3244, 3224, 3243, -1, 3259, 3261, 3258, -1,
3258, 3261, 3263, -1, 3258, 3263, 3288, -1, 3288, 3263, 3264, -1, 3288, 3264, 3265, -1,
3279, 3280, 3269, -1, 3269, 3280, 3281, -1, 3269, 3281, 3268, -1, 3268, 3281, 3282, -1,
3268, 3282, 3287, -1, 3287, 3282, 3283, -1, 3287, 3283, 3286, -1, 3286, 3283, 3284, -1,
3286, 3284, 3285, -1, 3287, 3288, 3266, -1, 3287, 3266, 3267, -1, 3287, 3267, 3268, -1,
3273, 3274, 3272, -1, 3272, 3274, 3275, -1, 3272, 3275, 3271, -1, 3271, 3275, 3276, -1,
3271, 3276, 3270, -1, 3270, 3276, 3277, -1, 3270, 3277, 3278, -1, 3278, 3279, 3269, -1,
3278, 3269, 3270, -1, 3312, 3313, 3382, -1, 3312, 3382, 3383, -1, 3312, 3383, 3384, -1,
3312, 3384, 3386, -1, 3312, 3386, 3311, -1, 3382, 3313, 3314, -1, 3382, 3314, 3315, -1,
3382, 3315, 3316, -1, 3382, 3316, 3317, -1, 3382, 3317, 3381, -1, 3381, 3317, 3380, -1,
3380, 3317, 3318, -1, 3380, 3318, 3330, -1, 3330, 3318, 3319, -1, 3330, 3319, 3329, -1,
3329, 3319, 3320, -1, 3329, 3320, 3328, -1, 3328, 3320, 3321, -1, 3328, 3321, 3327, -1,
3327, 3321, 3322, -1, 3327, 3322, 3326, -1, 3326, 3322, 3323, -1, 3326, 3323, 3324, -1,
3375, 3376, 3347, -1, 3347, 3376, 3377, -1, 3347, 3377, 3337, -1, 3337, 3377, 3378, -1,
3337, 3378, 3336, -1, 3336, 3378, 3379, -1, 3336, 3379, 3335, -1, 3335, 3379, 3380, -1,
3335, 3380, 3334, -1, 3334, 3380, 3333, -1, 3380, 3330, 3331, -1, 3380, 3331, 3332, -1,
3380, 3332, 3333, -1, 3366, 3289, 3298, -1, 3298, 3289, 3290, -1, 3298, 3290, 3297, -1,
3297, 3290, 3291, -1, 3297, 3291, 3296, -1, 3296, 3291, 3292, -1, 3296, 3292, 3295, -1,
3295, 3292, 3293, -1, 3295, 3293, 3294, -1, 3298, 3299, 3389, -1, 3298, 3389, 3390, -1,
3298, 3390, 3366, -1, 3389, 3299, 3300, -1, 3389, 3300, 3301, -1, 3389, 3301, 3302, -1,
3389, 3302, 3303, -1, 3389, 3303, 3304, -1, 3389, 3304, 3305, -1, 3389, 3305, 3388, -1,
3387, 3388, 3305, -1, 3387, 3305, 3306, -1, 3387, 3306, 3307, -1, 3387, 3307, 3386, -1,
3386, 3307, 3308, -1, 3386, 3308, 3309, -1, 3386, 3309, 3310, -1, 3386, 3310, 3311, -1,
3364, 3365, 3368, -1, 3368, 3365, 3289, -1, 3368, 3289, 3367, -1, 3367, 3289, 3366, -1,
3368, 3369, 3359, -1, 3368, 3359, 3360, -1, 3368, 3360, 3361, -1, 3368, 3361, 3362, -1,
3368, 3362, 3363, -1, 3368, 3363, 3364, -1, 3370, 3371, 3357, -1, 3370, 3357, 3358, -1,
3370, 3358, 3359, -1, 3370, 3359, 3369, -1, 3371, 3372, 3352, -1, 3371, 3352, 3353, -1,
3371, 3353, 3354, -1, 3371, 3354, 3355, -1, 3371, 3355, 3356, -1, 3371, 3356, 3357, -1,
3350, 3351, 3374, -1, 3374, 3351, 3352, -1, 3374, 3352, 3373, -1, 3373, 3352, 3372, -1,
3374, 3375, 3348, -1, 3374, 3348, 3349, -1, 3374, 3349, 3350, -1, 3341, 3342, 3346, -1,
3346, 3342, 3343, -1, 3346, 3343, 3345, -1, 3345, 3343, 3344, -1, 3346, 3347, 3337, -1,
3346, 3337, 3338, -1, 3346, 3338, 3339, -1, 3346, 3339, 3340, -1, 3346, 3340, 3341, -1,
3392, 3393, 3394, -1, 3392, 3394, 3391, -1, 3396, 3397, 3398, -1, 3396, 3398, 3395, -1,
3400, 3401, 3402, -1, 3400, 3402, 3399, -1, 3403, 3404, 3428, -1, 3403, 3428, 3429, -1,
3403, 3429, 3430, -1, 3403, 3430, 3432, -1, 3403, 3432, 3437, -1, 3422, 3423, 3407, -1,
3407, 3423, 3424, -1, 3407, 3424, 3406, -1, 3406, 3424, 3425, -1, 3406, 3425, 3405, -1,
3405, 3425, 3426, -1, 3405, 3426, 3404, -1, 3404, 3426, 3427, -1, 3404, 3427, 3428, -1,
3418, 3419, 3410, -1, 3410, 3419, 3420, -1, 3410, 3420, 3409, -1, 3409, 3420, 3421, -1,
3409, 3421, 3408, -1, 3408, 3421, 3422, -1, 3408, 3422, 3407, -1, 3413, 3416, 3412, -1,
3412, 3416, 3417, -1, 3412, 3417, 3411, -1, 3411, 3417, 3418, -1, 3411, 3418, 3410, -1,
3414, 3415, 3416, -1, 3414, 3416, 3413, -1, 3432, 3433, 3434, -1, 3432, 3434, 3435, -1,
3432, 3435, 3436, -1, 3432, 3436, 3437, -1, 3443, 3445, 3442, -1, 3442, 3445, 3446, -1,
3442, 3446, 3441, -1, 3441, 3446, 3447, -1, 3441, 3447, 3440, -1, 3440, 3447, 3448, -1,
3440, 3448, 3439, -1, 3439, 3448, 3449, -1, 3439, 3449, 3438, -1, 3455, 3457, 3454, -1,
3454, 3457, 3458, -1, 3454, 3458, 3453, -1, 3453, 3458, 3459, -1, 3453, 3459, 3452, -1,
3452, 3459, 3460, -1, 3452, 3460, 3451, -1, 3451, 3460, 3461, -1, 3451, 3461, 3450, -1,
3473, 3474, 3466, -1, 3466, 3474, 3475, -1, 3466, 3475, 3465, -1, 3465, 3475, 3476, -1,
3465, 3476, 3464, -1, 3464, 3476, 3477, -1, 3464, 3477, 3463, -1, 3463, 3477, 3462, -1,
3470, 3471, 3469, -1, 3469, 3471, 3472, -1, 3469, 3472, 3468, -1, 3468, 3472, 3473, -1,
3468, 3473, 3467, -1, 3467, 3473, 3466, -1, 3489, 3490, 3482, -1, 3482, 3490, 3491, -1,
3482, 3491, 3481, -1, 3481, 3491, 3492, -1, 3481, 3492, 3480, -1, 3480, 3492, 3493, -1,
3480, 3493, 3479, -1, 3479, 3493, 3478, -1, 3486, 3487, 3485, -1, 3485, 3487, 3488, -1,
3485, 3488, 3484, -1, 3484, 3488, 3489, -1, 3484, 3489, 3483, -1, 3483, 3489, 3482, -1,
3505, 3506, 3498, -1, 3498, 3506, 3507, -1, 3498, 3507, 3497, -1, 3497, 3507, 3508, -1,
3497, 3508, 3496, -1, 3496, 3508, 3509, -1, 3496, 3509, 3495, -1, 3495, 3509, 3494, -1,
3502, 3503, 3501, -1, 3501, 3503, 3504, -1, 3501, 3504, 3500, -1, 3500, 3504, 3505, -1,
3500, 3505, 3499, -1, 3499, 3505, 3498, -1, 3519, 3520, 3512, -1, 3512, 3520, 3521, -1,
3512, 3521, 3511, -1, 3511, 3521, 3510, -1, 3512, 3513, 3517, -1, 3512, 3517, 3518, -1,
3512, 3518, 3519, -1, 3514, 3515, 3516, -1, 3514, 3516, 3517, -1, 3514, 3517, 3513, -1,
3615, 3616, 3621, -1, 3621, 3616, 3617, -1, 3621, 3617, 3620, -1, 3620, 3617, 3618, -1,
3620, 3618, 3619, -1, 3615, 3621, 3622, -1, 3615, 3622, 3623, -1, 3615, 3623, 3624, -1,
3615, 3624, 3625, -1, 3615, 3625, 3614, -1, 3626, 3627, 3611, -1, 3626, 3611, 3612, -1,
3626, 3612, 3613, -1, 3626, 3613, 3614, -1, 3626, 3614, 3625, -1, 3611, 3627, 3628, -1,
3611, 3628, 3629, -1, 3611, 3629, 3630, -1, 3611, 3630, 3631, -1, 3611, 3631, 3632, -1,
3611, 3632, 3633, -1, 3611, 3633, 3610, -1, 3609, 3610, 3633, -1, 3609, 3633, 3634, -1,
3609, 3634, 3635, -1, 3609, 3635, 3636, -1, 3609, 3636, 3637, -1, 3609, 3637, 3638, -1,
3609, 3638, 3639, -1, 3609, 3639, 3640, -1, 3609, 3640, 3608, -1, 3641, 3642, 3607, -1,
3641, 3607, 3608, -1, 3641, 3608, 3640, -1, 3607, 3642, 3643, -1, 3607, 3643, 3644, -1,
3607, 3644, 3645, -1, 3607, 3645, 3606, -1, 3606, 3645, 3605, -1, 3605, 3645, 3522, -1,
3605, 3522, 3604, -1, 3604, 3522, 3563, -1, 3604, 3563, 3564, -1, 3590, 3591, 3589, -1,
3589, 3591, 3592, -1, 3589, 3592, 3588, -1, 3588, 3592, 3593, -1, 3588, 3593, 3594, -1,
3594, 3595, 3584, -1, 3594, 3584, 3585, -1, 3594, 3585, 3586, -1, 3594, 3586, 3587, -1,
3594, 3587, 3588, -1, 3583, 3584, 3595, -1, 3583, 3595, 3596, -1, 3583, 3596, 3597, -1,
3583, 3597, 3598, -1, 3583, 3598, 3582, -1, 3598, 3599, 3576, -1, 3598, 3576, 3577, -1,
3598, 3577, 3578, -1, 3598, 3578, 3579, -1, 3598, 3579, 3580, -1, 3598, 3580, 3581, -1,
3598, 3581, 3582, -1, 3600, 3601, 3569, -1, 3600, 3569, 3570, -1, 3600, 3570, 3571, -1,
3600, 3571, 3572, -1, 3600, 3572, 3573, -1, 3600, 3573, 3574, -1, 3600, 3574, 3575, -1,
3600, 3575, 3576, -1, 3600, 3576, 3599, -1, 3566, 3567, 3602, -1, 3602, 3567, 3568, -1,
3602, 3568, 3601, -1, 3601, 3568, 3569, -1, 3602, 3603, 3564, -1, 3602, 3564, 3565, -1,
3602, 3565, 3566, -1, 3542, 3544, 3541, -1, 3541, 3544, 3546, -1, 3541, 3546, 3539, -1,
3539, 3546, 3547, -1, 3539, 3547, 3538, -1, 3538, 3547, 3548, -1, 3538, 3548, 3537, -1,
3537, 3548, 3549, -1, 3537, 3549, 3536, -1, 3536, 3549, 3550, -1, 3536, 3550, 3535, -1,
3535, 3550, 3551, -1, 3535, 3551, 3534, -1, 3534, 3551, 3552, -1, 3534, 3552, 3533, -1,
3533, 3552, 3553, -1, 3533, 3553, 3532, -1, 3532, 3553, 3554, -1, 3532, 3554, 3531, -1,
3531, 3554, 3555, -1, 3531, 3555, 3530, -1, 3530, 3555, 3556, -1, 3530, 3556, 3529, -1,
3529, 3556, 3557, -1, 3529, 3557, 3528, -1, 3528, 3557, 3558, -1, 3528, 3558, 3527, -1,
3527, 3558, 3559, -1, 3527, 3559, 3526, -1, 3526, 3559, 3560, -1, 3526, 3560, 3525, -1,
3525, 3560, 3561, -1, 3525, 3561, 3524, -1, 3524, 3561, 3562, -1, 3524, 3562, 3523, -1,
3523, 3562, 3563, -1, 3523, 3563, 3522, -1, 3646, 3647, 3677, -1, 3646, 3677, 3678, -1,
3646, 3678, 3679, -1, 3646, 3679, 3701, -1, 3646, 3701, 3730, -1, 3677, 3647, 3648, -1,
3677, 3648, 3649, -1, 3677, 3649, 3650, -1, 3677, 3650, 3651, -1, 3677, 3651, 3676, -1,
3675, 3676, 3651, -1, 3675, 3651, 3652, -1, 3675, 3652, 3653, -1, 3675, 3653, 3654, -1,
3675, 3654, 3655, -1, 3675, 3655, 3656, -1, 3675, 3656, 3674, -1, 3656, 3657, 3671, -1,
3656, 3671, 3672, -1, 3656, 3672, 3673, -1, 3656, 3673, 3674, -1, 3671, 3657, 3658, -1,
3671, 3658, 3659, -1, 3671, 3659, 3660, -1, 3671, 3660, 3661, -1, 3671, 3661, 3662, -1,
3671, 3662, 3663, -1, 3671, 3663, 3670, -1, 3669, 3670, 3663, -1, 3669, 3663, 3664, -1,
3669, 3664, 3665, -1, 3669, 3665, 3668, -1, 3666, 3667, 3668, -1, 3666, 3668, 3665, -1,
3707, 3708, 3714, -1, 3714, 3708, 3709, -1, 3714, 3709, 3713, -1, 3713, 3709, 3711, -1,
3713, 3711, 3712, -1, 3703, 3704, 3718, -1, 3718, 3704, 3705, -1, 3718, 3705, 3717, -1,
3717, 3705, 3706, -1, 3717, 3706, 3716, -1, 3716, 3706, 3707, -1, 3716, 3707, 3715, -1,
3715, 3707, 3714, -1, 3719, 3720, 3702, -1, 3719, 3702, 3703, -1, 3719, 3703, 3718, -1,
3702, 3720, 3721, -1, 3702, 3721, 3722, -1, 3702, 3722, 3723, -1, 3702, 3723, 3724, -1,
3702, 3724, 3701, -1, 3701, 3724, 3725, -1, 3701, 3725, 3726, -1, 3701, 3726, 3727, -1,
3701, 3727, 3728, -1, 3701, 3728, 3729, -1, 3701, 3729, 3730, -1, 3679, 3680, 3701, -1,
3701, 3680, 3681, -1, 3701, 3681, 3700, -1, 3700, 3681, 3689, -1, 3700, 3689, 3690, -1,
3681, 3682, 3687, -1, 3681, 3687, 3688, -1, 3681, 3688, 3689, -1, 3683, 3684, 3686, -1,
3683, 3686, 3687, -1, 3683, 3687, 3682, -1, 3700, 3690, 3699, -1, 3699, 3690, 3691, -1,
3699, 3691, 3698, -1, 3698, 3691, 3692, -1, 3698, 3692, 3697, -1, 3697, 3692, 3693, -1,
3697, 3693, 3696, -1, 3696, 3693, 3694, -1, 3696, 3694, 3695, -1, 3736, 3738, 3735, -1,
3735, 3738, 3739, -1, 3735, 3739, 3734, -1, 3734, 3739, 3740, -1, 3734, 3740, 3733, -1,
3733, 3740, 3741, -1, 3733, 3741, 3732, -1, 3732, 3741, 3742, -1, 3732, 3742, 3731, -1,
3759, 3760, 3745, -1, 3745, 3760, 3761, -1, 3745, 3761, 3744, -1, 3744, 3761, 3762, -1,
3744, 3762, 3743, -1, 3759, 3745, 3746, -1, 3759, 3746, 3747, -1, 3759, 3747, 3748, -1,
3759, 3748, 3749, -1, 3759, 3749, 3758, -1, 3754, 3756, 3753, -1, 3753, 3756, 3757, -1,
3753, 3757, 3752, -1, 3752, 3757, 3758, -1, 3752, 3758, 3751, -1, 3751, 3758, 3749, -1,
3751, 3749, 3750, -1, 3834, 3835, 3763, -1, 3834, 3763, 3764, -1, 3834, 3764, 3790, -1,
3834, 3790, 3791, -1, 3834, 3791, 3833, -1, 3820, 3821, 3815, -1, 3820, 3815, 3816, -1,
3820, 3816, 3817, -1, 3820, 3817, 3818, -1, 3820, 3818, 3819, -1, 3822, 3823, 3812, -1,
3822, 3812, 3813, -1, 3822, 3813, 3814, -1, 3822, 3814, 3815, -1, 3822, 3815, 3821, -1,
3823, 3824, 3808, -1, 3823, 3808, 3809, -1, 3823, 3809, 3810, -1, 3823, 3810, 3811, -1,
3823, 3811, 3812, -1, 3824, 3825, 3805, -1, 3824, 3805, 3806, -1, 3824, 3806, 3807, -1,
3824, 3807, 3808, -1, 3825, 3826, 3801, -1, 3825, 3801, 3802, -1, 3825, 3802, 3803, -1,
3825, 3803, 3804, -1, 3825, 3804, 3805, -1, 3801, 3826, 3827, -1, 3801, 3827, 3828, -1,
3801, 3828, 3829, -1, 3801, 3829, 3800, -1, 3829, 3830, 3796, -1, 3829, 3796, 3797, -1,
3829, 3797, 3798, -1, 3829, 3798, 3799, -1, 3829, 3799, 3800, -1, 3831, 3832, 3791, -1,
3831, 3791, 3792, -1, 3831, 3792, 3793, -1, 3831, 3793, 3794, -1, 3831, 3794, 3795, -1,
3831, 3795, 3796, -1, 3831, 3796, 3830, -1, 3764, 3765, 3784, -1, 3764, 3784, 3785, -1,
3764, 3785, 3786, -1, 3764, 3786, 3787, -1, 3764, 3787, 3788, -1, 3764, 3788, 3789, -1,
3764, 3789, 3790, -1, 3766, 3767, 3780, -1, 3766, 3780, 3781, -1, 3766, 3781, 3782, -1,
3766, 3782, 3783, -1, 3766, 3783, 3784, -1, 3766, 3784, 3765, -1, 3767, 3768, 3777, -1,
3767, 3777, 3778, -1, 3767, 3778, 3779, -1, 3767, 3779, 3780, -1, 3769, 3770, 3774, -1,
3769, 3774, 3775, -1, 3769, 3775, 3776, -1, 3769, 3776, 3777, -1, 3769, 3777, 3768, -1,
3773, 3774, 3770, -1, 3773, 3770, 3771, -1, 3773, 3771, 3772, -1, 3836, 3837, 3867, -1,
3836, 3867, 3868, -1, 3836, 3868, 3869, -1, 3836, 3869, 3891, -1, 3836, 3891, 3920, -1,
3867, 3837, 3838, -1, 3867, 3838, 3839, -1, 3867, 3839, 3840, -1, 3867, 3840, 3841, -1,
3867, 3841, 3866, -1, 3865, 3866, 3841, -1, 3865, 3841, 3842, -1, 3865, 3842, 3843, -1,
3865, 3843, 3844, -1, 3865, 3844, 3845, -1, 3865, 3845, 3846, -1, 3865, 3846, 3864, -1,
3846, 3847, 3861, -1, 3846, 3861, 3862, -1, 3846, 3862, 3863, -1, 3846, 3863, 3864, -1,
3861, 3847, 3848, -1, 3861, 3848, 3849, -1, 3861, 3849, 3850, -1, 3861, 3850, 3851, -1,
3861, 3851, 3852, -1, 3861, 3852, 3853, -1, 3861, 3853, 3860, -1, 3859, 3860, 3853, -1,
3859, 3853, 3854, -1, 3859, 3854, 3855, -1, 3859, 3855, 3858, -1, 3856, 3857, 3858, -1,
3856, 3858, 3855, -1, 3897, 3898, 3904, -1, 3904, 3898, 3899, -1, 3904, 3899, 3903, -1,
3903, 3899, 3901, -1, 3903, 3901, 3902, -1, 3893, 3894, 3908, -1, 3908, 3894, 3895, -1,
3908, 3895, 3907, -1, 3907, 3895, 3896, -1, 3907, 3896, 3906, -1, 3906, 3896, 3897, -1,
3906, 3897, 3905, -1, 3905, 3897, 3904, -1, 3909, 3910, 3892, -1, 3909, 3892, 3893, -1,
3909, 3893, 3908, -1, 3892, 3910, 3911, -1, 3892, 3911, 3912, -1, 3892, 3912, 3913, -1,
3892, 3913, 3914, -1, 3892, 3914, 3891, -1, 3891, 3914, 3915, -1, 3891, 3915, 3916, -1,
3891, 3916, 3917, -1, 3891, 3917, 3918, -1, 3891, 3918, 3919, -1, 3891, 3919, 3920, -1,
3869, 3870, 3891, -1, 3891, 3870, 3871, -1, 3891, 3871, 3890, -1, 3890, 3871, 3879, -1,
3890, 3879, 3880, -1, 3871, 3872, 3877, -1, 3871, 3877, 3878, -1, 3871, 3878, 3879, -1,
3873, 3874, 3876, -1, 3873, 3876, 3877, -1, 3873, 3877, 3872, -1, 3890, 3880, 3889, -1,
3889, 3880, 3881, -1, 3889, 3881, 3888, -1, 3888, 3881, 3882, -1, 3888, 3882, 3887, -1,
3887, 3882, 3883, -1, 3887, 3883, 3886, -1, 3886, 3883, 3884, -1, 3886, 3884, 3885, -1,
3938, 3939, 3944, -1, 3944, 3939, 3940, -1, 3944, 3940, 3942, -1, 3942, 3940, 3941, -1,
3932, 3933, 3950, -1, 3932, 3950, 3951, -1, 3932, 3951, 3952, -1, 3932, 3952, 3953, -1,
3932, 3953, 3954, -1, 3932, 3954, 3955, -1, 3932, 3955, 3956, -1, 3932, 3956, 3957, -1,
3932, 3957, 3958, -1, 3932, 3958, 3959, -1, 3932, 3959, 3960, -1, 3932, 3960, 4044, -1,
3932, 4044, 4045, -1, 3932, 4045, 3921, -1, 3932, 3921, 3922, -1, 3932, 3922, 3931, -1,
3926, 3928, 3925, -1, 3925, 3928, 3929, -1, 3925, 3929, 3924, -1, 3924, 3929, 3930, -1,
3924, 3930, 3923, -1, 3923, 3930, 3931, -1, 3923, 3931, 3922, -1, 4053, 4054, 4052, -1,
4052, 4054, 4055, -1, 4052, 4055, 4051, -1, 4051, 4055, 4056, -1, 4051, 4056, 4057, -1,
4048, 4049, 4058, -1, 4058, 4049, 4050, -1, 4058, 4050, 4057, -1, 4057, 4050, 4051, -1,
4059, 4060, 4046, -1, 4059, 4046, 4047, -1, 4059, 4047, 4048, -1, 4059, 4048, 4058, -1,
4061, 4062, 4045, -1, 4061, 4045, 4046, -1, 4061, 4046, 4060, -1, 4045, 4062, 4063, -1,
4045, 4063, 4064, -1, 4045, 4064, 4065, -1, 4045, 4065, 4066, -1, 4045, 4066, 4067, -1,
4045, 4067, 4068, -1, 4045, 4068, 4069, -1, 4045, 4069, 4070, -1, 4045, 4070, 3921, -1,
3933, 3934, 3948, -1, 3933, 3948, 3949, -1, 3933, 3949, 3950, -1, 3935, 3936, 3947, -1,
3935, 3947, 3948, -1, 3935, 3948, 3934, -1, 3944, 3945, 3938, -1, 3938, 3945, 3946, -1,
3938, 3946, 3937, -1, 3937, 3946, 3947, -1, 3937, 3947, 3936, -1, 4016, 4017, 4024, -1,
4024, 4017, 4018, -1, 4024, 4018, 4023, -1, 4023, 4018, 4019, -1, 4023, 4019, 4022, -1,
4022, 4019, 4020, -1, 4022, 4020, 4021, -1, 4025, 4026, 4012, -1, 4025, 4012, 4013, -1,
4025, 4013, 4014, -1, 4025, 4014, 4015, -1, 4025, 4015, 4016, -1, 4025, 4016, 4024, -1,
4009, 4010, 4029, -1, 4029, 4010, 4011, -1, 4029, 4011, 4028, -1, 4028, 4011, 4012, -1,
4028, 4012, 4027, -1, 4027, 4012, 4026, -1, 4030, 4031, 4008, -1, 4030, 4008, 4009, -1,
4030, 4009, 4029, -1, 4003, 4004, 4035, -1, 4035, 4004, 4005, -1, 4035, 4005, 4034, -1,
4034, 4005, 4006, -1, 4034, 4006, 4033, -1, 4033, 4006, 4007, -1, 4033, 4007, 4032, -1,
4032, 4007, 4008, -1, 4032, 4008, 4031, -1, 4036, 4037, 4002, -1, 4036, 4002, 4003, -1,
4036, 4003, 4035, -1, 3963, 3997, 4042, -1, 4042, 3997, 3998, -1, 4042, 3998, 4041, -1,
4041, 3998, 3999, -1, 4041, 3999, 4040, -1, 4040, 3999, 4000, -1, 4040, 4000, 4039, -1,
4039, 4000, 4001, -1, 4039, 4001, 4038, -1, 4038, 4001, 4002, -1, 4038, 4002, 4037, -1,
4042, 4043, 3961, -1, 4042, 3961, 3962, -1, 4042, 3962, 3963, -1, 4044, 3960, 3961, -1,
4044, 3961, 4043, -1, 3997, 3963, 3964, -1, 3997, 3964, 3965, -1, 3997, 3965, 3966, -1,
3997, 3966, 3996, -1, 3966, 3967, 3992, -1, 3966, 3992, 3993, -1, 3966, 3993, 3994, -1,
3966, 3994, 3995, -1, 3966, 3995, 3996, -1, 3968, 3969, 3987, -1, 3968, 3987, 3988, -1,
3968, 3988, 3989, -1, 3968, 3989, 3990, -1, 3968, 3990, 3991, -1, 3968, 3991, 3992, -1,
3968, 3992, 3967, -1, 3987, 3969, 3970, -1, 3987, 3970, 3971, -1, 3987, 3971, 3972, -1,
3987, 3972, 3986, -1, 3972, 3973, 3980, -1, 3972, 3980, 3981, -1, 3972, 3981, 3982, -1,
3972, 3982, 3983, -1, 3972, 3983, 3984, -1, 3972, 3984, 3985, -1, 3972, 3985, 3986, -1,
3976, 3978, 3975, -1, 3975, 3978, 3979, -1, 3975, 3979, 3974, -1, 3974, 3979, 3980, -1,
3974, 3980, 3973, -1, 4072, 4073, 4082, -1, 4082, 4073, 4074, -1, 4082, 4074, 4081, -1,
4081, 4074, 4075, -1, 4081, 4075, 4080, -1, 4080, 4075, 4076, -1, 4080, 4076, 4079, -1,
4079, 4076, 4077, -1, 4079, 4077, 4078, -1, 4219, 4220, 4128, -1, 4128, 4220, 4221, -1,
4128, 4221, 4127, -1, 4127, 4221, 4071, -1, 4127, 4071, 4126, -1, 4126, 4071, 4072, -1,
4126, 4072, 4083, -1, 4083, 4072, 4082, -1, 4084, 4085, 4125, -1, 4084, 4125, 4126, -1,
4084, 4126, 4083, -1, 4086, 4087, 4123, -1, 4086, 4123, 4124, -1, 4086, 4124, 4125, -1,
4086, 4125, 4085, -1, 4123, 4087, 4122, -1, 4122, 4087, 4088, -1, 4122, 4088, 4121, -1,
4121, 4088, 4089, -1, 4121, 4089, 4120, -1, 4120, 4089, 4090, -1, 4120, 4090, 4119, -1,
4119, 4090, 4091, -1, 4119, 4091, 4092, -1, 4118, 4119, 4092, -1, 4118, 4092, 4093, -1,
4118, 4093, 4094, -1, 4118, 4094, 4117, -1, 4097, 4115, 4096, -1, 4096, 4115, 4116, -1,
4096, 4116, 4095, -1, 4095, 4116, 4117, -1, 4095, 4117, 4094, -1, 4115, 4097, 4098, -1,
4115, 4098, 4099, -1, 4115, 4099, 4100, -1, 4115, 4100, 4101, -1, 4115, 4101, 4114, -1,
4101, 4102, 4104, -1, 4101, 4104, 4106, -1, 4101, 4106, 4107, -1, 4101, 4107, 4108, -1,
4101, 4108, 4109, -1, 4101, 4109, 4110, -1, 4101, 4110, 4111, -1, 4101, 4111, 4112, -1,
4101, 4112, 4113, -1, 4101, 4113, 4114, -1, 4185, 4186, 4193, -1, 4193, 4186, 4187, -1,
4193, 4187, 4192, -1, 4192, 4187, 4188, -1, 4192, 4188, 4191, -1, 4191, 4188, 4189, -1,
4191, 4189, 4190, -1, 4194, 4195, 4181, -1, 4194, 4181, 4182, -1, 4194, 4182, 4183, -1,
4194, 4183, 4184, -1, 4194, 4184, 4185, -1, 4194, 4185, 4193, -1, 4178, 4179, 4198, -1,
4198, 4179, 4180, -1, 4198, 4180, 4197, -1, 4197, 4180, 4181, -1, 4197, 4181, 4196, -1,
4196, 4181, 4195, -1, 4199, 4200, 4177, -1, 4199, 4177, 4178, -1, 4199, 4178, 4198, -1,
4172, 4173, 4204, -1, 4204, 4173, 4174, -1, 4204, 4174, 4203, -1, 4203, 4174, 4175, -1,
4203, 4175, 4202, -1, 4202, 4175, 4176, -1, 4202, 4176, 4201, -1, 4201, 4176, 4177, -1,
4201, 4177, 4200, -1, 4205, 4206, 4171, -1, 4205, 4171, 4172, -1, 4205, 4172, 4204, -1,
4132, 4166, 4211, -1, 4211, 4166, 4167, -1, 4211, 4167, 4210, -1, 4210, 4167, 4168, -1,
4210, 4168, 4209, -1, 4209, 4168, 4169, -1, 4209, 4169, 4208, -1, 4208, 4169, 4170, -1,
4208, 4170, 4207, -1, 4207, 4170, 4171, -1, 4207, 4171, 4206, -1, 4211, 4212, 4130, -1,
4211, 4130, 4131, -1, 4211, 4131, 4132, -1, 4130, 4212, 4213, -1, 4130, 4213, 4214, -1,
4130, 4214, 4215, -1, 4130, 4215, 4216, -1, 4130, 4216, 4129, -1, 4128, 4129, 4216, -1,
4128, 4216, 4217, -1, 4128, 4217, 4218, -1, 4128, 4218, 4219, -1, 4166, 4132, 4133, -1,
4166, 4133, 4134, -1, 4166, 4134, 4135, -1, 4166, 4135, 4165, -1, 4135, 4136, 4161, -1,
4135, 4161, 4162, -1, 4135, 4162, 4163, -1, 4135, 4163, 4164, -1, 4135, 4164, 4165, -1,
4137, 4138, 4156, -1, 4137, 4156, 4157, -1, 4137, 4157, 4158, -1, 4137, 4158, 4159, -1,
4137, 4159, 4160, -1, 4137, 4160, 4161, -1, 4137, 4161, 4136, -1, 4156, 4138, 4139, -1,
4156, 4139, 4140, -1, 4156, 4140, 4141, -1, 4156, 4141, 4155, -1, 4141, 4142, 4149, -1,
4141, 4149, 4150, -1, 4141, 4150, 4151, -1, 4141, 4151, 4152, -1, 4141, 4152, 4153, -1,
4141, 4153, 4154, -1, 4141, 4154, 4155, -1, 4145, 4147, 4144, -1, 4144, 4147, 4148, -1,
4144, 4148, 4143, -1, 4143, 4148, 4149, -1, 4143, 4149, 4142, -1, 4299, 4222, 4259, -1,
4259, 4222, 4223, -1, 4259, 4223, 4258, -1, 4258, 4223, 4224, -1, 4258, 4224, 4257, -1,
4257, 4224, 4225, -1, 4257, 4225, 4256, -1, 4256, 4225, 4226, -1, 4256, 4226, 4255, -1,
4255, 4226, 4227, -1, 4255, 4227, 4254, -1, 4254, 4227, 4228, -1, 4254, 4228, 4253, -1,
4253, 4228, 4229, -1, 4253, 4229, 4252, -1, 4252, 4229, 4230, -1, 4252, 4230, 4251, -1,
4251, 4230, 4231, -1, 4251, 4231, 4250, -1, 4250, 4231, 4232, -1, 4250, 4232, 4249, -1,
4249, 4232, 4233, -1, 4249, 4233, 4248, -1, 4248, 4233, 4234, -1, 4248, 4234, 4247, -1,
4247, 4234, 4235, -1, 4247, 4235, 4246, -1, 4246, 4235, 4236, -1, 4246, 4236, 4245, -1,
4245, 4236, 4237, -1, 4245, 4237, 4244, -1, 4244, 4237, 4238, -1, 4244, 4238, 4243, -1,
4243, 4238, 4239, -1, 4243, 4239, 4242, -1, 4242, 4239, 4240, -1, 4242, 4240, 4241, -1,
4259, 4260, 4307, -1, 4259, 4307, 4308, -1, 4259, 4308, 4299, -1, 4307, 4260, 4261, -1,
4307, 4261, 4262, -1, 4307, 4262, 4263, -1, 4307, 4263, 4264, -1, 4307, 4264, 4306, -1,
4306, 4264, 4305, -1, 4305, 4264, 4265, -1, 4305, 4265, 4277, -1, 4277, 4265, 4266, -1,
4277, 4266, 4276, -1, 4276, 4266, 4267, -1, 4276, 4267, 4275, -1, 4275, 4267, 4268, -1,
4275, 4268, 4274, -1, 4274, 4268, 4269, -1, 4274, 4269, 4273, -1, 4273, 4269, 4270, -1,
4273, 4270, 4271, -1, 4280, 4281, 4305, -1, 4305, 4281, 4282, -1, 4305, 4282, 4304, -1,
4304, 4282, 4283, -1, 4304, 4283, 4303, -1, 4303, 4283, 4294, -1, 4303, 4294, 4302, -1,
4302, 4294, 4295, -1, 4302, 4295, 4296, -1, 4305, 4277, 4278, -1, 4305, 4278, 4279, -1,
4305, 4279, 4280, -1, 4222, 4299, 4300, -1, 4222, 4300, 4301, -1, 4222, 4301, 4302, -1,
4222, 4302, 4298, -1, 4302, 4296, 4297, -1, 4302, 4297, 4298, -1, 4288, 4289, 4293, -1,
4293, 4289, 4290, -1, 4293, 4290, 4292, -1, 4292, 4290, 4291, -1, 4293, 4294, 4284, -1,
4293, 4284, 4285, -1, 4293, 4285, 4286, -1, 4293, 4286, 4287, -1, 4293, 4287, 4288, -1,
4383, 4384, 4313, -1, 4313, 4384, 4309, -1, 4313, 4309, 4311, -1, 4311, 4309, 4310, -1,
4372, 4373, 4374, -1, 4372, 4374, 4375, -1, 4372, 4375, 4376, -1, 4372, 4376, 4377, -1,
4372, 4377, 4378, -1, 4372, 4378, 4379, -1, 4372, 4379, 4380, -1, 4372, 4380, 4381, -1,
4372, 4381, 4371, -1, 4381, 4382, 4315, -1, 4381, 4315, 4316, -1, 4381, 4316, 4317, -1,
4381, 4317, 4318, -1, 4381, 4318, 4319, -1, 4381, 4319, 4320, -1, 4381, 4320, 4321, -1,
4381, 4321, 4322, -1, 4381, 4322, 4323, -1, 4381, 4323, 4324, -1, 4381, 4324, 4325, -1,
4381, 4325, 4326, -1, 4381, 4326, 4327, -1, 4381, 4327, 4328, -1, 4381, 4328, 4371, -1,
4382, 4383, 4313, -1, 4382, 4313, 4314, -1, 4382, 4314, 4315, -1, 4368, 4369, 4331, -1,
4331, 4369, 4370, -1, 4331, 4370, 4329, -1, 4329, 4370, 4371, -1, 4329, 4371, 4328, -1,
4354, 4355, 4345, -1, 4345, 4355, 4356, -1, 4345, 4356, 4343, -1, 4343, 4356, 4357, -1,
4343, 4357, 4342, -1, 4342, 4357, 4358, -1, 4342, 4358, 4341, -1, 4341, 4358, 4359, -1,
4341, 4359, 4340, -1, 4340, 4359, 4360, -1, 4340, 4360, 4339, -1, 4339, 4360, 4361, -1,
4339, 4361, 4338, -1, 4338, 4361, 4362, -1, 4338, 4362, 4337, -1, 4337, 4362, 4363, -1,
4337, 4363, 4336, -1, 4336, 4363, 4364, -1, 4336, 4364, 4335, -1, 4335, 4364, 4365, -1,
4335, 4365, 4334, -1, 4334, 4365, 4366, -1, 4334, 4366, 4333, -1, 4333, 4366, 4367, -1,
4333, 4367, 4332, -1, 4332, 4367, 4368, -1, 4332, 4368, 4331, -1, 4354, 4346, 4353, -1,
4353, 4346, 4347, -1, 4353, 4347, 4352, -1, 4352, 4347, 4348, -1, 4352, 4348, 4351, -1,
4351, 4348, 4349, -1, 4351, 4349, 4350, -1, 4390, 4392, 4389, -1, 4389, 4392, 4393, -1,
4389, 4393, 4388, -1, 4388, 4393, 4394, -1, 4388, 4394, 4387, -1, 4387, 4394, 4395, -1,
4387, 4395, 4386, -1, 4386, 4395, 4396, -1, 4386, 4396, 4385, -1, 4402, 4404, 4401, -1,
4401, 4404, 4405, -1, 4401, 4405, 4400, -1, 4400, 4405, 4406, -1, 4400, 4406, 4399, -1,
4399, 4406, 4407, -1, 4399, 4407, 4398, -1, 4398, 4407, 4408, -1, 4398, 4408, 4397, -1,
4414, 4416, 4413, -1, 4413, 4416, 4417, -1, 4413, 4417, 4412, -1, 4412, 4417, 4418, -1,
4412, 4418, 4411, -1, 4411, 4418, 4419, -1, 4411, 4419, 4410, -1, 4410, 4419, 4420, -1,
4410, 4420, 4409, -1, 4498, 4421, 4458, -1, 4458, 4421, 4422, -1, 4458, 4422, 4457, -1,
4457, 4422, 4423, -1, 4457, 4423, 4456, -1, 4456, 4423, 4424, -1, 4456, 4424, 4455, -1,
4455, 4424, 4425, -1, 4455, 4425, 4454, -1, 4454, 4425, 4426, -1, 4454, 4426, 4453, -1,
4453, 4426, 4427, -1, 4453, 4427, 4452, -1, 4452, 4427, 4428, -1, 4452, 4428, 4451, -1,
4451, 4428, 4429, -1, 4451, 4429, 4450, -1, 4450, 4429, 4430, -1, 4450, 4430, 4449, -1,
4449, 4430, 4431, -1, 4449, 4431, 4448, -1, 4448, 4431, 4432, -1, 4448, 4432, 4447, -1,
4447, 4432, 4433, -1, 4447, 4433, 4446, -1, 4446, 4433, 4434, -1, 4446, 4434, 4445, -1,
4445, 4434, 4435, -1, 4445, 4435, 4444, -1, 4444, 4435, 4436, -1, 4444, 4436, 4443, -1,
4443, 4436, 4437, -1, 4443, 4437, 4442, -1, 4442, 4437, 4438, -1, 4442, 4438, 4441, -1,
4441, 4438, 4439, -1, 4441, 4439, 4440, -1, 4458, 4459, 4506, -1, 4458, 4506, 4507, -1,
4458, 4507, 4498, -1, 4506, 4459, 4460, -1, 4506, 4460, 4461, -1, 4506, 4461, 4462, -1,
4506, 4462, 4463, -1, 4506, 4463, 4505, -1, 4505, 4463, 4504, -1, 4504, 4463, 4464, -1,
4504, 4464, 4476, -1, 4476, 4464, 4465, -1, 4476, 4465, 4475, -1, 4475, 4465, 4466, -1,
4475, 4466, 4474, -1, 4474, 4466, 4467, -1, 4474, 4467, 4473, -1, 4473, 4467, 4468, -1,
4473, 4468, 4472, -1, 4472, 4468, 4469, -1, 4472, 4469, 4470, -1, 4479, 4480, 4504, -1,
4504, 4480, 4481, -1, 4504, 4481, 4503, -1, 4503, 4481, 4482, -1, 4503, 4482, 4502, -1,
4502, 4482, 4493, -1, 4502, 4493, 4501, -1, 4501, 4493, 4494, -1, 4501, 4494, 4495, -1,
4504, 4476, 4477, -1, 4504, 4477, 4478, -1, 4504, 4478, 4479, -1, 4421, 4498, 4499, -1,
4421, 4499, 4500, -1, 4421, 4500, 4501, -1, 4421, 4501, 4497, -1, 4501, 4495, 4496, -1,
4501, 4496, 4497, -1, 4487, 4488, 4492, -1, 4492, 4488, 4489, -1, 4492, 4489, 4491, -1,
4491, 4489, 4490, -1, 4492, 4493, 4483, -1, 4492, 4483, 4484, -1, 4492, 4484, 4485, -1,
4492, 4485, 4486, -1, 4492, 4486, 4487, -1, 4513, 4515, 4512, -1, 4512, 4515, 4516, -1,
4512, 4516, 4511, -1, 4511, 4516, 4517, -1, 4511, 4517, 4510, -1, 4510, 4517, 4518, -1,
4510, 4518, 4509, -1, 4509, 4518, 4519, -1, 4509, 4519, 4508, -1, 4525, 4527, 4524, -1,
4524, 4527, 4528, -1, 4524, 4528, 4523, -1, 4523, 4528, 4529, -1, 4523, 4529, 4522, -1,
4522, 4529, 4530, -1, 4522, 4530, 4521, -1, 4521, 4530, 4531, -1, 4521, 4531, 4520, -1,
4569, 4570, 4578, -1, 4578, 4570, 4571, -1, 4578, 4571, 4577, -1, 4577, 4571, 4572, -1,
4577, 4572, 4576, -1, 4576, 4572, 4573, -1, 4576, 4573, 4575, -1, 4575, 4573, 4574, -1,
4566, 4567, 4580, -1, 4580, 4567, 4568, -1, 4580, 4568, 4579, -1, 4579, 4568, 4569, -1,
4579, 4569, 4578, -1, 4581, 4532, 4564, -1, 4581, 4564, 4565, -1, 4581, 4565, 4566, -1,
4581, 4566, 4580, -1, 4537, 4538, 4536, -1, 4536, 4538, 4539, -1, 4536, 4539, 4535, -1,
4535, 4539, 4540, -1, 4535, 4540, 4534, -1, 4534, 4540, 4541, -1, 4534, 4541, 4533, -1,
4533, 4541, 4542, -1, 4533, 4542, 4532, -1, 4532, 4542, 4563, -1, 4532, 4563, 4564, -1,
4550, 4551, 4549, -1, 4549, 4551, 4552, -1, 4549, 4552, 4548, -1, 4548, 4552, 4553, -1,
4548, 4553, 4547, -1, 4547, 4553, 4554, -1, 4547, 4554, 4546, -1, 4546, 4554, 4555, -1,
4546, 4555, 4556, -1, 4546, 4556, 4545, -1, 4545, 4556, 4557, -1, 4545, 4557, 4544, -1,
4544, 4557, 4558, -1, 4544, 4558, 4559, -1, 4543, 4544, 4559, -1, 4543, 4559, 4560, -1,
4543, 4560, 4561, -1, 4543, 4561, 4562, -1, 4543, 4562, 4542, -1, 4587, 4589, 4586, -1,
4586, 4589, 4590, -1, 4586, 4590, 4585, -1, 4585, 4590, 4591, -1, 4585, 4591, 4584, -1,
4584, 4591, 4592, -1, 4584, 4592, 4583, -1, 4583, 4592, 4593, -1, 4583, 4593, 4582, -1,
4599, 4601, 4598, -1, 4598, 4601, 4602, -1, 4598, 4602, 4597, -1, 4597, 4602, 4603, -1,
4597, 4603, 4596, -1, 4596, 4603, 4604, -1, 4596, 4604, 4595, -1, 4595, 4604, 4605, -1,
4595, 4605, 4594, -1, 4699, 4700, 4705, -1, 4705, 4700, 4701, -1, 4705, 4701, 4704, -1,
4704, 4701, 4702, -1, 4704, 4702, 4703, -1, 4699, 4705, 4706, -1, 4699, 4706, 4707, -1,
4699, 4707, 4708, -1, 4699, 4708, 4709, -1, 4699, 4709, 4698, -1, 4710, 4711, 4695, -1,
4710, 4695, 4696, -1, 4710, 4696, 4697, -1, 4710, 4697, 4698, -1, 4710, 4698, 4709, -1,
4695, 4711, 4712, -1, 4695, 4712, 4713, -1, 4695, 4713, 4714, -1, 4695, 4714, 4715, -1,
4695, 4715, 4716, -1, 4695, 4716, 4717, -1, 4695, 4717, 4694, -1, 4693, 4694, 4717, -1,
4693, 4717, 4718, -1, 4693, 4718, 4719, -1, 4693, 4719, 4720, -1, 4693, 4720, 4721, -1,
4693, 4721, 4722, -1, 4693, 4722, 4723, -1, 4693, 4723, 4724, -1, 4693, 4724, 4692, -1,
4725, 4726, 4691, -1, 4725, 4691, 4692, -1, 4725, 4692, 4724, -1, 4691, 4726, 4727, -1,
4691, 4727, 4728, -1, 4691, 4728, 4729, -1, 4691, 4729, 4690, -1, 4690, 4729, 4689, -1,
4689, 4729, 4606, -1, 4689, 4606, 4688, -1, 4688, 4606, 4647, -1, 4688, 4647, 4648, -1,
4674, 4675, 4673, -1, 4673, 4675, 4676, -1, 4673, 4676, 4672, -1, 4672, 4676, 4677, -1,
4672, 4677, 4678, -1, 4678, 4679, 4668, -1, 4678, 4668, 4669, -1, 4678, 4669, 4670, -1,
4678, 4670, 4671, -1, 4678, 4671, 4672, -1, 4667, 4668, 4679, -1, 4667, 4679, 4680, -1,
4667, 4680, 4681, -1, 4667, 4681, 4682, -1, 4667, 4682, 4666, -1, 4682, 4683, 4660, -1,
4682, 4660, 4661, -1, 4682, 4661, 4662, -1, 4682, 4662, 4663, -1, 4682, 4663, 4664, -1,
4682, 4664, 4665, -1, 4682, 4665, 4666, -1, 4684, 4685, 4653, -1, 4684, 4653, 4654, -1,
4684, 4654, 4655, -1, 4684, 4655, 4656, -1, 4684, 4656, 4657, -1, 4684, 4657, 4658, -1,
4684, 4658, 4659, -1, 4684, 4659, 4660, -1, 4684, 4660, 4683, -1, 4650, 4651, 4686, -1,
4686, 4651, 4652, -1, 4686, 4652, 4685, -1, 4685, 4652, 4653, -1, 4686, 4687, 4648, -1,
4686, 4648, 4649, -1, 4686, 4649, 4650, -1, 4626, 4628, 4625, -1, 4625, 4628, 4630, -1,
4625, 4630, 4623, -1, 4623, 4630, 4631, -1, 4623, 4631, 4622, -1, 4622, 4631, 4632, -1,
4622, 4632, 4621, -1, 4621, 4632, 4633, -1, 4621, 4633, 4620, -1, 4620, 4633, 4634, -1,
4620, 4634, 4619, -1, 4619, 4634, 4635, -1, 4619, 4635, 4618, -1, 4618, 4635, 4636, -1,
4618, 4636, 4617, -1, 4617, 4636, 4637, -1, 4617, 4637, 4616, -1, 4616, 4637, 4638, -1,
4616, 4638, 4615, -1, 4615, 4638, 4639, -1, 4615, 4639, 4614, -1, 4614, 4639, 4640, -1,
4614, 4640, 4613, -1, 4613, 4640, 4641, -1, 4613, 4641, 4612, -1, 4612, 4641, 4642, -1,
4612, 4642, 4611, -1, 4611, 4642, 4643, -1, 4611, 4643, 4610, -1, 4610, 4643, 4644, -1,
4610, 4644, 4609, -1, 4609, 4644, 4645, -1, 4609, 4645, 4608, -1, 4608, 4645, 4646, -1,
4608, 4646, 4607, -1, 4607, 4646, 4647, -1, 4607, 4647, 4606, -1, 4776, 4777, 4772, -1,
4776, 4772, 4774, -1, 4750, 4751, 4772, -1, 4772, 4751, 4762, -1, 4772, 4762, 4771, -1,
4771, 4762, 4763, -1, 4771, 4763, 4770, -1, 4770, 4763, 4764, -1, 4770, 4764, 4769, -1,
4769, 4764, 4765, -1, 4769, 4765, 4768, -1, 4768, 4765, 4766, -1, 4768, 4766, 4767, -1,
4772, 4777, 4778, -1, 4772, 4778, 4779, -1, 4772, 4779, 4780, -1, 4772, 4780, 4781, -1,
4772, 4781, 4782, -1, 4772, 4782, 4783, -1, 4772, 4783, 4784, -1, 4772, 4784, 4785, -1,
4772, 4785, 4786, -1, 4772, 4786, 4787, -1, 4772, 4787, 4788, -1, 4772, 4788, 4789, -1,
4772, 4789, 4790, -1, 4772, 4790, 4791, -1, 4772, 4791, 4792, -1, 4772, 4792, 4793, -1,
4772, 4793, 4794, -1, 4772, 4794, 4795, -1, 4772, 4795, 4796, -1, 4772, 4796, 4797, -1,
4772, 4797, 4798, -1, 4772, 4798, 4799, -1, 4772, 4799, 4800, -1, 4772, 4730, 4750, -1,
4756, 4758, 4755, -1, 4755, 4758, 4759, -1, 4755, 4759, 4754, -1, 4754, 4759, 4760, -1,
4754, 4760, 4753, -1, 4753, 4760, 4761, -1, 4753, 4761, 4752, -1, 4752, 4761, 4762, -1,
4752, 4762, 4751, -1, 4730, 4731, 4744, -1, 4730, 4744, 4745, -1, 4730, 4745, 4746, -1,
4730, 4746, 4747, -1, 4730, 4747, 4748, -1, 4730, 4748, 4749, -1, 4730, 4749, 4750, -1,
4741, 4742, 4732, -1, 4732, 4742, 4743, -1, 4732, 4743, 4731, -1, 4731, 4743, 4744, -1,
4736, 4737, 4735, -1, 4735, 4737, 4738, -1, 4735, 4738, 4734, -1, 4734, 4738, 4739, -1,
4734, 4739, 4733, -1, 4733, 4739, 4740, -1, 4733, 4740, 4732, -1, 4732, 4740, 4741, -1,
4808, 4810, 4807, -1, 4807, 4810, 4811, -1, 4807, 4811, 4806, -1, 4806, 4811, 4812, -1,
4806, 4812, 4805, -1, 4805, 4812, 4813, -1, 4805, 4813, 4804, -1, 4804, 4813, 4814, -1,
4804, 4814, 4803, -1, 4830, 4831, 4818, -1, 4818, 4831, 4832, -1, 4818, 4832, 4817, -1,
4817, 4832, 4833, -1, 4817, 4833, 4816, -1, 4816, 4833, 4834, -1, 4816, 4834, 4815, -1,
4822, 4824, 4821, -1, 4821, 4824, 4825, -1, 4821, 4825, 4820, -1, 4820, 4825, 4826, -1,
4820, 4826, 4819, -1, 4819, 4826, 4828, -1, 4819, 4828, 4818, -1, 4818, 4828, 4829, -1,
4818, 4829, 4830, -1, 5060, 5061, 4999, -1, 4999, 5061, 4995, -1, 4999, 4995, 4997, -1,
4997, 4995, 4996, -1, 5049, 5050, 5051, -1, 5049, 5051, 5052, -1, 5049, 5052, 5053, -1,
5049, 5053, 5054, -1, 5049, 5054, 5055, -1, 5049, 5055, 5056, -1, 5049, 5056, 5057, -1,
5049, 5057, 5058, -1, 5049, 5058, 5048, -1, 5058, 5059, 5001, -1, 5058, 5001, 5002, -1,
5058, 5002, 5003, -1, 5058, 5003, 5004, -1, 5058, 5004, 5005, -1, 5058, 5005, 5006, -1,
5058, 5006, 5007, -1, 5058, 5007, 5008, -1, 5058, 5008, 5009, -1, 5058, 5009, 5010, -1,
5058, 5010, 5011, -1, 5058, 5011, 5012, -1, 5058, 5012, 5013, -1, 5058, 5013, 5014, -1,
5058, 5014, 5048, -1, 5059, 5060, 4999, -1, 5059, 4999, 5000, -1, 5059, 5000, 5001, -1,
5045, 5046, 5017, -1, 5017, 5046, 5047, -1, 5017, 5047, 5015, -1, 5015, 5047, 5048, -1,
5015, 5048, 5014, -1, 5025, 5026, 5037, -1, 5037, 5026, 5027, -1, 5037, 5027, 5036, -1,
5036, 5027, 5028, -1, 5036, 5028, 5035, -1, 5035, 5028, 5029, -1, 5035, 5029, 5034, -1,
5034, 5029, 5030, -1, 5034, 5030, 5033, -1, 5033, 5030, 5031, -1, 5033, 5031, 5032, -1,
5038, 5039, 5023, -1, 5038, 5023, 5024, -1, 5038, 5024, 5025, -1, 5038, 5025, 5037, -1,
5041, 5020, 5040, -1, 5040, 5020, 5021, -1, 5040, 5021, 5039, -1, 5039, 5021, 5022, -1,
5039, 5022, 5023, -1, 5045, 5017, 5044, -1, 5044, 5017, 5018, -1, 5044, 5018, 5043, -1,
5043, 5018, 5019, -1, 5043, 5019, 5042, -1, 5042, 5019, 5020, -1, 5042, 5020, 5041, -1,
5071, 5072, 5064, -1, 5064, 5072, 5073, -1, 5064, 5073, 5063, -1, 5063, 5073, 5062, -1,
5064, 5065, 5069, -1, 5064, 5069, 5070, -1, 5064, 5070, 5071, -1, 5066, 5067, 5068, -1,
5066, 5068, 5069, -1, 5066, 5069, 5065, -1, 5077, 5087, 5076, -1, 5076, 5087, 5088, -1,
5076, 5088, 5075, -1, 5075, 5088, 5089, -1, 5075, 5089, 5074, -1, 5081, 5084, 5080, -1,
5080, 5084, 5085, -1, 5080, 5085, 5079, -1, 5079, 5085, 5086, -1, 5079, 5086, 5078, -1,
5078, 5086, 5087, -1, 5078, 5087, 5077, -1, 5082, 5083, 5084, -1, 5082, 5084, 5081, -1,
5017, 5015, 5016, -1, 4999, 4997, 4998, -1, 4824, 4822, 4823, -1, 4828, 4826, 4827, -1,
4810, 4808, 4809, -1, 4758, 4756, 4757, -1, 4630, 4628, 4629, -1, 4628, 4626, 4627, -1,
4625, 4623, 4624, -1, 4688, 4648, 4687, -1, 4601, 4599, 4600, -1, 4589, 4587, 4588, -1,
4563, 4542, 4562, -1, 4527, 4525, 4526, -1, 4515, 4513, 4514, -1, 4493, 4482, 4483, -1,
4472, 4470, 4471, -1, 4416, 4414, 4415, -1, 4404, 4402, 4403, -1, 4392, 4390, 4391, -1,
4345, 4343, 4344, -1, 4354, 4345, 4346, -1, 4331, 4329, 4330, -1, 4313, 4311, 4312, -1,
4294, 4283, 4284, -1, 4273, 4271, 4272, -1, 4106, 4104, 4105, -1, 4147, 4145, 4146, -1,
4104, 4102, 4103, -1, 3978, 3976, 3977, -1, 3944, 3942, 3943, -1, 3928, 3926, 3927, -1,
3900, 3901, 3899, -1, 3876, 3874, 3875, -1, 3833, 3791, 3832, -1, 3756, 3754, 3755, -1,
3738, 3736, 3737, -1, 3710, 3711, 3709, -1, 3686, 3684, 3685, -1, 3546, 3544, 3545, -1,
3544, 3542, 3543, -1, 3541, 3539, 3540, -1, 3604, 3564, 3603, -1, 3457, 3455, 3456, -1,
3445, 3443, 3444, -1, 3432, 3430, 3431, -1, 3375, 3347, 3348, -1, 3386, 3384, 3385, -1,
3326, 3324, 3325, -1, 3263, 3261, 3262, -1, 3288, 3265, 3266, -1, 3261, 3259, 3260, -1,
3057, 3077, 3078, -1, 2996, 3016, 3017, -1, 2946, 2944, 2945, -1, 2867, 2901, 2902, -1,
2777, 2775, 2776, -1, 2790, 2783, 2789, -1, 2757, 2755, 2756, -1, 2745, 2743, 2744, -1,
2667, 2665, 2666, -1, 2594, 2592, 2593, -1, 2610, 2601, 2602, -1, 2567, 2565, 2566, -1,
2414, 2436, 2462, -1, 2424, 2422, 2423, -1, 2304, 2338, 2339, -1, 2202, 2200, 2201, -1,
2114, 2134, 2135, -1, 1916, 1914, 1915, -1, 1882, 1880, 1881, -1, 1866, 1864, 1865, -1,
1759, 1757, 1758, -1, 1757, 1755, 1756, -1, 1754, 1752, 1753, -1, 1817, 1777, 1816, -1,
1730, 1728, 1729, -1, 1718, 1716, 1717, -1, 1706, 1704, 1705, -1, 1683, 1681, 1682, -1,
1630, 1628, 1629, -1, 1531, 1529, 1530, -1, 1556, 1533, 1534, -1, 1529, 1527, 1528, -1,
1503, 1501, 1502, -1, 1441, 1439, 1440, -1, 1371, 1369, 1370, -1, 1279, 1301, 1327, -1,
1289, 1287, 1288, -1, 1260, 1239, 1259, -1, 1187, 1207, 1208, -1, 1098, 1120, 1146, -1,
1108, 1106, 1107, -1, 929, 1018, 1019, -1, 819, 817, 818, -1, 838, 753, 837, -1,
814, 812, 813, -1, 748, 746, 747, -1, 641, 639, 640, -1, 639, 637, 638, -1,
636, 634, 635, -1, 699, 659, 698, -1, 612, 610, 611, -1, 580, 578, 579, -1,
504, 502, 503, -1, 432, 433, 431, -1, 408, 406, 407, -1, 292, 247, 291, -1,
174, 172, 173, -1, 4907, 4896, 4897, -1, 4950, 4948, 4949, -1, 4886, 4884, 4885, -1,
137, 135, 136, -1, 110, 108, 109, -1, 87, 85, 86, -1, 75, 73, 74, -1,
63, 61, 62, -1, 51, 49, 50, -1
            ]
          }
        }
      ]
    }
  ]
}
Transform {
  children [
    Group {
      children [
        Shape {
          appearance Appearance {
            material Material {
              diffuseColor 0.961 0.961 0.961
              specularColor 0.965 0.965 0.965
              emissiveColor 0 0 0
              ambientIntensity 0.7
              transparency 0
              shininess 0.02
            }
          }
          geometry IndexedFaceSet {
            solid TRUE
            coord Coordinate {
              point [
56.90596 -37.714257 -0.344488, 56.892616 -37.682042 -0.344488,
56.867958 -37.657384 -0.344488, 56.835743 -37.64404 -0.344488,
56.800872 -37.64404 -0.344488, 56.768656 -37.657384 -0.344488,
56.743998 -37.682042 -0.344488, 56.730654 -37.714257 -0.344488,
56.730654 -37.749128 -0.344488, 56.743998 -37.781344 -0.344488,
56.768656 -37.806002 -0.344488, 56.800872 -37.819346 -0.344488,
56.835743 -37.819346 -0.344488, 56.867958 -37.806002 -0.344488,
56.892616 -37.781344 -0.344488, 56.90596 -37.749128 -0.344488,
57.605962 -36.251007 -0.344488, 57.605952 -36.251057 -0.344488,
57.605956 -36.251074 -0.344488, 57.605952 -36.251109 -0.344488,
57.605952 -36.701109 -0.344488, 57.513095 -36.701109 -0.344488,
57.503341 -36.70207 -0.344488, 57.485317 -36.709536 -0.344488,
57.471521 -36.723331 -0.344488, 57.464056 -36.741355 -0.344488,
57.464056 -36.760864 -0.344488, 57.471521 -36.778888 -0.344488,
57.485317 -36.792683 -0.344488, 57.503341 -36.800149 -0.344488,
57.513095 -36.801109 -0.344488, 57.798809 -36.801109 -0.344488,
57.808564 -36.800149 -0.344488, 57.826588 -36.792683 -0.344488,
57.840383 -36.778888 -0.344488, 57.847849 -36.760864 -0.344488,
57.847849 -36.741355 -0.344488, 57.840383 -36.723331 -0.344488,
57.826588 -36.709536 -0.344488, 57.808564 -36.70207 -0.344488,
57.798809 -36.701109 -0.344488, 57.705952 -36.701109 -0.344488,
57.705952 -36.39563 -0.344488, 57.715835 -36.405512 -0.344488,
57.719669 -36.408659 -0.344488, 57.720535 -36.409657 -0.344488,
57.722039 -36.410604 -0.344488, 57.723411 -36.41173 -0.344488,
57.724631 -36.412235 -0.344488, 57.72883 -36.414878 -0.344488,
57.776449 -36.438688 -0.344488, 57.785603 -36.442191 -0.344488,
57.805063 -36.443574 -0.344488, 57.823571 -36.437404 -0.344488,
57.838309 -36.424622 -0.344488, 57.847034 -36.407173 -0.344488,
57.848417 -36.387713 -0.344488, 57.842247 -36.369205 -0.344488,
57.829465 -36.354467 -0.344488, 57.82117 -36.349245 -0.344488,
57.780808 -36.329064 -0.344488, 57.742427 -36.290683 -0.344488,
57.697555 -36.223374 -0.344488, 57.697533 -36.223348 -0.344488,
57.697526 -36.223331 -0.344488, 57.697489 -36.223294 -0.344488,
57.691345 -36.215791 -0.344488, 57.687231 -36.213036 -0.344488,
57.683731 -36.209536 -0.344488, 57.679205 -36.207661 -0.344488,
57.675135 -36.204935 -0.344488, 57.67028 -36.203964 -0.344488,
57.665707 -36.20207 -0.344488, 57.660808 -36.20207 -0.344488,
57.656004 -36.201109 -0.344488, 57.651149 -36.20207 -0.344488,
57.646198 -36.20207 -0.344488, 57.641671 -36.203945 -0.344488,
57.636866 -36.204896 -0.344488, 57.632747 -36.207641 -0.344488,
57.628174 -36.209536 -0.344488, 57.62471 -36.213 -0.344488,
57.620634 -36.215717 -0.344488, 57.617879 -36.21983 -0.344488,
57.614379 -36.223331 -0.344488, 57.612504 -36.227856 -0.344488,
57.609778 -36.231927 -0.344488, 57.608807 -36.236781 -0.344488,
57.606913 -36.241355 -0.344488, 58.34821 -36.459313 -0.344488,
58.347849 -36.455641 -0.344488, 58.347567 -36.454959 -0.344488,
58.347317 -36.453268 -0.344488, 58.323507 -36.35803 -0.344488,
58.32325 -36.357311 -0.344488, 58.323224 -36.35695 -0.344488,
58.321671 -36.352892 -0.344488, 58.320209 -36.3488 -0.344488,
58.319994 -36.34851 -0.344488, 58.319721 -36.347796 -0.344488,
58.295911 -36.300177 -0.344488, 58.293269 -36.29598 -0.344488,
58.292764 -36.294759 -0.344488, 58.291635 -36.293384 -0.344488,
58.29069 -36.291882 -0.344488, 58.289693 -36.291017 -0.344488,
58.286546 -36.287182 -0.344488, 58.238927 -36.239563 -0.344488,
58.23135 -36.233346 -0.344488, 58.22969 -36.232658 -0.344488,
58.228333 -36.231481 -0.344488, 58.219383 -36.227485 -0.344488,
58.147954 -36.203675 -0.344488, 58.143116 -36.202575 -0.344488,
58.141897 -36.20207 -0.344488, 58.140129 -36.201896 -0.344488,
58.138396 -36.201502 -0.344488, 58.137079 -36.201595 -0.344488,
58.132143 -36.201109 -0.344488, 58.084524 -36.201109 -0.344488,
58.079587 -36.201595 -0.344488, 58.07827 -36.201502 -0.344488,
58.076537 -36.201896 -0.344488, 58.074769 -36.20207 -0.344488,
58.073549 -36.202575 -0.344488, 58.068712 -36.203675 -0.344488,
57.997283 -36.227485 -0.344488, 57.988333 -36.231481 -0.344488,
57.986976 -36.232657 -0.344488, 57.985316 -36.233345 -0.344488,
57.977739 -36.239563 -0.344488, 57.95393 -36.263373 -0.344488,
57.947712 -36.27095 -0.344488, 57.940246 -36.288974 -0.344488,
57.940246 -36.308483 -0.344488, 57.947712 -36.326507 -0.344488,
57.961507 -36.340302 -0.344488, 57.979531 -36.347768 -0.344488,
57.99904 -36.347768 -0.344488, 58.017064 -36.340302 -0.344488,
58.024641 -36.334084 -0.344488, 58.040104 -36.31862 -0.344488,
58.092638 -36.301109 -0.344488, 58.124028 -36.301109 -0.344488,
58.176562 -36.31862 -0.344488, 58.210098 -36.352156 -0.344488,
58.227824 -36.387609 -0.344488, 58.248809 -36.47155 -0.344488,
58.248809 -36.530669 -0.344488, 58.227824 -36.614609 -0.344488,
58.210097 -36.650063 -0.344488, 58.176562 -36.683598 -0.344488,
58.124028 -36.701109 -0.344488, 58.092638 -36.701109 -0.344488,
58.040104 -36.683598 -0.344488, 58.024641 -36.668135 -0.344488,
58.017065 -36.661917 -0.344488, 57.999041 -36.654451 -0.344488,
57.979531 -36.654451 -0.344488, 57.961507 -36.661917 -0.344488,
57.947712 -36.675711 -0.344488, 57.940246 -36.693735 -0.344488,
57.940246 -36.713244 -0.344488, 57.947712 -36.731269 -0.344488,
57.95393 -36.738845 -0.344488, 57.977739 -36.762655 -0.344488,
57.985316 -36.768873 -0.344488, 57.986976 -36.769561 -0.344488,
57.988333 -36.770738 -0.344488, 57.997283 -36.774734 -0.344488,
58.068712 -36.798544 -0.344488, 58.073549 -36.799643 -0.344488,
58.074769 -36.800149 -0.344488, 58.076537 -36.800323 -0.344488,
58.07827 -36.800717 -0.344488, 58.079587 -36.800623 -0.344488,
58.084524 -36.801109 -0.344488, 58.132143 -36.801109 -0.344488,
58.137079 -36.800623 -0.344488, 58.138396 -36.800717 -0.344488,
58.140129 -36.800323 -0.344488, 58.141897 -36.800149 -0.344488,
58.143116 -36.799644 -0.344488, 58.147954 -36.798544 -0.344488,
58.219383 -36.774734 -0.344488, 58.228333 -36.770738 -0.344488,
58.22969 -36.769561 -0.344488, 58.23135 -36.768873 -0.344488,
58.238927 -36.762655 -0.344488, 58.286546 -36.715036 -0.344488,
58.289692 -36.711202 -0.344488, 58.29069 -36.710337 -0.344488,
58.291636 -36.708832 -0.344488, 58.292764 -36.707459 -0.344488,
58.293269 -36.706239 -0.344488, 58.295911 -36.702042 -0.344488,
58.319721 -36.654423 -0.344488, 58.319994 -36.653708 -0.344488,
58.320209 -36.653419 -0.344488, 58.32167 -36.64933 -0.344488,
58.323224 -36.645269 -0.344488, 58.32325 -36.644908 -0.344488,
58.323507 -36.644189 -0.344488, 58.347317 -36.54895 -0.344488,
58.347567 -36.547259 -0.344488, 58.347849 -36.546578 -0.344488,
58.34821 -36.542905 -0.344488, 58.34875 -36.539254 -0.344488,
58.348642 -36.538525 -0.344488, 58.348809 -36.536824 -0.344488,
58.348809 -36.465395 -0.344488, 58.348642 -36.463693 -0.344488,
58.34875 -36.462964 -0.344488, 58.563095 -36.251109 -0.344488,
58.562135 -36.241355 -0.344488, 58.554669 -36.223331 -0.344488,
58.540874 -36.209536 -0.344488, 58.52285 -36.20207 -0.344488,
58.503341 -36.20207 -0.344488, 58.485317 -36.209536 -0.344488,
58.471522 -36.223331 -0.344488, 58.464056 -36.241355 -0.344488,
58.463095 -36.251109 -0.344488, 58.463095 -36.751109 -0.344488,
58.464056 -36.760864 -0.344488, 58.471522 -36.778888 -0.344488,
58.485317 -36.792683 -0.344488, 58.503341 -36.800149 -0.344488,
58.52285 -36.800149 -0.344488, 58.540874 -36.792683 -0.344488,
58.554669 -36.778888 -0.344488, 58.562135 -36.760864 -0.344488,
58.563095 -36.751109 -0.344488, 59.231693 -37.771063 -0.344488,
59.239374 -37.770307 -0.344488, 59.253566 -37.764428 -0.344488,
59.264428 -37.753566 -0.344488, 59.270307 -37.739374 -0.344488,
59.271063 -37.731693 -0.344488, 59.271063 -35.318307 -0.344488,
59.270307 -35.310626 -0.344488, 59.264428 -35.296434 -0.344488,
59.253566 -35.285572 -0.344488, 59.239374 -35.279693 -0.344488,
59.231693 -35.278937 -0.344488, 56.818307 -35.278937 -0.344488,
56.810626 -35.279693 -0.344488, 56.796434 -35.285572 -0.344488,
56.785572 -35.296434 -0.344488, 56.779693 -35.310626 -0.344488,
56.778937 -35.318307 -0.344488, 56.778937 -37.492944 -0.344488,
56.778937 -37.509252 -0.344488, 56.779693 -37.516933 -0.344488,
56.785572 -37.531125 -0.344488, 56.790468 -37.537091 -0.344488,
57.012909 -37.759532 -0.344488, 57.018875 -37.764428 -0.344488,
57.033067 -37.770307 -0.344488, 57.040748 -37.771063 -0.344488,
59.192323 -35.357677 -0.344488, 59.192323 -37.692323 -0.344488,
57.057056 -37.692323 -0.344488, 56.857677 -37.492944 -0.344488,
56.857677 -35.357677 -0.344488
              ]
            }
            coordIndex [
9, 7, 6, -1, 9, 6, 10, -1, 10, 6, 5, -1, 10, 5, 11, -1,
11, 5, 4, -1, 11, 4, 12, -1, 12, 4, 3, -1, 12, 3, 13, -1,
13, 3, 2, -1, 13, 2, 14, -1, 14, 2, 1, -1, 14, 1, 15, -1,
15, 1, 0, -1, 52, 51, 59, -1, 52, 59, 53, -1, 53, 59, 58, -1,
53, 58, 54, -1, 54, 58, 57, -1, 54, 57, 55, -1, 55, 57, 56, -1,
49, 48, 61, -1, 49, 61, 50, -1, 50, 61, 60, -1, 50, 60, 51, -1,
51, 60, 59, -1, 62, 61, 42, -1, 42, 61, 43, -1, 43, 61, 44, -1,
44, 61, 45, -1, 45, 61, 46, -1, 46, 61, 47, -1, 47, 61, 48, -1,
42, 41, 62, -1, 62, 41, 63, -1, 64, 41, 65, -1, 65, 41, 66, -1,
66, 41, 67, -1, 67, 41, 68, -1, 68, 41, 69, -1, 69, 41, 70, -1,
70, 41, 71, -1, 71, 41, 72, -1, 72, 41, 73, -1, 73, 41, 74, -1,
74, 41, 75, -1, 75, 41, 76, -1, 76, 41, 77, -1, 77, 41, 78, -1,
78, 41, 79, -1, 79, 41, 80, -1, 80, 41, 81, -1, 81, 41, 82, -1,
82, 41, 83, -1, 83, 41, 84, -1, 84, 41, 85, -1, 85, 41, 86, -1,
86, 41, 87, -1, 87, 41, 88, -1, 88, 41, 16, -1, 16, 41, 18, -1,
18, 41, 19, -1, 19, 41, 20, -1, 20, 41, 31, -1, 31, 41, 40, -1,
32, 40, 39, -1, 32, 39, 33, -1, 33, 39, 38, -1, 33, 38, 34, -1,
34, 38, 37, -1, 34, 37, 35, -1, 35, 37, 36, -1, 27, 25, 24, -1,
27, 24, 28, -1, 28, 24, 23, -1, 28, 23, 29, -1, 29, 23, 22, -1,
29, 22, 30, -1, 30, 22, 21, -1, 30, 21, 31, -1, 31, 21, 20, -1,
198, 197, 97, -1, 198, 97, 199, -1, 199, 97, 96, -1, 199, 96, 200, -1,
200, 96, 95, -1, 200, 95, 201, -1, 201, 95, 94, -1, 201, 94, 202, -1,
202, 94, 93, -1, 202, 93, 203, -1, 203, 93, 92, -1, 203, 92, 204, -1,
204, 92, 91, -1, 204, 91, 205, -1, 205, 91, 90, -1, 205, 90, 206, -1,
206, 90, 89, -1, 206, 89, 208, -1, 208, 89, 211, -1, 208, 211, 209, -1,
209, 211, 210, -1, 193, 192, 102, -1, 193, 102, 194, -1, 194, 102, 101, -1,
194, 101, 195, -1, 195, 101, 100, -1, 195, 100, 196, -1, 196, 100, 99, -1,
196, 99, 197, -1, 197, 99, 98, -1, 197, 98, 97, -1, 103, 102, 192, -1,
103, 192, 104, -1, 104, 192, 191, -1, 104, 191, 105, -1, 105, 191, 190, -1,
105, 190, 106, -1, 106, 190, 189, -1, 106, 189, 147, -1, 147, 189, 148, -1,
106, 147, 107, -1, 107, 147, 108, -1, 108, 147, 109, -1, 109, 147, 110, -1,
110, 147, 146, -1, 112, 111, 144, -1, 144, 111, 145, -1, 145, 111, 146, -1,
146, 111, 110, -1, 112, 144, 113, -1, 113, 144, 114, -1, 114, 144, 115, -1,
115, 144, 116, -1, 116, 144, 117, -1, 117, 144, 118, -1, 118, 144, 143, -1,
143, 142, 118, -1, 118, 142, 119, -1, 119, 142, 120, -1, 120, 142, 121, -1,
121, 142, 122, -1, 122, 142, 123, -1, 123, 142, 124, -1, 124, 142, 125, -1,
125, 142, 141, -1, 126, 125, 138, -1, 138, 125, 139, -1, 139, 125, 140, -1,
140, 125, 141, -1, 126, 138, 127, -1, 127, 138, 128, -1, 128, 138, 129, -1,
129, 138, 137, -1, 131, 130, 136, -1, 136, 130, 137, -1, 137, 130, 129, -1,
133, 132, 135, -1, 135, 132, 136, -1, 136, 132, 131, -1, 149, 148, 185, -1,
185, 148, 186, -1, 186, 148, 187, -1, 187, 148, 188, -1, 188, 148, 189, -1,
185, 184, 149, -1, 149, 184, 150, -1, 150, 184, 151, -1, 151, 184, 183, -1,
152, 151, 177, -1, 177, 151, 178, -1, 178, 151, 179, -1, 179, 151, 180, -1,
180, 151, 181, -1, 181, 151, 182, -1, 182, 151, 183, -1, 154, 153, 170, -1,
170, 153, 171, -1, 171, 153, 172, -1, 172, 153, 173, -1, 173, 153, 174, -1,
174, 153, 175, -1, 175, 153, 176, -1, 176, 153, 177, -1, 177, 153, 152, -1,
154, 170, 155, -1, 155, 170, 156, -1, 156, 170, 157, -1, 157, 170, 169, -1,
158, 157, 166, -1, 166, 157, 167, -1, 167, 157, 168, -1, 168, 157, 169, -1,
158, 166, 165, -1, 158, 165, 159, -1, 159, 165, 164, -1, 159, 164, 160, -1,
160, 164, 163, -1, 160, 163, 161, -1, 161, 163, 162, -1, 224, 222, 221, -1,
224, 221, 225, -1, 225, 221, 220, -1, 225, 220, 226, -1, 226, 220, 219, -1,
226, 219, 227, -1, 227, 219, 218, -1, 227, 218, 228, -1, 228, 218, 217, -1,
228, 217, 229, -1, 229, 217, 216, -1, 229, 216, 230, -1, 230, 216, 215, -1,
230, 215, 231, -1, 231, 215, 214, -1, 231, 214, 232, -1, 232, 214, 213, -1,
233, 260, 244, -1, 233, 244, 234, -1, 234, 244, 243, -1, 234, 243, 235, -1,
235, 243, 242, -1, 235, 242, 236, -1, 236, 242, 241, -1, 236, 241, 237, -1,
237, 241, 240, -1, 237, 240, 238, -1, 238, 240, 239, -1, 244, 260, 264, -1,
244, 264, 245, -1, 245, 264, 263, -1, 245, 263, 246, -1, 246, 263, 247, -1,
259, 258, 262, -1, 259, 262, 233, -1, 233, 262, 261, -1, 233, 261, 260, -1,
255, 247, 263, -1, 255, 263, 256, -1, 256, 263, 262, -1, 256, 262, 257, -1,
257, 262, 258, -1, 253, 250, 249, -1, 253, 249, 254, -1, 254, 249, 248, -1,
254, 248, 255, -1, 255, 248, 247, -1, 252, 251, 253, -1, 253, 251, 250, -1,
222, 224, 223, -1, 133, 135, 134, -1, 206, 208, 207, -1, 211, 89, 212, -1,
25, 27, 26, -1, 31, 40, 32, -1, 7, 9, 8, -1
            ]
          }
        }
      ]
    }
  ]
}
]
}
