<?xml version="1.0" encoding="UTF-8"?>
<!DOCTYPE X3D PUBLIC "ISO//Web3D//DTD X3D 3.0//EN" "http://www.web3d.org/specifications/x3d-3.0.dtd">
<X3D version="3.0" profile="Immersive" xmlns:xsd="http://www.w3.org/2001/XMLSchema-instance" xsd:noNamespaceSchemaLocation="http://www.web3d.org/specifications/x3d-3.0.xsd">
	<head>
		<meta name="filename" content="Untitled.x3d" />
		<meta name="generator" content="Blender 5.0.1 Release Candidate" />
	</head>
	<Scene>
		<NavigationInfo headlight="true"
		                visibilityLimit="0.0"
		                type='"EXAMINE", "ANY"'
		                avatarSize="0.25, 1.75, 0.75"
		                />
		<Background DEF="WO_World"
		            groundColor="0.951 0.951 0.951"
		            skyColor="0.951 0.951 0.951"
		            />
		<Transform DEF="PCB_Test_TRANSFORM"
		           translation="0.016510 0.000000 0.013970"
		           scale="1.000000 1.000000 1.000000"
		           rotation="0.000000 0.707107 0.707107 3.141593"
		           >
			<Transform DEF="PCB_Test_ifs_TRANSFORM"
			           translation="0.000000 0.000000 0.000000"
			           scale="1.000000 1.000000 1.000000"
			           rotation="0.000000 1.000000 0.000000 0.000000"
			           >
				<Group DEF="group_ME_PCB_Test">
					<Shape>
						<Appearance>
							<Material DEF="MA_PCB_Test"
							          diffuseColor="0.000 0.000 0.000"
							          specularColor="0.401 0.401 0.401"
							          emissiveColor="0.000 0.000 0.000"
							          ambientIntensity="0.000"
							          shininess="0.500"
							          transparency="0.0"
							          />
						</Appearance>
						<IndexedFaceSet solid="false"
						                texCoordIndex="0 1 2 -1 3 4 5 6 -1 7 8 9 -1 10 11 12 -1 13 14 15 16 -1 17 18 19 20 -1 21 22 23 -1 24 25 26 -1 27 28 29 -1 30 31 32 33 -1 34 35 36 37 -1 38 39 40 -1 41 42 43 -1 44 45 46 -1 47 48 49 50 -1 51 52 53 -1 54 55 56 57 -1 58 59 60 61 -1 62 63 64 -1 65 66 67 68 -1 69 70 71 -1 72 73 74 -1 75 76 77 -1 78 79 80 81 -1 82 83 84 85 -1 86 87 88 -1 89 90 91 92 -1 93 94 95 -1 96 97 98 -1 99 100 101 -1 102 103 104 105 -1 106 107 108 109 -1 110 111 112 -1 113 114 115 -1 116 117 118 -1 119 120 121 122 -1 123 124 125 -1 126 127 128 -1 129 130 131 -1 132 133 134 -1 135 136 137 -1 138 139 140 -1 141 142 143 144 -1 145 146 147 148 -1 149 150 151 -1 152 153 154 -1 155 156 157 158 -1 159 160 161 -1 162 163 164 -1 165 166 167 -1 168 169 170 -1 171 172 173 -1 174 175 176 -1 177 178 179 -1 180 181 182 -1 183 184 185 186 -1 187 188 189 -1 190 191 192 193 -1 194 195 196 -1 197 198 199 200 -1 201 202 203 -1 204 205 206 207 -1 208 209 210 -1 211 212 213 214 -1 215 216 217 -1 218 219 220 -1 221 222 223 224 -1 225 226 227 -1 228 229 230 -1 231 232 233 234 -1 235 236 237 238 -1 239 240 241 -1 242 243 244 -1 245 246 247 -1 248 249 250 -1 251 252 253 -1 254 255 256 -1 257 258 259 260 -1 261 262 263 264 -1 265 266 267 268 -1 269 270 271 -1 272 273 274 -1 275 276 277 278 -1 279 280 281 -1 282 283 284 -1 285 286 287 -1 288 289 290 -1 291 292 293 -1 294 295 296 -1 297 298 299 -1 300 301 302 303 -1 304 305 306 -1 307 308 309 -1 310 311 312 -1 313 314 315 -1 316 317 318 319 -1 320 321 322 -1 323 324 325 326 -1 327 328 329 -1 330 331 332 -1 333 334 335 -1 336 337 338 -1 339 340 341 342 -1 343 344 345 -1 346 347 348 -1 349 350 351 352 -1 353 354 355 -1 356 357 358 -1 359 360 361 362 -1 363 364 365 -1 366 367 368 -1 369 370 371 -1 372 373 374 -1 375 376 377 378 -1 379 380 381 382 -1 383 384 385 -1 386 387 388 -1 389 390 391 -1 392 393 394 395 -1 396 397 398 -1 399 400 401 402 -1 403 404 405 406 -1 407 408 409 410 -1 411 412 413 -1 414 415 416 417 -1 418 419 420 -1 421 422 423 -1 424 425 426 427 -1 428 429 430 -1 431 432 433 -1 434 435 436 437 -1 438 439 440 441 -1 442 443 444 -1 445 446 447 -1 448 449 450 451 -1 452 453 454 -1 455 456 457 -1 458 459 460 461 -1 462 463 464 -1 465 466 467 -1 468 469 470 -1 471 472 473 474 -1 475 476 477 478 -1 479 480 481 482 -1 483 484 485 486 -1 487 488 489 490 -1 491 492 493 494 -1 495 496 497 -1 498 499 500 501 -1 502 503 504 -1 505 506 507 508 -1 509 510 511 512 -1 513 514 515 -1 516 517 518 -1 519 520 521 -1 522 523 524 -1 525 526 527 -1 528 529 530 -1 531 532 533 534 -1 535 536 537 -1 538 539 540 541 -1 542 543 544 -1 545 546 547 -1 548 549 550 551 -1 552 553 554 -1 555 556 557 -1 558 559 560 561 -1 562 563 564 -1 565 566 567 -1 568 569 570 -1 571 572 573 -1 574 575 576 -1 577 578 579 580 -1 581 582 583 584 -1 585 586 587 -1 588 589 590 -1 591 592 593 -1 594 595 596 -1 597 598 599 -1 600 601 602 -1 603 604 605 606 -1 607 608 609 -1 610 611 612 613 -1 614 615 616 -1 617 618 619 -1 620 621 622 -1 623 624 625 626 -1 627 628 629 630 -1 631 632 633 634 -1 635 636 637 -1 638 639 640 -1 641 642 643 644 -1 645 646 647 -1 648 649 650 -1 651 652 653 -1 654 655 656 657 -1 658 659 660 -1 661 662 663 -1 664 665 666 667 -1 668 669 670 671 -1 672 673 674 -1 675 676 677 678 -1 679 680 681 -1 682 683 684 685 -1 686 687 688 -1 689 690 691 -1 692 693 694 -1 695 696 697 698 -1 699 700 701 702 -1 703 704 705 -1 706 707 708 709 -1 710 711 712 -1 713 714 715 716 -1 717 718 719 -1 720 721 722 -1 723 724 725 -1 726 727 728 -1 729 730 731 -1 732 733 734 735 -1 736 737 738 -1 739 740 741 -1 742 743 744 -1 745 746 747 748 -1 749 750 751 -1 752 753 754 -1 755 756 757 -1 758 759 760 761 -1 762 763 764 -1 765 766 767 -1 768 769 770 -1 771 772 773 774 -1 775 776 777 778 -1 779 780 781 -1 782 783 784 785 -1 786 787 788 -1 789 790 791 -1 792 793 794 -1 795 796 797 -1 798 799 800 801 -1 802 803 804 805 -1 806 807 808 809 -1 810 811 812 -1 813 814 815 -1 816 817 818 -1 819 820 821 -1 822 823 824 -1 825 826 827 -1 828 829 830 -1 831 832 833 -1 834 835 836 -1 837 838 839 840 -1 841 842 843 -1 844 845 846 847 -1 848 849 850 851 -1 852 853 854 -1 855 856 857 -1 858 859 860 -1 861 862 863 864 -1 865 866 867 -1 868 869 870 -1 871 872 873 -1 874 875 876 877 -1 878 879 880 -1 881 882 883 -1 884 885 886 887 -1 888 889 890 -1 891 892 893 -1 894 895 896 -1 897 898 899 -1 900 901 902 -1 903 904 905 -1 906 907 908 909 -1 910 911 912 -1 913 914 915 -1 916 917 918 919 -1 920 921 922 923 -1 924 925 926 -1 927 928 929 930 -1 931 932 933 -1 934 935 936 -1 937 938 939 -1 940 941 942 -1 943 944 945 -1 946 947 948 -1 949 950 951 952 -1 953 954 955 956 -1 957 958 959 960 -1 961 962 963 -1 964 965 966 967 -1 968 969 970 -1 971 972 973 -1 974 975 976 -1 977 978 979 -1 980 981 982 -1 983 984 985 986 -1 987 988 989 990 -1 991 992 993 -1 994 995 996 -1 997 998 999 -1 1000 1001 1002 -1 1003 1004 1005 -1 1006 1007 1008 -1 1009 1010 1011 -1 1012 1013 1014 1015 -1 1016 1017 1018 1019 -1 1020 1021 1022 -1 1023 1024 1025 -1 1026 1027 1028 -1 1029 1030 1031 1032 -1 1033 1034 1035 1036 -1 1037 1038 1039 -1 1040 1041 1042 -1 1043 1044 1045 -1 1046 1047 1048 1049 -1 1050 1051 1052 -1 1053 1054 1055 1056 -1 1057 1058 1059 -1 1060 1061 1062 -1 1063 1064 1065 -1 1066 1067 1068 1069 -1 1070 1071 1072 -1 1073 1074 1075 1076 -1 1077 1078 1079 1080 -1 1081 1082 1083 -1 1084 1085 1086 -1 1087 1088 1089 -1 1090 1091 1092 1093 -1 1094 1095 1096 1097 -1 1098 1099 1100 -1 1101 1102 1103 1104 -1 1105 1106 1107 -1 1108 1109 1110 -1 1111 1112 1113 -1 1114 1115 1116 1117 -1 1118 1119 1120 -1 1121 1122 1123 -1 1124 1125 1126 1127 -1 1128 1129 1130 1131 -1 1132 1133 1134 -1 1135 1136 1137 -1 1138 1139 1140 1141 -1 1142 1143 1144 -1 1145 1146 1147 -1 1148 1149 1150 -1 1151 1152 1153 -1 1154 1155 1156 1157 -1 1158 1159 1160 1161 -1 1162 1163 1164 -1 1165 1166 1167 -1 1168 1169 1170 1171 -1 1172 1173 1174 1175 -1 1176 1177 1178 1179 -1 1180 1181 1182 -1 1183 1184 1185 1186 -1 1187 1188 1189 1190 -1 1191 1192 1193 -1 1194 1195 1196 -1 1197 1198 1199 1200 -1 1201 1202 1203 -1 1204 1205 1206 1207 -1 1208 1209 1210 1211 -1 1212 1213 1214 -1 1215 1216 1217 1218 -1 1219 1220 1221 -1 1222 1223 1224 -1 1225 1226 1227 1228 -1 1229 1230 1231 -1 1232 1233 1234 -1 1235 1236 1237 -1 1238 1239 1240 1241 -1 1242 1243 1244 1245 -1 1246 1247 1248 -1 1249 1250 1251 1252 -1 1253 1254 1255 -1 1256 1257 1258 -1 1259 1260 1261 -1 1262 1263 1264 -1 1265 1266 1267 -1 1268 1269 1270 1271 -1 1272 1273 1274 -1 1275 1276 1277 -1 1278 1279 1280 -1 1281 1282 1283 1284 -1 1285 1286 1287 -1 1288 1289 1290 1291 -1 1292 1293 1294 -1 1295 1296 1297 -1 1298 1299 1300 1301 -1 1302 1303 1304 1305 -1 1306 1307 1308 -1 1309 1310 1311 -1 1312 1313 1314 -1 1315 1316 1317 1318 -1 1319 1320 1321 -1 1322 1323 1324 1325 -1 1326 1327 1328 -1 1329 1330 1331 -1 1332 1333 1334 -1 1335 1336 1337 1338 -1 1339 1340 1341 1342 -1 1343 1344 1345 1346 -1 1347 1348 1349 1350 -1 1351 1352 1353 -1 1354 1355 1356 -1 1357 1358 1359 1360 -1 1361 1362 1363 -1 1364 1365 1366 -1 1367 1368 1369 1370 -1 1371 1372 1373 -1 1374 1375 1376 1377 -1 1378 1379 1380 -1 1381 1382 1383 1384 -1 1385 1386 1387 -1 1388 1389 1390 -1 1391 1392 1393 1394 -1 1395 1396 1397 -1 1398 1399 1400 1401 -1 1402 1403 1404 -1 1405 1406 1407 -1 1408 1409 1410 -1 1411 1412 1413 -1 1414 1415 1416 1417 -1 1418 1419 1420 -1 1421 1422 1423 -1 1424 1425 1426 -1 1427 1428 1429 1430 -1 1431 1432 1433 1434 -1 1435 1436 1437 1438 -1 1439 1440 1441 1442 -1 1443 1444 1445 -1 1446 1447 1448 -1 1449 1450 1451 -1 1452 1453 1454 -1 1455 1456 1457 -1 1458 1459 1460 1461 -1 1462 1463 1464 -1 1465 1466 1467 1468 -1 1469 1470 1471 -1 1472 1473 1474 -1 1475 1476 1477 -1 1478 1479 1480 -1 1481 1482 1483 -1 1484 1485 1486 -1 1487 1488 1489 -1 1490 1491 1492 1493 -1 1494 1495 1496 -1 1497 1498 1499 1500 -1 1501 1502 1503 -1 1504 1505 1506 -1 1507 1508 1509 1510 -1 1511 1512 1513 -1 1514 1515 1516 1517 -1 1518 1519 1520 -1 1521 1522 1523 -1 1524 1525 1526 -1 1527 1528 1529 1530 -1 1531 1532 1533 -1 1534 1535 1536 -1 1537 1538 1539 -1 1540 1541 1542 -1 1543 1544 1545 -1 1546 1547 1548 -1 1549 1550 1551 1552 -1 1553 1554 1555 1556 -1 1557 1558 1559 1560 -1 1561 1562 1563 -1 1564 1565 1566 1567 -1 1568 1569 1570 1571 -1 1572 1573 1574 1575 -1 1576 1577 1578 1579 -1 1580 1581 1582 1583 -1 1584 1585 1586 -1 1587 1588 1589 1590 -1 1591 1592 1593 1594 -1 1595 1596 1597 1598 -1 1599 1600 1601 -1 1602 1603 1604 1605 -1 1606 1607 1608 1609 -1 1610 1611 1612 1613 -1 1614 1615 1616 -1 1617 1618 1619 1620 -1 1621 1622 1623 1624 -1 1625 1626 1627 -1 1628 1629 1630 -1 1631 1632 1633 -1 1634 1635 1636 -1 1637 1638 1639 -1 1640 1641 1642 1643 -1 1644 1645 1646 -1 1647 1648 1649 -1 1650 1651 1652 1653 -1 1654 1655 1656 -1 1657 1658 1659 -1 1660 1661 1662 1663 -1 1664 1665 1666 -1 1667 1668 1669 -1 1670 1671 1672 1673 -1 1674 1675 1676 -1 1677 1678 1679 -1 1680 1681 1682 1683 -1 1684 1685 1686 -1 1687 1688 1689 -1 1690 1691 1692 1693 -1 1694 1695 1696 -1 1697 1698 1699 -1 1700 1701 1702 1703 -1 1704 1705 1706 1707 -1 1708 1709 1710 -1 1711 1712 1713 -1 1714 1715 1716 1717 -1 1718 1719 1720 1721 -1 1722 1723 1724 -1 1725 1726 1727 -1 1728 1729 1730 1731 -1 1732 1733 1734 1735 -1 1736 1737 1738 -1 1739 1740 1741 1742 -1 1743 1744 1745 1746 -1 1747 1748 1749 -1 1750 1751 1752 1753 -1 1754 1755 1756 1757 -1 1758 1759 1760 -1 1761 1762 1763 -1 1764 1765 1766 1767 -1 1768 1769 1770 -1 1771 1772 1773 1774 -1 1775 1776 1777 1778 -1 1779 1780 1781 -1 1782 1783 1784 1785 -1 1786 1787 1788 -1 1789 1790 1791 -1 1792 1793 1794 -1 1795 1796 1797 -1 1798 1799 1800 1801 -1 1802 1803 1804 1805 -1 1806 1807 1808 1809 -1 1810 1811 1812 -1 1813 1814 1815 1816 -1 1817 1818 1819 1820 -1 1821 1822 1823 1824 -1 1825 1826 1827 1828 -1 1829 1830 1831 1832 -1 1833 1834 1835 1836 -1 1837 1838 1839 -1 1840 1841 1842 1843 -1 1844 1845 1846 -1 1847 1848 1849 -1 1850 1851 1852 -1 1853 1854 1855 -1 1856 1857 1858 -1 1859 1860 1861 -1 1862 1863 1864 -1 1865 1866 1867 1868 -1 1869 1870 1871 1872 -1 1873 1874 1875 -1 1876 1877 1878 -1 1879 1880 1881 1882 -1 1883 1884 1885 1886 -1 1887 1888 1889 1890 -1 1891 1892 1893 -1 1894 1895 1896 -1 1897 1898 1899 -1 1900 1901 1902 1903 -1 1904 1905 1906 -1 1907 1908 1909 1910 -1 1911 1912 1913 -1 1914 1915 1916 -1 1917 1918 1919 -1 1920 1921 1922 1923 -1 1924 1925 1926 1927 -1 1928 1929 1930 -1 1931 1932 1933 -1 1934 1935 1936 -1 1937 1938 1939 -1 1940 1941 1942 -1 1943 1944 1945 -1 1946 1947 1948 1949 -1 1950 1951 1952 -1 1953 1954 1955 1956 -1 1957 1958 1959 -1 1960 1961 1962 1963 -1 1964 1965 1966 1967 -1 1968 1969 1970 1971 -1 1972 1973 1974 -1 1975 1976 1977 -1 1978 1979 1980 1981 -1 1982 1983 1984 1985 -1 1986 1987 1988 -1 1989 1990 1991 1992 -1 1993 1994 1995 1996 -1 1997 1998 1999 -1 2000 2001 2002 -1 2003 2004 2005 2006 -1 2007 2008 2009 2010 -1 2011 2012 2013 2014 -1 2015 2016 2017 -1 2018 2019 2020 -1 2021 2022 2023 -1 2024 2025 2026 2027 -1 2028 2029 2030 -1 2031 2032 2033 -1 2034 2035 2036 2037 -1 2038 2039 2040 -1 2041 2042 2043 2044 -1 2045 2046 2047 2048 -1 2049 2050 2051 2052 -1 2053 2054 2055 -1 2056 2057 2058 -1 2059 2060 2061 -1 2062 2063 2064 -1 2065 2066 2067 2068 -1 2069 2070 2071 -1 2072 2073 2074 -1 2075 2076 2077 -1 2078 2079 2080 -1 2081 2082 2083 2084 -1 2085 2086 2087 2088 -1 2089 2090 2091 2092 -1 2093 2094 2095 -1 2096 2097 2098 2099 -1 2100 2101 2102 -1 2103 2104 2105 -1 2106 2107 2108 -1 2109 2110 2111 -1 2112 2113 2114 2115 -1 2116 2117 2118 -1 2119 2120 2121 -1 2122 2123 2124 2125 -1 2126 2127 2128 -1 2129 2130 2131 2132 -1 2133 2134 2135 2136 -1 2137 2138 2139 -1 2140 2141 2142 -1 2143 2144 2145 -1 2146 2147 2148 2149 -1 2150 2151 2152 2153 -1 2154 2155 2156 2157 -1 2158 2159 2160 2161 -1 2162 2163 2164 2165 -1 2166 2167 2168 -1 2169 2170 2171 2172 -1 2173 2174 2175 -1 2176 2177 2178 -1 2179 2180 2181 2182 -1 2183 2184 2185 2186 -1 2187 2188 2189 2190 -1 2191 2192 2193 2194 -1 2195 2196 2197 2198 -1 2199 2200 2201 -1 2202 2203 2204 -1 2205 2206 2207 -1 2208 2209 2210 -1 2211 2212 2213 -1 2214 2215 2216 -1 2217 2218 2219 -1 2220 2221 2222 2223 -1 2224 2225 2226 2227 -1 2228 2229 2230 -1 2231 2232 2233 -1 2234 2235 2236 2237 -1 2238 2239 2240 2241 -1 2242 2243 2244 -1 2245 2246 2247 2248 -1 2249 2250 2251 2252 -1 2253 2254 2255 -1 2256 2257 2258 -1 2259 2260 2261 2262 -1 2263 2264 2265 -1 2266 2267 2268 2269 -1 2270 2271 2272 -1 2273 2274 2275 2276 -1 2277 2278 2279 -1 2280 2281 2282 2283 -1 2284 2285 2286 -1 2287 2288 2289 2290 -1 2291 2292 2293 -1 2294 2295 2296 2297 -1 2298 2299 2300 -1 2301 2302 2303 -1 2304 2305 2306 2307 -1 2308 2309 2310 -1 2311 2312 2313 -1 2314 2315 2316 -1 2317 2318 2319 -1 2320 2321 2322 2323 -1 2324 2325 2326 -1 2327 2328 2329 -1 2330 2331 2332 -1 2333 2334 2335 -1 2336 2337 2338 2339 -1 2340 2341 2342 -1 2343 2344 2345 -1 2346 2347 2348 -1 2349 2350 2351 -1 2352 2353 2354 2355 -1 2356 2357 2358 2359 -1 2360 2361 2362 -1 2363 2364 2365 2366 -1 2367 2368 2369 -1 2370 2371 2372 2373 -1 2374 2375 2376 -1 2377 2378 2379 -1 2380 2381 2382 2383 -1 2384 2385 2386 2387 -1 2388 2389 2390 -1 2391 2392 2393 2394 -1 2395 2396 2397 -1 2398 2399 2400 2401 -1 2402 2403 2404 2405 -1 2406 2407 2408 -1 2409 2410 2411 -1 2412 2413 2414 2415 -1 2416 2417 2418 -1 2419 2420 2421 2422 -1 2423 2424 2425 -1 2426 2427 2428 -1 2429 2430 2431 2432 -1 2433 2434 2435 2436 -1 2437 2438 2439 2440 -1 2441 2442 2443 2444 -1 2445 2446 2447 -1 2448 2449 2450 -1 2451 2452 2453 -1 2454 2455 2456 -1 2457 2458 2459 2460 -1 2461 2462 2463 -1 2464 2465 2466 -1 2467 2468 2469 2470 -1 2471 2472 2473 2474 -1 2475 2476 2477 2478 -1 2479 2480 2481 -1 2482 2483 2484 -1 2485 2486 2487 -1 2488 2489 2490 -1 2491 2492 2493 2494 -1 2495 2496 2497 2498 -1 2499 2500 2501 2502 -1 2503 2504 2505 2506 -1 2507 2508 2509 -1 2510 2511 2512 -1 2513 2514 2515 2516 -1 2517 2518 2519 -1 2520 2521 2522 2523 -1 2524 2525 2526 2527 -1 2528 2529 2530 -1 2531 2532 2533 2534 -1 2535 2536 2537 -1 2538 2539 2540 -1 2541 2542 2543 -1 2544 2545 2546 2547 -1 2548 2549 2550 -1 2551 2552 2553 2554 -1 2555 2556 2557 2558 -1 2559 2560 2561 -1 2562 2563 2564 2565 -1 2566 2567 2568 -1 2569 2570 2571 2572 -1 2573 2574 2575 -1 2576 2577 2578 2579 -1 2580 2581 2582 -1 2583 2584 2585 -1 2586 2587 2588 -1 2589 2590 2591 -1 2592 2593 2594 -1 2595 2596 2597 -1 2598 2599 2600 -1 2601 2602 2603 2604 -1 2605 2606 2607 2608 -1 2609 2610 2611 2612 -1 2613 2614 2615 -1 2616 2617 2618 2619 -1 2620 2621 2622 -1 2623 2624 2625 2626 -1 2627 2628 2629 -1 2630 2631 2632 -1 2633 2634 2635 2636 -1 2637 2638 2639 -1 2640 2641 2642 -1 2643 2644 2645 -1 2646 2647 2648 -1 2649 2650 2651 -1 2652 2653 2654 2655 -1 2656 2657 2658 -1 2659 2660 2661 -1 2662 2663 2664 -1 2665 2666 2667 -1 2668 2669 2670 2671 -1 2672 2673 2674 -1 2675 2676 2677 2678 -1 2679 2680 2681 -1 2682 2683 2684 -1 2685 2686 2687 -1 2688 2689 2690 -1 2691 2692 2693 -1 2694 2695 2696 -1 2697 2698 2699 2700 -1 2701 2702 2703 -1 2704 2705 2706 -1 2707 2708 2709 2710 -1 2711 2712 2713 -1 2714 2715 2716 2717 -1 2718 2719 2720 -1 2721 2722 2723 2724 -1 2725 2726 2727 -1 2728 2729 2730 -1 2731 2732 2733 -1 2734 2735 2736 -1 2737 2738 2739 -1 2740 2741 2742 -1 2743 2744 2745 2746 -1 2747 2748 2749 -1 2750 2751 2752 -1 2753 2754 2755 -1 2756 2757 2758 2759 -1 2760 2761 2762 2763 -1 2764 2765 2766 -1 2767 2768 2769 -1 2770 2771 2772 -1 2773 2774 2775 2776 -1 2777 2778 2779 -1 2780 2781 2782 -1 2783 2784 2785 2786 -1 2787 2788 2789 -1 2790 2791 2792 2793 -1 2794 2795 2796 -1 2797 2798 2799 -1 2800 2801 2802 -1 2803 2804 2805 -1 2806 2807 2808 2809 -1 2810 2811 2812 2813 -1 2814 2815 2816 2817 -1 2818 2819 2820 2821 -1 2822 2823 2824 -1 2825 2826 2827 -1 2828 2829 2830 -1 2831 2832 2833 2834 -1 2835 2836 2837 2838 -1 2839 2840 2841 -1 2842 2843 2844 -1 2845 2846 2847 2848 -1 2849 2850 2851 -1 2852 2853 2854 2855 -1 2856 2857 2858 2859 -1 2860 2861 2862 -1 2863 2864 2865 -1 2866 2867 2868 2869 -1 2870 2871 2872 -1 2873 2874 2875 2876 -1 2877 2878 2879 -1 2880 2881 2882 -1 2883 2884 2885 -1 2886 2887 2888 -1 2889 2890 2891 -1 2892 2893 2894 -1 2895 2896 2897 2898 -1 2899 2900 2901 -1 2902 2903 2904 -1 2905 2906 2907 2908 -1 2909 2910 2911 2912 -1 2913 2914 2915 2916 -1 2917 2918 2919 -1 2920 2921 2922 -1 2923 2924 2925 -1 2926 2927 2928 -1 2929 2930 2931 2932 -1 2933 2934 2935 -1 2936 2937 2938 -1 2939 2940 2941 -1 2942 2943 2944 -1 2945 2946 2947 -1 2948 2949 2950 2951 -1 2952 2953 2954 2955 -1 2956 2957 2958 -1 2959 2960 2961 -1 2962 2963 2964 2965 -1 2966 2967 2968 2969 -1 2970 2971 2972 -1 2973 2974 2975 -1 2976 2977 2978 -1 2979 2980 2981 -1 2982 2983 2984 -1 2985 2986 2987 2988 -1 2989 2990 2991 -1 2992 2993 2994 -1 2995 2996 2997 2998 -1 2999 3000 3001 -1 3002 3003 3004 -1 3005 3006 3007 -1 3008 3009 3010 -1 3011 3012 3013 -1 3014 3015 3016 -1 3017 3018 3019 3020 -1 3021 3022 3023 -1 3024 3025 3026 -1 3027 3028 3029 -1 3030 3031 3032 3033 -1 3034 3035 3036 3037 -1 3038 3039 3040 -1 3041 3042 3043 3044 -1 3045 3046 3047 3048 -1 3049 3050 3051 -1 3052 3053 3054 3055 -1 3056 3057 3058 -1 3059 3060 3061 -1 3062 3063 3064 -1 3065 3066 3067 -1 3068 3069 3070 -1 3071 3072 3073 -1 3074 3075 3076 -1 3077 3078 3079 -1 3080 3081 3082 -1 3083 3084 3085 3086 -1 3087 3088 3089 3090 -1 3091 3092 3093 -1 3094 3095 3096 -1 3097 3098 3099 -1 3100 3101 3102 -1 3103 3104 3105 3106 -1 3107 3108 3109 3110 -1 3111 3112 3113 -1 3114 3115 3116 -1 3117 3118 3119 -1 3120 3121 3122 3123 -1 3124 3125 3126 -1 3127 3128 3129 -1 3130 3131 3132 -1 3133 3134 3135 -1 3136 3137 3138 -1 3139 3140 3141 3142 -1 3143 3144 3145 -1 3146 3147 3148 -1 3149 3150 3151 -1 3152 3153 3154 -1 3155 3156 3157 3158 -1 3159 3160 3161 -1 3162 3163 3164 3165 -1 3166 3167 3168 -1 3169 3170 3171 -1 3172 3173 3174 -1 3175 3176 3177 3178 -1 3179 3180 3181 3182 -1 3183 3184 3185 -1 3186 3187 3188 -1 3189 3190 3191 -1 3192 3193 3194 3195 -1 3196 3197 3198 3199 -1 3200 3201 3202 -1 3203 3204 3205 3206 -1 3207 3208 3209 -1 3210 3211 3212 -1 3213 3214 3215 3216 -1 3217 3218 3219 3220 -1 3221 3222 3223 -1 3224 3225 3226 3227 -1 3228 3229 3230 -1 3231 3232 3233 -1 3234 3235 3236 -1 3237 3238 3239 3240 -1 3241 3242 3243 -1 3244 3245 3246 -1 3247 3248 3249 -1 3250 3251 3252 -1 3253 3254 3255 -1 3256 3257 3258 3259 -1 3260 3261 3262 -1 3263 3264 3265 -1 3266 3267 3268 -1 3269 3270 3271 -1 3272 3273 3274 3275 -1 3276 3277 3278 -1 3279 3280 3281 3282 -1 3283 3284 3285 -1 3286 3287 3288 -1 3289 3290 3291 -1 3292 3293 3294 -1 3295 3296 3297 -1 3298 3299 3300 3301 -1 3302 3303 3304 3305 -1 3306 3307 3308 -1 3309 3310 3311 -1 3312 3313 3314 3315 -1 3316 3317 3318 -1 3319 3320 3321 3322 -1 3323 3324 3325 3326 -1 3327 3328 3329 -1 3330 3331 3332 -1 3333 3334 3335 -1 3336 3337 3338 -1 3339 3340 3341 3342 -1 3343 3344 3345 -1 3346 3347 3348 3349 -1 3350 3351 3352 -1 3353 3354 3355 3356 -1 3357 3358 3359 -1 3360 3361 3362 3363 -1 3364 3365 3366 -1 3367 3368 3369 -1 3370 3371 3372 3373 -1 3374 3375 3376 -1 3377 3378 3379 3380 -1 3381 3382 3383 -1 3384 3385 3386 -1 3387 3388 3389 -1 3390 3391 3392 3393 -1 3394 3395 3396 -1 3397 3398 3399 3400 -1 3401 3402 3403 3404 -1 3405 3406 3407 -1 3408 3409 3410 -1 3411 3412 3413 -1 3414 3415 3416 -1 3417 3418 3419 -1 3420 3421 3422 -1 3423 3424 3425 -1 3426 3427 3428 3429 -1 3430 3431 3432 -1 3433 3434 3435 -1 3436 3437 3438 3439 -1 3440 3441 3442 3443 -1 3444 3445 3446 3447 -1 3448 3449 3450 3451 -1 3452 3453 3454 3455 -1 3456 3457 3458 3459 -1 3460 3461 3462 3463 -1 3464 3465 3466 3467 -1 3468 3469 3470 3471 -1 3472 3473 3474 3475 -1 3476 3477 3478 3479 -1 3480 3481 3482 3483 -1 3484 3485 3486 3487 -1 3488 3489 3490 3491 -1 3492 3493 3494 3495 -1 3496 3497 3498 3499 -1 3500 3501 3502 3503 -1 3504 3505 3506 3507 -1 3508 3509 3510 3511 -1 3512 3513 3514 3515 -1 3516 3517 3518 3519 -1 3520 3521 3522 3523 -1 3524 3525 3526 3527 -1 3528 3529 3530 3531 -1 3532 3533 3534 3535 -1 3536 3537 3538 3539 -1 3540 3541 3542 3543 -1 3544 3545 3546 3547 -1 3548 3549 3550 3551 -1 3552 3553 3554 3555 -1 3556 3557 3558 3559 -1 3560 3561 3562 3563 -1 3564 3565 3566 3567 -1 3568 3569 3570 3571 -1 3572 3573 3574 3575 -1 3576 3577 3578 3579 -1 3580 3581 3582 3583 -1 3584 3585 3586 3587 -1 3588 3589 3590 3591 -1 3592 3593 3594 3595 -1 3596 3597 3598 3599 -1 3600 3601 3602 3603 -1 3604 3605 3606 3607 -1 3608 3609 3610 3611 -1 3612 3613 3614 3615 -1 3616 3617 3618 3619 -1 3620 3621 3622 3623 -1 3624 3625 3626 3627 -1 3628 3629 3630 3631 -1 3632 3633 3634 3635 -1 3636 3637 3638 3639 -1 3640 3641 3642 3643 -1 3644 3645 3646 3647 -1 3648 3649 3650 3651 -1 3652 3653 3654 3655 -1 3656 3657 3658 3659 -1 3660 3661 3662 3663 -1 3664 3665 3666 3667 -1 3668 3669 3670 3671 -1 3672 3673 3674 3675 -1 3676 3677 3678 3679 -1 3680 3681 3682 3683 -1 3684 3685 3686 3687 -1 3688 3689 3690 3691 -1 3692 3693 3694 3695 -1 3696 3697 3698 3699 -1 3700 3701 3702 3703 -1 3704 3705 3706 3707 -1 3708 3709 3710 3711 -1 3712 3713 3714 3715 -1 3716 3717 3718 3719 -1 3720 3721 3722 3723 -1 3724 3725 3726 3727 -1 3728 3729 3730 3731 -1 3732 3733 3734 3735 -1 3736 3737 3738 3739 -1 3740 3741 3742 3743 -1 3744 3745 3746 3747 -1 3748 3749 3750 3751 -1 3752 3753 3754 3755 -1 3756 3757 3758 3759 -1 3760 3761 3762 3763 -1 3764 3765 3766 3767 -1 3768 3769 3770 3771 -1 3772 3773 3774 3775 -1 3776 3777 3778 3779 -1 3780 3781 3782 3783 -1 3784 3785 3786 3787 -1 3788 3789 3790 3791 -1 3792 3793 3794 3795 -1 3796 3797 3798 3799 -1 3800 3801 3802 3803 -1 3804 3805 3806 3807 -1 3808 3809 3810 3811 -1 3812 3813 3814 3815 -1 3816 3817 3818 3819 -1 3820 3821 3822 3823 -1 3824 3825 3826 3827 -1 3828 3829 3830 3831 -1 3832 3833 3834 3835 -1 3836 3837 3838 3839 -1 3840 3841 3842 3843 -1 3844 3845 3846 3847 -1 3848 3849 3850 3851 -1 3852 3853 3854 3855 -1 3856 3857 3858 3859 -1 3860 3861 3862 3863 -1 3864 3865 3866 3867 -1 3868 3869 3870 3871 -1 3872 3873 3874 3875 -1 3876 3877 3878 3879 -1 3880 3881 3882 3883 -1 3884 3885 3886 3887 -1 3888 3889 3890 3891 -1 3892 3893 3894 3895 -1 3896 3897 3898 3899 -1 3900 3901 3902 3903 -1 3904 3905 3906 3907 -1 3908 3909 3910 3911 -1 3912 3913 3914 3915 -1 3916 3917 3918 3919 -1 3920 3921 3922 3923 -1 3924 3925 3926 3927 -1 3928 3929 3930 3931 -1 3932 3933 3934 3935 -1 3936 3937 3938 3939 -1 3940 3941 3942 3943 -1 3944 3945 3946 3947 -1 3948 3949 3950 3951 -1 3952 3953 3954 3955 -1 3956 3957 3958 3959 -1 3960 3961 3962 3963 -1 3964 3965 3966 3967 -1 3968 3969 3970 3971 -1 3972 3973 3974 3975 -1 3976 3977 3978 3979 -1 3980 3981 3982 3983 -1 3984 3985 3986 3987 -1 3988 3989 3990 3991 -1 3992 3993 3994 3995 -1 3996 3997 3998 3999 -1 4000 4001 4002 4003 -1 4004 4005 4006 4007 -1 4008 4009 4010 4011 -1 4012 4013 4014 4015 -1 4016 4017 4018 4019 -1 4020 4021 4022 4023 -1 4024 4025 4026 4027 -1 4028 4029 4030 4031 -1 4032 4033 4034 4035 -1 4036 4037 4038 4039 -1 4040 4041 4042 4043 -1 4044 4045 4046 4047 -1 4048 4049 4050 4051 -1 4052 4053 4054 4055 -1 4056 4057 4058 4059 -1 4060 4061 4062 4063 -1 4064 4065 4066 4067 -1 4068 4069 4070 4071 -1 4072 4073 4074 4075 -1 4076 4077 4078 4079 -1 4080 4081 4082 4083 -1 4084 4085 4086 4087 -1 4088 4089 4090 4091 -1 4092 4093 4094 4095 -1 4096 4097 4098 4099 -1 4100 4101 4102 4103 -1 4104 4105 4106 4107 -1 4108 4109 4110 4111 -1 4112 4113 4114 4115 -1 4116 4117 4118 4119 -1 4120 4121 4122 4123 -1 4124 4125 4126 4127 -1 4128 4129 4130 4131 -1 4132 4133 4134 4135 -1 4136 4137 4138 4139 -1 4140 4141 4142 4143 -1 4144 4145 4146 4147 -1 4148 4149 4150 4151 -1 4152 4153 4154 4155 -1 4156 4157 4158 4159 -1 4160 4161 4162 4163 -1 4164 4165 4166 4167 -1 4168 4169 4170 4171 -1 4172 4173 4174 4175 -1 4176 4177 4178 4179 -1 4180 4181 4182 4183 -1 4184 4185 4186 4187 -1 4188 4189 4190 4191 -1 4192 4193 4194 4195 -1 4196 4197 4198 4199 -1 4200 4201 4202 4203 -1 4204 4205 4206 4207 -1 4208 4209 4210 4211 -1 4212 4213 4214 4215 -1 4216 4217 4218 4219 -1 4220 4221 4222 4223 -1 4224 4225 4226 4227 -1 4228 4229 4230 4231 -1 4232 4233 4234 4235 -1 4236 4237 4238 4239 -1 4240 4241 4242 4243 -1 4244 4245 4246 4247 -1 4248 4249 4250 4251 -1 4252 4253 4254 4255 -1 4256 4257 4258 4259 -1 4260 4261 4262 4263 -1 4264 4265 4266 4267 -1 4268 4269 4270 4271 -1 4272 4273 4274 4275 -1 4276 4277 4278 4279 -1 4280 4281 4282 4283 -1 4284 4285 4286 4287 -1 4288 4289 4290 4291 -1 4292 4293 4294 4295 -1 4296 4297 4298 4299 -1 4300 4301 4302 4303 -1 4304 4305 4306 4307 -1 4308 4309 4310 4311 -1 4312 4313 4314 4315 -1 4316 4317 4318 4319 -1 4320 4321 4322 4323 -1 4324 4325 4326 4327 -1 4328 4329 4330 4331 -1 4332 4333 4334 4335 -1 4336 4337 4338 4339 -1 4340 4341 4342 4343 -1 4344 4345 4346 4347 -1 4348 4349 4350 4351 -1 4352 4353 4354 4355 -1 4356 4357 4358 4359 -1 4360 4361 4362 4363 -1 4364 4365 4366 4367 -1 4368 4369 4370 4371 -1 4372 4373 4374 4375 -1 4376 4377 4378 4379 -1 4380 4381 4382 4383 -1 4384 4385 4386 4387 -1 4388 4389 4390 4391 -1 4392 4393 4394 4395 -1 4396 4397 4398 4399 -1 4400 4401 4402 4403 -1 4404 4405 4406 4407 -1 4408 4409 4410 4411 -1 4412 4413 4414 4415 -1 4416 4417 4418 4419 -1 4420 4421 4422 4423 -1 4424 4425 4426 4427 -1 4428 4429 4430 4431 -1 4432 4433 4434 4435 -1 4436 4437 4438 4439 -1 4440 4441 4442 4443 -1 4444 4445 4446 4447 -1 4448 4449 4450 4451 -1 4452 4453 4454 4455 -1 4456 4457 4458 4459 -1 4460 4461 4462 4463 -1 4464 4465 4466 4467 -1 4468 4469 4470 4471 -1 4472 4473 4474 4475 -1 4476 4477 4478 4479 -1 4480 4481 4482 4483 -1 4484 4485 4486 4487 -1 4488 4489 4490 4491 -1 4492 4493 4494 4495 -1 4496 4497 4498 4499 -1 4500 4501 4502 4503 -1 4504 4505 4506 4507 -1 4508 4509 4510 4511 -1 4512 4513 4514 4515 -1 4516 4517 4518 4519 -1 4520 4521 4522 4523 -1 4524 4525 4526 4527 -1 4528 4529 4530 4531 -1 4532 4533 4534 4535 -1 4536 4537 4538 4539 -1 4540 4541 4542 4543 -1 4544 4545 4546 4547 -1 4548 4549 4550 4551 -1 4552 4553 4554 4555 -1 4556 4557 4558 4559 -1 4560 4561 4562 4563 -1 4564 4565 4566 4567 -1 4568 4569 4570 4571 -1 4572 4573 4574 4575 -1 4576 4577 4578 4579 -1 4580 4581 4582 4583 -1 4584 4585 4586 4587 -1 4588 4589 4590 4591 -1 4592 4593 4594 4595 -1 4596 4597 4598 4599 -1 4600 4601 4602 4603 -1 4604 4605 4606 4607 -1 4608 4609 4610 4611 -1 4612 4613 4614 4615 -1 4616 4617 4618 4619 -1 4620 4621 4622 4623 -1 4624 4625 4626 4627 -1 4628 4629 4630 4631 -1 4632 4633 4634 4635 -1 4636 4637 4638 4639 -1 4640 4641 4642 4643 -1 4644 4645 4646 4647 -1 4648 4649 4650 4651 -1 4652 4653 4654 4655 -1 4656 4657 4658 4659 -1 4660 4661 4662 4663 -1 4664 4665 4666 4667 -1 4668 4669 4670 4671 -1 4672 4673 4674 4675 -1 4676 4677 4678 4679 -1 4680 4681 4682 4683 -1 4684 4685 4686 4687 -1 4688 4689 4690 4691 -1 4692 4693 4694 4695 -1 4696 4697 4698 4699 -1 4700 4701 4702 4703 -1 4704 4705 4706 4707 -1 4708 4709 4710 4711 -1 4712 4713 4714 4715 -1 4716 4717 4718 4719 -1 4720 4721 4722 4723 -1 4724 4725 4726 4727 -1 4728 4729 4730 4731 -1 4732 4733 4734 4735 -1 4736 4737 4738 4739 -1 4740 4741 4742 4743 -1 4744 4745 4746 4747 -1 4748 4749 4750 4751 -1 4752 4753 4754 4755 -1 4756 4757 4758 4759 -1 4760 4761 4762 4763 -1 4764 4765 4766 4767 -1 4768 4769 4770 4771 -1 4772 4773 4774 4775 -1 4776 4777 4778 4779 -1 4780 4781 4782 4783 -1 4784 4785 4786 4787 -1 4788 4789 4790 4791 -1 4792 4793 4794 4795 -1 4796 4797 4798 4799 -1 4800 4801 4802 4803 -1 4804 4805 4806 4807 -1 4808 4809 4810 4811 -1 4812 4813 4814 4815 -1 4816 4817 4818 4819 -1 4820 4821 4822 4823 -1 4824 4825 4826 4827 -1 4828 4829 4830 4831 -1 4832 4833 4834 4835 -1 4836 4837 4838 4839 -1 4840 4841 4842 4843 -1 4844 4845 4846 4847 -1 4848 4849 4850 4851 -1 4852 4853 4854 4855 -1 4856 4857 4858 4859 -1 4860 4861 4862 4863 -1 4864 4865 4866 4867 -1 4868 4869 4870 4871 -1 4872 4873 4874 4875 -1 4876 4877 4878 4879 -1 4880 4881 4882 4883 -1 4884 4885 4886 4887 -1 4888 4889 4890 4891 -1 4892 4893 4894 4895 -1 4896 4897 4898 4899 -1 4900 4901 4902 4903 -1 4904 4905 4906 4907 -1 4908 4909 4910 4911 -1 4912 4913 4914 4915 -1 4916 4917 4918 4919 -1 4920 4921 4922 4923 -1 4924 4925 4926 4927 -1 4928 4929 4930 4931 -1 4932 4933 4934 4935 -1 4936 4937 4938 4939 -1 4940 4941 4942 4943 -1 4944 4945 4946 4947 -1 4948 4949 4950 4951 -1 4952 4953 4954 4955 -1 4956 4957 4958 4959 -1 4960 4961 4962 4963 -1 4964 4965 4966 4967 -1 4968 4969 4970 4971 -1 4972 4973 4974 4975 -1 4976 4977 4978 4979 -1 4980 4981 4982 4983 -1 4984 4985 4986 4987 -1 4988 4989 4990 4991 -1 4992 4993 4994 4995 -1 4996 4997 4998 4999 -1 5000 5001 5002 5003 -1 5004 5005 5006 5007 -1 5008 5009 5010 5011 -1 5012 5013 5014 5015 -1 5016 5017 5018 5019 -1 5020 5021 5022 5023 -1 5024 5025 5026 5027 -1 5028 5029 5030 5031 -1 5032 5033 5034 5035 -1 5036 5037 5038 5039 -1 5040 5041 5042 5043 -1 5044 5045 5046 5047 -1 5048 5049 5050 5051 -1 5052 5053 5054 5055 -1 5056 5057 5058 5059 -1 5060 5061 5062 5063 -1 5064 5065 5066 5067 -1 5068 5069 5070 5071 -1 5072 5073 5074 5075 -1 5076 5077 5078 5079 -1 5080 5081 5082 5083 -1 5084 5085 5086 5087 -1 5088 5089 5090 5091 -1 5092 5093 5094 5095 -1 5096 5097 5098 5099 -1 5100 5101 5102 5103 -1 5104 5105 5106 5107 -1 5108 5109 5110 5111 -1 5112 5113 5114 5115 -1 5116 5117 5118 5119 -1 5120 5121 5122 5123 -1 5124 5125 5126 5127 -1 5128 5129 5130 5131 -1 5132 5133 5134 5135 -1 5136 5137 5138 5139 -1 5140 5141 5142 5143 -1 5144 5145 5146 5147 -1 5148 5149 5150 5151 -1 5152 5153 5154 5155 -1 5156 5157 5158 5159 -1 5160 5161 5162 5163 -1 5164 5165 5166 5167 -1 5168 5169 5170 5171 -1 5172 5173 5174 5175 -1 5176 5177 5178 5179 -1 5180 5181 5182 5183 -1 5184 5185 5186 5187 -1 5188 5189 5190 5191 -1 5192 5193 5194 5195 -1 5196 5197 5198 5199 -1 5200 5201 5202 5203 -1 5204 5205 5206 5207 -1 5208 5209 5210 5211 -1 5212 5213 5214 5215 -1 5216 5217 5218 5219 -1 5220 5221 5222 5223 -1 5224 5225 5226 5227 -1 5228 5229 5230 5231 -1 5232 5233 5234 5235 -1 5236 5237 5238 5239 -1 5240 5241 5242 5243 -1 5244 5245 5246 5247 -1 5248 5249 5250 5251 -1 5252 5253 5254 5255 -1 5256 5257 5258 5259 -1 5260 5261 5262 5263 -1 5264 5265 5266 5267 -1 5268 5269 5270 5271 -1 5272 5273 5274 5275 -1 5276 5277 5278 5279 -1 5280 5281 5282 5283 -1 5284 5285 5286 5287 -1 5288 5289 5290 5291 -1 5292 5293 5294 5295 -1 5296 5297 5298 5299 -1 5300 5301 5302 5303 -1 5304 5305 5306 5307 -1 5308 5309 5310 5311 -1 5312 5313 5314 5315 -1 5316 5317 5318 5319 -1 5320 5321 5322 5323 -1 5324 5325 5326 5327 -1 5328 5329 5330 5331 -1 5332 5333 5334 5335 -1 5336 5337 5338 5339 -1 5340 5341 5342 5343 -1 5344 5345 5346 5347 -1 5348 5349 5350 5351 -1 5352 5353 5354 5355 -1 5356 5357 5358 5359 -1 5360 5361 5362 5363 -1 5364 5365 5366 5367 -1 5368 5369 5370 5371 -1 5372 5373 5374 5375 -1 5376 5377 5378 5379 -1 5380 5381 5382 5383 -1 5384 5385 5386 5387 -1 5388 5389 5390 5391 -1 5392 5393 5394 5395 -1 5396 5397 5398 5399 -1 5400 5401 5402 5403 -1 5404 5405 5406 5407 -1 5408 5409 5410 5411 -1 5412 5413 5414 5415 -1 5416 5417 5418 5419 -1 5420 5421 5422 5423 -1 5424 5425 5426 5427 -1 5428 5429 5430 5431 -1 5432 5433 5434 5435 -1 5436 5437 5438 5439 -1 5440 5441 5442 5443 -1 5444 5445 5446 5447 -1 5448 5449 5450 5451 -1 5452 5453 5454 5455 -1 5456 5457 5458 5459 -1 5460 5461 5462 5463 -1 5464 5465 5466 5467 -1 5468 5469 5470 5471 -1 5472 5473 5474 5475 -1 5476 5477 5478 5479 -1 5480 5481 5482 5483 -1 5484 5485 5486 5487 -1 5488 5489 5490 5491 -1 5492 5493 5494 5495 -1 5496 5497 5498 5499 -1 5500 5501 5502 5503 -1 5504 5505 5506 5507 -1 5508 5509 5510 5511 -1 5512 5513 5514 5515 -1 5516 5517 5518 5519 -1 5520 5521 5522 5523 -1 5524 5525 5526 5527 -1 5528 5529 5530 5531 -1 5532 5533 5534 5535 -1 5536 5537 5538 5539 -1 5540 5541 5542 5543 -1 5544 5545 5546 5547 -1 5548 5549 5550 5551 -1 5552 5553 5554 5555 -1 5556 5557 5558 5559 -1 5560 5561 5562 5563 -1 5564 5565 5566 5567 -1 5568 5569 5570 5571 -1 5572 5573 5574 5575 -1 5576 5577 5578 5579 -1 5580 5581 5582 5583 -1 5584 5585 5586 5587 -1 5588 5589 5590 5591 -1 5592 5593 5594 5595 -1 5596 5597 5598 5599 -1 5600 5601 5602 5603 -1 5604 5605 5606 5607 -1 5608 5609 5610 5611 -1 5612 5613 5614 5615 -1 5616 5617 5618 5619 -1 5620 5621 5622 5623 -1 5624 5625 5626 5627 -1 5628 5629 5630 5631 -1 5632 5633 5634 5635 -1 5636 5637 5638 5639 -1 5640 5641 5642 5643 -1 5644 5645 5646 5647 -1 5648 5649 5650 5651 -1 5652 5653 5654 5655 -1 5656 5657 5658 5659 -1 5660 5661 5662 5663 -1 5664 5665 5666 5667 -1 5668 5669 5670 5671 -1 5672 5673 5674 5675 -1 5676 5677 5678 5679 -1 5680 5681 5682 5683 -1 5684 5685 5686 5687 -1 5688 5689 5690 5691 -1 5692 5693 5694 5695 -1 5696 5697 5698 5699 -1 5700 5701 5702 5703 -1 5704 5705 5706 5707 -1 5708 5709 5710 5711 -1 5712 5713 5714 5715 -1 5716 5717 5718 5719 -1 5720 5721 5722 5723 -1 5724 5725 5726 5727 -1 5728 5729 5730 5731 -1 5732 5733 5734 5735 -1 5736 5737 5738 5739 -1 5740 5741 5742 5743 -1 5744 5745 5746 5747 -1 5748 5749 5750 5751 -1 5752 5753 5754 5755 -1 5756 5757 5758 5759 -1 5760 5761 5762 5763 -1 5764 5765 5766 5767 -1 5768 5769 5770 5771 -1 5772 5773 5774 5775 -1 5776 5777 5778 5779 -1 5780 5781 5782 5783 -1 5784 5785 5786 5787 -1 5788 5789 5790 5791 -1 5792 5793 5794 5795 -1 5796 5797 5798 5799 -1 5800 5801 5802 5803 -1 5804 5805 5806 5807 -1 5808 5809 5810 5811 -1 5812 5813 5814 5815 -1 5816 5817 5818 5819 -1 5820 5821 5822 5823 -1 5824 5825 5826 5827 -1 5828 5829 5830 5831 -1 5832 5833 5834 5835 -1 5836 5837 5838 5839 -1 5840 5841 5842 5843 -1 5844 5845 5846 5847 -1 5848 5849 5850 5851 -1 5852 5853 5854 5855 -1 5856 5857 5858 5859 -1 5860 5861 5862 5863 -1 5864 5865 5866 5867 -1 5868 5869 5870 5871 -1 5872 5873 5874 5875 -1 5876 5877 5878 5879 -1 5880 5881 5882 5883 -1 5884 5885 5886 5887 -1 5888 5889 5890 5891 -1 5892 5893 5894 5895 -1 5896 5897 5898 5899 -1 5900 5901 5902 5903 -1 5904 5905 5906 5907 -1 5908 5909 5910 5911 -1 5912 5913 5914 5915 -1 5916 5917 5918 5919 -1 5920 5921 5922 5923 -1 5924 5925 5926 5927 -1 5928 5929 5930 5931 -1 5932 5933 5934 5935 -1 5936 5937 5938 5939 -1 5940 5941 5942 5943 -1 5944 5945 5946 5947 -1 5948 5949 5950 5951 -1 5952 5953 5954 5955 -1 5956 5957 5958 5959 -1 5960 5961 5962 5963 -1 5964 5965 5966 5967 -1 5968 5969 5970 5971 -1 5972 5973 5974 5975 -1 5976 5977 5978 5979 -1 5980 5981 5982 5983 -1 5984 5985 5986 5987 -1 5988 5989 5990 5991 -1 5992 5993 5994 5995 -1 5996 5997 5998 5999 -1 6000 6001 6002 6003 -1 6004 6005 6006 6007 -1 6008 6009 6010 6011 -1 6012 6013 6014 6015 -1 6016 6017 6018 6019 -1 6020 6021 6022 6023 -1 6024 6025 6026 6027 -1 6028 6029 6030 6031 -1 6032 6033 6034 6035 -1 6036 6037 6038 6039 -1 6040 6041 6042 6043 -1 6044 6045 6046 6047 -1 6048 6049 6050 6051 -1 6052 6053 6054 6055 -1 6056 6057 6058 6059 -1 6060 6061 6062 6063 -1 6064 6065 6066 6067 -1 6068 6069 6070 6071 -1 6072 6073 6074 6075 -1 6076 6077 6078 6079 -1 "
						                coordIndex="257 101 256 -1 1015 1014 1290 1289 -1 777 1006 721 -1 710 709 783 -1 395 396 8 9 -1 649 650 444 445 -1 693 1175 694 -1 599 114 598 -1 812 748 747 -1 110 458 459 42 -1 825 824 929 928 -1 917 916 761 -1 162 163 270 -1 447 420 648 -1 540 541 158 159 -1 907 906 762 -1 506 497 498 505 -1 145 146 98 99 -1 1287 1286 1017 -1 1201 818 742 1202 -1 1003 1002 791 -1 962 1212 1211 -1 1260 773 1111 -1 920 919 760 759 -1 743 815 814 744 -1 1288 1287 1016 -1 91 150 151 90 -1 102 523 245 -1 44 45 108 -1 53 54 122 -1 441 442 227 228 -1 774 773 1260 1259 -1 997 991 793 -1 983 796 984 -1 1074 1073 761 -1 1299 1298 1250 1249 -1 660 1193 661 -1 251 652 250 -1 998 997 793 -1 301 379 380 -1 12 13 252 -1 309 286 287 -1 1292 1012 1011 1293 -1 211 212 607 608 -1 547 82 546 -1 776 775 1255 -1 124 79 80 139 -1 377 378 552 -1 811 750 749 -1 1319 1068 1067 -1 728 727 787 -1 424 425 209 -1 525 244 524 -1 1122 702 1123 -1 767 1178 688 -1 472 223 196 471 -1 261 144 260 -1 789 788 723 722 -1 727 726 787 -1 1129 1128 833 832 -1 546 82 545 -1 1291 1290 1014 1013 -1 803 921 804 -1 125 75 76 124 -1 1298 1297 1251 -1 962 1211 741 -1 94 148 149 93 -1 616 613 643 -1 1076 1075 761 -1 623 573 574 622 -1 829 828 861 860 -1 1124 1123 702 -1 912 673 672 -1 1213 1037 1222 -1 610 424 209 -1 1026 1025 1283 -1 759 805 920 -1 1022 1021 994 993 -1 48 123 108 47 -1 711 783 782 712 -1 131 132 341 -1 960 959 1041 -1 585 586 557 558 -1 984 796 985 -1 209 425 208 -1 979 964 980 -1 947 969 968 -1 805 804 920 -1 776 1254 1253 -1 758 757 806 -1 331 332 363 336 -1 947 946 969 -1 999 792 1000 -1 1309 1106 1105 -1 1210 741 1211 -1 96 147 148 95 -1 285 286 310 -1 169 170 199 200 -1 725 724 788 -1 73 74 125 -1 1028 1230 1029 -1 258 101 257 -1 1013 1014 354 353 -1 22 23 162 -1 592 636 637 -1 648 649 446 447 -1 1209 741 1210 -1 219 448 218 -1 314 315 280 281 -1 1208 741 1209 -1 789 722 790 -1 990 793 991 -1 988 794 989 -1 1178 766 765 1179 -1 694 1175 1174 695 -1 50 51 123 -1 612 422 423 -1 1222 1037 1036 -1 1138 843 842 1139 -1 115 116 595 -1 619 620 647 648 -1 1187 901 900 1188 -1 295 385 386 294 -1 533 0 1 -1 92 149 150 91 -1 388 389 292 -1 245 246 102 -1 1154 701 1168 1155 -1 1039 961 1040 -1 635 348 349 -1 241 527 528 240 -1 801 800 925 924 -1 278 279 14 -1 1234 1282 1281 -1 1237 1306 1060 1238 -1 1253 1252 1296 -1 1296 1295 1008 -1 222 473 474 221 -1 1317 761 1072 -1 1117 771 1118 -1 979 978 965 -1 769 768 704 703 -1 811 810 751 750 -1 120 121 57 58 -1 581 582 1 2 -1 195 168 201 202 -1 1044 956 955 1045 -1 5 579 4 -1 529 239 240 528 -1 1018 1017 949 -1 888 1101 1100 889 -1 256 101 418 419 -1 634 349 350 -1 590 591 638 -1 308 360 335 -1 13 279 252 -1 284 285 311 -1 340 341 132 -1 450 451 600 601 -1 1063 1062 1305 -1 311 312 283 284 -1 950 949 1286 -1 1223 1036 1035 -1 849 848 1093 1092 -1 762 906 905 -1 945 970 946 -1 16 17 275 276 -1 77 78 124 -1 964 979 965 -1 343 344 62 -1 680 932 681 -1 823 930 929 -1 598 114 115 597 -1 391 625 626 290 -1 1305 1062 1061 -1 679 933 680 -1 289 290 626 -1 844 1137 1097 -1 138 81 137 -1 331 337 133 -1 481 482 179 180 -1 1193 1192 1243 -1 940 975 974 941 -1 136 323 324 -1 342 131 341 -1 217 218 449 -1 864 863 854 853 -1 687 686 1196 1195 -1 373 566 567 372 -1 978 977 966 -1 518 107 28 -1 761 760 919 918 -1 226 443 650 -1 775 1257 1256 -1 375 564 374 -1 250 652 653 249 -1 170 198 199 -1 766 1178 767 -1 274 275 17 18 -1 810 809 752 751 -1 542 543 82 -1 1065 1064 1305 1304 -1 101 414 415 -1 15 16 276 277 -1 730 729 786 -1 156 157 82 -1 596 115 595 -1 881 880 1135 1134 -1 72 125 126 71 -1 300 380 381 -1 420 618 619 648 -1 633 350 351 -1 187 188 433 434 -1 304 319 320 -1 23 161 162 -1 1193 660 1194 -1 552 302 551 -1 377 562 376 -1 926 925 800 827 -1 357 358 289 -1 376 563 375 -1 1153 701 1154 -1 429 430 191 192 -1 905 904 1183 -1 1149 1148 701 -1 357 626 627 -1 1198 821 820 1199 -1 131 343 62 -1 1064 1063 1305 -1 175 467 174 -1 839 1142 1141 840 -1 153 154 84 85 -1 1026 1232 1027 -1 603 604 215 216 -1 1185 1184 904 -1 254 11 253 -1 1083 1272 1271 -1 41 493 494 -1 517 518 28 29 -1 812 811 749 748 -1 282 283 312 313 -1 762 1315 1314 -1 1310 1104 1103 -1 143 144 261 -1 308 309 287 -1 779 778 721 -1 911 910 1312 -1 486 175 176 -1 809 753 752 -1 72 73 125 -1 448 219 220 475 -1 244 525 243 -1 364 624 625 391 -1 7 8 396 397 -1 591 592 637 -1 822 683 682 -1 1050 950 1051 -1 508 495 496 507 -1 1078 1077 761 -1 610 209 210 -1 683 822 821 -1 361 334 335 360 -1 548 81 82 -1 1040 960 1041 -1 1229 1228 1031 1030 -1 41 492 493 -1 163 164 269 -1 1041 959 1042 -1 1027 1231 1028 -1 762 1316 1315 -1 1232 1231 1027 -1 675 674 938 937 -1 272 273 20 -1 622 574 621 -1 999 998 793 792 -1 803 802 923 922 -1 964 963 980 -1 103 520 521 102 -1 870 1270 1269 -1 879 878 1108 -1 286 309 310 -1 817 816 742 -1 961 1039 962 -1 488 489 41 -1 588 589 639 640 -1 1217 1216 1247 1246 -1 203 204 193 194 -1 485 176 177 -1 133 134 329 330 -1 262 143 261 -1 457 111 456 -1 1071 1070 1318 -1 113 600 451 -1 61 62 345 -1 780 779 721 720 -1 1230 1229 1030 1029 -1 344 345 62 -1 1223 1222 1036 -1 378 379 302 -1 478 183 184 -1 653 654 102 -1 318 319 305 -1 896 895 1165 -1 430 431 190 191 -1 514 515 34 35 -1 635 636 348 -1 56 57 121 -1 823 822 930 -1 667 1057 1056 668 -1 893 892 1161 1160 -1 762 1313 908 -1 1298 1251 1250 -1 665 1059 1058 -1 61 119 120 60 -1 412 413 101 -1 717 781 780 718 -1 707 706 768 -1 302 321 81 -1 522 102 521 -1 231 232 501 502 -1 86 153 85 -1 426 427 206 207 -1 1319 1318 1069 1068 -1 1308 1080 1107 -1 659 407 408 -1 1316 762 761 -1 1024 1051 1285 1284 -1 188 189 432 433 -1 742 1204 1203 -1 677 676 936 935 -1 61 118 119 -1 409 410 658 -1 737 736 784 -1 1278 1080 1308 1279 -1 824 823 929 -1 609 610 210 -1 757 756 807 806 -1 419 392 255 256 -1 230 503 439 -1 612 616 422 -1 27 0 534 535 -1 571 368 570 -1 487 466 486 -1 1306 1305 1061 -1 1318 1070 1069 -1 1219 1218 1245 1244 -1 503 476 438 439 -1 832 857 1129 -1 869 1084 1270 -1 536 537 25 26 -1 428 429 204 205 -1 873 1266 1265 874 -1 1048 1047 953 -1 316 317 306 307 -1 186 187 434 435 -1 1010 1009 1294 -1 134 328 329 -1 1263 1262 877 876 -1 41 491 492 -1 26 27 535 536 -1 259 260 99 100 -1 170 171 198 -1 69 126 127 68 -1 701 1124 702 -1 837 836 1145 -1 104 519 520 103 -1 322 136 137 -1 1109 1108 878 -1 981 797 982 -1 1240 1239 664 663 -1 515 516 32 33 -1 319 304 305 -1 606 607 212 213 -1 78 79 124 -1 792 791 1001 -1 951 950 1050 -1 532 533 583 -1 657 411 412 -1 1283 1282 1234 1233 -1 95 148 94 -1 399 5 398 -1 1214 1222 1221 -1 436 185 186 435 -1 460 461 42 -1 44 108 109 43 -1 1163 890 1099 -1 550 551 81 -1 579 580 3 4 -1 214 215 604 605 -1 1317 1316 761 -1 1000 792 1001 -1 66 67 127 -1 787 726 725 788 -1 345 346 61 -1 587 556 557 586 -1 1306 1061 1060 -1 762 905 1183 -1 1164 896 1165 -1 1198 1197 685 684 -1 986 795 794 987 -1 659 644 405 406 -1 431 432 189 190 -1 674 939 938 -1 1125 1124 1148 -1 160 161 538 539 -1 130 62 129 -1 81 549 550 -1 1172 1171 701 700 -1 838 837 1144 -1 787 786 729 728 -1 538 23 24 -1 872 1267 1266 873 -1 1214 1213 1222 -1 81 548 549 -1 512 513 38 39 -1 271 162 270 -1 383 384 296 297 -1 562 554 561 -1 270 163 269 -1 58 59 120 -1 564 565 374 -1 901 1187 1186 902 -1 657 412 101 -1 952 1048 953 -1 144 145 260 -1 1095 1094 847 846 -1 140 265 266 167 -1 513 514 36 37 -1 539 540 159 160 -1 22 271 21 -1 367 368 571 -1 48 49 123 -1 101 102 656 -1 597 115 596 -1 296 384 385 295 -1 553 377 552 -1 898 1190 1189 899 -1 602 217 449 -1 932 931 681 -1 593 347 636 -1 1295 1294 1009 -1 317 318 306 -1 318 305 306 -1 903 1185 904 -1 559 532 583 584 -1 945 944 971 -1 871 870 1269 1268 -1 573 366 572 -1 665 1238 1059 -1 97 146 147 96 -1 252 253 12 -1 469 172 173 468 -1 393 11 254 -1 40 512 39 -1 303 304 320 -1 610 611 423 424 -1 1049 1048 952 -1 623 365 366 -1 457 458 111 -1 287 360 308 -1 399 400 578 -1 197 171 172 -1 851 1090 1089 852 -1 826 825 928 927 -1 667 666 1058 1057 -1 762 1183 1182 -1 11 393 394 10 -1 1193 1243 1242 661 -1 993 992 1023 1022 -1 154 155 83 84 -1 1304 1319 1066 1065 -1 5 6 398 -1 1163 1162 891 890 -1 802 801 924 923 -1 813 812 747 746 -1 682 681 931 -1 559 584 585 558 -1 838 1143 1142 839 -1 1128 1127 834 833 -1 69 70 126 -1 1025 1024 1284 1283 -1 1180 1179 764 763 -1 197 172 469 -1 101 417 418 -1 762 1314 1313 -1 776 1255 1254 -1 1272 1082 1276 -1 658 659 408 409 -1 1280 1307 1281 -1 249 653 248 -1 602 603 216 217 -1 70 71 126 -1 734 733 785 -1 1310 1309 1105 1104 -1 299 300 381 -1 1319 1067 1066 -1 992 991 996 1023 -1 1293 1010 1294 -1 818 817 742 -1 482 483 178 179 -1 741 1208 742 -1 666 665 1058 -1 128 129 62 63 -1 1020 968 995 -1 741 797 981 -1 577 578 400 646 -1 1109 1262 1261 1110 -1 562 563 376 -1 1253 1296 1007 -1 934 678 677 935 -1 268 165 166 267 -1 246 247 102 -1 413 414 101 -1 692 1176 1175 693 -1 1286 1285 1051 950 -1 722 721 1005 -1 569 370 371 568 -1 702 1119 1118 770 -1 1060 1059 1238 -1 138 139 80 81 -1 859 830 829 860 -1 1129 857 1130 -1 739 738 784 -1 816 815 743 742 -1 1239 665 664 -1 1181 1180 763 762 -1 971 944 943 972 -1 822 682 931 -1 476 477 437 438 -1 1097 1096 845 -1 988 987 794 -1 895 1158 1165 -1 93 149 92 -1 530 238 239 529 -1 480 481 180 181 -1 294 386 387 293 -1 337 331 336 -1 875 1264 1263 876 -1 1313 1312 910 909 -1 507 496 497 506 -1 425 426 207 208 -1 526 527 241 242 -1 995 994 1021 1020 -1 857 856 1130 -1 1300 1299 1249 1248 -1 877 1262 1109 -1 543 544 82 -1 300 301 380 -1 553 554 562 -1 347 593 116 -1 591 637 638 -1 0 533 534 -1 863 862 855 854 -1 289 358 359 288 -1 594 116 593 -1 484 485 177 -1 703 702 770 769 -1 223 472 473 222 -1 1307 1280 1279 1308 -1 90 151 89 -1 1231 1230 1028 -1 1126 1147 1146 -1 537 538 24 25 -1 1208 1207 742 -1 1192 1219 1244 1243 -1 949 1017 1286 -1 886 885 1310 -1 633 634 350 -1 1215 1214 1221 1220 -1 758 806 805 759 -1 49 50 123 -1 1207 1206 742 -1 658 410 411 -1 634 635 349 -1 117 118 61 -1 1232 1026 1233 -1 768 783 708 707 -1 797 796 982 -1 332 333 362 363 -1 516 31 32 -1 714 782 781 715 -1 554 555 560 561 -1 89 151 152 88 -1 813 746 745 -1 646 400 401 -1 1088 1087 866 865 -1 848 847 1094 1093 -1 490 491 41 -1 10 394 395 9 -1 576 577 646 647 -1 62 130 131 -1 592 593 636 -1 123 51 52 122 -1 1226 1225 1034 1033 -1 1158 1157 1166 1165 -1 485 486 176 -1 886 1103 887 -1 463 464 42 -1 1242 1241 662 661 -1 134 327 328 -1 1126 1125 1147 -1 676 675 937 936 -1 343 131 342 -1 582 583 533 1 -1 158 541 542 82 -1 615 641 642 614 -1 444 650 443 -1 578 5 399 -1 1038 1037 1212 -1 442 443 227 -1 895 894 1159 1158 -1 1103 886 1310 -1 896 1191 897 -1 81 321 137 -1 563 564 375 -1 883 882 1133 1132 -1 688 1178 1177 689 -1 152 153 86 87 -1 547 548 82 -1 916 915 1052 1079 -1 1148 1124 701 -1 1151 701 1152 -1 1152 701 1153 -1 1224 1035 1034 -1 1291 1013 1012 1292 -1 1103 1102 887 -1 1273 1272 1276 -1 1189 1188 900 899 -1 951 1049 952 -1 134 135 326 327 -1 1157 1156 1167 1166 -1 488 465 487 -1 443 226 227 -1 390 391 290 -1 1015 1289 1288 1016 -1 587 560 555 556 -1 616 617 421 422 -1 671 670 1054 1053 -1 1227 1226 1033 1032 -1 970 945 971 -1 808 807 756 755 -1 1225 1224 1034 -1 852 864 853 -1 1108 1135 880 879 -1 570 369 370 569 -1 1260 1111 1110 1261 -1 398 6 7 397 -1 111 112 455 456 -1 59 60 120 -1 674 673 939 -1 45 46 108 -1 654 655 102 -1 864 852 1089 -1 162 271 22 -1 406 407 659 -1 264 141 142 263 -1 589 590 638 639 -1 67 68 127 -1 1085 869 868 -1 865 864 1089 1088 -1 508 41 494 495 -1 830 858 831 -1 916 1079 1078 761 -1 892 891 1162 1161 -1 711 710 783 -1 524 244 523 -1 1090 851 850 1091 -1 1307 1235 1281 -1 966 977 976 967 -1 691 1176 692 -1 297 298 382 383 -1 1235 1234 1281 -1 243 525 526 242 -1 293 388 292 -1 1248 1275 1301 1300 -1 1037 1213 1212 -1 884 911 1312 1311 -1 962 741 981 -1 101 415 416 -1 1310 885 884 1311 -1 357 289 626 -1 99 260 145 -1 645 402 403 -1 366 367 572 -1 1115 772 771 1116 -1 538 161 23 -1 477 478 184 -1 489 490 41 -1 1151 1150 701 -1 1174 1173 697 696 -1 821 1198 683 -1 1273 1276 1303 -1 465 466 487 -1 1020 947 968 -1 338 339 132 133 -1 1091 850 849 1092 -1 575 647 621 -1 818 1201 1200 819 -1 1206 1205 742 -1 629 630 354 355 -1 157 158 82 -1 991 997 996 -1 1267 872 871 1268 -1 827 826 927 926 -1 797 741 798 -1 265 140 141 264 -1 762 908 907 -1 168 169 200 201 -1 1173 1172 699 698 -1 113 452 453 -1 74 75 125 -1 632 633 351 352 -1 466 467 175 -1 267 166 167 266 -1 970 969 946 -1 196 197 470 -1 741 740 799 798 -1 786 785 732 731 -1 600 113 114 599 -1 112 113 453 454 -1 102 655 656 -1 575 576 647 -1 665 1239 1238 -1 248 653 102 -1 773 772 1114 1113 -1 46 47 108 -1 102 247 248 -1 269 164 165 268 -1 799 740 739 784 -1 1132 1131 856 883 -1 462 463 42 -1 461 462 42 -1 446 649 445 -1 101 416 417 -1 427 428 205 206 -1 251 224 651 652 -1 374 565 566 373 -1 224 225 650 651 -1 346 117 61 -1 774 1259 1258 -1 1275 1274 1302 1301 -1 514 35 36 -1 278 14 15 277 -1 973 942 941 974 -1 110 111 458 -1 1309 1308 1107 1106 -1 136 324 325 -1 673 912 939 -1 1071 1317 1072 -1 42 43 109 110 -1 225 226 650 -1 690 1177 1176 691 -1 105 106 518 519 -1 706 705 768 -1 933 679 678 934 -1 52 53 122 -1 511 512 40 41 -1 544 545 82 -1 155 156 82 83 -1 21 272 20 -1 484 177 178 -1 738 737 784 -1 505 498 235 -1 388 293 387 -1 366 573 623 -1 88 152 87 -1 819 1200 1199 820 -1 439 440 229 230 -1 887 1102 1101 888 -1 11 12 253 -1 440 441 228 229 -1 1039 1038 962 -1 1274 1273 1303 1302 -1 1073 1072 761 -1 464 488 41 -1 1056 1055 669 668 -1 454 455 112 -1 870 869 1270 -1 645 646 401 -1 356 627 628 -1 699 1172 700 -1 1186 1185 903 902 -1 133 330 331 -1 298 299 382 -1 509 510 41 -1 1122 1121 702 -1 1271 1270 1084 1083 -1 697 1173 698 -1 1134 1133 882 881 -1 14 279 13 -1 1085 1084 869 -1 204 429 192 -1 572 367 571 -1 719 718 780 -1 20 273 19 -1 1278 1277 1081 1080 -1 185 437 184 -1 689 1177 690 -1 809 808 754 753 -1 1126 1146 835 -1 670 669 1055 1054 -1 1212 962 1038 -1 1087 1086 867 866 -1 859 858 830 -1 963 962 981 -1 965 978 966 -1 791 1002 1001 -1 657 658 411 -1 724 723 788 -1 954 1046 1045 955 -1 656 657 101 -1 236 237 531 -1 961 960 1040 -1 967 976 975 940 -1 352 353 631 632 -1 683 1198 684 -1 291 292 389 -1 204 192 193 -1 281 282 313 314 -1 1127 835 834 -1 702 1120 1119 -1 475 220 221 474 -1 921 920 804 -1 273 274 18 19 -1 714 713 782 -1 765 764 1179 -1 775 1256 1255 -1 486 466 175 -1 1098 1136 1163 1099 -1 953 1047 1046 954 -1 630 631 353 354 -1 355 356 628 629 -1 1318 1317 1071 -1 722 1003 791 -1 742 1203 1202 -1 1191 1190 898 897 -1 66 127 128 65 -1 459 460 42 -1 722 791 790 -1 608 609 210 211 -1 959 958 1042 -1 660 687 1195 1194 -1 1228 1227 1032 1031 -1 451 452 113 -1 1272 1083 1082 -1 775 774 1258 1257 -1 844 843 1138 -1 288 359 360 287 -1 771 770 1118 -1 464 41 42 -1 356 357 627 -1 55 56 121 -1 709 708 783 -1 513 37 38 -1 346 347 116 117 -1 921 803 922 -1 64 65 128 -1 233 234 499 500 -1 234 235 498 499 -1 889 1100 1099 890 -1 1252 1297 1296 -1 1005 721 1006 -1 1004 722 1005 -1 97 98 146 -1 531 237 238 530 -1 904 1184 1183 -1 717 716 781 -1 731 730 786 -1 1003 722 1004 -1 303 320 321 -1 1246 1245 1218 1217 -1 364 365 623 624 -1 1049 951 1050 -1 645 401 402 -1 615 588 640 641 -1 580 581 2 3 -1 844 1097 845 -1 483 484 178 -1 822 931 930 -1 702 1121 1120 -1 515 33 34 -1 972 943 942 973 -1 436 437 185 -1 510 511 41 -1 828 855 862 861 -1 831 857 832 -1 339 340 132 -1 636 347 348 -1 337 338 133 -1 858 857 831 -1 504 236 531 -1 263 142 143 262 -1 63 64 128 -1 197 469 470 -1 389 390 291 -1 467 468 173 174 -1 1086 1085 868 867 -1 437 477 184 -1 232 233 500 501 -1 516 517 30 31 -1 918 917 761 -1 1156 1155 1168 1167 -1 508 509 41 -1 1224 1223 1035 -1 768 705 704 -1 762 1182 1181 -1 464 465 488 -1 303 321 302 -1 302 552 378 -1 1296 1008 1007 -1 1295 1009 1008 -1 1136 1098 1097 1137 -1 1241 1240 663 662 -1 720 719 780 -1 523 102 522 -1 244 245 523 -1 1116 771 1117 -1 1019 1018 949 948 -1 1082 1081 1277 1276 -1 290 291 390 -1 983 982 796 -1 1150 1149 701 -1 1197 1196 686 685 -1 933 932 680 -1 1171 1170 701 -1 595 116 594 -1 1236 1235 1307 -1 735 734 785 -1 121 122 54 55 -1 716 715 781 -1 302 81 551 -1 1169 1168 701 -1 377 553 562 -1 1264 875 874 1265 -1 713 712 782 -1 735 785 784 736 -1 733 732 785 -1 578 579 5 -1 776 1253 1007 -1 1043 957 956 1044 -1 315 316 307 280 -1 808 755 754 -1 1233 1026 1283 -1 1125 1148 1147 -1 1020 1019 948 947 -1 202 203 194 195 -1 322 323 136 -1 392 393 254 255 -1 448 449 218 -1 1313 909 908 -1 796 795 986 985 -1 1139 842 841 1140 -1 76 77 124 -1 915 914 1053 1052 -1 980 963 981 -1 613 616 612 -1 836 835 1146 -1 989 794 793 990 -1 505 236 504 -1 778 777 721 -1 611 612 423 -1 104 105 519 -1 518 106 107 -1 845 1096 1095 846 -1 171 197 198 -1 1016 1287 1017 -1 471 196 470 -1 1205 1204 742 -1 259 100 101 258 -1 574 575 621 -1 617 618 420 421 -1 695 1174 696 -1 321 322 137 -1 647 620 621 -1 1115 1114 772 -1 299 381 382 -1 644 645 404 405 -1 503 230 231 502 -1 1112 773 1113 -1 1111 773 1112 -1 613 614 642 643 -1 1170 1169 701 -1 601 602 449 450 -1 1140 841 840 1141 -1 1191 896 1164 -1 645 403 404 -1 878 877 1109 -1 379 301 302 -1 1236 1307 1306 1237 -1 1127 1126 835 -1 1042 958 957 1043 -1 1297 1252 1251 -1 135 136 325 326 -1 1145 836 1146 -1 777 776 1007 1006 -1 1144 837 1145 -1 1143 838 1144 -1 478 479 182 183 -1 1131 1130 856 -1 479 480 181 182 -1 368 369 570 -1 1137 844 1138 -1 1075 1074 761 -1 361 362 333 334 -1 285 310 311 -1 568 371 372 567 -1 605 606 213 214 -1 235 236 505 -1 517 29 30 -1 914 913 671 -1 1010 1293 1011 -1 671 1053 914 -1 271 272 21 -1 913 912 672 -1 1220 1247 1216 1215 -1 1077 1076 761 -1 913 672 671 -1 1005 1006 346 345 -1 644 659 1319 1304 -1 118 117 777 778 -1 42 41 701 702 -1 76 75 735 736 -1 46 45 705 706 -1 652 651 1311 1312 -1 28 107 767 688 -1 642 1302 1303 643 -1 126 125 785 786 -1 62 61 721 722 -1 1001 1002 342 341 -1 653 652 1312 1313 -1 51 50 710 711 -1 124 139 799 784 -1 58 57 717 718 -1 98 97 757 758 -1 634 1294 1295 635 -1 638 1298 1299 639 -1 626 1286 1287 627 -1 79 78 738 739 -1 37 36 696 697 -1 137 136 796 797 -1 64 63 723 724 -1 622 1282 1283 623 -1 43 42 702 703 -1 69 68 728 729 -1 39 38 698 699 -1 119 118 778 779 -1 135 134 794 795 -1 654 653 1313 1314 -1 658 657 1317 1318 -1 47 46 706 707 -1 63 62 722 723 -1 34 33 693 694 -1 31 30 690 691 -1 65 64 724 725 -1 1273 1274 614 613 -1 139 138 798 799 -1 1253 1254 594 593 -1 647 646 1306 1307 -1 1249 1250 590 589 -1 129 128 788 789 -1 618 1278 1279 619 -1 123 122 782 783 -1 71 70 730 731 -1 50 49 709 710 -1 657 656 1316 1317 -1 1261 1262 602 601 -1 38 37 697 698 -1 84 83 743 744 -1 81 80 740 741 -1 138 137 797 798 -1 1265 1266 606 605 -1 111 110 770 771 -1 814 815 155 154 -1 1069 1070 410 409 -1 68 67 727 728 -1 92 91 751 752 -1 120 119 779 780 -1 100 99 759 760 -1 997 998 338 337 -1 1053 1054 394 393 -1 70 69 729 730 -1 66 65 725 726 -1 894 893 1160 1159 -1 1077 1078 418 417 -1 121 120 780 781 -1 1057 1058 398 397 -1 645 644 1304 1305 -1 107 106 766 767 -1 36 35 695 696 -1 93 92 752 753 -1 80 79 739 740 -1 87 86 746 747 -1 44 43 703 704 -1 103 102 762 763 -1 55 54 714 715 -1 86 85 745 746 -1 1109 1110 450 449 -1 85 84 744 745 -1 1133 1134 474 473 -1 1065 1066 406 405 -1 95 94 754 755 -1 52 51 711 712 -1 45 44 704 705 -1 78 77 737 738 -1 41 40 700 701 -1 1117 1118 458 457 -1 104 103 763 764 -1 102 101 761 762 -1 108 123 783 768 -1 33 32 692 693 -1 82 81 741 742 -1 54 53 713 714 -1 128 127 787 788 -1 59 58 718 719 -1 1125 1126 466 465 -1 89 88 748 749 -1 530 1190 1191 531 -1 651 650 1310 1311 -1 53 52 712 713 -1 133 132 792 793 -1 115 114 774 775 -1 526 1186 1187 527 -1 88 87 747 748 -1 83 82 742 743 -1 1121 1122 462 461 -1 60 59 719 720 -1 72 71 731 732 -1 61 60 720 721 -1 648 647 1307 1308 -1 75 74 734 735 -1 49 48 708 709 -1 522 1182 1183 523 -1 510 1170 1171 511 -1 106 105 765 766 -1 646 645 1305 1306 -1 650 649 1309 1310 -1 815 816 156 155 -1 506 1166 1167 507 -1 29 28 688 689 -1 514 1174 1175 515 -1 48 47 707 708 -1 132 131 791 792 -1 114 113 773 774 -1 1161 1162 502 501 -1 674 675 15 14 -1 656 655 1315 1316 -1 134 133 793 794 -1 683 684 24 23 -1 1141 1142 482 481 -1 681 682 22 21 -1 680 681 21 20 -1 676 677 17 16 -1 685 686 26 25 -1 677 678 18 17 -1 678 679 19 18 -1 1137 1138 478 477 -1 682 683 23 22 -1 667 668 8 7 -1 1149 1150 490 489 -1 1153 1154 494 493 -1 686 687 27 26 -1 669 670 10 9 -1 670 671 11 10 -1 671 672 12 11 -1 687 660 0 27 -1 665 666 6 5 -1 664 665 5 4 -1 660 661 1 0 -1 833 834 174 173 -1 661 662 2 1 -1 662 663 3 2 -1 853 854 194 193 -1 666 667 7 6 -1 673 674 14 13 -1 927 928 268 267 -1 928 929 269 268 -1 918 919 259 258 -1 929 930 270 269 -1 930 931 271 270 -1 837 838 178 177 -1 919 920 260 259 -1 925 926 266 265 -1 924 925 265 264 -1 849 850 190 189 -1 817 818 158 157 -1 921 922 262 261 -1 922 923 263 262 -1 923 924 264 263 -1 926 927 267 266 -1 889 890 230 229 -1 916 917 257 256 -1 912 913 253 252 -1 818 819 159 158 -1 913 914 254 253 -1 914 915 255 254 -1 915 916 256 255 -1 819 820 160 159 -1 897 898 238 237 -1 936 937 277 276 -1 901 902 242 241 -1 1014 1015 355 354 -1 933 934 274 273 -1 934 935 275 274 -1 935 936 276 275 -1 885 886 226 225 -1 917 918 258 257 -1 933 273 272 932 -1 32 31 691 692 -1 655 654 1314 1315 -1 813 814 154 153 -1 877 878 218 217 -1 811 812 152 151 -1 803 804 144 143 -1 881 882 222 221 -1 808 809 149 148 -1 857 858 198 197 -1 1205 1206 546 545 -1 805 806 146 145 -1 806 807 147 146 -1 807 808 148 147 -1 810 811 151 150 -1 823 824 164 163 -1 800 801 141 140 -1 824 825 165 164 -1 869 870 210 209 -1 825 826 166 165 -1 865 866 206 205 -1 827 800 140 167 -1 1207 1208 548 547 -1 873 874 214 213 -1 1213 553 552 1212 -1 1208 1209 549 548 -1 1244 1245 585 584 -1 1209 1210 550 549 -1 1210 1211 551 550 -1 1211 1212 552 551 -1 822 823 163 162 -1 801 802 142 141 -1 1199 1200 540 539 -1 1200 1201 541 540 -1 1105 1106 446 445 -1 1201 1202 542 541 -1 1101 1102 442 441 -1 1203 1204 544 543 -1 1219 1192 532 559 -1 1197 1198 538 537 -1 1196 1197 537 536 -1 1192 1193 533 532 -1 1245 1246 586 585 -1 1085 1086 426 425 -1 1194 1195 535 534 -1 1195 1196 536 535 -1 1097 1098 438 437 -1 1227 1228 568 567 -1 1216 1217 557 556 -1 1229 569 568 1228 -1 1246 1247 587 586 -1 1213 1214 554 553 -1 981 982 322 321 -1 1089 1090 430 429 -1 989 990 330 329 -1 1225 1226 566 565 -1 1224 1225 565 564 -1 1220 1221 561 560 -1 963 964 304 303 -1 993 994 334 333 -1 1222 1223 563 562 -1 1223 1224 564 563 -1 1226 1227 567 566 -1 1217 1218 558 557 -1 1204 1205 545 544 -1 1240 1241 581 580 -1 1230 1231 571 570 -1 1241 1242 582 581 -1 1242 1243 583 582 -1 1239 1240 580 579 -1 957 958 298 297 -1 1237 1238 578 577 -1 1236 1237 577 576 -1 1232 1233 573 572 -1 1049 1050 390 389 -1 961 962 302 301 -1 1234 1235 575 574 -1 977 978 318 317 -1 1238 1239 579 578 -1 1031 1032 372 371 -1 1037 377 376 1036 -1 941 942 282 281 -1 1050 1051 391 390 -1 1033 1034 374 373 -1 1034 1035 375 374 -1 1035 1036 376 375 -1 949 950 290 289 -1 1029 1030 370 369 -1 1028 1029 369 368 -1 1024 1025 365 364 -1 964 965 305 304 -1 1025 1026 366 365 -1 1026 1027 367 366 -1 945 946 286 285 -1 1030 1031 371 370 -1 969 970 310 309 -1 1043 1044 384 383 -1 1044 1045 385 384 -1 954 955 295 294 -1 1045 1046 386 385 -1 1046 1047 387 386 -1 1037 1038 378 377 -1 955 956 296 295 -1 1041 1042 382 381 -1 1040 1041 381 380 -1 957 297 296 956 -1 1047 1048 388 387 -1 965 966 306 305 -1 1038 1039 379 378 -1 1039 1040 380 379 -1 1042 1043 383 382 -1 947 948 288 287 -1 952 953 293 292 -1 948 949 289 288 -1 1051 1024 364 391 -1 966 967 307 306 -1 950 951 291 290 -1 951 952 292 291 -1 1027 1028 368 367 -1 967 940 280 307 -1 944 945 285 284 -1 940 941 281 280 -1 1032 1033 373 372 -1 842 843 183 182 -1 942 943 283 282 -1 943 944 284 283 -1 946 947 287 286 -1 953 954 294 293 -1 1048 1049 389 388 -1 1243 1244 584 583 -1 1233 1234 574 573 -1 974 975 315 314 -1 960 961 301 300 -1 959 960 300 299 -1 1231 1232 572 571 -1 975 976 316 315 -1 981 321 320 980 -1 976 977 317 316 -1 1235 1236 576 575 -1 985 986 326 325 -1 978 979 319 318 -1 979 980 320 319 -1 958 959 299 298 -1 995 968 308 335 -1 972 973 313 312 -1 968 969 309 308 -1 1229 1230 570 569 -1 986 987 327 326 -1 970 971 311 310 -1 971 972 312 311 -1 1221 1222 562 561 -1 987 988 328 327 -1 992 993 333 332 -1 988 989 329 328 -1 1247 1220 560 587 -1 877 217 216 876 -1 990 991 331 330 -1 991 992 332 331 -1 994 995 335 334 -1 973 974 314 313 -1 1091 1092 432 431 -1 1093 433 432 1092 -1 1214 1215 555 554 -1 1082 1083 423 422 -1 982 983 323 322 -1 983 984 324 323 -1 1215 1216 556 555 -1 1083 1084 424 423 -1 1088 1089 429 428 -1 1084 1085 425 424 -1 1193 1194 534 533 -1 1093 1094 434 433 -1 1086 1087 427 426 -1 1087 1088 428 427 -1 1090 1091 431 430 -1 1103 1104 444 443 -1 1080 1081 421 420 -1 1104 1105 445 444 -1 1218 1219 559 558 -1 1094 1095 435 434 -1 1106 1107 447 446 -1 1107 1080 420 447 -1 1202 1203 543 542 -1 1095 1096 436 435 -1 1100 1101 441 440 -1 1096 1097 437 436 -1 1198 1199 539 538 -1 843 844 184 183 -1 1098 1099 439 438 -1 1099 1100 440 439 -1 1102 1103 443 442 -1 1081 1082 422 421 -1 984 985 325 324 -1 872 873 213 212 -1 821 822 162 161 -1 862 863 203 202 -1 874 875 215 214 -1 871 872 212 211 -1 1206 1207 547 546 -1 863 864 204 203 -1 868 869 209 208 -1 864 865 205 204 -1 826 827 167 166 -1 909 910 250 249 -1 866 867 207 206 -1 867 868 208 207 -1 870 871 211 210 -1 883 856 196 223 -1 860 861 201 200 -1 856 857 197 196 -1 804 805 145 144 -1 910 911 251 250 -1 858 859 199 198 -1 859 860 200 199 -1 809 810 150 149 -1 911 884 224 251 -1 880 881 221 220 -1 885 225 224 884 -1 802 803 143 142 -1 844 845 185 184 -1 878 879 219 218 -1 879 880 220 219 -1 882 883 223 222 -1 861 862 202 201 -1 903 904 244 243 -1 904 905 245 244 -1 841 842 182 181 -1 894 895 235 234 -1 906 907 247 246 -1 907 908 248 247 -1 821 161 160 820 -1 895 896 236 235 -1 900 901 241 240 -1 896 897 237 236 -1 937 938 278 277 -1 845 846 186 185 -1 898 899 239 238 -1 899 900 240 239 -1 902 903 243 242 -1 887 888 228 227 -1 892 893 233 232 -1 888 889 229 228 -1 939 912 252 279 -1 846 847 187 186 -1 890 891 231 230 -1 891 892 232 231 -1 938 939 279 278 -1 847 848 188 187 -1 853 193 192 852 -1 848 849 189 188 -1 920 921 261 260 -1 1015 1016 356 355 -1 850 851 191 190 -1 851 852 192 191 -1 886 887 227 226 -1 893 894 234 233 -1 908 909 249 248 -1 875 876 216 215 -1 962 963 303 302 -1 830 831 171 170 -1 840 841 181 180 -1 839 840 180 179 -1 931 932 272 271 -1 831 832 172 171 -1 836 837 177 176 -1 832 833 173 172 -1 816 817 157 156 -1 1145 1146 486 485 -1 834 835 175 174 -1 835 836 176 175 -1 838 839 179 178 -1 1155 1156 496 495 -1 828 829 169 168 -1 1157 497 496 1156 -1 663 664 4 3 -1 1146 1147 487 486 -1 854 855 195 194 -1 855 828 168 195 -1 668 669 9 8 -1 1147 1148 488 487 -1 1152 1153 493 492 -1 1148 1149 489 488 -1 672 673 13 12 -1 519 1179 1180 520 -1 1150 1151 491 490 -1 1151 1152 492 491 -1 1154 1155 495 494 -1 829 830 170 169 -1 1139 1140 480 479 -1 1140 1141 481 480 -1 675 676 16 15 -1 1158 1159 499 498 -1 1142 1143 483 482 -1 1143 1144 484 483 -1 679 680 20 19 -1 1159 1160 500 499 -1 1136 1137 477 476 -1 1160 1161 501 500 -1 685 25 24 684 -1 518 1178 1179 519 -1 1162 1163 503 502 -1 1163 1136 476 503 -1 1138 1139 479 478 -1 508 1168 1169 509 -1 504 531 1191 1164 -1 507 1167 1168 508 -1 97 96 756 757 -1 517 1177 1178 518 -1 505 1165 1166 506 -1 504 1164 1165 505 -1 127 126 786 787 -1 516 1176 1177 517 -1 511 1171 1172 512 -1 515 1175 1176 516 -1 73 72 732 733 -1 1071 1072 412 411 -1 513 1173 1174 514 -1 512 1172 1173 513 -1 509 1169 1170 510 -1 1157 1158 498 497 -1 1144 1145 485 484 -1 523 1183 1184 524 -1 67 66 726 727 -1 1130 1131 471 470 -1 521 1181 1182 522 -1 524 1184 1185 525 -1 117 116 776 777 -1 1131 1132 472 471 -1 527 1187 1188 528 -1 1133 473 472 1132 -1 136 135 795 796 -1 1113 1114 454 453 -1 529 1189 1190 530 -1 528 1188 1189 529 -1 525 1185 1186 526 -1 1123 1124 464 463 -1 1128 1129 469 468 -1 1124 1125 465 464 -1 116 115 775 776 -1 1114 1115 455 454 -1 1126 1127 467 466 -1 1127 1128 468 467 -1 96 95 755 756 -1 1115 1116 456 455 -1 1120 1121 461 460 -1 1116 1117 457 456 -1 77 76 736 737 -1 1072 1073 413 412 -1 1118 1119 459 458 -1 1119 1120 460 459 -1 1122 1123 463 462 -1 1129 1130 470 469 -1 1135 1108 448 475 -1 1108 1109 449 448 -1 112 111 771 772 -1 1062 1063 403 402 -1 1110 1111 451 450 -1 1111 1112 452 451 -1 130 129 789 790 -1 1063 1064 404 403 -1 1069 409 408 1068 -1 1064 1065 405 404 -1 94 93 753 754 -1 1073 1074 414 413 -1 1066 1067 407 406 -1 1067 1068 408 407 -1 1134 1135 475 474 -1 1055 1056 396 395 -1 1060 1061 401 400 -1 1056 1057 397 396 -1 56 55 715 716 -1 1074 1075 415 414 -1 1058 1059 399 398 -1 1059 1060 400 399 -1 122 121 781 782 -1 1075 1076 416 415 -1 1052 1053 393 392 -1 1076 1077 417 416 -1 125 124 784 785 -1 1016 1017 357 356 -1 1078 1079 419 418 -1 1079 1052 392 419 -1 1054 1055 395 394 -1 1061 1062 402 401 -1 1112 1113 453 452 -1 520 1180 1181 521 -1 105 104 764 765 -1 1258 1259 599 598 -1 1269 609 608 1268 -1 1267 1268 608 607 -1 101 100 760 761 -1 1259 1260 600 599 -1 1264 1265 605 604 -1 1260 1261 601 600 -1 113 112 772 773 -1 1269 1270 610 609 -1 1262 1263 603 602 -1 1263 1264 604 603 -1 1266 1267 607 606 -1 1251 1252 592 591 -1 1256 1257 597 596 -1 1252 1253 593 592 -1 74 73 733 734 -1 1270 1271 611 610 -1 1254 1255 595 594 -1 1255 1256 596 595 -1 109 108 768 769 -1 1271 1272 612 611 -1 1248 1249 589 588 -1 1272 1273 613 612 -1 57 56 716 717 -1 1008 1009 349 348 -1 1274 1275 615 614 -1 1275 1248 588 615 -1 1250 1251 591 590 -1 1257 1258 598 597 -1 620 1280 1281 621 -1 619 1279 1280 620 -1 110 109 769 770 -1 629 1289 1290 630 -1 617 1277 1278 618 -1 616 1276 1277 617 -1 90 89 749 750 -1 628 1288 1289 629 -1 623 1283 1284 624 -1 627 1287 1288 628 -1 131 130 790 791 -1 1009 1010 350 349 -1 625 1285 1286 626 -1 624 1284 1285 625 -1 621 1281 1282 622 -1 636 1296 1297 637 -1 631 1291 1292 632 -1 635 1295 1296 636 -1 35 34 694 695 -1 1010 1011 351 350 -1 633 1293 1294 634 -1 632 1292 1293 633 -1 30 29 689 690 -1 1011 1012 352 351 -1 639 1299 1300 640 -1 1013 353 352 1012 -1 659 658 1318 1319 -1 1017 1018 358 357 -1 641 1301 1302 642 -1 640 1300 1301 641 -1 637 1297 1298 638 -1 630 1290 1291 631 -1 616 643 1303 1276 -1 1004 1005 345 344 -1 40 39 699 700 -1 1022 1023 363 362 -1 1006 1007 347 346 -1 1003 1004 344 343 -1 649 648 1308 1309 -1 1023 996 336 363 -1 1000 1001 341 340 -1 996 997 337 336 -1 91 90 750 751 -1 1019 1020 360 359 -1 998 999 339 338 -1 999 1000 340 339 -1 1002 1003 343 342 -1 99 98 758 759 -1 1020 1021 361 360 -1 1021 1022 362 361 -1 1018 1019 359 358 -1 1007 1008 348 347 -1 1070 1071 411 410 -1 905 906 246 245 -1 812 813 153 152 -1 814 813 745 744 -1 "
						                >
							<Coordinate DEF="coords_ME_PCB_Test"
							            point="0.006066 -0.021918 0.000799 0.006099 -0.021922 0.000799 0.006131 -0.021933 0.000799 0.006159 -0.021951 0.000799 0.006183 -0.021975 0.000799 0.006201 -0.022003 0.000799 0.006212 -0.022035 0.000799 0.006216 -0.022069 0.000799 0.006212 -0.022102 0.000799 0.006201 -0.022134 0.000799 0.006183 -0.022162 0.000799 0.006159 -0.022186 0.000799 0.006131 -0.022204 0.000799 0.006099 -0.022215 0.000799 0.006066 -0.022218 0.000799 0.006033 -0.022215 0.000799 0.006001 -0.022204 0.000799 0.005972 -0.022186 0.000799 0.005949 -0.022162 0.000799 0.005931 -0.022134 0.000799 0.005920 -0.022102 0.000799 0.005916 -0.022069 0.000799 0.005920 -0.022035 0.000799 0.005931 -0.022003 0.000799 0.005949 -0.021975 0.000799 0.005972 -0.021951 0.000799 0.006001 -0.021933 0.000799 0.006033 -0.021922 0.000799 0.030330 -0.027377 0.000799 0.030708 -0.027159 0.000799 0.031065 -0.026909 0.000799 0.031400 -0.026628 0.000799 0.031708 -0.026320 0.000799 0.031989 -0.025985 0.000799 0.032239 -0.025628 0.000799 0.032457 -0.025250 0.000799 0.032642 -0.024854 0.000799 0.032791 -0.024444 0.000799 0.032904 -0.024023 0.000799 0.032980 -0.023593 0.000799 0.033018 -0.023158 0.000799 0.033020 -0.022940 0.000799 0.033020 -0.005000 0.000799 0.033018 -0.004782 0.000799 0.032980 -0.004347 0.000799 0.032904 -0.003917 0.000799 0.032791 -0.003496 0.000799 0.032642 -0.003086 0.000799 0.032457 -0.002690 0.000799 0.032239 -0.002312 0.000799 0.031989 -0.001955 0.000799 0.031708 -0.001620 0.000799 0.031400 -0.001312 0.000799 0.031065 -0.001031 0.000799 0.030708 -0.000781 0.000799 0.030330 -0.000563 0.000799 0.029934 -0.000378 0.000799 0.029524 -0.000229 0.000799 0.029103 -0.000116 0.000799 0.028673 -0.000040 0.000799 0.028238 -0.000002 0.000799 0.028020 0.000000 0.000799 0.005000 0.000000 0.000799 0.004782 -0.000002 0.000799 0.004347 -0.000040 0.000799 0.003917 -0.000116 0.000799 0.003496 -0.000229 0.000799 0.003086 -0.000378 0.000799 0.002690 -0.000563 0.000799 0.002312 -0.000781 0.000799 0.001955 -0.001031 0.000799 0.001620 -0.001312 0.000799 0.001312 -0.001620 0.000799 0.001031 -0.001955 0.000799 0.000781 -0.002312 0.000799 0.000563 -0.002690 0.000799 0.000378 -0.003086 0.000799 0.000229 -0.003496 0.000799 0.000116 -0.003917 0.000799 0.000040 -0.004347 0.000799 0.000002 -0.004782 0.000799 0.000000 -0.005000 0.000799 0.000000 -0.022940 0.000799 0.000002 -0.023158 0.000799 0.000040 -0.023593 0.000799 0.000116 -0.024023 0.000799 0.000229 -0.024444 0.000799 0.000378 -0.024854 0.000799 0.000563 -0.025250 0.000799 0.000781 -0.025628 0.000799 0.001031 -0.025985 0.000799 0.001312 -0.026320 0.000799 0.001620 -0.026628 0.000799 0.001955 -0.026909 0.000799 0.002312 -0.027159 0.000799 0.002690 -0.027377 0.000799 0.003086 -0.027562 0.000799 0.003496 -0.027711 0.000799 0.003917 -0.027824 0.000799 0.004347 -0.027900 0.000799 0.004782 -0.027938 0.000799 0.005000 -0.027940 0.000799 0.028020 -0.027940 0.000799 0.028238 -0.027938 0.000799 0.028673 -0.027900 0.000799 0.029103 -0.027824 0.000799 0.029524 -0.027711 0.000799 0.029934 -0.027562 0.000799 0.030175 -0.003810 0.000799 0.030053 -0.004422 0.000799 0.029706 -0.004941 0.000799 0.029187 -0.005288 0.000799 0.028575 -0.005410 0.000799 0.027963 -0.005288 0.000799 0.027444 -0.004941 0.000799 0.027097 -0.004422 0.000799 0.026975 -0.003810 0.000799 0.027097 -0.003198 0.000799 0.027444 -0.002679 0.000799 0.027963 -0.002332 0.000799 0.028575 -0.002210 0.000799 0.029187 -0.002332 0.000799 0.029706 -0.002679 0.000799 0.030053 -0.003198 0.000799 0.002845 -0.003810 0.000799 0.002967 -0.003198 0.000799 0.003314 -0.002679 0.000799 0.003833 -0.002332 0.000799 0.004445 -0.002210 0.000799 0.005057 -0.002332 0.000799 0.005576 -0.002679 0.000799 0.005923 -0.003198 0.000799 0.006045 -0.003810 0.000799 0.005923 -0.004422 0.000799 0.005576 -0.004941 0.000799 0.005057 -0.005288 0.000799 0.004445 -0.005410 0.000799 0.003833 -0.005288 0.000799 0.003314 -0.004941 0.000799 0.002967 -0.004422 0.000799 0.003892 -0.023495 0.000799 0.003888 -0.023528 0.000799 0.003877 -0.023560 0.000799 0.003859 -0.023589 0.000799 0.003836 -0.023612 0.000799 0.003807 -0.023630 0.000799 0.003776 -0.023641 0.000799 0.003742 -0.023645 0.000799 0.003709 -0.023641 0.000799 0.003677 -0.023630 0.000799 0.003649 -0.023612 0.000799 0.003625 -0.023589 0.000799 0.003607 -0.023560 0.000799 0.003596 -0.023528 0.000799 0.003592 -0.023495 0.000799 0.003596 -0.023462 0.000799 0.003607 -0.023430 0.000799 0.003625 -0.023401 0.000799 0.003649 -0.023378 0.000799 0.003677 -0.023360 0.000799 0.003709 -0.023349 0.000799 0.003742 -0.023345 0.000799 0.003776 -0.023349 0.000799 0.003807 -0.023360 0.000799 0.003836 -0.023378 0.000799 0.003859 -0.023401 0.000799 0.003877 -0.023430 0.000799 0.003888 -0.023462 0.000799 0.026975 -0.014890 0.000799 0.027008 -0.014886 0.000799 0.027042 -0.014890 0.000799 0.027073 -0.014901 0.000799 0.027102 -0.014919 0.000799 0.027126 -0.014943 0.000799 0.027143 -0.014971 0.000799 0.027155 -0.015003 0.000799 0.027158 -0.015036 0.000799 0.027155 -0.015070 0.000799 0.027143 -0.015101 0.000799 0.027126 -0.015130 0.000799 0.027102 -0.015154 0.000799 0.027073 -0.015172 0.000799 0.027042 -0.015183 0.000799 0.027008 -0.015186 0.000799 0.026975 -0.015183 0.000799 0.026943 -0.015172 0.000799 0.026915 -0.015154 0.000799 0.026891 -0.015130 0.000799 0.026873 -0.015101 0.000799 0.026862 -0.015070 0.000799 0.026858 -0.015036 0.000799 0.026862 -0.015003 0.000799 0.026873 -0.014971 0.000799 0.026891 -0.014943 0.000799 0.026915 -0.014919 0.000799 0.026943 -0.014901 0.000799 0.025978 -0.012174 0.000799 0.025974 -0.012207 0.000799 0.025963 -0.012239 0.000799 0.025945 -0.012267 0.000799 0.025921 -0.012291 0.000799 0.025893 -0.012309 0.000799 0.025861 -0.012320 0.000799 0.025828 -0.012324 0.000799 0.025795 -0.012320 0.000799 0.025763 -0.012309 0.000799 0.025734 -0.012291 0.000799 0.025711 -0.012267 0.000799 0.025693 -0.012239 0.000799 0.025682 -0.012207 0.000799 0.025678 -0.012174 0.000799 0.025682 -0.012140 0.000799 0.025693 -0.012109 0.000799 0.025711 -0.012080 0.000799 0.025734 -0.012057 0.000799 0.025763 -0.012039 0.000799 0.025795 -0.012028 0.000799 0.025828 -0.012024 0.000799 0.025861 -0.012028 0.000799 0.025893 -0.012039 0.000799 0.025921 -0.012057 0.000799 0.025945 -0.012080 0.000799 0.025963 -0.012109 0.000799 0.025974 -0.012140 0.000799 0.026288 -0.022144 0.000799 0.026292 -0.022110 0.000799 0.026303 -0.022078 0.000799 0.026321 -0.022050 0.000799 0.026345 -0.022026 0.000799 0.026373 -0.022008 0.000799 0.026405 -0.021997 0.000799 0.026438 -0.021994 0.000799 0.026472 -0.021997 0.000799 0.026504 -0.022008 0.000799 0.026532 -0.022026 0.000799 0.026556 -0.022050 0.000799 0.026574 -0.022078 0.000799 0.026585 -0.022110 0.000799 0.026588 -0.022144 0.000799 0.026585 -0.022177 0.000799 0.026574 -0.022209 0.000799 0.026556 -0.022237 0.000799 0.026532 -0.022261 0.000799 0.026504 -0.022279 0.000799 0.026472 -0.022290 0.000799 0.026438 -0.022294 0.000799 0.026405 -0.022290 0.000799 0.026373 -0.022279 0.000799 0.026345 -0.022261 0.000799 0.026321 -0.022237 0.000799 0.026303 -0.022209 0.000799 0.026292 -0.022177 0.000799 0.005266 -0.023338 0.000799 0.005262 -0.023372 0.000799 0.005251 -0.023404 0.000799 0.005233 -0.023432 0.000799 0.005209 -0.023456 0.000799 0.005181 -0.023474 0.000799 0.005149 -0.023485 0.000799 0.005116 -0.023488 0.000799 0.005083 -0.023485 0.000799 0.005051 -0.023474 0.000799 0.005022 -0.023456 0.000799 0.004999 -0.023432 0.000799 0.004981 -0.023404 0.000799 0.004970 -0.023372 0.000799 0.004966 -0.023338 0.000799 0.004970 -0.023305 0.000799 0.004981 -0.023273 0.000799 0.004999 -0.023245 0.000799 0.005022 -0.023221 0.000799 0.005051 -0.023203 0.000799 0.005083 -0.023192 0.000799 0.005116 -0.023188 0.000799 0.005149 -0.023192 0.000799 0.005181 -0.023203 0.000799 0.005209 -0.023221 0.000799 0.005233 -0.023245 0.000799 0.005251 -0.023273 0.000799 0.005262 -0.023305 0.000799 0.007692 -0.010358 0.000799 0.007723 -0.010347 0.000799 0.007757 -0.010343 0.000799 0.007790 -0.010347 0.000799 0.007822 -0.010358 0.000799 0.007850 -0.010376 0.000799 0.007874 -0.010399 0.000799 0.007892 -0.010428 0.000799 0.007903 -0.010460 0.000799 0.007907 -0.010493 0.000799 0.007903 -0.010526 0.000799 0.007892 -0.010558 0.000799 0.007874 -0.010587 0.000799 0.007850 -0.010610 0.000799 0.007822 -0.010628 0.000799 0.007790 -0.010639 0.000799 0.007757 -0.010643 0.000799 0.007723 -0.010639 0.000799 0.007692 -0.010628 0.000799 0.007663 -0.010610 0.000799 0.007640 -0.010587 0.000799 0.007622 -0.010558 0.000799 0.007611 -0.010526 0.000799 0.007607 -0.010493 0.000799 0.007611 -0.010460 0.000799 0.007622 -0.010428 0.000799 0.007640 -0.010399 0.000799 0.007663 -0.010376 0.000799 0.007678 -0.009410 0.000799 0.007674 -0.009444 0.000799 0.007663 -0.009475 0.000799 0.007645 -0.009504 0.000799 0.007622 -0.009528 0.000799 0.007593 -0.009546 0.000799 0.007561 -0.009557 0.000799 0.007528 -0.009560 0.000799 0.007495 -0.009557 0.000799 0.007463 -0.009546 0.000799 0.007435 -0.009528 0.000799 0.007411 -0.009504 0.000799 0.007393 -0.009475 0.000799 0.007382 -0.009444 0.000799 0.007378 -0.009410 0.000799 0.007382 -0.009377 0.000799 0.007393 -0.009345 0.000799 0.007411 -0.009317 0.000799 0.007435 -0.009293 0.000799 0.007463 -0.009275 0.000799 0.007495 -0.009264 0.000799 0.007528 -0.009260 0.000799 0.007561 -0.009264 0.000799 0.007593 -0.009275 0.000799 0.007622 -0.009293 0.000799 0.007645 -0.009317 0.000799 0.007663 -0.009345 0.000799 0.007674 -0.009377 0.000799 0.011915 -0.006985 0.000799 0.011919 -0.006952 0.000799 0.011930 -0.006920 0.000799 0.011948 -0.006891 0.000799 0.011971 -0.006868 0.000799 0.012000 -0.006850 0.000799 0.012032 -0.006839 0.000799 0.012065 -0.006835 0.000799 0.012098 -0.006839 0.000799 0.012130 -0.006850 0.000799 0.012159 -0.006868 0.000799 0.012182 -0.006891 0.000799 0.012200 -0.006920 0.000799 0.012211 -0.006952 0.000799 0.012215 -0.006985 0.000799 0.012211 -0.007018 0.000799 0.012200 -0.007050 0.000799 0.012182 -0.007079 0.000799 0.012159 -0.007102 0.000799 0.012130 -0.007120 0.000799 0.012098 -0.007131 0.000799 0.012065 -0.007135 0.000799 0.012032 -0.007131 0.000799 0.012000 -0.007120 0.000799 0.011971 -0.007102 0.000799 0.011948 -0.007079 0.000799 0.011930 -0.007050 0.000799 0.011919 -0.007018 0.000799 0.008067 -0.012293 0.000799 0.008063 -0.012326 0.000799 0.008052 -0.012358 0.000799 0.008034 -0.012387 0.000799 0.008010 -0.012410 0.000799 0.007982 -0.012428 0.000799 0.007950 -0.012439 0.000799 0.007917 -0.012443 0.000799 0.007883 -0.012439 0.000799 0.007852 -0.012428 0.000799 0.007823 -0.012410 0.000799 0.007799 -0.012387 0.000799 0.007782 -0.012358 0.000799 0.007770 -0.012326 0.000799 0.007767 -0.012293 0.000799 0.007770 -0.012260 0.000799 0.007782 -0.012228 0.000799 0.007799 -0.012199 0.000799 0.007823 -0.012176 0.000799 0.007852 -0.012158 0.000799 0.007883 -0.012147 0.000799 0.007917 -0.012143 0.000799 0.007950 -0.012147 0.000799 0.007982 -0.012158 0.000799 0.008010 -0.012176 0.000799 0.008034 -0.012199 0.000799 0.008052 -0.012228 0.000799 0.008063 -0.012260 0.000799 0.010259 -0.024746 0.000799 0.010263 -0.024712 0.000799 0.010274 -0.024680 0.000799 0.010292 -0.024652 0.000799 0.010316 -0.024628 0.000799 0.010344 -0.024610 0.000799 0.010376 -0.024599 0.000799 0.010409 -0.024596 0.000799 0.010443 -0.024599 0.000799 0.010474 -0.024610 0.000799 0.010503 -0.024628 0.000799 0.010527 -0.024652 0.000799 0.010544 -0.024680 0.000799 0.010556 -0.024712 0.000799 0.010559 -0.024746 0.000799 0.010556 -0.024779 0.000799 0.010544 -0.024811 0.000799 0.010527 -0.024839 0.000799 0.010503 -0.024863 0.000799 0.010474 -0.024881 0.000799 0.010443 -0.024892 0.000799 0.010409 -0.024895 0.000799 0.010376 -0.024892 0.000799 0.010344 -0.024881 0.000799 0.010316 -0.024863 0.000799 0.010292 -0.024839 0.000799 0.010274 -0.024811 0.000799 0.010263 -0.024779 0.000799 0.024302 -0.015920 0.000799 0.024305 -0.015886 0.000799 0.024317 -0.015855 0.000799 0.024334 -0.015826 0.000799 0.024358 -0.015802 0.000799 0.024387 -0.015785 0.000799 0.024418 -0.015773 0.000799 0.024452 -0.015770 0.000799 0.024485 -0.015773 0.000799 0.024517 -0.015785 0.000799 0.024545 -0.015802 0.000799 0.024569 -0.015826 0.000799 0.024587 -0.015855 0.000799 0.024598 -0.015886 0.000799 0.024602 -0.015920 0.000799 0.024598 -0.015953 0.000799 0.024587 -0.015985 0.000799 0.024569 -0.016013 0.000799 0.024545 -0.016037 0.000799 0.024517 -0.016055 0.000799 0.024485 -0.016066 0.000799 0.024452 -0.016070 0.000799 0.024418 -0.016066 0.000799 0.024387 -0.016055 0.000799 0.024358 -0.016037 0.000799 0.024334 -0.016013 0.000799 0.024317 -0.015985 0.000799 0.024305 -0.015953 0.000799 0.028818 -0.009749 0.000799 0.028822 -0.009716 0.000799 0.028833 -0.009684 0.000799 0.028851 -0.009655 0.000799 0.028875 -0.009632 0.000799 0.028903 -0.009614 0.000799 0.028935 -0.009603 0.000799 0.028968 -0.009599 0.000799 0.029002 -0.009603 0.000799 0.029033 -0.009614 0.000799 0.029062 -0.009632 0.000799 0.029085 -0.009655 0.000799 0.029103 -0.009684 0.000799 0.029114 -0.009716 0.000799 0.029118 -0.009749 0.000799 0.029114 -0.009782 0.000799 0.029103 -0.009814 0.000799 0.029085 -0.009843 0.000799 0.029062 -0.009866 0.000799 0.029033 -0.009884 0.000799 0.029002 -0.009895 0.000799 0.028968 -0.009899 0.000799 0.028935 -0.009895 0.000799 0.028903 -0.009884 0.000799 0.028875 -0.009866 0.000799 0.028851 -0.009843 0.000799 0.028833 -0.009814 0.000799 0.028822 -0.009782 0.000799 0.028710 -0.018299 0.000799 0.028714 -0.018266 0.000799 0.028725 -0.018234 0.000799 0.028743 -0.018206 0.000799 0.028766 -0.018182 0.000799 0.028795 -0.018164 0.000799 0.028826 -0.018153 0.000799 0.028860 -0.018149 0.000799 0.028893 -0.018153 0.000799 0.028925 -0.018164 0.000799 0.028953 -0.018182 0.000799 0.028977 -0.018206 0.000799 0.028995 -0.018234 0.000799 0.029006 -0.018266 0.000799 0.029010 -0.018299 0.000799 0.029006 -0.018333 0.000799 0.028995 -0.018364 0.000799 0.028977 -0.018393 0.000799 0.028953 -0.018417 0.000799 0.028925 -0.018435 0.000799 0.028893 -0.018446 0.000799 0.028860 -0.018449 0.000799 0.028826 -0.018446 0.000799 0.028795 -0.018435 0.000799 0.028766 -0.018417 0.000799 0.028743 -0.018393 0.000799 0.028725 -0.018364 0.000799 0.028714 -0.018333 0.000799 0.028677 -0.023091 0.000799 0.028711 -0.023087 0.000799 0.028744 -0.023091 0.000799 0.028776 -0.023102 0.000799 0.028804 -0.023120 0.000799 0.028828 -0.023144 0.000799 0.028846 -0.023172 0.000799 0.028857 -0.023204 0.000799 0.028861 -0.023237 0.000799 0.028857 -0.023271 0.000799 0.028846 -0.023302 0.000799 0.028828 -0.023331 0.000799 0.028804 -0.023355 0.000799 0.028776 -0.023373 0.000799 0.028744 -0.023384 0.000799 0.028711 -0.023387 0.000799 0.028677 -0.023384 0.000799 0.028646 -0.023373 0.000799 0.028617 -0.023355 0.000799 0.028593 -0.023331 0.000799 0.028575 -0.023302 0.000799 0.028564 -0.023271 0.000799 0.028561 -0.023237 0.000799 0.028564 -0.023204 0.000799 0.028575 -0.023172 0.000799 0.028593 -0.023144 0.000799 0.028617 -0.023120 0.000799 0.028646 -0.023102 0.000799 0.003456 -0.018191 0.000799 0.003452 -0.018224 0.000799 0.003441 -0.018256 0.000799 0.003423 -0.018285 0.000799 0.003400 -0.018308 0.000799 0.003371 -0.018326 0.000799 0.003340 -0.018337 0.000799 0.003306 -0.018341 0.000799 0.003273 -0.018337 0.000799 0.003241 -0.018326 0.000799 0.003213 -0.018308 0.000799 0.003189 -0.018285 0.000799 0.003171 -0.018256 0.000799 0.003160 -0.018224 0.000799 0.003156 -0.018191 0.000799 0.003160 -0.018158 0.000799 0.003171 -0.018126 0.000799 0.003189 -0.018097 0.000799 0.003213 -0.018074 0.000799 0.003241 -0.018056 0.000799 0.003273 -0.018045 0.000799 0.003306 -0.018041 0.000799 0.003340 -0.018045 0.000799 0.003371 -0.018056 0.000799 0.003400 -0.018074 0.000799 0.003423 -0.018097 0.000799 0.003441 -0.018126 0.000799 0.003452 -0.018158 0.000799 0.007660 -0.015377 0.000799 0.007664 -0.015344 0.000799 0.007675 -0.015312 0.000799 0.007693 -0.015283 0.000799 0.007717 -0.015260 0.000799 0.007745 -0.015242 0.000799 0.007777 -0.015231 0.000799 0.007810 -0.015227 0.000799 0.007843 -0.015231 0.000799 0.007875 -0.015242 0.000799 0.007904 -0.015260 0.000799 0.007927 -0.015283 0.000799 0.007945 -0.015312 0.000799 0.007956 -0.015344 0.000799 0.007960 -0.015377 0.000799 0.007956 -0.015410 0.000799 0.007945 -0.015442 0.000799 0.007927 -0.015471 0.000799 0.007904 -0.015494 0.000799 0.007875 -0.015512 0.000799 0.007843 -0.015523 0.000799 0.007810 -0.015527 0.000799 0.007777 -0.015523 0.000799 0.007745 -0.015512 0.000799 0.007717 -0.015494 0.000799 0.007693 -0.015471 0.000799 0.007675 -0.015442 0.000799 0.007664 -0.015410 0.000799 0.022878 -0.009279 0.000799 0.022882 -0.009246 0.000799 0.022893 -0.009214 0.000799 0.022911 -0.009186 0.000799 0.022935 -0.009162 0.000799 0.022963 -0.009144 0.000799 0.022995 -0.009133 0.000799 0.023028 -0.009129 0.000799 0.023062 -0.009133 0.000799 0.023093 -0.009144 0.000799 0.023122 -0.009162 0.000799 0.023146 -0.009186 0.000799 0.023163 -0.009214 0.000799 0.023175 -0.009246 0.000799 0.023178 -0.009279 0.000799 0.023175 -0.009313 0.000799 0.023163 -0.009344 0.000799 0.023146 -0.009373 0.000799 0.023122 -0.009397 0.000799 0.023093 -0.009415 0.000799 0.023062 -0.009426 0.000799 0.023028 -0.009429 0.000799 0.022995 -0.009426 0.000799 0.022963 -0.009415 0.000799 0.022935 -0.009397 0.000799 0.022911 -0.009373 0.000799 0.022893 -0.009344 0.000799 0.022882 -0.009313 0.000799 0.015544 -0.009805 0.000799 0.015520 -0.009829 0.000799 0.015492 -0.009847 0.000799 0.015460 -0.009858 0.000799 0.015427 -0.009861 0.000799 0.015393 -0.009858 0.000799 0.015362 -0.009847 0.000799 0.015333 -0.009829 0.000799 0.015309 -0.009805 0.000799 0.015291 -0.009777 0.000799 0.015280 -0.009745 0.000799 0.015277 -0.009711 0.000799 0.015280 -0.009678 0.000799 0.015291 -0.009646 0.000799 0.015309 -0.009618 0.000799 0.015333 -0.009594 0.000799 0.015362 -0.009576 0.000799 0.015393 -0.009565 0.000799 0.015427 -0.009561 0.000799 0.015460 -0.009565 0.000799 0.015492 -0.009576 0.000799 0.015520 -0.009594 0.000799 0.015544 -0.009618 0.000799 0.015562 -0.009646 0.000799 0.015573 -0.009678 0.000799 0.015577 -0.009711 0.000799 0.015573 -0.009745 0.000799 0.015562 -0.009777 0.000799 0.015545 -0.024130 0.000799 0.015667 -0.023518 0.000799 0.016014 -0.022999 0.000799 0.016533 -0.022652 0.000799 0.017145 -0.022530 0.000799 0.017757 -0.022652 0.000799 0.018276 -0.022999 0.000799 0.018623 -0.023518 0.000799 0.018745 -0.024130 0.000799 0.018623 -0.024742 0.000799 0.018276 -0.025261 0.000799 0.017757 -0.025608 0.000799 0.017145 -0.025730 0.000799 0.016533 -0.025608 0.000799 0.016014 -0.025261 0.000799 0.015667 -0.024742 0.000799 0.006066 -0.021918 -0.000799 0.006099 -0.021922 -0.000799 0.006131 -0.021933 -0.000799 0.006159 -0.021951 -0.000799 0.006183 -0.021975 -0.000799 0.006201 -0.022003 -0.000799 0.006212 -0.022035 -0.000799 0.006216 -0.022069 -0.000799 0.006212 -0.022102 -0.000799 0.006201 -0.022134 -0.000799 0.006183 -0.022162 -0.000799 0.006159 -0.022186 -0.000799 0.006131 -0.022204 -0.000799 0.006099 -0.022215 -0.000799 0.006066 -0.022218 -0.000799 0.006033 -0.022215 -0.000799 0.006001 -0.022204 -0.000799 0.005972 -0.022186 -0.000799 0.005949 -0.022162 -0.000799 0.005931 -0.022134 -0.000799 0.005920 -0.022102 -0.000799 0.005916 -0.022069 -0.000799 0.005920 -0.022035 -0.000799 0.005931 -0.022003 -0.000799 0.005949 -0.021975 -0.000799 0.005972 -0.021951 -0.000799 0.006001 -0.021933 -0.000799 0.006033 -0.021922 -0.000799 0.030330 -0.027377 -0.000799 0.030708 -0.027159 -0.000799 0.031065 -0.026909 -0.000799 0.031400 -0.026628 -0.000799 0.031708 -0.026320 -0.000799 0.031989 -0.025985 -0.000799 0.032239 -0.025628 -0.000799 0.032457 -0.025250 -0.000799 0.032642 -0.024854 -0.000799 0.032791 -0.024444 -0.000799 0.032904 -0.024023 -0.000799 0.032980 -0.023593 -0.000799 0.033018 -0.023158 -0.000799 0.033020 -0.022940 -0.000799 0.033020 -0.005000 -0.000799 0.033018 -0.004782 -0.000799 0.032980 -0.004347 -0.000799 0.032904 -0.003917 -0.000799 0.032791 -0.003496 -0.000799 0.032642 -0.003086 -0.000799 0.032457 -0.002690 -0.000799 0.032239 -0.002312 -0.000799 0.031989 -0.001955 -0.000799 0.031708 -0.001620 -0.000799 0.031400 -0.001312 -0.000799 0.031065 -0.001031 -0.000799 0.030708 -0.000781 -0.000799 0.030330 -0.000563 -0.000799 0.029934 -0.000378 -0.000799 0.029524 -0.000229 -0.000799 0.029103 -0.000116 -0.000799 0.028673 -0.000040 -0.000799 0.028238 -0.000002 -0.000799 0.028020 0.000000 -0.000799 0.005000 0.000000 -0.000799 0.004782 -0.000002 -0.000799 0.004347 -0.000040 -0.000799 0.003917 -0.000116 -0.000799 0.003496 -0.000229 -0.000799 0.003086 -0.000378 -0.000799 0.002690 -0.000563 -0.000799 0.002312 -0.000781 -0.000799 0.001955 -0.001031 -0.000799 0.001620 -0.001312 -0.000799 0.001312 -0.001620 -0.000799 0.001031 -0.001955 -0.000799 0.000781 -0.002312 -0.000799 0.000563 -0.002690 -0.000799 0.000378 -0.003086 -0.000799 0.000229 -0.003496 -0.000799 0.000116 -0.003917 -0.000799 0.000040 -0.004347 -0.000799 0.000002 -0.004782 -0.000799 0.000000 -0.005000 -0.000799 0.000000 -0.022940 -0.000799 0.000002 -0.023158 -0.000799 0.000040 -0.023593 -0.000799 0.000116 -0.024023 -0.000799 0.000229 -0.024444 -0.000799 0.000378 -0.024854 -0.000799 0.000563 -0.025250 -0.000799 0.000781 -0.025628 -0.000799 0.001031 -0.025985 -0.000799 0.001312 -0.026320 -0.000799 0.001620 -0.026628 -0.000799 0.001955 -0.026909 -0.000799 0.002312 -0.027159 -0.000799 0.002690 -0.027377 -0.000799 0.003086 -0.027562 -0.000799 0.003496 -0.027711 -0.000799 0.003917 -0.027824 -0.000799 0.004347 -0.027900 -0.000799 0.004782 -0.027938 -0.000799 0.005000 -0.027940 -0.000799 0.028020 -0.027940 -0.000799 0.028238 -0.027938 -0.000799 0.028673 -0.027900 -0.000799 0.029103 -0.027824 -0.000799 0.029524 -0.027711 -0.000799 0.029934 -0.027562 -0.000799 0.030175 -0.003810 -0.000799 0.030053 -0.004422 -0.000799 0.029706 -0.004941 -0.000799 0.029187 -0.005288 -0.000799 0.028575 -0.005410 -0.000799 0.027963 -0.005288 -0.000799 0.027444 -0.004941 -0.000799 0.027097 -0.004422 -0.000799 0.026975 -0.003810 -0.000799 0.027097 -0.003198 -0.000799 0.027444 -0.002679 -0.000799 0.027963 -0.002332 -0.000799 0.028575 -0.002210 -0.000799 0.029187 -0.002332 -0.000799 0.029706 -0.002679 -0.000799 0.030053 -0.003198 -0.000799 0.002845 -0.003810 -0.000799 0.002967 -0.003198 -0.000799 0.003314 -0.002679 -0.000799 0.003833 -0.002332 -0.000799 0.004445 -0.002210 -0.000799 0.005057 -0.002332 -0.000799 0.005576 -0.002679 -0.000799 0.005923 -0.003198 -0.000799 0.006045 -0.003810 -0.000799 0.005923 -0.004422 -0.000799 0.005576 -0.004941 -0.000799 0.005057 -0.005288 -0.000799 0.004445 -0.005410 -0.000799 0.003833 -0.005288 -0.000799 0.003314 -0.004941 -0.000799 0.002967 -0.004422 -0.000799 0.003892 -0.023495 -0.000799 0.003888 -0.023528 -0.000799 0.003877 -0.023560 -0.000799 0.003859 -0.023589 -0.000799 0.003836 -0.023612 -0.000799 0.003807 -0.023630 -0.000799 0.003776 -0.023641 -0.000799 0.003742 -0.023645 -0.000799 0.003709 -0.023641 -0.000799 0.003677 -0.023630 -0.000799 0.003649 -0.023612 -0.000799 0.003625 -0.023589 -0.000799 0.003607 -0.023560 -0.000799 0.003596 -0.023528 -0.000799 0.003592 -0.023495 -0.000799 0.003596 -0.023462 -0.000799 0.003607 -0.023430 -0.000799 0.003625 -0.023401 -0.000799 0.003649 -0.023378 -0.000799 0.003677 -0.023360 -0.000799 0.003709 -0.023349 -0.000799 0.003742 -0.023345 -0.000799 0.003776 -0.023349 -0.000799 0.003807 -0.023360 -0.000799 0.003836 -0.023378 -0.000799 0.003859 -0.023401 -0.000799 0.003877 -0.023430 -0.000799 0.003888 -0.023462 -0.000799 0.026975 -0.014890 -0.000799 0.027008 -0.014886 -0.000799 0.027042 -0.014890 -0.000799 0.027073 -0.014901 -0.000799 0.027102 -0.014919 -0.000799 0.027126 -0.014943 -0.000799 0.027143 -0.014971 -0.000799 0.027155 -0.015003 -0.000799 0.027158 -0.015036 -0.000799 0.027155 -0.015070 -0.000799 0.027143 -0.015101 -0.000799 0.027126 -0.015130 -0.000799 0.027102 -0.015154 -0.000799 0.027073 -0.015172 -0.000799 0.027042 -0.015183 -0.000799 0.027008 -0.015186 -0.000799 0.026975 -0.015183 -0.000799 0.026943 -0.015172 -0.000799 0.026915 -0.015154 -0.000799 0.026891 -0.015130 -0.000799 0.026873 -0.015101 -0.000799 0.026862 -0.015070 -0.000799 0.026858 -0.015036 -0.000799 0.026862 -0.015003 -0.000799 0.026873 -0.014971 -0.000799 0.026891 -0.014943 -0.000799 0.026915 -0.014919 -0.000799 0.026943 -0.014901 -0.000799 0.025978 -0.012174 -0.000799 0.025974 -0.012207 -0.000799 0.025963 -0.012239 -0.000799 0.025945 -0.012267 -0.000799 0.025921 -0.012291 -0.000799 0.025893 -0.012309 -0.000799 0.025861 -0.012320 -0.000799 0.025828 -0.012324 -0.000799 0.025795 -0.012320 -0.000799 0.025763 -0.012309 -0.000799 0.025734 -0.012291 -0.000799 0.025711 -0.012267 -0.000799 0.025693 -0.012239 -0.000799 0.025682 -0.012207 -0.000799 0.025678 -0.012174 -0.000799 0.025682 -0.012140 -0.000799 0.025693 -0.012109 -0.000799 0.025711 -0.012080 -0.000799 0.025734 -0.012057 -0.000799 0.025763 -0.012039 -0.000799 0.025795 -0.012028 -0.000799 0.025828 -0.012024 -0.000799 0.025861 -0.012028 -0.000799 0.025893 -0.012039 -0.000799 0.025921 -0.012057 -0.000799 0.025945 -0.012080 -0.000799 0.025963 -0.012109 -0.000799 0.025974 -0.012140 -0.000799 0.026288 -0.022144 -0.000799 0.026292 -0.022110 -0.000799 0.026303 -0.022078 -0.000799 0.026321 -0.022050 -0.000799 0.026345 -0.022026 -0.000799 0.026373 -0.022008 -0.000799 0.026405 -0.021997 -0.000799 0.026438 -0.021994 -0.000799 0.026472 -0.021997 -0.000799 0.026504 -0.022008 -0.000799 0.026532 -0.022026 -0.000799 0.026556 -0.022050 -0.000799 0.026574 -0.022078 -0.000799 0.026585 -0.022110 -0.000799 0.026588 -0.022144 -0.000799 0.026585 -0.022177 -0.000799 0.026574 -0.022209 -0.000799 0.026556 -0.022237 -0.000799 0.026532 -0.022261 -0.000799 0.026504 -0.022279 -0.000799 0.026472 -0.022290 -0.000799 0.026438 -0.022294 -0.000799 0.026405 -0.022290 -0.000799 0.026373 -0.022279 -0.000799 0.026345 -0.022261 -0.000799 0.026321 -0.022237 -0.000799 0.026303 -0.022209 -0.000799 0.026292 -0.022177 -0.000799 0.005266 -0.023338 -0.000799 0.005262 -0.023372 -0.000799 0.005251 -0.023404 -0.000799 0.005233 -0.023432 -0.000799 0.005209 -0.023456 -0.000799 0.005181 -0.023474 -0.000799 0.005149 -0.023485 -0.000799 0.005116 -0.023488 -0.000799 0.005083 -0.023485 -0.000799 0.005051 -0.023474 -0.000799 0.005022 -0.023456 -0.000799 0.004999 -0.023432 -0.000799 0.004981 -0.023404 -0.000799 0.004970 -0.023372 -0.000799 0.004966 -0.023338 -0.000799 0.004970 -0.023305 -0.000799 0.004981 -0.023273 -0.000799 0.004999 -0.023245 -0.000799 0.005022 -0.023221 -0.000799 0.005051 -0.023203 -0.000799 0.005083 -0.023192 -0.000799 0.005116 -0.023188 -0.000799 0.005149 -0.023192 -0.000799 0.005181 -0.023203 -0.000799 0.005209 -0.023221 -0.000799 0.005233 -0.023245 -0.000799 0.005251 -0.023273 -0.000799 0.005262 -0.023305 -0.000799 0.007692 -0.010358 -0.000799 0.007723 -0.010347 -0.000799 0.007757 -0.010343 -0.000799 0.007790 -0.010347 -0.000799 0.007822 -0.010358 -0.000799 0.007850 -0.010376 -0.000799 0.007874 -0.010399 -0.000799 0.007892 -0.010428 -0.000799 0.007903 -0.010460 -0.000799 0.007907 -0.010493 -0.000799 0.007903 -0.010526 -0.000799 0.007892 -0.010558 -0.000799 0.007874 -0.010587 -0.000799 0.007850 -0.010610 -0.000799 0.007822 -0.010628 -0.000799 0.007790 -0.010639 -0.000799 0.007757 -0.010643 -0.000799 0.007723 -0.010639 -0.000799 0.007692 -0.010628 -0.000799 0.007663 -0.010610 -0.000799 0.007640 -0.010587 -0.000799 0.007622 -0.010558 -0.000799 0.007611 -0.010526 -0.000799 0.007607 -0.010493 -0.000799 0.007611 -0.010460 -0.000799 0.007622 -0.010428 -0.000799 0.007640 -0.010399 -0.000799 0.007663 -0.010376 -0.000799 0.007678 -0.009410 -0.000799 0.007674 -0.009444 -0.000799 0.007663 -0.009475 -0.000799 0.007645 -0.009504 -0.000799 0.007622 -0.009528 -0.000799 0.007593 -0.009546 -0.000799 0.007561 -0.009557 -0.000799 0.007528 -0.009560 -0.000799 0.007495 -0.009557 -0.000799 0.007463 -0.009546 -0.000799 0.007435 -0.009528 -0.000799 0.007411 -0.009504 -0.000799 0.007393 -0.009475 -0.000799 0.007382 -0.009444 -0.000799 0.007378 -0.009410 -0.000799 0.007382 -0.009377 -0.000799 0.007393 -0.009345 -0.000799 0.007411 -0.009317 -0.000799 0.007435 -0.009293 -0.000799 0.007463 -0.009275 -0.000799 0.007495 -0.009264 -0.000799 0.007528 -0.009260 -0.000799 0.007561 -0.009264 -0.000799 0.007593 -0.009275 -0.000799 0.007622 -0.009293 -0.000799 0.007645 -0.009317 -0.000799 0.007663 -0.009345 -0.000799 0.007674 -0.009377 -0.000799 0.011915 -0.006985 -0.000799 0.011919 -0.006952 -0.000799 0.011930 -0.006920 -0.000799 0.011948 -0.006891 -0.000799 0.011971 -0.006868 -0.000799 0.012000 -0.006850 -0.000799 0.012032 -0.006839 -0.000799 0.012065 -0.006835 -0.000799 0.012098 -0.006839 -0.000799 0.012130 -0.006850 -0.000799 0.012159 -0.006868 -0.000799 0.012182 -0.006891 -0.000799 0.012200 -0.006920 -0.000799 0.012211 -0.006952 -0.000799 0.012215 -0.006985 -0.000799 0.012211 -0.007018 -0.000799 0.012200 -0.007050 -0.000799 0.012182 -0.007079 -0.000799 0.012159 -0.007102 -0.000799 0.012130 -0.007120 -0.000799 0.012098 -0.007131 -0.000799 0.012065 -0.007135 -0.000799 0.012032 -0.007131 -0.000799 0.012000 -0.007120 -0.000799 0.011971 -0.007102 -0.000799 0.011948 -0.007079 -0.000799 0.011930 -0.007050 -0.000799 0.011919 -0.007018 -0.000799 0.008067 -0.012293 -0.000799 0.008063 -0.012326 -0.000799 0.008052 -0.012358 -0.000799 0.008034 -0.012387 -0.000799 0.008010 -0.012410 -0.000799 0.007982 -0.012428 -0.000799 0.007950 -0.012439 -0.000799 0.007917 -0.012443 -0.000799 0.007883 -0.012439 -0.000799 0.007852 -0.012428 -0.000799 0.007823 -0.012410 -0.000799 0.007799 -0.012387 -0.000799 0.007782 -0.012358 -0.000799 0.007770 -0.012326 -0.000799 0.007767 -0.012293 -0.000799 0.007770 -0.012260 -0.000799 0.007782 -0.012228 -0.000799 0.007799 -0.012199 -0.000799 0.007823 -0.012176 -0.000799 0.007852 -0.012158 -0.000799 0.007883 -0.012147 -0.000799 0.007917 -0.012143 -0.000799 0.007950 -0.012147 -0.000799 0.007982 -0.012158 -0.000799 0.008010 -0.012176 -0.000799 0.008034 -0.012199 -0.000799 0.008052 -0.012228 -0.000799 0.008063 -0.012260 -0.000799 0.010259 -0.024746 -0.000799 0.010263 -0.024712 -0.000799 0.010274 -0.024680 -0.000799 0.010292 -0.024652 -0.000799 0.010316 -0.024628 -0.000799 0.010344 -0.024610 -0.000799 0.010376 -0.024599 -0.000799 0.010409 -0.024596 -0.000799 0.010443 -0.024599 -0.000799 0.010474 -0.024610 -0.000799 0.010503 -0.024628 -0.000799 0.010527 -0.024652 -0.000799 0.010544 -0.024680 -0.000799 0.010556 -0.024712 -0.000799 0.010559 -0.024746 -0.000799 0.010556 -0.024779 -0.000799 0.010544 -0.024811 -0.000799 0.010527 -0.024839 -0.000799 0.010503 -0.024863 -0.000799 0.010474 -0.024881 -0.000799 0.010443 -0.024892 -0.000799 0.010409 -0.024895 -0.000799 0.010376 -0.024892 -0.000799 0.010344 -0.024881 -0.000799 0.010316 -0.024863 -0.000799 0.010292 -0.024839 -0.000799 0.010274 -0.024811 -0.000799 0.010263 -0.024779 -0.000799 0.024302 -0.015920 -0.000799 0.024305 -0.015886 -0.000799 0.024317 -0.015855 -0.000799 0.024334 -0.015826 -0.000799 0.024358 -0.015802 -0.000799 0.024387 -0.015785 -0.000799 0.024418 -0.015773 -0.000799 0.024452 -0.015770 -0.000799 0.024485 -0.015773 -0.000799 0.024517 -0.015785 -0.000799 0.024545 -0.015802 -0.000799 0.024569 -0.015826 -0.000799 0.024587 -0.015855 -0.000799 0.024598 -0.015886 -0.000799 0.024602 -0.015920 -0.000799 0.024598 -0.015953 -0.000799 0.024587 -0.015985 -0.000799 0.024569 -0.016013 -0.000799 0.024545 -0.016037 -0.000799 0.024517 -0.016055 -0.000799 0.024485 -0.016066 -0.000799 0.024452 -0.016070 -0.000799 0.024418 -0.016066 -0.000799 0.024387 -0.016055 -0.000799 0.024358 -0.016037 -0.000799 0.024334 -0.016013 -0.000799 0.024317 -0.015985 -0.000799 0.024305 -0.015953 -0.000799 0.028818 -0.009749 -0.000799 0.028822 -0.009716 -0.000799 0.028833 -0.009684 -0.000799 0.028851 -0.009655 -0.000799 0.028875 -0.009632 -0.000799 0.028903 -0.009614 -0.000799 0.028935 -0.009603 -0.000799 0.028968 -0.009599 -0.000799 0.029002 -0.009603 -0.000799 0.029033 -0.009614 -0.000799 0.029062 -0.009632 -0.000799 0.029085 -0.009655 -0.000799 0.029103 -0.009684 -0.000799 0.029114 -0.009716 -0.000799 0.029118 -0.009749 -0.000799 0.029114 -0.009782 -0.000799 0.029103 -0.009814 -0.000799 0.029085 -0.009843 -0.000799 0.029062 -0.009866 -0.000799 0.029033 -0.009884 -0.000799 0.029002 -0.009895 -0.000799 0.028968 -0.009899 -0.000799 0.028935 -0.009895 -0.000799 0.028903 -0.009884 -0.000799 0.028875 -0.009866 -0.000799 0.028851 -0.009843 -0.000799 0.028833 -0.009814 -0.000799 0.028822 -0.009782 -0.000799 0.028710 -0.018299 -0.000799 0.028714 -0.018266 -0.000799 0.028725 -0.018234 -0.000799 0.028743 -0.018206 -0.000799 0.028766 -0.018182 -0.000799 0.028795 -0.018164 -0.000799 0.028826 -0.018153 -0.000799 0.028860 -0.018149 -0.000799 0.028893 -0.018153 -0.000799 0.028925 -0.018164 -0.000799 0.028953 -0.018182 -0.000799 0.028977 -0.018206 -0.000799 0.028995 -0.018234 -0.000799 0.029006 -0.018266 -0.000799 0.029010 -0.018299 -0.000799 0.029006 -0.018333 -0.000799 0.028995 -0.018364 -0.000799 0.028977 -0.018393 -0.000799 0.028953 -0.018417 -0.000799 0.028925 -0.018435 -0.000799 0.028893 -0.018446 -0.000799 0.028860 -0.018449 -0.000799 0.028826 -0.018446 -0.000799 0.028795 -0.018435 -0.000799 0.028766 -0.018417 -0.000799 0.028743 -0.018393 -0.000799 0.028725 -0.018364 -0.000799 0.028714 -0.018333 -0.000799 0.028677 -0.023091 -0.000799 0.028711 -0.023087 -0.000799 0.028744 -0.023091 -0.000799 0.028776 -0.023102 -0.000799 0.028804 -0.023120 -0.000799 0.028828 -0.023144 -0.000799 0.028846 -0.023172 -0.000799 0.028857 -0.023204 -0.000799 0.028861 -0.023237 -0.000799 0.028857 -0.023271 -0.000799 0.028846 -0.023302 -0.000799 0.028828 -0.023331 -0.000799 0.028804 -0.023355 -0.000799 0.028776 -0.023373 -0.000799 0.028744 -0.023384 -0.000799 0.028711 -0.023387 -0.000799 0.028677 -0.023384 -0.000799 0.028646 -0.023373 -0.000799 0.028617 -0.023355 -0.000799 0.028593 -0.023331 -0.000799 0.028575 -0.023302 -0.000799 0.028564 -0.023271 -0.000799 0.028561 -0.023237 -0.000799 0.028564 -0.023204 -0.000799 0.028575 -0.023172 -0.000799 0.028593 -0.023144 -0.000799 0.028617 -0.023120 -0.000799 0.028646 -0.023102 -0.000799 0.003456 -0.018191 -0.000799 0.003452 -0.018224 -0.000799 0.003441 -0.018256 -0.000799 0.003423 -0.018285 -0.000799 0.003400 -0.018308 -0.000799 0.003371 -0.018326 -0.000799 0.003340 -0.018337 -0.000799 0.003306 -0.018341 -0.000799 0.003273 -0.018337 -0.000799 0.003241 -0.018326 -0.000799 0.003213 -0.018308 -0.000799 0.003189 -0.018285 -0.000799 0.003171 -0.018256 -0.000799 0.003160 -0.018224 -0.000799 0.003156 -0.018191 -0.000799 0.003160 -0.018158 -0.000799 0.003171 -0.018126 -0.000799 0.003189 -0.018097 -0.000799 0.003213 -0.018074 -0.000799 0.003241 -0.018056 -0.000799 0.003273 -0.018045 -0.000799 0.003306 -0.018041 -0.000799 0.003340 -0.018045 -0.000799 0.003371 -0.018056 -0.000799 0.003400 -0.018074 -0.000799 0.003423 -0.018097 -0.000799 0.003441 -0.018126 -0.000799 0.003452 -0.018158 -0.000799 0.007660 -0.015377 -0.000799 0.007664 -0.015344 -0.000799 0.007675 -0.015312 -0.000799 0.007693 -0.015283 -0.000799 0.007717 -0.015260 -0.000799 0.007745 -0.015242 -0.000799 0.007777 -0.015231 -0.000799 0.007810 -0.015227 -0.000799 0.007843 -0.015231 -0.000799 0.007875 -0.015242 -0.000799 0.007904 -0.015260 -0.000799 0.007927 -0.015283 -0.000799 0.007945 -0.015312 -0.000799 0.007956 -0.015344 -0.000799 0.007960 -0.015377 -0.000799 0.007956 -0.015410 -0.000799 0.007945 -0.015442 -0.000799 0.007927 -0.015471 -0.000799 0.007904 -0.015494 -0.000799 0.007875 -0.015512 -0.000799 0.007843 -0.015523 -0.000799 0.007810 -0.015527 -0.000799 0.007777 -0.015523 -0.000799 0.007745 -0.015512 -0.000799 0.007717 -0.015494 -0.000799 0.007693 -0.015471 -0.000799 0.007675 -0.015442 -0.000799 0.007664 -0.015410 -0.000799 0.022878 -0.009279 -0.000799 0.022882 -0.009246 -0.000799 0.022893 -0.009214 -0.000799 0.022911 -0.009186 -0.000799 0.022935 -0.009162 -0.000799 0.022963 -0.009144 -0.000799 0.022995 -0.009133 -0.000799 0.023028 -0.009129 -0.000799 0.023062 -0.009133 -0.000799 0.023093 -0.009144 -0.000799 0.023122 -0.009162 -0.000799 0.023146 -0.009186 -0.000799 0.023163 -0.009214 -0.000799 0.023175 -0.009246 -0.000799 0.023178 -0.009279 -0.000799 0.023175 -0.009313 -0.000799 0.023163 -0.009344 -0.000799 0.023146 -0.009373 -0.000799 0.023122 -0.009397 -0.000799 0.023093 -0.009415 -0.000799 0.023062 -0.009426 -0.000799 0.023028 -0.009429 -0.000799 0.022995 -0.009426 -0.000799 0.022963 -0.009415 -0.000799 0.022935 -0.009397 -0.000799 0.022911 -0.009373 -0.000799 0.022893 -0.009344 -0.000799 0.022882 -0.009313 -0.000799 0.015544 -0.009805 -0.000799 0.015520 -0.009829 -0.000799 0.015492 -0.009847 -0.000799 0.015460 -0.009858 -0.000799 0.015427 -0.009861 -0.000799 0.015393 -0.009858 -0.000799 0.015362 -0.009847 -0.000799 0.015333 -0.009829 -0.000799 0.015309 -0.009805 -0.000799 0.015291 -0.009777 -0.000799 0.015280 -0.009745 -0.000799 0.015277 -0.009711 -0.000799 0.015280 -0.009678 -0.000799 0.015291 -0.009646 -0.000799 0.015309 -0.009618 -0.000799 0.015333 -0.009594 -0.000799 0.015362 -0.009576 -0.000799 0.015393 -0.009565 -0.000799 0.015427 -0.009561 -0.000799 0.015460 -0.009565 -0.000799 0.015492 -0.009576 -0.000799 0.015520 -0.009594 -0.000799 0.015544 -0.009618 -0.000799 0.015562 -0.009646 -0.000799 0.015573 -0.009678 -0.000799 0.015577 -0.009711 -0.000799 0.015573 -0.009745 -0.000799 0.015562 -0.009777 -0.000799 0.015545 -0.024130 -0.000799 0.015667 -0.023518 -0.000799 0.016014 -0.022999 -0.000799 0.016533 -0.022652 -0.000799 0.017145 -0.022530 -0.000799 0.017757 -0.022652 -0.000799 0.018276 -0.022999 -0.000799 0.018623 -0.023518 -0.000799 0.018745 -0.024130 -0.000799 0.018623 -0.024742 -0.000799 0.018276 -0.025261 -0.000799 0.017757 -0.025608 -0.000799 0.017145 -0.025730 -0.000799 0.016533 -0.025608 -0.000799 0.016014 -0.025261 -0.000799 0.015667 -0.024742 -0.000799 "
							            />
							<TextureCoordinate point="0.1770 0.1831 0.1718 0.0342 0.1778 0.1837 0.3751 0.7284 0.3759 0.7290 0.4658 0.6451 0.4653 0.6442 0.8019 0.8592 0.3759 0.7368 0.8282 0.9658 0.9414 0.9006 0.9485 0.8887 0.8862 0.8592 0.3227 0.1438 0.3234 0.1446 0.2064 0.2288 0.2060 0.2278 0.5356 0.2105 0.5504 0.1989 0.7238 0.4311 0.7231 0.4319 0.9414 0.0994 0.8512 0.1879 0.9485 0.1113 0.6892 0.6595 0.8118 0.8011 0.6885 0.6603 0.1321 0.1802 0.0453 0.1239 0.0400 0.1371 0.8763 0.8011 0.8579 0.6447 0.8586 0.6439 0.9708 0.7991 0.1393 0.1855 0.1386 0.1863 0.1718 0.1907 0.1713 0.1898 0.1770 0.1831 0.1778 0.1837 0.1718 0.0342 0.1369 0.1873 0.1378 0.1869 0.1724 0.1915 0.7223 0.4339 0.7222 0.4350 0.5181 0.2146 0.1225 0.3544 0.1216 0.3547 0.1333 0.1863 0.1341 0.1869 0.7812 0.2230 0.7822 0.2226 0.8282 0.0342 0.8488 0.1959 0.8521 0.3506 0.8512 0.3508 0.8479 0.1960 0.1378 0.1779 0.1369 0.1775 0.1409 0.0381 0.1532 0.0355 0.4648 0.6420 0.4649 0.6409 0.3733 0.7279 0.1216 0.3547 0.1333 0.1863 0.0292 0.2009 0.1208 0.3553 0.3733 0.7379 0.3723 0.7378 0.1981 0.8592 0.2462 0.6148 0.1225 0.3641 0.1216 0.3638 0.6897 0.6586 0.8266 0.7895 0.8519 0.6439 0.1742 0.1827 0.1751 0.1826 0.1656 0.0343 0.1532 0.0355 0.0293 0.1936 0.1318 0.1835 0.1317 0.1824 0.0304 0.1791 0.4649 0.6431 0.4648 0.6420 0.3742 0.7280 0.0666 0.0882 0.1333 0.1785 0.1326 0.1793 0.0586 0.0994 0.8282 0.0342 0.8445 0.1879 0.7831 0.2225 0.9696 0.8209 0.9675 0.8352 0.8896 0.8388 0.9150 0.9314 0.9048 0.9398 0.8763 0.8765 0.7265 0.4300 0.7255 0.4301 0.7798 0.2306 0.7804 0.2314 0.8118 0.8011 0.8266 0.7895 0.6897 0.6586 0.6892 0.6595 0.3691 0.7340 0.2457 0.6565 0.1981 0.8184 0.2397 0.6532 0.1560 0.7854 0.2400 0.6542 0.3251 0.1358 0.3260 0.1357 0.1718 0.0342 0.4730 0.6442 0.4725 0.6451 0.6820 0.6586 0.6817 0.6575 0.2022 0.2350 0.1277 0.3581 0.2031 0.2348 0.7789 0.2263 0.5637 0.1612 0.7793 0.2253 0.3694 0.7351 0.3691 0.7340 0.1981 0.8184 0.2466 0.6138 0.2508 0.5570 0.2511 0.5581 0.2040 0.2255 0.2031 0.2251 0.1794 0.1876 0.2481 0.6509 0.2538 0.6191 0.2543 0.6181 0.4673 0.6465 0.3771 0.7307 0.3774 0.7318 0.4682 0.6469 0.7615 0.5610 0.7618 0.5621 0.6877 0.6519 0.6868 0.6515 0.1193 0.3604 0.0292 0.2009 0.1192 0.3593 0.7984 0.8388 0.8019 0.8184 0.6859 0.6614 0.1104 0.8388 0.0304 0.8209 0.0293 0.8064 0.1138 0.8184 0.2508 0.5548 0.2507 0.5559 0.1225 0.3641 0.1326 0.1793 0.0586 0.0994 0.0515 0.1113 0.4760 0.1408 0.3299 0.1385 0.3302 0.1396 0.1059 0.9471 0.1172 0.9532 0.1385 0.8881 0.7238 0.4389 0.7246 0.4395 0.7615 0.5588 0.8437 0.1899 0.7841 0.2226 0.8440 0.1888 0.8595 0.6407 0.9708 0.7991 0.8594 0.6396 0.8828 0.0468 0.8488 0.1861 0.8941 0.0529 0.8526 0.6368 0.7699 0.5610 0.7700 0.5599 0.8534 0.6362 0.1732 0.1831 0.1386 0.1785 0.1742 0.1827 0.1734 0.8881 0.1560 0.8921 0.1656 0.9657 0.1718 0.9658 0.1172 0.9532 0.1289 0.9582 0.1385 0.8881 0.8552 0.6357 0.8562 0.6359 0.8027 0.4676 0.8020 0.4684 0.1192 0.3593 0.0292 0.2009 0.1193 0.3581 0.4664 0.6459 0.4658 0.6451 0.3759 0.7290 0.3766 0.7298 0.1393 0.1793 0.1732 0.1831 0.1386 0.1785 0.1138 0.8592 0.0453 0.8761 0.0400 0.8629 0.1104 0.8388 0.4725 0.6451 0.4718 0.6459 0.6825 0.6595 0.2462 0.6148 0.1216 0.3638 0.0292 0.7991 0.0952 0.0602 0.1350 0.1775 0.1341 0.1779 0.0850 0.0686 0.4725 0.6389 0.6825 0.6533 0.4730 0.6398 0.3234 0.1368 0.3242 0.1362 0.1718 0.0342 0.4664 0.6381 0.2561 0.4542 0.2562 0.4531 0.4673 0.6375 0.7994 0.4694 0.7984 0.4693 0.7676 0.5554 0.7684 0.5560 0.8591 0.6386 0.8594 0.6396 0.9708 0.7991 0.1794 0.1876 0.2031 0.2251 0.2040 0.2255 0.1235 0.3643 0.2508 0.5548 0.2481 0.4553 0.6849 0.6515 0.7238 0.4389 0.7615 0.5588 0.2588 0.5537 0.2591 0.5548 0.4664 0.6381 0.1532 0.0355 0.1378 0.1779 0.1742 0.1827 0.3694 0.7307 0.3699 0.7298 0.2477 0.6542 0.2472 0.6552 0.9547 0.8761 0.8862 0.8592 0.8896 0.8388 0.9600 0.8629 0.9334 0.9118 0.8862 0.8592 0.8763 0.8765 0.9246 0.9221 0.1981 0.8592 0.2016 0.8388 0.3714 0.7374 0.2471 0.6128 0.2477 0.6120 0.2516 0.5590 0.2486 0.4500 0.2481 0.4509 0.1268 0.3624 0.1274 0.3614 0.2400 0.6542 0.1560 0.7854 0.2405 0.6552 0.7615 0.5588 0.7246 0.4395 0.7618 0.5577 0.2405 0.6489 0.2462 0.6171 0.2400 0.6499 0.2543 0.6181 0.2481 0.6509 0.2482 0.6520 0.1378 0.1779 0.1386 0.1785 0.1742 0.1827 0.7984 0.8388 0.6849 0.6613 0.6840 0.6609 0.1409 0.0381 0.1289 0.0418 0.1369 0.1775 0.2457 0.6565 0.2466 0.6559 0.3691 0.7318 0.3690 0.7329 0.2543 0.6181 0.2538 0.6191 0.2481 0.6509 0.3699 0.7360 0.2016 0.8388 0.3706 0.7368 0.5356 0.2105 0.7226 0.4328 0.7231 0.4319 0.1208 0.3632 0.0292 0.7991 0.1216 0.3638 0.1172 0.0468 0.1359 0.1774 0.1350 0.1775 0.1059 0.0529 0.2531 0.6198 0.2538 0.6191 0.2477 0.6499 0.7994 0.4694 0.8003 0.4693 0.7690 0.5568 0.7684 0.5560 0.1409 0.9619 0.1532 0.9645 0.1560 0.8921 0.0586 0.9006 0.0515 0.8887 0.1138 0.8592 0.2576 0.5520 0.2546 0.4570 0.2568 0.5514 0.1761 0.1827 0.1718 0.0342 0.1770 0.1831 0.3766 0.7298 0.3759 0.7290 0.3759 0.7290 0.3766 0.7298 0.1980 0.2311 0.1983 0.2321 0.1369 0.1873 0.6832 0.6603 0.4710 0.6465 0.4718 0.6459 0.5181 0.2146 0.5356 0.2105 0.7226 0.4328 0.7223 0.4339 0.1202 0.3624 0.0292 0.7991 0.1208 0.3632 0.7676 0.5644 0.8510 0.6407 0.7666 0.5648 0.2448 0.6472 0.2439 0.6470 0.2486 0.6204 0.2495 0.6208 0.1196 0.3614 0.0292 0.7991 0.1202 0.3624 0.1734 0.8881 0.1718 0.9658 0.1882 0.8765 0.2448 0.6569 0.1981 0.8184 0.2457 0.6565 0.2429 0.6569 0.1882 0.8011 0.2439 0.6570 0.8488 0.1861 0.8711 0.0418 0.8591 0.0381 0.8479 0.1860 0.9485 0.1113 0.8512 0.1879 0.8517 0.1888 0.9547 0.1239 0.9414 0.9006 0.9334 0.9118 0.8862 0.8592 0.6832 0.6525 0.7226 0.4372 0.7231 0.4381 0.2481 0.4553 0.2508 0.5548 0.2511 0.5537 0.8483 0.3578 0.7994 0.4594 0.8003 0.4596 0.8488 0.3588 0.8019 0.8184 0.7984 0.8388 0.6859 0.6614 0.4701 0.6371 0.4691 0.6370 0.5006 0.2105 0.5181 0.2146 0.8437 0.1921 0.7864 0.2243 0.7870 0.2253 0.8440 0.1932 0.2514 0.6111 0.2550 0.5609 0.2559 0.5608 0.2523 0.6114 0.1277 0.3581 0.2022 0.2350 0.2031 0.2348 0.0754 0.0779 0.1341 0.1779 0.1333 0.1785 0.0666 0.0882 0.2576 0.5598 0.2583 0.5590 0.2538 0.6128 0.7831 0.2225 0.7822 0.2226 0.8282 0.0342 0.8548 0.3517 0.9708 0.2009 0.8506 0.1949 0.8540 0.3511 0.2508 0.5570 0.2466 0.6138 0.2511 0.5581 0.4701 0.6469 0.3771 0.7351 0.3774 0.7340 0.7864 0.2243 0.8437 0.1921 0.8440 0.1932 0.7870 0.2253 0.1401 0.1813 0.1402 0.1824 0.1709 0.1865 0.1713 0.1854 0.1790 0.1898 0.1793 0.1887 0.2022 0.2250 0.2562 0.4531 0.4673 0.6375 0.4682 0.6371 0.2553 0.4500 0.4858 0.1989 0.3270 0.1456 0.2546 0.4492 0.6840 0.6609 0.6832 0.6603 0.4710 0.6465 0.4710 0.6465 0.4701 0.6469 0.3771 0.7351 0.7695 0.5621 0.8519 0.6376 0.8514 0.6386 0.7690 0.5630 0.5006 0.1119 0.1718 0.0342 0.3270 0.1358 0.8571 0.6453 0.8615 0.7895 0.8579 0.6447 0.2405 0.6489 0.2412 0.6481 0.2466 0.6181 0.8862 0.8184 0.8896 0.8388 0.9696 0.8209 0.9707 0.8064 0.1326 0.1793 0.1333 0.1785 0.0666 0.0882 0.0586 0.0994 0.8440 0.8921 0.8615 0.8881 0.8711 0.9582 0.8591 0.9619 0.2519 0.4481 0.2510 0.4482 0.2031 0.2348 0.2040 0.2345 0.7975 0.4689 0.7984 0.4693 0.7676 0.5554 0.7666 0.5550 0.2540 0.5608 0.2504 0.6109 0.2514 0.6111 0.2550 0.5609 0.2060 0.2321 0.2538 0.4486 0.2055 0.2331 0.8445 0.1941 0.7873 0.2263 0.7870 0.2253 0.8440 0.1932 0.3723 0.7280 0.3733 0.7279 0.2547 0.6159 0.7804 0.2314 0.7265 0.4300 0.7274 0.4301 0.7812 0.2320 0.1778 0.1837 0.1718 0.0342 0.3222 0.1385 0.3219 0.1396 0.4691 0.6470 0.3774 0.7340 0.3775 0.7329 0.6820 0.6586 0.6825 0.6595 0.4725 0.6451 0.2482 0.6520 0.3706 0.7290 0.2481 0.6532 0.2031 0.2251 0.1793 0.1887 0.1794 0.1876 0.2523 0.6204 0.2531 0.6198 0.2472 0.6489 0.3706 0.7368 0.3714 0.7374 0.2016 0.8388 0.8514 0.6429 0.8519 0.6439 0.6897 0.6586 0.6900 0.6575 0.3294 0.1438 0.3287 0.1446 0.4760 0.1816 0.2472 0.6489 0.2466 0.6481 0.2514 0.6208 0.2523 0.6204 0.2546 0.6148 0.2547 0.6159 0.4649 0.6409 0.2486 0.4562 0.2511 0.5537 0.2516 0.5528 0.7952 0.4633 0.7955 0.4623 0.7306 0.4361 0.7303 0.4372 0.8282 0.0342 0.7822 0.2226 0.7831 0.2225 0.2531 0.6198 0.2477 0.6499 0.2538 0.6191 0.2003 0.2255 0.1995 0.2260 0.1770 0.1921 0.1778 0.1915 0.0358 0.8493 0.0325 0.8352 0.1104 0.8388 0.2462 0.6171 0.2405 0.6489 0.2466 0.6181 0.3733 0.7379 0.3742 0.7378 0.1718 0.9658 0.1980 0.2288 0.1742 0.1925 0.1979 0.2300 0.1378 0.1869 0.1724 0.1915 0.1718 0.1907 0.6885 0.6603 0.8118 0.8011 0.8019 0.8184 0.6877 0.6609 0.2591 0.5570 0.4653 0.6398 0.4649 0.6409 0.2546 0.6148 0.4760 0.1816 0.3287 0.1446 0.3279 0.1452 0.1983 0.2278 0.1751 0.1926 0.1980 0.2288 0.2547 0.6159 0.2546 0.6148 0.4649 0.6409 0.7984 0.4596 0.8480 0.3568 0.7298 0.4319 0.1237 0.8011 0.0292 0.7991 0.1385 0.7895 0.2457 0.6565 0.3691 0.7340 0.1981 0.8184 0.8503 0.3601 0.8512 0.3605 0.8027 0.4613 0.8020 0.4605 0.1277 0.3581 0.1278 0.3593 0.2501 0.4486 0.2486 0.6204 0.2439 0.6470 0.2448 0.6472 0.2495 0.6208 0.1560 0.7854 0.2397 0.6532 0.2400 0.6542 0.3723 0.7378 0.1981 0.8592 0.3714 0.7374 0.7657 0.5649 0.7666 0.5648 0.8511 0.6419 0.7647 0.5550 0.7657 0.5549 0.7967 0.4684 0.7960 0.4676 0.2012 0.2348 0.2003 0.2345 0.1262 0.3553 0.1268 0.3561 0.2531 0.5514 0.2510 0.4580 0.2519 0.4581 0.2540 0.5510 0.2412 0.6481 0.2420 0.6475 0.2471 0.6191 0.8488 0.1861 0.8828 0.0468 0.8941 0.0529 0.1718 0.0342 0.1656 0.0343 0.1751 0.1826 0.1761 0.1827 0.7793 0.2296 0.7246 0.4305 0.5504 0.1989 0.8019 0.8184 0.6877 0.6609 0.6868 0.6613 0.2516 0.5528 0.2493 0.4570 0.2523 0.5520 0.7793 0.2253 0.5637 0.1612 0.5603 0.1408 0.7798 0.2243 0.8003 0.4693 0.7695 0.5577 0.7690 0.5568 0.8711 0.0418 0.8488 0.1861 0.8828 0.0468 0.1761 0.1925 0.1770 0.1921 0.1995 0.2260 0.1988 0.2268 0.1333 0.1785 0.1341 0.1779 0.0754 0.0779 0.0666 0.0882 0.1208 0.3553 0.1202 0.3561 0.0292 0.2009 0.3302 0.1418 0.3299 0.1429 0.4760 0.1816 0.4725 0.1612 0.1718 0.0342 0.3251 0.1358 0.3242 0.1362 0.2012 0.2251 0.2003 0.2255 0.1778 0.1915 0.1784 0.1907 0.0850 0.9314 0.0952 0.9398 0.1237 0.8765 0.1321 0.1846 0.1326 0.1855 0.0292 0.2009 0.6868 0.6613 0.8019 0.8184 0.6859 0.6614 0.7690 0.5630 0.7684 0.5638 0.8511 0.6396 0.8514 0.6386 0.0666 0.9118 0.1138 0.8592 0.1237 0.8765 0.0754 0.9221 0.2471 0.6128 0.2511 0.5581 0.2516 0.5590 0.7222 0.4350 0.4710 0.6375 0.4701 0.6371 0.5181 0.2146 0.4682 0.6469 0.3775 0.7329 0.3774 0.7318 0.7960 0.4613 0.7955 0.4623 0.7306 0.4361 0.7307 0.4350 0.2462 0.6171 0.2405 0.6489 0.2400 0.6499 0.1983 0.2321 0.1359 0.1874 0.1369 0.1873 0.1277 0.3581 0.2022 0.2350 0.1274 0.3571 0.1225 0.3641 0.2462 0.6148 0.1216 0.3638 0.2508 0.5548 0.2481 0.4553 0.2511 0.5537 0.1708 0.1876 0.1709 0.1865 0.1402 0.1824 0.1401 0.1835 0.3733 0.7279 0.3723 0.7280 0.2547 0.6159 0.2511 0.5537 0.2486 0.4562 0.2516 0.5528 0.8555 0.3525 0.9708 0.2009 0.8548 0.3517 0.7283 0.4395 0.7291 0.4389 0.7952 0.4656 0.7955 0.4666 0.7831 0.2225 0.7841 0.2226 0.8445 0.1879 0.8563 0.3568 0.8560 0.3578 0.9708 0.2009 0.3733 0.7279 0.4649 0.6409 0.4648 0.6420 0.1245 0.3544 0.1359 0.1874 0.1350 0.1873 0.1235 0.3543 0.1981 0.8592 0.3733 0.7379 0.1718 0.9658 0.3299 0.1429 0.3294 0.1438 0.4760 0.1816 0.8035 0.4656 0.8571 0.6362 0.8032 0.4666 0.8027 0.4613 0.8512 0.3605 0.8503 0.3601 0.8020 0.4605 0.1318 0.1813 0.1317 0.1824 0.0304 0.1791 0.0325 0.1648 0.2588 0.5537 0.2558 0.4553 0.2583 0.5528 0.6900 0.6553 0.6897 0.6542 0.7638 0.5644 0.7647 0.5648 0.8437 0.1899 0.8440 0.1888 0.7841 0.2226 0.1790 0.1854 0.2049 0.2260 0.1793 0.1865 0.7231 0.4381 0.6832 0.6525 0.6840 0.6519 0.9708 0.2009 0.8555 0.3525 0.8548 0.3517 0.8497 0.1865 0.8488 0.1861 0.8941 0.0529 0.9048 0.0602 0.1321 0.1802 0.1326 0.1793 0.0515 0.1113 0.0453 0.1239 0.2504 0.6209 0.2514 0.6208 0.2466 0.6481 0.2457 0.6475 0.8282 0.0342 0.5356 0.1119 0.5504 0.1235 0.5504 0.1989 0.7238 0.4311 0.7246 0.4305 0.1393 0.1793 0.1386 0.1785 0.1732 0.1831 0.2482 0.6520 0.2481 0.6509 0.2543 0.6181 0.8266 0.8881 0.8118 0.8765 0.8282 0.9658 0.7789 0.2263 0.7793 0.2253 0.5637 0.1612 0.8548 0.3595 0.8035 0.4656 0.8036 0.4644 0.1341 0.1779 0.0850 0.0686 0.0754 0.0779 0.0666 0.9118 0.0586 0.9006 0.1138 0.8592 0.8510 0.6407 0.7676 0.5644 0.7684 0.5638 0.8511 0.6396 0.7841 0.2226 0.8437 0.1899 0.7850 0.2230 0.2592 0.5559 0.4658 0.6389 0.4653 0.6398 0.2591 0.5570 0.2065 0.2300 0.2064 0.2288 0.3234 0.1446 0.3242 0.1452 0.6825 0.6595 0.6832 0.6603 0.4718 0.6459 0.1369 0.1873 0.1983 0.2321 0.1980 0.2311 0.2588 0.5581 0.2546 0.6148 0.2591 0.5570 0.8506 0.1949 0.8540 0.3511 0.8531 0.3508 0.8497 0.1955 0.3222 0.1385 0.3227 0.1376 0.1718 0.0342 0.6849 0.6515 0.7615 0.5588 0.7614 0.5599 0.1983 0.2321 0.1369 0.1873 0.1359 0.1874 0.3699 0.7298 0.2477 0.6542 0.2481 0.6532 0.3706 0.7290 0.1196 0.3614 0.0292 0.7991 0.0292 0.2009 0.2511 0.5581 0.2471 0.6128 0.2516 0.5590 0.2538 0.4576 0.2529 0.4580 0.2550 0.5509 0.2559 0.5510 0.9708 0.2009 0.8560 0.3535 0.8555 0.3525 0.1378 0.1869 0.1386 0.1863 0.1718 0.1907 0.2516 0.5590 0.2477 0.6120 0.2523 0.5598 0.2583 0.5528 0.2553 0.4562 0.2576 0.5520 0.8282 0.0342 0.5181 0.1079 0.5356 0.1119 0.2558 0.4553 0.2553 0.4562 0.2583 0.5528 0.2012 0.2251 0.2022 0.2250 0.1790 0.1898 0.1784 0.1907 0.1742 0.1925 0.1751 0.1926 0.1980 0.2288 0.4673 0.6375 0.2562 0.4531 0.4682 0.6371 0.3699 0.7360 0.3694 0.7351 0.1981 0.8184 0.2016 0.8388 0.1393 0.1793 0.1398 0.1802 0.1718 0.1845 0.1724 0.1837 0.2462 0.6171 0.2461 0.6159 0.2400 0.6499 0.8344 0.0343 0.8469 0.1861 0.8460 0.1865 0.8282 0.0342 0.7614 0.5599 0.6849 0.6515 0.6859 0.6514 0.7676 0.5644 0.7666 0.5648 0.8510 0.6407 0.2538 0.6191 0.2481 0.6509 0.2477 0.6499 0.1326 0.1855 0.1321 0.1846 0.0292 0.2009 0.2466 0.6138 0.2508 0.5570 0.2462 0.6148 0.8560 0.3578 0.8563 0.3568 0.9708 0.2009 0.6816 0.6564 0.6817 0.6575 0.4730 0.6442 0.4733 0.6431 0.1268 0.3624 0.1262 0.3632 0.2478 0.4520 0.2481 0.4509 0.7657 0.5549 0.7647 0.5550 0.7960 0.4676 0.7967 0.4684 0.8540 0.3601 0.8036 0.4644 0.8035 0.4633 0.1981 0.8184 0.1882 0.8011 0.2439 0.6570 0.2448 0.6569 0.1724 0.1837 0.1393 0.1793 0.1732 0.1831 0.8571 0.6453 0.8615 0.7895 0.8562 0.6456 0.3279 0.1362 0.3287 0.1368 0.4858 0.1235 0.8266 0.7895 0.6897 0.6586 0.8519 0.6439 0.8282 0.9658 0.1718 0.9658 0.3751 0.7374 0.8440 0.8921 0.8266 0.8881 0.8282 0.9658 0.8344 0.9657 0.2546 0.4570 0.2538 0.4576 0.2559 0.5510 0.2568 0.5514 0.3742 0.7378 0.3751 0.7374 0.1718 0.9658 0.2486 0.4562 0.2481 0.4553 0.2511 0.5537 0.2507 0.5559 0.2508 0.5570 0.2462 0.6148 0.8483 0.3578 0.7994 0.4594 0.7984 0.4596 0.5603 0.1408 0.5504 0.1235 0.8282 0.0342 0.2412 0.6481 0.2405 0.6489 0.2466 0.6181 0.7870 0.2296 0.7864 0.2306 0.8479 0.1960 0.7291 0.4389 0.7298 0.4381 0.7951 0.4644 0.7952 0.4656 0.8517 0.1888 0.8512 0.1879 0.9485 0.1113 0.9547 0.1239 0.4701 0.6469 0.4710 0.6465 0.3771 0.7351 0.8828 0.9532 0.8711 0.9582 0.8615 0.8881 0.1378 0.1869 0.1369 0.1873 0.1724 0.1915 0.2065 0.2300 0.3242 0.1452 0.3234 0.1446 0.2064 0.2288 0.7850 0.2320 0.7841 0.2323 0.8488 0.3525 0.8495 0.3517 0.8282 0.0342 0.5603 0.1408 0.7804 0.2235 0.4725 0.6451 0.6825 0.6595 0.6820 0.6586 0.2060 0.2321 0.3260 0.1457 0.3251 0.1456 0.8282 0.9658 0.8266 0.8881 0.8440 0.8921 0.8344 0.9657 0.3270 0.1358 0.3260 0.1357 0.1718 0.0342 0.8711 0.9582 0.8615 0.8881 0.8440 0.8921 0.8591 0.9619 0.9600 0.8629 0.9642 0.8493 0.8896 0.8388 0.2462 0.6148 0.2397 0.6509 0.0292 0.7991 0.8452 0.1871 0.8282 0.0342 0.8460 0.1865 0.7831 0.2325 0.7841 0.2323 0.8488 0.3525 0.8483 0.3535 0.0358 0.1507 0.1318 0.1813 0.0325 0.1648 0.7255 0.4399 0.7265 0.4400 0.7630 0.5560 0.7624 0.5568 0.4760 0.1408 0.4858 0.1235 0.3294 0.1376 0.3299 0.1385 0.5181 0.2146 0.7222 0.4350 0.7223 0.4339 0.4760 0.1408 0.3302 0.1396 0.3299 0.1385 0.5181 0.1079 0.8282 0.0342 0.1718 0.0342 0.2592 0.5559 0.2591 0.5570 0.4653 0.6398 0.4658 0.6389 0.7955 0.4623 0.7952 0.4633 0.7303 0.4372 0.7306 0.4361 0.0292 0.2009 0.1196 0.3571 0.1202 0.3561 0.1995 0.2260 0.2003 0.2255 0.1778 0.1915 0.1770 0.1921 0.8282 0.9658 0.8118 0.8765 0.8266 0.8881 0.3294 0.1376 0.3287 0.1368 0.4858 0.1235 0.0358 0.8493 0.0400 0.8629 0.1104 0.8388 0.4710 0.6375 0.7222 0.4350 0.5181 0.2146 0.4701 0.6371 0.1386 0.1863 0.1378 0.1869 0.1718 0.1907 0.6859 0.6514 0.6849 0.6515 0.7614 0.5599 0.1289 0.0418 0.1172 0.0468 0.1359 0.1774 0.1369 0.1775 0.3219 0.1396 0.3218 0.1407 0.1784 0.1845 0.1778 0.1837 0.7822 0.2323 0.8480 0.3545 0.7283 0.4305 0.6832 0.6525 0.4725 0.6389 0.7226 0.4372 0.2012 0.2348 0.2022 0.2350 0.1274 0.3571 0.1268 0.3561 0.2553 0.4562 0.2576 0.5520 0.2546 0.4570 0.8555 0.3588 0.8579 0.6368 0.8548 0.3595 0.4858 0.1989 0.4760 0.1816 0.3279 0.1452 0.4858 0.1235 0.3287 0.1368 0.3294 0.1376 0.1277 0.3604 0.1274 0.3614 0.2486 0.4500 0.2493 0.4492 0.8480 0.3545 0.8479 0.3556 0.7291 0.4311 0.7283 0.4305 0.8020 0.4684 0.7699 0.5588 0.8552 0.6357 0.7615 0.5588 0.7238 0.4389 0.6849 0.6515 0.1262 0.3553 0.1254 0.3547 0.1995 0.2339 0.2003 0.2345 0.7274 0.4399 0.7283 0.4395 0.7647 0.5550 0.7638 0.5554 0.7624 0.5630 0.6885 0.6525 0.6892 0.6533 0.7630 0.5638 0.2576 0.5598 0.2568 0.5604 0.2531 0.6120 0.2429 0.6472 0.2420 0.6475 0.2471 0.6191 0.2477 0.6198 0.7967 0.4605 0.7960 0.4613 0.7307 0.4350 0.7306 0.4339 0.3775 0.7329 0.3774 0.7340 0.4691 0.6470 0.1882 0.8011 0.2429 0.6569 0.2439 0.6570 0.6900 0.6553 0.6901 0.6564 0.7657 0.5649 0.7647 0.5648 0.9708 0.2009 0.8563 0.3545 0.8560 0.3535 0.2003 0.2345 0.2012 0.2348 0.1268 0.3561 0.1262 0.3553 0.1751 0.1826 0.1742 0.1827 0.1532 0.0355 0.1656 0.0343 0.8003 0.4693 0.8012 0.4689 0.7695 0.5577 0.0952 0.9398 0.1237 0.8765 0.1385 0.8881 0.1059 0.9471 0.9708 0.2009 0.8591 0.6386 0.9708 0.7991 0.8035 0.4633 0.8036 0.4644 0.8540 0.3601 0.8468 0.0355 0.8479 0.1860 0.8469 0.1861 0.8344 0.0343 0.2396 0.6520 0.1560 0.7854 0.1385 0.7895 0.8511 0.6419 0.8510 0.6407 0.7666 0.5648 0.2397 0.6509 0.1385 0.7895 0.2396 0.6520 0.2529 0.4482 0.2538 0.4486 0.2055 0.2331 0.2049 0.2339 0.8512 0.1879 0.8506 0.1871 0.9334 0.0882 0.9414 0.0994 0.2405 0.6489 0.2462 0.6171 0.2466 0.6181 0.6885 0.6525 0.6877 0.6519 0.7618 0.5621 0.7624 0.5630 0.0325 0.8352 0.0304 0.8209 0.1104 0.8388 0.2016 0.8388 0.1981 0.8592 0.3714 0.7374 0.2543 0.6138 0.2546 0.6148 0.2588 0.5581 0.1278 0.3593 0.1277 0.3581 0.2501 0.4486 0.5006 0.1119 0.3279 0.1362 0.3270 0.1358 0.4664 0.6381 0.4673 0.6375 0.2562 0.4531 0.2561 0.4542 0.1059 0.0529 0.1350 0.1775 0.0952 0.0602 0.3260 0.1457 0.2060 0.2321 0.3251 0.1456 0.1245 0.3641 0.2481 0.4553 0.2478 0.4542 0.7303 0.4328 0.7975 0.4599 0.7967 0.4605 0.7306 0.4339 0.8591 0.6429 0.8594 0.6419 0.9708 0.7991 0.9696 0.8209 0.8896 0.8388 0.8862 0.8184 0.9707 0.8064 0.8480 0.3545 0.7822 0.2323 0.7283 0.4305 0.1208 0.3632 0.1216 0.3638 0.0292 0.7991 0.2538 0.4486 0.2529 0.4482 0.2049 0.2339 0.2055 0.2331 0.7630 0.5638 0.7638 0.5644 0.6897 0.6542 0.6892 0.6533 0.5006 0.1119 0.5181 0.1079 0.1718 0.0342 0.3706 0.7368 0.2016 0.8388 0.3714 0.7374 0.1289 0.9582 0.1172 0.9532 0.1385 0.8881 0.1385 0.8881 0.1289 0.9582 0.1409 0.9619 0.1560 0.8921 0.3751 0.7374 0.3759 0.7368 0.8282 0.9658 0.2478 0.4520 0.1262 0.3632 0.1268 0.3624 0.2481 0.4509 0.4858 0.1989 0.3279 0.1452 0.3270 0.1456 0.8282 0.0342 0.7831 0.2225 0.8445 0.1879 0.8469 0.1959 0.7870 0.2296 0.8479 0.1960 0.1245 0.3544 0.1254 0.3547 0.1995 0.2339 0.1988 0.2331 0.2412 0.6559 0.1734 0.7895 0.1882 0.8011 0.2420 0.6565 0.4760 0.1408 0.4725 0.1612 0.3302 0.1418 0.3303 0.1407 0.7298 0.4381 0.7303 0.4372 0.7952 0.4633 0.7951 0.4644 0.2022 0.2250 0.1793 0.1887 0.1790 0.1898 0.8586 0.6376 0.8591 0.6386 0.8560 0.3578 0.1350 0.1873 0.1359 0.1874 0.1245 0.3544 0.1235 0.3543 0.1882 0.8765 0.1718 0.9658 0.1734 0.8881 0.0292 0.7991 0.1202 0.3624 0.1208 0.3632 0.8522 0.1910 0.8521 0.1921 0.9708 0.2009 0.9707 0.1936 0.8032 0.4623 0.8035 0.4633 0.8531 0.3605 0.1385 0.8881 0.1237 0.8765 0.0952 0.9398 0.1059 0.9471 0.1245 0.3544 0.1983 0.2321 0.1988 0.2331 0.7618 0.5621 0.6877 0.6519 0.6885 0.6525 0.7624 0.5630 0.1245 0.3641 0.1235 0.3643 0.2481 0.4553 0.0292 0.7991 0.1196 0.3614 0.1202 0.3624 0.8522 0.1910 0.8521 0.1899 0.9675 0.1648 0.9696 0.1791 0.1732 0.1921 0.1369 0.1873 0.1724 0.1915 0.2531 0.5604 0.2540 0.5608 0.2504 0.6109 0.2495 0.6111 0.2481 0.4553 0.1245 0.3641 0.2478 0.4542 0.1724 0.1915 0.1378 0.1869 0.1718 0.1907 0.8591 0.9619 0.8468 0.9645 0.8440 0.8921 0.2493 0.4570 0.2501 0.4576 0.2523 0.5520 0.7864 0.2243 0.8437 0.1921 0.8436 0.1910 0.7858 0.2235 0.5006 0.1119 0.3270 0.1358 0.1718 0.0342 0.2538 0.6128 0.2576 0.5598 0.2531 0.6120 0.1386 0.1785 0.1378 0.1779 0.1742 0.1827 0.7306 0.4339 0.7307 0.4350 0.7960 0.4613 0.7967 0.4605 0.1402 0.1824 0.1709 0.1865 0.1708 0.1876 0.1401 0.1835 0.8521 0.1899 0.8517 0.1888 0.9600 0.1371 0.9642 0.1507 0.1235 0.3543 0.1225 0.3544 0.1341 0.1869 0.1350 0.1873 0.1980 0.2311 0.1732 0.1921 0.1979 0.2300 0.2583 0.5528 0.2576 0.5520 0.2553 0.4562 0.9547 0.8761 0.9485 0.8887 0.8862 0.8592 0.1718 0.0342 0.8282 0.0342 0.5181 0.1079 0.6877 0.6609 0.8019 0.8184 0.6868 0.6613 0.2504 0.6109 0.2540 0.5608 0.2550 0.5609 0.2514 0.6111 0.1235 0.3643 0.2508 0.5548 0.1225 0.3641 0.7874 0.2275 0.8452 0.1949 0.8445 0.1941 0.7873 0.2263 0.6901 0.6564 0.7657 0.5649 0.8511 0.6419 0.1742 0.1925 0.1732 0.1921 0.1979 0.2300 0.6840 0.6609 0.3766 0.7360 0.4710 0.6465 0.4701 0.6469 0.4691 0.6470 0.3774 0.7340 0.2420 0.6475 0.2412 0.6481 0.2471 0.6191 0.2412 0.6481 0.2466 0.6181 0.2471 0.6191 0.7850 0.2230 0.8437 0.1899 0.7841 0.2226 0.1277 0.3604 0.1278 0.3593 0.2501 0.4486 0.2493 0.4492 0.2531 0.6198 0.2523 0.6204 0.2472 0.6489 0.7615 0.5610 0.7614 0.5599 0.6859 0.6514 0.6868 0.6515 0.2561 0.4542 0.2588 0.5537 0.2558 0.4553 0.2060 0.2321 0.2546 0.4492 0.3260 0.1457 0.1289 0.0418 0.1369 0.1775 0.1359 0.1774 0.1172 0.0468 0.1794 0.1876 0.1793 0.1865 0.2040 0.2255 0.8552 0.6357 0.8020 0.4684 0.8027 0.4676 0.8562 0.6359 0.3219 0.1418 0.2049 0.2260 0.1790 0.1854 0.9707 0.1936 0.8522 0.1910 0.9696 0.1791 0.2461 0.6159 0.2462 0.6171 0.2400 0.6499 0.6849 0.6515 0.6840 0.6519 0.7231 0.4381 0.7238 0.4389 0.2583 0.5590 0.2576 0.5598 0.2538 0.6128 0.4664 0.6381 0.2591 0.5548 0.2588 0.5537 0.8571 0.6453 0.8579 0.6447 0.8615 0.7895 0.2543 0.6181 0.3706 0.7290 0.2482 0.6520 0.3260 0.1457 0.3270 0.1456 0.2546 0.4492 0.7699 0.5588 0.8012 0.4689 0.8020 0.4684 0.7952 0.4656 0.7291 0.4389 0.7283 0.4395 0.7955 0.4666 0.1398 0.1846 0.1393 0.1855 0.1713 0.1898 0.1709 0.1887 0.2065 0.2300 0.2064 0.2311 0.3251 0.1456 0.3242 0.1452 0.8282 0.0342 0.8445 0.1879 0.8452 0.1871 0.2049 0.2260 0.3219 0.1418 0.3222 0.1429 0.2055 0.2268 0.1277 0.3581 0.2501 0.4486 0.2510 0.4482 0.2031 0.2348 0.2472 0.6552 0.2466 0.6559 0.3691 0.7318 0.3694 0.7307 0.1317 0.1824 0.1318 0.1835 0.0293 0.1936 0.0304 0.1791 0.4725 0.1612 0.4760 0.1408 0.3303 0.1407 0.3302 0.1418 0.2060 0.2321 0.2064 0.2311 0.3251 0.1456 0.8480 0.3545 0.8483 0.3535 0.7831 0.2325 0.7822 0.2323 0.1398 0.1802 0.1401 0.1813 0.1713 0.1854 0.1718 0.1845 0.1318 0.1813 0.1321 0.1802 0.0400 0.1371 0.0358 0.1507 0.1980 0.2311 0.1979 0.2300 0.1732 0.1921 0.1277 0.3604 0.2493 0.4492 0.2486 0.4500 0.1274 0.3614 0.8032 0.4623 0.8521 0.3606 0.8512 0.3605 0.8027 0.4613 0.8562 0.6359 0.8571 0.6362 0.8032 0.4666 0.8027 0.4676 0.0952 0.9398 0.0850 0.9314 0.1237 0.8765 0.2591 0.5548 0.2592 0.5559 0.4658 0.6389 0.4664 0.6381 0.8469 0.1861 0.8479 0.1860 0.8468 0.0355 0.8344 0.0343 0.7699 0.5588 0.8020 0.4684 0.8552 0.6357 0.1718 0.0342 0.3227 0.1376 0.3222 0.1385 0.8282 0.0342 0.5504 0.1235 0.5603 0.1408 0.7984 0.8388 0.6859 0.6614 0.6849 0.6613 0.6832 0.6525 0.7226 0.4372 0.4725 0.6389 0.4858 0.1235 0.4760 0.1408 0.3299 0.1385 0.3294 0.1376 0.4691 0.6370 0.5006 0.2105 0.4682 0.6371 0.7798 0.2243 0.5603 0.1408 0.7804 0.2235 0.6901 0.6564 0.6900 0.6553 0.7647 0.5648 0.7657 0.5649 0.0850 0.9314 0.0754 0.9221 0.1237 0.8765 0.0515 0.8887 0.0586 0.9006 0.1138 0.8592 0.5504 0.1989 0.5356 0.2105 0.7231 0.4319 0.7238 0.4311 0.2477 0.6120 0.2471 0.6128 0.2516 0.5590 0.4760 0.1408 0.3302 0.1396 0.3303 0.1407 0.2466 0.6559 0.2457 0.6565 0.3690 0.7329 0.3691 0.7318 0.4682 0.6469 0.3775 0.7329 0.4691 0.6470 0.1333 0.1863 0.1326 0.1855 0.0292 0.2009 0.8512 0.3605 0.8521 0.3606 0.8032 0.4623 0.8027 0.4613 0.0292 0.7991 0.1196 0.3614 0.0292 0.2009 0.2064 0.2311 0.2060 0.2321 0.3251 0.1456 0.1560 0.8921 0.1734 0.8881 0.1718 0.9658 0.1656 0.9657 0.3706 0.7290 0.2482 0.6520 0.2481 0.6532 0.0292 0.7991 0.1385 0.7895 0.2397 0.6509 0.2553 0.4500 0.2546 0.4492 0.3270 0.1456 0.4858 0.1989 0.8511 0.6419 0.6901 0.6564 0.6900 0.6575 0.8514 0.6429 0.2481 0.4553 0.2486 0.4562 0.2511 0.5537 0.6840 0.6609 0.4710 0.6465 0.3766 0.7360 0.1761 0.1925 0.1988 0.2268 0.1995 0.2260 0.1770 0.1921 0.1713 0.1898 0.1393 0.1855 0.1398 0.1846 0.1709 0.1887 0.7822 0.2226 0.7812 0.2230 0.8282 0.0342 0.3260 0.1357 0.3251 0.1358 0.1718 0.0342 0.9334 0.0882 0.8506 0.1871 0.8512 0.1879 0.9414 0.0994 0.4649 0.6409 0.4653 0.6398 0.2591 0.5570 0.2546 0.6148 0.1718 0.9658 0.8282 0.9658 0.3751 0.7374 0.2538 0.4576 0.2559 0.5510 0.2550 0.5509 0.2529 0.4580 0.9708 0.7991 0.8586 0.6439 0.8579 0.6447 0.8763 0.8011 0.3270 0.1456 0.3260 0.1457 0.2546 0.4492 0.1237 0.8011 0.1138 0.8184 0.0293 0.8064 0.0292 0.7991 0.7690 0.5568 0.8003 0.4693 0.7994 0.4694 0.7684 0.5560 0.8552 0.6357 0.7699 0.5588 0.8543 0.6359 0.0304 0.8209 0.0325 0.8352 0.1104 0.8388 0.1321 0.1846 0.1318 0.1835 0.0293 0.1936 0.0292 0.2009 0.2538 0.4486 0.2060 0.2321 0.2055 0.2331 0.8460 0.1865 0.8469 0.1861 0.8344 0.0343 0.8282 0.0342 0.2472 0.6489 0.2523 0.6204 0.2514 0.6208 0.2466 0.6481 0.1369 0.1873 0.1980 0.2311 0.1732 0.1921 0.8479 0.3556 0.8480 0.3568 0.7298 0.4319 0.7291 0.4311 0.7298 0.4319 0.7303 0.4328 0.7975 0.4599 0.2429 0.6569 0.2420 0.6565 0.1882 0.8011 0.7864 0.2306 0.8512 0.3508 0.8479 0.1960 0.0850 0.0686 0.1341 0.1779 0.0754 0.0779 0.8452 0.1949 0.7874 0.2275 0.7873 0.2263 0.8445 0.1941 0.8495 0.3595 0.8503 0.3601 0.8020 0.4605 0.8012 0.4599 0.2523 0.6114 0.2559 0.5608 0.2568 0.5604 0.2531 0.6120 0.3691 0.7340 0.2457 0.6565 0.3690 0.7329 0.7638 0.5644 0.6897 0.6542 0.6900 0.6553 0.7647 0.5648 0.5603 0.1408 0.5637 0.1612 0.7793 0.2253 0.7798 0.2243 0.8497 0.1955 0.8531 0.3508 0.8521 0.3506 0.8488 0.1959 0.7246 0.4395 0.7255 0.4399 0.7624 0.5568 0.7618 0.5577 0.8436 0.1910 0.8437 0.1921 0.7864 0.2243 0.7858 0.2235 0.2481 0.6532 0.2477 0.6542 0.3699 0.7298 0.3706 0.7290 0.7699 0.5588 0.7700 0.5599 0.8543 0.6359 0.4733 0.6431 0.4730 0.6442 0.6817 0.6575 0.6816 0.6564 0.7657 0.5649 0.6901 0.6564 0.8511 0.6419 0.1202 0.3561 0.1196 0.3571 0.0292 0.2009 0.2471 0.6128 0.2466 0.6138 0.2511 0.5581 0.1235 0.3643 0.1245 0.3641 0.2481 0.4553 0.3766 0.7360 0.6840 0.6609 0.7984 0.8388 0.6825 0.6595 0.4718 0.6459 0.4725 0.6451 0.2022 0.2350 0.1277 0.3581 0.1274 0.3571 0.7657 0.5549 0.7666 0.5550 0.7975 0.4689 0.7967 0.4684 0.2547 0.6159 0.3723 0.7280 0.3714 0.7284 0.2546 0.6171 0.6849 0.6613 0.7984 0.8388 0.6840 0.6609 0.8531 0.3605 0.8540 0.3601 0.8035 0.4633 0.9707 0.8064 0.9708 0.7991 0.8763 0.8011 0.8862 0.8184 0.7699 0.5610 0.8526 0.6368 0.8519 0.6376 0.7695 0.5621 0.5006 0.2105 0.4691 0.6370 0.4701 0.6371 0.5181 0.2146 0.0586 0.0994 0.1326 0.1793 0.0515 0.1113 0.2553 0.4562 0.2546 0.4570 0.2576 0.5520 0.8579 0.6368 0.8555 0.3588 0.8548 0.3595 0.1254 0.3547 0.1245 0.3544 0.1988 0.2331 0.1995 0.2339 0.1196 0.3614 0.1193 0.3604 0.0292 0.2009 0.1278 0.3593 0.1277 0.3604 0.2493 0.4492 0.2501 0.4486 0.2547 0.6159 0.3733 0.7279 0.4649 0.6409 0.7793 0.2296 0.7789 0.2286 0.5504 0.1989 0.4682 0.6469 0.4691 0.6470 0.3775 0.7329 0.1254 0.3638 0.1245 0.3641 0.2478 0.4542 0.2477 0.4531 0.1409 0.0381 0.1369 0.1775 0.1378 0.1779 0.1532 0.0355 0.9485 0.8887 0.9414 0.9006 0.8862 0.8592 0.1193 0.3604 0.1192 0.3593 0.0292 0.2009 0.4858 0.1235 0.3287 0.1368 0.3279 0.1362 0.4691 0.6470 0.4701 0.6469 0.3774 0.7340 0.8019 0.8592 0.8118 0.8765 0.8282 0.9658 0.2558 0.4553 0.2588 0.5537 0.2561 0.4542 0.8896 0.8388 0.8862 0.8592 0.9547 0.8761 0.9600 0.8629 0.1385 0.7895 0.1560 0.7854 0.2396 0.6520 0.2466 0.6559 0.2472 0.6552 0.3694 0.7307 0.3691 0.7318 0.8506 0.1871 0.9246 0.0779 0.9334 0.0882 0.9048 0.9398 0.8763 0.8765 0.8615 0.8881 0.8941 0.9471 0.1245 0.3641 0.1254 0.3638 0.2477 0.4531 0.2478 0.4542 0.0515 0.1113 0.1326 0.1793 0.1321 0.1802 0.0453 0.1239 0.1318 0.1813 0.0358 0.1507 0.0325 0.1648 0.4858 0.1989 0.3270 0.1456 0.3279 0.1452 0.7274 0.4399 0.7265 0.4400 0.7630 0.5560 0.7638 0.5554 0.7955 0.4623 0.7960 0.4613 0.7307 0.4350 0.7306 0.4361 0.8564 0.3556 0.8563 0.3545 0.9708 0.2009 0.2055 0.2268 0.3222 0.1429 0.3227 0.1438 0.2060 0.2278 0.2558 0.4509 0.2553 0.4500 0.4858 0.1989 0.5006 0.2105 0.1718 0.9658 0.1882 0.8765 0.1981 0.8592 0.6832 0.6603 0.6840 0.6609 0.4710 0.6465 0.8862 0.8592 0.9334 0.9118 0.9246 0.9221 0.8763 0.8765 0.2510 0.4580 0.2501 0.4576 0.2523 0.5520 0.2531 0.5514 0.8512 0.3508 0.8521 0.3506 0.8488 0.1959 0.8479 0.1960 0.8540 0.3601 0.8548 0.3595 0.8036 0.4644 0.7793 0.2296 0.7246 0.4305 0.7798 0.2306 0.8594 0.6396 0.8591 0.6386 0.9708 0.7991 0.2510 0.4482 0.2519 0.4481 0.2040 0.2345 0.2031 0.2348 0.1882 0.8011 0.2420 0.6565 0.2429 0.6569 0.8579 0.6368 0.8586 0.6376 0.8555 0.3588 0.2003 0.2255 0.2012 0.2251 0.1784 0.1907 0.1778 0.1915 0.3733 0.7379 0.1981 0.8592 0.3723 0.7378 0.2510 0.4482 0.2501 0.4486 0.1277 0.3581 0.2031 0.2348 0.1333 0.1863 0.1216 0.3547 0.1208 0.3553 0.0292 0.2009 0.6817 0.6553 0.4734 0.6420 0.4733 0.6409 0.6820 0.6542 0.7238 0.4311 0.5504 0.1989 0.7246 0.4305 0.2546 0.4492 0.2060 0.2321 0.3260 0.1457 0.2507 0.5559 0.2508 0.5548 0.1225 0.3641 0.7255 0.4301 0.7246 0.4305 0.7798 0.2306 0.7864 0.2306 0.7858 0.2314 0.8503 0.3511 0.8512 0.3508 0.7246 0.4305 0.7793 0.2296 0.5504 0.1989 0.7870 0.2296 0.8460 0.1955 0.7873 0.2286 0.0292 0.7991 0.2397 0.6509 0.1385 0.7895 0.2486 0.4562 0.2493 0.4570 0.2516 0.5528 0.7699 0.5610 0.7695 0.5621 0.8519 0.6376 0.8526 0.6368 0.8941 0.0529 0.8488 0.1861 0.8497 0.1865 0.9048 0.0602 0.1321 0.1802 0.1318 0.1813 0.0358 0.1507 0.0400 0.1371 0.1193 0.3604 0.1196 0.3614 0.0292 0.2009 0.1778 0.1837 0.1784 0.1845 0.3218 0.1407 0.3219 0.1396 0.8560 0.3578 0.8591 0.6386 0.9708 0.2009 0.8563 0.3545 0.9708 0.2009 0.8560 0.3535 0.8560 0.3535 0.9708 0.2009 0.8555 0.3525 0.2493 0.4570 0.2516 0.5528 0.2523 0.5520 0.4664 0.6459 0.3766 0.7298 0.3771 0.7307 0.4673 0.6465 0.7246 0.4305 0.7255 0.4301 0.7798 0.2306 0.6825 0.6533 0.6832 0.6525 0.4725 0.6389 0.8445 0.1941 0.8440 0.1932 0.7870 0.2253 0.7873 0.2263 0.2543 0.6138 0.2583 0.5590 0.2538 0.6128 0.1882 0.8011 0.1734 0.7895 0.2412 0.6559 0.2420 0.6565 0.8521 0.3506 0.8531 0.3508 0.8497 0.1955 0.8488 0.1959 0.8560 0.3578 0.8586 0.6376 0.8555 0.3588 0.7246 0.4305 0.7793 0.2296 0.7798 0.2306 0.2588 0.5581 0.2591 0.5570 0.2546 0.6148 0.3751 0.7284 0.4653 0.6442 0.4649 0.6431 0.3742 0.7280 0.2478 0.4520 0.2477 0.4531 0.1254 0.3638 0.1262 0.3632 0.4725 0.6389 0.4718 0.6381 0.7223 0.4361 0.7226 0.4372 0.2049 0.2260 0.2055 0.2268 0.3222 0.1429 0.3219 0.1418 0.2519 0.4581 0.2510 0.4580 0.2531 0.5514 0.2540 0.5510 0.2477 0.6499 0.2531 0.6198 0.2472 0.6489 0.1350 0.1775 0.1359 0.1774 0.1172 0.0468 0.1059 0.0529 0.2501 0.4576 0.2493 0.4570 0.2523 0.5520 0.7955 0.4666 0.7647 0.5550 0.7960 0.4676 0.8510 0.6407 0.8511 0.6396 0.7684 0.5638 0.7676 0.5644 0.2546 0.4570 0.2568 0.5514 0.2559 0.5510 0.2538 0.4576 0.6897 0.6586 0.8519 0.6439 0.8514 0.6429 0.6900 0.6575 0.3251 0.1456 0.2064 0.2311 0.2065 0.2300 0.3242 0.1452 0.8615 0.7895 0.8440 0.7854 0.8552 0.6457 0.8562 0.6456 0.8468 0.9645 0.8344 0.9657 0.8440 0.8921 0.2022 0.2250 0.2031 0.2251 0.1793 0.1887 0.9675 0.8352 0.9642 0.8493 0.8896 0.8388 0.5504 0.1235 0.5356 0.1119 0.8282 0.0342 0.7647 0.5550 0.7955 0.4666 0.7283 0.4395 0.1369 0.1873 0.1732 0.1921 0.1980 0.2311 0.3303 0.1407 0.3302 0.1396 0.4760 0.1408 0.1713 0.1854 0.1401 0.1813 0.1398 0.1802 0.1718 0.1845 0.6817 0.6575 0.6820 0.6586 0.4725 0.6451 0.4730 0.6442 0.1172 0.9532 0.1059 0.9471 0.1385 0.8881 0.7246 0.4395 0.7615 0.5588 0.7618 0.5577 0.7638 0.5554 0.7647 0.5550 0.7283 0.4395 0.7274 0.4399 0.8506 0.1949 0.9708 0.2009 0.8548 0.3517 0.8540 0.3511 0.8003 0.4693 0.7695 0.5577 0.8012 0.4689 0.1778 0.1837 0.3219 0.1396 0.3222 0.1385 0.1718 0.0342 0.7841 0.2323 0.7831 0.2325 0.8483 0.3535 0.8488 0.3525 0.9334 0.9118 0.9414 0.9006 0.8862 0.8592 0.8440 0.1888 0.7841 0.2226 0.8445 0.1879 0.7291 0.4389 0.7952 0.4656 0.7951 0.4644 0.7298 0.4381 0.5006 0.2105 0.2561 0.4520 0.4682 0.6371 0.2471 0.6191 0.2420 0.6475 0.2429 0.6472 0.2477 0.6198 0.9246 0.0779 0.8506 0.1871 0.9334 0.0882 0.2495 0.6111 0.2486 0.6114 0.2523 0.5598 0.2531 0.5604 0.2561 0.4520 0.2562 0.4531 0.4682 0.6371 0.7850 0.2230 0.8437 0.1899 0.8436 0.1910 0.7858 0.2235 0.2531 0.6120 0.2576 0.5598 0.2538 0.6128 0.6816 0.6564 0.6817 0.6553 0.4734 0.6420 0.4733 0.6431 0.2508 0.5548 0.1235 0.3643 0.1225 0.3641 0.7788 0.2275 0.7789 0.2263 0.5637 0.1612 0.5603 0.1816 0.2462 0.6148 0.0292 0.7991 0.2397 0.6509 0.1718 0.0342 0.3242 0.1362 0.3234 0.1368 0.5504 0.1989 0.7789 0.2286 0.7788 0.2275 0.5603 0.1816 0.3733 0.7279 0.2547 0.6159 0.4649 0.6409 0.1532 0.0355 0.1742 0.1827 0.1378 0.1779 0.4760 0.1816 0.3287 0.1446 0.3294 0.1438 0.2588 0.5537 0.2583 0.5528 0.2558 0.4553 0.8552 0.6457 0.8440 0.7854 0.8615 0.7895 0.8562 0.6456 0.1245 0.3544 0.1359 0.1874 0.1983 0.2321 0.8480 0.3568 0.8483 0.3578 0.7984 0.4596 0.8563 0.3568 0.8564 0.3556 0.9708 0.2009 0.8563 0.3545 0.8564 0.3556 0.9708 0.2009 0.8517 0.1888 0.8521 0.1899 0.9642 0.1507 0.9600 0.1371 0.1359 0.1874 0.1245 0.3544 0.1983 0.2321 0.6825 0.6533 0.4725 0.6389 0.4730 0.6398 0.8586 0.6376 0.8579 0.6368 0.8555 0.3588 0.3706 0.7290 0.2543 0.6181 0.2482 0.6520 0.3694 0.7351 0.3699 0.7360 0.2016 0.8388 0.1981 0.8184 0.7298 0.4381 0.7951 0.4644 0.7952 0.4633 0.7303 0.4372 0.2561 0.4520 0.5006 0.2105 0.4682 0.6371 0.1333 0.1863 0.1216 0.3547 0.1225 0.3544 0.1341 0.1869 0.1192 0.3593 0.1193 0.3581 0.0292 0.2009 0.4653 0.6442 0.4658 0.6451 0.3759 0.7290 0.3751 0.7284 0.1326 0.1855 0.1333 0.1863 0.0292 0.2009 0.2457 0.6565 0.3691 0.7340 0.3690 0.7329 0.6877 0.6519 0.7618 0.5621 0.7615 0.5610 0.6868 0.6515 0.1401 0.1835 0.1398 0.1846 0.1709 0.1887 0.1708 0.1876 0.1385 0.7895 0.0292 0.7991 0.1237 0.8011 0.1709 0.1865 0.1402 0.1824 0.1401 0.1813 0.1713 0.1854 0.8282 0.0342 0.7804 0.2235 0.7812 0.2230 0.7984 0.4693 0.7994 0.4694 0.7684 0.5560 0.7676 0.5554 0.8521 0.1899 0.8522 0.1910 0.9696 0.1791 0.9675 0.1648 0.8266 0.7895 0.8526 0.6447 0.8534 0.6453 0.0515 0.8887 0.0453 0.8761 0.1138 0.8592 0.4673 0.6465 0.4682 0.6469 0.3774 0.7318 0.3771 0.7307 0.8579 0.6368 0.8571 0.6362 0.8035 0.4656 0.1709 0.1887 0.1398 0.1846 0.1401 0.1835 0.1708 0.1876 0.2477 0.6499 0.2481 0.6509 0.2538 0.6191 0.7700 0.5599 0.7699 0.5588 0.8543 0.6359 0.0292 0.7991 0.0293 0.8064 0.1138 0.8184 0.1237 0.8011 0.1237 0.8765 0.1138 0.8592 0.0666 0.9118 0.0754 0.9221 0.6897 0.6586 0.8266 0.7895 0.8118 0.8011 0.6892 0.6595 0.8440 0.7854 0.8266 0.7895 0.8534 0.6453 0.8543 0.6456 0.8282 0.0342 0.5356 0.1119 0.5181 0.1079 0.2561 0.4520 0.2558 0.4509 0.5006 0.2105 0.2060 0.2321 0.2538 0.4486 0.2546 0.4492 0.7804 0.2235 0.5603 0.1408 0.8282 0.0342 0.8266 0.7895 0.8440 0.7854 0.8543 0.6456 0.8534 0.6453 0.9642 0.8493 0.9600 0.8629 0.8896 0.8388 0.8282 0.0342 0.7812 0.2230 0.7804 0.2235 0.1718 0.1907 0.1386 0.1863 0.1393 0.1855 0.1713 0.1898 0.1138 0.8184 0.0293 0.8064 0.0304 0.8209 0.1104 0.8388 0.8526 0.6368 0.8534 0.6362 0.7700 0.5599 0.7699 0.5610 0.8595 0.6407 0.8594 0.6396 0.9708 0.7991 0.8594 0.6419 0.8595 0.6407 0.9708 0.7991 0.7226 0.4328 0.5356 0.2105 0.7231 0.4319 0.1718 0.0342 0.3234 0.1368 0.3227 0.1376 0.7265 0.4400 0.7274 0.4399 0.7638 0.5554 0.7630 0.5560 0.7789 0.2263 0.7788 0.2275 0.5603 0.1816 0.5637 0.1612 0.2523 0.5520 0.2501 0.4576 0.2510 0.4580 0.2531 0.5514 0.7788 0.2275 0.7789 0.2286 0.5504 0.1989 0.5603 0.1816 0.3759 0.7368 0.8019 0.8592 0.8282 0.9658 0.8118 0.8011 0.6892 0.6595 0.6885 0.6603 0.6817 0.6553 0.6820 0.6542 0.4733 0.6409 0.4734 0.6420 0.8517 0.1888 0.9547 0.1239 0.9600 0.1371 0.1790 0.1898 0.2022 0.2250 0.2012 0.2251 0.1784 0.1907 0.2457 0.6475 0.2504 0.6209 0.2495 0.6208 0.2448 0.6472 0.8763 0.8011 0.8615 0.7895 0.8579 0.6447 0.5356 0.2105 0.5181 0.2146 0.7223 0.4339 0.7226 0.4328 0.1560 0.7854 0.2400 0.6542 0.2405 0.6552 0.2031 0.2251 0.1794 0.1876 0.1793 0.1887 0.3279 0.1362 0.5006 0.1119 0.3270 0.1358 0.9708 0.7991 0.9707 0.8064 0.8862 0.8184 0.8763 0.8011 0.7789 0.2286 0.7793 0.2296 0.5504 0.1989 0.9150 0.0686 0.8497 0.1865 0.8506 0.1871 0.9246 0.0779 0.8591 0.0381 0.8711 0.0418 0.8488 0.1861 0.8479 0.1860 0.9642 0.8493 0.9675 0.8352 0.8896 0.8388 0.1751 0.1926 0.1983 0.2278 0.1988 0.2268 0.1761 0.1925 0.9246 0.9221 0.9150 0.9314 0.8763 0.8765 0.8521 0.1921 0.8522 0.1910 0.9707 0.1936 0.9708 0.2009 0.1196 0.3571 0.1193 0.3581 0.0292 0.2009 0.1318 0.1835 0.1321 0.1846 0.0292 0.2009 0.0293 0.1936 0.1979 0.2300 0.1742 0.1925 0.1980 0.2288 0.8531 0.3605 0.8035 0.4633 0.8032 0.4623 0.0325 0.8352 0.0358 0.8493 0.1104 0.8388 0.8479 0.1960 0.8512 0.3508 0.7864 0.2306 0.2576 0.5598 0.2531 0.6120 0.2568 0.5604 0.2588 0.5537 0.2561 0.4542 0.4664 0.6381 0.0453 0.1239 0.1321 0.1802 0.0400 0.1371 0.1341 0.1869 0.1225 0.3544 0.1235 0.3543 0.1350 0.1873 0.7283 0.4305 0.7274 0.4301 0.7812 0.2320 0.7822 0.2323 0.7798 0.2306 0.7255 0.4301 0.7265 0.4300 0.7804 0.2314 0.2049 0.2260 0.2040 0.2255 0.1793 0.1865 0.7274 0.4301 0.7265 0.4300 0.7804 0.2314 0.7812 0.2320 0.2508 0.5570 0.2507 0.5559 0.2462 0.6148 0.6820 0.6542 0.6825 0.6533 0.4730 0.6398 0.4733 0.6409 0.3260 0.1357 0.3270 0.1358 0.1718 0.0342 0.8591 0.6386 0.8560 0.3578 0.9708 0.2009 0.3234 0.1446 0.3227 0.1438 0.2060 0.2278 0.2064 0.2288 0.8543 0.6456 0.8552 0.6457 0.8440 0.7854 0.7614 0.5599 0.7615 0.5588 0.6849 0.6515 0.4760 0.1816 0.4858 0.1989 0.3279 0.1452 0.3742 0.7280 0.4648 0.6420 0.4649 0.6431 0.9696 0.1791 0.8522 0.1910 0.9707 0.1936 0.8436 0.1910 0.8437 0.1899 0.7850 0.2230 0.7858 0.2235 0.1981 0.8184 0.2448 0.6569 0.2457 0.6565 0.2486 0.6114 0.2477 0.6120 0.2523 0.5598 0.8512 0.1941 0.8517 0.1932 0.9708 0.2009 0.8595 0.6407 0.8594 0.6419 0.9708 0.7991 0.6840 0.6519 0.6849 0.6515 0.7238 0.4389 0.7231 0.4381 0.9642 0.1507 0.8521 0.1899 0.9675 0.1648 0.8514 0.6386 0.8519 0.6376 0.7695 0.5621 0.7690 0.5630 0.2022 0.2250 0.1793 0.1887 0.2031 0.2251 0.7246 0.4395 0.7238 0.4389 0.7615 0.5588 0.7647 0.5550 0.7283 0.4395 0.7955 0.4666 0.2558 0.4553 0.2583 0.5528 0.2553 0.4562 0.8468 0.9645 0.8591 0.9619 0.8440 0.8921 0.1980 0.2288 0.1751 0.1926 0.1983 0.2278 0.4710 0.6375 0.4718 0.6381 0.7223 0.4361 0.7222 0.4350 0.7975 0.4599 0.7298 0.4319 0.7984 0.4596 0.9048 0.0602 0.8497 0.1865 0.9150 0.0686 0.1341 0.1779 0.1350 0.1775 0.0952 0.0602 0.0850 0.0686 0.8579 0.6368 0.8548 0.3595 0.8035 0.4656 0.2055 0.2268 0.2060 0.2278 0.3227 0.1438 0.3222 0.1429 0.1225 0.3641 0.2462 0.6148 0.2507 0.5559 0.7265 0.4400 0.7255 0.4399 0.7624 0.5568 0.7630 0.5560 0.7690 0.5568 0.7695 0.5577 0.8003 0.4693 0.2461 0.6159 0.2462 0.6148 0.2397 0.6509 0.2466 0.6181 0.2412 0.6481 0.2471 0.6191 0.1981 0.8592 0.3723 0.7378 0.3714 0.7374 0.5006 0.1119 0.4858 0.1235 0.3279 0.1362 0.1532 0.9645 0.1656 0.9657 0.1560 0.8921 0.2523 0.6114 0.2559 0.5608 0.2550 0.5609 0.2514 0.6111 0.5181 0.1079 0.5006 0.1119 0.1718 0.0342 0.7870 0.2296 0.7873 0.2286 0.8460 0.1955 0.2466 0.6138 0.2471 0.6128 0.2511 0.5581 0.2477 0.6198 0.2429 0.6472 0.2439 0.6470 0.2486 0.6204 0.3771 0.7307 0.3766 0.7298 0.4664 0.6459 0.4673 0.6465 0.1983 0.2321 0.1245 0.3544 0.1988 0.2331 0.2543 0.6138 0.2538 0.6128 0.2583 0.5590 0.7647 0.5550 0.7955 0.4666 0.7960 0.4676 0.2495 0.6208 0.2504 0.6209 0.2457 0.6475 0.2448 0.6472 0.8571 0.6362 0.8035 0.4656 0.8032 0.4666 0.9708 0.7991 0.8591 0.6429 0.8586 0.6439 0.8511 0.6396 0.7684 0.5638 0.7690 0.5630 0.8514 0.6386 0.1732 0.1831 0.1742 0.1827 0.1386 0.1785 0.1751 0.1926 0.1761 0.1925 0.1988 0.2268 0.1983 0.2278 0.9048 0.9398 0.9150 0.9314 0.8763 0.8765 0.8591 0.0381 0.8468 0.0355 0.8479 0.1860 0.8019 0.8184 0.6868 0.6613 0.6859 0.6614 0.8548 0.3595 0.8579 0.6368 0.8035 0.4656 0.7291 0.4311 0.8479 0.3556 0.8480 0.3545 0.7283 0.4305 0.2531 0.6120 0.2568 0.5604 0.2559 0.5608 0.2523 0.6114 0.4658 0.6451 0.4664 0.6459 0.3766 0.7298 0.3759 0.7290 0.3751 0.7284 0.3742 0.7280 0.4649 0.6431 0.4653 0.6442 0.4858 0.1235 0.5006 0.1119 0.3279 0.1362 0.1718 0.9658 0.3733 0.7379 0.1981 0.8592 0.0292 0.2009 0.1202 0.3561 0.1208 0.3553 0.8460 0.1955 0.8452 0.1949 0.7874 0.2275 0.7873 0.2286 0.1289 0.9582 0.1385 0.8881 0.1560 0.8921 0.1409 0.9619 0.8586 0.6439 0.8591 0.6429 0.9708 0.7991 0.1718 0.9658 0.1981 0.8592 0.1882 0.8765 0.6868 0.6515 0.6859 0.6514 0.7614 0.5599 0.7615 0.5610 0.2477 0.6120 0.2486 0.6114 0.2523 0.5598 0.2022 0.2350 0.2012 0.2348 0.1268 0.3561 0.1274 0.3571 0.2529 0.4580 0.2519 0.4581 0.2540 0.5510 0.2550 0.5509 0.8519 0.6439 0.8526 0.6447 0.8266 0.7895 0.6832 0.6525 0.7231 0.4381 0.7226 0.4372 0.8019 0.8184 0.8118 0.8011 0.6885 0.6603 0.6877 0.6609 0.7984 0.4596 0.7994 0.4594 0.8483 0.3578 0.2546 0.6171 0.3714 0.7284 0.3706 0.7290 0.2543 0.6181 0.8615 0.7895 0.8763 0.8011 0.8579 0.6447 0.8591 0.6386 0.9708 0.2009 0.9708 0.7991 0.3742 0.7280 0.3733 0.7279 0.4648 0.6420 0.8941 0.9471 0.8828 0.9532 0.8615 0.8881 0.9485 0.8887 0.9547 0.8761 0.8862 0.8592 0.8521 0.1899 0.9642 0.1507 0.9675 0.1648 0.3759 0.7368 0.3766 0.7360 0.7984 0.8388 0.8019 0.8592 0.1732 0.1831 0.1393 0.1793 0.1724 0.1837 0.1532 0.9645 0.1409 0.9619 0.1560 0.8921 0.7850 0.2320 0.7858 0.2314 0.8503 0.3511 0.8495 0.3517 0.7858 0.2314 0.7864 0.2306 0.8512 0.3508 0.8503 0.3511 0.7812 0.2320 0.7274 0.4301 0.7283 0.4305 0.7822 0.2323 0.6832 0.6603 0.4718 0.6459 0.4710 0.6465 0.3751 0.7374 0.8282 0.9658 0.3759 0.7368 0.3742 0.7378 0.1718 0.9658 0.3751 0.7374 0.1289 0.0418 0.1409 0.0381 0.1369 0.1775 0.8460 0.1955 0.7873 0.2286 0.7874 0.2275 0.8452 0.1949 0.7841 0.2226 0.8440 0.1888 0.8445 0.1879 0.8711 0.9582 0.8828 0.9532 0.8615 0.8881 0.0754 0.9221 0.0850 0.9314 0.1237 0.8765 0.3733 0.7379 0.1718 0.9658 0.3742 0.7378 0.2461 0.6159 0.2400 0.6499 0.2397 0.6509 0.2481 0.4509 0.2486 0.4500 0.1274 0.3614 0.1268 0.3624 0.2592 0.5559 0.2591 0.5548 0.4664 0.6381 0.4658 0.6389 0.2583 0.5590 0.2543 0.6138 0.2588 0.5581 0.4760 0.1816 0.3279 0.1452 0.3287 0.1446 0.6817 0.6553 0.6816 0.6564 0.4733 0.6431 0.4734 0.6420 0.2529 0.4482 0.2519 0.4481 0.2040 0.2345 0.2049 0.2339 0.7984 0.4596 0.7298 0.4319 0.7975 0.4599 0.8521 0.3606 0.8531 0.3605 0.8032 0.4623 0.1369 0.1873 0.1732 0.1921 0.1724 0.1915 0.9708 0.7991 0.8594 0.6419 0.8591 0.6429 0.8512 0.1879 0.9414 0.0994 0.9485 0.1113 0.2466 0.6481 0.2514 0.6208 0.2504 0.6209 0.2457 0.6475 0.7303 0.4328 0.7298 0.4319 0.7975 0.4599 0.8517 0.1932 0.8521 0.1921 0.9708 0.2009 0.7984 0.4693 0.7975 0.4689 0.7666 0.5550 0.7676 0.5554 0.8012 0.4689 0.7699 0.5588 0.8020 0.4684 0.3699 0.7360 0.3706 0.7368 0.2016 0.8388 0.4710 0.6465 0.3766 0.7360 0.3771 0.7351 0.3691 0.7340 0.3694 0.7351 0.1981 0.8184 0.7695 0.5577 0.7699 0.5588 0.8012 0.4689 0.8469 0.1959 0.7870 0.2296 0.8460 0.1955 0.1718 0.1845 0.1398 0.1802 0.1393 0.1793 0.1724 0.1837 0.1656 0.9657 0.1532 0.9645 0.1560 0.8921 0.7699 0.5588 0.8552 0.6357 0.8543 0.6359 0.2583 0.5590 0.2588 0.5581 0.2543 0.6138 0.8571 0.6362 0.8562 0.6359 0.8027 0.4676 0.8032 0.4666 0.7255 0.4399 0.7246 0.4395 0.7618 0.5577 0.7624 0.5568 0.7298 0.4319 0.8480 0.3568 0.7984 0.4596 0.7841 0.2323 0.7850 0.2320 0.8495 0.3517 0.8488 0.3525 0.8506 0.1871 0.8497 0.1865 0.9150 0.0686 0.9246 0.0779 0.1761 0.1827 0.1770 0.1831 0.1718 0.0342 0.8531 0.3508 0.8540 0.3511 0.8506 0.1949 0.8497 0.1955 0.8506 0.1949 0.8512 0.1941 0.9708 0.2009 0.2493 0.4570 0.2486 0.4562 0.2516 0.5528 0.8896 0.8388 0.9675 0.8352 0.9696 0.8209 0.8282 0.0342 0.8452 0.1871 0.8460 0.1865 0.8591 0.6386 0.8586 0.6376 0.8560 0.3578 0.2461 0.6159 0.2397 0.6509 0.2462 0.6148 0.2462 0.6148 0.1225 0.3641 0.2507 0.5559 0.4710 0.6465 0.3771 0.7351 0.3766 0.7360 0.4701 0.6469 0.3774 0.7340 0.3771 0.7351 0.8479 0.3556 0.7291 0.4311 0.7298 0.4319 0.8480 0.3568 0.2519 0.4481 0.2529 0.4482 0.2049 0.2339 0.2040 0.2345 0.8344 0.9657 0.8468 0.9645 0.8440 0.8921 0.8445 0.1879 0.8282 0.0342 0.8452 0.1871 0.7841 0.2226 0.7831 0.2225 0.8445 0.1879 0.8562 0.6456 0.8615 0.7895 0.8571 0.6453 0.3714 0.7284 0.3723 0.7280 0.2547 0.6159 0.2546 0.6171 0.7226 0.4372 0.7223 0.4361 0.4718 0.6381 0.4725 0.6389 0.2546 0.6148 0.2543 0.6138 0.2588 0.5581 0.2397 0.6532 0.2396 0.6520 0.1560 0.7854 0.8564 0.3556 0.8563 0.3568 0.9708 0.2009 0.1254 0.3547 0.1262 0.3553 0.2003 0.2345 0.1995 0.2339 0.1751 0.1926 0.1742 0.1925 0.1980 0.2288 0.8521 0.1921 0.8517 0.1932 0.9708 0.2009 0.6859 0.6614 0.7984 0.8388 0.6849 0.6613 0.2558 0.4509 0.2561 0.4520 0.5006 0.2105 0.0453 0.8761 0.0515 0.8887 0.1138 0.8592 0.8615 0.8881 0.8763 0.8765 0.9048 0.9398 0.8941 0.9471 0.8828 0.9532 0.8941 0.9471 0.8615 0.8881 0.2462 0.6148 0.0292 0.7991 0.1216 0.3638 0.8512 0.1941 0.8506 0.1949 0.9708 0.2009 0.2508 0.5548 0.1235 0.3643 0.2481 0.4553 0.6897 0.6542 0.7638 0.5644 0.7630 0.5638 0.6892 0.6533 0.9150 0.9314 0.9246 0.9221 0.8763 0.8765 0.0453 0.8761 0.1138 0.8592 0.1104 0.8388 0.0400 0.8629 0.0586 0.9006 0.0666 0.9118 0.1138 0.8592 0.2546 0.4492 0.2538 0.4486 0.2060 0.2321 0.7984 0.8388 0.6840 0.6609 0.3766 0.7360 0.2531 0.5604 0.2495 0.6111 0.2504 0.6109 0.2540 0.5608 0.2439 0.6470 0.2429 0.6472 0.2477 0.6198 0.2486 0.6204 0.1350 0.1775 0.1059 0.0529 0.0952 0.0602 0.2561 0.4542 0.2588 0.5537 0.4664 0.6381 0.8586 0.6376 0.8560 0.3578 0.8555 0.3588 0.3706 0.7290 0.3714 0.7284 0.2546 0.6171 0.2543 0.6181 0.7666 0.5550 0.7657 0.5549 0.7967 0.4684 0.7975 0.4689 0.2396 0.6520 0.2397 0.6532 0.1560 0.7854 0.3218 0.1407 0.3219 0.1418 0.1790 0.1854 0.1784 0.1845 0.8510 0.6407 0.8511 0.6419 0.7666 0.5648 0.5603 0.1408 0.7798 0.2243 0.7804 0.2235 0.1560 0.7854 0.1734 0.7895 0.2412 0.6559 0.2405 0.6552 0.8488 0.3588 0.8003 0.4596 0.8012 0.4599 0.8495 0.3595 0.0400 0.8629 0.0358 0.8493 0.1104 0.8388 0.1784 0.1845 0.1790 0.1854 0.3219 0.1418 0.3218 0.1407 0.2400 0.6499 0.2461 0.6159 0.2397 0.6509 0.6825 0.6533 0.4725 0.6389 0.6832 0.6525 0.8036 0.4644 0.8035 0.4656 0.8548 0.3595 0.2439 0.6570 0.1882 0.8011 0.1981 0.8184 0.2448 0.6569 0.8479 0.1960 0.7870 0.2296 0.8469 0.1959 0.8118 0.8765 0.8019 0.8592 0.8282 0.9658 0.6840 0.6519 0.6832 0.6525 0.7231 0.4381 0.8468 0.0355 0.8591 0.0381 0.8479 0.1860 0.8488 0.1861 0.8711 0.0418 0.8828 0.0468 0.7975 0.4599 0.7303 0.4328 0.7306 0.4339 0.7967 0.4605 0.8012 0.4689 0.7699 0.5588 0.7695 0.5577 0.3742 0.7280 0.4648 0.6420 0.3733 0.7279 0.8534 0.6362 0.7700 0.5599 0.8543 0.6359 0.1193 0.3581 0.1196 0.3571 0.0292 0.2009 0.1751 0.1826 0.1656 0.0343 0.1718 0.0342 0.1761 0.1827 0.2562 0.4531 0.2561 0.4520 0.4682 0.6371 0.4718 0.6381 0.4710 0.6375 0.7222 0.4350 0.7223 0.4361 0.9547 0.1239 0.8517 0.1888 0.9600 0.1371 0.2397 0.6509 0.2396 0.6520 0.1385 0.7895 0.5006 0.2105 0.4691 0.6370 0.4682 0.6371 0.8552 0.6457 0.8543 0.6456 0.8440 0.7854 0.2477 0.6120 0.2516 0.5590 0.2523 0.5598 0.4725 0.1612 0.4760 0.1816 0.3299 0.1429 0.3302 0.1418 0.8480 0.3545 0.7822 0.2323 0.7831 0.2325 0.8483 0.3535 0.8526 0.6447 0.8266 0.7895 0.8534 0.6453 0.8519 0.6439 0.8266 0.7895 0.8526 0.6447 0.6825 0.6533 0.6820 0.6542 0.4733 0.6409 0.4730 0.6398 0.8517 0.1932 0.8512 0.1941 0.9708 0.2009 0.6900 0.6575 0.6901 0.6564 0.8511 0.6419 0.8514 0.6429 0.8495 0.3595 0.8012 0.4599 0.8020 0.4605 0.8503 0.3601 0.8460 0.1955 0.7870 0.2296 0.8469 0.1959 0.4760 0.1816 0.3294 0.1438 0.3299 0.1429 0.7666 0.5648 0.7657 0.5649 0.8511 0.6419 0.2508 0.5570 0.2466 0.6138 0.2462 0.6148 0.2558 0.4509 0.5006 0.2105 0.4858 0.1989 0.2553 0.4500 0.8571 0.6362 0.8579 0.6368 0.8035 0.4656 0.2523 0.5598 0.2486 0.6114 0.2495 0.6111 0.2531 0.5604 0.4718 0.6459 0.6832 0.6603 0.6825 0.6595 0.1734 0.7895 0.1560 0.7854 0.2405 0.6552 0.2412 0.6559 0.8540 0.3601 0.8036 0.4644 0.8548 0.3595 0.8019 0.8592 0.7984 0.8388 0.3766 0.7360 0.3759 0.7368 0.8531 0.3605 0.8035 0.4633 0.8540 0.3601 0.8521 0.3606 0.8032 0.4623 0.8531 0.3605 0.8483 0.3578 0.8488 0.3588 0.8003 0.4596 0.7994 0.4594 0.8534 0.6362 0.8543 0.6359 0.7700 0.5599 0.8488 0.3588 0.8495 0.3595 0.8012 0.4599 0.8003 0.4596 0.2576 0.5520 0.2568 0.5514 0.2546 0.4570 0.8480 0.3568 0.7984 0.4596 0.8483 0.3578 0.3242 0.1362 0.3251 0.1358 0.1718 0.0342 0.3699 0.7298 0.3694 0.7307 0.2472 0.6552 0.2477 0.6542 0.2531 0.6198 0.2477 0.6499 0.2472 0.6489 0.2529 0.4580 0.2550 0.5509 0.2540 0.5510 0.2519 0.4581 0.6892 0.6533 0.6885 0.6525 0.7624 0.5630 0.7630 0.5638 0.7864 0.2306 0.7870 0.2296 0.8479 0.1960 0.8497 0.1865 0.9048 0.0602 0.9150 0.0686 0.1790 0.1854 0.1793 0.1865 0.2049 0.2260 0.3775 0.7329 0.4682 0.6469 0.3774 0.7318 0.2049 0.2260 0.3219 0.1418 0.1790 0.1854 0.1732 0.1921 0.1742 0.1925 0.1979 0.2300 0.1793 0.1865 0.1794 0.1876 0.2040 0.2255 0.2477 0.4531 0.2478 0.4520 0.1262 0.3632 0.1254 0.3638 0.3227 0.1376 0.3234 0.1368 0.1718 0.0342 0.1793 0.1865 0.2040 0.2255 0.2049 0.2260 0.3751 0.7374 0.3759 0.7368 0.3759 0.7368 0.3751 0.7374 0.4725 0.1612 0.4760 0.1408 0.4760 0.1408 0.4725 0.1612 0.8118 0.8765 0.8019 0.8592 0.8019 0.8592 0.8118 0.8765 0.9708 0.7991 0.9708 0.2009 0.9708 0.2009 0.9708 0.7991 0.0400 0.8629 0.0453 0.8761 0.0453 0.8761 0.0400 0.8629 0.9642 0.8493 0.9675 0.8352 0.9675 0.8352 0.9642 0.8493 0.5637 0.1612 0.5603 0.1816 0.5603 0.1816 0.5637 0.1612 0.8941 0.0529 0.8828 0.0468 0.8828 0.0468 0.8941 0.0529 0.4733 0.6409 0.4733 0.6409 0.4730 0.6398 0.4730 0.6398 0.1237 0.8765 0.1138 0.8592 0.1138 0.8592 0.1237 0.8765 0.1718 0.9658 0.8282 0.9658 0.8282 0.9658 0.1718 0.9658 0.3714 0.7374 0.3723 0.7378 0.3723 0.7378 0.3714 0.7374 0.5603 0.1408 0.5637 0.1612 0.5637 0.1612 0.5603 0.1408 0.9334 0.9118 0.9414 0.9006 0.9414 0.9006 0.9334 0.9118 0.1104 0.8388 0.1138 0.8184 0.1138 0.8184 0.1104 0.8388 0.8591 0.9619 0.8711 0.9582 0.8711 0.9582 0.8591 0.9619 0.1409 0.0381 0.1289 0.0418 0.1289 0.0418 0.1409 0.0381 0.4691 0.6470 0.4691 0.6470 0.4701 0.6469 0.4701 0.6469 0.4725 0.6451 0.4725 0.6451 0.4730 0.6442 0.4730 0.6442 0.4649 0.6409 0.4649 0.6409 0.4648 0.6420 0.4648 0.6420 0.0304 0.8209 0.0325 0.8352 0.0325 0.8352 0.0304 0.8209 0.9642 0.1507 0.9600 0.1371 0.9600 0.1371 0.9642 0.1507 0.1385 0.7895 0.1560 0.7854 0.1560 0.7854 0.1385 0.7895 0.1532 0.9645 0.1656 0.9657 0.1656 0.9657 0.1532 0.9645 0.4673 0.6375 0.4673 0.6375 0.4664 0.6381 0.4664 0.6381 0.9707 0.8064 0.9708 0.7991 0.9708 0.7991 0.9707 0.8064 0.0952 0.9398 0.1059 0.9471 0.1059 0.9471 0.0952 0.9398 0.9696 0.1791 0.9675 0.1648 0.9675 0.1648 0.9696 0.1791 0.8266 0.8881 0.8118 0.8765 0.8118 0.8765 0.8266 0.8881 0.1734 0.7895 0.1882 0.8011 0.1882 0.8011 0.1734 0.7895 0.5504 0.1235 0.5603 0.1408 0.5603 0.1408 0.5504 0.1235 0.4858 0.1235 0.5006 0.1119 0.5006 0.1119 0.4858 0.1235 0.9600 0.8629 0.9642 0.8493 0.9642 0.8493 0.9600 0.8629 0.1656 0.9657 0.1718 0.9658 0.1718 0.9658 0.1656 0.9657 0.9485 0.1113 0.9414 0.0994 0.9414 0.0994 0.9485 0.1113 0.9246 0.0779 0.9150 0.0686 0.9150 0.0686 0.9246 0.0779 0.1409 0.9619 0.1532 0.9645 0.1532 0.9645 0.1409 0.9619 0.6825 0.6533 0.6820 0.6542 0.6820 0.6542 0.6825 0.6533 0.1138 0.8184 0.1237 0.8011 0.1237 0.8011 0.1138 0.8184 0.6840 0.6609 0.6849 0.6613 0.6849 0.6613 0.6840 0.6609 0.5006 0.2105 0.4858 0.1989 0.4858 0.1989 0.5006 0.2105 0.6817 0.6575 0.6820 0.6586 0.6820 0.6586 0.6817 0.6575 0.1734 0.8881 0.1560 0.8921 0.1560 0.8921 0.1734 0.8881 0.4710 0.6375 0.4710 0.6375 0.4701 0.6371 0.4701 0.6371 0.8862 0.8592 0.8763 0.8765 0.8763 0.8765 0.8862 0.8592 0.0754 0.9221 0.0850 0.9314 0.0850 0.9314 0.0754 0.9221 0.9414 0.9006 0.9485 0.8887 0.9485 0.8887 0.9414 0.9006 0.5006 0.1119 0.5181 0.1079 0.5181 0.1079 0.5006 0.1119 0.6900 0.6575 0.6901 0.6564 0.6901 0.6564 0.6900 0.6575 0.9675 0.1648 0.9642 0.1507 0.9642 0.1507 0.9675 0.1648 0.0304 0.1791 0.0293 0.1936 0.0293 0.1936 0.0304 0.1791 0.0292 0.7991 0.0293 0.8064 0.0293 0.8064 0.0292 0.7991 0.1237 0.8011 0.1385 0.7895 0.1385 0.7895 0.1237 0.8011 0.6892 0.6533 0.6885 0.6525 0.6885 0.6525 0.6892 0.6533 0.8615 0.7895 0.8763 0.8011 0.8763 0.8011 0.8615 0.7895 0.1317 0.1824 0.1318 0.1835 0.1318 0.1835 0.1317 0.1824 0.3294 0.1376 0.3287 0.1368 0.3287 0.1368 0.3294 0.1376 0.1059 0.9471 0.1172 0.9532 0.1172 0.9532 0.1059 0.9471 0.0754 0.0779 0.0666 0.0882 0.0666 0.0882 0.0754 0.0779 0.8440 0.8921 0.8266 0.8881 0.8266 0.8881 0.8440 0.8921 0.1656 0.0343 0.1532 0.0355 0.1532 0.0355 0.1656 0.0343 0.3691 0.7340 0.3694 0.7351 0.3694 0.7351 0.3691 0.7340 0.3219 0.1418 0.3222 0.1429 0.3222 0.1429 0.3219 0.1418 0.0850 0.9314 0.0952 0.9398 0.0952 0.9398 0.0850 0.9314 0.1289 0.9582 0.1409 0.9619 0.1409 0.9619 0.1289 0.9582 0.7858 0.2314 0.7850 0.2320 0.8495 0.3517 0.8503 0.3511 0.3227 0.1376 0.3222 0.1385 0.3222 0.1385 0.3227 0.1376 0.8615 0.8881 0.8440 0.8921 0.8440 0.8921 0.8615 0.8881 0.3242 0.1452 0.3251 0.1456 0.3251 0.1456 0.3242 0.1452 0.4760 0.1816 0.4725 0.1612 0.4725 0.1612 0.4760 0.1816 0.8828 0.0468 0.8711 0.0418 0.8711 0.0418 0.8828 0.0468 0.9600 0.1371 0.9547 0.1239 0.9547 0.1239 0.9600 0.1371 0.0850 0.0686 0.0754 0.0779 0.0754 0.0779 0.0850 0.0686 0.0293 0.8064 0.0304 0.8209 0.0304 0.8209 0.0293 0.8064 0.0400 0.1371 0.0358 0.1507 0.0358 0.1507 0.0400 0.1371 0.9696 0.8209 0.9707 0.8064 0.9707 0.8064 0.9696 0.8209 0.8344 0.0343 0.8282 0.0342 0.8282 0.0342 0.8344 0.0343 0.8941 0.9471 0.9048 0.9398 0.9048 0.9398 0.8941 0.9471 0.0358 0.1507 0.0325 0.1648 0.0325 0.1648 0.0358 0.1507 0.8511 0.6419 0.8514 0.6429 0.8514 0.6429 0.8511 0.6419 0.0325 0.1648 0.0304 0.1791 0.0304 0.1791 0.0325 0.1648 0.8519 0.6376 0.8514 0.6386 0.8514 0.6386 0.8519 0.6376 0.3302 0.1418 0.3303 0.1407 0.3303 0.1407 0.3302 0.1418 0.1059 0.0529 0.0952 0.0602 0.0952 0.0602 0.1059 0.0529 0.9246 0.9221 0.9334 0.9118 0.9334 0.9118 0.9246 0.9221 0.9675 0.8352 0.9696 0.8209 0.9696 0.8209 0.9675 0.8352 0.0325 0.8352 0.0358 0.8493 0.0358 0.8493 0.0325 0.8352 0.9708 0.2009 0.9707 0.1936 0.9707 0.1936 0.9708 0.2009 0.8571 0.6453 0.8579 0.6447 0.8579 0.6447 0.8571 0.6453 0.8468 0.0355 0.8344 0.0343 0.8344 0.0343 0.8468 0.0355 0.8282 0.0342 0.1718 0.0342 0.1718 0.0342 0.8282 0.0342 0.8896 0.8388 0.8862 0.8592 0.8862 0.8592 0.8896 0.8388 0.9414 0.0994 0.9334 0.0882 0.9334 0.0882 0.9414 0.0994 0.0292 0.2009 0.0292 0.7991 0.0292 0.7991 0.0292 0.2009 0.9048 0.9398 0.9150 0.9314 0.9150 0.9314 0.9048 0.9398 0.1560 0.8921 0.1385 0.8881 0.1385 0.8881 0.1560 0.8921 0.8468 0.9645 0.8591 0.9619 0.8591 0.9619 0.8468 0.9645 0.8586 0.6376 0.8579 0.6368 0.8579 0.6368 0.8586 0.6376 0.0515 0.1113 0.0453 0.1239 0.0453 0.1239 0.0515 0.1113 0.8452 0.1949 0.8452 0.1949 0.8460 0.1955 0.8460 0.1955 0.5603 0.1816 0.5504 0.1989 0.5504 0.1989 0.5603 0.1816 0.9150 0.9314 0.9246 0.9221 0.9246 0.9221 0.9150 0.9314 0.1981 0.8184 0.2016 0.8388 0.2016 0.8388 0.1981 0.8184 0.8019 0.8184 0.8118 0.8011 0.8118 0.8011 0.8019 0.8184 0.8436 0.1910 0.8436 0.1910 0.8437 0.1921 0.8437 0.1921 0.0453 0.1239 0.0400 0.1371 0.0400 0.1371 0.0453 0.1239 0.0293 0.1936 0.0292 0.2009 0.0292 0.2009 0.0293 0.1936 0.8594 0.6419 0.8595 0.6407 0.8595 0.6407 0.8594 0.6419 0.8344 0.9657 0.8468 0.9645 0.8468 0.9645 0.8344 0.9657 0.0666 0.9118 0.0754 0.9221 0.0754 0.9221 0.0666 0.9118 0.8282 0.9658 0.8344 0.9657 0.8344 0.9657 0.8282 0.9658 0.5181 0.2146 0.5006 0.2105 0.5006 0.2105 0.5181 0.2146 0.0453 0.8761 0.0515 0.8887 0.0515 0.8887 0.0453 0.8761 0.9485 0.8887 0.9547 0.8761 0.9547 0.8761 0.9485 0.8887 0.8452 0.1871 0.8452 0.1871 0.8445 0.1879 0.8445 0.1879 0.8517 0.1932 0.8517 0.1932 0.8521 0.1921 0.8521 0.1921 0.8711 0.0418 0.8591 0.0381 0.8591 0.0381 0.8711 0.0418 0.4858 0.1989 0.4760 0.1816 0.4760 0.1816 0.4858 0.1989 0.5504 0.1989 0.5356 0.2105 0.5356 0.2105 0.5504 0.1989 0.1318 0.1835 0.1321 0.1846 0.1321 0.1846 0.1318 0.1835 0.8488 0.1959 0.8488 0.1959 0.8497 0.1955 0.8497 0.1955 0.9048 0.0602 0.8941 0.0529 0.8941 0.0529 0.9048 0.0602 0.8517 0.1888 0.8517 0.1888 0.8512 0.1879 0.8512 0.1879 0.9547 0.8761 0.9600 0.8629 0.9600 0.8629 0.9547 0.8761 0.2016 0.8388 0.1981 0.8592 0.1981 0.8592 0.2016 0.8388 0.8118 0.8011 0.8266 0.7895 0.8266 0.7895 0.8118 0.8011 0.8488 0.3525 0.8483 0.3535 0.8483 0.3535 0.8488 0.3525 0.2022 0.2250 0.2012 0.2251 0.2012 0.2251 0.2022 0.2250 0.5181 0.1079 0.5356 0.1119 0.5356 0.1119 0.5181 0.1079 0.1882 0.8011 0.1981 0.8184 0.1981 0.8184 0.1882 0.8011 0.1983 0.2321 0.1988 0.2331 0.1988 0.2331 0.1983 0.2321 0.8503 0.3601 0.8512 0.3605 0.8512 0.3605 0.8503 0.3601 0.1979 0.2300 0.1980 0.2311 0.1980 0.2311 0.1979 0.2300 0.1980 0.2288 0.1979 0.2300 0.1979 0.2300 0.1980 0.2288 0.2003 0.2255 0.1995 0.2260 0.1995 0.2260 0.2003 0.2255 0.1995 0.2339 0.2003 0.2345 0.2003 0.2345 0.1995 0.2339 0.1995 0.2260 0.1988 0.2268 0.1988 0.2268 0.1995 0.2260 0.1988 0.2268 0.1983 0.2278 0.1983 0.2278 0.1988 0.2268 0.8480 0.3568 0.8483 0.3578 0.8483 0.3578 0.8480 0.3568 0.1980 0.2311 0.1983 0.2321 0.1983 0.2321 0.1980 0.2311 0.2065 0.2300 0.2064 0.2288 0.2064 0.2288 0.2065 0.2300 0.8563 0.3568 0.8564 0.3556 0.8564 0.3556 0.8563 0.3568 0.8555 0.3525 0.8548 0.3517 0.8548 0.3517 0.8555 0.3525 0.2003 0.2345 0.2012 0.2348 0.2012 0.2348 0.2003 0.2345 0.2060 0.2278 0.2055 0.2268 0.2055 0.2268 0.2060 0.2278 0.2055 0.2268 0.2049 0.2260 0.2049 0.2260 0.2055 0.2268 0.2049 0.2260 0.2040 0.2255 0.2040 0.2255 0.2049 0.2260 0.2012 0.2348 0.2022 0.2350 0.2022 0.2350 0.2012 0.2348 0.2060 0.2321 0.2064 0.2311 0.2064 0.2311 0.2060 0.2321 0.2055 0.2331 0.2060 0.2321 0.2060 0.2321 0.2055 0.2331 0.2022 0.2350 0.2031 0.2348 0.2031 0.2348 0.2022 0.2350 0.8027 0.4676 0.8032 0.4666 0.8032 0.4666 0.8027 0.4676 0.2031 0.2348 0.2040 0.2345 0.2040 0.2345 0.2031 0.2348 0.2040 0.2345 0.2049 0.2339 0.2049 0.2339 0.2040 0.2345 0.7960 0.4676 0.7967 0.4684 0.7967 0.4684 0.7960 0.4676 0.2064 0.2311 0.2065 0.2300 0.2065 0.2300 0.2064 0.2311 0.2031 0.2251 0.2022 0.2250 0.2022 0.2250 0.2031 0.2251 0.1709 0.1887 0.1713 0.1898 0.1713 0.1898 0.1709 0.1887 0.1713 0.1898 0.1718 0.1907 0.1718 0.1907 0.1713 0.1898 0.1761 0.1827 0.1751 0.1826 0.1751 0.1826 0.1761 0.1827 0.1718 0.1907 0.1724 0.1915 0.1724 0.1915 0.1718 0.1907 0.1724 0.1915 0.1732 0.1921 0.1732 0.1921 0.1724 0.1915 0.8035 0.4633 0.8032 0.4623 0.8032 0.4623 0.8035 0.4633 0.1751 0.1826 0.1742 0.1827 0.1742 0.1827 0.1751 0.1826 0.1709 0.1865 0.1708 0.1876 0.1708 0.1876 0.1709 0.1865 0.1713 0.1854 0.1709 0.1865 0.1709 0.1865 0.1713 0.1854 0.7952 0.4633 0.7951 0.4644 0.7951 0.4644 0.7952 0.4633 0.1326 0.1855 0.1333 0.1863 0.1333 0.1863 0.1326 0.1855 0.1732 0.1831 0.1724 0.1837 0.1724 0.1837 0.1732 0.1831 0.1724 0.1837 0.1718 0.1845 0.1718 0.1845 0.1724 0.1837 0.1718 0.1845 0.1713 0.1854 0.1713 0.1854 0.1718 0.1845 0.1708 0.1876 0.1709 0.1887 0.1709 0.1887 0.1708 0.1876 0.7812 0.2320 0.7822 0.2323 0.7822 0.2323 0.7812 0.2320 0.1778 0.1837 0.1770 0.1831 0.1770 0.1831 0.1778 0.1837 0.1794 0.1876 0.1793 0.1865 0.1793 0.1865 0.1794 0.1876 0.1333 0.1863 0.1341 0.1869 0.1341 0.1869 0.1333 0.1863 0.1793 0.1865 0.1790 0.1854 0.1790 0.1854 0.1793 0.1865 0.1790 0.1854 0.1784 0.1845 0.1784 0.1845 0.1790 0.1854 0.1784 0.1845 0.1778 0.1837 0.1778 0.1837 0.1784 0.1845 0.1341 0.1869 0.1350 0.1873 0.1350 0.1873 0.1341 0.1869 0.7873 0.2286 0.7874 0.2275 0.7874 0.2275 0.7873 0.2286 0.1778 0.1915 0.1784 0.1907 0.1784 0.1907 0.1778 0.1915 0.7864 0.2243 0.7858 0.2235 0.7858 0.2235 0.7864 0.2243 0.3759 0.7290 0.3751 0.7284 0.3751 0.7284 0.3759 0.7290 0.1751 0.1926 0.1761 0.1925 0.1761 0.1925 0.1751 0.1926 0.1761 0.1925 0.1770 0.1921 0.1770 0.1921 0.1761 0.1925 0.1770 0.1921 0.1778 0.1915 0.1778 0.1915 0.1770 0.1921 0.7789 0.2286 0.7793 0.2296 0.7793 0.2296 0.7789 0.2286 0.1770 0.1831 0.1761 0.1827 0.1761 0.1827 0.1770 0.1831 0.1751 0.1926 0.1751 0.1926 0.1742 0.1925 0.1742 0.1925 0.9334 0.0882 0.9246 0.0779 0.9246 0.0779 0.9334 0.0882 0.5356 0.1119 0.5504 0.1235 0.5504 0.1235 0.5356 0.1119 0.1318 0.1813 0.1317 0.1824 0.1317 0.1824 0.1318 0.1813 0.7657 0.5649 0.7666 0.5648 0.7666 0.5648 0.7657 0.5649 0.1326 0.1793 0.1321 0.1802 0.1321 0.1802 0.1326 0.1793 0.1393 0.1793 0.1386 0.1785 0.1386 0.1785 0.1393 0.1793 0.7690 0.5630 0.7695 0.5621 0.7695 0.5621 0.7690 0.5630 0.1350 0.1775 0.1341 0.1779 0.1341 0.1779 0.1350 0.1775 0.7699 0.5588 0.7695 0.5577 0.7695 0.5577 0.7699 0.5588 0.1193 0.3581 0.1192 0.3593 0.1192 0.3593 0.1193 0.3581 0.1378 0.1779 0.1369 0.1775 0.1369 0.1775 0.1378 0.1779 0.1369 0.1775 0.1359 0.1774 0.1359 0.1774 0.1369 0.1775 0.1359 0.1774 0.1350 0.1775 0.1350 0.1775 0.1359 0.1774 0.1333 0.1785 0.1326 0.1793 0.1326 0.1793 0.1333 0.1785 0.1378 0.1869 0.1386 0.1863 0.1386 0.1863 0.1378 0.1869 0.1402 0.1824 0.1401 0.1813 0.1401 0.1813 0.1402 0.1824 0.1386 0.1863 0.1393 0.1855 0.1393 0.1855 0.1386 0.1863 0.7615 0.5588 0.7614 0.5599 0.7614 0.5599 0.7615 0.5588 0.1393 0.1855 0.1398 0.1846 0.1398 0.1846 0.1393 0.1855 0.7638 0.5554 0.7630 0.5560 0.7630 0.5560 0.7638 0.5554 0.1401 0.1835 0.1402 0.1824 0.1402 0.1824 0.1401 0.1835 0.1193 0.3604 0.1196 0.3614 0.1196 0.3614 0.1193 0.3604 0.7624 0.5630 0.7630 0.5638 0.7630 0.5638 0.7624 0.5630 0.1235 0.3643 0.1235 0.3643 0.1225 0.3641 0.1225 0.3641 0.1196 0.3614 0.1202 0.3624 0.1202 0.3624 0.1196 0.3614 0.2493 0.4492 0.2486 0.4500 0.2486 0.4500 0.2493 0.4492 0.1202 0.3624 0.1208 0.3632 0.1208 0.3632 0.1202 0.3624 0.1208 0.3632 0.1216 0.3638 0.1216 0.3638 0.1208 0.3632 0.1216 0.3638 0.1225 0.3641 0.1225 0.3641 0.1216 0.3638 0.1369 0.1873 0.1378 0.1869 0.1378 0.1869 0.1369 0.1873 0.1401 0.1813 0.1398 0.1802 0.1398 0.1802 0.1401 0.1813 0.1235 0.3543 0.1225 0.3544 0.1225 0.3544 0.1235 0.3543 0.1225 0.3544 0.1216 0.3547 0.1216 0.3547 0.1225 0.3544 0.7231 0.4319 0.7226 0.4328 0.7226 0.4328 0.7231 0.4319 0.1216 0.3547 0.1208 0.3553 0.1208 0.3553 0.1216 0.3547 0.7265 0.4300 0.7255 0.4301 0.7255 0.4301 0.7265 0.4300 0.1202 0.3561 0.1196 0.3571 0.1196 0.3571 0.1202 0.3561 0.1277 0.3604 0.1278 0.3593 0.1278 0.3593 0.1277 0.3604 0.1254 0.3547 0.1245 0.3544 0.1245 0.3544 0.1254 0.3547 0.1262 0.3553 0.1254 0.3547 0.1254 0.3547 0.1262 0.3553 0.1278 0.3593 0.1277 0.3581 0.1277 0.3581 0.1278 0.3593 0.2486 0.4500 0.2481 0.4509 0.2481 0.4509 0.2486 0.4500 0.7246 0.4395 0.7255 0.4399 0.7255 0.4399 0.7246 0.4395 0.1274 0.3571 0.1268 0.3561 0.1268 0.3561 0.1274 0.3571 0.1268 0.3561 0.1262 0.3553 0.1262 0.3553 0.1268 0.3561 0.7298 0.4319 0.7291 0.4311 0.7291 0.4311 0.7298 0.4319 0.2519 0.4581 0.2529 0.4580 0.2529 0.4580 0.2519 0.4581 0.1262 0.3632 0.1268 0.3624 0.1268 0.3624 0.1262 0.3632 0.2538 0.4576 0.2538 0.4576 0.2529 0.4580 0.2529 0.4580 0.2481 0.4509 0.2478 0.4520 0.2478 0.4520 0.2481 0.4509 0.1235 0.3643 0.1245 0.3641 0.1245 0.3641 0.1235 0.3643 0.2397 0.6509 0.2396 0.6520 0.2396 0.6520 0.2397 0.6509 0.7283 0.4395 0.7291 0.4389 0.7291 0.4389 0.7283 0.4395 0.2439 0.6570 0.2448 0.6569 0.2448 0.6569 0.2439 0.6570 0.2501 0.4576 0.2510 0.4580 0.2510 0.4580 0.2501 0.4576 0.2493 0.4570 0.2501 0.4576 0.2501 0.4576 0.2493 0.4570 0.2477 0.4531 0.2478 0.4542 0.2478 0.4542 0.2477 0.4531 0.2461 0.6159 0.2462 0.6171 0.2462 0.6171 0.2461 0.6159 0.2472 0.6552 0.2477 0.6542 0.2477 0.6542 0.2472 0.6552 0.2481 0.4553 0.2486 0.4562 0.2486 0.4562 0.2481 0.4553 0.2486 0.4562 0.2493 0.4570 0.2493 0.4570 0.2486 0.4562 0.2510 0.4580 0.2519 0.4581 0.2519 0.4581 0.2510 0.4580 0.1268 0.3624 0.1274 0.3614 0.1274 0.3614 0.1268 0.3624 0.1196 0.3571 0.1193 0.3581 0.1193 0.3581 0.1196 0.3571 0.2529 0.4482 0.2519 0.4481 0.2519 0.4481 0.2529 0.4482 0.2546 0.4570 0.2553 0.4562 0.2553 0.4562 0.2546 0.4570 0.2519 0.4481 0.2510 0.4482 0.2510 0.4482 0.2519 0.4481 0.2510 0.4482 0.2501 0.4486 0.2501 0.4486 0.2510 0.4482 0.2538 0.4486 0.2529 0.4482 0.2529 0.4482 0.2538 0.4486 0.2495 0.6111 0.2486 0.6114 0.2486 0.6114 0.2495 0.6111 0.2553 0.4500 0.2546 0.4492 0.2546 0.4492 0.2553 0.4500 0.2558 0.4509 0.2553 0.4500 0.2553 0.4500 0.2558 0.4509 0.2558 0.4553 0.2561 0.4542 0.2561 0.4542 0.2558 0.4553 0.2583 0.5590 0.2588 0.5581 0.2588 0.5581 0.2583 0.5590 0.2466 0.6138 0.2462 0.6148 0.2462 0.6148 0.2466 0.6138 0.2562 0.4531 0.2561 0.4520 0.2561 0.4520 0.2562 0.4531 0.2420 0.6475 0.2412 0.6481 0.2412 0.6481 0.2420 0.6475 0.2546 0.4492 0.2538 0.4486 0.2538 0.4486 0.2546 0.4492 0.2550 0.5509 0.2540 0.5510 0.2540 0.5510 0.2550 0.5509 0.2508 0.5548 0.2508 0.5548 0.2511 0.5537 0.2511 0.5537 0.2495 0.6208 0.2504 0.6209 0.2504 0.6209 0.2495 0.6208 0.2588 0.5581 0.2591 0.5570 0.2591 0.5570 0.2588 0.5581 0.2531 0.5514 0.2523 0.5520 0.2523 0.5520 0.2531 0.5514 0.2523 0.5520 0.2516 0.5528 0.2516 0.5528 0.2523 0.5520 0.2516 0.5528 0.2511 0.5537 0.2511 0.5537 0.2516 0.5528 0.2547 0.6159 0.2546 0.6148 0.2546 0.6148 0.2547 0.6159 0.2568 0.5514 0.2559 0.5510 0.2559 0.5510 0.2568 0.5514 0.2576 0.5520 0.2568 0.5514 0.2568 0.5514 0.2576 0.5520 0.2592 0.5559 0.2591 0.5548 0.2591 0.5548 0.2592 0.5559 0.2462 0.6171 0.2466 0.6181 0.2466 0.6181 0.2462 0.6171 0.2591 0.5548 0.2588 0.5537 0.2588 0.5537 0.2591 0.5548 0.2588 0.5537 0.2583 0.5528 0.2583 0.5528 0.2588 0.5537 0.2531 0.6198 0.2538 0.6191 0.2538 0.6191 0.2531 0.6198 0.2559 0.5510 0.2550 0.5509 0.2550 0.5509 0.2559 0.5510 0.2481 0.6509 0.2477 0.6499 0.2477 0.6499 0.2481 0.6509 0.2531 0.5604 0.2540 0.5608 0.2540 0.5608 0.2531 0.5604 0.2540 0.5608 0.2550 0.5609 0.2550 0.5609 0.2540 0.5608 0.2523 0.6114 0.2514 0.6111 0.2514 0.6111 0.2523 0.6114 0.2550 0.5609 0.2559 0.5608 0.2559 0.5608 0.2550 0.5609 0.2559 0.5608 0.2568 0.5604 0.2568 0.5604 0.2559 0.5608 0.2508 0.5548 0.2507 0.5559 0.2507 0.5559 0.2508 0.5548 0.2514 0.6111 0.2504 0.6109 0.2504 0.6109 0.2514 0.6111 0.2516 0.5590 0.2523 0.5598 0.2523 0.5598 0.2516 0.5590 0.2511 0.5581 0.2516 0.5590 0.2516 0.5590 0.2511 0.5581 0.2495 0.6111 0.2495 0.6111 0.2504 0.6109 0.2504 0.6109 0.2568 0.5604 0.2576 0.5598 0.2576 0.5598 0.2568 0.5604 0.2466 0.6181 0.2471 0.6191 0.2471 0.6191 0.2466 0.6181 0.2507 0.5559 0.2508 0.5570 0.2508 0.5570 0.2507 0.5559 0.2508 0.5570 0.2511 0.5581 0.2511 0.5581 0.2508 0.5570 0.2523 0.5598 0.2531 0.5604 0.2531 0.5604 0.2523 0.5598 0.2543 0.6181 0.2546 0.6171 0.2546 0.6171 0.2543 0.6181 0.2538 0.6128 0.2531 0.6120 0.2531 0.6120 0.2538 0.6128 0.2546 0.6171 0.2547 0.6159 0.2547 0.6159 0.2546 0.6171 0.2591 0.5570 0.2592 0.5559 0.2592 0.5559 0.2591 0.5570 0.2471 0.6191 0.2477 0.6198 0.2477 0.6198 0.2471 0.6191 0.2546 0.6148 0.2543 0.6138 0.2543 0.6138 0.2546 0.6148 0.2543 0.6138 0.2538 0.6128 0.2538 0.6128 0.2543 0.6138 0.2583 0.5528 0.2576 0.5520 0.2576 0.5520 0.2583 0.5528 0.2477 0.6198 0.2486 0.6204 0.2486 0.6204 0.2477 0.6198 0.2523 0.6204 0.2531 0.6198 0.2531 0.6198 0.2523 0.6204 0.2486 0.6204 0.2495 0.6208 0.2495 0.6208 0.2486 0.6204 0.2540 0.5510 0.2531 0.5514 0.2531 0.5514 0.2540 0.5510 0.8003 0.4596 0.7994 0.4594 0.7994 0.4594 0.8003 0.4596 0.2504 0.6209 0.2514 0.6208 0.2514 0.6208 0.2504 0.6209 0.2514 0.6208 0.2523 0.6204 0.2523 0.6204 0.2514 0.6208 0.2538 0.6191 0.2543 0.6181 0.2543 0.6181 0.2538 0.6191 0.2531 0.6120 0.2523 0.6114 0.2523 0.6114 0.2531 0.6120 0.2576 0.5598 0.2583 0.5590 0.2583 0.5590 0.2576 0.5598 0.2501 0.4486 0.2493 0.4492 0.2493 0.4492 0.2501 0.4486 0.2561 0.4542 0.2562 0.4531 0.2562 0.4531 0.2561 0.4542 0.2448 0.6472 0.2439 0.6470 0.2439 0.6470 0.2448 0.6472 0.2471 0.6128 0.2466 0.6138 0.2466 0.6138 0.2471 0.6128 0.2477 0.6120 0.2471 0.6128 0.2471 0.6128 0.2477 0.6120 0.2553 0.4562 0.2558 0.4553 0.2558 0.4553 0.2553 0.4562 0.2439 0.6470 0.2429 0.6472 0.2429 0.6472 0.2439 0.6470 0.2397 0.6509 0.2397 0.6509 0.2400 0.6499 0.2400 0.6499 0.2429 0.6472 0.2420 0.6475 0.2420 0.6475 0.2429 0.6472 0.2561 0.4520 0.2558 0.4509 0.2558 0.4509 0.2561 0.4520 0.2405 0.6552 0.2412 0.6559 0.2412 0.6559 0.2405 0.6552 0.2412 0.6481 0.2405 0.6489 0.2405 0.6489 0.2412 0.6481 0.2405 0.6489 0.2400 0.6499 0.2400 0.6499 0.2405 0.6489 0.2486 0.6114 0.2477 0.6120 0.2477 0.6120 0.2486 0.6114 0.2481 0.6532 0.2482 0.6520 0.2482 0.6520 0.2481 0.6532 0.2466 0.6481 0.2457 0.6475 0.2457 0.6475 0.2466 0.6481 0.2482 0.6520 0.2481 0.6509 0.2481 0.6509 0.2482 0.6520 0.2538 0.4576 0.2546 0.4570 0.2546 0.4570 0.2538 0.4576 0.2412 0.6559 0.2420 0.6565 0.2420 0.6565 0.2412 0.6559 0.2477 0.6499 0.2472 0.6489 0.2472 0.6489 0.2477 0.6499 0.2472 0.6489 0.2466 0.6481 0.2466 0.6481 0.2472 0.6489 0.2478 0.4542 0.2481 0.4553 0.2481 0.4553 0.2478 0.4542 0.2420 0.6565 0.2429 0.6569 0.2429 0.6569 0.2420 0.6565 0.2466 0.6559 0.2472 0.6552 0.2472 0.6552 0.2466 0.6559 0.2429 0.6569 0.2439 0.6570 0.2439 0.6570 0.2429 0.6569 0.2478 0.4520 0.2477 0.4531 0.2477 0.4531 0.2478 0.4520 0.7657 0.5649 0.7657 0.5649 0.7647 0.5648 0.7647 0.5648 0.2448 0.6569 0.2457 0.6565 0.2457 0.6565 0.2448 0.6569 0.2457 0.6565 0.2466 0.6559 0.2466 0.6559 0.2457 0.6565 0.2477 0.6542 0.2481 0.6532 0.2481 0.6532 0.2477 0.6542 0.2457 0.6475 0.2448 0.6472 0.2448 0.6472 0.2457 0.6475 0.7298 0.4381 0.7303 0.4372 0.7303 0.4372 0.7298 0.4381 0.7306 0.4361 0.7306 0.4361 0.7303 0.4372 0.7303 0.4372 0.1245 0.3641 0.1254 0.3638 0.1254 0.3638 0.1245 0.3641 0.7226 0.4372 0.7231 0.4381 0.7231 0.4381 0.7226 0.4372 0.2396 0.6520 0.2397 0.6532 0.2397 0.6532 0.2396 0.6520 0.2397 0.6532 0.2400 0.6542 0.2400 0.6542 0.2397 0.6532 0.1254 0.3638 0.1262 0.3632 0.1262 0.3632 0.1254 0.3638 0.7231 0.4381 0.7238 0.4389 0.7238 0.4389 0.7231 0.4381 0.7274 0.4399 0.7283 0.4395 0.7283 0.4395 0.7274 0.4399 0.7238 0.4389 0.7246 0.4395 0.7246 0.4395 0.7238 0.4389 0.1277 0.3581 0.1274 0.3571 0.1274 0.3571 0.1277 0.3581 0.7306 0.4361 0.7307 0.4350 0.7307 0.4350 0.7306 0.4361 0.7255 0.4399 0.7265 0.4400 0.7265 0.4400 0.7255 0.4399 0.7265 0.4400 0.7274 0.4399 0.7274 0.4399 0.7265 0.4400 0.7291 0.4389 0.7298 0.4381 0.7298 0.4381 0.7291 0.4389 0.7246 0.4305 0.7238 0.4311 0.7238 0.4311 0.7246 0.4305 0.7222 0.4350 0.7223 0.4361 0.7223 0.4361 0.7222 0.4350 0.7238 0.4311 0.7231 0.4319 0.7231 0.4319 0.7238 0.4311 0.1274 0.3614 0.1277 0.3604 0.1277 0.3604 0.1274 0.3614 0.7307 0.4350 0.7306 0.4339 0.7306 0.4339 0.7307 0.4350 0.7226 0.4328 0.7223 0.4339 0.7223 0.4339 0.7226 0.4328 0.7223 0.4339 0.7222 0.4350 0.7222 0.4350 0.7223 0.4339 0.1208 0.3553 0.1202 0.3561 0.1202 0.3561 0.1208 0.3553 0.7306 0.4339 0.7303 0.4328 0.7303 0.4328 0.7306 0.4339 0.7274 0.4301 0.7265 0.4300 0.7265 0.4300 0.7274 0.4301 0.7303 0.4328 0.7298 0.4319 0.7298 0.4319 0.7303 0.4328 0.1245 0.3544 0.1235 0.3543 0.1235 0.3543 0.1245 0.3544 0.7994 0.4594 0.7984 0.4596 0.7984 0.4596 0.7994 0.4594 0.7291 0.4311 0.7283 0.4305 0.7283 0.4305 0.7291 0.4311 0.7283 0.4305 0.7274 0.4301 0.7274 0.4301 0.7283 0.4305 0.7255 0.4301 0.7246 0.4305 0.7246 0.4305 0.7255 0.4301 0.7223 0.4361 0.7226 0.4372 0.7226 0.4372 0.7223 0.4361 0.2400 0.6542 0.2405 0.6552 0.2405 0.6552 0.2400 0.6542 0.7618 0.5621 0.7624 0.5630 0.7624 0.5630 0.7618 0.5621 0.1359 0.1874 0.1369 0.1873 0.1369 0.1873 0.1359 0.1874 0.7666 0.5550 0.7657 0.5549 0.7657 0.5549 0.7666 0.5550 0.7630 0.5638 0.7638 0.5644 0.7638 0.5644 0.7630 0.5638 0.7615 0.5610 0.7618 0.5621 0.7618 0.5621 0.7615 0.5610 0.1192 0.3593 0.1193 0.3604 0.1193 0.3604 0.1192 0.3593 0.7657 0.5549 0.7647 0.5550 0.7647 0.5550 0.7657 0.5549 0.7618 0.5577 0.7615 0.5588 0.7615 0.5588 0.7618 0.5577 0.7647 0.5550 0.7638 0.5554 0.7638 0.5554 0.7647 0.5550 0.1398 0.1846 0.1401 0.1835 0.1401 0.1835 0.1398 0.1846 0.7798 0.2243 0.7793 0.2253 0.7793 0.2253 0.7798 0.2243 0.7630 0.5560 0.7624 0.5568 0.7624 0.5568 0.7630 0.5560 0.7624 0.5568 0.7618 0.5577 0.7618 0.5577 0.7624 0.5568 0.7614 0.5599 0.7615 0.5610 0.7615 0.5610 0.7614 0.5599 0.7699 0.5610 0.7700 0.5599 0.7700 0.5599 0.7699 0.5610 0.7684 0.5560 0.7676 0.5554 0.7676 0.5554 0.7684 0.5560 0.7700 0.5599 0.7699 0.5588 0.7699 0.5588 0.7700 0.5599 0.1386 0.1785 0.1378 0.1779 0.1378 0.1779 0.1386 0.1785 0.7793 0.2253 0.7789 0.2263 0.7789 0.2263 0.7793 0.2253 0.7695 0.5577 0.7690 0.5568 0.7690 0.5568 0.7695 0.5577 0.7690 0.5568 0.7684 0.5560 0.7684 0.5560 0.7690 0.5568 0.1341 0.1779 0.1333 0.1785 0.1333 0.1785 0.1341 0.1779 0.7789 0.2263 0.7788 0.2275 0.7788 0.2275 0.7789 0.2263 0.7684 0.5638 0.7690 0.5630 0.7690 0.5630 0.7684 0.5638 0.7789 0.2286 0.7789 0.2286 0.7788 0.2275 0.7788 0.2275 0.1398 0.1802 0.1393 0.1793 0.1393 0.1793 0.1398 0.1802 0.7984 0.4596 0.7975 0.4599 0.7975 0.4599 0.7984 0.4596 0.7666 0.5648 0.7676 0.5644 0.7676 0.5644 0.7666 0.5648 0.7676 0.5644 0.7684 0.5638 0.7684 0.5638 0.7676 0.5644 0.7695 0.5621 0.7699 0.5610 0.7699 0.5610 0.7695 0.5621 0.7676 0.5554 0.7666 0.5550 0.7666 0.5550 0.7676 0.5554 0.7850 0.2230 0.7841 0.2226 0.7841 0.2226 0.7850 0.2230 0.7841 0.2226 0.7831 0.2225 0.7831 0.2225 0.7841 0.2226 0.8012 0.4599 0.8003 0.4596 0.8003 0.4596 0.8012 0.4599 0.7858 0.2314 0.7864 0.2306 0.7864 0.2306 0.7858 0.2314 0.7822 0.2226 0.7812 0.2230 0.7812 0.2230 0.7822 0.2226 0.7812 0.2230 0.7804 0.2235 0.7804 0.2235 0.7812 0.2230 0.1359 0.1874 0.1359 0.1874 0.1350 0.1873 0.1350 0.1873 0.7864 0.2306 0.7870 0.2296 0.7870 0.2296 0.7864 0.2306 0.7870 0.2253 0.7864 0.2243 0.7864 0.2243 0.7870 0.2253 0.7870 0.2296 0.7873 0.2286 0.7873 0.2286 0.7870 0.2296 0.1784 0.1907 0.1790 0.1898 0.1790 0.1898 0.1784 0.1907 0.7975 0.4599 0.7967 0.4605 0.7967 0.4605 0.7975 0.4599 0.7874 0.2275 0.7873 0.2263 0.7873 0.2263 0.7874 0.2275 0.7873 0.2263 0.7870 0.2253 0.7870 0.2253 0.7873 0.2263 0.7858 0.2235 0.7850 0.2230 0.7850 0.2230 0.7858 0.2235 0.7798 0.2306 0.7804 0.2314 0.7804 0.2314 0.7798 0.2306 0.7841 0.2323 0.7850 0.2320 0.7850 0.2320 0.7841 0.2323 0.7804 0.2314 0.7812 0.2320 0.7812 0.2320 0.7804 0.2314 0.1793 0.1887 0.1794 0.1876 0.1794 0.1876 0.1793 0.1887 0.7967 0.4605 0.7960 0.4613 0.7960 0.4613 0.7967 0.4605 0.7822 0.2323 0.7831 0.2325 0.7831 0.2325 0.7822 0.2323 0.7831 0.2325 0.7841 0.2323 0.7841 0.2323 0.7831 0.2325 0.1790 0.1898 0.1793 0.1887 0.1793 0.1887 0.1790 0.1898 0.7960 0.4613 0.7955 0.4623 0.7955 0.4623 0.7960 0.4613 0.7960 0.4676 0.7960 0.4676 0.7955 0.4666 0.7955 0.4666 0.7955 0.4623 0.7952 0.4633 0.7952 0.4633 0.7955 0.4623 0.1742 0.1827 0.1732 0.1831 0.1732 0.1831 0.1742 0.1827 0.3751 0.7284 0.3742 0.7280 0.3742 0.7280 0.3751 0.7284 0.7951 0.4644 0.7952 0.4656 0.7952 0.4656 0.7951 0.4644 0.7952 0.4656 0.7955 0.4666 0.7955 0.4666 0.7952 0.4656 0.7793 0.2296 0.7798 0.2306 0.7798 0.2306 0.7793 0.2296 0.7850 0.2320 0.7858 0.2314 0.7858 0.2314 0.7850 0.2320 0.7804 0.2235 0.7798 0.2243 0.7798 0.2243 0.7804 0.2235 0.7638 0.5644 0.7647 0.5648 0.7647 0.5648 0.7638 0.5644 0.2462 0.6148 0.2461 0.6159 0.2461 0.6159 0.2462 0.6148 0.8003 0.4693 0.8012 0.4689 0.8012 0.4689 0.8003 0.4693 0.8020 0.4605 0.8012 0.4599 0.8012 0.4599 0.8020 0.4605 0.8027 0.4613 0.8020 0.4605 0.8020 0.4605 0.8027 0.4613 0.1732 0.1921 0.1742 0.1925 0.1742 0.1925 0.1732 0.1921 0.8012 0.4689 0.8020 0.4684 0.8020 0.4684 0.8012 0.4689 0.8036 0.4644 0.8035 0.4633 0.8035 0.4633 0.8036 0.4644 0.8020 0.4684 0.8027 0.4676 0.8027 0.4676 0.8020 0.4684 0.1321 0.1846 0.1326 0.1855 0.1326 0.1855 0.1321 0.1846 0.8540 0.3601 0.8548 0.3595 0.8548 0.3595 0.8540 0.3601 0.8032 0.4666 0.8035 0.4656 0.8035 0.4656 0.8032 0.4666 0.8035 0.4656 0.8036 0.4644 0.8036 0.4644 0.8035 0.4656 0.8032 0.4623 0.8027 0.4613 0.8027 0.4613 0.8032 0.4623 0.8540 0.3511 0.8531 0.3508 0.8531 0.3508 0.8540 0.3511 0.7984 0.4693 0.7994 0.4694 0.7994 0.4694 0.7984 0.4693 0.8521 0.3506 0.8521 0.3506 0.8531 0.3508 0.8531 0.3508 0.2049 0.2339 0.2055 0.2331 0.2055 0.2331 0.2049 0.2339 0.8548 0.3595 0.8555 0.3588 0.8555 0.3588 0.8548 0.3595 0.7967 0.4684 0.7975 0.4689 0.7975 0.4689 0.7967 0.4684 0.7975 0.4689 0.7984 0.4693 0.7984 0.4693 0.7975 0.4689 0.2064 0.2288 0.2060 0.2278 0.2060 0.2278 0.2064 0.2288 0.8555 0.3588 0.8560 0.3578 0.8560 0.3578 0.8555 0.3588 0.8560 0.3535 0.8555 0.3525 0.8555 0.3525 0.8560 0.3535 0.8560 0.3578 0.8563 0.3568 0.8563 0.3568 0.8560 0.3578 0.2040 0.2255 0.2031 0.2251 0.2031 0.2251 0.2040 0.2255 0.8479 0.1860 0.8479 0.1860 0.8469 0.1861 0.8469 0.1861 0.8564 0.3556 0.8563 0.3545 0.8563 0.3545 0.8564 0.3556 0.8563 0.3545 0.8560 0.3535 0.8560 0.3535 0.8563 0.3545 0.8548 0.3517 0.8540 0.3511 0.8540 0.3511 0.8548 0.3517 0.7994 0.4694 0.8003 0.4693 0.8003 0.4693 0.7994 0.4694 0.8488 0.3588 0.8495 0.3595 0.8495 0.3595 0.8488 0.3588 0.8495 0.3595 0.8503 0.3601 0.8503 0.3601 0.8495 0.3595 0.2012 0.2251 0.2003 0.2255 0.2003 0.2255 0.2012 0.2251 0.8512 0.3508 0.8503 0.3511 0.8503 0.3511 0.8512 0.3508 0.8512 0.3605 0.8521 0.3606 0.8521 0.3606 0.8512 0.3605 0.8521 0.3606 0.8531 0.3605 0.8531 0.3605 0.8521 0.3606 0.1983 0.2278 0.1980 0.2288 0.1980 0.2288 0.1983 0.2278 0.8503 0.3511 0.8495 0.3517 0.8495 0.3517 0.8503 0.3511 0.8479 0.3556 0.8480 0.3568 0.8480 0.3568 0.8479 0.3556 0.8495 0.3517 0.8488 0.3525 0.8488 0.3525 0.8495 0.3517 0.1995 0.2339 0.1995 0.2339 0.1988 0.2331 0.1988 0.2331 0.8488 0.1861 0.8488 0.1861 0.8479 0.1860 0.8479 0.1860 0.8483 0.3535 0.8480 0.3545 0.8480 0.3545 0.8483 0.3535 0.8480 0.3545 0.8479 0.3556 0.8479 0.3556 0.8480 0.3545 0.8483 0.3578 0.8488 0.3588 0.8488 0.3588 0.8483 0.3578 0.8506 0.1949 0.8506 0.1949 0.8512 0.1941 0.8512 0.1941 0.8469 0.1959 0.8460 0.1955 0.8460 0.1955 0.8469 0.1959 0.8497 0.1955 0.8497 0.1955 0.8506 0.1949 0.8506 0.1949 0.1289 0.0418 0.1172 0.0468 0.1172 0.0468 0.1289 0.0418 0.8497 0.1865 0.8497 0.1865 0.8488 0.1861 0.8488 0.1861 0.8479 0.1960 0.8479 0.1960 0.8488 0.1959 0.8488 0.1959 0.8469 0.1959 0.8469 0.1959 0.8479 0.1960 0.8479 0.1960 0.1385 0.8881 0.1237 0.8765 0.1237 0.8765 0.1385 0.8881 0.8506 0.1871 0.8506 0.1871 0.8497 0.1865 0.8497 0.1865 0.8521 0.1921 0.8521 0.1921 0.8522 0.1910 0.8522 0.1910 0.8512 0.1879 0.8512 0.1879 0.8506 0.1871 0.8506 0.1871 0.0586 0.9006 0.0666 0.9118 0.0666 0.9118 0.0586 0.9006 0.3279 0.1362 0.3270 0.1358 0.3270 0.1358 0.3279 0.1362 0.8521 0.1899 0.8521 0.1899 0.8517 0.1888 0.8517 0.1888 0.8522 0.1910 0.8522 0.1910 0.8521 0.1899 0.8521 0.1899 0.8512 0.1941 0.8512 0.1941 0.8517 0.1932 0.8517 0.1932 0.8521 0.3506 0.8512 0.3508 0.8512 0.3508 0.8521 0.3506 0.8531 0.3605 0.8540 0.3601 0.8540 0.3601 0.8531 0.3605 0.8445 0.1879 0.8445 0.1879 0.8440 0.1888 0.8440 0.1888 0.1172 0.9532 0.1289 0.9582 0.1289 0.9582 0.1172 0.9532 0.8543 0.6359 0.8534 0.6362 0.8534 0.6362 0.8543 0.6359 0.8460 0.1865 0.8460 0.1865 0.8452 0.1871 0.8452 0.1871 0.8440 0.1888 0.8440 0.1888 0.8437 0.1899 0.8437 0.1899 0.8019 0.8592 0.7984 0.8388 0.7984 0.8388 0.8019 0.8592 0.8534 0.6362 0.8526 0.6368 0.8526 0.6368 0.8534 0.6362 0.8437 0.1921 0.8437 0.1921 0.8440 0.1932 0.8440 0.1932 0.8519 0.6376 0.8519 0.6376 0.8526 0.6368 0.8526 0.6368 0.1560 0.7854 0.1734 0.7895 0.1734 0.7895 0.1560 0.7854 0.8534 0.6453 0.8543 0.6456 0.8543 0.6456 0.8534 0.6453 0.8445 0.1941 0.8445 0.1941 0.8452 0.1949 0.8452 0.1949 0.8440 0.1932 0.8440 0.1932 0.8445 0.1941 0.8445 0.1941 0.8437 0.1899 0.8437 0.1899 0.8436 0.1910 0.8436 0.1910 0.8594 0.6396 0.8591 0.6386 0.8591 0.6386 0.8594 0.6396 0.8562 0.6359 0.8552 0.6357 0.8552 0.6357 0.8562 0.6359 0.8591 0.6386 0.8586 0.6376 0.8586 0.6376 0.8591 0.6386 0.7984 0.8388 0.8019 0.8184 0.8019 0.8184 0.7984 0.8388 0.8543 0.6456 0.8552 0.6457 0.8552 0.6457 0.8543 0.6456 0.8579 0.6368 0.8571 0.6362 0.8571 0.6362 0.8579 0.6368 0.8571 0.6362 0.8562 0.6359 0.8562 0.6359 0.8571 0.6362 0.1172 0.0468 0.1059 0.0529 0.1059 0.0529 0.1172 0.0468 0.8552 0.6457 0.8562 0.6456 0.8562 0.6456 0.8552 0.6457 0.8591 0.6429 0.8594 0.6419 0.8594 0.6419 0.8591 0.6429 0.8562 0.6456 0.8571 0.6453 0.8571 0.6453 0.8562 0.6456 0.0358 0.8493 0.0400 0.8629 0.0400 0.8629 0.0358 0.8493 0.3270 0.1358 0.3260 0.1357 0.3260 0.1357 0.3270 0.1358 0.8579 0.6447 0.8586 0.6439 0.8586 0.6439 0.8579 0.6447 0.8586 0.6439 0.8591 0.6429 0.8591 0.6429 0.8586 0.6439 0.8595 0.6407 0.8594 0.6396 0.8594 0.6396 0.8595 0.6407 0.8552 0.6357 0.8543 0.6359 0.8543 0.6359 0.8552 0.6357 0.8511 0.6396 0.8510 0.6407 0.8510 0.6407 0.8511 0.6396 0.8510 0.6407 0.8511 0.6419 0.8511 0.6419 0.8510 0.6407 0.8440 0.7854 0.8615 0.7895 0.8615 0.7895 0.8440 0.7854 0.3287 0.1446 0.3294 0.1438 0.3294 0.1438 0.3287 0.1446 0.8514 0.6429 0.8519 0.6439 0.8519 0.6439 0.8514 0.6429 0.8519 0.6439 0.8526 0.6447 0.8526 0.6447 0.8519 0.6439 0.1882 0.8765 0.1734 0.8881 0.1734 0.8881 0.1882 0.8765 0.3294 0.1438 0.3299 0.1429 0.3299 0.1429 0.3294 0.1438 0.3294 0.1376 0.3294 0.1376 0.3299 0.1385 0.3299 0.1385 0.3299 0.1429 0.3302 0.1418 0.3302 0.1418 0.3299 0.1429 0.0952 0.0602 0.0850 0.0686 0.0850 0.0686 0.0952 0.0602 0.3260 0.1357 0.3251 0.1358 0.3251 0.1358 0.3260 0.1357 0.3303 0.1407 0.3302 0.1396 0.3302 0.1396 0.3303 0.1407 0.3302 0.1396 0.3299 0.1385 0.3299 0.1385 0.3302 0.1396 0.8514 0.6386 0.8511 0.6396 0.8511 0.6396 0.8514 0.6386 0.3227 0.1438 0.3234 0.1446 0.3234 0.1446 0.3227 0.1438 0.3270 0.1456 0.3279 0.1452 0.3279 0.1452 0.3270 0.1456 0.3234 0.1446 0.3242 0.1452 0.3242 0.1452 0.3234 0.1446 0.8828 0.9532 0.8941 0.9471 0.8941 0.9471 0.8828 0.9532 0.3251 0.1358 0.3242 0.1362 0.3242 0.1362 0.3251 0.1358 0.3251 0.1456 0.3260 0.1457 0.3260 0.1457 0.3251 0.1456 0.3260 0.1457 0.3270 0.1456 0.3270 0.1456 0.3260 0.1457 0.8763 0.8765 0.8615 0.8881 0.8615 0.8881 0.8763 0.8765 0.3242 0.1362 0.3234 0.1368 0.3234 0.1368 0.3242 0.1362 0.3218 0.1407 0.3219 0.1418 0.3219 0.1418 0.3218 0.1407 0.3234 0.1368 0.3227 0.1376 0.3227 0.1376 0.3234 0.1368 0.1138 0.8592 0.1104 0.8388 0.1104 0.8388 0.1138 0.8592 0.3742 0.7280 0.3733 0.7279 0.3733 0.7279 0.3742 0.7280 0.3222 0.1385 0.3219 0.1396 0.3219 0.1396 0.3222 0.1385 0.3219 0.1396 0.3218 0.1407 0.3218 0.1407 0.3219 0.1396 0.3222 0.1429 0.3227 0.1438 0.3227 0.1438 0.3222 0.1429 0.3279 0.1452 0.3287 0.1446 0.3287 0.1446 0.3279 0.1452 0.8526 0.6447 0.8534 0.6453 0.8534 0.6453 0.8526 0.6447 0.8469 0.1861 0.8469 0.1861 0.8460 0.1865 0.8460 0.1865 0.8591 0.0381 0.8468 0.0355 0.8468 0.0355 0.8591 0.0381 0.6885 0.6603 0.6892 0.6595 0.6892 0.6595 0.6885 0.6603 0.6859 0.6514 0.6859 0.6514 0.6868 0.6515 0.6868 0.6515 0.6877 0.6519 0.6868 0.6515 0.6868 0.6515 0.6877 0.6519 0.1718 0.0342 0.1656 0.0343 0.1656 0.0343 0.1718 0.0342 0.6892 0.6595 0.6897 0.6586 0.6897 0.6586 0.6892 0.6595 0.6897 0.6542 0.6892 0.6533 0.6892 0.6533 0.6897 0.6542 0.6897 0.6586 0.6900 0.6575 0.6900 0.6575 0.6897 0.6586 0.8266 0.7895 0.8440 0.7854 0.8440 0.7854 0.8266 0.7895 0.6859 0.6514 0.6849 0.6515 0.6849 0.6515 0.6859 0.6514 0.6901 0.6564 0.6900 0.6553 0.6900 0.6553 0.6901 0.6564 0.6900 0.6553 0.6897 0.6542 0.6897 0.6542 0.6900 0.6553 0.6885 0.6525 0.6877 0.6519 0.6877 0.6519 0.6885 0.6525 0.6825 0.6595 0.6832 0.6603 0.6832 0.6603 0.6825 0.6595 0.6868 0.6613 0.6877 0.6609 0.6877 0.6609 0.6868 0.6613 0.6832 0.6603 0.6840 0.6609 0.6840 0.6609 0.6832 0.6603 0.0515 0.8887 0.0586 0.9006 0.0586 0.9006 0.0515 0.8887 0.6849 0.6515 0.6840 0.6519 0.6840 0.6519 0.6849 0.6515 0.6849 0.6613 0.6859 0.6614 0.6859 0.6614 0.6849 0.6613 0.6859 0.6614 0.6868 0.6613 0.6868 0.6613 0.6859 0.6614 0.8862 0.8184 0.8896 0.8388 0.8896 0.8388 0.8862 0.8184 0.6840 0.6519 0.6832 0.6525 0.6832 0.6525 0.6840 0.6519 0.6816 0.6564 0.6817 0.6575 0.6817 0.6575 0.6816 0.6564 0.6832 0.6525 0.6825 0.6533 0.6825 0.6533 0.6832 0.6525 0.8711 0.9582 0.8828 0.9532 0.8828 0.9532 0.8711 0.9582 0.3771 0.7351 0.3774 0.7340 0.3774 0.7340 0.3771 0.7351 0.6820 0.6542 0.6817 0.6553 0.6817 0.6553 0.6820 0.6542 0.6817 0.6553 0.6816 0.6564 0.6816 0.6564 0.6817 0.6553 0.6820 0.6586 0.6825 0.6595 0.6825 0.6595 0.6820 0.6586 0.6877 0.6609 0.6885 0.6603 0.6885 0.6603 0.6877 0.6609 0.4691 0.6370 0.4691 0.6370 0.4682 0.6371 0.4682 0.6371 0.4701 0.6371 0.4701 0.6371 0.4691 0.6370 0.4691 0.6370 0.8763 0.8011 0.8862 0.8184 0.8862 0.8184 0.8763 0.8011 0.4653 0.6442 0.4653 0.6442 0.4658 0.6451 0.4658 0.6451 0.4718 0.6381 0.4718 0.6381 0.4710 0.6375 0.4710 0.6375 0.4725 0.6389 0.4725 0.6389 0.4718 0.6381 0.4718 0.6381 0.0586 0.0994 0.0515 0.1113 0.0515 0.1113 0.0586 0.0994 0.4649 0.6431 0.4649 0.6431 0.4653 0.6442 0.4653 0.6442 0.4664 0.6381 0.4664 0.6381 0.4658 0.6389 0.4658 0.6389 0.4648 0.6420 0.4648 0.6420 0.4649 0.6431 0.4649 0.6431 0.1981 0.8592 0.1882 0.8765 0.1882 0.8765 0.1981 0.8592 0.3774 0.7340 0.3775 0.7329 0.3775 0.7329 0.3774 0.7340 0.4653 0.6398 0.4653 0.6398 0.4649 0.6409 0.4649 0.6409 0.4658 0.6389 0.4658 0.6389 0.4653 0.6398 0.4653 0.6398 0.4682 0.6371 0.4682 0.6371 0.4673 0.6375 0.4673 0.6375 0.4710 0.6465 0.4710 0.6465 0.4718 0.6459 0.4718 0.6459 0.4664 0.6459 0.4664 0.6459 0.4673 0.6465 0.4673 0.6465 0.4701 0.6469 0.4701 0.6469 0.4710 0.6465 0.4710 0.6465 0.9547 0.1239 0.9485 0.1113 0.9485 0.1113 0.9547 0.1239 0.3775 0.7329 0.3774 0.7318 0.3774 0.7318 0.3775 0.7329 0.4682 0.6469 0.4682 0.6469 0.4691 0.6470 0.4691 0.6470 0.4673 0.6465 0.4673 0.6465 0.4682 0.6469 0.4682 0.6469 0.9150 0.0686 0.9048 0.0602 0.9048 0.0602 0.9150 0.0686 0.3774 0.7318 0.3771 0.7307 0.3771 0.7307 0.3774 0.7318 0.4730 0.6442 0.4730 0.6442 0.4733 0.6431 0.4733 0.6431 0.3766 0.7298 0.3766 0.7298 0.3771 0.7307 0.3771 0.7307 0.4760 0.1408 0.4858 0.1235 0.4858 0.1235 0.4760 0.1408 0.3733 0.7279 0.3723 0.7280 0.3723 0.7280 0.3733 0.7279 0.4734 0.6420 0.4734 0.6420 0.4733 0.6409 0.4733 0.6409 0.4733 0.6431 0.4733 0.6431 0.4734 0.6420 0.4734 0.6420 0.4718 0.6459 0.4718 0.6459 0.4725 0.6451 0.4725 0.6451 0.4658 0.6451 0.4658 0.6451 0.4664 0.6459 0.4664 0.6459 0.4725 0.6389 0.4730 0.6398 0.4730 0.6398 0.4725 0.6389 0.3742 0.7378 0.3751 0.7374 0.3751 0.7374 0.3742 0.7378 0.9707 0.1936 0.9696 0.1791 0.9696 0.1791 0.9707 0.1936 0.3694 0.7307 0.3691 0.7318 0.3691 0.7318 0.3694 0.7307 0.3759 0.7368 0.3766 0.7360 0.3766 0.7360 0.3759 0.7368 0.3733 0.7379 0.3742 0.7378 0.3742 0.7378 0.3733 0.7379 0.5356 0.2105 0.5181 0.2146 0.5181 0.2146 0.5356 0.2105 0.3691 0.7318 0.3690 0.7329 0.3690 0.7329 0.3691 0.7318 0.3706 0.7368 0.3714 0.7374 0.3714 0.7374 0.3706 0.7368 0.3690 0.7329 0.3691 0.7340 0.3691 0.7340 0.3690 0.7329 0.0666 0.0882 0.0586 0.0994 0.0586 0.0994 0.0666 0.0882 0.3714 0.7284 0.3706 0.7290 0.3706 0.7290 0.3714 0.7284 0.3694 0.7351 0.3699 0.7360 0.3699 0.7360 0.3694 0.7351 0.3699 0.7360 0.3706 0.7368 0.3706 0.7368 0.3699 0.7360 0.3723 0.7378 0.3733 0.7379 0.3733 0.7379 0.3723 0.7378 0.1532 0.0355 0.1409 0.0381 0.1409 0.0381 0.1532 0.0355 0.3706 0.7290 0.3699 0.7298 0.3699 0.7298 0.3706 0.7290 0.3699 0.7298 0.3694 0.7307 0.3694 0.7307 0.3699 0.7298 0.3723 0.7280 0.3714 0.7284 0.3714 0.7284 0.3723 0.7280 0.3766 0.7360 0.3771 0.7351 0.3771 0.7351 0.3766 0.7360 0.3287 0.1368 0.3279 0.1362 0.3279 0.1362 0.3287 0.1368 0.7831 0.2225 0.7822 0.2226 0.7822 0.2226 0.7831 0.2225 0.1321 0.1802 0.1318 0.1813 0.1318 0.1813 0.1321 0.1802 0.1317 0.1824 0.1318 0.1813 0.0325 0.1648 0.0304 0.1791 " />
						</IndexedFaceSet>
					</Shape>
				</Group>
			</Transform>
		</Transform>
	</Scene>
</X3D>