#VRML V2.0 utf8
DEF TXFM_1 Transform {
  center 0 0 0
  rotation 0 0 1 0
  scale 1 1 1
  scaleOrientation 0 0 1 0
  translation 0 0 0
 children [
DEF TXFM_2 Transform {
  center 0 0 0
  rotation 0 0 1 0
  scale 1 1 1
  scaleOrientation 0 0 1 0
  translation 0 0 0
 children [
DEF TXFM_3 Transform {
  center 0 0 0
  rotation 0 0 1 0
  scale 1 1 1
  scaleOrientation 0 0 1 0
  translation 0 0 0
 children [
DEF TXFM_4 Transform {
  center 0 0 0
  rotation 0 0 1 0
  scale 1 1 1
  scaleOrientation 0 0 1 0
  translation 0 0 0
 children [
DEF SHAPE_1 Shape {
 appearance DEF APP_1 Appearance {
  material Material {
   ambientIntensity 0.13047372
   diffuseColor 0.73400003 0.773 0.79699999
   emissiveColor 0 0 0
   shininess 0.1
   specularColor 0.12 0.12 0.12
   transparency 0
} }
 geometry DEF FACE_1 IndexedFaceSet {
  coord DEF COORD_1 Coordinate { point [
  -0.98425197 0.98425197 0,-0.97100532 0.98425197 0.0017439538,
  -0.95866142 0.98425197 0.0068569675,-0.94806146 0.98425197 0.014990598,
  -0.93992783 0.98425197 0.025590551,-0.93481482 0.98425197 0.037934458,
  -0.93307087 0.98425197 0.051181102,-0.93481482 0.98425197 0.064427746,
  -0.93992783 0.98425197 0.076771654,-0.94806146 0.98425197 0.087371607,
  -0.95866142 0.98425197 0.095505237,-0.97100532 0.98425197 0.10061825,
  -0.98425197 0.98425197 0.1023622,-0.98425197 0.98425197 0,
  -0.97100532 0.98425197 0.0017439538,-0.95866142 0.98425197 0.0068569675,
  -0.94806146 0.98425197 0.014990598,-0.93992783 0.98425197 0.025590551,
  -0.93481482 0.98425197 0.037934458,-0.93307087 0.98425197 0.051181102,
  -0.93481482 0.98425197 0.064427746,-0.93992783 0.98425197 0.076771654,
  -0.94806146 0.98425197 0.087371607,-0.95866142 0.98425197 0.095505237,
  -0.97100532 0.98425197 0.10061825,-0.98425197 0.98425197 0.1023622,
  -0.96701294 0.98729167 0.0030865981,-0.96909222 0.99300445 0.0030865981,
  -0.97299999 0.99766155 0.0030865981,-0.97826492 1.0007013 0.0030865981,
  -0.95333742 0.99550395 0.011974103,-0.98425197 1.0017569 0.0030865981,
  -0.9590502 1.0053988 0.011974103,-0.99023902 1.0007013 0.0030865981,
  -0.96780268 1.012743 0.011974103,-0.99550395 0.99766155 0.0030865981,
  -0.94060122 0.99194877 0.025590551,-0.97853919 1.0166507 0.011974103,
  -0.99941172 0.99300445 0.0030865981,-0.94586614 1.006414 0.025590551,
  -0.98996475 1.0166507 0.011974103,-1.001491 0.98729167 0.0030865981,
  -0.95576096 1.0182062 0.025590551,-1.0007013 1.012743 0.011974103,
  -1.001491 0.98121226 0.0030865981,-0.96909222 1.025903 0.025590551,
  -1.0094537 1.0053988 0.011974103,-0.93688813 1.001491 0.042293597,
  -0.99941172 0.97549948 0.0030865981,-0.98425197 1.0285761 0.025590551,
  -1.0151665 0.99550395 0.011974103,-0.94564061 1.0166507 0.042293597,
  -0.99550395 0.97084239 0.0030865981,-0.99941172 1.025903 0.025590551,
  -1.0171505 0.98425197 0.011974103,-0.9590502 1.0279027 0.042293597,
  -0.99023902 0.96780268 0.0030865981,-1.012743 1.0182062 0.025590551,
  -0.93461417 0.99300445 0.060068608,-1.0151665 0.97299999 0.011974103,
  -0.97549948 1.0338898 0.042293597,-0.98425197 0.966747 0.0030865981,
  -1.0226378 1.006414 0.025590551,-0.94060122 1.0094537 0.060068608,
  -1.0094537 0.96310517 0.011974103,-0.99300445 1.0338898 0.042293597,
  -0.97826492 0.96780268 0.0030865981,-1.0279027 0.99194877 0.025590551,
  -0.95185319 1.0228633 0.060068608,-1.0007013 0.95576096 0.011974103,
  -1.0094537 1.0279027 0.042293597,-0.97299999 0.97084239 0.0030865981,
  -1.0279027 0.97655516 0.025590551,-0.96701294 1.0316158 0.060068608,
  -0.98996475 0.95185319 0.011974103,-1.0228633 1.0166507 0.042293597,
  -0.94260091 0.99941172 0.076771654,-0.96909222 0.97549948 0.0030865981,
  -1.0226378 0.9620899 0.025590551,-0.98425197 1.0346555 0.060068608,
  -0.97853919 0.95185319 0.011974103,-1.0316158 1.001491 0.042293597,
  -0.95029771 1.012743 0.076771654,-0.96701294 0.98121226 0.0030865981,
  -1.012743 0.95029771 0.025590551,-1.001491 1.0316158 0.060068608,
  -0.96780268 0.95576096 0.011974103,-1.0346555 0.98425197 0.042293597,
  -0.9620899 1.0226378 0.076771654,-0.99941172 0.94260091 0.025590551,
  -1.0166507 1.0228633 0.060068608,-0.95185319 0.98996475 0.090388101,
  -0.9590502 0.96310517 0.011974103,-1.0316158 0.96701294 0.042293597,
  -0.97655516 1.0279027 0.076771654,-0.98425197 0.93992783 0.025590551,
  -1.0279027 1.0094537 0.060068608,-0.95576096 1.0007013 0.090388101,
  -0.95333742 0.97299999 0.011974103,-1.0228633 0.95185319 0.042293597,
  -0.99194877 1.0279027 0.076771654,-0.96909222 0.94260091 0.025590551,
  -1.0338898 0.99300445 0.060068608,-0.96310517 1.0094537 0.090388101,
  -1.0094537 0.94060122 0.042293597,-1.006414 1.0226378 0.076771654,
  -0.95576096 0.95029771 0.025590551,-1.0338898 0.97549948 0.060068608,
  -0.97299999 1.0151665 0.090388101,-0.99300445 0.93461417 0.042293597,
  -1.0182062 1.012743 0.076771654,-0.96780268 0.99023902 0.099275607,
  -0.94586614 0.9620899 0.025590551,-1.0279027 0.9590502 0.060068608,
  -0.98425197 1.0171505 0.090388101,-0.97549948 0.93461417 0.042293597,
  -1.025903 0.99941172 0.076771654,-0.97084239 0.99550395 0.099275607,
  -0.94060122 0.97655516 0.025590551,-1.0166507 0.94564061 0.060068608,
  -0.99550395 1.0151665 0.090388101,-0.9590502 0.94060122 0.042293597,
  -1.0285761 0.98425197 0.076771654,-0.97549948 0.99941172 0.099275607,
  -1.001491 0.93688813 0.060068608,-1.0053988 1.0094537 0.090388101,
  -0.94564061 0.95185319 0.042293597,-1.025903 0.96909222 0.076771654,
  -0.98121226 1.001491 0.099275607,-0.98425197 0.93384842 0.060068608,
  -1.012743 1.0007013 0.090388101,-0.93688813 0.96701294 0.042293597,
  -1.0182062 0.95576096 0.076771654,-0.98729167 1.001491 0.099275607,
  -0.96701294 0.93688813 0.060068608,-1.0166507 0.98996475 0.090388101,
  -1.006414 0.94586614 0.076771654,-0.99300445 0.99941172 0.099275607,
  -0.95185319 0.94564061 0.060068608,-1.0166507 0.97853919 0.090388101,
  -0.99194877 0.94060122 0.076771654,-0.99766155 0.99550395 0.099275607,
  -0.94060122 0.9590502 0.060068608,-1.012743 0.96780268 0.090388101,
  -0.97655516 0.94060122 0.076771654,-1.0007013 0.99023902 0.099275607,
  -0.93461417 0.97549948 0.060068608,-1.0053988 0.9590502 0.090388101,
  -0.9620899 0.94586614 0.076771654,-1.0017569 0.98425197 0.099275607,
  -0.99550395 0.95333742 0.090388101,-0.95029771 0.95576096 0.076771654,
  -1.0007013 0.97826492 0.099275607,-0.98425197 0.95135339 0.090388101,
  -0.94260091 0.96909222 0.076771654,-0.99766155 0.97299999 0.099275607,
  -0.97299999 0.95333742 0.090388101,-0.99300445 0.96909222 0.099275607,
  -0.96310517 0.9590502 0.090388101,-0.98729167 0.96701294 0.099275607,
  -0.95576096 0.96780268 0.090388101,-0.98121226 0.96701294 0.099275607,
  -0.95185319 0.97853919 0.090388101,-0.97549948 0.96909222 0.099275607,
  -0.97084239 0.97299999 0.099275607,-0.96780268 0.97826492 0.099275607] }
 coordIndex [
  26,2,1,-1,27,1,0,-1,27,26,1,-1,27,2,26,-1,28,27,0,-1,29,28,0,-1,30,3,2,-1,31,29,0,-1,
  32,2,27,-1,32,30,2,-1,32,27,28,-1,33,31,0,-1,34,28,29,-1,34,32,28,-1,35,33,0,-1,36,4,3,-1,
  36,5,4,-1,37,34,29,-1,37,29,31,-1,38,35,0,-1,39,5,36,-1,39,3,30,-1,39,30,32,-1,39,36,3,-1,
  40,31,33,-1,40,37,31,-1,41,38,0,-1,42,32,34,-1,42,39,32,-1,43,33,35,-1,43,40,33,-1,44,0,13,-1,
  44,41,0,-1,45,34,37,-1,45,42,34,-1,46,43,35,-1,46,35,38,-1,47,6,5,-1,47,5,39,-1,48,44,13,-1,
  49,45,37,-1,49,37,40,-1,50,46,38,-1,50,38,41,-1,51,47,39,-1,51,39,42,-1,51,6,47,-1,52,48,13,-1,
  53,40,43,-1,53,49,40,-1,54,50,41,-1,54,41,44,-1,55,42,45,-1,55,51,42,-1,56,52,13,-1,57,53,43,-1,
  57,43,46,-1,58,7,6,-1,59,54,44,-1,59,44,48,-1,60,45,49,-1,60,55,45,-1,61,56,13,-1,62,46,50,-1,
  62,57,46,-1,63,58,6,-1,63,7,58,-1,63,6,51,-1,64,48,52,-1,64,59,48,-1,65,49,53,-1,65,60,49,-1,
  66,61,13,-1,67,62,50,-1,67,50,54,-1,68,63,51,-1,68,51,55,-1,69,52,56,-1,69,64,52,-1,70,53,57,-1,
  70,65,53,-1,71,66,13,-1,72,54,59,-1,72,67,54,-1,73,55,60,-1,73,68,55,-1,74,56,61,-1,74,69,56,-1,
  75,57,62,-1,75,70,57,-1,76,8,7,-1,76,9,8,-1,76,7,63,-1,77,13,14,-1,77,71,13,-1,78,72,59,-1,
  78,59,64,-1,79,60,65,-1,79,73,60,-1,80,61,66,-1,80,74,61,-1,81,75,62,-1,81,62,67,-1,82,76,63,-1,
  82,63,68,-1,83,77,14,-1,83,15,77,-1,83,14,15,-1,84,78,64,-1,84,64,69,-1,85,79,65,-1,85,65,70,-1,
  86,80,66,-1,86,66,71,-1,87,81,67,-1,87,67,72,-1,88,82,68,-1,88,68,73,-1,89,84,69,-1,89,69,74,-1,
  90,85,70,-1,90,70,75,-1,91,10,9,-1,92,77,15,-1,92,71,77,-1,92,86,71,-1,93,87,72,-1,93,72,78,-1,
  94,73,79,-1,94,88,73,-1,95,74,80,-1,95,89,74,-1,96,90,75,-1,96,75,81,-1,97,76,82,-1,97,10,91,-1,
  97,9,76,-1,97,91,9,-1,98,92,15,-1,98,15,16,-1,99,78,84,-1,99,93,78,-1,100,94,79,-1,100,79,85,-1,
  101,95,80,-1,101,80,86,-1,102,81,87,-1,102,96,81,-1,103,97,82,-1,103,82,88,-1,104,99,84,-1,104,84,89,-1,
  105,85,90,-1,105,100,85,-1,106,86,92,-1,106,101,86,-1,107,102,87,-1,107,87,93,-1,108,88,94,-1,108,103,88,-1,
  109,89,95,-1,109,104,89,-1,110,90,96,-1,110,105,90,-1,111,11,10,-1,112,92,98,-1,112,98,16,-1,112,106,92,-1,
  113,93,99,-1,113,107,93,-1,114,108,94,-1,114,94,100,-1,115,95,101,-1,115,109,95,-1,116,96,102,-1,116,110,96,-1,
  117,12,11,-1,117,10,97,-1,117,97,103,-1,117,11,111,-1,117,111,10,-1,118,16,17,-1,118,17,18,-1,118,112,16,-1,
  118,18,112,-1,119,113,99,-1,119,99,104,-1,120,114,100,-1,120,100,105,-1,121,115,101,-1,121,101,106,-1,122,102,107,-1,
  122,116,102,-1,123,12,117,-1,123,117,103,-1,123,103,108,-1,124,119,104,-1,124,104,109,-1,125,105,110,-1,125,120,105,-1,
  126,106,112,-1,126,121,106,-1,127,107,113,-1,127,122,107,-1,128,123,108,-1,128,12,123,-1,128,108,114,-1,129,109,115,-1,
  129,124,109,-1,130,125,110,-1,130,110,116,-1,131,18,19,-1,131,19,126,-1,131,126,112,-1,131,112,18,-1,132,113,119,-1,
  132,127,113,-1,133,114,120,-1,133,12,128,-1,133,128,114,-1,134,115,121,-1,134,129,115,-1,135,116,122,-1,135,130,116,-1,
  136,119,124,-1,136,132,119,-1,137,12,133,-1,137,120,125,-1,137,133,120,-1,138,121,126,-1,138,134,121,-1,139,122,127,-1,
  139,135,122,-1,140,124,129,-1,140,136,124,-1,141,125,130,-1,141,12,137,-1,141,137,125,-1,142,126,19,-1,142,138,126,-1,
  143,139,127,-1,143,127,132,-1,144,129,134,-1,144,140,129,-1,145,130,135,-1,145,12,141,-1,145,141,130,-1,146,19,20,-1,
  146,20,142,-1,146,142,19,-1,147,132,136,-1,147,143,132,-1,148,144,134,-1,148,134,138,-1,149,145,135,-1,149,25,12,-1,
  149,135,139,-1,149,12,145,-1,150,136,140,-1,150,147,136,-1,151,148,138,-1,151,138,142,-1,152,25,149,-1,152,149,139,-1,
  152,139,143,-1,153,140,144,-1,153,150,140,-1,154,20,21,-1,154,21,22,-1,154,151,142,-1,154,142,20,-1,155,143,147,-1,
  155,152,143,-1,155,25,152,-1,156,153,144,-1,156,144,148,-1,157,147,150,-1,157,155,147,-1,157,25,155,-1,158,156,148,-1,
  158,148,151,-1,159,157,150,-1,159,25,157,-1,159,150,153,-1,160,154,22,-1,160,151,154,-1,160,158,151,-1,161,153,156,-1,
  161,159,153,-1,161,25,159,-1,162,23,160,-1,162,22,23,-1,162,160,22,-1,163,25,161,-1,163,156,158,-1,163,161,156,-1,
  164,160,23,-1,164,24,25,-1,164,158,160,-1,164,163,158,-1,164,25,163,-1,165,23,24,-1,165,24,164,-1,165,164,23,-1]
  normalPerVertex TRUE
  normal DEF NORM_1 Normal { vector [
  -0.021981502 0.11904181 -0.99264589,0.20566564 0.07163335 -0.97599708,
  0.48926792 0.15948411 -0.85742739,0.72442018 0.17410448 -0.66701052,
  0.86355026 0.075550858 -0.49857097,0.93215578 0.2092595 -0.29545909,
  0.95567918 0.29384961 -0.018157752,0.92546944 0.20849861 0.31628254,
  0.85610146 0.15095379 0.49427041,0.73674625 0.16691007 0.65524499,
  0.47745648 0.14407689 0.86676246,0.21607912 0.082130844 0.97291538,
  -0.016974704 0.12687955 0.99177288,-0.0027636606 -0.13351108 -0.99104347,
  0.20566564 -0.07163335 -0.97599708,0.48926792 -0.15948411 -0.85742739,
  0.72442018 -0.17410448 -0.66701052,0.86355026 -0.075550858 -0.49857097,
  0.93215578 -0.2092595 -0.29545909,0.95567918 -0.29384961 -0.018157752,
  0.92546944 -0.20849861 0.31628254,0.85610146 -0.15095379 0.49427041,
  0.73674625 -0.16691007 0.65524499,0.47745648 -0.14407689 0.86676246,
  0.21607912 -0.082130844 0.97291538,-0.016974704 -0.12687955 0.99177288,
  0.38203965 0.057980536 -0.9223253,0.34237251 0.19302404 -0.91952313,
  0.25369801 0.30234551 -0.91881691,0.13498989 0.37088168 -0.91881691,
  0.650471 0.23498284 -0.72226764,0 0.39468404 -0.91881691,
  0.50273505 0.39223753 -0.77032927,-0.13498989 0.37088168 -0.91881691,
  0.33063546 0.57267741 -0.75014717,-0.25369801 0.30234551 -0.91881691,
  0.84361002 0.22604462 -0.48705847,0.11482849 0.65122472 -0.75014717,
  -0.3418064 0.19734202 -0.91881691,0.78475862 0.38310261 -0.48722305,
  -0.11482849 0.65122472 -0.75014717,-0.3886879 0.068536164 -0.91881691,
  0.56039027 0.66784712 -0.48983974,-0.33063546 0.57267741 -0.75014717,
  -0.3886879 -0.068536164 -0.91881691,0.29817743 0.81923577 -0.48983974,
  -0.50656291 0.42505675 -0.75014717,0.92654436 0.33311432 -0.17478671,
  -0.3418064 -0.19734202 -0.91881691,0 0.8718125 -0.48983974,
  -0.6213914 0.22616797 -0.75014717,0.80733556 0.57639711 -0.12639488,
  -0.25369801 -0.30234551 -0.91881691,-0.29817743 0.81923577 -0.48983974,
  -0.66127091 0 -0.75014717,0.49270877 0.85339662 -0.17015367,
  -0.13498989 -0.37088168 -0.91881691,-0.56039027 0.66784712 -0.48983974,
  0.961794 0.24273242 0.12662258,-0.6213914 -0.22616797 -0.75014717,
  0.17111596 0.97044683 -0.17015367,0 -0.39468404 -0.91881691,
  -0.75501177 0.43590625 -0.48983974,0.88926308 0.43660233 0.13634365,
  -0.50656291 -0.42505675 -0.75014717,-0.17111596 0.97044683 -0.17015367,
  0.13498989 -0.37088168 -0.91881691,-0.85856771 0.15138865 -0.48983974,
  0.63341418 0.75487363 0.17015367,-0.33063546 -0.57267741 -0.75014717,
  -0.49270877 0.85339662 -0.17015367,0.25369801 -0.30234551 -0.91881691,
  -0.85856771 -0.15138865 -0.48983974,0.33703265 0.92598959 0.17015367,
  -0.11482849 -0.65122472 -0.75014717,-0.75487363 0.63341418 -0.17015367,
  0.82827688 0.28557211 0.48208503,0.34237251 -0.19302404 -0.91952313,
  -0.75501177 -0.43590625 -0.48983974,0 0.98541754 0.17015367,
  0.11482849 -0.65122472 -0.75014717,-0.92598959 0.33703265 -0.17015367,
  0.66784712 0.56039027 0.48983974,0.38203965 -0.057980536 -0.9223253,
  -0.56039027 -0.66784712 -0.48983974,-0.33703265 0.92598959 0.17015367,
  0.33063546 -0.57267741 -0.75014717,-0.98541754 0 -0.17015367,
  0.43590625 0.75501177 0.48983974,-0.29817743 -0.81923577 -0.48983974,
  -0.63341418 0.75487363 0.17015367,0.6029265 0.13812297 0.78574912,
  0.50273505 -0.39223753 -0.77032927,-0.92598959 -0.33703265 -0.17015367,
  0.15138865 0.85856771 0.48983974,0 -0.8718125 -0.48983974,
  -0.85339662 0.49270877 0.17015367,0.58823837 0.30554571 0.74874391,
  0.650471 -0.23498284 -0.72226764,-0.75487363 -0.63341418 -0.17015367,
  -0.15138865 0.85856771 0.48983974,0.29817743 -0.81923577 -0.48983974,
  -0.97044683 0.17111596 0.17015367,0.42505675 0.50656291 0.75014717,
  -0.49270877 -0.85339662 -0.17015367,-0.43590625 0.75501177 0.48983974,
  0.56039027 -0.66784712 -0.48983974,-0.97044683 -0.17111596 0.17015367,
  0.22616797 0.6213914 0.75014717,-0.17111596 -0.97044683 -0.17015367,
  -0.66784712 0.56039027 0.48983974,0.380603 0.10413129 0.91885692,
  0.78475862 -0.38310261 -0.48722305,-0.85339662 -0.49270877 0.17015367,
  0 0.66127091 0.75014717,0.17111596 -0.97044683 -0.17015367,
  -0.81923577 0.29817743 0.48983974,0.32614066 0.23051014 0.91678642,
  0.84361002 -0.22604462 -0.48705847,-0.63341418 -0.75487363 0.17015367,
  -0.22616797 0.6213914 0.75014717,0.49270877 -0.85339662 -0.17015367,
  -0.8718125 0 0.48983974,0.19734202 0.3418064 0.91881691,
  -0.33703265 -0.92598959 0.17015367,-0.42505675 0.50656291 0.75014717,
  0.80733556 -0.57639711 -0.12639488,-0.81923577 -0.29817743 0.48983974,
  0.068536164 0.3886879 0.91881691,0 -0.98541754 0.17015367,
  -0.57267741 0.33063546 0.75014717,0.92654436 -0.33311432 -0.17478671,
  -0.66784712 -0.56039027 0.48983974,-0.068536164 0.3886879 0.91881691,
  0.33703265 -0.92598959 0.17015367,-0.65122472 0.11482849 0.75014717,
  -0.43590625 -0.75501177 0.48983974,-0.19734202 0.3418064 0.91881691,
  0.63341418 -0.75487363 0.17015367,-0.65122472 -0.11482849 0.75014717,
  -0.15138865 -0.85856771 0.48983974,-0.30234551 0.25369801 0.91881691,
  0.88926308 -0.43660233 0.13634365,-0.57267741 -0.33063546 0.75014717,
  0.15138865 -0.85856771 0.48983974,-0.37088168 0.13498989 0.91881691,
  0.961794 -0.24273242 0.12662258,-0.42505675 -0.50656291 0.75014717,
  0.43590625 -0.75501177 0.48983974,-0.39468404 0 0.91881691,
  -0.22616797 -0.6213914 0.75014717,0.66784712 -0.56039027 0.48983974,
  -0.37088168 -0.13498989 0.91881691,0 -0.66127091 0.75014717,
  0.82827688 -0.28557211 0.48208503,-0.30234551 -0.25369801 0.91881691,
  0.22616797 -0.6213914 0.75014717,-0.19734202 -0.3418064 0.91881691,
  0.42505675 -0.50656291 0.75014717,-0.068536164 -0.3886879 0.91881691,
  0.58823837 -0.30554571 0.74874391,0.068536164 -0.3886879 0.91881691,
  0.6029265 -0.13812297 0.78574912,0.19734202 -0.3418064 0.91881691,
  0.32614066 -0.23051014 0.91678642,0.380603 -0.10413129 0.91885692] }
}
}
] }
DEF TXFM_5 Transform {
  center 0 0 0
  rotation 0 0 1 0
  scale 1 1 1
  scaleOrientation 0 0 1 0
  translation 0 0 0
 children [
DEF SHAPE_2 Shape {
 appearance USE APP_1
 geometry DEF FACE_2 IndexedFaceSet {
  coord DEF COORD_2 Coordinate { point [
  -0.98425197 0.59055118 0,-0.97100532 0.59055118 0.0017439538,
  -0.95866142 0.59055118 0.0068569675,-0.94806146 0.59055118 0.014990598,
  -0.93992783 0.59055118 0.025590551,-0.93481482 0.59055118 0.037934458,
  -0.93307087 0.59055118 0.051181102,-0.93481482 0.59055118 0.064427746,
  -0.93992783 0.59055118 0.076771654,-0.94806146 0.59055118 0.087371607,
  -0.95866142 0.59055118 0.095505237,-0.97100532 0.59055118 0.10061825,
  -0.98425197 0.59055118 0.1023622,-0.98425197 0.59055118 0,
  -0.97100532 0.59055118 0.0017439538,-0.95866142 0.59055118 0.0068569675,
  -0.94806146 0.59055118 0.014990598,-0.93992783 0.59055118 0.025590551,
  -0.93481482 0.59055118 0.037934458,-0.93307087 0.59055118 0.051181102,
  -0.93481482 0.59055118 0.064427746,-0.93992783 0.59055118 0.076771654,
  -0.94806146 0.59055118 0.087371607,-0.95866142 0.59055118 0.095505237,
  -0.97100532 0.59055118 0.10061825,-0.98425197 0.59055118 0.1023622,
  -0.96701294 0.59359089 0.0030865981,-0.96909222 0.59930367 0.0030865981,
  -0.97299999 0.60396076 0.0030865981,-0.97826492 0.60700047 0.0030865981,
  -0.95333742 0.60180316 0.011974103,-0.98425197 0.60805615 0.0030865981,
  -0.9590502 0.61169798 0.011974103,-0.99023902 0.60700047 0.0030865981,
  -0.96780268 0.61904219 0.011974103,-0.99550395 0.60396076 0.0030865981,
  -0.94060122 0.59824799 0.025590551,-0.97853919 0.62294996 0.011974103,
  -0.99941172 0.59930367 0.0030865981,-0.94586614 0.61271325 0.025590551,
  -0.98996475 0.62294996 0.011974103,-1.001491 0.59359089 0.0030865981,
  -0.95576096 0.62450544 0.025590551,-1.0007013 0.61904219 0.011974103,
  -1.001491 0.58751148 0.0030865981,-0.96909222 0.63220224 0.025590551,
  -1.0094537 0.61169798 0.011974103,-0.93688813 0.60779021 0.042293597,
  -0.99941172 0.5817987 0.0030865981,-0.98425197 0.63487532 0.025590551,
  -1.0151665 0.60180316 0.011974103,-0.94564061 0.62294996 0.042293597,
  -0.99550395 0.5771416 0.0030865981,-0.99941172 0.63220224 0.025590551,
  -1.0171505 0.59055118 0.011974103,-0.9590502 0.63420193 0.042293597,
  -0.99023902 0.57410189 0.0030865981,-1.012743 0.62450544 0.025590551,
  -0.93461417 0.59930367 0.060068608,-1.0151665 0.5792992 0.011974103,
  -0.97549948 0.64018898 0.042293597,-0.98425197 0.57304621 0.0030865981,
  -1.0226378 0.61271325 0.025590551,-0.94060122 0.61575295 0.060068608,
  -1.0094537 0.56940438 0.011974103,-0.99300445 0.64018898 0.042293597,
  -0.97826492 0.57410189 0.0030865981,-1.0279027 0.59824799 0.025590551,
  -0.95185319 0.62916254 0.060068608,-1.0007013 0.56206018 0.011974103,
  -1.0094537 0.63420193 0.042293597,-0.97299999 0.5771416 0.0030865981,
  -1.0279027 0.58285438 0.025590551,-0.96701294 0.63791502 0.060068608,
  -0.98996475 0.55815241 0.011974103,-1.0228633 0.62294996 0.042293597,
  -0.94260091 0.60571093 0.076771654,-0.96909222 0.5817987 0.0030865981,
  -1.0226378 0.56838911 0.025590551,-0.98425197 0.64095473 0.060068608,
  -0.97853919 0.55815241 0.011974103,-1.0316158 0.60779021 0.042293597,
  -0.95029771 0.61904219 0.076771654,-0.96701294 0.58751148 0.0030865981,
  -1.012743 0.55659692 0.025590551,-1.001491 0.63791502 0.060068608,
  -0.96780268 0.56206018 0.011974103,-1.0346555 0.59055118 0.042293597,
  -0.9620899 0.62893701 0.076771654,-0.99941172 0.54890012 0.025590551,
  -1.0166507 0.62916254 0.060068608,-0.95185319 0.59626396 0.090388101,
  -0.9590502 0.56940438 0.011974103,-1.0316158 0.57331215 0.042293597,
  -0.97655516 0.63420193 0.076771654,-0.98425197 0.54622705 0.025590551,
  -1.0279027 0.61575295 0.060068608,-0.95576096 0.60700047 0.090388101,
  -0.95333742 0.5792992 0.011974103,-1.0228633 0.55815241 0.042293597,
  -0.99194877 0.63420193 0.076771654,-0.96909222 0.54890012 0.025590551,
  -1.0338898 0.59930367 0.060068608,-0.96310517 0.61575295 0.090388101,
  -1.0094537 0.54690043 0.042293597,-1.006414 0.62893701 0.076771654,
  -0.95576096 0.55659692 0.025590551,-1.0338898 0.5817987 0.060068608,
  -0.97299999 0.62146573 0.090388101,-0.99300445 0.54091338 0.042293597,
  -1.0182062 0.61904219 0.076771654,-0.96780268 0.59653823 0.099275607,
  -0.94586614 0.56838911 0.025590551,-1.0279027 0.56534941 0.060068608,
  -0.98425197 0.62344976 0.090388101,-0.97549948 0.54091338 0.042293597,
  -1.025903 0.60571093 0.076771654,-0.97084239 0.60180316 0.099275607,
  -0.94060122 0.58285438 0.025590551,-1.0166507 0.55193982 0.060068608,
  -0.99550395 0.62146573 0.090388101,-0.9590502 0.54690043 0.042293597,
  -1.0285761 0.59055118 0.076771654,-0.97549948 0.60571093 0.099275607,
  -1.001491 0.54318734 0.060068608,-1.0053988 0.61575295 0.090388101,
  -0.94564061 0.55815241 0.042293597,-1.025903 0.57539143 0.076771654,
  -0.98121226 0.60779021 0.099275607,-0.98425197 0.54014763 0.060068608,
  -1.012743 0.60700047 0.090388101,-0.93688813 0.57331215 0.042293597,
  -1.0182062 0.56206018 0.076771654,-0.98729167 0.60779021 0.099275607,
  -0.96701294 0.54318734 0.060068608,-1.0166507 0.59626396 0.090388101,
  -1.006414 0.55216535 0.076771654,-0.99300445 0.60571093 0.099275607,
  -0.95185319 0.55193982 0.060068608,-1.0166507 0.5848384 0.090388101,
  -0.99194877 0.54690043 0.076771654,-0.99766155 0.60180316 0.099275607,
  -0.94060122 0.56534941 0.060068608,-1.012743 0.57410189 0.090388101,
  -0.97655516 0.54690043 0.076771654,-1.0007013 0.59653823 0.099275607,
  -0.93461417 0.5817987 0.060068608,-1.0053988 0.56534941 0.090388101,
  -0.9620899 0.55216535 0.076771654,-1.0017569 0.59055118 0.099275607,
  -0.99550395 0.55963663 0.090388101,-0.95029771 0.56206018 0.076771654,
  -1.0007013 0.58456413 0.099275607,-0.98425197 0.5576526 0.090388101,
  -0.94260091 0.57539143 0.076771654,-0.99766155 0.5792992 0.099275607,
  -0.97299999 0.55963663 0.090388101,-0.99300445 0.57539143 0.099275607,
  -0.96310517 0.56534941 0.090388101,-0.98729167 0.57331215 0.099275607,
  -0.95576096 0.57410189 0.090388101,-0.98121226 0.57331215 0.099275607,
  -0.95185319 0.5848384 0.090388101,-0.97549948 0.57539143 0.099275607,
  -0.97084239 0.5792992 0.099275607,-0.96780268 0.58456413 0.099275607] }
 coordIndex [
  26,2,1,-1,27,1,0,-1,27,26,1,-1,27,2,26,-1,28,27,0,-1,29,28,0,-1,30,3,2,-1,31,29,0,-1,
  32,2,27,-1,32,30,2,-1,32,27,28,-1,33,31,0,-1,34,28,29,-1,34,32,28,-1,35,33,0,-1,36,4,3,-1,
  36,5,4,-1,37,34,29,-1,37,29,31,-1,38,35,0,-1,39,5,36,-1,39,3,30,-1,39,30,32,-1,39,36,3,-1,
  40,31,33,-1,40,37,31,-1,41,38,0,-1,42,32,34,-1,42,39,32,-1,43,33,35,-1,43,40,33,-1,44,0,13,-1,
  44,41,0,-1,45,34,37,-1,45,42,34,-1,46,43,35,-1,46,35,38,-1,47,6,5,-1,47,5,39,-1,48,44,13,-1,
  49,45,37,-1,49,37,40,-1,50,46,38,-1,50,38,41,-1,51,47,39,-1,51,39,42,-1,51,6,47,-1,52,48,13,-1,
  53,40,43,-1,53,49,40,-1,54,50,41,-1,54,41,44,-1,55,42,45,-1,55,51,42,-1,56,52,13,-1,57,53,43,-1,
  57,43,46,-1,58,7,6,-1,59,54,44,-1,59,44,48,-1,60,45,49,-1,60,55,45,-1,61,56,13,-1,62,46,50,-1,
  62,57,46,-1,63,58,6,-1,63,7,58,-1,63,6,51,-1,64,48,52,-1,64,59,48,-1,65,49,53,-1,65,60,49,-1,
  66,61,13,-1,67,62,50,-1,67,50,54,-1,68,63,51,-1,68,51,55,-1,69,52,56,-1,69,64,52,-1,70,53,57,-1,
  70,65,53,-1,71,66,13,-1,72,54,59,-1,72,67,54,-1,73,55,60,-1,73,68,55,-1,74,56,61,-1,74,69,56,-1,
  75,57,62,-1,75,70,57,-1,76,8,7,-1,76,9,8,-1,76,7,63,-1,77,13,14,-1,77,71,13,-1,78,72,59,-1,
  78,59,64,-1,79,60,65,-1,79,73,60,-1,80,61,66,-1,80,74,61,-1,81,75,62,-1,81,62,67,-1,82,76,63,-1,
  82,63,68,-1,83,77,14,-1,83,15,77,-1,83,14,15,-1,84,78,64,-1,84,64,69,-1,85,79,65,-1,85,65,70,-1,
  86,80,66,-1,86,66,71,-1,87,81,67,-1,87,67,72,-1,88,82,68,-1,88,68,73,-1,89,84,69,-1,89,69,74,-1,
  90,85,70,-1,90,70,75,-1,91,10,9,-1,92,77,15,-1,92,71,77,-1,92,86,71,-1,93,87,72,-1,93,72,78,-1,
  94,73,79,-1,94,88,73,-1,95,74,80,-1,95,89,74,-1,96,90,75,-1,96,75,81,-1,97,76,82,-1,97,10,91,-1,
  97,9,76,-1,97,91,9,-1,98,92,15,-1,98,15,16,-1,99,78,84,-1,99,93,78,-1,100,94,79,-1,100,79,85,-1,
  101,95,80,-1,101,80,86,-1,102,81,87,-1,102,96,81,-1,103,97,82,-1,103,82,88,-1,104,99,84,-1,104,84,89,-1,
  105,85,90,-1,105,100,85,-1,106,86,92,-1,106,101,86,-1,107,102,87,-1,107,87,93,-1,108,88,94,-1,108,103,88,-1,
  109,89,95,-1,109,104,89,-1,110,90,96,-1,110,105,90,-1,111,11,10,-1,112,92,98,-1,112,98,16,-1,112,106,92,-1,
  113,93,99,-1,113,107,93,-1,114,108,94,-1,114,94,100,-1,115,95,101,-1,115,109,95,-1,116,96,102,-1,116,110,96,-1,
  117,12,11,-1,117,10,97,-1,117,97,103,-1,117,11,111,-1,117,111,10,-1,118,16,17,-1,118,17,18,-1,118,112,16,-1,
  118,18,112,-1,119,113,99,-1,119,99,104,-1,120,114,100,-1,120,100,105,-1,121,115,101,-1,121,101,106,-1,122,102,107,-1,
  122,116,102,-1,123,12,117,-1,123,117,103,-1,123,103,108,-1,124,119,104,-1,124,104,109,-1,125,105,110,-1,125,120,105,-1,
  126,106,112,-1,126,121,106,-1,127,107,113,-1,127,122,107,-1,128,123,108,-1,128,12,123,-1,128,108,114,-1,129,109,115,-1,
  129,124,109,-1,130,125,110,-1,130,110,116,-1,131,18,19,-1,131,19,126,-1,131,126,112,-1,131,112,18,-1,132,113,119,-1,
  132,127,113,-1,133,114,120,-1,133,12,128,-1,133,128,114,-1,134,115,121,-1,134,129,115,-1,135,116,122,-1,135,130,116,-1,
  136,119,124,-1,136,132,119,-1,137,12,133,-1,137,120,125,-1,137,133,120,-1,138,121,126,-1,138,134,121,-1,139,122,127,-1,
  139,135,122,-1,140,124,129,-1,140,136,124,-1,141,125,130,-1,141,12,137,-1,141,137,125,-1,142,126,19,-1,142,138,126,-1,
  143,139,127,-1,143,127,132,-1,144,129,134,-1,144,140,129,-1,145,130,135,-1,145,12,141,-1,145,141,130,-1,146,19,20,-1,
  146,20,142,-1,146,142,19,-1,147,132,136,-1,147,143,132,-1,148,144,134,-1,148,134,138,-1,149,145,135,-1,149,25,12,-1,
  149,135,139,-1,149,12,145,-1,150,136,140,-1,150,147,136,-1,151,148,138,-1,151,138,142,-1,152,25,149,-1,152,149,139,-1,
  152,139,143,-1,153,140,144,-1,153,150,140,-1,154,20,21,-1,154,21,22,-1,154,151,142,-1,154,142,20,-1,155,143,147,-1,
  155,152,143,-1,155,25,152,-1,156,153,144,-1,156,144,148,-1,157,147,150,-1,157,155,147,-1,157,25,155,-1,158,148,151,-1,
  158,156,148,-1,159,157,150,-1,159,150,153,-1,159,25,157,-1,160,154,22,-1,160,151,154,-1,160,158,151,-1,161,153,156,-1,
  161,25,159,-1,161,159,153,-1,162,23,160,-1,162,22,23,-1,162,160,22,-1,163,25,161,-1,163,156,158,-1,163,161,156,-1,
  164,160,23,-1,164,158,160,-1,164,24,25,-1,164,163,158,-1,164,25,163,-1,165,23,24,-1,165,164,23,-1,165,24,164,-1]
  normalPerVertex TRUE
  normal DEF NORM_2 Normal { vector [
  -0.021981502 0.11904181 -0.99264589,0.20566564 0.07163335 -0.97599708,
  0.48926792 0.15948411 -0.85742739,0.72442018 0.17410448 -0.66701052,
  0.86355026 0.075550858 -0.49857097,0.93215578 0.2092595 -0.29545909,
  0.95567918 0.29384961 -0.018157752,0.92546944 0.20849861 0.31628254,
  0.85610146 0.15095379 0.49427041,0.73674625 0.16691007 0.65524499,
  0.47745648 0.14407689 0.86676246,0.21607912 0.082130844 0.97291538,
  -0.016974704 0.12687955 0.99177288,-0.0027636606 -0.13351108 -0.99104347,
  0.20566564 -0.07163335 -0.97599708,0.48926792 -0.15948411 -0.85742739,
  0.72442018 -0.17410448 -0.66701052,0.86355026 -0.075550858 -0.49857097,
  0.93215578 -0.2092595 -0.29545909,0.95567918 -0.29384961 -0.018157752,
  0.92546944 -0.20849861 0.31628254,0.85610146 -0.15095379 0.49427041,
  0.73674625 -0.16691007 0.65524499,0.47745648 -0.14407689 0.86676246,
  0.21607912 -0.082130844 0.97291538,-0.016974704 -0.12687955 0.99177288,
  0.38203965 0.057980536 -0.9223253,0.34237251 0.19302404 -0.91952313,
  0.25369801 0.30234551 -0.91881691,0.13498989 0.37088168 -0.91881691,
  0.650471 0.23498284 -0.72226764,0 0.39468404 -0.91881691,
  0.50273505 0.39223753 -0.77032927,-0.13498989 0.37088168 -0.91881691,
  0.33063546 0.57267741 -0.75014717,-0.25369801 0.30234551 -0.91881691,
  0.84361002 0.22604462 -0.48705847,0.11482849 0.65122472 -0.75014717,
  -0.3418064 0.19734202 -0.91881691,0.78475862 0.38310261 -0.48722305,
  -0.11482849 0.65122472 -0.75014717,-0.3886879 0.068536164 -0.91881691,
  0.56039027 0.66784712 -0.48983974,-0.33063546 0.57267741 -0.75014717,
  -0.3886879 -0.068536164 -0.91881691,0.29817743 0.81923577 -0.48983974,
  -0.50656291 0.42505675 -0.75014717,0.92654436 0.33311432 -0.17478671,
  -0.3418064 -0.19734202 -0.91881691,0 0.8718125 -0.48983974,
  -0.6213914 0.22616797 -0.75014717,0.80733556 0.57639711 -0.12639488,
  -0.25369801 -0.30234551 -0.91881691,-0.29817743 0.81923577 -0.48983974,
  -0.66127091 0 -0.75014717,0.49270877 0.85339662 -0.17015367,
  -0.13498989 -0.37088168 -0.91881691,-0.56039027 0.66784712 -0.48983974,
  0.961794 0.24273242 0.12662258,-0.6213914 -0.22616797 -0.75014717,
  0.17111596 0.97044683 -0.17015367,0 -0.39468404 -0.91881691,
  -0.75501177 0.43590625 -0.48983974,0.88926308 0.43660233 0.13634365,
  -0.50656291 -0.42505675 -0.75014717,-0.17111596 0.97044683 -0.17015367,
  0.13498989 -0.37088168 -0.91881691,-0.85856771 0.15138865 -0.48983974,
  0.63341418 0.75487363 0.17015367,-0.33063546 -0.57267741 -0.75014717,
  -0.49270877 0.85339662 -0.17015367,0.25369801 -0.30234551 -0.91881691,
  -0.85856771 -0.15138865 -0.48983974,0.33703265 0.92598959 0.17015367,
  -0.11482849 -0.65122472 -0.75014717,-0.75487363 0.63341418 -0.17015367,
  0.82827688 0.28557211 0.48208503,0.34237251 -0.19302404 -0.91952313,
  -0.75501177 -0.43590625 -0.48983974,0 0.98541754 0.17015367,
  0.11482849 -0.65122472 -0.75014717,-0.92598959 0.33703265 -0.17015367,
  0.66784712 0.56039027 0.48983974,0.38203965 -0.057980536 -0.9223253,
  -0.56039027 -0.66784712 -0.48983974,-0.33703265 0.92598959 0.17015367,
  0.33063546 -0.57267741 -0.75014717,-0.98541754 0 -0.17015367,
  0.43590625 0.75501177 0.48983974,-0.29817743 -0.81923577 -0.48983974,
  -0.63341418 0.75487363 0.17015367,0.6029265 0.13812297 0.78574912,
  0.50273505 -0.39223753 -0.77032927,-0.92598959 -0.33703265 -0.17015367,
  0.15138865 0.85856771 0.48983974,0 -0.8718125 -0.48983974,
  -0.85339662 0.49270877 0.17015367,0.58823837 0.30554571 0.74874391,
  0.650471 -0.23498284 -0.72226764,-0.75487363 -0.63341418 -0.17015367,
  -0.15138865 0.85856771 0.48983974,0.29817743 -0.81923577 -0.48983974,
  -0.97044683 0.17111596 0.17015367,0.42505675 0.50656291 0.75014717,
  -0.49270877 -0.85339662 -0.17015367,-0.43590625 0.75501177 0.48983974,
  0.56039027 -0.66784712 -0.48983974,-0.97044683 -0.17111596 0.17015367,
  0.22616797 0.6213914 0.75014717,-0.17111596 -0.97044683 -0.17015367,
  -0.66784712 0.56039027 0.48983974,0.380603 0.10413129 0.91885692,
  0.78475862 -0.38310261 -0.48722305,-0.85339662 -0.49270877 0.17015367,
  0 0.66127091 0.75014717,0.17111596 -0.97044683 -0.17015367,
  -0.81923577 0.29817743 0.48983974,0.32614066 0.23051014 0.91678642,
  0.84361002 -0.22604462 -0.48705847,-0.63341418 -0.75487363 0.17015367,
  -0.22616797 0.6213914 0.75014717,0.49270877 -0.85339662 -0.17015367,
  -0.8718125 0 0.48983974,0.19734202 0.3418064 0.91881691,
  -0.33703265 -0.92598959 0.17015367,-0.42505675 0.50656291 0.75014717,
  0.80733556 -0.57639711 -0.12639488,-0.81923577 -0.29817743 0.48983974,
  0.068536164 0.3886879 0.91881691,0 -0.98541754 0.17015367,
  -0.57267741 0.33063546 0.75014717,0.92654436 -0.33311432 -0.17478671,
  -0.66784712 -0.56039027 0.48983974,-0.068536164 0.3886879 0.91881691,
  0.33703265 -0.92598959 0.17015367,-0.65122472 0.11482849 0.75014717,
  -0.43590625 -0.75501177 0.48983974,-0.19734202 0.3418064 0.91881691,
  0.63341418 -0.75487363 0.17015367,-0.65122472 -0.11482849 0.75014717,
  -0.15138865 -0.85856771 0.48983974,-0.30234551 0.25369801 0.91881691,
  0.88926308 -0.43660233 0.13634365,-0.57267741 -0.33063546 0.75014717,
  0.15138865 -0.85856771 0.48983974,-0.37088168 0.13498989 0.91881691,
  0.961794 -0.24273242 0.12662258,-0.42505675 -0.50656291 0.75014717,
  0.43590625 -0.75501177 0.48983974,-0.39468404 0 0.91881691,
  -0.22616797 -0.6213914 0.75014717,0.66784712 -0.56039027 0.48983974,
  -0.37088168 -0.13498989 0.91881691,0 -0.66127091 0.75014717,
  0.82827688 -0.28557211 0.48208503,-0.30234551 -0.25369801 0.91881691,
  0.22616797 -0.6213914 0.75014717,-0.19734202 -0.3418064 0.91881691,
  0.42505675 -0.50656291 0.75014717,-0.068536164 -0.3886879 0.91881691,
  0.58823837 -0.30554571 0.74874391,0.068536164 -0.3886879 0.91881691,
  0.6029265 -0.13812297 0.78574912,0.19734202 -0.3418064 0.91881691,
  0.32614066 -0.23051014 0.91678642,0.380603 -0.10413129 0.91885692] }
}
}
] }
DEF TXFM_6 Transform {
  center 0 0 0
  rotation 0 0 1 0
  scale 1 1 1
  scaleOrientation 0 0 1 0
  translation 0 0 0
 children [
DEF SHAPE_3 Shape {
 appearance USE APP_1
 geometry DEF FACE_3 IndexedFaceSet {
  coord DEF COORD_3 Coordinate { point [
  -0.98425197 0.19685039 0,-0.97100532 0.19685039 0.0017439538,
  -0.95866142 0.19685039 0.0068569675,-0.94806146 0.19685039 0.014990598,
  -0.93992783 0.19685039 0.025590551,-0.93481482 0.19685039 0.037934458,
  -0.93307087 0.19685039 0.051181102,-0.93481482 0.19685039 0.064427746,
  -0.93992783 0.19685039 0.076771654,-0.94806146 0.19685039 0.087371607,
  -0.95866142 0.19685039 0.095505237,-0.97100532 0.19685039 0.10061825,
  -0.98425197 0.19685039 0.1023622,-0.98425197 0.19685039 0,
  -0.97100532 0.19685039 0.0017439538,-0.95866142 0.19685039 0.0068569675,
  -0.94806146 0.19685039 0.014990598,-0.93992783 0.19685039 0.025590551,
  -0.93481482 0.19685039 0.037934458,-0.93307087 0.19685039 0.051181102,
  -0.93481482 0.19685039 0.064427746,-0.93992783 0.19685039 0.076771654,
  -0.94806146 0.19685039 0.087371607,-0.95866142 0.19685039 0.095505237,
  -0.97100532 0.19685039 0.10061825,-0.98425197 0.19685039 0.1023622,
  -0.96701294 0.1998901 0.0030865981,-0.96909222 0.20560288 0.0030865981,
  -0.97299999 0.21025998 0.0030865981,-0.97826492 0.21329968 0.0030865981,
  -0.95333742 0.20810237 0.011974103,-0.98425197 0.21435536 0.0030865981,
  -0.9590502 0.21799719 0.011974103,-0.99023902 0.21329968 0.0030865981,
  -0.96780268 0.2253414 0.011974103,-0.99550395 0.21025998 0.0030865981,
  -0.94060122 0.2045472 0.025590551,-0.97853919 0.22924917 0.011974103,
  -0.99941172 0.20560288 0.0030865981,-0.94586614 0.21901246 0.025590551,
  -0.98996475 0.22924917 0.011974103,-1.001491 0.1998901 0.0030865981,
  -0.95576096 0.23080465 0.025590551,-1.0007013 0.2253414 0.011974103,
  -1.001491 0.19381069 0.0030865981,-0.96909222 0.23850146 0.025590551,
  -1.0094537 0.21799719 0.011974103,-0.93688813 0.21408942 0.042293597,
  -0.99941172 0.18809791 0.0030865981,-0.98425197 0.24117453 0.025590551,
  -1.0151665 0.20810237 0.011974103,-0.94564061 0.22924917 0.042293597,
  -0.99550395 0.18344081 0.0030865981,-0.99941172 0.23850146 0.025590551,
  -1.0171505 0.19685039 0.011974103,-0.9590502 0.24050115 0.042293597,
  -0.99023902 0.1804011 0.0030865981,-1.012743 0.23080465 0.025590551,
  -0.93461417 0.20560288 0.060068608,-1.0151665 0.18559842 0.011974103,
  -0.97549948 0.2464882 0.042293597,-0.98425197 0.17934543 0.0030865981,
  -1.0226378 0.21901246 0.025590551,-0.94060122 0.22205217 0.060068608,
  -1.0094537 0.1757036 0.011974103,-0.99300445 0.2464882 0.042293597,
  -0.97826492 0.1804011 0.0030865981,-1.0279027 0.2045472 0.025590551,
  -0.95185319 0.23546175 0.060068608,-1.0007013 0.16835939 0.011974103,
  -1.0094537 0.24050115 0.042293597,-0.97299999 0.18344081 0.0030865981,
  -1.0279027 0.18915359 0.025590551,-0.96701294 0.24421423 0.060068608,
  -0.98996475 0.16445162 0.011974103,-1.0228633 0.22924917 0.042293597,
  -0.94260091 0.21201014 0.076771654,-0.96909222 0.18809791 0.0030865981,
  -1.0226378 0.17468833 0.025590551,-0.98425197 0.24725394 0.060068608,
  -0.97853919 0.16445162 0.011974103,-1.0316158 0.21408942 0.042293597,
  -0.95029771 0.2253414 0.076771654,-0.96701294 0.19381069 0.0030865981,
  -1.012743 0.16289614 0.025590551,-1.001491 0.24421423 0.060068608,
  -0.96780268 0.16835939 0.011974103,-1.0346555 0.19685039 0.042293597,
  -0.9620899 0.23523622 0.076771654,-0.99941172 0.15519933 0.025590551,
  -1.0166507 0.23546175 0.060068608,-0.95185319 0.20256317 0.090388101,
  -0.9590502 0.1757036 0.011974103,-1.0316158 0.17961137 0.042293597,
  -0.97655516 0.24050115 0.076771654,-0.98425197 0.15252626 0.025590551,
  -1.0279027 0.22205217 0.060068608,-0.95576096 0.21329968 0.090388101,
  -0.95333742 0.18559842 0.011974103,-1.0228633 0.16445162 0.042293597,
  -0.99194877 0.24050115 0.076771654,-0.96909222 0.15519933 0.025590551,
  -1.0338898 0.20560288 0.060068608,-0.96310517 0.22205217 0.090388101,
  -1.0094537 0.15319964 0.042293597,-1.006414 0.23523622 0.076771654,
  -0.95576096 0.16289614 0.025590551,-1.0338898 0.18809791 0.060068608,
  -0.97299999 0.22776495 0.090388101,-0.99300445 0.14721259 0.042293597,
  -1.0182062 0.2253414 0.076771654,-0.96780268 0.20283745 0.099275607,
  -0.94586614 0.17468833 0.025590551,-1.0279027 0.17164862 0.060068608,
  -0.98425197 0.22974897 0.090388101,-0.97549948 0.14721259 0.042293597,
  -1.025903 0.21201014 0.076771654,-0.97084239 0.20810237 0.099275607,
  -0.94060122 0.18915359 0.025590551,-1.0166507 0.15823904 0.060068608,
  -0.99550395 0.22776495 0.090388101,-0.9590502 0.15319964 0.042293597,
  -1.0285761 0.19685039 0.076771654,-0.97549948 0.21201014 0.099275607,
  -1.001491 0.14948655 0.060068608,-1.0053988 0.22205217 0.090388101,
  -0.94564061 0.16445162 0.042293597,-1.025903 0.18169065 0.076771654,
  -0.98121226 0.21408942 0.099275607,-0.98425197 0.14644685 0.060068608,
  -1.012743 0.21329968 0.090388101,-0.93688813 0.17961137 0.042293597,
  -1.0182062 0.16835939 0.076771654,-0.98729167 0.21408942 0.099275607,
  -0.96701294 0.14948655 0.060068608,-1.0166507 0.20256317 0.090388101,
  -1.006414 0.15846457 0.076771654,-0.99300445 0.21201014 0.099275607,
  -0.95185319 0.15823904 0.060068608,-1.0166507 0.19113762 0.090388101,
  -0.99194877 0.15319964 0.076771654,-0.99766155 0.20810237 0.099275607,
  -0.94060122 0.17164862 0.060068608,-1.012743 0.1804011 0.090388101,
  -0.97655516 0.15319964 0.076771654,-1.0007013 0.20283745 0.099275607,
  -0.93461417 0.18809791 0.060068608,-1.0053988 0.17164862 0.090388101,
  -0.9620899 0.15846457 0.076771654,-1.0017569 0.19685039 0.099275607,
  -0.99550395 0.16593584 0.090388101,-0.95029771 0.16835939 0.076771654,
  -1.0007013 0.19086334 0.099275607,-0.98425197 0.16395182 0.090388101,
  -0.94260091 0.18169065 0.076771654,-0.99766155 0.18559842 0.099275607,
  -0.97299999 0.16593584 0.090388101,-0.99300445 0.18169065 0.099275607,
  -0.96310517 0.17164862 0.090388101,-0.98729167 0.17961137 0.099275607,
  -0.95576096 0.1804011 0.090388101,-0.98121226 0.17961137 0.099275607,
  -0.95185319 0.19113762 0.090388101,-0.97549948 0.18169065 0.099275607,
  -0.97084239 0.18559842 0.099275607,-0.96780268 0.19086334 0.099275607] }
 coordIndex [
  26,2,1,-1,27,1,0,-1,27,26,1,-1,27,2,26,-1,28,27,0,-1,29,28,0,-1,30,3,2,-1,31,29,0,-1,
  32,2,27,-1,32,30,2,-1,32,27,28,-1,33,31,0,-1,34,28,29,-1,34,32,28,-1,35,33,0,-1,36,4,3,-1,
  36,5,4,-1,37,34,29,-1,37,29,31,-1,38,35,0,-1,39,5,36,-1,39,3,30,-1,39,30,32,-1,39,36,3,-1,
  40,31,33,-1,40,37,31,-1,41,38,0,-1,42,32,34,-1,42,39,32,-1,43,33,35,-1,43,40,33,-1,44,0,13,-1,
  44,41,0,-1,45,34,37,-1,45,42,34,-1,46,43,35,-1,46,35,38,-1,47,6,5,-1,47,5,39,-1,48,44,13,-1,
  49,45,37,-1,49,37,40,-1,50,46,38,-1,50,38,41,-1,51,47,39,-1,51,39,42,-1,51,6,47,-1,52,48,13,-1,
  53,40,43,-1,53,49,40,-1,54,50,41,-1,54,41,44,-1,55,42,45,-1,55,51,42,-1,56,52,13,-1,57,53,43,-1,
  57,43,46,-1,58,7,6,-1,59,54,44,-1,59,44,48,-1,60,45,49,-1,60,55,45,-1,61,56,13,-1,62,46,50,-1,
  62,57,46,-1,63,58,6,-1,63,7,58,-1,63,6,51,-1,64,48,52,-1,64,59,48,-1,65,49,53,-1,65,60,49,-1,
  66,61,13,-1,67,62,50,-1,67,50,54,-1,68,63,51,-1,68,51,55,-1,69,52,56,-1,69,64,52,-1,70,53,57,-1,
  70,65,53,-1,71,66,13,-1,72,54,59,-1,72,67,54,-1,73,55,60,-1,73,68,55,-1,74,56,61,-1,74,69,56,-1,
  75,57,62,-1,75,70,57,-1,76,8,7,-1,76,9,8,-1,76,7,63,-1,77,13,14,-1,77,71,13,-1,78,72,59,-1,
  78,59,64,-1,79,60,65,-1,79,73,60,-1,80,61,66,-1,80,74,61,-1,81,75,62,-1,81,62,67,-1,82,76,63,-1,
  82,63,68,-1,83,77,14,-1,83,15,77,-1,83,14,15,-1,84,78,64,-1,84,64,69,-1,85,79,65,-1,85,65,70,-1,
  86,80,66,-1,86,66,71,-1,87,81,67,-1,87,67,72,-1,88,82,68,-1,88,68,73,-1,89,84,69,-1,89,69,74,-1,
  90,85,70,-1,90,70,75,-1,91,10,9,-1,92,77,15,-1,92,71,77,-1,92,86,71,-1,93,87,72,-1,93,72,78,-1,
  94,73,79,-1,94,88,73,-1,95,74,80,-1,95,89,74,-1,96,90,75,-1,96,75,81,-1,97,76,82,-1,97,10,91,-1,
  97,9,76,-1,97,91,9,-1,98,92,15,-1,98,15,16,-1,99,78,84,-1,99,93,78,-1,100,94,79,-1,100,79,85,-1,
  101,95,80,-1,101,80,86,-1,102,81,87,-1,102,96,81,-1,103,97,82,-1,103,82,88,-1,104,99,84,-1,104,84,89,-1,
  105,85,90,-1,105,100,85,-1,106,86,92,-1,106,101,86,-1,107,102,87,-1,107,87,93,-1,108,88,94,-1,108,103,88,-1,
  109,89,95,-1,109,104,89,-1,110,90,96,-1,110,105,90,-1,111,11,10,-1,112,92,98,-1,112,98,16,-1,112,106,92,-1,
  113,93,99,-1,113,107,93,-1,114,108,94,-1,114,94,100,-1,115,95,101,-1,115,109,95,-1,116,96,102,-1,116,110,96,-1,
  117,12,11,-1,117,10,97,-1,117,97,103,-1,117,11,111,-1,117,111,10,-1,118,16,17,-1,118,17,18,-1,118,112,16,-1,
  118,18,112,-1,119,113,99,-1,119,99,104,-1,120,114,100,-1,120,100,105,-1,121,115,101,-1,121,101,106,-1,122,102,107,-1,
  122,116,102,-1,123,12,117,-1,123,117,103,-1,123,103,108,-1,124,119,104,-1,124,104,109,-1,125,105,110,-1,125,120,105,-1,
  126,106,112,-1,126,121,106,-1,127,107,113,-1,127,122,107,-1,128,123,108,-1,128,12,123,-1,128,108,114,-1,129,109,115,-1,
  129,124,109,-1,130,125,110,-1,130,110,116,-1,131,18,19,-1,131,19,126,-1,131,126,112,-1,131,112,18,-1,132,113,119,-1,
  132,127,113,-1,133,114,120,-1,133,12,128,-1,133,128,114,-1,134,115,121,-1,134,129,115,-1,135,116,122,-1,135,130,116,-1,
  136,119,124,-1,136,132,119,-1,137,12,133,-1,137,120,125,-1,137,133,120,-1,138,121,126,-1,138,134,121,-1,139,122,127,-1,
  139,135,122,-1,140,124,129,-1,140,136,124,-1,141,125,130,-1,141,12,137,-1,141,137,125,-1,142,126,19,-1,142,138,126,-1,
  143,139,127,-1,143,127,132,-1,144,129,134,-1,144,140,129,-1,145,130,135,-1,145,12,141,-1,145,141,130,-1,146,19,20,-1,
  146,20,142,-1,146,142,19,-1,147,132,136,-1,147,143,132,-1,148,144,134,-1,148,134,138,-1,149,145,135,-1,149,25,12,-1,
  149,135,139,-1,149,12,145,-1,150,136,140,-1,150,147,136,-1,151,148,138,-1,151,138,142,-1,152,25,149,-1,152,149,139,-1,
  152,139,143,-1,153,140,144,-1,153,150,140,-1,154,20,21,-1,154,21,22,-1,154,151,142,-1,154,142,20,-1,155,143,147,-1,
  155,152,143,-1,155,25,152,-1,156,153,144,-1,156,144,148,-1,157,147,150,-1,157,155,147,-1,157,25,155,-1,158,148,151,-1,
  158,156,148,-1,159,157,150,-1,159,150,153,-1,159,25,157,-1,160,154,22,-1,160,151,154,-1,160,158,151,-1,161,153,156,-1,
  161,25,159,-1,161,159,153,-1,162,23,160,-1,162,22,23,-1,162,160,22,-1,163,25,161,-1,163,156,158,-1,163,161,156,-1,
  164,160,23,-1,164,158,160,-1,164,24,25,-1,164,163,158,-1,164,25,163,-1,165,23,24,-1,165,164,23,-1,165,24,164,-1]
  normalPerVertex TRUE
  normal DEF NORM_3 Normal { vector [
  -0.021981502 0.11904181 -0.99264589,0.20566564 0.07163335 -0.97599708,
  0.48926792 0.15948411 -0.85742739,0.72442018 0.17410448 -0.66701052,
  0.86355026 0.075550858 -0.49857097,0.93215578 0.2092595 -0.29545909,
  0.95567918 0.29384961 -0.018157752,0.92546944 0.20849861 0.31628254,
  0.85610146 0.15095379 0.49427041,0.73674625 0.16691007 0.65524499,
  0.47745648 0.14407689 0.86676246,0.21607912 0.082130844 0.97291538,
  -0.016974704 0.12687955 0.99177288,-0.0027636606 -0.13351108 -0.99104347,
  0.20566564 -0.07163335 -0.97599708,0.48926792 -0.15948411 -0.85742739,
  0.72442018 -0.17410448 -0.66701052,0.86355026 -0.075550858 -0.49857097,
  0.93215578 -0.2092595 -0.29545909,0.95567918 -0.29384961 -0.018157752,
  0.92546944 -0.20849861 0.31628254,0.85610146 -0.15095379 0.49427041,
  0.73674625 -0.16691007 0.65524499,0.47745648 -0.14407689 0.86676246,
  0.21607912 -0.082130844 0.97291538,-0.016974704 -0.12687955 0.99177288,
  0.38203965 0.057980536 -0.9223253,0.34237251 0.19302404 -0.91952313,
  0.25369801 0.30234551 -0.91881691,0.13498989 0.37088168 -0.91881691,
  0.650471 0.23498284 -0.72226764,0 0.39468404 -0.91881691,
  0.50273505 0.39223753 -0.77032927,-0.13498989 0.37088168 -0.91881691,
  0.33063546 0.57267741 -0.75014717,-0.25369801 0.30234551 -0.91881691,
  0.84361002 0.22604462 -0.48705847,0.11482849 0.65122472 -0.75014717,
  -0.3418064 0.19734202 -0.91881691,0.78475862 0.38310261 -0.48722305,
  -0.11482849 0.65122472 -0.75014717,-0.3886879 0.068536164 -0.91881691,
  0.56039027 0.66784712 -0.48983974,-0.33063546 0.57267741 -0.75014717,
  -0.3886879 -0.068536164 -0.91881691,0.29817743 0.81923577 -0.48983974,
  -0.50656291 0.42505675 -0.75014717,0.92654436 0.33311432 -0.17478671,
  -0.3418064 -0.19734202 -0.91881691,0 0.8718125 -0.48983974,
  -0.6213914 0.22616797 -0.75014717,0.80733556 0.57639711 -0.12639488,
  -0.25369801 -0.30234551 -0.91881691,-0.29817743 0.81923577 -0.48983974,
  -0.66127091 0 -0.75014717,0.49270877 0.85339662 -0.17015367,
  -0.13498989 -0.37088168 -0.91881691,-0.56039027 0.66784712 -0.48983974,
  0.961794 0.24273242 0.12662258,-0.6213914 -0.22616797 -0.75014717,
  0.17111596 0.97044683 -0.17015367,0 -0.39468404 -0.91881691,
  -0.75501177 0.43590625 -0.48983974,0.88926308 0.43660233 0.13634365,
  -0.50656291 -0.42505675 -0.75014717,-0.17111596 0.97044683 -0.17015367,
  0.13498989 -0.37088168 -0.91881691,-0.85856771 0.15138865 -0.48983974,
  0.63341418 0.75487363 0.17015367,-0.33063546 -0.57267741 -0.75014717,
  -0.49270877 0.85339662 -0.17015367,0.25369801 -0.30234551 -0.91881691,
  -0.85856771 -0.15138865 -0.48983974,0.33703265 0.92598959 0.17015367,
  -0.11482849 -0.65122472 -0.75014717,-0.75487363 0.63341418 -0.17015367,
  0.82827688 0.28557211 0.48208503,0.34237251 -0.19302404 -0.91952313,
  -0.75501177 -0.43590625 -0.48983974,0 0.98541754 0.17015367,
  0.11482849 -0.65122472 -0.75014717,-0.92598959 0.33703265 -0.17015367,
  0.66784712 0.56039027 0.48983974,0.38203965 -0.057980536 -0.9223253,
  -0.56039027 -0.66784712 -0.48983974,-0.33703265 0.92598959 0.17015367,
  0.33063546 -0.57267741 -0.75014717,-0.98541754 0 -0.17015367,
  0.43590625 0.75501177 0.48983974,-0.29817743 -0.81923577 -0.48983974,
  -0.63341418 0.75487363 0.17015367,0.6029265 0.13812297 0.78574912,
  0.50273505 -0.39223753 -0.77032927,-0.92598959 -0.33703265 -0.17015367,
  0.15138865 0.85856771 0.48983974,0 -0.8718125 -0.48983974,
  -0.85339662 0.49270877 0.17015367,0.58823837 0.30554571 0.74874391,
  0.650471 -0.23498284 -0.72226764,-0.75487363 -0.63341418 -0.17015367,
  -0.15138865 0.85856771 0.48983974,0.29817743 -0.81923577 -0.48983974,
  -0.97044683 0.17111596 0.17015367,0.42505675 0.50656291 0.75014717,
  -0.49270877 -0.85339662 -0.17015367,-0.43590625 0.75501177 0.48983974,
  0.56039027 -0.66784712 -0.48983974,-0.97044683 -0.17111596 0.17015367,
  0.22616797 0.6213914 0.75014717,-0.17111596 -0.97044683 -0.17015367,
  -0.66784712 0.56039027 0.48983974,0.380603 0.10413129 0.91885692,
  0.78475862 -0.38310261 -0.48722305,-0.85339662 -0.49270877 0.17015367,
  0 0.66127091 0.75014717,0.17111596 -0.97044683 -0.17015367,
  -0.81923577 0.29817743 0.48983974,0.32614066 0.23051014 0.91678642,
  0.84361002 -0.22604462 -0.48705847,-0.63341418 -0.75487363 0.17015367,
  -0.22616797 0.6213914 0.75014717,0.49270877 -0.85339662 -0.17015367,
  -0.8718125 0 0.48983974,0.19734202 0.3418064 0.91881691,
  -0.33703265 -0.92598959 0.17015367,-0.42505675 0.50656291 0.75014717,
  0.80733556 -0.57639711 -0.12639488,-0.81923577 -0.29817743 0.48983974,
  0.068536164 0.3886879 0.91881691,0 -0.98541754 0.17015367,
  -0.57267741 0.33063546 0.75014717,0.92654436 -0.33311432 -0.17478671,
  -0.66784712 -0.56039027 0.48983974,-0.068536164 0.3886879 0.91881691,
  0.33703265 -0.92598959 0.17015367,-0.65122472 0.11482849 0.75014717,
  -0.43590625 -0.75501177 0.48983974,-0.19734202 0.3418064 0.91881691,
  0.63341418 -0.75487363 0.17015367,-0.65122472 -0.11482849 0.75014717,
  -0.15138865 -0.85856771 0.48983974,-0.30234551 0.25369801 0.91881691,
  0.88926308 -0.43660233 0.13634365,-0.57267741 -0.33063546 0.75014717,
  0.15138865 -0.85856771 0.48983974,-0.37088168 0.13498989 0.91881691,
  0.961794 -0.24273242 0.12662258,-0.42505675 -0.50656291 0.75014717,
  0.43590625 -0.75501177 0.48983974,-0.39468404 0 0.91881691,
  -0.22616797 -0.6213914 0.75014717,0.66784712 -0.56039027 0.48983974,
  -0.37088168 -0.13498989 0.91881691,0 -0.66127091 0.75014717,
  0.82827688 -0.28557211 0.48208503,-0.30234551 -0.25369801 0.91881691,
  0.22616797 -0.6213914 0.75014717,-0.19734202 -0.3418064 0.91881691,
  0.42505675 -0.50656291 0.75014717,-0.068536164 -0.3886879 0.91881691,
  0.58823837 -0.30554571 0.74874391,0.068536164 -0.3886879 0.91881691,
  0.6029265 -0.13812297 0.78574912,0.19734202 -0.3418064 0.91881691,
  0.32614066 -0.23051014 0.91678642,0.380603 -0.10413129 0.91885692] }
}
}
] }
DEF TXFM_7 Transform {
  center 0 0 0
  rotation 0 0 1 0
  scale 1 1 1
  scaleOrientation 0 0 1 0
  translation 0 0 0
 children [
DEF SHAPE_4 Shape {
 appearance USE APP_1
 geometry DEF FACE_4 IndexedFaceSet {
  coord DEF COORD_4 Coordinate { point [
  -0.98425197 -0.19685039 0,-0.97100532 -0.19685039 0.0017439538,
  -0.95866142 -0.19685039 0.0068569675,-0.94806146 -0.19685039 0.014990598,
  -0.93992783 -0.19685039 0.025590551,-0.93481482 -0.19685039 0.037934458,
  -0.93307087 -0.19685039 0.051181102,-0.93481482 -0.19685039 0.064427746,
  -0.93992783 -0.19685039 0.076771654,-0.94806146 -0.19685039 0.087371607,
  -0.95866142 -0.19685039 0.095505237,-0.97100532 -0.19685039 0.10061825,
  -0.98425197 -0.19685039 0.1023622,-0.98425197 -0.19685039 0,
  -0.97100532 -0.19685039 0.0017439538,-0.95866142 -0.19685039 0.0068569675,
  -0.94806146 -0.19685039 0.014990598,-0.93992783 -0.19685039 0.025590551,
  -0.93481482 -0.19685039 0.037934458,-0.93307087 -0.19685039 0.051181102,
  -0.93481482 -0.19685039 0.064427746,-0.93992783 -0.19685039 0.076771654,
  -0.94806146 -0.19685039 0.087371607,-0.95866142 -0.19685039 0.095505237,
  -0.97100532 -0.19685039 0.10061825,-0.98425197 -0.19685039 0.1023622,
  -0.96701294 -0.19381069 0.0030865981,-0.96909222 -0.18809791 0.0030865981,
  -0.97299999 -0.18344081 0.0030865981,-0.97826492 -0.1804011 0.0030865981,
  -0.95333742 -0.18559842 0.011974103,-0.98425197 -0.17934543 0.0030865981,
  -0.9590502 -0.1757036 0.011974103,-0.99023902 -0.1804011 0.0030865981,
  -0.96780268 -0.16835939 0.011974103,-0.99550395 -0.18344081 0.0030865981,
  -0.94060122 -0.18915359 0.025590551,-0.97853919 -0.16445162 0.011974103,
  -0.99941172 -0.18809791 0.0030865981,-0.94586614 -0.17468833 0.025590551,
  -0.98996475 -0.16445162 0.011974103,-1.001491 -0.19381069 0.0030865981,
  -0.95576096 -0.16289614 0.025590551,-1.0007013 -0.16835939 0.011974103,
  -1.001491 -0.1998901 0.0030865981,-0.96909222 -0.15519933 0.025590551,
  -1.0094537 -0.1757036 0.011974103,-0.93688813 -0.17961137 0.042293597,
  -0.99941172 -0.20560288 0.0030865981,-0.98425197 -0.15252626 0.025590551,
  -1.0151665 -0.18559842 0.011974103,-0.94564061 -0.16445162 0.042293597,
  -0.99550395 -0.21025998 0.0030865981,-0.99941172 -0.15519933 0.025590551,
  -1.0171505 -0.19685039 0.011974103,-0.9590502 -0.15319964 0.042293597,
  -0.99023902 -0.21329968 0.0030865981,-1.012743 -0.16289614 0.025590551,
  -0.93461417 -0.18809791 0.060068608,-1.0151665 -0.20810237 0.011974103,
  -0.97549948 -0.14721259 0.042293597,-0.98425197 -0.21435536 0.0030865981,
  -1.0226378 -0.17468833 0.025590551,-0.94060122 -0.17164862 0.060068608,
  -1.0094537 -0.21799719 0.011974103,-0.99300445 -0.14721259 0.042293597,
  -0.97826492 -0.21329968 0.0030865981,-1.0279027 -0.18915359 0.025590551,
  -0.95185319 -0.15823904 0.060068608,-1.0007013 -0.2253414 0.011974103,
  -1.0094537 -0.15319964 0.042293597,-0.97299999 -0.21025998 0.0030865981,
  -1.0279027 -0.2045472 0.025590551,-0.96701294 -0.14948655 0.060068608,
  -0.98996475 -0.22924917 0.011974103,-1.0228633 -0.16445162 0.042293597,
  -0.94260091 -0.18169065 0.076771654,-0.96909222 -0.20560288 0.0030865981,
  -1.0226378 -0.21901246 0.025590551,-0.98425197 -0.14644685 0.060068608,
  -0.97853919 -0.22924917 0.011974103,-1.0316158 -0.17961137 0.042293597,
  -0.95029771 -0.16835939 0.076771654,-0.96701294 -0.1998901 0.0030865981,
  -1.012743 -0.23080465 0.025590551,-1.001491 -0.14948655 0.060068608,
  -0.96780268 -0.2253414 0.011974103,-1.0346555 -0.19685039 0.042293597,
  -0.9620899 -0.15846457 0.076771654,-0.99941172 -0.23850146 0.025590551,
  -1.0166507 -0.15823904 0.060068608,-0.95185319 -0.19113762 0.090388101,
  -0.9590502 -0.21799719 0.011974103,-1.0316158 -0.21408942 0.042293597,
  -0.97655516 -0.15319964 0.076771654,-0.98425197 -0.24117453 0.025590551,
  -1.0279027 -0.17164862 0.060068608,-0.95576096 -0.1804011 0.090388101,
  -0.95333742 -0.20810237 0.011974103,-1.0228633 -0.22924917 0.042293597,
  -0.99194877 -0.15319964 0.076771654,-0.96909222 -0.23850146 0.025590551,
  -1.0338898 -0.18809791 0.060068608,-0.96310517 -0.17164862 0.090388101,
  -1.0094537 -0.24050115 0.042293597,-1.006414 -0.15846457 0.076771654,
  -0.95576096 -0.23080465 0.025590551,-1.0338898 -0.20560288 0.060068608,
  -0.97299999 -0.16593584 0.090388101,-0.99300445 -0.2464882 0.042293597,
  -1.0182062 -0.16835939 0.076771654,-0.96780268 -0.19086334 0.099275607,
  -0.94586614 -0.21901246 0.025590551,-1.0279027 -0.22205217 0.060068608,
  -0.98425197 -0.16395182 0.090388101,-0.97549948 -0.2464882 0.042293597,
  -1.025903 -0.18169065 0.076771654,-0.97084239 -0.18559842 0.099275607,
  -0.94060122 -0.2045472 0.025590551,-1.0166507 -0.23546175 0.060068608,
  -0.99550395 -0.16593584 0.090388101,-0.9590502 -0.24050115 0.042293597,
  -1.0285761 -0.19685039 0.076771654,-0.97549948 -0.18169065 0.099275607,
  -1.001491 -0.24421423 0.060068608,-1.0053988 -0.17164862 0.090388101,
  -0.94564061 -0.22924917 0.042293597,-1.025903 -0.21201014 0.076771654,
  -0.98121226 -0.17961137 0.099275607,-0.98425197 -0.24725394 0.060068608,
  -1.012743 -0.1804011 0.090388101,-0.93688813 -0.21408942 0.042293597,
  -1.0182062 -0.2253414 0.076771654,-0.98729167 -0.17961137 0.099275607,
  -0.96701294 -0.24421423 0.060068608,-1.0166507 -0.19113762 0.090388101,
  -1.006414 -0.23523622 0.076771654,-0.99300445 -0.18169065 0.099275607,
  -0.95185319 -0.23546175 0.060068608,-1.0166507 -0.20256317 0.090388101,
  -0.99194877 -0.24050115 0.076771654,-0.99766155 -0.18559842 0.099275607,
  -0.94060122 -0.22205217 0.060068608,-1.012743 -0.21329968 0.090388101,
  -0.97655516 -0.24050115 0.076771654,-1.0007013 -0.19086334 0.099275607,
  -0.93461417 -0.20560288 0.060068608,-1.0053988 -0.22205217 0.090388101,
  -0.9620899 -0.23523622 0.076771654,-1.0017569 -0.19685039 0.099275607,
  -0.99550395 -0.22776495 0.090388101,-0.95029771 -0.2253414 0.076771654,
  -1.0007013 -0.20283745 0.099275607,-0.98425197 -0.22974897 0.090388101,
  -0.94260091 -0.21201014 0.076771654,-0.99766155 -0.20810237 0.099275607,
  -0.97299999 -0.22776495 0.090388101,-0.99300445 -0.21201014 0.099275607,
  -0.96310517 -0.22205217 0.090388101,-0.98729167 -0.21408942 0.099275607,
  -0.95576096 -0.21329968 0.090388101,-0.98121226 -0.21408942 0.099275607,
  -0.95185319 -0.20256317 0.090388101,-0.97549948 -0.21201014 0.099275607,
  -0.97084239 -0.20810237 0.099275607,-0.96780268 -0.20283745 0.099275607] }
 coordIndex [
  26,2,1,-1,27,1,0,-1,27,26,1,-1,27,2,26,-1,28,27,0,-1,29,28,0,-1,30,3,2,-1,31,29,0,-1,
  32,2,27,-1,32,30,2,-1,32,27,28,-1,33,31,0,-1,34,28,29,-1,34,32,28,-1,35,33,0,-1,36,4,3,-1,
  36,5,4,-1,37,34,29,-1,37,29,31,-1,38,35,0,-1,39,5,36,-1,39,3,30,-1,39,30,32,-1,39,36,3,-1,
  40,31,33,-1,40,37,31,-1,41,38,0,-1,42,32,34,-1,42,39,32,-1,43,33,35,-1,43,40,33,-1,44,0,13,-1,
  44,41,0,-1,45,34,37,-1,45,42,34,-1,46,43,35,-1,46,35,38,-1,47,6,5,-1,47,5,39,-1,48,44,13,-1,
  49,45,37,-1,49,37,40,-1,50,46,38,-1,50,38,41,-1,51,47,39,-1,51,39,42,-1,51,6,47,-1,52,48,13,-1,
  53,40,43,-1,53,49,40,-1,54,50,41,-1,54,41,44,-1,55,42,45,-1,55,51,42,-1,56,52,13,-1,57,53,43,-1,
  57,43,46,-1,58,7,6,-1,59,54,44,-1,59,44,48,-1,60,45,49,-1,60,55,45,-1,61,56,13,-1,62,46,50,-1,
  62,57,46,-1,63,58,6,-1,63,7,58,-1,63,6,51,-1,64,48,52,-1,64,59,48,-1,65,49,53,-1,65,60,49,-1,
  66,61,13,-1,67,62,50,-1,67,50,54,-1,68,63,51,-1,68,51,55,-1,69,52,56,-1,69,64,52,-1,70,53,57,-1,
  70,65,53,-1,71,66,13,-1,72,54,59,-1,72,67,54,-1,73,55,60,-1,73,68,55,-1,74,56,61,-1,74,69,56,-1,
  75,57,62,-1,75,70,57,-1,76,8,7,-1,76,9,8,-1,76,7,63,-1,77,13,14,-1,77,71,13,-1,78,72,59,-1,
  78,59,64,-1,79,60,65,-1,79,73,60,-1,80,61,66,-1,80,74,61,-1,81,75,62,-1,81,62,67,-1,82,76,63,-1,
  82,63,68,-1,83,77,14,-1,83,15,77,-1,83,14,15,-1,84,78,64,-1,84,64,69,-1,85,79,65,-1,85,65,70,-1,
  86,80,66,-1,86,66,71,-1,87,81,67,-1,87,67,72,-1,88,82,68,-1,88,68,73,-1,89,84,69,-1,89,69,74,-1,
  90,85,70,-1,90,70,75,-1,91,10,9,-1,92,77,15,-1,92,71,77,-1,92,86,71,-1,93,87,72,-1,93,72,78,-1,
  94,73,79,-1,94,88,73,-1,95,74,80,-1,95,89,74,-1,96,90,75,-1,96,75,81,-1,97,76,82,-1,97,10,91,-1,
  97,9,76,-1,97,91,9,-1,98,92,15,-1,98,15,16,-1,99,78,84,-1,99,93,78,-1,100,94,79,-1,100,79,85,-1,
  101,95,80,-1,101,80,86,-1,102,81,87,-1,102,96,81,-1,103,97,82,-1,103,82,88,-1,104,99,84,-1,104,84,89,-1,
  105,85,90,-1,105,100,85,-1,106,86,92,-1,106,101,86,-1,107,102,87,-1,107,87,93,-1,108,88,94,-1,108,103,88,-1,
  109,89,95,-1,109,104,89,-1,110,90,96,-1,110,105,90,-1,111,11,10,-1,112,92,98,-1,112,98,16,-1,112,106,92,-1,
  113,93,99,-1,113,107,93,-1,114,108,94,-1,114,94,100,-1,115,95,101,-1,115,109,95,-1,116,96,102,-1,116,110,96,-1,
  117,12,11,-1,117,10,97,-1,117,97,103,-1,117,11,111,-1,117,111,10,-1,118,16,17,-1,118,17,18,-1,118,112,16,-1,
  118,18,112,-1,119,113,99,-1,119,99,104,-1,120,114,100,-1,120,100,105,-1,121,115,101,-1,121,101,106,-1,122,102,107,-1,
  122,116,102,-1,123,12,117,-1,123,117,103,-1,123,103,108,-1,124,119,104,-1,124,104,109,-1,125,105,110,-1,125,120,105,-1,
  126,106,112,-1,126,121,106,-1,127,107,113,-1,127,122,107,-1,128,123,108,-1,128,12,123,-1,128,108,114,-1,129,109,115,-1,
  129,124,109,-1,130,125,110,-1,130,110,116,-1,131,18,19,-1,131,19,126,-1,131,126,112,-1,131,112,18,-1,132,113,119,-1,
  132,127,113,-1,133,114,120,-1,133,12,128,-1,133,128,114,-1,134,115,121,-1,134,129,115,-1,135,116,122,-1,135,130,116,-1,
  136,119,124,-1,136,132,119,-1,137,12,133,-1,137,120,125,-1,137,133,120,-1,138,121,126,-1,138,134,121,-1,139,122,127,-1,
  139,135,122,-1,140,124,129,-1,140,136,124,-1,141,125,130,-1,141,12,137,-1,141,137,125,-1,142,126,19,-1,142,138,126,-1,
  143,139,127,-1,143,127,132,-1,144,129,134,-1,144,140,129,-1,145,130,135,-1,145,12,141,-1,145,141,130,-1,146,19,20,-1,
  146,20,142,-1,146,142,19,-1,147,132,136,-1,147,143,132,-1,148,144,134,-1,148,134,138,-1,149,145,135,-1,149,25,12,-1,
  149,135,139,-1,149,12,145,-1,150,136,140,-1,150,147,136,-1,151,148,138,-1,151,138,142,-1,152,25,149,-1,152,149,139,-1,
  152,139,143,-1,153,140,144,-1,153,150,140,-1,154,20,21,-1,154,21,22,-1,154,151,142,-1,154,142,20,-1,155,143,147,-1,
  155,152,143,-1,155,25,152,-1,156,153,144,-1,156,144,148,-1,157,147,150,-1,157,155,147,-1,157,25,155,-1,158,148,151,-1,
  158,156,148,-1,159,157,150,-1,159,150,153,-1,159,25,157,-1,160,154,22,-1,160,151,154,-1,160,158,151,-1,161,153,156,-1,
  161,25,159,-1,161,159,153,-1,162,23,160,-1,162,22,23,-1,162,160,22,-1,163,25,161,-1,163,156,158,-1,163,161,156,-1,
  164,160,23,-1,164,158,160,-1,164,24,25,-1,164,163,158,-1,164,25,163,-1,165,23,24,-1,165,164,23,-1,165,24,164,-1]
  normalPerVertex TRUE
  normal DEF NORM_4 Normal { vector [
  -0.021981502 0.11904181 -0.99264589,0.20566564 0.07163335 -0.97599708,
  0.48926792 0.15948411 -0.85742739,0.72442018 0.17410448 -0.66701052,
  0.86355026 0.075550858 -0.49857097,0.93215578 0.2092595 -0.29545909,
  0.95567918 0.29384961 -0.018157752,0.92546944 0.20849861 0.31628254,
  0.85610146 0.15095379 0.49427041,0.73674625 0.16691007 0.65524499,
  0.47745648 0.14407689 0.86676246,0.21607912 0.082130844 0.97291538,
  -0.016974704 0.12687955 0.99177288,-0.0027636606 -0.13351108 -0.99104347,
  0.20566564 -0.07163335 -0.97599708,0.48926792 -0.15948411 -0.85742739,
  0.72442018 -0.17410448 -0.66701052,0.86355026 -0.075550858 -0.49857097,
  0.93215578 -0.2092595 -0.29545909,0.95567918 -0.29384961 -0.018157752,
  0.92546944 -0.20849861 0.31628254,0.85610146 -0.15095379 0.49427041,
  0.73674625 -0.16691007 0.65524499,0.47745648 -0.14407689 0.86676246,
  0.21607912 -0.082130844 0.97291538,-0.016974704 -0.12687955 0.99177288,
  0.38203965 0.057980536 -0.9223253,0.34237251 0.19302404 -0.91952313,
  0.25369801 0.30234551 -0.91881691,0.13498989 0.37088168 -0.91881691,
  0.650471 0.23498284 -0.72226764,0 0.39468404 -0.91881691,
  0.50273505 0.39223753 -0.77032927,-0.13498989 0.37088168 -0.91881691,
  0.33063546 0.57267741 -0.75014717,-0.25369801 0.30234551 -0.91881691,
  0.84361002 0.22604462 -0.48705847,0.11482849 0.65122472 -0.75014717,
  -0.3418064 0.19734202 -0.91881691,0.78475862 0.38310261 -0.48722305,
  -0.11482849 0.65122472 -0.75014717,-0.3886879 0.068536164 -0.91881691,
  0.56039027 0.66784712 -0.48983974,-0.33063546 0.57267741 -0.75014717,
  -0.3886879 -0.068536164 -0.91881691,0.29817743 0.81923577 -0.48983974,
  -0.50656291 0.42505675 -0.75014717,0.92654436 0.33311432 -0.17478671,
  -0.3418064 -0.19734202 -0.91881691,0 0.8718125 -0.48983974,
  -0.6213914 0.22616797 -0.75014717,0.80733556 0.57639711 -0.12639488,
  -0.25369801 -0.30234551 -0.91881691,-0.29817743 0.81923577 -0.48983974,
  -0.66127091 0 -0.75014717,0.49270877 0.85339662 -0.17015367,
  -0.13498989 -0.37088168 -0.91881691,-0.56039027 0.66784712 -0.48983974,
  0.961794 0.24273242 0.12662258,-0.6213914 -0.22616797 -0.75014717,
  0.17111596 0.97044683 -0.17015367,0 -0.39468404 -0.91881691,
  -0.75501177 0.43590625 -0.48983974,0.88926308 0.43660233 0.13634365,
  -0.50656291 -0.42505675 -0.75014717,-0.17111596 0.97044683 -0.17015367,
  0.13498989 -0.37088168 -0.91881691,-0.85856771 0.15138865 -0.48983974,
  0.63341418 0.75487363 0.17015367,-0.33063546 -0.57267741 -0.75014717,
  -0.49270877 0.85339662 -0.17015367,0.25369801 -0.30234551 -0.91881691,
  -0.85856771 -0.15138865 -0.48983974,0.33703265 0.92598959 0.17015367,
  -0.11482849 -0.65122472 -0.75014717,-0.75487363 0.63341418 -0.17015367,
  0.82827688 0.28557211 0.48208503,0.34237251 -0.19302404 -0.91952313,
  -0.75501177 -0.43590625 -0.48983974,0 0.98541754 0.17015367,
  0.11482849 -0.65122472 -0.75014717,-0.92598959 0.33703265 -0.17015367,
  0.66784712 0.56039027 0.48983974,0.38203965 -0.057980536 -0.9223253,
  -0.56039027 -0.66784712 -0.48983974,-0.33703265 0.92598959 0.17015367,
  0.33063546 -0.57267741 -0.75014717,-0.98541754 0 -0.17015367,
  0.43590625 0.75501177 0.48983974,-0.29817743 -0.81923577 -0.48983974,
  -0.63341418 0.75487363 0.17015367,0.6029265 0.13812297 0.78574912,
  0.50273505 -0.39223753 -0.77032927,-0.92598959 -0.33703265 -0.17015367,
  0.15138865 0.85856771 0.48983974,0 -0.8718125 -0.48983974,
  -0.85339662 0.49270877 0.17015367,0.58823837 0.30554571 0.74874391,
  0.650471 -0.23498284 -0.72226764,-0.75487363 -0.63341418 -0.17015367,
  -0.15138865 0.85856771 0.48983974,0.29817743 -0.81923577 -0.48983974,
  -0.97044683 0.17111596 0.17015367,0.42505675 0.50656291 0.75014717,
  -0.49270877 -0.85339662 -0.17015367,-0.43590625 0.75501177 0.48983974,
  0.56039027 -0.66784712 -0.48983974,-0.97044683 -0.17111596 0.17015367,
  0.22616797 0.6213914 0.75014717,-0.17111596 -0.97044683 -0.17015367,
  -0.66784712 0.56039027 0.48983974,0.380603 0.10413129 0.91885692,
  0.78475862 -0.38310261 -0.48722305,-0.85339662 -0.49270877 0.17015367,
  0 0.66127091 0.75014717,0.17111596 -0.97044683 -0.17015367,
  -0.81923577 0.29817743 0.48983974,0.32614066 0.23051014 0.91678642,
  0.84361002 -0.22604462 -0.48705847,-0.63341418 -0.75487363 0.17015367,
  -0.22616797 0.6213914 0.75014717,0.49270877 -0.85339662 -0.17015367,
  -0.8718125 0 0.48983974,0.19734202 0.3418064 0.91881691,
  -0.33703265 -0.92598959 0.17015367,-0.42505675 0.50656291 0.75014717,
  0.80733556 -0.57639711 -0.12639488,-0.81923577 -0.29817743 0.48983974,
  0.068536164 0.3886879 0.91881691,0 -0.98541754 0.17015367,
  -0.57267741 0.33063546 0.75014717,0.92654436 -0.33311432 -0.17478671,
  -0.66784712 -0.56039027 0.48983974,-0.068536164 0.3886879 0.91881691,
  0.33703265 -0.92598959 0.17015367,-0.65122472 0.11482849 0.75014717,
  -0.43590625 -0.75501177 0.48983974,-0.19734202 0.3418064 0.91881691,
  0.63341418 -0.75487363 0.17015367,-0.65122472 -0.11482849 0.75014717,
  -0.15138865 -0.85856771 0.48983974,-0.30234551 0.25369801 0.91881691,
  0.88926308 -0.43660233 0.13634365,-0.57267741 -0.33063546 0.75014717,
  0.15138865 -0.85856771 0.48983974,-0.37088168 0.13498989 0.91881691,
  0.961794 -0.24273242 0.12662258,-0.42505675 -0.50656291 0.75014717,
  0.43590625 -0.75501177 0.48983974,-0.39468404 0 0.91881691,
  -0.22616797 -0.6213914 0.75014717,0.66784712 -0.56039027 0.48983974,
  -0.37088168 -0.13498989 0.91881691,0 -0.66127091 0.75014717,
  0.82827688 -0.28557211 0.48208503,-0.30234551 -0.25369801 0.91881691,
  0.22616797 -0.6213914 0.75014717,-0.19734202 -0.3418064 0.91881691,
  0.42505675 -0.50656291 0.75014717,-0.068536164 -0.3886879 0.91881691,
  0.58823837 -0.30554571 0.74874391,0.068536164 -0.3886879 0.91881691,
  0.6029265 -0.13812297 0.78574912,0.19734202 -0.3418064 0.91881691,
  0.32614066 -0.23051014 0.91678642,0.380603 -0.10413129 0.91885692] }
}
}
] }
DEF TXFM_8 Transform {
  center 0 0 0
  rotation 0 0 1 0
  scale 1 1 1
  scaleOrientation 0 0 1 0
  translation 0 0 0
 children [
DEF SHAPE_5 Shape {
 appearance USE APP_1
 geometry DEF FACE_5 IndexedFaceSet {
  coord DEF COORD_5 Coordinate { point [
  -0.98425197 -0.59055118 0,-0.97100532 -0.59055118 0.0017439538,
  -0.95866142 -0.59055118 0.0068569675,-0.94806146 -0.59055118 0.014990598,
  -0.93992783 -0.59055118 0.025590551,-0.93481482 -0.59055118 0.037934458,
  -0.93307087 -0.59055118 0.051181102,-0.93481482 -0.59055118 0.064427746,
  -0.93992783 -0.59055118 0.076771654,-0.94806146 -0.59055118 0.087371607,
  -0.95866142 -0.59055118 0.095505237,-0.97100532 -0.59055118 0.10061825,
  -0.98425197 -0.59055118 0.1023622,-0.98425197 -0.59055118 0,
  -0.97100532 -0.59055118 0.0017439538,-0.95866142 -0.59055118 0.0068569675,
  -0.94806146 -0.59055118 0.014990598,-0.93992783 -0.59055118 0.025590551,
  -0.93481482 -0.59055118 0.037934458,-0.93307087 -0.59055118 0.051181102,
  -0.93481482 -0.59055118 0.064427746,-0.93992783 -0.59055118 0.076771654,
  -0.94806146 -0.59055118 0.087371607,-0.95866142 -0.59055118 0.095505237,
  -0.97100532 -0.59055118 0.10061825,-0.98425197 -0.59055118 0.1023622,
  -0.96701294 -0.58751148 0.0030865981,-0.96909222 -0.5817987 0.0030865981,
  -0.97299999 -0.5771416 0.0030865981,-0.97826492 -0.57410189 0.0030865981,
  -0.95333742 -0.5792992 0.011974103,-0.98425197 -0.57304621 0.0030865981,
  -0.9590502 -0.56940438 0.011974103,-0.99023902 -0.57410189 0.0030865981,
  -0.96780268 -0.56206018 0.011974103,-0.99550395 -0.5771416 0.0030865981,
  -0.94060122 -0.58285438 0.025590551,-0.97853919 -0.55815241 0.011974103,
  -0.99941172 -0.5817987 0.0030865981,-0.94586614 -0.56838911 0.025590551,
  -0.98996475 -0.55815241 0.011974103,-1.001491 -0.58751148 0.0030865981,
  -0.95576096 -0.55659692 0.025590551,-1.0007013 -0.56206018 0.011974103,
  -1.001491 -0.59359089 0.0030865981,-0.96909222 -0.54890012 0.025590551,
  -1.0094537 -0.56940438 0.011974103,-0.93688813 -0.57331215 0.042293597,
  -0.99941172 -0.59930367 0.0030865981,-0.98425197 -0.54622705 0.025590551,
  -1.0151665 -0.5792992 0.011974103,-0.94564061 -0.55815241 0.042293597,
  -0.99550395 -0.60396076 0.0030865981,-0.99941172 -0.54890012 0.025590551,
  -1.0171505 -0.59055118 0.011974103,-0.9590502 -0.54690043 0.042293597,
  -0.99023902 -0.60700047 0.0030865981,-1.012743 -0.55659692 0.025590551,
  -0.93461417 -0.5817987 0.060068608,-1.0151665 -0.60180316 0.011974103,
  -0.97549948 -0.54091338 0.042293597,-0.98425197 -0.60805615 0.0030865981,
  -1.0226378 -0.56838911 0.025590551,-0.94060122 -0.56534941 0.060068608,
  -1.0094537 -0.61169798 0.011974103,-0.99300445 -0.54091338 0.042293597,
  -0.97826492 -0.60700047 0.0030865981,-1.0279027 -0.58285438 0.025590551,
  -0.95185319 -0.55193982 0.060068608,-1.0007013 -0.61904219 0.011974103,
  -1.0094537 -0.54690043 0.042293597,-0.97299999 -0.60396076 0.0030865981,
  -1.0279027 -0.59824799 0.025590551,-0.96701294 -0.54318734 0.060068608,
  -0.98996475 -0.62294996 0.011974103,-1.0228633 -0.55815241 0.042293597,
  -0.94260091 -0.57539143 0.076771654,-0.96909222 -0.59930367 0.0030865981,
  -1.0226378 -0.61271325 0.025590551,-0.98425197 -0.54014763 0.060068608,
  -0.97853919 -0.62294996 0.011974103,-1.0316158 -0.57331215 0.042293597,
  -0.95029771 -0.56206018 0.076771654,-0.96701294 -0.59359089 0.0030865981,
  -1.012743 -0.62450544 0.025590551,-1.001491 -0.54318734 0.060068608,
  -0.96780268 -0.61904219 0.011974103,-1.0346555 -0.59055118 0.042293597,
  -0.9620899 -0.55216535 0.076771654,-0.99941172 -0.63220224 0.025590551,
  -1.0166507 -0.55193982 0.060068608,-0.95185319 -0.5848384 0.090388101,
  -0.9590502 -0.61169798 0.011974103,-1.0316158 -0.60779021 0.042293597,
  -0.97655516 -0.54690043 0.076771654,-0.98425197 -0.63487532 0.025590551,
  -1.0279027 -0.56534941 0.060068608,-0.95576096 -0.57410189 0.090388101,
  -0.95333742 -0.60180316 0.011974103,-1.0228633 -0.62294996 0.042293597,
  -0.99194877 -0.54690043 0.076771654,-0.96909222 -0.63220224 0.025590551,
  -1.0338898 -0.5817987 0.060068608,-0.96310517 -0.56534941 0.090388101,
  -1.0094537 -0.63420193 0.042293597,-1.006414 -0.55216535 0.076771654,
  -0.95576096 -0.62450544 0.025590551,-1.0338898 -0.59930367 0.060068608,
  -0.97299999 -0.55963663 0.090388101,-0.99300445 -0.64018898 0.042293597,
  -1.0182062 -0.56206018 0.076771654,-0.96780268 -0.58456413 0.099275607,
  -0.94586614 -0.61271325 0.025590551,-1.0279027 -0.61575295 0.060068608,
  -0.98425197 -0.5576526 0.090388101,-0.97549948 -0.64018898 0.042293597,
  -1.025903 -0.57539143 0.076771654,-0.97084239 -0.5792992 0.099275607,
  -0.94060122 -0.59824799 0.025590551,-1.0166507 -0.62916254 0.060068608,
  -0.99550395 -0.55963663 0.090388101,-0.9590502 -0.63420193 0.042293597,
  -1.0285761 -0.59055118 0.076771654,-0.97549948 -0.57539143 0.099275607,
  -1.001491 -0.63791502 0.060068608,-1.0053988 -0.56534941 0.090388101,
  -0.94564061 -0.62294996 0.042293597,-1.025903 -0.60571093 0.076771654,
  -0.98121226 -0.57331215 0.099275607,-0.98425197 -0.64095473 0.060068608,
  -1.012743 -0.57410189 0.090388101,-0.93688813 -0.60779021 0.042293597,
  -1.0182062 -0.61904219 0.076771654,-0.98729167 -0.57331215 0.099275607,
  -0.96701294 -0.63791502 0.060068608,-1.0166507 -0.5848384 0.090388101,
  -1.006414 -0.62893701 0.076771654,-0.99300445 -0.57539143 0.099275607,
  -0.95185319 -0.62916254 0.060068608,-1.0166507 -0.59626396 0.090388101,
  -0.99194877 -0.63420193 0.076771654,-0.99766155 -0.5792992 0.099275607,
  -0.94060122 -0.61575295 0.060068608,-1.012743 -0.60700047 0.090388101,
  -0.97655516 -0.63420193 0.076771654,-1.0007013 -0.58456413 0.099275607,
  -0.93461417 -0.59930367 0.060068608,-1.0053988 -0.61575295 0.090388101,
  -0.9620899 -0.62893701 0.076771654,-1.0017569 -0.59055118 0.099275607,
  -0.99550395 -0.62146573 0.090388101,-0.95029771 -0.61904219 0.076771654,
  -1.0007013 -0.59653823 0.099275607,-0.98425197 -0.62344976 0.090388101,
  -0.94260091 -0.60571093 0.076771654,-0.99766155 -0.60180316 0.099275607,
  -0.97299999 -0.62146573 0.090388101,-0.99300445 -0.60571093 0.099275607,
  -0.96310517 -0.61575295 0.090388101,-0.98729167 -0.60779021 0.099275607,
  -0.95576096 -0.60700047 0.090388101,-0.98121226 -0.60779021 0.099275607,
  -0.95185319 -0.59626396 0.090388101,-0.97549948 -0.60571093 0.099275607,
  -0.97084239 -0.60180316 0.099275607,-0.96780268 -0.59653823 0.099275607] }
 coordIndex [
  26,2,1,-1,27,1,0,-1,27,26,1,-1,27,2,26,-1,28,27,0,-1,29,28,0,-1,30,3,2,-1,31,29,0,-1,
  32,2,27,-1,32,30,2,-1,32,27,28,-1,33,31,0,-1,34,28,29,-1,34,32,28,-1,35,33,0,-1,36,4,3,-1,
  36,5,4,-1,37,34,29,-1,37,29,31,-1,38,35,0,-1,39,5,36,-1,39,3,30,-1,39,30,32,-1,39,36,3,-1,
  40,31,33,-1,40,37,31,-1,41,38,0,-1,42,32,34,-1,42,39,32,-1,43,33,35,-1,43,40,33,-1,44,0,13,-1,
  44,41,0,-1,45,34,37,-1,45,42,34,-1,46,43,35,-1,46,35,38,-1,47,6,5,-1,47,5,39,-1,48,44,13,-1,
  49,45,37,-1,49,37,40,-1,50,46,38,-1,50,38,41,-1,51,47,39,-1,51,39,42,-1,51,6,47,-1,52,48,13,-1,
  53,40,43,-1,53,49,40,-1,54,50,41,-1,54,41,44,-1,55,42,45,-1,55,51,42,-1,56,52,13,-1,57,53,43,-1,
  57,43,46,-1,58,7,6,-1,59,54,44,-1,59,44,48,-1,60,45,49,-1,60,55,45,-1,61,56,13,-1,62,46,50,-1,
  62,57,46,-1,63,58,6,-1,63,7,58,-1,63,6,51,-1,64,48,52,-1,64,59,48,-1,65,49,53,-1,65,60,49,-1,
  66,61,13,-1,67,62,50,-1,67,50,54,-1,68,63,51,-1,68,51,55,-1,69,52,56,-1,69,64,52,-1,70,53,57,-1,
  70,65,53,-1,71,66,13,-1,72,54,59,-1,72,67,54,-1,73,55,60,-1,73,68,55,-1,74,56,61,-1,74,69,56,-1,
  75,57,62,-1,75,70,57,-1,76,8,7,-1,76,9,8,-1,76,7,63,-1,77,13,14,-1,77,71,13,-1,78,72,59,-1,
  78,59,64,-1,79,60,65,-1,79,73,60,-1,80,61,66,-1,80,74,61,-1,81,75,62,-1,81,62,67,-1,82,76,63,-1,
  82,63,68,-1,83,77,14,-1,83,15,77,-1,83,14,15,-1,84,78,64,-1,84,64,69,-1,85,79,65,-1,85,65,70,-1,
  86,80,66,-1,86,66,71,-1,87,81,67,-1,87,67,72,-1,88,82,68,-1,88,68,73,-1,89,84,69,-1,89,69,74,-1,
  90,85,70,-1,90,70,75,-1,91,10,9,-1,92,77,15,-1,92,71,77,-1,92,86,71,-1,93,87,72,-1,93,72,78,-1,
  94,73,79,-1,94,88,73,-1,95,74,80,-1,95,89,74,-1,96,90,75,-1,96,75,81,-1,97,76,82,-1,97,10,91,-1,
  97,9,76,-1,97,91,9,-1,98,92,15,-1,98,15,16,-1,99,78,84,-1,99,93,78,-1,100,94,79,-1,100,79,85,-1,
  101,95,80,-1,101,80,86,-1,102,81,87,-1,102,96,81,-1,103,97,82,-1,103,82,88,-1,104,99,84,-1,104,84,89,-1,
  105,85,90,-1,105,100,85,-1,106,86,92,-1,106,101,86,-1,107,102,87,-1,107,87,93,-1,108,88,94,-1,108,103,88,-1,
  109,89,95,-1,109,104,89,-1,110,90,96,-1,110,105,90,-1,111,11,10,-1,112,92,98,-1,112,98,16,-1,112,106,92,-1,
  113,93,99,-1,113,107,93,-1,114,108,94,-1,114,94,100,-1,115,95,101,-1,115,109,95,-1,116,96,102,-1,116,110,96,-1,
  117,12,11,-1,117,10,97,-1,117,97,103,-1,117,11,111,-1,117,111,10,-1,118,16,17,-1,118,17,18,-1,118,112,16,-1,
  118,18,112,-1,119,113,99,-1,119,99,104,-1,120,114,100,-1,120,100,105,-1,121,115,101,-1,121,101,106,-1,122,102,107,-1,
  122,116,102,-1,123,12,117,-1,123,117,103,-1,123,103,108,-1,124,119,104,-1,124,104,109,-1,125,105,110,-1,125,120,105,-1,
  126,106,112,-1,126,121,106,-1,127,107,113,-1,127,122,107,-1,128,123,108,-1,128,12,123,-1,128,108,114,-1,129,109,115,-1,
  129,124,109,-1,130,125,110,-1,130,110,116,-1,131,18,19,-1,131,19,126,-1,131,126,112,-1,131,112,18,-1,132,113,119,-1,
  132,127,113,-1,133,114,120,-1,133,12,128,-1,133,128,114,-1,134,115,121,-1,134,129,115,-1,135,116,122,-1,135,130,116,-1,
  136,119,124,-1,136,132,119,-1,137,12,133,-1,137,120,125,-1,137,133,120,-1,138,121,126,-1,138,134,121,-1,139,122,127,-1,
  139,135,122,-1,140,124,129,-1,140,136,124,-1,141,125,130,-1,141,12,137,-1,141,137,125,-1,142,126,19,-1,142,138,126,-1,
  143,139,127,-1,143,127,132,-1,144,129,134,-1,144,140,129,-1,145,130,135,-1,145,12,141,-1,145,141,130,-1,146,19,20,-1,
  146,20,142,-1,146,142,19,-1,147,132,136,-1,147,143,132,-1,148,144,134,-1,148,134,138,-1,149,145,135,-1,149,25,12,-1,
  149,135,139,-1,149,12,145,-1,150,136,140,-1,150,147,136,-1,151,148,138,-1,151,138,142,-1,152,25,149,-1,152,149,139,-1,
  152,139,143,-1,153,140,144,-1,153,150,140,-1,154,20,21,-1,154,21,22,-1,154,151,142,-1,154,142,20,-1,155,143,147,-1,
  155,152,143,-1,155,25,152,-1,156,153,144,-1,156,144,148,-1,157,147,150,-1,157,155,147,-1,157,25,155,-1,158,148,151,-1,
  158,156,148,-1,159,157,150,-1,159,150,153,-1,159,25,157,-1,160,154,22,-1,160,151,154,-1,160,158,151,-1,161,153,156,-1,
  161,25,159,-1,161,159,153,-1,162,23,160,-1,162,22,23,-1,162,160,22,-1,163,25,161,-1,163,156,158,-1,163,161,156,-1,
  164,160,23,-1,164,158,160,-1,164,24,25,-1,164,163,158,-1,164,25,163,-1,165,23,24,-1,165,164,23,-1,165,24,164,-1]
  normalPerVertex TRUE
  normal DEF NORM_5 Normal { vector [
  -0.021981502 0.11904181 -0.99264589,0.20566564 0.07163335 -0.97599708,
  0.48926792 0.15948411 -0.85742739,0.72442018 0.17410448 -0.66701052,
  0.86355026 0.075550858 -0.49857097,0.93215578 0.2092595 -0.29545909,
  0.95567918 0.29384961 -0.018157752,0.92546944 0.20849861 0.31628254,
  0.85610146 0.15095379 0.49427041,0.73674625 0.16691007 0.65524499,
  0.47745648 0.14407689 0.86676246,0.21607912 0.082130844 0.97291538,
  -0.016974704 0.12687955 0.99177288,-0.0027636606 -0.13351108 -0.99104347,
  0.20566564 -0.07163335 -0.97599708,0.48926792 -0.15948411 -0.85742739,
  0.72442018 -0.17410448 -0.66701052,0.86355026 -0.075550858 -0.49857097,
  0.93215578 -0.2092595 -0.29545909,0.95567918 -0.29384961 -0.018157752,
  0.92546944 -0.20849861 0.31628254,0.85610146 -0.15095379 0.49427041,
  0.73674625 -0.16691007 0.65524499,0.47745648 -0.14407689 0.86676246,
  0.21607912 -0.082130844 0.97291538,-0.016974704 -0.12687955 0.99177288,
  0.38203965 0.057980536 -0.9223253,0.34237251 0.19302404 -0.91952313,
  0.25369801 0.30234551 -0.91881691,0.13498989 0.37088168 -0.91881691,
  0.650471 0.23498284 -0.72226764,0 0.39468404 -0.91881691,
  0.50273505 0.39223753 -0.77032927,-0.13498989 0.37088168 -0.91881691,
  0.33063546 0.57267741 -0.75014717,-0.25369801 0.30234551 -0.91881691,
  0.84361002 0.22604462 -0.48705847,0.11482849 0.65122472 -0.75014717,
  -0.3418064 0.19734202 -0.91881691,0.78475862 0.38310261 -0.48722305,
  -0.11482849 0.65122472 -0.75014717,-0.3886879 0.068536164 -0.91881691,
  0.56039027 0.66784712 -0.48983974,-0.33063546 0.57267741 -0.75014717,
  -0.3886879 -0.068536164 -0.91881691,0.29817743 0.81923577 -0.48983974,
  -0.50656291 0.42505675 -0.75014717,0.92654436 0.33311432 -0.17478671,
  -0.3418064 -0.19734202 -0.91881691,0 0.8718125 -0.48983974,
  -0.6213914 0.22616797 -0.75014717,0.80733556 0.57639711 -0.12639488,
  -0.25369801 -0.30234551 -0.91881691,-0.29817743 0.81923577 -0.48983974,
  -0.66127091 0 -0.75014717,0.49270877 0.85339662 -0.17015367,
  -0.13498989 -0.37088168 -0.91881691,-0.56039027 0.66784712 -0.48983974,
  0.961794 0.24273242 0.12662258,-0.6213914 -0.22616797 -0.75014717,
  0.17111596 0.97044683 -0.17015367,0 -0.39468404 -0.91881691,
  -0.75501177 0.43590625 -0.48983974,0.88926308 0.43660233 0.13634365,
  -0.50656291 -0.42505675 -0.75014717,-0.17111596 0.97044683 -0.17015367,
  0.13498989 -0.37088168 -0.91881691,-0.85856771 0.15138865 -0.48983974,
  0.63341418 0.75487363 0.17015367,-0.33063546 -0.57267741 -0.75014717,
  -0.49270877 0.85339662 -0.17015367,0.25369801 -0.30234551 -0.91881691,
  -0.85856771 -0.15138865 -0.48983974,0.33703265 0.92598959 0.17015367,
  -0.11482849 -0.65122472 -0.75014717,-0.75487363 0.63341418 -0.17015367,
  0.82827688 0.28557211 0.48208503,0.34237251 -0.19302404 -0.91952313,
  -0.75501177 -0.43590625 -0.48983974,0 0.98541754 0.17015367,
  0.11482849 -0.65122472 -0.75014717,-0.92598959 0.33703265 -0.17015367,
  0.66784712 0.56039027 0.48983974,0.38203965 -0.057980536 -0.9223253,
  -0.56039027 -0.66784712 -0.48983974,-0.33703265 0.92598959 0.17015367,
  0.33063546 -0.57267741 -0.75014717,-0.98541754 0 -0.17015367,
  0.43590625 0.75501177 0.48983974,-0.29817743 -0.81923577 -0.48983974,
  -0.63341418 0.75487363 0.17015367,0.6029265 0.13812297 0.78574912,
  0.50273505 -0.39223753 -0.77032927,-0.92598959 -0.33703265 -0.17015367,
  0.15138865 0.85856771 0.48983974,0 -0.8718125 -0.48983974,
  -0.85339662 0.49270877 0.17015367,0.58823837 0.30554571 0.74874391,
  0.650471 -0.23498284 -0.72226764,-0.75487363 -0.63341418 -0.17015367,
  -0.15138865 0.85856771 0.48983974,0.29817743 -0.81923577 -0.48983974,
  -0.97044683 0.17111596 0.17015367,0.42505675 0.50656291 0.75014717,
  -0.49270877 -0.85339662 -0.17015367,-0.43590625 0.75501177 0.48983974,
  0.56039027 -0.66784712 -0.48983974,-0.97044683 -0.17111596 0.17015367,
  0.22616797 0.6213914 0.75014717,-0.17111596 -0.97044683 -0.17015367,
  -0.66784712 0.56039027 0.48983974,0.380603 0.10413129 0.91885692,
  0.78475862 -0.38310261 -0.48722305,-0.85339662 -0.49270877 0.17015367,
  0 0.66127091 0.75014717,0.17111596 -0.97044683 -0.17015367,
  -0.81923577 0.29817743 0.48983974,0.32614066 0.23051014 0.91678642,
  0.84361002 -0.22604462 -0.48705847,-0.63341418 -0.75487363 0.17015367,
  -0.22616797 0.6213914 0.75014717,0.49270877 -0.85339662 -0.17015367,
  -0.8718125 0 0.48983974,0.19734202 0.3418064 0.91881691,
  -0.33703265 -0.92598959 0.17015367,-0.42505675 0.50656291 0.75014717,
  0.80733556 -0.57639711 -0.12639488,-0.81923577 -0.29817743 0.48983974,
  0.068536164 0.3886879 0.91881691,0 -0.98541754 0.17015367,
  -0.57267741 0.33063546 0.75014717,0.92654436 -0.33311432 -0.17478671,
  -0.66784712 -0.56039027 0.48983974,-0.068536164 0.3886879 0.91881691,
  0.33703265 -0.92598959 0.17015367,-0.65122472 0.11482849 0.75014717,
  -0.43590625 -0.75501177 0.48983974,-0.19734202 0.3418064 0.91881691,
  0.63341418 -0.75487363 0.17015367,-0.65122472 -0.11482849 0.75014717,
  -0.15138865 -0.85856771 0.48983974,-0.30234551 0.25369801 0.91881691,
  0.88926308 -0.43660233 0.13634365,-0.57267741 -0.33063546 0.75014717,
  0.15138865 -0.85856771 0.48983974,-0.37088168 0.13498989 0.91881691,
  0.961794 -0.24273242 0.12662258,-0.42505675 -0.50656291 0.75014717,
  0.43590625 -0.75501177 0.48983974,-0.39468404 0 0.91881691,
  -0.22616797 -0.6213914 0.75014717,0.66784712 -0.56039027 0.48983974,
  -0.37088168 -0.13498989 0.91881691,0 -0.66127091 0.75014717,
  0.82827688 -0.28557211 0.48208503,-0.30234551 -0.25369801 0.91881691,
  0.22616797 -0.6213914 0.75014717,-0.19734202 -0.3418064 0.91881691,
  0.42505675 -0.50656291 0.75014717,-0.068536164 -0.3886879 0.91881691,
  0.58823837 -0.30554571 0.74874391,0.068536164 -0.3886879 0.91881691,
  0.6029265 -0.13812297 0.78574912,0.19734202 -0.3418064 0.91881691,
  0.32614066 -0.23051014 0.91678642,0.380603 -0.10413129 0.91885692] }
}
}
] }
DEF TXFM_9 Transform {
  center 0 0 0
  rotation 0 0 1 0
  scale 1 1 1
  scaleOrientation 0 0 1 0
  translation 0 0 0
 children [
DEF SHAPE_6 Shape {
 appearance USE APP_1
 geometry DEF FACE_6 IndexedFaceSet {
  coord DEF COORD_6 Coordinate { point [
  -0.98425197 -0.98425197 0,-0.97100532 -0.98425197 0.0017439538,
  -0.95866142 -0.98425197 0.0068569675,-0.94806146 -0.98425197 0.014990598,
  -0.93992783 -0.98425197 0.025590551,-0.93481482 -0.98425197 0.037934458,
  -0.93307087 -0.98425197 0.051181102,-0.93481482 -0.98425197 0.064427746,
  -0.93992783 -0.98425197 0.076771654,-0.94806146 -0.98425197 0.087371607,
  -0.95866142 -0.98425197 0.095505237,-0.97100532 -0.98425197 0.10061825,
  -0.98425197 -0.98425197 0.1023622,-0.98425197 -0.98425197 0,
  -0.97100532 -0.98425197 0.0017439538,-0.95866142 -0.98425197 0.0068569675,
  -0.94806146 -0.98425197 0.014990598,-0.93992783 -0.98425197 0.025590551,
  -0.93481482 -0.98425197 0.037934458,-0.93307087 -0.98425197 0.051181102,
  -0.93481482 -0.98425197 0.064427746,-0.93992783 -0.98425197 0.076771654,
  -0.94806146 -0.98425197 0.087371607,-0.95866142 -0.98425197 0.095505237,
  -0.97100532 -0.98425197 0.10061825,-0.98425197 -0.98425197 0.1023622,
  -0.96701294 -0.98121226 0.0030865981,-0.96909222 -0.97549948 0.0030865981,
  -0.97299999 -0.97084239 0.0030865981,-0.97826492 -0.96780268 0.0030865981,
  -0.95333742 -0.97299999 0.011974103,-0.98425197 -0.966747 0.0030865981,
  -0.9590502 -0.96310517 0.011974103,-0.99023902 -0.96780268 0.0030865981,
  -0.96780268 -0.95576096 0.011974103,-0.99550395 -0.97084239 0.0030865981,
  -0.94060122 -0.97655516 0.025590551,-0.97853919 -0.95185319 0.011974103,
  -0.99941172 -0.97549948 0.0030865981,-0.94586614 -0.9620899 0.025590551,
  -0.98996475 -0.95185319 0.011974103,-1.001491 -0.98121226 0.0030865981,
  -0.95576096 -0.95029771 0.025590551,-1.0007013 -0.95576096 0.011974103,
  -1.001491 -0.98729167 0.0030865981,-0.96909222 -0.94260091 0.025590551,
  -1.0094537 -0.96310517 0.011974103,-0.93688813 -0.96701294 0.042293597,
  -0.99941172 -0.99300445 0.0030865981,-0.98425197 -0.93992783 0.025590551,
  -1.0151665 -0.97299999 0.011974103,-0.94564061 -0.95185319 0.042293597,
  -0.99550395 -0.99766155 0.0030865981,-0.99941172 -0.94260091 0.025590551,
  -1.0171505 -0.98425197 0.011974103,-0.9590502 -0.94060122 0.042293597,
  -0.99023902 -1.0007013 0.0030865981,-1.012743 -0.95029771 0.025590551,
  -0.93461417 -0.97549948 0.060068608,-1.0151665 -0.99550395 0.011974103,
  -0.97549948 -0.93461417 0.042293597,-0.98425197 -1.0017569 0.0030865981,
  -1.0226378 -0.9620899 0.025590551,-0.94060122 -0.9590502 0.060068608,
  -1.0094537 -1.0053988 0.011974103,-0.99300445 -0.93461417 0.042293597,
  -0.97826492 -1.0007013 0.0030865981,-1.0279027 -0.97655516 0.025590551,
  -0.95185319 -0.94564061 0.060068608,-1.0007013 -1.012743 0.011974103,
  -1.0094537 -0.94060122 0.042293597,-0.97299999 -0.99766155 0.0030865981,
  -1.0279027 -0.99194877 0.025590551,-0.96701294 -0.93688813 0.060068608,
  -0.98996475 -1.0166507 0.011974103,-1.0228633 -0.95185319 0.042293597,
  -0.94260091 -0.96909222 0.076771654,-0.96909222 -0.99300445 0.0030865981,
  -1.0226378 -1.006414 0.025590551,-0.98425197 -0.93384842 0.060068608,
  -0.97853919 -1.0166507 0.011974103,-1.0316158 -0.96701294 0.042293597,
  -0.95029771 -0.95576096 0.076771654,-0.96701294 -0.98729167 0.0030865981,
  -1.012743 -1.0182062 0.025590551,-1.001491 -0.93688813 0.060068608,
  -0.96780268 -1.012743 0.011974103,-1.0346555 -0.98425197 0.042293597,
  -0.9620899 -0.94586614 0.076771654,-0.99941172 -1.025903 0.025590551,
  -1.0166507 -0.94564061 0.060068608,-0.95185319 -0.97853919 0.090388101,
  -0.9590502 -1.0053988 0.011974103,-1.0316158 -1.001491 0.042293597,
  -0.97655516 -0.94060122 0.076771654,-0.98425197 -1.0285761 0.025590551,
  -1.0279027 -0.9590502 0.060068608,-0.95576096 -0.96780268 0.090388101,
  -0.95333742 -0.99550395 0.011974103,-1.0228633 -1.0166507 0.042293597,
  -0.99194877 -0.94060122 0.076771654,-0.96909222 -1.025903 0.025590551,
  -1.0338898 -0.97549948 0.060068608,-0.96310517 -0.9590502 0.090388101,
  -1.0094537 -1.0279027 0.042293597,-1.006414 -0.94586614 0.076771654,
  -0.95576096 -1.0182062 0.025590551,-1.0338898 -0.99300445 0.060068608,
  -0.97299999 -0.95333742 0.090388101,-0.99300445 -1.0338898 0.042293597,
  -1.0182062 -0.95576096 0.076771654,-0.96780268 -0.97826492 0.099275607,
  -0.94586614 -1.006414 0.025590551,-1.0279027 -1.0094537 0.060068608,
  -0.98425197 -0.95135339 0.090388101,-0.97549948 -1.0338898 0.042293597,
  -1.025903 -0.96909222 0.076771654,-0.97084239 -0.97299999 0.099275607,
  -0.94060122 -0.99194877 0.025590551,-1.0166507 -1.0228633 0.060068608,
  -0.99550395 -0.95333742 0.090388101,-0.9590502 -1.0279027 0.042293597,
  -1.0285761 -0.98425197 0.076771654,-0.97549948 -0.96909222 0.099275607,
  -1.001491 -1.0316158 0.060068608,-1.0053988 -0.9590502 0.090388101,
  -0.94564061 -1.0166507 0.042293597,-1.025903 -0.99941172 0.076771654,
  -0.98121226 -0.96701294 0.099275607,-0.98425197 -1.0346555 0.060068608,
  -1.012743 -0.96780268 0.090388101,-0.93688813 -1.001491 0.042293597,
  -1.0182062 -1.012743 0.076771654,-0.98729167 -0.96701294 0.099275607,
  -0.96701294 -1.0316158 0.060068608,-1.0166507 -0.97853919 0.090388101,
  -1.006414 -1.0226378 0.076771654,-0.99300445 -0.96909222 0.099275607,
  -0.95185319 -1.0228633 0.060068608,-1.0166507 -0.98996475 0.090388101,
  -0.99194877 -1.0279027 0.076771654,-0.99766155 -0.97299999 0.099275607,
  -0.94060122 -1.0094537 0.060068608,-1.012743 -1.0007013 0.090388101,
  -0.97655516 -1.0279027 0.076771654,-1.0007013 -0.97826492 0.099275607,
  -0.93461417 -0.99300445 0.060068608,-1.0053988 -1.0094537 0.090388101,
  -0.9620899 -1.0226378 0.076771654,-1.0017569 -0.98425197 0.099275607,
  -0.99550395 -1.0151665 0.090388101,-0.95029771 -1.012743 0.076771654,
  -1.0007013 -0.99023902 0.099275607,-0.98425197 -1.0171505 0.090388101,
  -0.94260091 -0.99941172 0.076771654,-0.99766155 -0.99550395 0.099275607,
  -0.97299999 -1.0151665 0.090388101,-0.99300445 -0.99941172 0.099275607,
  -0.96310517 -1.0094537 0.090388101,-0.98729167 -1.001491 0.099275607,
  -0.95576096 -1.0007013 0.090388101,-0.98121226 -1.001491 0.099275607,
  -0.95185319 -0.98996475 0.090388101,-0.97549948 -0.99941172 0.099275607,
  -0.97084239 -0.99550395 0.099275607,-0.96780268 -0.99023902 0.099275607] }
 coordIndex [
  26,2,1,-1,27,1,0,-1,27,26,1,-1,27,2,26,-1,28,27,0,-1,29,28,0,-1,30,3,2,-1,31,29,0,-1,
  32,2,27,-1,32,30,2,-1,32,27,28,-1,33,31,0,-1,34,28,29,-1,34,32,28,-1,35,33,0,-1,36,4,3,-1,
  36,5,4,-1,37,34,29,-1,37,29,31,-1,38,35,0,-1,39,5,36,-1,39,3,30,-1,39,30,32,-1,39,36,3,-1,
  40,31,33,-1,40,37,31,-1,41,38,0,-1,42,32,34,-1,42,39,32,-1,43,33,35,-1,43,40,33,-1,44,0,13,-1,
  44,41,0,-1,45,34,37,-1,45,42,34,-1,46,43,35,-1,46,35,38,-1,47,6,5,-1,47,5,39,-1,48,44,13,-1,
  49,45,37,-1,49,37,40,-1,50,46,38,-1,50,38,41,-1,51,47,39,-1,51,39,42,-1,51,6,47,-1,52,48,13,-1,
  53,40,43,-1,53,49,40,-1,54,50,41,-1,54,41,44,-1,55,42,45,-1,55,51,42,-1,56,52,13,-1,57,53,43,-1,
  57,43,46,-1,58,7,6,-1,59,54,44,-1,59,44,48,-1,60,45,49,-1,60,55,45,-1,61,56,13,-1,62,46,50,-1,
  62,57,46,-1,63,58,6,-1,63,7,58,-1,63,6,51,-1,64,48,52,-1,64,59,48,-1,65,49,53,-1,65,60,49,-1,
  66,61,13,-1,67,62,50,-1,67,50,54,-1,68,63,51,-1,68,51,55,-1,69,52,56,-1,69,64,52,-1,70,53,57,-1,
  70,65,53,-1,71,66,13,-1,72,54,59,-1,72,67,54,-1,73,55,60,-1,73,68,55,-1,74,56,61,-1,74,69,56,-1,
  75,57,62,-1,75,70,57,-1,76,8,7,-1,76,9,8,-1,76,7,63,-1,77,13,14,-1,77,71,13,-1,78,72,59,-1,
  78,59,64,-1,79,60,65,-1,79,73,60,-1,80,61,66,-1,80,74,61,-1,81,75,62,-1,81,62,67,-1,82,76,63,-1,
  82,63,68,-1,83,77,14,-1,83,15,77,-1,83,14,15,-1,84,78,64,-1,84,64,69,-1,85,79,65,-1,85,65,70,-1,
  86,80,66,-1,86,66,71,-1,87,81,67,-1,87,67,72,-1,88,82,68,-1,88,68,73,-1,89,84,69,-1,89,69,74,-1,
  90,85,70,-1,90,70,75,-1,91,10,9,-1,92,77,15,-1,92,71,77,-1,92,86,71,-1,93,87,72,-1,93,72,78,-1,
  94,73,79,-1,94,88,73,-1,95,74,80,-1,95,89,74,-1,96,90,75,-1,96,75,81,-1,97,76,82,-1,97,10,91,-1,
  97,9,76,-1,97,91,9,-1,98,92,15,-1,98,15,16,-1,99,78,84,-1,99,93,78,-1,100,94,79,-1,100,79,85,-1,
  101,95,80,-1,101,80,86,-1,102,81,87,-1,102,96,81,-1,103,97,82,-1,103,82,88,-1,104,99,84,-1,104,84,89,-1,
  105,85,90,-1,105,100,85,-1,106,86,92,-1,106,101,86,-1,107,102,87,-1,107,87,93,-1,108,88,94,-1,108,103,88,-1,
  109,89,95,-1,109,104,89,-1,110,90,96,-1,110,105,90,-1,111,11,10,-1,112,92,98,-1,112,98,16,-1,112,106,92,-1,
  113,93,99,-1,113,107,93,-1,114,108,94,-1,114,94,100,-1,115,95,101,-1,115,109,95,-1,116,96,102,-1,116,110,96,-1,
  117,12,11,-1,117,10,97,-1,117,97,103,-1,117,11,111,-1,117,111,10,-1,118,16,17,-1,118,17,18,-1,118,112,16,-1,
  118,18,112,-1,119,113,99,-1,119,99,104,-1,120,114,100,-1,120,100,105,-1,121,115,101,-1,121,101,106,-1,122,102,107,-1,
  122,116,102,-1,123,12,117,-1,123,117,103,-1,123,103,108,-1,124,119,104,-1,124,104,109,-1,125,105,110,-1,125,120,105,-1,
  126,106,112,-1,126,121,106,-1,127,107,113,-1,127,122,107,-1,128,123,108,-1,128,12,123,-1,128,108,114,-1,129,109,115,-1,
  129,124,109,-1,130,125,110,-1,130,110,116,-1,131,18,19,-1,131,19,126,-1,131,126,112,-1,131,112,18,-1,132,113,119,-1,
  132,127,113,-1,133,114,120,-1,133,12,128,-1,133,128,114,-1,134,115,121,-1,134,129,115,-1,135,116,122,-1,135,130,116,-1,
  136,119,124,-1,136,132,119,-1,137,12,133,-1,137,120,125,-1,137,133,120,-1,138,121,126,-1,138,134,121,-1,139,122,127,-1,
  139,135,122,-1,140,124,129,-1,140,136,124,-1,141,125,130,-1,141,12,137,-1,141,137,125,-1,142,126,19,-1,142,138,126,-1,
  143,139,127,-1,143,127,132,-1,144,129,134,-1,144,140,129,-1,145,130,135,-1,145,12,141,-1,145,141,130,-1,146,19,20,-1,
  146,20,142,-1,146,142,19,-1,147,132,136,-1,147,143,132,-1,148,144,134,-1,148,134,138,-1,149,145,135,-1,149,25,12,-1,
  149,135,139,-1,149,12,145,-1,150,136,140,-1,150,147,136,-1,151,148,138,-1,151,138,142,-1,152,25,149,-1,152,149,139,-1,
  152,139,143,-1,153,140,144,-1,153,150,140,-1,154,20,21,-1,154,21,22,-1,154,151,142,-1,154,142,20,-1,155,143,147,-1,
  155,152,143,-1,155,25,152,-1,156,153,144,-1,156,144,148,-1,157,147,150,-1,157,155,147,-1,157,25,155,-1,158,156,148,-1,
  158,148,151,-1,159,157,150,-1,159,25,157,-1,159,150,153,-1,160,154,22,-1,160,151,154,-1,160,158,151,-1,161,153,156,-1,
  161,159,153,-1,161,25,159,-1,162,23,160,-1,162,22,23,-1,162,160,22,-1,163,25,161,-1,163,156,158,-1,163,161,156,-1,
  164,160,23,-1,164,24,25,-1,164,158,160,-1,164,163,158,-1,164,25,163,-1,165,23,24,-1,165,24,164,-1,165,164,23,-1]
  normalPerVertex TRUE
  normal DEF NORM_6 Normal { vector [
  -0.021981502 0.11904181 -0.99264589,0.20566564 0.07163335 -0.97599708,
  0.48926792 0.15948411 -0.85742739,0.72442018 0.17410448 -0.66701052,
  0.86355026 0.075550858 -0.49857097,0.93215578 0.2092595 -0.29545909,
  0.95567918 0.29384961 -0.018157752,0.92546944 0.20849861 0.31628254,
  0.85610146 0.15095379 0.49427041,0.73674625 0.16691007 0.65524499,
  0.47745648 0.14407689 0.86676246,0.21607912 0.082130844 0.97291538,
  -0.016974704 0.12687955 0.99177288,-0.0027636606 -0.13351108 -0.99104347,
  0.20566564 -0.07163335 -0.97599708,0.48926792 -0.15948411 -0.85742739,
  0.72442018 -0.17410448 -0.66701052,0.86355026 -0.075550858 -0.49857097,
  0.93215578 -0.2092595 -0.29545909,0.95567918 -0.29384961 -0.018157752,
  0.92546944 -0.20849861 0.31628254,0.85610146 -0.15095379 0.49427041,
  0.73674625 -0.16691007 0.65524499,0.47745648 -0.14407689 0.86676246,
  0.21607912 -0.082130844 0.97291538,-0.016974704 -0.12687955 0.99177288,
  0.38203965 0.057980536 -0.9223253,0.34237251 0.19302404 -0.91952313,
  0.25369801 0.30234551 -0.91881691,0.13498989 0.37088168 -0.91881691,
  0.650471 0.23498284 -0.72226764,0 0.39468404 -0.91881691,
  0.50273505 0.39223753 -0.77032927,-0.13498989 0.37088168 -0.91881691,
  0.33063546 0.57267741 -0.75014717,-0.25369801 0.30234551 -0.91881691,
  0.84361002 0.22604462 -0.48705847,0.11482849 0.65122472 -0.75014717,
  -0.3418064 0.19734202 -0.91881691,0.78475862 0.38310261 -0.48722305,
  -0.11482849 0.65122472 -0.75014717,-0.3886879 0.068536164 -0.91881691,
  0.56039027 0.66784712 -0.48983974,-0.33063546 0.57267741 -0.75014717,
  -0.3886879 -0.068536164 -0.91881691,0.29817743 0.81923577 -0.48983974,
  -0.50656291 0.42505675 -0.75014717,0.92654436 0.33311432 -0.17478671,
  -0.3418064 -0.19734202 -0.91881691,0 0.8718125 -0.48983974,
  -0.6213914 0.22616797 -0.75014717,0.80733556 0.57639711 -0.12639488,
  -0.25369801 -0.30234551 -0.91881691,-0.29817743 0.81923577 -0.48983974,
  -0.66127091 0 -0.75014717,0.49270877 0.85339662 -0.17015367,
  -0.13498989 -0.37088168 -0.91881691,-0.56039027 0.66784712 -0.48983974,
  0.961794 0.24273242 0.12662258,-0.6213914 -0.22616797 -0.75014717,
  0.17111596 0.97044683 -0.17015367,0 -0.39468404 -0.91881691,
  -0.75501177 0.43590625 -0.48983974,0.88926308 0.43660233 0.13634365,
  -0.50656291 -0.42505675 -0.75014717,-0.17111596 0.97044683 -0.17015367,
  0.13498989 -0.37088168 -0.91881691,-0.85856771 0.15138865 -0.48983974,
  0.63341418 0.75487363 0.17015367,-0.33063546 -0.57267741 -0.75014717,
  -0.49270877 0.85339662 -0.17015367,0.25369801 -0.30234551 -0.91881691,
  -0.85856771 -0.15138865 -0.48983974,0.33703265 0.92598959 0.17015367,
  -0.11482849 -0.65122472 -0.75014717,-0.75487363 0.63341418 -0.17015367,
  0.82827688 0.28557211 0.48208503,0.34237251 -0.19302404 -0.91952313,
  -0.75501177 -0.43590625 -0.48983974,0 0.98541754 0.17015367,
  0.11482849 -0.65122472 -0.75014717,-0.92598959 0.33703265 -0.17015367,
  0.66784712 0.56039027 0.48983974,0.38203965 -0.057980536 -0.9223253,
  -0.56039027 -0.66784712 -0.48983974,-0.33703265 0.92598959 0.17015367,
  0.33063546 -0.57267741 -0.75014717,-0.98541754 0 -0.17015367,
  0.43590625 0.75501177 0.48983974,-0.29817743 -0.81923577 -0.48983974,
  -0.63341418 0.75487363 0.17015367,0.6029265 0.13812297 0.78574912,
  0.50273505 -0.39223753 -0.77032927,-0.92598959 -0.33703265 -0.17015367,
  0.15138865 0.85856771 0.48983974,0 -0.8718125 -0.48983974,
  -0.85339662 0.49270877 0.17015367,0.58823837 0.30554571 0.74874391,
  0.650471 -0.23498284 -0.72226764,-0.75487363 -0.63341418 -0.17015367,
  -0.15138865 0.85856771 0.48983974,0.29817743 -0.81923577 -0.48983974,
  -0.97044683 0.17111596 0.17015367,0.42505675 0.50656291 0.75014717,
  -0.49270877 -0.85339662 -0.17015367,-0.43590625 0.75501177 0.48983974,
  0.56039027 -0.66784712 -0.48983974,-0.97044683 -0.17111596 0.17015367,
  0.22616797 0.6213914 0.75014717,-0.17111596 -0.97044683 -0.17015367,
  -0.66784712 0.56039027 0.48983974,0.380603 0.10413129 0.91885692,
  0.78475862 -0.38310261 -0.48722305,-0.85339662 -0.49270877 0.17015367,
  0 0.66127091 0.75014717,0.17111596 -0.97044683 -0.17015367,
  -0.81923577 0.29817743 0.48983974,0.32614066 0.23051014 0.91678642,
  0.84361002 -0.22604462 -0.48705847,-0.63341418 -0.75487363 0.17015367,
  -0.22616797 0.6213914 0.75014717,0.49270877 -0.85339662 -0.17015367,
  -0.8718125 0 0.48983974,0.19734202 0.3418064 0.91881691,
  -0.33703265 -0.92598959 0.17015367,-0.42505675 0.50656291 0.75014717,
  0.80733556 -0.57639711 -0.12639488,-0.81923577 -0.29817743 0.48983974,
  0.068536164 0.3886879 0.91881691,0 -0.98541754 0.17015367,
  -0.57267741 0.33063546 0.75014717,0.92654436 -0.33311432 -0.17478671,
  -0.66784712 -0.56039027 0.48983974,-0.068536164 0.3886879 0.91881691,
  0.33703265 -0.92598959 0.17015367,-0.65122472 0.11482849 0.75014717,
  -0.43590625 -0.75501177 0.48983974,-0.19734202 0.3418064 0.91881691,
  0.63341418 -0.75487363 0.17015367,-0.65122472 -0.11482849 0.75014717,
  -0.15138865 -0.85856771 0.48983974,-0.30234551 0.25369801 0.91881691,
  0.88926308 -0.43660233 0.13634365,-0.57267741 -0.33063546 0.75014717,
  0.15138865 -0.85856771 0.48983974,-0.37088168 0.13498989 0.91881691,
  0.961794 -0.24273242 0.12662258,-0.42505675 -0.50656291 0.75014717,
  0.43590625 -0.75501177 0.48983974,-0.39468404 0 0.91881691,
  -0.22616797 -0.6213914 0.75014717,0.66784712 -0.56039027 0.48983974,
  -0.37088168 -0.13498989 0.91881691,0 -0.66127091 0.75014717,
  0.82827688 -0.28557211 0.48208503,-0.30234551 -0.25369801 0.91881691,
  0.22616797 -0.6213914 0.75014717,-0.19734202 -0.3418064 0.91881691,
  0.42505675 -0.50656291 0.75014717,-0.068536164 -0.3886879 0.91881691,
  0.58823837 -0.30554571 0.74874391,0.068536164 -0.3886879 0.91881691,
  0.6029265 -0.13812297 0.78574912,0.19734202 -0.3418064 0.91881691,
  0.32614066 -0.23051014 0.91678642,0.380603 -0.10413129 0.91885692] }
}
}
] }
DEF TXFM_10 Transform {
  center 0 0 0
  rotation 0 0 1 0
  scale 1 1 1
  scaleOrientation 0 0 1 0
  translation 0 0 0
 children [
DEF SHAPE_7 Shape {
 appearance USE APP_1
 geometry DEF FACE_7 IndexedFaceSet {
  coord DEF COORD_7 Coordinate { point [
  -0.59055118 0.98425197 0,-0.57730454 0.98425197 0.0017439538,
  -0.56496063 0.98425197 0.0068569675,-0.55436068 0.98425197 0.014990598,
  -0.54622705 0.98425197 0.025590551,-0.54111403 0.98425197 0.037934458,
  -0.53937008 0.98425197 0.051181102,-0.54111403 0.98425197 0.064427746,
  -0.54622705 0.98425197 0.076771654,-0.55436068 0.98425197 0.087371607,
  -0.56496063 0.98425197 0.095505237,-0.57730454 0.98425197 0.10061825,
  -0.59055118 0.98425197 0.1023622,-0.59055118 0.98425197 0,
  -0.57730454 0.98425197 0.0017439538,-0.56496063 0.98425197 0.0068569675,
  -0.55436068 0.98425197 0.014990598,-0.54622705 0.98425197 0.025590551,
  -0.54111403 0.98425197 0.037934458,-0.53937008 0.98425197 0.051181102,
  -0.54111403 0.98425197 0.064427746,-0.54622705 0.98425197 0.076771654,
  -0.55436068 0.98425197 0.087371607,-0.56496063 0.98425197 0.095505237,
  -0.57730454 0.98425197 0.10061825,-0.59055118 0.98425197 0.1023622,
  -0.57331215 0.98729167 0.0030865981,-0.57539143 0.99300445 0.0030865981,
  -0.5792992 0.99766155 0.0030865981,-0.58456413 1.0007013 0.0030865981,
  -0.55963663 0.99550395 0.011974103,-0.59055118 1.0017569 0.0030865981,
  -0.56534941 1.0053988 0.011974103,-0.59653823 1.0007013 0.0030865981,
  -0.57410189 1.012743 0.011974103,-0.60180316 0.99766155 0.0030865981,
  -0.54690043 0.99194877 0.025590551,-0.5848384 1.0166507 0.011974103,
  -0.60571093 0.99300445 0.0030865981,-0.55216535 1.006414 0.025590551,
  -0.59626396 1.0166507 0.011974103,-0.60779021 0.98729167 0.0030865981,
  -0.56206018 1.0182062 0.025590551,-0.60700047 1.012743 0.011974103,
  -0.60779021 0.98121226 0.0030865981,-0.57539143 1.025903 0.025590551,
  -0.61575295 1.0053988 0.011974103,-0.54318734 1.001491 0.042293597,
  -0.60571093 0.97549948 0.0030865981,-0.59055118 1.0285761 0.025590551,
  -0.62146573 0.99550395 0.011974103,-0.55193982 1.0166507 0.042293597,
  -0.60180316 0.97084239 0.0030865981,-0.60571093 1.025903 0.025590551,
  -0.62344976 0.98425197 0.011974103,-0.56534941 1.0279027 0.042293597,
  -0.59653823 0.96780268 0.0030865981,-0.61904219 1.0182062 0.025590551,
  -0.54091338 0.99300445 0.060068608,-0.62146573 0.97299999 0.011974103,
  -0.5817987 1.0338898 0.042293597,-0.59055118 0.966747 0.0030865981,
  -0.62893701 1.006414 0.025590551,-0.54690043 1.0094537 0.060068608,
  -0.61575295 0.96310517 0.011974103,-0.59930367 1.0338898 0.042293597,
  -0.58456413 0.96780268 0.0030865981,-0.63420193 0.99194877 0.025590551,
  -0.55815241 1.0228633 0.060068608,-0.60700047 0.95576096 0.011974103,
  -0.61575295 1.0279027 0.042293597,-0.5792992 0.97084239 0.0030865981,
  -0.63420193 0.97655516 0.025590551,-0.57331215 1.0316158 0.060068608,
  -0.59626396 0.95185319 0.011974103,-0.62916254 1.0166507 0.042293597,
  -0.54890012 0.99941172 0.076771654,-0.57539143 0.97549948 0.0030865981,
  -0.62893701 0.9620899 0.025590551,-0.59055118 1.0346555 0.060068608,
  -0.5848384 0.95185319 0.011974103,-0.63791502 1.001491 0.042293597,
  -0.55659692 1.012743 0.076771654,-0.57331215 0.98121226 0.0030865981,
  -0.61904219 0.95029771 0.025590551,-0.60779021 1.0316158 0.060068608,
  -0.57410189 0.95576096 0.011974103,-0.64095473 0.98425197 0.042293597,
  -0.56838911 1.0226378 0.076771654,-0.60571093 0.94260091 0.025590551,
  -0.62294996 1.0228633 0.060068608,-0.55815241 0.98996475 0.090388101,
  -0.56534941 0.96310517 0.011974103,-0.63791502 0.96701294 0.042293597,
  -0.58285438 1.0279027 0.076771654,-0.59055118 0.93992783 0.025590551,
  -0.63420193 1.0094537 0.060068608,-0.56206018 1.0007013 0.090388101,
  -0.55963663 0.97299999 0.011974103,-0.62916254 0.95185319 0.042293597,
  -0.59824799 1.0279027 0.076771654,-0.57539143 0.94260091 0.025590551,
  -0.64018898 0.99300445 0.060068608,-0.56940438 1.0094537 0.090388101,
  -0.61575295 0.94060122 0.042293597,-0.61271325 1.0226378 0.076771654,
  -0.56206018 0.95029771 0.025590551,-0.64018898 0.97549948 0.060068608,
  -0.5792992 1.0151665 0.090388101,-0.59930367 0.93461417 0.042293597,
  -0.62450544 1.012743 0.076771654,-0.57410189 0.99023902 0.099275607,
  -0.55216535 0.9620899 0.025590551,-0.63420193 0.9590502 0.060068608,
  -0.59055118 1.0171505 0.090388101,-0.5817987 0.93461417 0.042293597,
  -0.63220224 0.99941172 0.076771654,-0.5771416 0.99550395 0.099275607,
  -0.54690043 0.97655516 0.025590551,-0.62294996 0.94564061 0.060068608,
  -0.60180316 1.0151665 0.090388101,-0.56534941 0.94060122 0.042293597,
  -0.63487532 0.98425197 0.076771654,-0.5817987 0.99941172 0.099275607,
  -0.60779021 0.93688813 0.060068608,-0.61169798 1.0094537 0.090388101,
  -0.55193982 0.95185319 0.042293597,-0.63220224 0.96909222 0.076771654,
  -0.58751148 1.001491 0.099275607,-0.59055118 0.93384842 0.060068608,
  -0.61904219 1.0007013 0.090388101,-0.54318734 0.96701294 0.042293597,
  -0.62450544 0.95576096 0.076771654,-0.59359089 1.001491 0.099275607,
  -0.57331215 0.93688813 0.060068608,-0.62294996 0.98996475 0.090388101,
  -0.61271325 0.94586614 0.076771654,-0.59930367 0.99941172 0.099275607,
  -0.55815241 0.94564061 0.060068608,-0.62294996 0.97853919 0.090388101,
  -0.59824799 0.94060122 0.076771654,-0.60396076 0.99550395 0.099275607,
  -0.54690043 0.9590502 0.060068608,-0.61904219 0.96780268 0.090388101,
  -0.58285438 0.94060122 0.076771654,-0.60700047 0.99023902 0.099275607,
  -0.54091338 0.97549948 0.060068608,-0.61169798 0.9590502 0.090388101,
  -0.56838911 0.94586614 0.076771654,-0.60805615 0.98425197 0.099275607,
  -0.60180316 0.95333742 0.090388101,-0.55659692 0.95576096 0.076771654,
  -0.60700047 0.97826492 0.099275607,-0.59055118 0.95135339 0.090388101,
  -0.54890012 0.96909222 0.076771654,-0.60396076 0.97299999 0.099275607,
  -0.5792992 0.95333742 0.090388101,-0.59930367 0.96909222 0.099275607,
  -0.56940438 0.9590502 0.090388101,-0.59359089 0.96701294 0.099275607,
  -0.56206018 0.96780268 0.090388101,-0.58751148 0.96701294 0.099275607,
  -0.55815241 0.97853919 0.090388101,-0.5817987 0.96909222 0.099275607,
  -0.5771416 0.97299999 0.099275607,-0.57410189 0.97826492 0.099275607] }
 coordIndex [
  26,2,1,-1,27,1,0,-1,27,26,1,-1,27,2,26,-1,28,27,0,-1,29,28,0,-1,30,3,2,-1,31,29,0,-1,
  32,2,27,-1,32,30,2,-1,32,27,28,-1,33,31,0,-1,34,28,29,-1,34,32,28,-1,35,33,0,-1,36,4,3,-1,
  36,5,4,-1,37,34,29,-1,37,29,31,-1,38,35,0,-1,39,5,36,-1,39,3,30,-1,39,30,32,-1,39,36,3,-1,
  40,31,33,-1,40,37,31,-1,41,38,0,-1,42,32,34,-1,42,39,32,-1,43,33,35,-1,43,40,33,-1,44,0,13,-1,
  44,41,0,-1,45,34,37,-1,45,42,34,-1,46,43,35,-1,46,35,38,-1,47,6,5,-1,47,5,39,-1,48,44,13,-1,
  49,45,37,-1,49,37,40,-1,50,46,38,-1,50,38,41,-1,51,47,39,-1,51,39,42,-1,51,6,47,-1,52,48,13,-1,
  53,40,43,-1,53,49,40,-1,54,50,41,-1,54,41,44,-1,55,42,45,-1,55,51,42,-1,56,52,13,-1,57,53,43,-1,
  57,43,46,-1,58,7,6,-1,59,54,44,-1,59,44,48,-1,60,45,49,-1,60,55,45,-1,61,56,13,-1,62,46,50,-1,
  62,57,46,-1,63,58,6,-1,63,7,58,-1,63,6,51,-1,64,48,52,-1,64,59,48,-1,65,49,53,-1,65,60,49,-1,
  66,61,13,-1,67,62,50,-1,67,50,54,-1,68,63,51,-1,68,51,55,-1,69,52,56,-1,69,64,52,-1,70,53,57,-1,
  70,65,53,-1,71,66,13,-1,72,54,59,-1,72,67,54,-1,73,55,60,-1,73,68,55,-1,74,56,61,-1,74,69,56,-1,
  75,57,62,-1,75,70,57,-1,76,8,7,-1,76,9,8,-1,76,7,63,-1,77,13,14,-1,77,71,13,-1,78,72,59,-1,
  78,59,64,-1,79,60,65,-1,79,73,60,-1,80,61,66,-1,80,74,61,-1,81,75,62,-1,81,62,67,-1,82,76,63,-1,
  82,63,68,-1,83,77,14,-1,83,15,77,-1,83,14,15,-1,84,78,64,-1,84,64,69,-1,85,79,65,-1,85,65,70,-1,
  86,80,66,-1,86,66,71,-1,87,81,67,-1,87,67,72,-1,88,82,68,-1,88,68,73,-1,89,84,69,-1,89,69,74,-1,
  90,85,70,-1,90,70,75,-1,91,10,9,-1,92,77,15,-1,92,71,77,-1,92,86,71,-1,93,87,72,-1,93,72,78,-1,
  94,73,79,-1,94,88,73,-1,95,74,80,-1,95,89,74,-1,96,90,75,-1,96,75,81,-1,97,76,82,-1,97,10,91,-1,
  97,9,76,-1,97,91,9,-1,98,92,15,-1,98,15,16,-1,99,78,84,-1,99,93,78,-1,100,94,79,-1,100,79,85,-1,
  101,95,80,-1,101,80,86,-1,102,81,87,-1,102,96,81,-1,103,97,82,-1,103,82,88,-1,104,99,84,-1,104,84,89,-1,
  105,85,90,-1,105,100,85,-1,106,86,92,-1,106,101,86,-1,107,102,87,-1,107,87,93,-1,108,88,94,-1,108,103,88,-1,
  109,89,95,-1,109,104,89,-1,110,90,96,-1,110,105,90,-1,111,11,10,-1,112,92,98,-1,112,98,16,-1,112,106,92,-1,
  113,93,99,-1,113,107,93,-1,114,108,94,-1,114,94,100,-1,115,95,101,-1,115,109,95,-1,116,96,102,-1,116,110,96,-1,
  117,12,11,-1,117,10,97,-1,117,97,103,-1,117,11,111,-1,117,111,10,-1,118,16,17,-1,118,17,18,-1,118,112,16,-1,
  118,18,112,-1,119,113,99,-1,119,99,104,-1,120,114,100,-1,120,100,105,-1,121,115,101,-1,121,101,106,-1,122,102,107,-1,
  122,116,102,-1,123,12,117,-1,123,117,103,-1,123,103,108,-1,124,119,104,-1,124,104,109,-1,125,105,110,-1,125,120,105,-1,
  126,106,112,-1,126,121,106,-1,127,107,113,-1,127,122,107,-1,128,123,108,-1,128,12,123,-1,128,108,114,-1,129,109,115,-1,
  129,124,109,-1,130,125,110,-1,130,110,116,-1,131,18,19,-1,131,19,126,-1,131,126,112,-1,131,112,18,-1,132,113,119,-1,
  132,127,113,-1,133,114,120,-1,133,12,128,-1,133,128,114,-1,134,115,121,-1,134,129,115,-1,135,116,122,-1,135,130,116,-1,
  136,119,124,-1,136,132,119,-1,137,12,133,-1,137,120,125,-1,137,133,120,-1,138,121,126,-1,138,134,121,-1,139,122,127,-1,
  139,135,122,-1,140,124,129,-1,140,136,124,-1,141,125,130,-1,141,12,137,-1,141,137,125,-1,142,126,19,-1,142,138,126,-1,
  143,139,127,-1,143,127,132,-1,144,129,134,-1,144,140,129,-1,145,130,135,-1,145,12,141,-1,145,141,130,-1,146,19,20,-1,
  146,20,142,-1,146,142,19,-1,147,132,136,-1,147,143,132,-1,148,144,134,-1,148,134,138,-1,149,145,135,-1,149,25,12,-1,
  149,135,139,-1,149,12,145,-1,150,136,140,-1,150,147,136,-1,151,148,138,-1,151,138,142,-1,152,25,149,-1,152,149,139,-1,
  152,139,143,-1,153,140,144,-1,153,150,140,-1,154,20,21,-1,154,21,22,-1,154,151,142,-1,154,142,20,-1,155,143,147,-1,
  155,152,143,-1,155,25,152,-1,156,153,144,-1,156,144,148,-1,157,147,150,-1,157,155,147,-1,157,25,155,-1,158,148,151,-1,
  158,156,148,-1,159,157,150,-1,159,150,153,-1,159,25,157,-1,160,154,22,-1,160,151,154,-1,160,158,151,-1,161,153,156,-1,
  161,25,159,-1,161,159,153,-1,162,23,160,-1,162,22,23,-1,162,160,22,-1,163,25,161,-1,163,156,158,-1,163,161,156,-1,
  164,160,23,-1,164,158,160,-1,164,24,25,-1,164,163,158,-1,164,25,163,-1,165,23,24,-1,165,164,23,-1,165,24,164,-1]
  normalPerVertex TRUE
  normal DEF NORM_7 Normal { vector [
  -0.021981502 0.11904181 -0.99264589,0.20566564 0.07163335 -0.97599708,
  0.48926792 0.15948411 -0.85742739,0.72442018 0.17410448 -0.66701052,
  0.86355026 0.075550858 -0.49857097,0.93215578 0.2092595 -0.29545909,
  0.95567918 0.29384961 -0.018157752,0.92546944 0.20849861 0.31628254,
  0.85610146 0.15095379 0.49427041,0.73674625 0.16691007 0.65524499,
  0.47745648 0.14407689 0.86676246,0.21607912 0.082130844 0.97291538,
  -0.016974704 0.12687955 0.99177288,-0.0027636606 -0.13351108 -0.99104347,
  0.20566564 -0.07163335 -0.97599708,0.48926792 -0.15948411 -0.85742739,
  0.72442018 -0.17410448 -0.66701052,0.86355026 -0.075550858 -0.49857097,
  0.93215578 -0.2092595 -0.29545909,0.95567918 -0.29384961 -0.018157752,
  0.92546944 -0.20849861 0.31628254,0.85610146 -0.15095379 0.49427041,
  0.73674625 -0.16691007 0.65524499,0.47745648 -0.14407689 0.86676246,
  0.21607912 -0.082130844 0.97291538,-0.016974704 -0.12687955 0.99177288,
  0.38203965 0.057980536 -0.9223253,0.34237251 0.19302404 -0.91952313,
  0.25369801 0.30234551 -0.91881691,0.13498989 0.37088168 -0.91881691,
  0.650471 0.23498284 -0.72226764,0 0.39468404 -0.91881691,
  0.50273505 0.39223753 -0.77032927,-0.13498989 0.37088168 -0.91881691,
  0.33063546 0.57267741 -0.75014717,-0.25369801 0.30234551 -0.91881691,
  0.84361002 0.22604462 -0.48705847,0.11482849 0.65122472 -0.75014717,
  -0.3418064 0.19734202 -0.91881691,0.78475862 0.38310261 -0.48722305,
  -0.11482849 0.65122472 -0.75014717,-0.3886879 0.068536164 -0.91881691,
  0.56039027 0.66784712 -0.48983974,-0.33063546 0.57267741 -0.75014717,
  -0.3886879 -0.068536164 -0.91881691,0.29817743 0.81923577 -0.48983974,
  -0.50656291 0.42505675 -0.75014717,0.92654436 0.33311432 -0.17478671,
  -0.3418064 -0.19734202 -0.91881691,0 0.8718125 -0.48983974,
  -0.6213914 0.22616797 -0.75014717,0.80733556 0.57639711 -0.12639488,
  -0.25369801 -0.30234551 -0.91881691,-0.29817743 0.81923577 -0.48983974,
  -0.66127091 0 -0.75014717,0.49270877 0.85339662 -0.17015367,
  -0.13498989 -0.37088168 -0.91881691,-0.56039027 0.66784712 -0.48983974,
  0.961794 0.24273242 0.12662258,-0.6213914 -0.22616797 -0.75014717,
  0.17111596 0.97044683 -0.17015367,0 -0.39468404 -0.91881691,
  -0.75501177 0.43590625 -0.48983974,0.88926308 0.43660233 0.13634365,
  -0.50656291 -0.42505675 -0.75014717,-0.17111596 0.97044683 -0.17015367,
  0.13498989 -0.37088168 -0.91881691,-0.85856771 0.15138865 -0.48983974,
  0.63341418 0.75487363 0.17015367,-0.33063546 -0.57267741 -0.75014717,
  -0.49270877 0.85339662 -0.17015367,0.25369801 -0.30234551 -0.91881691,
  -0.85856771 -0.15138865 -0.48983974,0.33703265 0.92598959 0.17015367,
  -0.11482849 -0.65122472 -0.75014717,-0.75487363 0.63341418 -0.17015367,
  0.82827688 0.28557211 0.48208503,0.34237251 -0.19302404 -0.91952313,
  -0.75501177 -0.43590625 -0.48983974,0 0.98541754 0.17015367,
  0.11482849 -0.65122472 -0.75014717,-0.92598959 0.33703265 -0.17015367,
  0.66784712 0.56039027 0.48983974,0.38203965 -0.057980536 -0.9223253,
  -0.56039027 -0.66784712 -0.48983974,-0.33703265 0.92598959 0.17015367,
  0.33063546 -0.57267741 -0.75014717,-0.98541754 0 -0.17015367,
  0.43590625 0.75501177 0.48983974,-0.29817743 -0.81923577 -0.48983974,
  -0.63341418 0.75487363 0.17015367,0.6029265 0.13812297 0.78574912,
  0.50273505 -0.39223753 -0.77032927,-0.92598959 -0.33703265 -0.17015367,
  0.15138865 0.85856771 0.48983974,0 -0.8718125 -0.48983974,
  -0.85339662 0.49270877 0.17015367,0.58823837 0.30554571 0.74874391,
  0.650471 -0.23498284 -0.72226764,-0.75487363 -0.63341418 -0.17015367,
  -0.15138865 0.85856771 0.48983974,0.29817743 -0.81923577 -0.48983974,
  -0.97044683 0.17111596 0.17015367,0.42505675 0.50656291 0.75014717,
  -0.49270877 -0.85339662 -0.17015367,-0.43590625 0.75501177 0.48983974,
  0.56039027 -0.66784712 -0.48983974,-0.97044683 -0.17111596 0.17015367,
  0.22616797 0.6213914 0.75014717,-0.17111596 -0.97044683 -0.17015367,
  -0.66784712 0.56039027 0.48983974,0.380603 0.10413129 0.91885692,
  0.78475862 -0.38310261 -0.48722305,-0.85339662 -0.49270877 0.17015367,
  0 0.66127091 0.75014717,0.17111596 -0.97044683 -0.17015367,
  -0.81923577 0.29817743 0.48983974,0.32614066 0.23051014 0.91678642,
  0.84361002 -0.22604462 -0.48705847,-0.63341418 -0.75487363 0.17015367,
  -0.22616797 0.6213914 0.75014717,0.49270877 -0.85339662 -0.17015367,
  -0.8718125 0 0.48983974,0.19734202 0.3418064 0.91881691,
  -0.33703265 -0.92598959 0.17015367,-0.42505675 0.50656291 0.75014717,
  0.80733556 -0.57639711 -0.12639488,-0.81923577 -0.29817743 0.48983974,
  0.068536164 0.3886879 0.91881691,0 -0.98541754 0.17015367,
  -0.57267741 0.33063546 0.75014717,0.92654436 -0.33311432 -0.17478671,
  -0.66784712 -0.56039027 0.48983974,-0.068536164 0.3886879 0.91881691,
  0.33703265 -0.92598959 0.17015367,-0.65122472 0.11482849 0.75014717,
  -0.43590625 -0.75501177 0.48983974,-0.19734202 0.3418064 0.91881691,
  0.63341418 -0.75487363 0.17015367,-0.65122472 -0.11482849 0.75014717,
  -0.15138865 -0.85856771 0.48983974,-0.30234551 0.25369801 0.91881691,
  0.88926308 -0.43660233 0.13634365,-0.57267741 -0.33063546 0.75014717,
  0.15138865 -0.85856771 0.48983974,-0.37088168 0.13498989 0.91881691,
  0.961794 -0.24273242 0.12662258,-0.42505675 -0.50656291 0.75014717,
  0.43590625 -0.75501177 0.48983974,-0.39468404 0 0.91881691,
  -0.22616797 -0.6213914 0.75014717,0.66784712 -0.56039027 0.48983974,
  -0.37088168 -0.13498989 0.91881691,0 -0.66127091 0.75014717,
  0.82827688 -0.28557211 0.48208503,-0.30234551 -0.25369801 0.91881691,
  0.22616797 -0.6213914 0.75014717,-0.19734202 -0.3418064 0.91881691,
  0.42505675 -0.50656291 0.75014717,-0.068536164 -0.3886879 0.91881691,
  0.58823837 -0.30554571 0.74874391,0.068536164 -0.3886879 0.91881691,
  0.6029265 -0.13812297 0.78574912,0.19734202 -0.3418064 0.91881691,
  0.32614066 -0.23051014 0.91678642,0.380603 -0.10413129 0.91885692] }
}
}
] }
DEF TXFM_11 Transform {
  center 0 0 0
  rotation 0 0 1 0
  scale 1 1 1
  scaleOrientation 0 0 1 0
  translation 0 0 0
 children [
DEF SHAPE_8 Shape {
 appearance USE APP_1
 geometry DEF FACE_8 IndexedFaceSet {
  coord DEF COORD_8 Coordinate { point [
  -0.59055118 0.59055118 0,-0.57730454 0.59055118 0.0017439538,
  -0.56496063 0.59055118 0.0068569675,-0.55436068 0.59055118 0.014990598,
  -0.54622705 0.59055118 0.025590551,-0.54111403 0.59055118 0.037934458,
  -0.53937008 0.59055118 0.051181102,-0.54111403 0.59055118 0.064427746,
  -0.54622705 0.59055118 0.076771654,-0.55436068 0.59055118 0.087371607,
  -0.56496063 0.59055118 0.095505237,-0.57730454 0.59055118 0.10061825,
  -0.59055118 0.59055118 0.1023622,-0.59055118 0.59055118 0,
  -0.57730454 0.59055118 0.0017439538,-0.56496063 0.59055118 0.0068569675,
  -0.55436068 0.59055118 0.014990598,-0.54622705 0.59055118 0.025590551,
  -0.54111403 0.59055118 0.037934458,-0.53937008 0.59055118 0.051181102,
  -0.54111403 0.59055118 0.064427746,-0.54622705 0.59055118 0.076771654,
  -0.55436068 0.59055118 0.087371607,-0.56496063 0.59055118 0.095505237,
  -0.57730454 0.59055118 0.10061825,-0.59055118 0.59055118 0.1023622,
  -0.57331215 0.59359089 0.0030865981,-0.57539143 0.59930367 0.0030865981,
  -0.5792992 0.60396076 0.0030865981,-0.58456413 0.60700047 0.0030865981,
  -0.55963663 0.60180316 0.011974103,-0.59055118 0.60805615 0.0030865981,
  -0.56534941 0.61169798 0.011974103,-0.59653823 0.60700047 0.0030865981,
  -0.57410189 0.61904219 0.011974103,-0.60180316 0.60396076 0.0030865981,
  -0.54690043 0.59824799 0.025590551,-0.5848384 0.62294996 0.011974103,
  -0.60571093 0.59930367 0.0030865981,-0.55216535 0.61271325 0.025590551,
  -0.59626396 0.62294996 0.011974103,-0.60779021 0.59359089 0.0030865981,
  -0.56206018 0.62450544 0.025590551,-0.60700047 0.61904219 0.011974103,
  -0.60779021 0.58751148 0.0030865981,-0.57539143 0.63220224 0.025590551,
  -0.61575295 0.61169798 0.011974103,-0.54318734 0.60779021 0.042293597,
  -0.60571093 0.5817987 0.0030865981,-0.59055118 0.63487532 0.025590551,
  -0.62146573 0.60180316 0.011974103,-0.55193982 0.62294996 0.042293597,
  -0.60180316 0.5771416 0.0030865981,-0.60571093 0.63220224 0.025590551,
  -0.62344976 0.59055118 0.011974103,-0.56534941 0.63420193 0.042293597,
  -0.59653823 0.57410189 0.0030865981,-0.61904219 0.62450544 0.025590551,
  -0.54091338 0.59930367 0.060068608,-0.62146573 0.5792992 0.011974103,
  -0.5817987 0.64018898 0.042293597,-0.59055118 0.57304621 0.0030865981,
  -0.62893701 0.61271325 0.025590551,-0.54690043 0.61575295 0.060068608,
  -0.61575295 0.56940438 0.011974103,-0.59930367 0.64018898 0.042293597,
  -0.58456413 0.57410189 0.0030865981,-0.63420193 0.59824799 0.025590551,
  -0.55815241 0.62916254 0.060068608,-0.60700047 0.56206018 0.011974103,
  -0.61575295 0.63420193 0.042293597,-0.5792992 0.5771416 0.0030865981,
  -0.63420193 0.58285438 0.025590551,-0.57331215 0.63791502 0.060068608,
  -0.59626396 0.55815241 0.011974103,-0.62916254 0.62294996 0.042293597,
  -0.54890012 0.60571093 0.076771654,-0.57539143 0.5817987 0.0030865981,
  -0.62893701 0.56838911 0.025590551,-0.59055118 0.64095473 0.060068608,
  -0.5848384 0.55815241 0.011974103,-0.63791502 0.60779021 0.042293597,
  -0.55659692 0.61904219 0.076771654,-0.57331215 0.58751148 0.0030865981,
  -0.61904219 0.55659692 0.025590551,-0.60779021 0.63791502 0.060068608,
  -0.57410189 0.56206018 0.011974103,-0.64095473 0.59055118 0.042293597,
  -0.56838911 0.62893701 0.076771654,-0.60571093 0.54890012 0.025590551,
  -0.62294996 0.62916254 0.060068608,-0.55815241 0.59626396 0.090388101,
  -0.56534941 0.56940438 0.011974103,-0.63791502 0.57331215 0.042293597,
  -0.58285438 0.63420193 0.076771654,-0.59055118 0.54622705 0.025590551,
  -0.63420193 0.61575295 0.060068608,-0.56206018 0.60700047 0.090388101,
  -0.55963663 0.5792992 0.011974103,-0.62916254 0.55815241 0.042293597,
  -0.59824799 0.63420193 0.076771654,-0.57539143 0.54890012 0.025590551,
  -0.64018898 0.59930367 0.060068608,-0.56940438 0.61575295 0.090388101,
  -0.61575295 0.54690043 0.042293597,-0.61271325 0.62893701 0.076771654,
  -0.56206018 0.55659692 0.025590551,-0.64018898 0.5817987 0.060068608,
  -0.5792992 0.62146573 0.090388101,-0.59930367 0.54091338 0.042293597,
  -0.62450544 0.61904219 0.076771654,-0.57410189 0.59653823 0.099275607,
  -0.55216535 0.56838911 0.025590551,-0.63420193 0.56534941 0.060068608,
  -0.59055118 0.62344976 0.090388101,-0.5817987 0.54091338 0.042293597,
  -0.63220224 0.60571093 0.076771654,-0.5771416 0.60180316 0.099275607,
  -0.54690043 0.58285438 0.025590551,-0.62294996 0.55193982 0.060068608,
  -0.60180316 0.62146573 0.090388101,-0.56534941 0.54690043 0.042293597,
  -0.63487532 0.59055118 0.076771654,-0.5817987 0.60571093 0.099275607,
  -0.60779021 0.54318734 0.060068608,-0.61169798 0.61575295 0.090388101,
  -0.55193982 0.55815241 0.042293597,-0.63220224 0.57539143 0.076771654,
  -0.58751148 0.60779021 0.099275607,-0.59055118 0.54014763 0.060068608,
  -0.61904219 0.60700047 0.090388101,-0.54318734 0.57331215 0.042293597,
  -0.62450544 0.56206018 0.076771654,-0.59359089 0.60779021 0.099275607,
  -0.57331215 0.54318734 0.060068608,-0.62294996 0.59626396 0.090388101,
  -0.61271325 0.55216535 0.076771654,-0.59930367 0.60571093 0.099275607,
  -0.55815241 0.55193982 0.060068608,-0.62294996 0.5848384 0.090388101,
  -0.59824799 0.54690043 0.076771654,-0.60396076 0.60180316 0.099275607,
  -0.54690043 0.56534941 0.060068608,-0.61904219 0.57410189 0.090388101,
  -0.58285438 0.54690043 0.076771654,-0.60700047 0.59653823 0.099275607,
  -0.54091338 0.5817987 0.060068608,-0.61169798 0.56534941 0.090388101,
  -0.56838911 0.55216535 0.076771654,-0.60805615 0.59055118 0.099275607,
  -0.60180316 0.55963663 0.090388101,-0.55659692 0.56206018 0.076771654,
  -0.60700047 0.58456413 0.099275607,-0.59055118 0.5576526 0.090388101,
  -0.54890012 0.57539143 0.076771654,-0.60396076 0.5792992 0.099275607,
  -0.5792992 0.55963663 0.090388101,-0.59930367 0.57539143 0.099275607,
  -0.56940438 0.56534941 0.090388101,-0.59359089 0.57331215 0.099275607,
  -0.56206018 0.57410189 0.090388101,-0.58751148 0.57331215 0.099275607,
  -0.55815241 0.5848384 0.090388101,-0.5817987 0.57539143 0.099275607,
  -0.5771416 0.5792992 0.099275607,-0.57410189 0.58456413 0.099275607] }
 coordIndex [
  26,2,1,-1,27,1,0,-1,27,26,1,-1,27,2,26,-1,28,27,0,-1,29,28,0,-1,30,3,2,-1,31,29,0,-1,
  32,2,27,-1,32,30,2,-1,32,27,28,-1,33,31,0,-1,34,28,29,-1,34,32,28,-1,35,33,0,-1,36,4,3,-1,
  36,5,4,-1,37,34,29,-1,37,29,31,-1,38,35,0,-1,39,5,36,-1,39,3,30,-1,39,30,32,-1,39,36,3,-1,
  40,31,33,-1,40,37,31,-1,41,38,0,-1,42,32,34,-1,42,39,32,-1,43,33,35,-1,43,40,33,-1,44,0,13,-1,
  44,41,0,-1,45,34,37,-1,45,42,34,-1,46,43,35,-1,46,35,38,-1,47,6,5,-1,47,5,39,-1,48,44,13,-1,
  49,45,37,-1,49,37,40,-1,50,46,38,-1,50,38,41,-1,51,47,39,-1,51,39,42,-1,51,6,47,-1,52,48,13,-1,
  53,40,43,-1,53,49,40,-1,54,50,41,-1,54,41,44,-1,55,42,45,-1,55,51,42,-1,56,52,13,-1,57,53,43,-1,
  57,43,46,-1,58,7,6,-1,59,54,44,-1,59,44,48,-1,60,45,49,-1,60,55,45,-1,61,56,13,-1,62,46,50,-1,
  62,57,46,-1,63,58,6,-1,63,7,58,-1,63,6,51,-1,64,48,52,-1,64,59,48,-1,65,49,53,-1,65,60,49,-1,
  66,61,13,-1,67,62,50,-1,67,50,54,-1,68,63,51,-1,68,51,55,-1,69,52,56,-1,69,64,52,-1,70,53,57,-1,
  70,65,53,-1,71,66,13,-1,72,54,59,-1,72,67,54,-1,73,55,60,-1,73,68,55,-1,74,56,61,-1,74,69,56,-1,
  75,57,62,-1,75,70,57,-1,76,8,7,-1,76,9,8,-1,76,7,63,-1,77,13,14,-1,77,71,13,-1,78,72,59,-1,
  78,59,64,-1,79,60,65,-1,79,73,60,-1,80,61,66,-1,80,74,61,-1,81,75,62,-1,81,62,67,-1,82,76,63,-1,
  82,63,68,-1,83,77,14,-1,83,15,77,-1,83,14,15,-1,84,78,64,-1,84,64,69,-1,85,79,65,-1,85,65,70,-1,
  86,80,66,-1,86,66,71,-1,87,81,67,-1,87,67,72,-1,88,82,68,-1,88,68,73,-1,89,84,69,-1,89,69,74,-1,
  90,85,70,-1,90,70,75,-1,91,10,9,-1,92,77,15,-1,92,71,77,-1,92,86,71,-1,93,87,72,-1,93,72,78,-1,
  94,73,79,-1,94,88,73,-1,95,74,80,-1,95,89,74,-1,96,90,75,-1,96,75,81,-1,97,76,82,-1,97,10,91,-1,
  97,9,76,-1,97,91,9,-1,98,92,15,-1,98,15,16,-1,99,78,84,-1,99,93,78,-1,100,94,79,-1,100,79,85,-1,
  101,95,80,-1,101,80,86,-1,102,81,87,-1,102,96,81,-1,103,97,82,-1,103,82,88,-1,104,99,84,-1,104,84,89,-1,
  105,85,90,-1,105,100,85,-1,106,86,92,-1,106,101,86,-1,107,102,87,-1,107,87,93,-1,108,88,94,-1,108,103,88,-1,
  109,89,95,-1,109,104,89,-1,110,90,96,-1,110,105,90,-1,111,11,10,-1,112,92,98,-1,112,98,16,-1,112,106,92,-1,
  113,93,99,-1,113,107,93,-1,114,108,94,-1,114,94,100,-1,115,95,101,-1,115,109,95,-1,116,96,102,-1,116,110,96,-1,
  117,12,11,-1,117,10,97,-1,117,97,103,-1,117,11,111,-1,117,111,10,-1,118,16,17,-1,118,17,18,-1,118,112,16,-1,
  118,18,112,-1,119,113,99,-1,119,99,104,-1,120,114,100,-1,120,100,105,-1,121,115,101,-1,121,101,106,-1,122,102,107,-1,
  122,116,102,-1,123,12,117,-1,123,117,103,-1,123,103,108,-1,124,119,104,-1,124,104,109,-1,125,105,110,-1,125,120,105,-1,
  126,106,112,-1,126,121,106,-1,127,107,113,-1,127,122,107,-1,128,123,108,-1,128,12,123,-1,128,108,114,-1,129,109,115,-1,
  129,124,109,-1,130,125,110,-1,130,110,116,-1,131,18,19,-1,131,19,126,-1,131,126,112,-1,131,112,18,-1,132,113,119,-1,
  132,127,113,-1,133,114,120,-1,133,12,128,-1,133,128,114,-1,134,115,121,-1,134,129,115,-1,135,116,122,-1,135,130,116,-1,
  136,119,124,-1,136,132,119,-1,137,12,133,-1,137,120,125,-1,137,133,120,-1,138,121,126,-1,138,134,121,-1,139,122,127,-1,
  139,135,122,-1,140,124,129,-1,140,136,124,-1,141,125,130,-1,141,12,137,-1,141,137,125,-1,142,126,19,-1,142,138,126,-1,
  143,139,127,-1,143,127,132,-1,144,129,134,-1,144,140,129,-1,145,130,135,-1,145,12,141,-1,145,141,130,-1,146,19,20,-1,
  146,20,142,-1,146,142,19,-1,147,132,136,-1,147,143,132,-1,148,144,134,-1,148,134,138,-1,149,145,135,-1,149,25,12,-1,
  149,135,139,-1,149,12,145,-1,150,136,140,-1,150,147,136,-1,151,148,138,-1,151,138,142,-1,152,25,149,-1,152,149,139,-1,
  152,139,143,-1,153,140,144,-1,153,150,140,-1,154,20,21,-1,154,21,22,-1,154,151,142,-1,154,142,20,-1,155,143,147,-1,
  155,152,143,-1,155,25,152,-1,156,153,144,-1,156,144,148,-1,157,147,150,-1,157,155,147,-1,157,25,155,-1,158,148,151,-1,
  158,156,148,-1,159,157,150,-1,159,150,153,-1,159,25,157,-1,160,154,22,-1,160,151,154,-1,160,158,151,-1,161,153,156,-1,
  161,25,159,-1,161,159,153,-1,162,23,160,-1,162,22,23,-1,162,160,22,-1,163,25,161,-1,163,156,158,-1,163,161,156,-1,
  164,160,23,-1,164,158,160,-1,164,24,25,-1,164,163,158,-1,164,25,163,-1,165,23,24,-1,165,164,23,-1,165,24,164,-1]
  normalPerVertex TRUE
  normal DEF NORM_8 Normal { vector [
  -0.021981502 0.11904181 -0.99264589,0.20566564 0.07163335 -0.97599708,
  0.48926792 0.15948411 -0.85742739,0.72442018 0.17410448 -0.66701052,
  0.86355026 0.075550858 -0.49857097,0.93215578 0.2092595 -0.29545909,
  0.95567918 0.29384961 -0.018157752,0.92546944 0.20849861 0.31628254,
  0.85610146 0.15095379 0.49427041,0.73674625 0.16691007 0.65524499,
  0.47745648 0.14407689 0.86676246,0.21607912 0.082130844 0.97291538,
  -0.016974704 0.12687955 0.99177288,-0.0027636606 -0.13351108 -0.99104347,
  0.20566564 -0.07163335 -0.97599708,0.48926792 -0.15948411 -0.85742739,
  0.72442018 -0.17410448 -0.66701052,0.86355026 -0.075550858 -0.49857097,
  0.93215578 -0.2092595 -0.29545909,0.95567918 -0.29384961 -0.018157752,
  0.92546944 -0.20849861 0.31628254,0.85610146 -0.15095379 0.49427041,
  0.73674625 -0.16691007 0.65524499,0.47745648 -0.14407689 0.86676246,
  0.21607912 -0.082130844 0.97291538,-0.016974704 -0.12687955 0.99177288,
  0.38203965 0.057980536 -0.9223253,0.34237251 0.19302404 -0.91952313,
  0.25369801 0.30234551 -0.91881691,0.13498989 0.37088168 -0.91881691,
  0.650471 0.23498284 -0.72226764,0 0.39468404 -0.91881691,
  0.50273505 0.39223753 -0.77032927,-0.13498989 0.37088168 -0.91881691,
  0.33063546 0.57267741 -0.75014717,-0.25369801 0.30234551 -0.91881691,
  0.84361002 0.22604462 -0.48705847,0.11482849 0.65122472 -0.75014717,
  -0.3418064 0.19734202 -0.91881691,0.78475862 0.38310261 -0.48722305,
  -0.11482849 0.65122472 -0.75014717,-0.3886879 0.068536164 -0.91881691,
  0.56039027 0.66784712 -0.48983974,-0.33063546 0.57267741 -0.75014717,
  -0.3886879 -0.068536164 -0.91881691,0.29817743 0.81923577 -0.48983974,
  -0.50656291 0.42505675 -0.75014717,0.92654436 0.33311432 -0.17478671,
  -0.3418064 -0.19734202 -0.91881691,0 0.8718125 -0.48983974,
  -0.6213914 0.22616797 -0.75014717,0.80733556 0.57639711 -0.12639488,
  -0.25369801 -0.30234551 -0.91881691,-0.29817743 0.81923577 -0.48983974,
  -0.66127091 0 -0.75014717,0.49270877 0.85339662 -0.17015367,
  -0.13498989 -0.37088168 -0.91881691,-0.56039027 0.66784712 -0.48983974,
  0.961794 0.24273242 0.12662258,-0.6213914 -0.22616797 -0.75014717,
  0.17111596 0.97044683 -0.17015367,0 -0.39468404 -0.91881691,
  -0.75501177 0.43590625 -0.48983974,0.88926308 0.43660233 0.13634365,
  -0.50656291 -0.42505675 -0.75014717,-0.17111596 0.97044683 -0.17015367,
  0.13498989 -0.37088168 -0.91881691,-0.85856771 0.15138865 -0.48983974,
  0.63341418 0.75487363 0.17015367,-0.33063546 -0.57267741 -0.75014717,
  -0.49270877 0.85339662 -0.17015367,0.25369801 -0.30234551 -0.91881691,
  -0.85856771 -0.15138865 -0.48983974,0.33703265 0.92598959 0.17015367,
  -0.11482849 -0.65122472 -0.75014717,-0.75487363 0.63341418 -0.17015367,
  0.82827688 0.28557211 0.48208503,0.34237251 -0.19302404 -0.91952313,
  -0.75501177 -0.43590625 -0.48983974,0 0.98541754 0.17015367,
  0.11482849 -0.65122472 -0.75014717,-0.92598959 0.33703265 -0.17015367,
  0.66784712 0.56039027 0.48983974,0.38203965 -0.057980536 -0.9223253,
  -0.56039027 -0.66784712 -0.48983974,-0.33703265 0.92598959 0.17015367,
  0.33063546 -0.57267741 -0.75014717,-0.98541754 0 -0.17015367,
  0.43590625 0.75501177 0.48983974,-0.29817743 -0.81923577 -0.48983974,
  -0.63341418 0.75487363 0.17015367,0.6029265 0.13812297 0.78574912,
  0.50273505 -0.39223753 -0.77032927,-0.92598959 -0.33703265 -0.17015367,
  0.15138865 0.85856771 0.48983974,0 -0.8718125 -0.48983974,
  -0.85339662 0.49270877 0.17015367,0.58823837 0.30554571 0.74874391,
  0.650471 -0.23498284 -0.72226764,-0.75487363 -0.63341418 -0.17015367,
  -0.15138865 0.85856771 0.48983974,0.29817743 -0.81923577 -0.48983974,
  -0.97044683 0.17111596 0.17015367,0.42505675 0.50656291 0.75014717,
  -0.49270877 -0.85339662 -0.17015367,-0.43590625 0.75501177 0.48983974,
  0.56039027 -0.66784712 -0.48983974,-0.97044683 -0.17111596 0.17015367,
  0.22616797 0.6213914 0.75014717,-0.17111596 -0.97044683 -0.17015367,
  -0.66784712 0.56039027 0.48983974,0.380603 0.10413129 0.91885692,
  0.78475862 -0.38310261 -0.48722305,-0.85339662 -0.49270877 0.17015367,
  0 0.66127091 0.75014717,0.17111596 -0.97044683 -0.17015367,
  -0.81923577 0.29817743 0.48983974,0.32614066 0.23051014 0.91678642,
  0.84361002 -0.22604462 -0.48705847,-0.63341418 -0.75487363 0.17015367,
  -0.22616797 0.6213914 0.75014717,0.49270877 -0.85339662 -0.17015367,
  -0.8718125 0 0.48983974,0.19734202 0.3418064 0.91881691,
  -0.33703265 -0.92598959 0.17015367,-0.42505675 0.50656291 0.75014717,
  0.80733556 -0.57639711 -0.12639488,-0.81923577 -0.29817743 0.48983974,
  0.068536164 0.3886879 0.91881691,0 -0.98541754 0.17015367,
  -0.57267741 0.33063546 0.75014717,0.92654436 -0.33311432 -0.17478671,
  -0.66784712 -0.56039027 0.48983974,-0.068536164 0.3886879 0.91881691,
  0.33703265 -0.92598959 0.17015367,-0.65122472 0.11482849 0.75014717,
  -0.43590625 -0.75501177 0.48983974,-0.19734202 0.3418064 0.91881691,
  0.63341418 -0.75487363 0.17015367,-0.65122472 -0.11482849 0.75014717,
  -0.15138865 -0.85856771 0.48983974,-0.30234551 0.25369801 0.91881691,
  0.88926308 -0.43660233 0.13634365,-0.57267741 -0.33063546 0.75014717,
  0.15138865 -0.85856771 0.48983974,-0.37088168 0.13498989 0.91881691,
  0.961794 -0.24273242 0.12662258,-0.42505675 -0.50656291 0.75014717,
  0.43590625 -0.75501177 0.48983974,-0.39468404 0 0.91881691,
  -0.22616797 -0.6213914 0.75014717,0.66784712 -0.56039027 0.48983974,
  -0.37088168 -0.13498989 0.91881691,0 -0.66127091 0.75014717,
  0.82827688 -0.28557211 0.48208503,-0.30234551 -0.25369801 0.91881691,
  0.22616797 -0.6213914 0.75014717,-0.19734202 -0.3418064 0.91881691,
  0.42505675 -0.50656291 0.75014717,-0.068536164 -0.3886879 0.91881691,
  0.58823837 -0.30554571 0.74874391,0.068536164 -0.3886879 0.91881691,
  0.6029265 -0.13812297 0.78574912,0.19734202 -0.3418064 0.91881691,
  0.32614066 -0.23051014 0.91678642,0.380603 -0.10413129 0.91885692] }
}
}
] }
DEF TXFM_12 Transform {
  center 0 0 0
  rotation 0 0 1 0
  scale 1 1 1
  scaleOrientation 0 0 1 0
  translation 0 0 0
 children [
DEF SHAPE_9 Shape {
 appearance USE APP_1
 geometry DEF FACE_9 IndexedFaceSet {
  coord DEF COORD_9 Coordinate { point [
  -0.59055118 0.19685039 0,-0.57730454 0.19685039 0.0017439538,
  -0.56496063 0.19685039 0.0068569675,-0.55436068 0.19685039 0.014990598,
  -0.54622705 0.19685039 0.025590551,-0.54111403 0.19685039 0.037934458,
  -0.53937008 0.19685039 0.051181102,-0.54111403 0.19685039 0.064427746,
  -0.54622705 0.19685039 0.076771654,-0.55436068 0.19685039 0.087371607,
  -0.56496063 0.19685039 0.095505237,-0.57730454 0.19685039 0.10061825,
  -0.59055118 0.19685039 0.1023622,-0.59055118 0.19685039 0,
  -0.57730454 0.19685039 0.0017439538,-0.56496063 0.19685039 0.0068569675,
  -0.55436068 0.19685039 0.014990598,-0.54622705 0.19685039 0.025590551,
  -0.54111403 0.19685039 0.037934458,-0.53937008 0.19685039 0.051181102,
  -0.54111403 0.19685039 0.064427746,-0.54622705 0.19685039 0.076771654,
  -0.55436068 0.19685039 0.087371607,-0.56496063 0.19685039 0.095505237,
  -0.57730454 0.19685039 0.10061825,-0.59055118 0.19685039 0.1023622,
  -0.57331215 0.1998901 0.0030865981,-0.57539143 0.20560288 0.0030865981,
  -0.5792992 0.21025998 0.0030865981,-0.58456413 0.21329968 0.0030865981,
  -0.55963663 0.20810237 0.011974103,-0.59055118 0.21435536 0.0030865981,
  -0.56534941 0.21799719 0.011974103,-0.59653823 0.21329968 0.0030865981,
  -0.57410189 0.2253414 0.011974103,-0.60180316 0.21025998 0.0030865981,
  -0.54690043 0.2045472 0.025590551,-0.5848384 0.22924917 0.011974103,
  -0.60571093 0.20560288 0.0030865981,-0.55216535 0.21901246 0.025590551,
  -0.59626396 0.22924917 0.011974103,-0.60779021 0.1998901 0.0030865981,
  -0.56206018 0.23080465 0.025590551,-0.60700047 0.2253414 0.011974103,
  -0.60779021 0.19381069 0.0030865981,-0.57539143 0.23850146 0.025590551,
  -0.61575295 0.21799719 0.011974103,-0.54318734 0.21408942 0.042293597,
  -0.60571093 0.18809791 0.0030865981,-0.59055118 0.24117453 0.025590551,
  -0.62146573 0.20810237 0.011974103,-0.55193982 0.22924917 0.042293597,
  -0.60180316 0.18344081 0.0030865981,-0.60571093 0.23850146 0.025590551,
  -0.62344976 0.19685039 0.011974103,-0.56534941 0.24050115 0.042293597,
  -0.59653823 0.1804011 0.0030865981,-0.61904219 0.23080465 0.025590551,
  -0.54091338 0.20560288 0.060068608,-0.62146573 0.18559842 0.011974103,
  -0.5817987 0.2464882 0.042293597,-0.59055118 0.17934543 0.0030865981,
  -0.62893701 0.21901246 0.025590551,-0.54690043 0.22205217 0.060068608,
  -0.61575295 0.1757036 0.011974103,-0.59930367 0.2464882 0.042293597,
  -0.58456413 0.1804011 0.0030865981,-0.63420193 0.2045472 0.025590551,
  -0.55815241 0.23546175 0.060068608,-0.60700047 0.16835939 0.011974103,
  -0.61575295 0.24050115 0.042293597,-0.5792992 0.18344081 0.0030865981,
  -0.63420193 0.18915359 0.025590551,-0.57331215 0.24421423 0.060068608,
  -0.59626396 0.16445162 0.011974103,-0.62916254 0.22924917 0.042293597,
  -0.54890012 0.21201014 0.076771654,-0.57539143 0.18809791 0.0030865981,
  -0.62893701 0.17468833 0.025590551,-0.59055118 0.24725394 0.060068608,
  -0.5848384 0.16445162 0.011974103,-0.63791502 0.21408942 0.042293597,
  -0.55659692 0.2253414 0.076771654,-0.57331215 0.19381069 0.0030865981,
  -0.61904219 0.16289614 0.025590551,-0.60779021 0.24421423 0.060068608,
  -0.57410189 0.16835939 0.011974103,-0.64095473 0.19685039 0.042293597,
  -0.56838911 0.23523622 0.076771654,-0.60571093 0.15519933 0.025590551,
  -0.62294996 0.23546175 0.060068608,-0.55815241 0.20256317 0.090388101,
  -0.56534941 0.1757036 0.011974103,-0.63791502 0.17961137 0.042293597,
  -0.58285438 0.24050115 0.076771654,-0.59055118 0.15252626 0.025590551,
  -0.63420193 0.22205217 0.060068608,-0.56206018 0.21329968 0.090388101,
  -0.55963663 0.18559842 0.011974103,-0.62916254 0.16445162 0.042293597,
  -0.59824799 0.24050115 0.076771654,-0.57539143 0.15519933 0.025590551,
  -0.64018898 0.20560288 0.060068608,-0.56940438 0.22205217 0.090388101,
  -0.61575295 0.15319964 0.042293597,-0.61271325 0.23523622 0.076771654,
  -0.56206018 0.16289614 0.025590551,-0.64018898 0.18809791 0.060068608,
  -0.5792992 0.22776495 0.090388101,-0.59930367 0.14721259 0.042293597,
  -0.62450544 0.2253414 0.076771654,-0.57410189 0.20283745 0.099275607,
  -0.55216535 0.17468833 0.025590551,-0.63420193 0.17164862 0.060068608,
  -0.59055118 0.22974897 0.090388101,-0.5817987 0.14721259 0.042293597,
  -0.63220224 0.21201014 0.076771654,-0.5771416 0.20810237 0.099275607,
  -0.54690043 0.18915359 0.025590551,-0.62294996 0.15823904 0.060068608,
  -0.60180316 0.22776495 0.090388101,-0.56534941 0.15319964 0.042293597,
  -0.63487532 0.19685039 0.076771654,-0.5817987 0.21201014 0.099275607,
  -0.60779021 0.14948655 0.060068608,-0.61169798 0.22205217 0.090388101,
  -0.55193982 0.16445162 0.042293597,-0.63220224 0.18169065 0.076771654,
  -0.58751148 0.21408942 0.099275607,-0.59055118 0.14644685 0.060068608,
  -0.61904219 0.21329968 0.090388101,-0.54318734 0.17961137 0.042293597,
  -0.62450544 0.16835939 0.076771654,-0.59359089 0.21408942 0.099275607,
  -0.57331215 0.14948655 0.060068608,-0.62294996 0.20256317 0.090388101,
  -0.61271325 0.15846457 0.076771654,-0.59930367 0.21201014 0.099275607,
  -0.55815241 0.15823904 0.060068608,-0.62294996 0.19113762 0.090388101,
  -0.59824799 0.15319964 0.076771654,-0.60396076 0.20810237 0.099275607,
  -0.54690043 0.17164862 0.060068608,-0.61904219 0.1804011 0.090388101,
  -0.58285438 0.15319964 0.076771654,-0.60700047 0.20283745 0.099275607,
  -0.54091338 0.18809791 0.060068608,-0.61169798 0.17164862 0.090388101,
  -0.56838911 0.15846457 0.076771654,-0.60805615 0.19685039 0.099275607,
  -0.60180316 0.16593584 0.090388101,-0.55659692 0.16835939 0.076771654,
  -0.60700047 0.19086334 0.099275607,-0.59055118 0.16395182 0.090388101,
  -0.54890012 0.18169065 0.076771654,-0.60396076 0.18559842 0.099275607,
  -0.5792992 0.16593584 0.090388101,-0.59930367 0.18169065 0.099275607,
  -0.56940438 0.17164862 0.090388101,-0.59359089 0.17961137 0.099275607,
  -0.56206018 0.1804011 0.090388101,-0.58751148 0.17961137 0.099275607,
  -0.55815241 0.19113762 0.090388101,-0.5817987 0.18169065 0.099275607,
  -0.5771416 0.18559842 0.099275607,-0.57410189 0.19086334 0.099275607] }
 coordIndex [
  26,2,1,-1,27,1,0,-1,27,26,1,-1,27,2,26,-1,28,27,0,-1,29,28,0,-1,30,3,2,-1,31,29,0,-1,
  32,2,27,-1,32,30,2,-1,32,27,28,-1,33,31,0,-1,34,28,29,-1,34,32,28,-1,35,33,0,-1,36,4,3,-1,
  36,5,4,-1,37,34,29,-1,37,29,31,-1,38,35,0,-1,39,5,36,-1,39,3,30,-1,39,30,32,-1,39,36,3,-1,
  40,31,33,-1,40,37,31,-1,41,38,0,-1,42,32,34,-1,42,39,32,-1,43,33,35,-1,43,40,33,-1,44,0,13,-1,
  44,41,0,-1,45,34,37,-1,45,42,34,-1,46,43,35,-1,46,35,38,-1,47,6,5,-1,47,5,39,-1,48,44,13,-1,
  49,45,37,-1,49,37,40,-1,50,46,38,-1,50,38,41,-1,51,47,39,-1,51,39,42,-1,51,6,47,-1,52,48,13,-1,
  53,40,43,-1,53,49,40,-1,54,50,41,-1,54,41,44,-1,55,42,45,-1,55,51,42,-1,56,52,13,-1,57,53,43,-1,
  57,43,46,-1,58,7,6,-1,59,54,44,-1,59,44,48,-1,60,45,49,-1,60,55,45,-1,61,56,13,-1,62,46,50,-1,
  62,57,46,-1,63,58,6,-1,63,7,58,-1,63,6,51,-1,64,48,52,-1,64,59,48,-1,65,49,53,-1,65,60,49,-1,
  66,61,13,-1,67,62,50,-1,67,50,54,-1,68,63,51,-1,68,51,55,-1,69,52,56,-1,69,64,52,-1,70,53,57,-1,
  70,65,53,-1,71,66,13,-1,72,54,59,-1,72,67,54,-1,73,55,60,-1,73,68,55,-1,74,56,61,-1,74,69,56,-1,
  75,57,62,-1,75,70,57,-1,76,8,7,-1,76,9,8,-1,76,7,63,-1,77,13,14,-1,77,71,13,-1,78,72,59,-1,
  78,59,64,-1,79,60,65,-1,79,73,60,-1,80,61,66,-1,80,74,61,-1,81,75,62,-1,81,62,67,-1,82,76,63,-1,
  82,63,68,-1,83,77,14,-1,83,15,77,-1,83,14,15,-1,84,78,64,-1,84,64,69,-1,85,79,65,-1,85,65,70,-1,
  86,80,66,-1,86,66,71,-1,87,81,67,-1,87,67,72,-1,88,82,68,-1,88,68,73,-1,89,84,69,-1,89,69,74,-1,
  90,85,70,-1,90,70,75,-1,91,10,9,-1,92,77,15,-1,92,71,77,-1,92,86,71,-1,93,87,72,-1,93,72,78,-1,
  94,73,79,-1,94,88,73,-1,95,74,80,-1,95,89,74,-1,96,90,75,-1,96,75,81,-1,97,76,82,-1,97,10,91,-1,
  97,9,76,-1,97,91,9,-1,98,92,15,-1,98,15,16,-1,99,78,84,-1,99,93,78,-1,100,94,79,-1,100,79,85,-1,
  101,95,80,-1,101,80,86,-1,102,81,87,-1,102,96,81,-1,103,97,82,-1,103,82,88,-1,104,99,84,-1,104,84,89,-1,
  105,85,90,-1,105,100,85,-1,106,86,92,-1,106,101,86,-1,107,102,87,-1,107,87,93,-1,108,88,94,-1,108,103,88,-1,
  109,89,95,-1,109,104,89,-1,110,90,96,-1,110,105,90,-1,111,11,10,-1,112,92,98,-1,112,98,16,-1,112,106,92,-1,
  113,93,99,-1,113,107,93,-1,114,108,94,-1,114,94,100,-1,115,95,101,-1,115,109,95,-1,116,96,102,-1,116,110,96,-1,
  117,12,11,-1,117,10,97,-1,117,97,103,-1,117,11,111,-1,117,111,10,-1,118,16,17,-1,118,17,18,-1,118,112,16,-1,
  118,18,112,-1,119,113,99,-1,119,99,104,-1,120,114,100,-1,120,100,105,-1,121,115,101,-1,121,101,106,-1,122,102,107,-1,
  122,116,102,-1,123,12,117,-1,123,117,103,-1,123,103,108,-1,124,119,104,-1,124,104,109,-1,125,105,110,-1,125,120,105,-1,
  126,106,112,-1,126,121,106,-1,127,107,113,-1,127,122,107,-1,128,123,108,-1,128,12,123,-1,128,108,114,-1,129,109,115,-1,
  129,124,109,-1,130,125,110,-1,130,110,116,-1,131,18,19,-1,131,19,126,-1,131,126,112,-1,131,112,18,-1,132,113,119,-1,
  132,127,113,-1,133,114,120,-1,133,12,128,-1,133,128,114,-1,134,115,121,-1,134,129,115,-1,135,116,122,-1,135,130,116,-1,
  136,119,124,-1,136,132,119,-1,137,12,133,-1,137,120,125,-1,137,133,120,-1,138,121,126,-1,138,134,121,-1,139,122,127,-1,
  139,135,122,-1,140,124,129,-1,140,136,124,-1,141,125,130,-1,141,12,137,-1,141,137,125,-1,142,126,19,-1,142,138,126,-1,
  143,139,127,-1,143,127,132,-1,144,129,134,-1,144,140,129,-1,145,130,135,-1,145,12,141,-1,145,141,130,-1,146,19,20,-1,
  146,20,142,-1,146,142,19,-1,147,132,136,-1,147,143,132,-1,148,144,134,-1,148,134,138,-1,149,145,135,-1,149,25,12,-1,
  149,135,139,-1,149,12,145,-1,150,136,140,-1,150,147,136,-1,151,148,138,-1,151,138,142,-1,152,25,149,-1,152,149,139,-1,
  152,139,143,-1,153,140,144,-1,153,150,140,-1,154,20,21,-1,154,21,22,-1,154,151,142,-1,154,142,20,-1,155,143,147,-1,
  155,152,143,-1,155,25,152,-1,156,153,144,-1,156,144,148,-1,157,147,150,-1,157,155,147,-1,157,25,155,-1,158,148,151,-1,
  158,156,148,-1,159,157,150,-1,159,150,153,-1,159,25,157,-1,160,154,22,-1,160,151,154,-1,160,158,151,-1,161,153,156,-1,
  161,25,159,-1,161,159,153,-1,162,23,160,-1,162,22,23,-1,162,160,22,-1,163,25,161,-1,163,156,158,-1,163,161,156,-1,
  164,160,23,-1,164,158,160,-1,164,24,25,-1,164,163,158,-1,164,25,163,-1,165,23,24,-1,165,164,23,-1,165,24,164,-1]
  normalPerVertex TRUE
  normal DEF NORM_9 Normal { vector [
  -0.021981502 0.11904181 -0.99264589,0.20566564 0.07163335 -0.97599708,
  0.48926792 0.15948411 -0.85742739,0.72442018 0.17410448 -0.66701052,
  0.86355026 0.075550858 -0.49857097,0.93215578 0.2092595 -0.29545909,
  0.95567918 0.29384961 -0.018157752,0.92546944 0.20849861 0.31628254,
  0.85610146 0.15095379 0.49427041,0.73674625 0.16691007 0.65524499,
  0.47745648 0.14407689 0.86676246,0.21607912 0.082130844 0.97291538,
  -0.016974704 0.12687955 0.99177288,-0.0027636606 -0.13351108 -0.99104347,
  0.20566564 -0.07163335 -0.97599708,0.48926792 -0.15948411 -0.85742739,
  0.72442018 -0.17410448 -0.66701052,0.86355026 -0.075550858 -0.49857097,
  0.93215578 -0.2092595 -0.29545909,0.95567918 -0.29384961 -0.018157752,
  0.92546944 -0.20849861 0.31628254,0.85610146 -0.15095379 0.49427041,
  0.73674625 -0.16691007 0.65524499,0.47745648 -0.14407689 0.86676246,
  0.21607912 -0.082130844 0.97291538,-0.016974704 -0.12687955 0.99177288,
  0.38203965 0.057980536 -0.9223253,0.34237251 0.19302404 -0.91952313,
  0.25369801 0.30234551 -0.91881691,0.13498989 0.37088168 -0.91881691,
  0.650471 0.23498284 -0.72226764,0 0.39468404 -0.91881691,
  0.50273505 0.39223753 -0.77032927,-0.13498989 0.37088168 -0.91881691,
  0.33063546 0.57267741 -0.75014717,-0.25369801 0.30234551 -0.91881691,
  0.84361002 0.22604462 -0.48705847,0.11482849 0.65122472 -0.75014717,
  -0.3418064 0.19734202 -0.91881691,0.78475862 0.38310261 -0.48722305,
  -0.11482849 0.65122472 -0.75014717,-0.3886879 0.068536164 -0.91881691,
  0.56039027 0.66784712 -0.48983974,-0.33063546 0.57267741 -0.75014717,
  -0.3886879 -0.068536164 -0.91881691,0.29817743 0.81923577 -0.48983974,
  -0.50656291 0.42505675 -0.75014717,0.92654436 0.33311432 -0.17478671,
  -0.3418064 -0.19734202 -0.91881691,0 0.8718125 -0.48983974,
  -0.6213914 0.22616797 -0.75014717,0.80733556 0.57639711 -0.12639488,
  -0.25369801 -0.30234551 -0.91881691,-0.29817743 0.81923577 -0.48983974,
  -0.66127091 0 -0.75014717,0.49270877 0.85339662 -0.17015367,
  -0.13498989 -0.37088168 -0.91881691,-0.56039027 0.66784712 -0.48983974,
  0.961794 0.24273242 0.12662258,-0.6213914 -0.22616797 -0.75014717,
  0.17111596 0.97044683 -0.17015367,0 -0.39468404 -0.91881691,
  -0.75501177 0.43590625 -0.48983974,0.88926308 0.43660233 0.13634365,
  -0.50656291 -0.42505675 -0.75014717,-0.17111596 0.97044683 -0.17015367,
  0.13498989 -0.37088168 -0.91881691,-0.85856771 0.15138865 -0.48983974,
  0.63341418 0.75487363 0.17015367,-0.33063546 -0.57267741 -0.75014717,
  -0.49270877 0.85339662 -0.17015367,0.25369801 -0.30234551 -0.91881691,
  -0.85856771 -0.15138865 -0.48983974,0.33703265 0.92598959 0.17015367,
  -0.11482849 -0.65122472 -0.75014717,-0.75487363 0.63341418 -0.17015367,
  0.82827688 0.28557211 0.48208503,0.34237251 -0.19302404 -0.91952313,
  -0.75501177 -0.43590625 -0.48983974,0 0.98541754 0.17015367,
  0.11482849 -0.65122472 -0.75014717,-0.92598959 0.33703265 -0.17015367,
  0.66784712 0.56039027 0.48983974,0.38203965 -0.057980536 -0.9223253,
  -0.56039027 -0.66784712 -0.48983974,-0.33703265 0.92598959 0.17015367,
  0.33063546 -0.57267741 -0.75014717,-0.98541754 0 -0.17015367,
  0.43590625 0.75501177 0.48983974,-0.29817743 -0.81923577 -0.48983974,
  -0.63341418 0.75487363 0.17015367,0.6029265 0.13812297 0.78574912,
  0.50273505 -0.39223753 -0.77032927,-0.92598959 -0.33703265 -0.17015367,
  0.15138865 0.85856771 0.48983974,0 -0.8718125 -0.48983974,
  -0.85339662 0.49270877 0.17015367,0.58823837 0.30554571 0.74874391,
  0.650471 -0.23498284 -0.72226764,-0.75487363 -0.63341418 -0.17015367,
  -0.15138865 0.85856771 0.48983974,0.29817743 -0.81923577 -0.48983974,
  -0.97044683 0.17111596 0.17015367,0.42505675 0.50656291 0.75014717,
  -0.49270877 -0.85339662 -0.17015367,-0.43590625 0.75501177 0.48983974,
  0.56039027 -0.66784712 -0.48983974,-0.97044683 -0.17111596 0.17015367,
  0.22616797 0.6213914 0.75014717,-0.17111596 -0.97044683 -0.17015367,
  -0.66784712 0.56039027 0.48983974,0.380603 0.10413129 0.91885692,
  0.78475862 -0.38310261 -0.48722305,-0.85339662 -0.49270877 0.17015367,
  0 0.66127091 0.75014717,0.17111596 -0.97044683 -0.17015367,
  -0.81923577 0.29817743 0.48983974,0.32614066 0.23051014 0.91678642,
  0.84361002 -0.22604462 -0.48705847,-0.63341418 -0.75487363 0.17015367,
  -0.22616797 0.6213914 0.75014717,0.49270877 -0.85339662 -0.17015367,
  -0.8718125 0 0.48983974,0.19734202 0.3418064 0.91881691,
  -0.33703265 -0.92598959 0.17015367,-0.42505675 0.50656291 0.75014717,
  0.80733556 -0.57639711 -0.12639488,-0.81923577 -0.29817743 0.48983974,
  0.068536164 0.3886879 0.91881691,0 -0.98541754 0.17015367,
  -0.57267741 0.33063546 0.75014717,0.92654436 -0.33311432 -0.17478671,
  -0.66784712 -0.56039027 0.48983974,-0.068536164 0.3886879 0.91881691,
  0.33703265 -0.92598959 0.17015367,-0.65122472 0.11482849 0.75014717,
  -0.43590625 -0.75501177 0.48983974,-0.19734202 0.3418064 0.91881691,
  0.63341418 -0.75487363 0.17015367,-0.65122472 -0.11482849 0.75014717,
  -0.15138865 -0.85856771 0.48983974,-0.30234551 0.25369801 0.91881691,
  0.88926308 -0.43660233 0.13634365,-0.57267741 -0.33063546 0.75014717,
  0.15138865 -0.85856771 0.48983974,-0.37088168 0.13498989 0.91881691,
  0.961794 -0.24273242 0.12662258,-0.42505675 -0.50656291 0.75014717,
  0.43590625 -0.75501177 0.48983974,-0.39468404 0 0.91881691,
  -0.22616797 -0.6213914 0.75014717,0.66784712 -0.56039027 0.48983974,
  -0.37088168 -0.13498989 0.91881691,0 -0.66127091 0.75014717,
  0.82827688 -0.28557211 0.48208503,-0.30234551 -0.25369801 0.91881691,
  0.22616797 -0.6213914 0.75014717,-0.19734202 -0.3418064 0.91881691,
  0.42505675 -0.50656291 0.75014717,-0.068536164 -0.3886879 0.91881691,
  0.58823837 -0.30554571 0.74874391,0.068536164 -0.3886879 0.91881691,
  0.6029265 -0.13812297 0.78574912,0.19734202 -0.3418064 0.91881691,
  0.32614066 -0.23051014 0.91678642,0.380603 -0.10413129 0.91885692] }
}
}
] }
DEF TXFM_13 Transform {
  center 0 0 0
  rotation 0 0 1 0
  scale 1 1 1
  scaleOrientation 0 0 1 0
  translation 0 0 0
 children [
DEF SHAPE_10 Shape {
 appearance USE APP_1
 geometry DEF FACE_10 IndexedFaceSet {
  coord DEF COORD_10 Coordinate { point [
  -0.59055118 -0.19685039 0,-0.57730454 -0.19685039 0.0017439538,
  -0.56496063 -0.19685039 0.0068569675,-0.55436068 -0.19685039 0.014990598,
  -0.54622705 -0.19685039 0.025590551,-0.54111403 -0.19685039 0.037934458,
  -0.53937008 -0.19685039 0.051181102,-0.54111403 -0.19685039 0.064427746,
  -0.54622705 -0.19685039 0.076771654,-0.55436068 -0.19685039 0.087371607,
  -0.56496063 -0.19685039 0.095505237,-0.57730454 -0.19685039 0.10061825,
  -0.59055118 -0.19685039 0.1023622,-0.59055118 -0.19685039 0,
  -0.57730454 -0.19685039 0.0017439538,-0.56496063 -0.19685039 0.0068569675,
  -0.55436068 -0.19685039 0.014990598,-0.54622705 -0.19685039 0.025590551,
  -0.54111403 -0.19685039 0.037934458,-0.53937008 -0.19685039 0.051181102,
  -0.54111403 -0.19685039 0.064427746,-0.54622705 -0.19685039 0.076771654,
  -0.55436068 -0.19685039 0.087371607,-0.56496063 -0.19685039 0.095505237,
  -0.57730454 -0.19685039 0.10061825,-0.59055118 -0.19685039 0.1023622,
  -0.57331215 -0.19381069 0.0030865981,-0.57539143 -0.18809791 0.0030865981,
  -0.5792992 -0.18344081 0.0030865981,-0.58456413 -0.1804011 0.0030865981,
  -0.55963663 -0.18559842 0.011974103,-0.59055118 -0.17934543 0.0030865981,
  -0.56534941 -0.1757036 0.011974103,-0.59653823 -0.1804011 0.0030865981,
  -0.57410189 -0.16835939 0.011974103,-0.60180316 -0.18344081 0.0030865981,
  -0.54690043 -0.18915359 0.025590551,-0.5848384 -0.16445162 0.011974103,
  -0.60571093 -0.18809791 0.0030865981,-0.55216535 -0.17468833 0.025590551,
  -0.59626396 -0.16445162 0.011974103,-0.60779021 -0.19381069 0.0030865981,
  -0.56206018 -0.16289614 0.025590551,-0.60700047 -0.16835939 0.011974103,
  -0.60779021 -0.1998901 0.0030865981,-0.57539143 -0.15519933 0.025590551,
  -0.61575295 -0.1757036 0.011974103,-0.54318734 -0.17961137 0.042293597,
  -0.60571093 -0.20560288 0.0030865981,-0.59055118 -0.15252626 0.025590551,
  -0.62146573 -0.18559842 0.011974103,-0.55193982 -0.16445162 0.042293597,
  -0.60180316 -0.21025998 0.0030865981,-0.60571093 -0.15519933 0.025590551,
  -0.62344976 -0.19685039 0.011974103,-0.56534941 -0.15319964 0.042293597,
  -0.59653823 -0.21329968 0.0030865981,-0.61904219 -0.16289614 0.025590551,
  -0.54091338 -0.18809791 0.060068608,-0.62146573 -0.20810237 0.011974103,
  -0.5817987 -0.14721259 0.042293597,-0.59055118 -0.21435536 0.0030865981,
  -0.62893701 -0.17468833 0.025590551,-0.54690043 -0.17164862 0.060068608,
  -0.61575295 -0.21799719 0.011974103,-0.59930367 -0.14721259 0.042293597,
  -0.58456413 -0.21329968 0.0030865981,-0.63420193 -0.18915359 0.025590551,
  -0.55815241 -0.15823904 0.060068608,-0.60700047 -0.2253414 0.011974103,
  -0.61575295 -0.15319964 0.042293597,-0.5792992 -0.21025998 0.0030865981,
  -0.63420193 -0.2045472 0.025590551,-0.57331215 -0.14948655 0.060068608,
  -0.59626396 -0.22924917 0.011974103,-0.62916254 -0.16445162 0.042293597,
  -0.54890012 -0.18169065 0.076771654,-0.57539143 -0.20560288 0.0030865981,
  -0.62893701 -0.21901246 0.025590551,-0.59055118 -0.14644685 0.060068608,
  -0.5848384 -0.22924917 0.011974103,-0.63791502 -0.17961137 0.042293597,
  -0.55659692 -0.16835939 0.076771654,-0.57331215 -0.1998901 0.0030865981,
  -0.61904219 -0.23080465 0.025590551,-0.60779021 -0.14948655 0.060068608,
  -0.57410189 -0.2253414 0.011974103,-0.64095473 -0.19685039 0.042293597,
  -0.56838911 -0.15846457 0.076771654,-0.60571093 -0.23850146 0.025590551,
  -0.62294996 -0.15823904 0.060068608,-0.55815241 -0.19113762 0.090388101,
  -0.56534941 -0.21799719 0.011974103,-0.63791502 -0.21408942 0.042293597,
  -0.58285438 -0.15319964 0.076771654,-0.59055118 -0.24117453 0.025590551,
  -0.63420193 -0.17164862 0.060068608,-0.56206018 -0.1804011 0.090388101,
  -0.55963663 -0.20810237 0.011974103,-0.62916254 -0.22924917 0.042293597,
  -0.59824799 -0.15319964 0.076771654,-0.57539143 -0.23850146 0.025590551,
  -0.64018898 -0.18809791 0.060068608,-0.56940438 -0.17164862 0.090388101,
  -0.61575295 -0.24050115 0.042293597,-0.61271325 -0.15846457 0.076771654,
  -0.56206018 -0.23080465 0.025590551,-0.64018898 -0.20560288 0.060068608,
  -0.5792992 -0.16593584 0.090388101,-0.59930367 -0.2464882 0.042293597,
  -0.62450544 -0.16835939 0.076771654,-0.57410189 -0.19086334 0.099275607,
  -0.55216535 -0.21901246 0.025590551,-0.63420193 -0.22205217 0.060068608,
  -0.59055118 -0.16395182 0.090388101,-0.5817987 -0.2464882 0.042293597,
  -0.63220224 -0.18169065 0.076771654,-0.5771416 -0.18559842 0.099275607,
  -0.54690043 -0.2045472 0.025590551,-0.62294996 -0.23546175 0.060068608,
  -0.60180316 -0.16593584 0.090388101,-0.56534941 -0.24050115 0.042293597,
  -0.63487532 -0.19685039 0.076771654,-0.5817987 -0.18169065 0.099275607,
  -0.60779021 -0.24421423 0.060068608,-0.61169798 -0.17164862 0.090388101,
  -0.55193982 -0.22924917 0.042293597,-0.63220224 -0.21201014 0.076771654,
  -0.58751148 -0.17961137 0.099275607,-0.59055118 -0.24725394 0.060068608,
  -0.61904219 -0.1804011 0.090388101,-0.54318734 -0.21408942 0.042293597,
  -0.62450544 -0.2253414 0.076771654,-0.59359089 -0.17961137 0.099275607,
  -0.57331215 -0.24421423 0.060068608,-0.62294996 -0.19113762 0.090388101,
  -0.61271325 -0.23523622 0.076771654,-0.59930367 -0.18169065 0.099275607,
  -0.55815241 -0.23546175 0.060068608,-0.62294996 -0.20256317 0.090388101,
  -0.59824799 -0.24050115 0.076771654,-0.60396076 -0.18559842 0.099275607,
  -0.54690043 -0.22205217 0.060068608,-0.61904219 -0.21329968 0.090388101,
  -0.58285438 -0.24050115 0.076771654,-0.60700047 -0.19086334 0.099275607,
  -0.54091338 -0.20560288 0.060068608,-0.61169798 -0.22205217 0.090388101,
  -0.56838911 -0.23523622 0.076771654,-0.60805615 -0.19685039 0.099275607,
  -0.60180316 -0.22776495 0.090388101,-0.55659692 -0.2253414 0.076771654,
  -0.60700047 -0.20283745 0.099275607,-0.59055118 -0.22974897 0.090388101,
  -0.54890012 -0.21201014 0.076771654,-0.60396076 -0.20810237 0.099275607,
  -0.5792992 -0.22776495 0.090388101,-0.59930367 -0.21201014 0.099275607,
  -0.56940438 -0.22205217 0.090388101,-0.59359089 -0.21408942 0.099275607,
  -0.56206018 -0.21329968 0.090388101,-0.58751148 -0.21408942 0.099275607,
  -0.55815241 -0.20256317 0.090388101,-0.5817987 -0.21201014 0.099275607,
  -0.5771416 -0.20810237 0.099275607,-0.57410189 -0.20283745 0.099275607] }
 coordIndex [
  26,2,1,-1,27,1,0,-1,27,26,1,-1,27,2,26,-1,28,27,0,-1,29,28,0,-1,30,3,2,-1,31,29,0,-1,
  32,2,27,-1,32,30,2,-1,32,27,28,-1,33,31,0,-1,34,28,29,-1,34,32,28,-1,35,33,0,-1,36,4,3,-1,
  36,5,4,-1,37,34,29,-1,37,29,31,-1,38,35,0,-1,39,5,36,-1,39,3,30,-1,39,30,32,-1,39,36,3,-1,
  40,31,33,-1,40,37,31,-1,41,38,0,-1,42,32,34,-1,42,39,32,-1,43,33,35,-1,43,40,33,-1,44,0,13,-1,
  44,41,0,-1,45,34,37,-1,45,42,34,-1,46,43,35,-1,46,35,38,-1,47,6,5,-1,47,5,39,-1,48,44,13,-1,
  49,45,37,-1,49,37,40,-1,50,46,38,-1,50,38,41,-1,51,47,39,-1,51,39,42,-1,51,6,47,-1,52,48,13,-1,
  53,40,43,-1,53,49,40,-1,54,50,41,-1,54,41,44,-1,55,42,45,-1,55,51,42,-1,56,52,13,-1,57,53,43,-1,
  57,43,46,-1,58,7,6,-1,59,54,44,-1,59,44,48,-1,60,45,49,-1,60,55,45,-1,61,56,13,-1,62,46,50,-1,
  62,57,46,-1,63,58,6,-1,63,7,58,-1,63,6,51,-1,64,48,52,-1,64,59,48,-1,65,49,53,-1,65,60,49,-1,
  66,61,13,-1,67,62,50,-1,67,50,54,-1,68,63,51,-1,68,51,55,-1,69,52,56,-1,69,64,52,-1,70,53,57,-1,
  70,65,53,-1,71,66,13,-1,72,54,59,-1,72,67,54,-1,73,55,60,-1,73,68,55,-1,74,56,61,-1,74,69,56,-1,
  75,57,62,-1,75,70,57,-1,76,8,7,-1,76,9,8,-1,76,7,63,-1,77,13,14,-1,77,71,13,-1,78,72,59,-1,
  78,59,64,-1,79,60,65,-1,79,73,60,-1,80,61,66,-1,80,74,61,-1,81,75,62,-1,81,62,67,-1,82,76,63,-1,
  82,63,68,-1,83,77,14,-1,83,15,77,-1,83,14,15,-1,84,78,64,-1,84,64,69,-1,85,79,65,-1,85,65,70,-1,
  86,80,66,-1,86,66,71,-1,87,81,67,-1,87,67,72,-1,88,82,68,-1,88,68,73,-1,89,84,69,-1,89,69,74,-1,
  90,85,70,-1,90,70,75,-1,91,10,9,-1,92,77,15,-1,92,71,77,-1,92,86,71,-1,93,87,72,-1,93,72,78,-1,
  94,73,79,-1,94,88,73,-1,95,74,80,-1,95,89,74,-1,96,90,75,-1,96,75,81,-1,97,76,82,-1,97,10,91,-1,
  97,9,76,-1,97,91,9,-1,98,92,15,-1,98,15,16,-1,99,78,84,-1,99,93,78,-1,100,94,79,-1,100,79,85,-1,
  101,95,80,-1,101,80,86,-1,102,81,87,-1,102,96,81,-1,103,97,82,-1,103,82,88,-1,104,99,84,-1,104,84,89,-1,
  105,85,90,-1,105,100,85,-1,106,86,92,-1,106,101,86,-1,107,102,87,-1,107,87,93,-1,108,88,94,-1,108,103,88,-1,
  109,89,95,-1,109,104,89,-1,110,90,96,-1,110,105,90,-1,111,11,10,-1,112,92,98,-1,112,98,16,-1,112,106,92,-1,
  113,93,99,-1,113,107,93,-1,114,108,94,-1,114,94,100,-1,115,95,101,-1,115,109,95,-1,116,96,102,-1,116,110,96,-1,
  117,12,11,-1,117,10,97,-1,117,97,103,-1,117,11,111,-1,117,111,10,-1,118,16,17,-1,118,17,18,-1,118,112,16,-1,
  118,18,112,-1,119,113,99,-1,119,99,104,-1,120,114,100,-1,120,100,105,-1,121,115,101,-1,121,101,106,-1,122,102,107,-1,
  122,116,102,-1,123,12,117,-1,123,117,103,-1,123,103,108,-1,124,119,104,-1,124,104,109,-1,125,105,110,-1,125,120,105,-1,
  126,106,112,-1,126,121,106,-1,127,107,113,-1,127,122,107,-1,128,123,108,-1,128,12,123,-1,128,108,114,-1,129,109,115,-1,
  129,124,109,-1,130,125,110,-1,130,110,116,-1,131,18,19,-1,131,19,126,-1,131,126,112,-1,131,112,18,-1,132,113,119,-1,
  132,127,113,-1,133,114,120,-1,133,12,128,-1,133,128,114,-1,134,115,121,-1,134,129,115,-1,135,116,122,-1,135,130,116,-1,
  136,119,124,-1,136,132,119,-1,137,12,133,-1,137,120,125,-1,137,133,120,-1,138,121,126,-1,138,134,121,-1,139,122,127,-1,
  139,135,122,-1,140,124,129,-1,140,136,124,-1,141,125,130,-1,141,12,137,-1,141,137,125,-1,142,126,19,-1,142,138,126,-1,
  143,139,127,-1,143,127,132,-1,144,129,134,-1,144,140,129,-1,145,130,135,-1,145,12,141,-1,145,141,130,-1,146,19,20,-1,
  146,20,142,-1,146,142,19,-1,147,132,136,-1,147,143,132,-1,148,144,134,-1,148,134,138,-1,149,145,135,-1,149,25,12,-1,
  149,135,139,-1,149,12,145,-1,150,136,140,-1,150,147,136,-1,151,148,138,-1,151,138,142,-1,152,25,149,-1,152,149,139,-1,
  152,139,143,-1,153,140,144,-1,153,150,140,-1,154,20,21,-1,154,21,22,-1,154,151,142,-1,154,142,20,-1,155,143,147,-1,
  155,152,143,-1,155,25,152,-1,156,153,144,-1,156,144,148,-1,157,147,150,-1,157,155,147,-1,157,25,155,-1,158,148,151,-1,
  158,156,148,-1,159,157,150,-1,159,150,153,-1,159,25,157,-1,160,154,22,-1,160,151,154,-1,160,158,151,-1,161,153,156,-1,
  161,25,159,-1,161,159,153,-1,162,23,160,-1,162,22,23,-1,162,160,22,-1,163,25,161,-1,163,156,158,-1,163,161,156,-1,
  164,160,23,-1,164,158,160,-1,164,24,25,-1,164,163,158,-1,164,25,163,-1,165,23,24,-1,165,164,23,-1,165,24,164,-1]
  normalPerVertex TRUE
  normal DEF NORM_10 Normal { vector [
  -0.021981502 0.11904181 -0.99264589,0.20566564 0.07163335 -0.97599708,
  0.48926792 0.15948411 -0.85742739,0.72442018 0.17410448 -0.66701052,
  0.86355026 0.075550858 -0.49857097,0.93215578 0.2092595 -0.29545909,
  0.95567918 0.29384961 -0.018157752,0.92546944 0.20849861 0.31628254,
  0.85610146 0.15095379 0.49427041,0.73674625 0.16691007 0.65524499,
  0.47745648 0.14407689 0.86676246,0.21607912 0.082130844 0.97291538,
  -0.016974704 0.12687955 0.99177288,-0.0027636606 -0.13351108 -0.99104347,
  0.20566564 -0.07163335 -0.97599708,0.48926792 -0.15948411 -0.85742739,
  0.72442018 -0.17410448 -0.66701052,0.86355026 -0.075550858 -0.49857097,
  0.93215578 -0.2092595 -0.29545909,0.95567918 -0.29384961 -0.018157752,
  0.92546944 -0.20849861 0.31628254,0.85610146 -0.15095379 0.49427041,
  0.73674625 -0.16691007 0.65524499,0.47745648 -0.14407689 0.86676246,
  0.21607912 -0.082130844 0.97291538,-0.016974704 -0.12687955 0.99177288,
  0.38203965 0.057980536 -0.9223253,0.34237251 0.19302404 -0.91952313,
  0.25369801 0.30234551 -0.91881691,0.13498989 0.37088168 -0.91881691,
  0.650471 0.23498284 -0.72226764,0 0.39468404 -0.91881691,
  0.50273505 0.39223753 -0.77032927,-0.13498989 0.37088168 -0.91881691,
  0.33063546 0.57267741 -0.75014717,-0.25369801 0.30234551 -0.91881691,
  0.84361002 0.22604462 -0.48705847,0.11482849 0.65122472 -0.75014717,
  -0.3418064 0.19734202 -0.91881691,0.78475862 0.38310261 -0.48722305,
  -0.11482849 0.65122472 -0.75014717,-0.3886879 0.068536164 -0.91881691,
  0.56039027 0.66784712 -0.48983974,-0.33063546 0.57267741 -0.75014717,
  -0.3886879 -0.068536164 -0.91881691,0.29817743 0.81923577 -0.48983974,
  -0.50656291 0.42505675 -0.75014717,0.92654436 0.33311432 -0.17478671,
  -0.3418064 -0.19734202 -0.91881691,0 0.8718125 -0.48983974,
  -0.6213914 0.22616797 -0.75014717,0.80733556 0.57639711 -0.12639488,
  -0.25369801 -0.30234551 -0.91881691,-0.29817743 0.81923577 -0.48983974,
  -0.66127091 0 -0.75014717,0.49270877 0.85339662 -0.17015367,
  -0.13498989 -0.37088168 -0.91881691,-0.56039027 0.66784712 -0.48983974,
  0.961794 0.24273242 0.12662258,-0.6213914 -0.22616797 -0.75014717,
  0.17111596 0.97044683 -0.17015367,0 -0.39468404 -0.91881691,
  -0.75501177 0.43590625 -0.48983974,0.88926308 0.43660233 0.13634365,
  -0.50656291 -0.42505675 -0.75014717,-0.17111596 0.97044683 -0.17015367,
  0.13498989 -0.37088168 -0.91881691,-0.85856771 0.15138865 -0.48983974,
  0.63341418 0.75487363 0.17015367,-0.33063546 -0.57267741 -0.75014717,
  -0.49270877 0.85339662 -0.17015367,0.25369801 -0.30234551 -0.91881691,
  -0.85856771 -0.15138865 -0.48983974,0.33703265 0.92598959 0.17015367,
  -0.11482849 -0.65122472 -0.75014717,-0.75487363 0.63341418 -0.17015367,
  0.82827688 0.28557211 0.48208503,0.34237251 -0.19302404 -0.91952313,
  -0.75501177 -0.43590625 -0.48983974,0 0.98541754 0.17015367,
  0.11482849 -0.65122472 -0.75014717,-0.92598959 0.33703265 -0.17015367,
  0.66784712 0.56039027 0.48983974,0.38203965 -0.057980536 -0.9223253,
  -0.56039027 -0.66784712 -0.48983974,-0.33703265 0.92598959 0.17015367,
  0.33063546 -0.57267741 -0.75014717,-0.98541754 0 -0.17015367,
  0.43590625 0.75501177 0.48983974,-0.29817743 -0.81923577 -0.48983974,
  -0.63341418 0.75487363 0.17015367,0.6029265 0.13812297 0.78574912,
  0.50273505 -0.39223753 -0.77032927,-0.92598959 -0.33703265 -0.17015367,
  0.15138865 0.85856771 0.48983974,0 -0.8718125 -0.48983974,
  -0.85339662 0.49270877 0.17015367,0.58823837 0.30554571 0.74874391,
  0.650471 -0.23498284 -0.72226764,-0.75487363 -0.63341418 -0.17015367,
  -0.15138865 0.85856771 0.48983974,0.29817743 -0.81923577 -0.48983974,
  -0.97044683 0.17111596 0.17015367,0.42505675 0.50656291 0.75014717,
  -0.49270877 -0.85339662 -0.17015367,-0.43590625 0.75501177 0.48983974,
  0.56039027 -0.66784712 -0.48983974,-0.97044683 -0.17111596 0.17015367,
  0.22616797 0.6213914 0.75014717,-0.17111596 -0.97044683 -0.17015367,
  -0.66784712 0.56039027 0.48983974,0.380603 0.10413129 0.91885692,
  0.78475862 -0.38310261 -0.48722305,-0.85339662 -0.49270877 0.17015367,
  0 0.66127091 0.75014717,0.17111596 -0.97044683 -0.17015367,
  -0.81923577 0.29817743 0.48983974,0.32614066 0.23051014 0.91678642,
  0.84361002 -0.22604462 -0.48705847,-0.63341418 -0.75487363 0.17015367,
  -0.22616797 0.6213914 0.75014717,0.49270877 -0.85339662 -0.17015367,
  -0.8718125 0 0.48983974,0.19734202 0.3418064 0.91881691,
  -0.33703265 -0.92598959 0.17015367,-0.42505675 0.50656291 0.75014717,
  0.80733556 -0.57639711 -0.12639488,-0.81923577 -0.29817743 0.48983974,
  0.068536164 0.3886879 0.91881691,0 -0.98541754 0.17015367,
  -0.57267741 0.33063546 0.75014717,0.92654436 -0.33311432 -0.17478671,
  -0.66784712 -0.56039027 0.48983974,-0.068536164 0.3886879 0.91881691,
  0.33703265 -0.92598959 0.17015367,-0.65122472 0.11482849 0.75014717,
  -0.43590625 -0.75501177 0.48983974,-0.19734202 0.3418064 0.91881691,
  0.63341418 -0.75487363 0.17015367,-0.65122472 -0.11482849 0.75014717,
  -0.15138865 -0.85856771 0.48983974,-0.30234551 0.25369801 0.91881691,
  0.88926308 -0.43660233 0.13634365,-0.57267741 -0.33063546 0.75014717,
  0.15138865 -0.85856771 0.48983974,-0.37088168 0.13498989 0.91881691,
  0.961794 -0.24273242 0.12662258,-0.42505675 -0.50656291 0.75014717,
  0.43590625 -0.75501177 0.48983974,-0.39468404 0 0.91881691,
  -0.22616797 -0.6213914 0.75014717,0.66784712 -0.56039027 0.48983974,
  -0.37088168 -0.13498989 0.91881691,0 -0.66127091 0.75014717,
  0.82827688 -0.28557211 0.48208503,-0.30234551 -0.25369801 0.91881691,
  0.22616797 -0.6213914 0.75014717,-0.19734202 -0.3418064 0.91881691,
  0.42505675 -0.50656291 0.75014717,-0.068536164 -0.3886879 0.91881691,
  0.58823837 -0.30554571 0.74874391,0.068536164 -0.3886879 0.91881691,
  0.6029265 -0.13812297 0.78574912,0.19734202 -0.3418064 0.91881691,
  0.32614066 -0.23051014 0.91678642,0.380603 -0.10413129 0.91885692] }
}
}
] }
DEF TXFM_14 Transform {
  center 0 0 0
  rotation 0 0 1 0
  scale 1 1 1
  scaleOrientation 0 0 1 0
  translation 0 0 0
 children [
DEF SHAPE_11 Shape {
 appearance USE APP_1
 geometry DEF FACE_11 IndexedFaceSet {
  coord DEF COORD_11 Coordinate { point [
  -0.59055118 -0.59055118 0,-0.57730454 -0.59055118 0.0017439538,
  -0.56496063 -0.59055118 0.0068569675,-0.55436068 -0.59055118 0.014990598,
  -0.54622705 -0.59055118 0.025590551,-0.54111403 -0.59055118 0.037934458,
  -0.53937008 -0.59055118 0.051181102,-0.54111403 -0.59055118 0.064427746,
  -0.54622705 -0.59055118 0.076771654,-0.55436068 -0.59055118 0.087371607,
  -0.56496063 -0.59055118 0.095505237,-0.57730454 -0.59055118 0.10061825,
  -0.59055118 -0.59055118 0.1023622,-0.59055118 -0.59055118 0,
  -0.57730454 -0.59055118 0.0017439538,-0.56496063 -0.59055118 0.0068569675,
  -0.55436068 -0.59055118 0.014990598,-0.54622705 -0.59055118 0.025590551,
  -0.54111403 -0.59055118 0.037934458,-0.53937008 -0.59055118 0.051181102,
  -0.54111403 -0.59055118 0.064427746,-0.54622705 -0.59055118 0.076771654,
  -0.55436068 -0.59055118 0.087371607,-0.56496063 -0.59055118 0.095505237,
  -0.57730454 -0.59055118 0.10061825,-0.59055118 -0.59055118 0.1023622,
  -0.57331215 -0.58751148 0.0030865981,-0.57539143 -0.5817987 0.0030865981,
  -0.5792992 -0.5771416 0.0030865981,-0.58456413 -0.57410189 0.0030865981,
  -0.55963663 -0.5792992 0.011974103,-0.59055118 -0.57304621 0.0030865981,
  -0.56534941 -0.56940438 0.011974103,-0.59653823 -0.57410189 0.0030865981,
  -0.57410189 -0.56206018 0.011974103,-0.60180316 -0.5771416 0.0030865981,
  -0.54690043 -0.58285438 0.025590551,-0.5848384 -0.55815241 0.011974103,
  -0.60571093 -0.5817987 0.0030865981,-0.55216535 -0.56838911 0.025590551,
  -0.59626396 -0.55815241 0.011974103,-0.60779021 -0.58751148 0.0030865981,
  -0.56206018 -0.55659692 0.025590551,-0.60700047 -0.56206018 0.011974103,
  -0.60779021 -0.59359089 0.0030865981,-0.57539143 -0.54890012 0.025590551,
  -0.61575295 -0.56940438 0.011974103,-0.54318734 -0.57331215 0.042293597,
  -0.60571093 -0.59930367 0.0030865981,-0.59055118 -0.54622705 0.025590551,
  -0.62146573 -0.5792992 0.011974103,-0.55193982 -0.55815241 0.042293597,
  -0.60180316 -0.60396076 0.0030865981,-0.60571093 -0.54890012 0.025590551,
  -0.62344976 -0.59055118 0.011974103,-0.56534941 -0.54690043 0.042293597,
  -0.59653823 -0.60700047 0.0030865981,-0.61904219 -0.55659692 0.025590551,
  -0.54091338 -0.5817987 0.060068608,-0.62146573 -0.60180316 0.011974103,
  -0.5817987 -0.54091338 0.042293597,-0.59055118 -0.60805615 0.0030865981,
  -0.62893701 -0.56838911 0.025590551,-0.54690043 -0.56534941 0.060068608,
  -0.61575295 -0.61169798 0.011974103,-0.59930367 -0.54091338 0.042293597,
  -0.58456413 -0.60700047 0.0030865981,-0.63420193 -0.58285438 0.025590551,
  -0.55815241 -0.55193982 0.060068608,-0.60700047 -0.61904219 0.011974103,
  -0.61575295 -0.54690043 0.042293597,-0.5792992 -0.60396076 0.0030865981,
  -0.63420193 -0.59824799 0.025590551,-0.57331215 -0.54318734 0.060068608,
  -0.59626396 -0.62294996 0.011974103,-0.62916254 -0.55815241 0.042293597,
  -0.54890012 -0.57539143 0.076771654,-0.57539143 -0.59930367 0.0030865981,
  -0.62893701 -0.61271325 0.025590551,-0.59055118 -0.54014763 0.060068608,
  -0.5848384 -0.62294996 0.011974103,-0.63791502 -0.57331215 0.042293597,
  -0.55659692 -0.56206018 0.076771654,-0.57331215 -0.59359089 0.0030865981,
  -0.61904219 -0.62450544 0.025590551,-0.60779021 -0.54318734 0.060068608,
  -0.57410189 -0.61904219 0.011974103,-0.64095473 -0.59055118 0.042293597,
  -0.56838911 -0.55216535 0.076771654,-0.60571093 -0.63220224 0.025590551,
  -0.62294996 -0.55193982 0.060068608,-0.55815241 -0.5848384 0.090388101,
  -0.56534941 -0.61169798 0.011974103,-0.63791502 -0.60779021 0.042293597,
  -0.58285438 -0.54690043 0.076771654,-0.59055118 -0.63487532 0.025590551,
  -0.63420193 -0.56534941 0.060068608,-0.56206018 -0.57410189 0.090388101,
  -0.55963663 -0.60180316 0.011974103,-0.62916254 -0.62294996 0.042293597,
  -0.59824799 -0.54690043 0.076771654,-0.57539143 -0.63220224 0.025590551,
  -0.64018898 -0.5817987 0.060068608,-0.56940438 -0.56534941 0.090388101,
  -0.61575295 -0.63420193 0.042293597,-0.61271325 -0.55216535 0.076771654,
  -0.56206018 -0.62450544 0.025590551,-0.64018898 -0.59930367 0.060068608,
  -0.5792992 -0.55963663 0.090388101,-0.59930367 -0.64018898 0.042293597,
  -0.62450544 -0.56206018 0.076771654,-0.57410189 -0.58456413 0.099275607,
  -0.55216535 -0.61271325 0.025590551,-0.63420193 -0.61575295 0.060068608,
  -0.59055118 -0.5576526 0.090388101,-0.5817987 -0.64018898 0.042293597,
  -0.63220224 -0.57539143 0.076771654,-0.5771416 -0.5792992 0.099275607,
  -0.54690043 -0.59824799 0.025590551,-0.62294996 -0.62916254 0.060068608,
  -0.60180316 -0.55963663 0.090388101,-0.56534941 -0.63420193 0.042293597,
  -0.63487532 -0.59055118 0.076771654,-0.5817987 -0.57539143 0.099275607,
  -0.60779021 -0.63791502 0.060068608,-0.61169798 -0.56534941 0.090388101,
  -0.55193982 -0.62294996 0.042293597,-0.63220224 -0.60571093 0.076771654,
  -0.58751148 -0.57331215 0.099275607,-0.59055118 -0.64095473 0.060068608,
  -0.61904219 -0.57410189 0.090388101,-0.54318734 -0.60779021 0.042293597,
  -0.62450544 -0.61904219 0.076771654,-0.59359089 -0.57331215 0.099275607,
  -0.57331215 -0.63791502 0.060068608,-0.62294996 -0.5848384 0.090388101,
  -0.61271325 -0.62893701 0.076771654,-0.59930367 -0.57539143 0.099275607,
  -0.55815241 -0.62916254 0.060068608,-0.62294996 -0.59626396 0.090388101,
  -0.59824799 -0.63420193 0.076771654,-0.60396076 -0.5792992 0.099275607,
  -0.54690043 -0.61575295 0.060068608,-0.61904219 -0.60700047 0.090388101,
  -0.58285438 -0.63420193 0.076771654,-0.60700047 -0.58456413 0.099275607,
  -0.54091338 -0.59930367 0.060068608,-0.61169798 -0.61575295 0.090388101,
  -0.56838911 -0.62893701 0.076771654,-0.60805615 -0.59055118 0.099275607,
  -0.60180316 -0.62146573 0.090388101,-0.55659692 -0.61904219 0.076771654,
  -0.60700047 -0.59653823 0.099275607,-0.59055118 -0.62344976 0.090388101,
  -0.54890012 -0.60571093 0.076771654,-0.60396076 -0.60180316 0.099275607,
  -0.5792992 -0.62146573 0.090388101,-0.59930367 -0.60571093 0.099275607,
  -0.56940438 -0.61575295 0.090388101,-0.59359089 -0.60779021 0.099275607,
  -0.56206018 -0.60700047 0.090388101,-0.58751148 -0.60779021 0.099275607,
  -0.55815241 -0.59626396 0.090388101,-0.5817987 -0.60571093 0.099275607,
  -0.5771416 -0.60180316 0.099275607,-0.57410189 -0.59653823 0.099275607] }
 coordIndex [
  26,2,1,-1,27,1,0,-1,27,26,1,-1,27,2,26,-1,28,27,0,-1,29,28,0,-1,30,3,2,-1,31,29,0,-1,
  32,2,27,-1,32,30,2,-1,32,27,28,-1,33,31,0,-1,34,28,29,-1,34,32,28,-1,35,33,0,-1,36,4,3,-1,
  36,5,4,-1,37,34,29,-1,37,29,31,-1,38,35,0,-1,39,5,36,-1,39,3,30,-1,39,30,32,-1,39,36,3,-1,
  40,31,33,-1,40,37,31,-1,41,38,0,-1,42,32,34,-1,42,39,32,-1,43,33,35,-1,43,40,33,-1,44,0,13,-1,
  44,41,0,-1,45,34,37,-1,45,42,34,-1,46,43,35,-1,46,35,38,-1,47,6,5,-1,47,5,39,-1,48,44,13,-1,
  49,45,37,-1,49,37,40,-1,50,46,38,-1,50,38,41,-1,51,47,39,-1,51,39,42,-1,51,6,47,-1,52,48,13,-1,
  53,40,43,-1,53,49,40,-1,54,50,41,-1,54,41,44,-1,55,42,45,-1,55,51,42,-1,56,52,13,-1,57,53,43,-1,
  57,43,46,-1,58,7,6,-1,59,54,44,-1,59,44,48,-1,60,45,49,-1,60,55,45,-1,61,56,13,-1,62,46,50,-1,
  62,57,46,-1,63,58,6,-1,63,7,58,-1,63,6,51,-1,64,48,52,-1,64,59,48,-1,65,49,53,-1,65,60,49,-1,
  66,61,13,-1,67,62,50,-1,67,50,54,-1,68,63,51,-1,68,51,55,-1,69,52,56,-1,69,64,52,-1,70,53,57,-1,
  70,65,53,-1,71,66,13,-1,72,54,59,-1,72,67,54,-1,73,55,60,-1,73,68,55,-1,74,56,61,-1,74,69,56,-1,
  75,57,62,-1,75,70,57,-1,76,8,7,-1,76,9,8,-1,76,7,63,-1,77,13,14,-1,77,71,13,-1,78,72,59,-1,
  78,59,64,-1,79,60,65,-1,79,73,60,-1,80,61,66,-1,80,74,61,-1,81,75,62,-1,81,62,67,-1,82,76,63,-1,
  82,63,68,-1,83,77,14,-1,83,15,77,-1,83,14,15,-1,84,78,64,-1,84,64,69,-1,85,79,65,-1,85,65,70,-1,
  86,80,66,-1,86,66,71,-1,87,81,67,-1,87,67,72,-1,88,82,68,-1,88,68,73,-1,89,84,69,-1,89,69,74,-1,
  90,85,70,-1,90,70,75,-1,91,10,9,-1,92,77,15,-1,92,71,77,-1,92,86,71,-1,93,87,72,-1,93,72,78,-1,
  94,73,79,-1,94,88,73,-1,95,74,80,-1,95,89,74,-1,96,90,75,-1,96,75,81,-1,97,76,82,-1,97,10,91,-1,
  97,9,76,-1,97,91,9,-1,98,92,15,-1,98,15,16,-1,99,78,84,-1,99,93,78,-1,100,94,79,-1,100,79,85,-1,
  101,95,80,-1,101,80,86,-1,102,81,87,-1,102,96,81,-1,103,97,82,-1,103,82,88,-1,104,99,84,-1,104,84,89,-1,
  105,85,90,-1,105,100,85,-1,106,86,92,-1,106,101,86,-1,107,102,87,-1,107,87,93,-1,108,88,94,-1,108,103,88,-1,
  109,89,95,-1,109,104,89,-1,110,90,96,-1,110,105,90,-1,111,11,10,-1,112,92,98,-1,112,98,16,-1,112,106,92,-1,
  113,93,99,-1,113,107,93,-1,114,108,94,-1,114,94,100,-1,115,95,101,-1,115,109,95,-1,116,96,102,-1,116,110,96,-1,
  117,12,11,-1,117,10,97,-1,117,97,103,-1,117,11,111,-1,117,111,10,-1,118,16,17,-1,118,17,18,-1,118,112,16,-1,
  118,18,112,-1,119,113,99,-1,119,99,104,-1,120,114,100,-1,120,100,105,-1,121,115,101,-1,121,101,106,-1,122,102,107,-1,
  122,116,102,-1,123,12,117,-1,123,117,103,-1,123,103,108,-1,124,119,104,-1,124,104,109,-1,125,105,110,-1,125,120,105,-1,
  126,106,112,-1,126,121,106,-1,127,107,113,-1,127,122,107,-1,128,123,108,-1,128,12,123,-1,128,108,114,-1,129,109,115,-1,
  129,124,109,-1,130,125,110,-1,130,110,116,-1,131,18,19,-1,131,19,126,-1,131,126,112,-1,131,112,18,-1,132,113,119,-1,
  132,127,113,-1,133,114,120,-1,133,12,128,-1,133,128,114,-1,134,115,121,-1,134,129,115,-1,135,116,122,-1,135,130,116,-1,
  136,119,124,-1,136,132,119,-1,137,12,133,-1,137,120,125,-1,137,133,120,-1,138,121,126,-1,138,134,121,-1,139,122,127,-1,
  139,135,122,-1,140,124,129,-1,140,136,124,-1,141,125,130,-1,141,12,137,-1,141,137,125,-1,142,126,19,-1,142,138,126,-1,
  143,139,127,-1,143,127,132,-1,144,129,134,-1,144,140,129,-1,145,130,135,-1,145,12,141,-1,145,141,130,-1,146,19,20,-1,
  146,20,142,-1,146,142,19,-1,147,132,136,-1,147,143,132,-1,148,144,134,-1,148,134,138,-1,149,145,135,-1,149,25,12,-1,
  149,135,139,-1,149,12,145,-1,150,136,140,-1,150,147,136,-1,151,148,138,-1,151,138,142,-1,152,25,149,-1,152,149,139,-1,
  152,139,143,-1,153,140,144,-1,153,150,140,-1,154,20,21,-1,154,21,22,-1,154,151,142,-1,154,142,20,-1,155,143,147,-1,
  155,152,143,-1,155,25,152,-1,156,153,144,-1,156,144,148,-1,157,147,150,-1,157,155,147,-1,157,25,155,-1,158,148,151,-1,
  158,156,148,-1,159,157,150,-1,159,150,153,-1,159,25,157,-1,160,154,22,-1,160,151,154,-1,160,158,151,-1,161,153,156,-1,
  161,25,159,-1,161,159,153,-1,162,23,160,-1,162,22,23,-1,162,160,22,-1,163,25,161,-1,163,156,158,-1,163,161,156,-1,
  164,160,23,-1,164,158,160,-1,164,24,25,-1,164,163,158,-1,164,25,163,-1,165,23,24,-1,165,164,23,-1,165,24,164,-1]
  normalPerVertex TRUE
  normal DEF NORM_11 Normal { vector [
  -0.021981502 0.11904181 -0.99264589,0.20566564 0.07163335 -0.97599708,
  0.48926792 0.15948411 -0.85742739,0.72442018 0.17410448 -0.66701052,
  0.86355026 0.075550858 -0.49857097,0.93215578 0.2092595 -0.29545909,
  0.95567918 0.29384961 -0.018157752,0.92546944 0.20849861 0.31628254,
  0.85610146 0.15095379 0.49427041,0.73674625 0.16691007 0.65524499,
  0.47745648 0.14407689 0.86676246,0.21607912 0.082130844 0.97291538,
  -0.016974704 0.12687955 0.99177288,-0.0027636606 -0.13351108 -0.99104347,
  0.20566564 -0.07163335 -0.97599708,0.48926792 -0.15948411 -0.85742739,
  0.72442018 -0.17410448 -0.66701052,0.86355026 -0.075550858 -0.49857097,
  0.93215578 -0.2092595 -0.29545909,0.95567918 -0.29384961 -0.018157752,
  0.92546944 -0.20849861 0.31628254,0.85610146 -0.15095379 0.49427041,
  0.73674625 -0.16691007 0.65524499,0.47745648 -0.14407689 0.86676246,
  0.21607912 -0.082130844 0.97291538,-0.016974704 -0.12687955 0.99177288,
  0.38203965 0.057980536 -0.9223253,0.34237251 0.19302404 -0.91952313,
  0.25369801 0.30234551 -0.91881691,0.13498989 0.37088168 -0.91881691,
  0.650471 0.23498284 -0.72226764,0 0.39468404 -0.91881691,
  0.50273505 0.39223753 -0.77032927,-0.13498989 0.37088168 -0.91881691,
  0.33063546 0.57267741 -0.75014717,-0.25369801 0.30234551 -0.91881691,
  0.84361002 0.22604462 -0.48705847,0.11482849 0.65122472 -0.75014717,
  -0.3418064 0.19734202 -0.91881691,0.78475862 0.38310261 -0.48722305,
  -0.11482849 0.65122472 -0.75014717,-0.3886879 0.068536164 -0.91881691,
  0.56039027 0.66784712 -0.48983974,-0.33063546 0.57267741 -0.75014717,
  -0.3886879 -0.068536164 -0.91881691,0.29817743 0.81923577 -0.48983974,
  -0.50656291 0.42505675 -0.75014717,0.92654436 0.33311432 -0.17478671,
  -0.3418064 -0.19734202 -0.91881691,0 0.8718125 -0.48983974,
  -0.6213914 0.22616797 -0.75014717,0.80733556 0.57639711 -0.12639488,
  -0.25369801 -0.30234551 -0.91881691,-0.29817743 0.81923577 -0.48983974,
  -0.66127091 0 -0.75014717,0.49270877 0.85339662 -0.17015367,
  -0.13498989 -0.37088168 -0.91881691,-0.56039027 0.66784712 -0.48983974,
  0.961794 0.24273242 0.12662258,-0.6213914 -0.22616797 -0.75014717,
  0.17111596 0.97044683 -0.17015367,0 -0.39468404 -0.91881691,
  -0.75501177 0.43590625 -0.48983974,0.88926308 0.43660233 0.13634365,
  -0.50656291 -0.42505675 -0.75014717,-0.17111596 0.97044683 -0.17015367,
  0.13498989 -0.37088168 -0.91881691,-0.85856771 0.15138865 -0.48983974,
  0.63341418 0.75487363 0.17015367,-0.33063546 -0.57267741 -0.75014717,
  -0.49270877 0.85339662 -0.17015367,0.25369801 -0.30234551 -0.91881691,
  -0.85856771 -0.15138865 -0.48983974,0.33703265 0.92598959 0.17015367,
  -0.11482849 -0.65122472 -0.75014717,-0.75487363 0.63341418 -0.17015367,
  0.82827688 0.28557211 0.48208503,0.34237251 -0.19302404 -0.91952313,
  -0.75501177 -0.43590625 -0.48983974,0 0.98541754 0.17015367,
  0.11482849 -0.65122472 -0.75014717,-0.92598959 0.33703265 -0.17015367,
  0.66784712 0.56039027 0.48983974,0.38203965 -0.057980536 -0.9223253,
  -0.56039027 -0.66784712 -0.48983974,-0.33703265 0.92598959 0.17015367,
  0.33063546 -0.57267741 -0.75014717,-0.98541754 0 -0.17015367,
  0.43590625 0.75501177 0.48983974,-0.29817743 -0.81923577 -0.48983974,
  -0.63341418 0.75487363 0.17015367,0.6029265 0.13812297 0.78574912,
  0.50273505 -0.39223753 -0.77032927,-0.92598959 -0.33703265 -0.17015367,
  0.15138865 0.85856771 0.48983974,0 -0.8718125 -0.48983974,
  -0.85339662 0.49270877 0.17015367,0.58823837 0.30554571 0.74874391,
  0.650471 -0.23498284 -0.72226764,-0.75487363 -0.63341418 -0.17015367,
  -0.15138865 0.85856771 0.48983974,0.29817743 -0.81923577 -0.48983974,
  -0.97044683 0.17111596 0.17015367,0.42505675 0.50656291 0.75014717,
  -0.49270877 -0.85339662 -0.17015367,-0.43590625 0.75501177 0.48983974,
  0.56039027 -0.66784712 -0.48983974,-0.97044683 -0.17111596 0.17015367,
  0.22616797 0.6213914 0.75014717,-0.17111596 -0.97044683 -0.17015367,
  -0.66784712 0.56039027 0.48983974,0.380603 0.10413129 0.91885692,
  0.78475862 -0.38310261 -0.48722305,-0.85339662 -0.49270877 0.17015367,
  0 0.66127091 0.75014717,0.17111596 -0.97044683 -0.17015367,
  -0.81923577 0.29817743 0.48983974,0.32614066 0.23051014 0.91678642,
  0.84361002 -0.22604462 -0.48705847,-0.63341418 -0.75487363 0.17015367,
  -0.22616797 0.6213914 0.75014717,0.49270877 -0.85339662 -0.17015367,
  -0.8718125 0 0.48983974,0.19734202 0.3418064 0.91881691,
  -0.33703265 -0.92598959 0.17015367,-0.42505675 0.50656291 0.75014717,
  0.80733556 -0.57639711 -0.12639488,-0.81923577 -0.29817743 0.48983974,
  0.068536164 0.3886879 0.91881691,0 -0.98541754 0.17015367,
  -0.57267741 0.33063546 0.75014717,0.92654436 -0.33311432 -0.17478671,
  -0.66784712 -0.56039027 0.48983974,-0.068536164 0.3886879 0.91881691,
  0.33703265 -0.92598959 0.17015367,-0.65122472 0.11482849 0.75014717,
  -0.43590625 -0.75501177 0.48983974,-0.19734202 0.3418064 0.91881691,
  0.63341418 -0.75487363 0.17015367,-0.65122472 -0.11482849 0.75014717,
  -0.15138865 -0.85856771 0.48983974,-0.30234551 0.25369801 0.91881691,
  0.88926308 -0.43660233 0.13634365,-0.57267741 -0.33063546 0.75014717,
  0.15138865 -0.85856771 0.48983974,-0.37088168 0.13498989 0.91881691,
  0.961794 -0.24273242 0.12662258,-0.42505675 -0.50656291 0.75014717,
  0.43590625 -0.75501177 0.48983974,-0.39468404 0 0.91881691,
  -0.22616797 -0.6213914 0.75014717,0.66784712 -0.56039027 0.48983974,
  -0.37088168 -0.13498989 0.91881691,0 -0.66127091 0.75014717,
  0.82827688 -0.28557211 0.48208503,-0.30234551 -0.25369801 0.91881691,
  0.22616797 -0.6213914 0.75014717,-0.19734202 -0.3418064 0.91881691,
  0.42505675 -0.50656291 0.75014717,-0.068536164 -0.3886879 0.91881691,
  0.58823837 -0.30554571 0.74874391,0.068536164 -0.3886879 0.91881691,
  0.6029265 -0.13812297 0.78574912,0.19734202 -0.3418064 0.91881691,
  0.32614066 -0.23051014 0.91678642,0.380603 -0.10413129 0.91885692] }
}
}
] }
DEF TXFM_15 Transform {
  center 0 0 0
  rotation 0 0 1 0
  scale 1 1 1
  scaleOrientation 0 0 1 0
  translation 0 0 0
 children [
DEF SHAPE_12 Shape {
 appearance USE APP_1
 geometry DEF FACE_12 IndexedFaceSet {
  coord DEF COORD_12 Coordinate { point [
  -0.59055118 -0.98425197 0,-0.57730454 -0.98425197 0.0017439538,
  -0.56496063 -0.98425197 0.0068569675,-0.55436068 -0.98425197 0.014990598,
  -0.54622705 -0.98425197 0.025590551,-0.54111403 -0.98425197 0.037934458,
  -0.53937008 -0.98425197 0.051181102,-0.54111403 -0.98425197 0.064427746,
  -0.54622705 -0.98425197 0.076771654,-0.55436068 -0.98425197 0.087371607,
  -0.56496063 -0.98425197 0.095505237,-0.57730454 -0.98425197 0.10061825,
  -0.59055118 -0.98425197 0.1023622,-0.59055118 -0.98425197 0,
  -0.57730454 -0.98425197 0.0017439538,-0.56496063 -0.98425197 0.0068569675,
  -0.55436068 -0.98425197 0.014990598,-0.54622705 -0.98425197 0.025590551,
  -0.54111403 -0.98425197 0.037934458,-0.53937008 -0.98425197 0.051181102,
  -0.54111403 -0.98425197 0.064427746,-0.54622705 -0.98425197 0.076771654,
  -0.55436068 -0.98425197 0.087371607,-0.56496063 -0.98425197 0.095505237,
  -0.57730454 -0.98425197 0.10061825,-0.59055118 -0.98425197 0.1023622,
  -0.57331215 -0.98121226 0.0030865981,-0.57539143 -0.97549948 0.0030865981,
  -0.5792992 -0.97084239 0.0030865981,-0.58456413 -0.96780268 0.0030865981,
  -0.55963663 -0.97299999 0.011974103,-0.59055118 -0.966747 0.0030865981,
  -0.56534941 -0.96310517 0.011974103,-0.59653823 -0.96780268 0.0030865981,
  -0.57410189 -0.95576096 0.011974103,-0.60180316 -0.97084239 0.0030865981,
  -0.54690043 -0.97655516 0.025590551,-0.5848384 -0.95185319 0.011974103,
  -0.60571093 -0.97549948 0.0030865981,-0.55216535 -0.9620899 0.025590551,
  -0.59626396 -0.95185319 0.011974103,-0.60779021 -0.98121226 0.0030865981,
  -0.56206018 -0.95029771 0.025590551,-0.60700047 -0.95576096 0.011974103,
  -0.60779021 -0.98729167 0.0030865981,-0.57539143 -0.94260091 0.025590551,
  -0.61575295 -0.96310517 0.011974103,-0.54318734 -0.96701294 0.042293597,
  -0.60571093 -0.99300445 0.0030865981,-0.59055118 -0.93992783 0.025590551,
  -0.62146573 -0.97299999 0.011974103,-0.55193982 -0.95185319 0.042293597,
  -0.60180316 -0.99766155 0.0030865981,-0.60571093 -0.94260091 0.025590551,
  -0.62344976 -0.98425197 0.011974103,-0.56534941 -0.94060122 0.042293597,
  -0.59653823 -1.0007013 0.0030865981,-0.61904219 -0.95029771 0.025590551,
  -0.54091338 -0.97549948 0.060068608,-0.62146573 -0.99550395 0.011974103,
  -0.5817987 -0.93461417 0.042293597,-0.59055118 -1.0017569 0.0030865981,
  -0.62893701 -0.9620899 0.025590551,-0.54690043 -0.9590502 0.060068608,
  -0.61575295 -1.0053988 0.011974103,-0.59930367 -0.93461417 0.042293597,
  -0.58456413 -1.0007013 0.0030865981,-0.63420193 -0.97655516 0.025590551,
  -0.55815241 -0.94564061 0.060068608,-0.60700047 -1.012743 0.011974103,
  -0.61575295 -0.94060122 0.042293597,-0.5792992 -0.99766155 0.0030865981,
  -0.63420193 -0.99194877 0.025590551,-0.57331215 -0.93688813 0.060068608,
  -0.59626396 -1.0166507 0.011974103,-0.62916254 -0.95185319 0.042293597,
  -0.54890012 -0.96909222 0.076771654,-0.57539143 -0.99300445 0.0030865981,
  -0.62893701 -1.006414 0.025590551,-0.59055118 -0.93384842 0.060068608,
  -0.5848384 -1.0166507 0.011974103,-0.63791502 -0.96701294 0.042293597,
  -0.55659692 -0.95576096 0.076771654,-0.57331215 -0.98729167 0.0030865981,
  -0.61904219 -1.0182062 0.025590551,-0.60779021 -0.93688813 0.060068608,
  -0.57410189 -1.012743 0.011974103,-0.64095473 -0.98425197 0.042293597,
  -0.56838911 -0.94586614 0.076771654,-0.60571093 -1.025903 0.025590551,
  -0.62294996 -0.94564061 0.060068608,-0.55815241 -0.97853919 0.090388101,
  -0.56534941 -1.0053988 0.011974103,-0.63791502 -1.001491 0.042293597,
  -0.58285438 -0.94060122 0.076771654,-0.59055118 -1.0285761 0.025590551,
  -0.63420193 -0.9590502 0.060068608,-0.56206018 -0.96780268 0.090388101,
  -0.55963663 -0.99550395 0.011974103,-0.62916254 -1.0166507 0.042293597,
  -0.59824799 -0.94060122 0.076771654,-0.57539143 -1.025903 0.025590551,
  -0.64018898 -0.97549948 0.060068608,-0.56940438 -0.9590502 0.090388101,
  -0.61575295 -1.0279027 0.042293597,-0.61271325 -0.94586614 0.076771654,
  -0.56206018 -1.0182062 0.025590551,-0.64018898 -0.99300445 0.060068608,
  -0.5792992 -0.95333742 0.090388101,-0.59930367 -1.0338898 0.042293597,
  -0.62450544 -0.95576096 0.076771654,-0.57410189 -0.97826492 0.099275607,
  -0.55216535 -1.006414 0.025590551,-0.63420193 -1.0094537 0.060068608,
  -0.59055118 -0.95135339 0.090388101,-0.5817987 -1.0338898 0.042293597,
  -0.63220224 -0.96909222 0.076771654,-0.5771416 -0.97299999 0.099275607,
  -0.54690043 -0.99194877 0.025590551,-0.62294996 -1.0228633 0.060068608,
  -0.60180316 -0.95333742 0.090388101,-0.56534941 -1.0279027 0.042293597,
  -0.63487532 -0.98425197 0.076771654,-0.5817987 -0.96909222 0.099275607,
  -0.60779021 -1.0316158 0.060068608,-0.61169798 -0.9590502 0.090388101,
  -0.55193982 -1.0166507 0.042293597,-0.63220224 -0.99941172 0.076771654,
  -0.58751148 -0.96701294 0.099275607,-0.59055118 -1.0346555 0.060068608,
  -0.61904219 -0.96780268 0.090388101,-0.54318734 -1.001491 0.042293597,
  -0.62450544 -1.012743 0.076771654,-0.59359089 -0.96701294 0.099275607,
  -0.57331215 -1.0316158 0.060068608,-0.62294996 -0.97853919 0.090388101,
  -0.61271325 -1.0226378 0.076771654,-0.59930367 -0.96909222 0.099275607,
  -0.55815241 -1.0228633 0.060068608,-0.62294996 -0.98996475 0.090388101,
  -0.59824799 -1.0279027 0.076771654,-0.60396076 -0.97299999 0.099275607,
  -0.54690043 -1.0094537 0.060068608,-0.61904219 -1.0007013 0.090388101,
  -0.58285438 -1.0279027 0.076771654,-0.60700047 -0.97826492 0.099275607,
  -0.54091338 -0.99300445 0.060068608,-0.61169798 -1.0094537 0.090388101,
  -0.56838911 -1.0226378 0.076771654,-0.60805615 -0.98425197 0.099275607,
  -0.60180316 -1.0151665 0.090388101,-0.55659692 -1.012743 0.076771654,
  -0.60700047 -0.99023902 0.099275607,-0.59055118 -1.0171505 0.090388101,
  -0.54890012 -0.99941172 0.076771654,-0.60396076 -0.99550395 0.099275607,
  -0.5792992 -1.0151665 0.090388101,-0.59930367 -0.99941172 0.099275607,
  -0.56940438 -1.0094537 0.090388101,-0.59359089 -1.001491 0.099275607,
  -0.56206018 -1.0007013 0.090388101,-0.58751148 -1.001491 0.099275607,
  -0.55815241 -0.98996475 0.090388101,-0.5817987 -0.99941172 0.099275607,
  -0.5771416 -0.99550395 0.099275607,-0.57410189 -0.99023902 0.099275607] }
 coordIndex [
  26,2,1,-1,27,1,0,-1,27,26,1,-1,27,2,26,-1,28,27,0,-1,29,28,0,-1,30,3,2,-1,31,29,0,-1,
  32,2,27,-1,32,30,2,-1,32,27,28,-1,33,31,0,-1,34,28,29,-1,34,32,28,-1,35,33,0,-1,36,4,3,-1,
  36,5,4,-1,37,34,29,-1,37,29,31,-1,38,35,0,-1,39,5,36,-1,39,3,30,-1,39,30,32,-1,39,36,3,-1,
  40,31,33,-1,40,37,31,-1,41,38,0,-1,42,32,34,-1,42,39,32,-1,43,33,35,-1,43,40,33,-1,44,0,13,-1,
  44,41,0,-1,45,34,37,-1,45,42,34,-1,46,43,35,-1,46,35,38,-1,47,6,5,-1,47,5,39,-1,48,44,13,-1,
  49,45,37,-1,49,37,40,-1,50,46,38,-1,50,38,41,-1,51,47,39,-1,51,39,42,-1,51,6,47,-1,52,48,13,-1,
  53,40,43,-1,53,49,40,-1,54,50,41,-1,54,41,44,-1,55,42,45,-1,55,51,42,-1,56,52,13,-1,57,53,43,-1,
  57,43,46,-1,58,7,6,-1,59,54,44,-1,59,44,48,-1,60,45,49,-1,60,55,45,-1,61,56,13,-1,62,46,50,-1,
  62,57,46,-1,63,58,6,-1,63,7,58,-1,63,6,51,-1,64,48,52,-1,64,59,48,-1,65,49,53,-1,65,60,49,-1,
  66,61,13,-1,67,62,50,-1,67,50,54,-1,68,63,51,-1,68,51,55,-1,69,52,56,-1,69,64,52,-1,70,53,57,-1,
  70,65,53,-1,71,66,13,-1,72,54,59,-1,72,67,54,-1,73,55,60,-1,73,68,55,-1,74,56,61,-1,74,69,56,-1,
  75,57,62,-1,75,70,57,-1,76,8,7,-1,76,9,8,-1,76,7,63,-1,77,13,14,-1,77,71,13,-1,78,72,59,-1,
  78,59,64,-1,79,60,65,-1,79,73,60,-1,80,61,66,-1,80,74,61,-1,81,75,62,-1,81,62,67,-1,82,76,63,-1,
  82,63,68,-1,83,77,14,-1,83,15,77,-1,83,14,15,-1,84,78,64,-1,84,64,69,-1,85,79,65,-1,85,65,70,-1,
  86,80,66,-1,86,66,71,-1,87,81,67,-1,87,67,72,-1,88,82,68,-1,88,68,73,-1,89,84,69,-1,89,69,74,-1,
  90,85,70,-1,90,70,75,-1,91,10,9,-1,92,77,15,-1,92,71,77,-1,92,86,71,-1,93,87,72,-1,93,72,78,-1,
  94,73,79,-1,94,88,73,-1,95,74,80,-1,95,89,74,-1,96,90,75,-1,96,75,81,-1,97,76,82,-1,97,10,91,-1,
  97,9,76,-1,97,91,9,-1,98,92,15,-1,98,15,16,-1,99,78,84,-1,99,93,78,-1,100,94,79,-1,100,79,85,-1,
  101,95,80,-1,101,80,86,-1,102,81,87,-1,102,96,81,-1,103,97,82,-1,103,82,88,-1,104,99,84,-1,104,84,89,-1,
  105,85,90,-1,105,100,85,-1,106,86,92,-1,106,101,86,-1,107,102,87,-1,107,87,93,-1,108,88,94,-1,108,103,88,-1,
  109,89,95,-1,109,104,89,-1,110,90,96,-1,110,105,90,-1,111,11,10,-1,112,92,98,-1,112,98,16,-1,112,106,92,-1,
  113,93,99,-1,113,107,93,-1,114,108,94,-1,114,94,100,-1,115,95,101,-1,115,109,95,-1,116,96,102,-1,116,110,96,-1,
  117,12,11,-1,117,10,97,-1,117,97,103,-1,117,11,111,-1,117,111,10,-1,118,16,17,-1,118,17,18,-1,118,112,16,-1,
  118,18,112,-1,119,113,99,-1,119,99,104,-1,120,114,100,-1,120,100,105,-1,121,115,101,-1,121,101,106,-1,122,102,107,-1,
  122,116,102,-1,123,12,117,-1,123,117,103,-1,123,103,108,-1,124,119,104,-1,124,104,109,-1,125,105,110,-1,125,120,105,-1,
  126,106,112,-1,126,121,106,-1,127,107,113,-1,127,122,107,-1,128,123,108,-1,128,12,123,-1,128,108,114,-1,129,109,115,-1,
  129,124,109,-1,130,125,110,-1,130,110,116,-1,131,18,19,-1,131,19,126,-1,131,126,112,-1,131,112,18,-1,132,113,119,-1,
  132,127,113,-1,133,114,120,-1,133,12,128,-1,133,128,114,-1,134,115,121,-1,134,129,115,-1,135,116,122,-1,135,130,116,-1,
  136,119,124,-1,136,132,119,-1,137,12,133,-1,137,120,125,-1,137,133,120,-1,138,121,126,-1,138,134,121,-1,139,122,127,-1,
  139,135,122,-1,140,124,129,-1,140,136,124,-1,141,125,130,-1,141,12,137,-1,141,137,125,-1,142,126,19,-1,142,138,126,-1,
  143,139,127,-1,143,127,132,-1,144,129,134,-1,144,140,129,-1,145,130,135,-1,145,12,141,-1,145,141,130,-1,146,19,20,-1,
  146,20,142,-1,146,142,19,-1,147,132,136,-1,147,143,132,-1,148,144,134,-1,148,134,138,-1,149,145,135,-1,149,25,12,-1,
  149,135,139,-1,149,12,145,-1,150,136,140,-1,150,147,136,-1,151,148,138,-1,151,138,142,-1,152,25,149,-1,152,149,139,-1,
  152,139,143,-1,153,140,144,-1,153,150,140,-1,154,20,21,-1,154,21,22,-1,154,151,142,-1,154,142,20,-1,155,143,147,-1,
  155,152,143,-1,155,25,152,-1,156,153,144,-1,156,144,148,-1,157,147,150,-1,157,155,147,-1,157,25,155,-1,158,148,151,-1,
  158,156,148,-1,159,157,150,-1,159,150,153,-1,159,25,157,-1,160,154,22,-1,160,151,154,-1,160,158,151,-1,161,153,156,-1,
  161,25,159,-1,161,159,153,-1,162,23,160,-1,162,22,23,-1,162,160,22,-1,163,25,161,-1,163,156,158,-1,163,161,156,-1,
  164,160,23,-1,164,158,160,-1,164,24,25,-1,164,163,158,-1,164,25,163,-1,165,23,24,-1,165,164,23,-1,165,24,164,-1]
  normalPerVertex TRUE
  normal DEF NORM_12 Normal { vector [
  -0.021981502 0.11904181 -0.99264589,0.20566564 0.07163335 -0.97599708,
  0.48926792 0.15948411 -0.85742739,0.72442018 0.17410448 -0.66701052,
  0.86355026 0.075550858 -0.49857097,0.93215578 0.2092595 -0.29545909,
  0.95567918 0.29384961 -0.018157752,0.92546944 0.20849861 0.31628254,
  0.85610146 0.15095379 0.49427041,0.73674625 0.16691007 0.65524499,
  0.47745648 0.14407689 0.86676246,0.21607912 0.082130844 0.97291538,
  -0.016974704 0.12687955 0.99177288,-0.0027636606 -0.13351108 -0.99104347,
  0.20566564 -0.07163335 -0.97599708,0.48926792 -0.15948411 -0.85742739,
  0.72442018 -0.17410448 -0.66701052,0.86355026 -0.075550858 -0.49857097,
  0.93215578 -0.2092595 -0.29545909,0.95567918 -0.29384961 -0.018157752,
  0.92546944 -0.20849861 0.31628254,0.85610146 -0.15095379 0.49427041,
  0.73674625 -0.16691007 0.65524499,0.47745648 -0.14407689 0.86676246,
  0.21607912 -0.082130844 0.97291538,-0.016974704 -0.12687955 0.99177288,
  0.38203965 0.057980536 -0.9223253,0.34237251 0.19302404 -0.91952313,
  0.25369801 0.30234551 -0.91881691,0.13498989 0.37088168 -0.91881691,
  0.650471 0.23498284 -0.72226764,0 0.39468404 -0.91881691,
  0.50273505 0.39223753 -0.77032927,-0.13498989 0.37088168 -0.91881691,
  0.33063546 0.57267741 -0.75014717,-0.25369801 0.30234551 -0.91881691,
  0.84361002 0.22604462 -0.48705847,0.11482849 0.65122472 -0.75014717,
  -0.3418064 0.19734202 -0.91881691,0.78475862 0.38310261 -0.48722305,
  -0.11482849 0.65122472 -0.75014717,-0.3886879 0.068536164 -0.91881691,
  0.56039027 0.66784712 -0.48983974,-0.33063546 0.57267741 -0.75014717,
  -0.3886879 -0.068536164 -0.91881691,0.29817743 0.81923577 -0.48983974,
  -0.50656291 0.42505675 -0.75014717,0.92654436 0.33311432 -0.17478671,
  -0.3418064 -0.19734202 -0.91881691,0 0.8718125 -0.48983974,
  -0.6213914 0.22616797 -0.75014717,0.80733556 0.57639711 -0.12639488,
  -0.25369801 -0.30234551 -0.91881691,-0.29817743 0.81923577 -0.48983974,
  -0.66127091 0 -0.75014717,0.49270877 0.85339662 -0.17015367,
  -0.13498989 -0.37088168 -0.91881691,-0.56039027 0.66784712 -0.48983974,
  0.961794 0.24273242 0.12662258,-0.6213914 -0.22616797 -0.75014717,
  0.17111596 0.97044683 -0.17015367,0 -0.39468404 -0.91881691,
  -0.75501177 0.43590625 -0.48983974,0.88926308 0.43660233 0.13634365,
  -0.50656291 -0.42505675 -0.75014717,-0.17111596 0.97044683 -0.17015367,
  0.13498989 -0.37088168 -0.91881691,-0.85856771 0.15138865 -0.48983974,
  0.63341418 0.75487363 0.17015367,-0.33063546 -0.57267741 -0.75014717,
  -0.49270877 0.85339662 -0.17015367,0.25369801 -0.30234551 -0.91881691,
  -0.85856771 -0.15138865 -0.48983974,0.33703265 0.92598959 0.17015367,
  -0.11482849 -0.65122472 -0.75014717,-0.75487363 0.63341418 -0.17015367,
  0.82827688 0.28557211 0.48208503,0.34237251 -0.19302404 -0.91952313,
  -0.75501177 -0.43590625 -0.48983974,0 0.98541754 0.17015367,
  0.11482849 -0.65122472 -0.75014717,-0.92598959 0.33703265 -0.17015367,
  0.66784712 0.56039027 0.48983974,0.38203965 -0.057980536 -0.9223253,
  -0.56039027 -0.66784712 -0.48983974,-0.33703265 0.92598959 0.17015367,
  0.33063546 -0.57267741 -0.75014717,-0.98541754 0 -0.17015367,
  0.43590625 0.75501177 0.48983974,-0.29817743 -0.81923577 -0.48983974,
  -0.63341418 0.75487363 0.17015367,0.6029265 0.13812297 0.78574912,
  0.50273505 -0.39223753 -0.77032927,-0.92598959 -0.33703265 -0.17015367,
  0.15138865 0.85856771 0.48983974,0 -0.8718125 -0.48983974,
  -0.85339662 0.49270877 0.17015367,0.58823837 0.30554571 0.74874391,
  0.650471 -0.23498284 -0.72226764,-0.75487363 -0.63341418 -0.17015367,
  -0.15138865 0.85856771 0.48983974,0.29817743 -0.81923577 -0.48983974,
  -0.97044683 0.17111596 0.17015367,0.42505675 0.50656291 0.75014717,
  -0.49270877 -0.85339662 -0.17015367,-0.43590625 0.75501177 0.48983974,
  0.56039027 -0.66784712 -0.48983974,-0.97044683 -0.17111596 0.17015367,
  0.22616797 0.6213914 0.75014717,-0.17111596 -0.97044683 -0.17015367,
  -0.66784712 0.56039027 0.48983974,0.380603 0.10413129 0.91885692,
  0.78475862 -0.38310261 -0.48722305,-0.85339662 -0.49270877 0.17015367,
  0 0.66127091 0.75014717,0.17111596 -0.97044683 -0.17015367,
  -0.81923577 0.29817743 0.48983974,0.32614066 0.23051014 0.91678642,
  0.84361002 -0.22604462 -0.48705847,-0.63341418 -0.75487363 0.17015367,
  -0.22616797 0.6213914 0.75014717,0.49270877 -0.85339662 -0.17015367,
  -0.8718125 0 0.48983974,0.19734202 0.3418064 0.91881691,
  -0.33703265 -0.92598959 0.17015367,-0.42505675 0.50656291 0.75014717,
  0.80733556 -0.57639711 -0.12639488,-0.81923577 -0.29817743 0.48983974,
  0.068536164 0.3886879 0.91881691,0 -0.98541754 0.17015367,
  -0.57267741 0.33063546 0.75014717,0.92654436 -0.33311432 -0.17478671,
  -0.66784712 -0.56039027 0.48983974,-0.068536164 0.3886879 0.91881691,
  0.33703265 -0.92598959 0.17015367,-0.65122472 0.11482849 0.75014717,
  -0.43590625 -0.75501177 0.48983974,-0.19734202 0.3418064 0.91881691,
  0.63341418 -0.75487363 0.17015367,-0.65122472 -0.11482849 0.75014717,
  -0.15138865 -0.85856771 0.48983974,-0.30234551 0.25369801 0.91881691,
  0.88926308 -0.43660233 0.13634365,-0.57267741 -0.33063546 0.75014717,
  0.15138865 -0.85856771 0.48983974,-0.37088168 0.13498989 0.91881691,
  0.961794 -0.24273242 0.12662258,-0.42505675 -0.50656291 0.75014717,
  0.43590625 -0.75501177 0.48983974,-0.39468404 0 0.91881691,
  -0.22616797 -0.6213914 0.75014717,0.66784712 -0.56039027 0.48983974,
  -0.37088168 -0.13498989 0.91881691,0 -0.66127091 0.75014717,
  0.82827688 -0.28557211 0.48208503,-0.30234551 -0.25369801 0.91881691,
  0.22616797 -0.6213914 0.75014717,-0.19734202 -0.3418064 0.91881691,
  0.42505675 -0.50656291 0.75014717,-0.068536164 -0.3886879 0.91881691,
  0.58823837 -0.30554571 0.74874391,0.068536164 -0.3886879 0.91881691,
  0.6029265 -0.13812297 0.78574912,0.19734202 -0.3418064 0.91881691,
  0.32614066 -0.23051014 0.91678642,0.380603 -0.10413129 0.91885692] }
}
}
] }
DEF TXFM_16 Transform {
  center 0 0 0
  rotation 0 0 1 0
  scale 1 1 1
  scaleOrientation 0 0 1 0
  translation 0 0 0
 children [
DEF SHAPE_13 Shape {
 appearance USE APP_1
 geometry DEF FACE_13 IndexedFaceSet {
  coord DEF COORD_13 Coordinate { point [
  -0.19685039 0.98425197 0,-0.18360375 0.98425197 0.0017439538,
  -0.17125984 0.98425197 0.0068569675,-0.16065989 0.98425197 0.014990598,
  -0.15252626 0.98425197 0.025590551,-0.14741325 0.98425197 0.037934458,
  -0.14566929 0.98425197 0.051181102,-0.14741325 0.98425197 0.064427746,
  -0.15252626 0.98425197 0.076771654,-0.16065989 0.98425197 0.087371607,
  -0.17125984 0.98425197 0.095505237,-0.18360375 0.98425197 0.10061825,
  -0.19685039 0.98425197 0.1023622,-0.19685039 0.98425197 0,
  -0.18360375 0.98425197 0.0017439538,-0.17125984 0.98425197 0.0068569675,
  -0.16065989 0.98425197 0.014990598,-0.15252626 0.98425197 0.025590551,
  -0.14741325 0.98425197 0.037934458,-0.14566929 0.98425197 0.051181102,
  -0.14741325 0.98425197 0.064427746,-0.15252626 0.98425197 0.076771654,
  -0.16065989 0.98425197 0.087371607,-0.17125984 0.98425197 0.095505237,
  -0.18360375 0.98425197 0.10061825,-0.19685039 0.98425197 0.1023622,
  -0.17961137 0.98729167 0.0030865981,-0.18169065 0.99300445 0.0030865981,
  -0.18559842 0.99766155 0.0030865981,-0.19086334 1.0007013 0.0030865981,
  -0.16593584 0.99550395 0.011974103,-0.19685039 1.0017569 0.0030865981,
  -0.17164862 1.0053988 0.011974103,-0.20283745 1.0007013 0.0030865981,
  -0.1804011 1.012743 0.011974103,-0.20810237 0.99766155 0.0030865981,
  -0.15319964 0.99194877 0.025590551,-0.19113762 1.0166507 0.011974103,
  -0.21201014 0.99300445 0.0030865981,-0.15846457 1.006414 0.025590551,
  -0.20256317 1.0166507 0.011974103,-0.21408942 0.98729167 0.0030865981,
  -0.16835939 1.0182062 0.025590551,-0.21329968 1.012743 0.011974103,
  -0.21408942 0.98121226 0.0030865981,-0.18169065 1.025903 0.025590551,
  -0.22205217 1.0053988 0.011974103,-0.14948655 1.001491 0.042293597,
  -0.21201014 0.97549948 0.0030865981,-0.19685039 1.0285761 0.025590551,
  -0.22776495 0.99550395 0.011974103,-0.15823904 1.0166507 0.042293597,
  -0.20810237 0.97084239 0.0030865981,-0.21201014 1.025903 0.025590551,
  -0.22974897 0.98425197 0.011974103,-0.17164862 1.0279027 0.042293597,
  -0.20283745 0.96780268 0.0030865981,-0.2253414 1.0182062 0.025590551,
  -0.14721259 0.99300445 0.060068608,-0.22776495 0.97299999 0.011974103,
  -0.18809791 1.0338898 0.042293597,-0.19685039 0.966747 0.0030865981,
  -0.23523622 1.006414 0.025590551,-0.15319964 1.0094537 0.060068608,
  -0.22205217 0.96310517 0.011974103,-0.20560288 1.0338898 0.042293597,
  -0.19086334 0.96780268 0.0030865981,-0.24050115 0.99194877 0.025590551,
  -0.16445162 1.0228633 0.060068608,-0.21329968 0.95576096 0.011974103,
  -0.22205217 1.0279027 0.042293597,-0.18559842 0.97084239 0.0030865981,
  -0.24050115 0.97655516 0.025590551,-0.17961137 1.0316158 0.060068608,
  -0.20256317 0.95185319 0.011974103,-0.23546175 1.0166507 0.042293597,
  -0.15519933 0.99941172 0.076771654,-0.18169065 0.97549948 0.0030865981,
  -0.23523622 0.9620899 0.025590551,-0.19685039 1.0346555 0.060068608,
  -0.19113762 0.95185319 0.011974103,-0.24421423 1.001491 0.042293597,
  -0.16289614 1.012743 0.076771654,-0.17961137 0.98121226 0.0030865981,
  -0.2253414 0.95029771 0.025590551,-0.21408942 1.0316158 0.060068608,
  -0.1804011 0.95576096 0.011974103,-0.24725394 0.98425197 0.042293597,
  -0.17468833 1.0226378 0.076771654,-0.21201014 0.94260091 0.025590551,
  -0.22924917 1.0228633 0.060068608,-0.16445162 0.98996475 0.090388101,
  -0.17164862 0.96310517 0.011974103,-0.24421423 0.96701294 0.042293597,
  -0.18915359 1.0279027 0.076771654,-0.19685039 0.93992783 0.025590551,
  -0.24050115 1.0094537 0.060068608,-0.16835939 1.0007013 0.090388101,
  -0.16593584 0.97299999 0.011974103,-0.23546175 0.95185319 0.042293597,
  -0.2045472 1.0279027 0.076771654,-0.18169065 0.94260091 0.025590551,
  -0.2464882 0.99300445 0.060068608,-0.1757036 1.0094537 0.090388101,
  -0.22205217 0.94060122 0.042293597,-0.21901246 1.0226378 0.076771654,
  -0.16835939 0.95029771 0.025590551,-0.2464882 0.97549948 0.060068608,
  -0.18559842 1.0151665 0.090388101,-0.20560288 0.93461417 0.042293597,
  -0.23080465 1.012743 0.076771654,-0.1804011 0.99023902 0.099275607,
  -0.15846457 0.9620899 0.025590551,-0.24050115 0.9590502 0.060068608,
  -0.19685039 1.0171505 0.090388101,-0.18809791 0.93461417 0.042293597,
  -0.23850146 0.99941172 0.076771654,-0.18344081 0.99550395 0.099275607,
  -0.15319964 0.97655516 0.025590551,-0.22924917 0.94564061 0.060068608,
  -0.20810237 1.0151665 0.090388101,-0.17164862 0.94060122 0.042293597,
  -0.24117453 0.98425197 0.076771654,-0.18809791 0.99941172 0.099275607,
  -0.21408942 0.93688813 0.060068608,-0.21799719 1.0094537 0.090388101,
  -0.15823904 0.95185319 0.042293597,-0.23850146 0.96909222 0.076771654,
  -0.19381069 1.001491 0.099275607,-0.19685039 0.93384842 0.060068608,
  -0.2253414 1.0007013 0.090388101,-0.14948655 0.96701294 0.042293597,
  -0.23080465 0.95576096 0.076771654,-0.1998901 1.001491 0.099275607,
  -0.17961137 0.93688813 0.060068608,-0.22924917 0.98996475 0.090388101,
  -0.21901246 0.94586614 0.076771654,-0.20560288 0.99941172 0.099275607,
  -0.16445162 0.94564061 0.060068608,-0.22924917 0.97853919 0.090388101,
  -0.2045472 0.94060122 0.076771654,-0.21025998 0.99550395 0.099275607,
  -0.15319964 0.9590502 0.060068608,-0.2253414 0.96780268 0.090388101,
  -0.18915359 0.94060122 0.076771654,-0.21329968 0.99023902 0.099275607,
  -0.14721259 0.97549948 0.060068608,-0.21799719 0.9590502 0.090388101,
  -0.17468833 0.94586614 0.076771654,-0.21435536 0.98425197 0.099275607,
  -0.20810237 0.95333742 0.090388101,-0.16289614 0.95576096 0.076771654,
  -0.21329968 0.97826492 0.099275607,-0.19685039 0.95135339 0.090388101,
  -0.15519933 0.96909222 0.076771654,-0.21025998 0.97299999 0.099275607,
  -0.18559842 0.95333742 0.090388101,-0.20560288 0.96909222 0.099275607,
  -0.1757036 0.9590502 0.090388101,-0.1998901 0.96701294 0.099275607,
  -0.16835939 0.96780268 0.090388101,-0.19381069 0.96701294 0.099275607,
  -0.16445162 0.97853919 0.090388101,-0.18809791 0.96909222 0.099275607,
  -0.18344081 0.97299999 0.099275607,-0.1804011 0.97826492 0.099275607] }
 coordIndex [
  26,2,1,-1,27,1,0,-1,27,26,1,-1,27,2,26,-1,28,27,0,-1,29,28,0,-1,30,3,2,-1,31,29,0,-1,
  32,2,27,-1,32,30,2,-1,32,27,28,-1,33,31,0,-1,34,28,29,-1,34,32,28,-1,35,33,0,-1,36,4,3,-1,
  36,5,4,-1,37,34,29,-1,37,29,31,-1,38,35,0,-1,39,5,36,-1,39,3,30,-1,39,30,32,-1,39,36,3,-1,
  40,31,33,-1,40,37,31,-1,41,38,0,-1,42,32,34,-1,42,39,32,-1,43,33,35,-1,43,40,33,-1,44,0,13,-1,
  44,41,0,-1,45,34,37,-1,45,42,34,-1,46,43,35,-1,46,35,38,-1,47,6,5,-1,47,5,39,-1,48,44,13,-1,
  49,45,37,-1,49,37,40,-1,50,46,38,-1,50,38,41,-1,51,47,39,-1,51,39,42,-1,51,6,47,-1,52,48,13,-1,
  53,40,43,-1,53,49,40,-1,54,50,41,-1,54,41,44,-1,55,42,45,-1,55,51,42,-1,56,52,13,-1,57,53,43,-1,
  57,43,46,-1,58,7,6,-1,59,54,44,-1,59,44,48,-1,60,45,49,-1,60,55,45,-1,61,56,13,-1,62,46,50,-1,
  62,57,46,-1,63,58,6,-1,63,7,58,-1,63,6,51,-1,64,48,52,-1,64,59,48,-1,65,49,53,-1,65,60,49,-1,
  66,61,13,-1,67,62,50,-1,67,50,54,-1,68,63,51,-1,68,51,55,-1,69,52,56,-1,69,64,52,-1,70,53,57,-1,
  70,65,53,-1,71,66,13,-1,72,54,59,-1,72,67,54,-1,73,55,60,-1,73,68,55,-1,74,56,61,-1,74,69,56,-1,
  75,57,62,-1,75,70,57,-1,76,8,7,-1,76,9,8,-1,76,7,63,-1,77,13,14,-1,77,71,13,-1,78,72,59,-1,
  78,59,64,-1,79,60,65,-1,79,73,60,-1,80,61,66,-1,80,74,61,-1,81,75,62,-1,81,62,67,-1,82,76,63,-1,
  82,63,68,-1,83,77,14,-1,83,15,77,-1,83,14,15,-1,84,78,64,-1,84,64,69,-1,85,79,65,-1,85,65,70,-1,
  86,80,66,-1,86,66,71,-1,87,81,67,-1,87,67,72,-1,88,82,68,-1,88,68,73,-1,89,84,69,-1,89,69,74,-1,
  90,85,70,-1,90,70,75,-1,91,10,9,-1,92,77,15,-1,92,71,77,-1,92,86,71,-1,93,87,72,-1,93,72,78,-1,
  94,73,79,-1,94,88,73,-1,95,74,80,-1,95,89,74,-1,96,90,75,-1,96,75,81,-1,97,76,82,-1,97,10,91,-1,
  97,9,76,-1,97,91,9,-1,98,92,15,-1,98,15,16,-1,99,78,84,-1,99,93,78,-1,100,94,79,-1,100,79,85,-1,
  101,95,80,-1,101,80,86,-1,102,81,87,-1,102,96,81,-1,103,97,82,-1,103,82,88,-1,104,99,84,-1,104,84,89,-1,
  105,85,90,-1,105,100,85,-1,106,86,92,-1,106,101,86,-1,107,102,87,-1,107,87,93,-1,108,88,94,-1,108,103,88,-1,
  109,89,95,-1,109,104,89,-1,110,90,96,-1,110,105,90,-1,111,11,10,-1,112,92,98,-1,112,98,16,-1,112,106,92,-1,
  113,93,99,-1,113,107,93,-1,114,108,94,-1,114,94,100,-1,115,95,101,-1,115,109,95,-1,116,96,102,-1,116,110,96,-1,
  117,12,11,-1,117,10,97,-1,117,97,103,-1,117,11,111,-1,117,111,10,-1,118,16,17,-1,118,17,18,-1,118,112,16,-1,
  118,18,112,-1,119,113,99,-1,119,99,104,-1,120,114,100,-1,120,100,105,-1,121,115,101,-1,121,101,106,-1,122,102,107,-1,
  122,116,102,-1,123,12,117,-1,123,117,103,-1,123,103,108,-1,124,119,104,-1,124,104,109,-1,125,105,110,-1,125,120,105,-1,
  126,106,112,-1,126,121,106,-1,127,107,113,-1,127,122,107,-1,128,123,108,-1,128,12,123,-1,128,108,114,-1,129,109,115,-1,
  129,124,109,-1,130,125,110,-1,130,110,116,-1,131,18,19,-1,131,19,126,-1,131,126,112,-1,131,112,18,-1,132,113,119,-1,
  132,127,113,-1,133,114,120,-1,133,12,128,-1,133,128,114,-1,134,115,121,-1,134,129,115,-1,135,116,122,-1,135,130,116,-1,
  136,119,124,-1,136,132,119,-1,137,12,133,-1,137,120,125,-1,137,133,120,-1,138,121,126,-1,138,134,121,-1,139,122,127,-1,
  139,135,122,-1,140,124,129,-1,140,136,124,-1,141,125,130,-1,141,12,137,-1,141,137,125,-1,142,126,19,-1,142,138,126,-1,
  143,139,127,-1,143,127,132,-1,144,129,134,-1,144,140,129,-1,145,130,135,-1,145,12,141,-1,145,141,130,-1,146,19,20,-1,
  146,20,142,-1,146,142,19,-1,147,132,136,-1,147,143,132,-1,148,144,134,-1,148,134,138,-1,149,145,135,-1,149,25,12,-1,
  149,135,139,-1,149,12,145,-1,150,136,140,-1,150,147,136,-1,151,148,138,-1,151,138,142,-1,152,25,149,-1,152,149,139,-1,
  152,139,143,-1,153,140,144,-1,153,150,140,-1,154,20,21,-1,154,21,22,-1,154,151,142,-1,154,142,20,-1,155,143,147,-1,
  155,152,143,-1,155,25,152,-1,156,153,144,-1,156,144,148,-1,157,147,150,-1,157,155,147,-1,157,25,155,-1,158,148,151,-1,
  158,156,148,-1,159,157,150,-1,159,150,153,-1,159,25,157,-1,160,154,22,-1,160,151,154,-1,160,158,151,-1,161,153,156,-1,
  161,25,159,-1,161,159,153,-1,162,23,160,-1,162,22,23,-1,162,160,22,-1,163,25,161,-1,163,156,158,-1,163,161,156,-1,
  164,160,23,-1,164,158,160,-1,164,24,25,-1,164,163,158,-1,164,25,163,-1,165,23,24,-1,165,164,23,-1,165,24,164,-1]
  normalPerVertex TRUE
  normal DEF NORM_13 Normal { vector [
  -0.021981502 0.11904181 -0.99264589,0.20566564 0.07163335 -0.97599708,
  0.48926792 0.15948411 -0.85742739,0.72442018 0.17410448 -0.66701052,
  0.86355026 0.075550858 -0.49857097,0.93215578 0.2092595 -0.29545909,
  0.95567918 0.29384961 -0.018157752,0.92546944 0.20849861 0.31628254,
  0.85610146 0.15095379 0.49427041,0.73674625 0.16691007 0.65524499,
  0.47745648 0.14407689 0.86676246,0.21607912 0.082130844 0.97291538,
  -0.016974704 0.12687955 0.99177288,-0.0027636606 -0.13351108 -0.99104347,
  0.20566564 -0.07163335 -0.97599708,0.48926792 -0.15948411 -0.85742739,
  0.72442018 -0.17410448 -0.66701052,0.86355026 -0.075550858 -0.49857097,
  0.93215578 -0.2092595 -0.29545909,0.95567918 -0.29384961 -0.018157752,
  0.92546944 -0.20849861 0.31628254,0.85610146 -0.15095379 0.49427041,
  0.73674625 -0.16691007 0.65524499,0.47745648 -0.14407689 0.86676246,
  0.21607912 -0.082130844 0.97291538,-0.016974704 -0.12687955 0.99177288,
  0.38203965 0.057980536 -0.9223253,0.34237251 0.19302404 -0.91952313,
  0.25369801 0.30234551 -0.91881691,0.13498989 0.37088168 -0.91881691,
  0.650471 0.23498284 -0.72226764,0 0.39468404 -0.91881691,
  0.50273505 0.39223753 -0.77032927,-0.13498989 0.37088168 -0.91881691,
  0.33063546 0.57267741 -0.75014717,-0.25369801 0.30234551 -0.91881691,
  0.84361002 0.22604462 -0.48705847,0.11482849 0.65122472 -0.75014717,
  -0.3418064 0.19734202 -0.91881691,0.78475862 0.38310261 -0.48722305,
  -0.11482849 0.65122472 -0.75014717,-0.3886879 0.068536164 -0.91881691,
  0.56039027 0.66784712 -0.48983974,-0.33063546 0.57267741 -0.75014717,
  -0.3886879 -0.068536164 -0.91881691,0.29817743 0.81923577 -0.48983974,
  -0.50656291 0.42505675 -0.75014717,0.92654436 0.33311432 -0.17478671,
  -0.3418064 -0.19734202 -0.91881691,0 0.8718125 -0.48983974,
  -0.6213914 0.22616797 -0.75014717,0.80733556 0.57639711 -0.12639488,
  -0.25369801 -0.30234551 -0.91881691,-0.29817743 0.81923577 -0.48983974,
  -0.66127091 0 -0.75014717,0.49270877 0.85339662 -0.17015367,
  -0.13498989 -0.37088168 -0.91881691,-0.56039027 0.66784712 -0.48983974,
  0.961794 0.24273242 0.12662258,-0.6213914 -0.22616797 -0.75014717,
  0.17111596 0.97044683 -0.17015367,0 -0.39468404 -0.91881691,
  -0.75501177 0.43590625 -0.48983974,0.88926308 0.43660233 0.13634365,
  -0.50656291 -0.42505675 -0.75014717,-0.17111596 0.97044683 -0.17015367,
  0.13498989 -0.37088168 -0.91881691,-0.85856771 0.15138865 -0.48983974,
  0.63341418 0.75487363 0.17015367,-0.33063546 -0.57267741 -0.75014717,
  -0.49270877 0.85339662 -0.17015367,0.25369801 -0.30234551 -0.91881691,
  -0.85856771 -0.15138865 -0.48983974,0.33703265 0.92598959 0.17015367,
  -0.11482849 -0.65122472 -0.75014717,-0.75487363 0.63341418 -0.17015367,
  0.82827688 0.28557211 0.48208503,0.34237251 -0.19302404 -0.91952313,
  -0.75501177 -0.43590625 -0.48983974,0 0.98541754 0.17015367,
  0.11482849 -0.65122472 -0.75014717,-0.92598959 0.33703265 -0.17015367,
  0.66784712 0.56039027 0.48983974,0.38203965 -0.057980536 -0.9223253,
  -0.56039027 -0.66784712 -0.48983974,-0.33703265 0.92598959 0.17015367,
  0.33063546 -0.57267741 -0.75014717,-0.98541754 0 -0.17015367,
  0.43590625 0.75501177 0.48983974,-0.29817743 -0.81923577 -0.48983974,
  -0.63341418 0.75487363 0.17015367,0.6029265 0.13812297 0.78574912,
  0.50273505 -0.39223753 -0.77032927,-0.92598959 -0.33703265 -0.17015367,
  0.15138865 0.85856771 0.48983974,0 -0.8718125 -0.48983974,
  -0.85339662 0.49270877 0.17015367,0.58823837 0.30554571 0.74874391,
  0.650471 -0.23498284 -0.72226764,-0.75487363 -0.63341418 -0.17015367,
  -0.15138865 0.85856771 0.48983974,0.29817743 -0.81923577 -0.48983974,
  -0.97044683 0.17111596 0.17015367,0.42505675 0.50656291 0.75014717,
  -0.49270877 -0.85339662 -0.17015367,-0.43590625 0.75501177 0.48983974,
  0.56039027 -0.66784712 -0.48983974,-0.97044683 -0.17111596 0.17015367,
  0.22616797 0.6213914 0.75014717,-0.17111596 -0.97044683 -0.17015367,
  -0.66784712 0.56039027 0.48983974,0.380603 0.10413129 0.91885692,
  0.78475862 -0.38310261 -0.48722305,-0.85339662 -0.49270877 0.17015367,
  0 0.66127091 0.75014717,0.17111596 -0.97044683 -0.17015367,
  -0.81923577 0.29817743 0.48983974,0.32614066 0.23051014 0.91678642,
  0.84361002 -0.22604462 -0.48705847,-0.63341418 -0.75487363 0.17015367,
  -0.22616797 0.6213914 0.75014717,0.49270877 -0.85339662 -0.17015367,
  -0.8718125 0 0.48983974,0.19734202 0.3418064 0.91881691,
  -0.33703265 -0.92598959 0.17015367,-0.42505675 0.50656291 0.75014717,
  0.80733556 -0.57639711 -0.12639488,-0.81923577 -0.29817743 0.48983974,
  0.068536164 0.3886879 0.91881691,0 -0.98541754 0.17015367,
  -0.57267741 0.33063546 0.75014717,0.92654436 -0.33311432 -0.17478671,
  -0.66784712 -0.56039027 0.48983974,-0.068536164 0.3886879 0.91881691,
  0.33703265 -0.92598959 0.17015367,-0.65122472 0.11482849 0.75014717,
  -0.43590625 -0.75501177 0.48983974,-0.19734202 0.3418064 0.91881691,
  0.63341418 -0.75487363 0.17015367,-0.65122472 -0.11482849 0.75014717,
  -0.15138865 -0.85856771 0.48983974,-0.30234551 0.25369801 0.91881691,
  0.88926308 -0.43660233 0.13634365,-0.57267741 -0.33063546 0.75014717,
  0.15138865 -0.85856771 0.48983974,-0.37088168 0.13498989 0.91881691,
  0.961794 -0.24273242 0.12662258,-0.42505675 -0.50656291 0.75014717,
  0.43590625 -0.75501177 0.48983974,-0.39468404 0 0.91881691,
  -0.22616797 -0.6213914 0.75014717,0.66784712 -0.56039027 0.48983974,
  -0.37088168 -0.13498989 0.91881691,0 -0.66127091 0.75014717,
  0.82827688 -0.28557211 0.48208503,-0.30234551 -0.25369801 0.91881691,
  0.22616797 -0.6213914 0.75014717,-0.19734202 -0.3418064 0.91881691,
  0.42505675 -0.50656291 0.75014717,-0.068536164 -0.3886879 0.91881691,
  0.58823837 -0.30554571 0.74874391,0.068536164 -0.3886879 0.91881691,
  0.6029265 -0.13812297 0.78574912,0.19734202 -0.3418064 0.91881691,
  0.32614066 -0.23051014 0.91678642,0.380603 -0.10413129 0.91885692] }
}
}
] }
DEF TXFM_17 Transform {
  center 0 0 0
  rotation 0 0 1 0
  scale 1 1 1
  scaleOrientation 0 0 1 0
  translation 0 0 0
 children [
DEF SHAPE_14 Shape {
 appearance USE APP_1
 geometry DEF FACE_14 IndexedFaceSet {
  coord DEF COORD_14 Coordinate { point [
  -0.19685039 0.59055118 0,-0.18360375 0.59055118 0.0017439538,
  -0.17125984 0.59055118 0.0068569675,-0.16065989 0.59055118 0.014990598,
  -0.15252626 0.59055118 0.025590551,-0.14741325 0.59055118 0.037934458,
  -0.14566929 0.59055118 0.051181102,-0.14741325 0.59055118 0.064427746,
  -0.15252626 0.59055118 0.076771654,-0.16065989 0.59055118 0.087371607,
  -0.17125984 0.59055118 0.095505237,-0.18360375 0.59055118 0.10061825,
  -0.19685039 0.59055118 0.1023622,-0.19685039 0.59055118 0,
  -0.18360375 0.59055118 0.0017439538,-0.17125984 0.59055118 0.0068569675,
  -0.16065989 0.59055118 0.014990598,-0.15252626 0.59055118 0.025590551,
  -0.14741325 0.59055118 0.037934458,-0.14566929 0.59055118 0.051181102,
  -0.14741325 0.59055118 0.064427746,-0.15252626 0.59055118 0.076771654,
  -0.16065989 0.59055118 0.087371607,-0.17125984 0.59055118 0.095505237,
  -0.18360375 0.59055118 0.10061825,-0.19685039 0.59055118 0.1023622,
  -0.17961137 0.59359089 0.0030865981,-0.18169065 0.59930367 0.0030865981,
  -0.18559842 0.60396076 0.0030865981,-0.19086334 0.60700047 0.0030865981,
  -0.16593584 0.60180316 0.011974103,-0.19685039 0.60805615 0.0030865981,
  -0.17164862 0.61169798 0.011974103,-0.20283745 0.60700047 0.0030865981,
  -0.1804011 0.61904219 0.011974103,-0.20810237 0.60396076 0.0030865981,
  -0.15319964 0.59824799 0.025590551,-0.19113762 0.62294996 0.011974103,
  -0.21201014 0.59930367 0.0030865981,-0.15846457 0.61271325 0.025590551,
  -0.20256317 0.62294996 0.011974103,-0.21408942 0.59359089 0.0030865981,
  -0.16835939 0.62450544 0.025590551,-0.21329968 0.61904219 0.011974103,
  -0.21408942 0.58751148 0.0030865981,-0.18169065 0.63220224 0.025590551,
  -0.22205217 0.61169798 0.011974103,-0.14948655 0.60779021 0.042293597,
  -0.21201014 0.5817987 0.0030865981,-0.19685039 0.63487532 0.025590551,
  -0.22776495 0.60180316 0.011974103,-0.15823904 0.62294996 0.042293597,
  -0.20810237 0.5771416 0.0030865981,-0.21201014 0.63220224 0.025590551,
  -0.22974897 0.59055118 0.011974103,-0.17164862 0.63420193 0.042293597,
  -0.20283745 0.57410189 0.0030865981,-0.2253414 0.62450544 0.025590551,
  -0.14721259 0.59930367 0.060068608,-0.22776495 0.5792992 0.011974103,
  -0.18809791 0.64018898 0.042293597,-0.19685039 0.57304621 0.0030865981,
  -0.23523622 0.61271325 0.025590551,-0.15319964 0.61575295 0.060068608,
  -0.22205217 0.56940438 0.011974103,-0.20560288 0.64018898 0.042293597,
  -0.19086334 0.57410189 0.0030865981,-0.24050115 0.59824799 0.025590551,
  -0.16445162 0.62916254 0.060068608,-0.21329968 0.56206018 0.011974103,
  -0.22205217 0.63420193 0.042293597,-0.18559842 0.5771416 0.0030865981,
  -0.24050115 0.58285438 0.025590551,-0.17961137 0.63791502 0.060068608,
  -0.20256317 0.55815241 0.011974103,-0.23546175 0.62294996 0.042293597,
  -0.15519933 0.60571093 0.076771654,-0.18169065 0.5817987 0.0030865981,
  -0.23523622 0.56838911 0.025590551,-0.19685039 0.64095473 0.060068608,
  -0.19113762 0.55815241 0.011974103,-0.24421423 0.60779021 0.042293597,
  -0.16289614 0.61904219 0.076771654,-0.17961137 0.58751148 0.0030865981,
  -0.2253414 0.55659692 0.025590551,-0.21408942 0.63791502 0.060068608,
  -0.1804011 0.56206018 0.011974103,-0.24725394 0.59055118 0.042293597,
  -0.17468833 0.62893701 0.076771654,-0.21201014 0.54890012 0.025590551,
  -0.22924917 0.62916254 0.060068608,-0.16445162 0.59626396 0.090388101,
  -0.17164862 0.56940438 0.011974103,-0.24421423 0.57331215 0.042293597,
  -0.18915359 0.63420193 0.076771654,-0.19685039 0.54622705 0.025590551,
  -0.24050115 0.61575295 0.060068608,-0.16835939 0.60700047 0.090388101,
  -0.16593584 0.5792992 0.011974103,-0.23546175 0.55815241 0.042293597,
  -0.2045472 0.63420193 0.076771654,-0.18169065 0.54890012 0.025590551,
  -0.2464882 0.59930367 0.060068608,-0.1757036 0.61575295 0.090388101,
  -0.22205217 0.54690043 0.042293597,-0.21901246 0.62893701 0.076771654,
  -0.16835939 0.55659692 0.025590551,-0.2464882 0.5817987 0.060068608,
  -0.18559842 0.62146573 0.090388101,-0.20560288 0.54091338 0.042293597,
  -0.23080465 0.61904219 0.076771654,-0.1804011 0.59653823 0.099275607,
  -0.15846457 0.56838911 0.025590551,-0.24050115 0.56534941 0.060068608,
  -0.19685039 0.62344976 0.090388101,-0.18809791 0.54091338 0.042293597,
  -0.23850146 0.60571093 0.076771654,-0.18344081 0.60180316 0.099275607,
  -0.15319964 0.58285438 0.025590551,-0.22924917 0.55193982 0.060068608,
  -0.20810237 0.62146573 0.090388101,-0.17164862 0.54690043 0.042293597,
  -0.24117453 0.59055118 0.076771654,-0.18809791 0.60571093 0.099275607,
  -0.21408942 0.54318734 0.060068608,-0.21799719 0.61575295 0.090388101,
  -0.15823904 0.55815241 0.042293597,-0.23850146 0.57539143 0.076771654,
  -0.19381069 0.60779021 0.099275607,-0.19685039 0.54014763 0.060068608,
  -0.2253414 0.60700047 0.090388101,-0.14948655 0.57331215 0.042293597,
  -0.23080465 0.56206018 0.076771654,-0.1998901 0.60779021 0.099275607,
  -0.17961137 0.54318734 0.060068608,-0.22924917 0.59626396 0.090388101,
  -0.21901246 0.55216535 0.076771654,-0.20560288 0.60571093 0.099275607,
  -0.16445162 0.55193982 0.060068608,-0.22924917 0.5848384 0.090388101,
  -0.2045472 0.54690043 0.076771654,-0.21025998 0.60180316 0.099275607,
  -0.15319964 0.56534941 0.060068608,-0.2253414 0.57410189 0.090388101,
  -0.18915359 0.54690043 0.076771654,-0.21329968 0.59653823 0.099275607,
  -0.14721259 0.5817987 0.060068608,-0.21799719 0.56534941 0.090388101,
  -0.17468833 0.55216535 0.076771654,-0.21435536 0.59055118 0.099275607,
  -0.20810237 0.55963663 0.090388101,-0.16289614 0.56206018 0.076771654,
  -0.21329968 0.58456413 0.099275607,-0.19685039 0.5576526 0.090388101,
  -0.15519933 0.57539143 0.076771654,-0.21025998 0.5792992 0.099275607,
  -0.18559842 0.55963663 0.090388101,-0.20560288 0.57539143 0.099275607,
  -0.1757036 0.56534941 0.090388101,-0.1998901 0.57331215 0.099275607,
  -0.16835939 0.57410189 0.090388101,-0.19381069 0.57331215 0.099275607,
  -0.16445162 0.5848384 0.090388101,-0.18809791 0.57539143 0.099275607,
  -0.18344081 0.5792992 0.099275607,-0.1804011 0.58456413 0.099275607] }
 coordIndex [
  26,2,1,-1,27,1,0,-1,27,26,1,-1,27,2,26,-1,28,27,0,-1,29,28,0,-1,30,3,2,-1,31,29,0,-1,
  32,2,27,-1,32,30,2,-1,32,27,28,-1,33,31,0,-1,34,28,29,-1,34,32,28,-1,35,33,0,-1,36,4,3,-1,
  36,5,4,-1,37,34,29,-1,37,29,31,-1,38,35,0,-1,39,5,36,-1,39,3,30,-1,39,30,32,-1,39,36,3,-1,
  40,31,33,-1,40,37,31,-1,41,38,0,-1,42,32,34,-1,42,39,32,-1,43,33,35,-1,43,40,33,-1,44,0,13,-1,
  44,41,0,-1,45,34,37,-1,45,42,34,-1,46,43,35,-1,46,35,38,-1,47,6,5,-1,47,5,39,-1,48,44,13,-1,
  49,45,37,-1,49,37,40,-1,50,46,38,-1,50,38,41,-1,51,47,39,-1,51,39,42,-1,51,6,47,-1,52,48,13,-1,
  53,40,43,-1,53,49,40,-1,54,50,41,-1,54,41,44,-1,55,42,45,-1,55,51,42,-1,56,52,13,-1,57,53,43,-1,
  57,43,46,-1,58,7,6,-1,59,54,44,-1,59,44,48,-1,60,45,49,-1,60,55,45,-1,61,56,13,-1,62,46,50,-1,
  62,57,46,-1,63,58,6,-1,63,7,58,-1,63,6,51,-1,64,48,52,-1,64,59,48,-1,65,49,53,-1,65,60,49,-1,
  66,61,13,-1,67,62,50,-1,67,50,54,-1,68,63,51,-1,68,51,55,-1,69,52,56,-1,69,64,52,-1,70,53,57,-1,
  70,65,53,-1,71,66,13,-1,72,54,59,-1,72,67,54,-1,73,55,60,-1,73,68,55,-1,74,56,61,-1,74,69,56,-1,
  75,57,62,-1,75,70,57,-1,76,8,7,-1,76,9,8,-1,76,7,63,-1,77,13,14,-1,77,71,13,-1,78,72,59,-1,
  78,59,64,-1,79,60,65,-1,79,73,60,-1,80,61,66,-1,80,74,61,-1,81,75,62,-1,81,62,67,-1,82,76,63,-1,
  82,63,68,-1,83,77,14,-1,83,15,77,-1,83,14,15,-1,84,78,64,-1,84,64,69,-1,85,79,65,-1,85,65,70,-1,
  86,80,66,-1,86,66,71,-1,87,81,67,-1,87,67,72,-1,88,82,68,-1,88,68,73,-1,89,84,69,-1,89,69,74,-1,
  90,85,70,-1,90,70,75,-1,91,10,9,-1,92,77,15,-1,92,71,77,-1,92,86,71,-1,93,87,72,-1,93,72,78,-1,
  94,73,79,-1,94,88,73,-1,95,74,80,-1,95,89,74,-1,96,90,75,-1,96,75,81,-1,97,76,82,-1,97,10,91,-1,
  97,9,76,-1,97,91,9,-1,98,92,15,-1,98,15,16,-1,99,78,84,-1,99,93,78,-1,100,94,79,-1,100,79,85,-1,
  101,95,80,-1,101,80,86,-1,102,81,87,-1,102,96,81,-1,103,97,82,-1,103,82,88,-1,104,99,84,-1,104,84,89,-1,
  105,85,90,-1,105,100,85,-1,106,86,92,-1,106,101,86,-1,107,102,87,-1,107,87,93,-1,108,88,94,-1,108,103,88,-1,
  109,89,95,-1,109,104,89,-1,110,90,96,-1,110,105,90,-1,111,11,10,-1,112,92,98,-1,112,98,16,-1,112,106,92,-1,
  113,93,99,-1,113,107,93,-1,114,108,94,-1,114,94,100,-1,115,95,101,-1,115,109,95,-1,116,96,102,-1,116,110,96,-1,
  117,12,11,-1,117,10,97,-1,117,97,103,-1,117,11,111,-1,117,111,10,-1,118,16,17,-1,118,17,18,-1,118,112,16,-1,
  118,18,112,-1,119,113,99,-1,119,99,104,-1,120,114,100,-1,120,100,105,-1,121,115,101,-1,121,101,106,-1,122,102,107,-1,
  122,116,102,-1,123,12,117,-1,123,117,103,-1,123,103,108,-1,124,119,104,-1,124,104,109,-1,125,105,110,-1,125,120,105,-1,
  126,106,112,-1,126,121,106,-1,127,107,113,-1,127,122,107,-1,128,123,108,-1,128,12,123,-1,128,108,114,-1,129,109,115,-1,
  129,124,109,-1,130,125,110,-1,130,110,116,-1,131,18,19,-1,131,19,126,-1,131,126,112,-1,131,112,18,-1,132,113,119,-1,
  132,127,113,-1,133,114,120,-1,133,12,128,-1,133,128,114,-1,134,115,121,-1,134,129,115,-1,135,116,122,-1,135,130,116,-1,
  136,119,124,-1,136,132,119,-1,137,12,133,-1,137,120,125,-1,137,133,120,-1,138,121,126,-1,138,134,121,-1,139,122,127,-1,
  139,135,122,-1,140,124,129,-1,140,136,124,-1,141,125,130,-1,141,12,137,-1,141,137,125,-1,142,126,19,-1,142,138,126,-1,
  143,139,127,-1,143,127,132,-1,144,129,134,-1,144,140,129,-1,145,130,135,-1,145,12,141,-1,145,141,130,-1,146,19,20,-1,
  146,20,142,-1,146,142,19,-1,147,132,136,-1,147,143,132,-1,148,144,134,-1,148,134,138,-1,149,145,135,-1,149,25,12,-1,
  149,135,139,-1,149,12,145,-1,150,136,140,-1,150,147,136,-1,151,148,138,-1,151,138,142,-1,152,25,149,-1,152,149,139,-1,
  152,139,143,-1,153,140,144,-1,153,150,140,-1,154,20,21,-1,154,21,22,-1,154,151,142,-1,154,142,20,-1,155,143,147,-1,
  155,152,143,-1,155,25,152,-1,156,153,144,-1,156,144,148,-1,157,147,150,-1,157,155,147,-1,157,25,155,-1,158,148,151,-1,
  158,156,148,-1,159,157,150,-1,159,150,153,-1,159,25,157,-1,160,154,22,-1,160,151,154,-1,160,158,151,-1,161,153,156,-1,
  161,25,159,-1,161,159,153,-1,162,23,160,-1,162,22,23,-1,162,160,22,-1,163,25,161,-1,163,156,158,-1,163,161,156,-1,
  164,160,23,-1,164,158,160,-1,164,24,25,-1,164,163,158,-1,164,25,163,-1,165,23,24,-1,165,164,23,-1,165,24,164,-1]
  normalPerVertex TRUE
  normal DEF NORM_14 Normal { vector [
  -0.021981502 0.11904181 -0.99264589,0.20566564 0.07163335 -0.97599708,
  0.48926792 0.15948411 -0.85742739,0.72442018 0.17410448 -0.66701052,
  0.86355026 0.075550858 -0.49857097,0.93215578 0.2092595 -0.29545909,
  0.95567918 0.29384961 -0.018157752,0.92546944 0.20849861 0.31628254,
  0.85610146 0.15095379 0.49427041,0.73674625 0.16691007 0.65524499,
  0.47745648 0.14407689 0.86676246,0.21607912 0.082130844 0.97291538,
  -0.016974704 0.12687955 0.99177288,-0.0027636606 -0.13351108 -0.99104347,
  0.20566564 -0.07163335 -0.97599708,0.48926792 -0.15948411 -0.85742739,
  0.72442018 -0.17410448 -0.66701052,0.86355026 -0.075550858 -0.49857097,
  0.93215578 -0.2092595 -0.29545909,0.95567918 -0.29384961 -0.018157752,
  0.92546944 -0.20849861 0.31628254,0.85610146 -0.15095379 0.49427041,
  0.73674625 -0.16691007 0.65524499,0.47745648 -0.14407689 0.86676246,
  0.21607912 -0.082130844 0.97291538,-0.016974704 -0.12687955 0.99177288,
  0.38203965 0.057980536 -0.9223253,0.34237251 0.19302404 -0.91952313,
  0.25369801 0.30234551 -0.91881691,0.13498989 0.37088168 -0.91881691,
  0.650471 0.23498284 -0.72226764,0 0.39468404 -0.91881691,
  0.50273505 0.39223753 -0.77032927,-0.13498989 0.37088168 -0.91881691,
  0.33063546 0.57267741 -0.75014717,-0.25369801 0.30234551 -0.91881691,
  0.84361002 0.22604462 -0.48705847,0.11482849 0.65122472 -0.75014717,
  -0.3418064 0.19734202 -0.91881691,0.78475862 0.38310261 -0.48722305,
  -0.11482849 0.65122472 -0.75014717,-0.3886879 0.068536164 -0.91881691,
  0.56039027 0.66784712 -0.48983974,-0.33063546 0.57267741 -0.75014717,
  -0.3886879 -0.068536164 -0.91881691,0.29817743 0.81923577 -0.48983974,
  -0.50656291 0.42505675 -0.75014717,0.92654436 0.33311432 -0.17478671,
  -0.3418064 -0.19734202 -0.91881691,0 0.8718125 -0.48983974,
  -0.6213914 0.22616797 -0.75014717,0.80733556 0.57639711 -0.12639488,
  -0.25369801 -0.30234551 -0.91881691,-0.29817743 0.81923577 -0.48983974,
  -0.66127091 0 -0.75014717,0.49270877 0.85339662 -0.17015367,
  -0.13498989 -0.37088168 -0.91881691,-0.56039027 0.66784712 -0.48983974,
  0.961794 0.24273242 0.12662258,-0.6213914 -0.22616797 -0.75014717,
  0.17111596 0.97044683 -0.17015367,0 -0.39468404 -0.91881691,
  -0.75501177 0.43590625 -0.48983974,0.88926308 0.43660233 0.13634365,
  -0.50656291 -0.42505675 -0.75014717,-0.17111596 0.97044683 -0.17015367,
  0.13498989 -0.37088168 -0.91881691,-0.85856771 0.15138865 -0.48983974,
  0.63341418 0.75487363 0.17015367,-0.33063546 -0.57267741 -0.75014717,
  -0.49270877 0.85339662 -0.17015367,0.25369801 -0.30234551 -0.91881691,
  -0.85856771 -0.15138865 -0.48983974,0.33703265 0.92598959 0.17015367,
  -0.11482849 -0.65122472 -0.75014717,-0.75487363 0.63341418 -0.17015367,
  0.82827688 0.28557211 0.48208503,0.34237251 -0.19302404 -0.91952313,
  -0.75501177 -0.43590625 -0.48983974,0 0.98541754 0.17015367,
  0.11482849 -0.65122472 -0.75014717,-0.92598959 0.33703265 -0.17015367,
  0.66784712 0.56039027 0.48983974,0.38203965 -0.057980536 -0.9223253,
  -0.56039027 -0.66784712 -0.48983974,-0.33703265 0.92598959 0.17015367,
  0.33063546 -0.57267741 -0.75014717,-0.98541754 0 -0.17015367,
  0.43590625 0.75501177 0.48983974,-0.29817743 -0.81923577 -0.48983974,
  -0.63341418 0.75487363 0.17015367,0.6029265 0.13812297 0.78574912,
  0.50273505 -0.39223753 -0.77032927,-0.92598959 -0.33703265 -0.17015367,
  0.15138865 0.85856771 0.48983974,0 -0.8718125 -0.48983974,
  -0.85339662 0.49270877 0.17015367,0.58823837 0.30554571 0.74874391,
  0.650471 -0.23498284 -0.72226764,-0.75487363 -0.63341418 -0.17015367,
  -0.15138865 0.85856771 0.48983974,0.29817743 -0.81923577 -0.48983974,
  -0.97044683 0.17111596 0.17015367,0.42505675 0.50656291 0.75014717,
  -0.49270877 -0.85339662 -0.17015367,-0.43590625 0.75501177 0.48983974,
  0.56039027 -0.66784712 -0.48983974,-0.97044683 -0.17111596 0.17015367,
  0.22616797 0.6213914 0.75014717,-0.17111596 -0.97044683 -0.17015367,
  -0.66784712 0.56039027 0.48983974,0.380603 0.10413129 0.91885692,
  0.78475862 -0.38310261 -0.48722305,-0.85339662 -0.49270877 0.17015367,
  0 0.66127091 0.75014717,0.17111596 -0.97044683 -0.17015367,
  -0.81923577 0.29817743 0.48983974,0.32614066 0.23051014 0.91678642,
  0.84361002 -0.22604462 -0.48705847,-0.63341418 -0.75487363 0.17015367,
  -0.22616797 0.6213914 0.75014717,0.49270877 -0.85339662 -0.17015367,
  -0.8718125 0 0.48983974,0.19734202 0.3418064 0.91881691,
  -0.33703265 -0.92598959 0.17015367,-0.42505675 0.50656291 0.75014717,
  0.80733556 -0.57639711 -0.12639488,-0.81923577 -0.29817743 0.48983974,
  0.068536164 0.3886879 0.91881691,0 -0.98541754 0.17015367,
  -0.57267741 0.33063546 0.75014717,0.92654436 -0.33311432 -0.17478671,
  -0.66784712 -0.56039027 0.48983974,-0.068536164 0.3886879 0.91881691,
  0.33703265 -0.92598959 0.17015367,-0.65122472 0.11482849 0.75014717,
  -0.43590625 -0.75501177 0.48983974,-0.19734202 0.3418064 0.91881691,
  0.63341418 -0.75487363 0.17015367,-0.65122472 -0.11482849 0.75014717,
  -0.15138865 -0.85856771 0.48983974,-0.30234551 0.25369801 0.91881691,
  0.88926308 -0.43660233 0.13634365,-0.57267741 -0.33063546 0.75014717,
  0.15138865 -0.85856771 0.48983974,-0.37088168 0.13498989 0.91881691,
  0.961794 -0.24273242 0.12662258,-0.42505675 -0.50656291 0.75014717,
  0.43590625 -0.75501177 0.48983974,-0.39468404 0 0.91881691,
  -0.22616797 -0.6213914 0.75014717,0.66784712 -0.56039027 0.48983974,
  -0.37088168 -0.13498989 0.91881691,0 -0.66127091 0.75014717,
  0.82827688 -0.28557211 0.48208503,-0.30234551 -0.25369801 0.91881691,
  0.22616797 -0.6213914 0.75014717,-0.19734202 -0.3418064 0.91881691,
  0.42505675 -0.50656291 0.75014717,-0.068536164 -0.3886879 0.91881691,
  0.58823837 -0.30554571 0.74874391,0.068536164 -0.3886879 0.91881691,
  0.6029265 -0.13812297 0.78574912,0.19734202 -0.3418064 0.91881691,
  0.32614066 -0.23051014 0.91678642,0.380603 -0.10413129 0.91885692] }
}
}
] }
DEF TXFM_18 Transform {
  center 0 0 0
  rotation 0 0 1 0
  scale 1 1 1
  scaleOrientation 0 0 1 0
  translation 0 0 0
 children [
DEF SHAPE_15 Shape {
 appearance USE APP_1
 geometry DEF FACE_15 IndexedFaceSet {
  coord DEF COORD_15 Coordinate { point [
  -0.19685039 0.19685039 0,-0.18360375 0.19685039 0.0017439538,
  -0.17125984 0.19685039 0.0068569675,-0.16065989 0.19685039 0.014990598,
  -0.15252626 0.19685039 0.025590551,-0.14741325 0.19685039 0.037934458,
  -0.14566929 0.19685039 0.051181102,-0.14741325 0.19685039 0.064427746,
  -0.15252626 0.19685039 0.076771654,-0.16065989 0.19685039 0.087371607,
  -0.17125984 0.19685039 0.095505237,-0.18360375 0.19685039 0.10061825,
  -0.19685039 0.19685039 0.1023622,-0.19685039 0.19685039 0,
  -0.18360375 0.19685039 0.0017439538,-0.17125984 0.19685039 0.0068569675,
  -0.16065989 0.19685039 0.014990598,-0.15252626 0.19685039 0.025590551,
  -0.14741325 0.19685039 0.037934458,-0.14566929 0.19685039 0.051181102,
  -0.14741325 0.19685039 0.064427746,-0.15252626 0.19685039 0.076771654,
  -0.16065989 0.19685039 0.087371607,-0.17125984 0.19685039 0.095505237,
  -0.18360375 0.19685039 0.10061825,-0.19685039 0.19685039 0.1023622,
  -0.17961137 0.1998901 0.0030865981,-0.18169065 0.20560288 0.0030865981,
  -0.18559842 0.21025998 0.0030865981,-0.19086334 0.21329968 0.0030865981,
  -0.16593584 0.20810237 0.011974103,-0.19685039 0.21435536 0.0030865981,
  -0.17164862 0.21799719 0.011974103,-0.20283745 0.21329968 0.0030865981,
  -0.1804011 0.2253414 0.011974103,-0.20810237 0.21025998 0.0030865981,
  -0.15319964 0.2045472 0.025590551,-0.19113762 0.22924917 0.011974103,
  -0.21201014 0.20560288 0.0030865981,-0.15846457 0.21901246 0.025590551,
  -0.20256317 0.22924917 0.011974103,-0.21408942 0.1998901 0.0030865981,
  -0.16835939 0.23080465 0.025590551,-0.21329968 0.2253414 0.011974103,
  -0.21408942 0.19381069 0.0030865981,-0.18169065 0.23850146 0.025590551,
  -0.22205217 0.21799719 0.011974103,-0.14948655 0.21408942 0.042293597,
  -0.21201014 0.18809791 0.0030865981,-0.19685039 0.24117453 0.025590551,
  -0.22776495 0.20810237 0.011974103,-0.15823904 0.22924917 0.042293597,
  -0.20810237 0.18344081 0.0030865981,-0.21201014 0.23850146 0.025590551,
  -0.22974897 0.19685039 0.011974103,-0.17164862 0.24050115 0.042293597,
  -0.20283745 0.1804011 0.0030865981,-0.2253414 0.23080465 0.025590551,
  -0.14721259 0.20560288 0.060068608,-0.22776495 0.18559842 0.011974103,
  -0.18809791 0.2464882 0.042293597,-0.19685039 0.17934543 0.0030865981,
  -0.23523622 0.21901246 0.025590551,-0.15319964 0.22205217 0.060068608,
  -0.22205217 0.1757036 0.011974103,-0.20560288 0.2464882 0.042293597,
  -0.19086334 0.1804011 0.0030865981,-0.24050115 0.2045472 0.025590551,
  -0.16445162 0.23546175 0.060068608,-0.21329968 0.16835939 0.011974103,
  -0.22205217 0.24050115 0.042293597,-0.18559842 0.18344081 0.0030865981,
  -0.24050115 0.18915359 0.025590551,-0.17961137 0.24421423 0.060068608,
  -0.20256317 0.16445162 0.011974103,-0.23546175 0.22924917 0.042293597,
  -0.15519933 0.21201014 0.076771654,-0.18169065 0.18809791 0.0030865981,
  -0.23523622 0.17468833 0.025590551,-0.19685039 0.24725394 0.060068608,
  -0.19113762 0.16445162 0.011974103,-0.24421423 0.21408942 0.042293597,
  -0.16289614 0.2253414 0.076771654,-0.17961137 0.19381069 0.0030865981,
  -0.2253414 0.16289614 0.025590551,-0.21408942 0.24421423 0.060068608,
  -0.1804011 0.16835939 0.011974103,-0.24725394 0.19685039 0.042293597,
  -0.17468833 0.23523622 0.076771654,-0.21201014 0.15519933 0.025590551,
  -0.22924917 0.23546175 0.060068608,-0.16445162 0.20256317 0.090388101,
  -0.17164862 0.1757036 0.011974103,-0.24421423 0.17961137 0.042293597,
  -0.18915359 0.24050115 0.076771654,-0.19685039 0.15252626 0.025590551,
  -0.24050115 0.22205217 0.060068608,-0.16835939 0.21329968 0.090388101,
  -0.16593584 0.18559842 0.011974103,-0.23546175 0.16445162 0.042293597,
  -0.2045472 0.24050115 0.076771654,-0.18169065 0.15519933 0.025590551,
  -0.2464882 0.20560288 0.060068608,-0.1757036 0.22205217 0.090388101,
  -0.22205217 0.15319964 0.042293597,-0.21901246 0.23523622 0.076771654,
  -0.16835939 0.16289614 0.025590551,-0.2464882 0.18809791 0.060068608,
  -0.18559842 0.22776495 0.090388101,-0.20560288 0.14721259 0.042293597,
  -0.23080465 0.2253414 0.076771654,-0.1804011 0.20283745 0.099275607,
  -0.15846457 0.17468833 0.025590551,-0.24050115 0.17164862 0.060068608,
  -0.19685039 0.22974897 0.090388101,-0.18809791 0.14721259 0.042293597,
  -0.23850146 0.21201014 0.076771654,-0.18344081 0.20810237 0.099275607,
  -0.15319964 0.18915359 0.025590551,-0.22924917 0.15823904 0.060068608,
  -0.20810237 0.22776495 0.090388101,-0.17164862 0.15319964 0.042293597,
  -0.24117453 0.19685039 0.076771654,-0.18809791 0.21201014 0.099275607,
  -0.21408942 0.14948655 0.060068608,-0.21799719 0.22205217 0.090388101,
  -0.15823904 0.16445162 0.042293597,-0.23850146 0.18169065 0.076771654,
  -0.19381069 0.21408942 0.099275607,-0.19685039 0.14644685 0.060068608,
  -0.2253414 0.21329968 0.090388101,-0.14948655 0.17961137 0.042293597,
  -0.23080465 0.16835939 0.076771654,-0.1998901 0.21408942 0.099275607,
  -0.17961137 0.14948655 0.060068608,-0.22924917 0.20256317 0.090388101,
  -0.21901246 0.15846457 0.076771654,-0.20560288 0.21201014 0.099275607,
  -0.16445162 0.15823904 0.060068608,-0.22924917 0.19113762 0.090388101,
  -0.2045472 0.15319964 0.076771654,-0.21025998 0.20810237 0.099275607,
  -0.15319964 0.17164862 0.060068608,-0.2253414 0.1804011 0.090388101,
  -0.18915359 0.15319964 0.076771654,-0.21329968 0.20283745 0.099275607,
  -0.14721259 0.18809791 0.060068608,-0.21799719 0.17164862 0.090388101,
  -0.17468833 0.15846457 0.076771654,-0.21435536 0.19685039 0.099275607,
  -0.20810237 0.16593584 0.090388101,-0.16289614 0.16835939 0.076771654,
  -0.21329968 0.19086334 0.099275607,-0.19685039 0.16395182 0.090388101,
  -0.15519933 0.18169065 0.076771654,-0.21025998 0.18559842 0.099275607,
  -0.18559842 0.16593584 0.090388101,-0.20560288 0.18169065 0.099275607,
  -0.1757036 0.17164862 0.090388101,-0.1998901 0.17961137 0.099275607,
  -0.16835939 0.1804011 0.090388101,-0.19381069 0.17961137 0.099275607,
  -0.16445162 0.19113762 0.090388101,-0.18809791 0.18169065 0.099275607,
  -0.18344081 0.18559842 0.099275607,-0.1804011 0.19086334 0.099275607] }
 coordIndex [
  26,2,1,-1,27,1,0,-1,27,26,1,-1,27,2,26,-1,28,27,0,-1,29,28,0,-1,30,3,2,-1,31,29,0,-1,
  32,2,27,-1,32,30,2,-1,32,27,28,-1,33,31,0,-1,34,28,29,-1,34,32,28,-1,35,33,0,-1,36,4,3,-1,
  36,5,4,-1,37,34,29,-1,37,29,31,-1,38,35,0,-1,39,5,36,-1,39,3,30,-1,39,30,32,-1,39,36,3,-1,
  40,31,33,-1,40,37,31,-1,41,38,0,-1,42,32,34,-1,42,39,32,-1,43,33,35,-1,43,40,33,-1,44,0,13,-1,
  44,41,0,-1,45,34,37,-1,45,42,34,-1,46,43,35,-1,46,35,38,-1,47,6,5,-1,47,5,39,-1,48,44,13,-1,
  49,45,37,-1,49,37,40,-1,50,46,38,-1,50,38,41,-1,51,47,39,-1,51,39,42,-1,51,6,47,-1,52,48,13,-1,
  53,40,43,-1,53,49,40,-1,54,50,41,-1,54,41,44,-1,55,42,45,-1,55,51,42,-1,56,52,13,-1,57,53,43,-1,
  57,43,46,-1,58,7,6,-1,59,54,44,-1,59,44,48,-1,60,45,49,-1,60,55,45,-1,61,56,13,-1,62,46,50,-1,
  62,57,46,-1,63,58,6,-1,63,7,58,-1,63,6,51,-1,64,48,52,-1,64,59,48,-1,65,49,53,-1,65,60,49,-1,
  66,61,13,-1,67,62,50,-1,67,50,54,-1,68,63,51,-1,68,51,55,-1,69,52,56,-1,69,64,52,-1,70,53,57,-1,
  70,65,53,-1,71,66,13,-1,72,54,59,-1,72,67,54,-1,73,55,60,-1,73,68,55,-1,74,56,61,-1,74,69,56,-1,
  75,57,62,-1,75,70,57,-1,76,8,7,-1,76,9,8,-1,76,7,63,-1,77,13,14,-1,77,71,13,-1,78,72,59,-1,
  78,59,64,-1,79,60,65,-1,79,73,60,-1,80,61,66,-1,80,74,61,-1,81,75,62,-1,81,62,67,-1,82,76,63,-1,
  82,63,68,-1,83,77,14,-1,83,15,77,-1,83,14,15,-1,84,78,64,-1,84,64,69,-1,85,79,65,-1,85,65,70,-1,
  86,80,66,-1,86,66,71,-1,87,81,67,-1,87,67,72,-1,88,82,68,-1,88,68,73,-1,89,84,69,-1,89,69,74,-1,
  90,85,70,-1,90,70,75,-1,91,10,9,-1,92,77,15,-1,92,71,77,-1,92,86,71,-1,93,87,72,-1,93,72,78,-1,
  94,73,79,-1,94,88,73,-1,95,74,80,-1,95,89,74,-1,96,90,75,-1,96,75,81,-1,97,76,82,-1,97,10,91,-1,
  97,9,76,-1,97,91,9,-1,98,92,15,-1,98,15,16,-1,99,78,84,-1,99,93,78,-1,100,94,79,-1,100,79,85,-1,
  101,95,80,-1,101,80,86,-1,102,81,87,-1,102,96,81,-1,103,97,82,-1,103,82,88,-1,104,99,84,-1,104,84,89,-1,
  105,85,90,-1,105,100,85,-1,106,86,92,-1,106,101,86,-1,107,102,87,-1,107,87,93,-1,108,88,94,-1,108,103,88,-1,
  109,89,95,-1,109,104,89,-1,110,90,96,-1,110,105,90,-1,111,11,10,-1,112,92,98,-1,112,98,16,-1,112,106,92,-1,
  113,93,99,-1,113,107,93,-1,114,108,94,-1,114,94,100,-1,115,95,101,-1,115,109,95,-1,116,96,102,-1,116,110,96,-1,
  117,12,11,-1,117,10,97,-1,117,97,103,-1,117,11,111,-1,117,111,10,-1,118,16,17,-1,118,17,18,-1,118,112,16,-1,
  118,18,112,-1,119,113,99,-1,119,99,104,-1,120,114,100,-1,120,100,105,-1,121,115,101,-1,121,101,106,-1,122,102,107,-1,
  122,116,102,-1,123,12,117,-1,123,117,103,-1,123,103,108,-1,124,119,104,-1,124,104,109,-1,125,105,110,-1,125,120,105,-1,
  126,106,112,-1,126,121,106,-1,127,107,113,-1,127,122,107,-1,128,123,108,-1,128,12,123,-1,128,108,114,-1,129,109,115,-1,
  129,124,109,-1,130,125,110,-1,130,110,116,-1,131,18,19,-1,131,19,126,-1,131,126,112,-1,131,112,18,-1,132,113,119,-1,
  132,127,113,-1,133,114,120,-1,133,12,128,-1,133,128,114,-1,134,115,121,-1,134,129,115,-1,135,116,122,-1,135,130,116,-1,
  136,119,124,-1,136,132,119,-1,137,12,133,-1,137,120,125,-1,137,133,120,-1,138,121,126,-1,138,134,121,-1,139,122,127,-1,
  139,135,122,-1,140,124,129,-1,140,136,124,-1,141,125,130,-1,141,12,137,-1,141,137,125,-1,142,126,19,-1,142,138,126,-1,
  143,139,127,-1,143,127,132,-1,144,129,134,-1,144,140,129,-1,145,130,135,-1,145,12,141,-1,145,141,130,-1,146,19,20,-1,
  146,20,142,-1,146,142,19,-1,147,132,136,-1,147,143,132,-1,148,144,134,-1,148,134,138,-1,149,145,135,-1,149,25,12,-1,
  149,135,139,-1,149,12,145,-1,150,136,140,-1,150,147,136,-1,151,148,138,-1,151,138,142,-1,152,25,149,-1,152,149,139,-1,
  152,139,143,-1,153,140,144,-1,153,150,140,-1,154,20,21,-1,154,21,22,-1,154,151,142,-1,154,142,20,-1,155,143,147,-1,
  155,152,143,-1,155,25,152,-1,156,153,144,-1,156,144,148,-1,157,147,150,-1,157,155,147,-1,157,25,155,-1,158,148,151,-1,
  158,156,148,-1,159,157,150,-1,159,150,153,-1,159,25,157,-1,160,154,22,-1,160,151,154,-1,160,158,151,-1,161,153,156,-1,
  161,25,159,-1,161,159,153,-1,162,23,160,-1,162,22,23,-1,162,160,22,-1,163,25,161,-1,163,156,158,-1,163,161,156,-1,
  164,160,23,-1,164,158,160,-1,164,24,25,-1,164,163,158,-1,164,25,163,-1,165,23,24,-1,165,164,23,-1,165,24,164,-1]
  normalPerVertex TRUE
  normal DEF NORM_15 Normal { vector [
  -0.021981502 0.11904181 -0.99264589,0.20566564 0.07163335 -0.97599708,
  0.48926792 0.15948411 -0.85742739,0.72442018 0.17410448 -0.66701052,
  0.86355026 0.075550858 -0.49857097,0.93215578 0.2092595 -0.29545909,
  0.95567918 0.29384961 -0.018157752,0.92546944 0.20849861 0.31628254,
  0.85610146 0.15095379 0.49427041,0.73674625 0.16691007 0.65524499,
  0.47745648 0.14407689 0.86676246,0.21607912 0.082130844 0.97291538,
  -0.016974704 0.12687955 0.99177288,-0.0027636606 -0.13351108 -0.99104347,
  0.20566564 -0.07163335 -0.97599708,0.48926792 -0.15948411 -0.85742739,
  0.72442018 -0.17410448 -0.66701052,0.86355026 -0.075550858 -0.49857097,
  0.93215578 -0.2092595 -0.29545909,0.95567918 -0.29384961 -0.018157752,
  0.92546944 -0.20849861 0.31628254,0.85610146 -0.15095379 0.49427041,
  0.73674625 -0.16691007 0.65524499,0.47745648 -0.14407689 0.86676246,
  0.21607912 -0.082130844 0.97291538,-0.016974704 -0.12687955 0.99177288,
  0.38203965 0.057980536 -0.9223253,0.34237251 0.19302404 -0.91952313,
  0.25369801 0.30234551 -0.91881691,0.13498989 0.37088168 -0.91881691,
  0.650471 0.23498284 -0.72226764,0 0.39468404 -0.91881691,
  0.50273505 0.39223753 -0.77032927,-0.13498989 0.37088168 -0.91881691,
  0.33063546 0.57267741 -0.75014717,-0.25369801 0.30234551 -0.91881691,
  0.84361002 0.22604462 -0.48705847,0.11482849 0.65122472 -0.75014717,
  -0.3418064 0.19734202 -0.91881691,0.78475862 0.38310261 -0.48722305,
  -0.11482849 0.65122472 -0.75014717,-0.3886879 0.068536164 -0.91881691,
  0.56039027 0.66784712 -0.48983974,-0.33063546 0.57267741 -0.75014717,
  -0.3886879 -0.068536164 -0.91881691,0.29817743 0.81923577 -0.48983974,
  -0.50656291 0.42505675 -0.75014717,0.92654436 0.33311432 -0.17478671,
  -0.3418064 -0.19734202 -0.91881691,0 0.8718125 -0.48983974,
  -0.6213914 0.22616797 -0.75014717,0.80733556 0.57639711 -0.12639488,
  -0.25369801 -0.30234551 -0.91881691,-0.29817743 0.81923577 -0.48983974,
  -0.66127091 0 -0.75014717,0.49270877 0.85339662 -0.17015367,
  -0.13498989 -0.37088168 -0.91881691,-0.56039027 0.66784712 -0.48983974,
  0.961794 0.24273242 0.12662258,-0.6213914 -0.22616797 -0.75014717,
  0.17111596 0.97044683 -0.17015367,0 -0.39468404 -0.91881691,
  -0.75501177 0.43590625 -0.48983974,0.88926308 0.43660233 0.13634365,
  -0.50656291 -0.42505675 -0.75014717,-0.17111596 0.97044683 -0.17015367,
  0.13498989 -0.37088168 -0.91881691,-0.85856771 0.15138865 -0.48983974,
  0.63341418 0.75487363 0.17015367,-0.33063546 -0.57267741 -0.75014717,
  -0.49270877 0.85339662 -0.17015367,0.25369801 -0.30234551 -0.91881691,
  -0.85856771 -0.15138865 -0.48983974,0.33703265 0.92598959 0.17015367,
  -0.11482849 -0.65122472 -0.75014717,-0.75487363 0.63341418 -0.17015367,
  0.82827688 0.28557211 0.48208503,0.34237251 -0.19302404 -0.91952313,
  -0.75501177 -0.43590625 -0.48983974,0 0.98541754 0.17015367,
  0.11482849 -0.65122472 -0.75014717,-0.92598959 0.33703265 -0.17015367,
  0.66784712 0.56039027 0.48983974,0.38203965 -0.057980536 -0.9223253,
  -0.56039027 -0.66784712 -0.48983974,-0.33703265 0.92598959 0.17015367,
  0.33063546 -0.57267741 -0.75014717,-0.98541754 0 -0.17015367,
  0.43590625 0.75501177 0.48983974,-0.29817743 -0.81923577 -0.48983974,
  -0.63341418 0.75487363 0.17015367,0.6029265 0.13812297 0.78574912,
  0.50273505 -0.39223753 -0.77032927,-0.92598959 -0.33703265 -0.17015367,
  0.15138865 0.85856771 0.48983974,0 -0.8718125 -0.48983974,
  -0.85339662 0.49270877 0.17015367,0.58823837 0.30554571 0.74874391,
  0.650471 -0.23498284 -0.72226764,-0.75487363 -0.63341418 -0.17015367,
  -0.15138865 0.85856771 0.48983974,0.29817743 -0.81923577 -0.48983974,
  -0.97044683 0.17111596 0.17015367,0.42505675 0.50656291 0.75014717,
  -0.49270877 -0.85339662 -0.17015367,-0.43590625 0.75501177 0.48983974,
  0.56039027 -0.66784712 -0.48983974,-0.97044683 -0.17111596 0.17015367,
  0.22616797 0.6213914 0.75014717,-0.17111596 -0.97044683 -0.17015367,
  -0.66784712 0.56039027 0.48983974,0.380603 0.10413129 0.91885692,
  0.78475862 -0.38310261 -0.48722305,-0.85339662 -0.49270877 0.17015367,
  0 0.66127091 0.75014717,0.17111596 -0.97044683 -0.17015367,
  -0.81923577 0.29817743 0.48983974,0.32614066 0.23051014 0.91678642,
  0.84361002 -0.22604462 -0.48705847,-0.63341418 -0.75487363 0.17015367,
  -0.22616797 0.6213914 0.75014717,0.49270877 -0.85339662 -0.17015367,
  -0.8718125 0 0.48983974,0.19734202 0.3418064 0.91881691,
  -0.33703265 -0.92598959 0.17015367,-0.42505675 0.50656291 0.75014717,
  0.80733556 -0.57639711 -0.12639488,-0.81923577 -0.29817743 0.48983974,
  0.068536164 0.3886879 0.91881691,0 -0.98541754 0.17015367,
  -0.57267741 0.33063546 0.75014717,0.92654436 -0.33311432 -0.17478671,
  -0.66784712 -0.56039027 0.48983974,-0.068536164 0.3886879 0.91881691,
  0.33703265 -0.92598959 0.17015367,-0.65122472 0.11482849 0.75014717,
  -0.43590625 -0.75501177 0.48983974,-0.19734202 0.3418064 0.91881691,
  0.63341418 -0.75487363 0.17015367,-0.65122472 -0.11482849 0.75014717,
  -0.15138865 -0.85856771 0.48983974,-0.30234551 0.25369801 0.91881691,
  0.88926308 -0.43660233 0.13634365,-0.57267741 -0.33063546 0.75014717,
  0.15138865 -0.85856771 0.48983974,-0.37088168 0.13498989 0.91881691,
  0.961794 -0.24273242 0.12662258,-0.42505675 -0.50656291 0.75014717,
  0.43590625 -0.75501177 0.48983974,-0.39468404 0 0.91881691,
  -0.22616797 -0.6213914 0.75014717,0.66784712 -0.56039027 0.48983974,
  -0.37088168 -0.13498989 0.91881691,0 -0.66127091 0.75014717,
  0.82827688 -0.28557211 0.48208503,-0.30234551 -0.25369801 0.91881691,
  0.22616797 -0.6213914 0.75014717,-0.19734202 -0.3418064 0.91881691,
  0.42505675 -0.50656291 0.75014717,-0.068536164 -0.3886879 0.91881691,
  0.58823837 -0.30554571 0.74874391,0.068536164 -0.3886879 0.91881691,
  0.6029265 -0.13812297 0.78574912,0.19734202 -0.3418064 0.91881691,
  0.32614066 -0.23051014 0.91678642,0.380603 -0.10413129 0.91885692] }
}
}
] }
DEF TXFM_19 Transform {
  center 0 0 0
  rotation 0 0 1 0
  scale 1 1 1
  scaleOrientation 0 0 1 0
  translation 0 0 0
 children [
DEF SHAPE_16 Shape {
 appearance USE APP_1
 geometry DEF FACE_16 IndexedFaceSet {
  coord DEF COORD_16 Coordinate { point [
  -0.19685039 -0.19685039 0,-0.18360375 -0.19685039 0.0017439538,
  -0.17125984 -0.19685039 0.0068569675,-0.16065989 -0.19685039 0.014990598,
  -0.15252626 -0.19685039 0.025590551,-0.14741325 -0.19685039 0.037934458,
  -0.14566929 -0.19685039 0.051181102,-0.14741325 -0.19685039 0.064427746,
  -0.15252626 -0.19685039 0.076771654,-0.16065989 -0.19685039 0.087371607,
  -0.17125984 -0.19685039 0.095505237,-0.18360375 -0.19685039 0.10061825,
  -0.19685039 -0.19685039 0.1023622,-0.19685039 -0.19685039 0,
  -0.18360375 -0.19685039 0.0017439538,-0.17125984 -0.19685039 0.0068569675,
  -0.16065989 -0.19685039 0.014990598,-0.15252626 -0.19685039 0.025590551,
  -0.14741325 -0.19685039 0.037934458,-0.14566929 -0.19685039 0.051181102,
  -0.14741325 -0.19685039 0.064427746,-0.15252626 -0.19685039 0.076771654,
  -0.16065989 -0.19685039 0.087371607,-0.17125984 -0.19685039 0.095505237,
  -0.18360375 -0.19685039 0.10061825,-0.19685039 -0.19685039 0.1023622,
  -0.17961137 -0.19381069 0.0030865981,-0.18169065 -0.18809791 0.0030865981,
  -0.18559842 -0.18344081 0.0030865981,-0.19086334 -0.1804011 0.0030865981,
  -0.16593584 -0.18559842 0.011974103,-0.19685039 -0.17934543 0.0030865981,
  -0.17164862 -0.1757036 0.011974103,-0.20283745 -0.1804011 0.0030865981,
  -0.1804011 -0.16835939 0.011974103,-0.20810237 -0.18344081 0.0030865981,
  -0.15319964 -0.18915359 0.025590551,-0.19113762 -0.16445162 0.011974103,
  -0.21201014 -0.18809791 0.0030865981,-0.15846457 -0.17468833 0.025590551,
  -0.20256317 -0.16445162 0.011974103,-0.21408942 -0.19381069 0.0030865981,
  -0.16835939 -0.16289614 0.025590551,-0.21329968 -0.16835939 0.011974103,
  -0.21408942 -0.1998901 0.0030865981,-0.18169065 -0.15519933 0.025590551,
  -0.22205217 -0.1757036 0.011974103,-0.14948655 -0.17961137 0.042293597,
  -0.21201014 -0.20560288 0.0030865981,-0.19685039 -0.15252626 0.025590551,
  -0.22776495 -0.18559842 0.011974103,-0.15823904 -0.16445162 0.042293597,
  -0.20810237 -0.21025998 0.0030865981,-0.21201014 -0.15519933 0.025590551,
  -0.22974897 -0.19685039 0.011974103,-0.17164862 -0.15319964 0.042293597,
  -0.20283745 -0.21329968 0.0030865981,-0.2253414 -0.16289614 0.025590551,
  -0.14721259 -0.18809791 0.060068608,-0.22776495 -0.20810237 0.011974103,
  -0.18809791 -0.14721259 0.042293597,-0.19685039 -0.21435536 0.0030865981,
  -0.23523622 -0.17468833 0.025590551,-0.15319964 -0.17164862 0.060068608,
  -0.22205217 -0.21799719 0.011974103,-0.20560288 -0.14721259 0.042293597,
  -0.19086334 -0.21329968 0.0030865981,-0.24050115 -0.18915359 0.025590551,
  -0.16445162 -0.15823904 0.060068608,-0.21329968 -0.2253414 0.011974103,
  -0.22205217 -0.15319964 0.042293597,-0.18559842 -0.21025998 0.0030865981,
  -0.24050115 -0.2045472 0.025590551,-0.17961137 -0.14948655 0.060068608,
  -0.20256317 -0.22924917 0.011974103,-0.23546175 -0.16445162 0.042293597,
  -0.15519933 -0.18169065 0.076771654,-0.18169065 -0.20560288 0.0030865981,
  -0.23523622 -0.21901246 0.025590551,-0.19685039 -0.14644685 0.060068608,
  -0.19113762 -0.22924917 0.011974103,-0.24421423 -0.17961137 0.042293597,
  -0.16289614 -0.16835939 0.076771654,-0.17961137 -0.1998901 0.0030865981,
  -0.2253414 -0.23080465 0.025590551,-0.21408942 -0.14948655 0.060068608,
  -0.1804011 -0.2253414 0.011974103,-0.24725394 -0.19685039 0.042293597,
  -0.17468833 -0.15846457 0.076771654,-0.21201014 -0.23850146 0.025590551,
  -0.22924917 -0.15823904 0.060068608,-0.16445162 -0.19113762 0.090388101,
  -0.17164862 -0.21799719 0.011974103,-0.24421423 -0.21408942 0.042293597,
  -0.18915359 -0.15319964 0.076771654,-0.19685039 -0.24117453 0.025590551,
  -0.24050115 -0.17164862 0.060068608,-0.16835939 -0.1804011 0.090388101,
  -0.16593584 -0.20810237 0.011974103,-0.23546175 -0.22924917 0.042293597,
  -0.2045472 -0.15319964 0.076771654,-0.18169065 -0.23850146 0.025590551,
  -0.2464882 -0.18809791 0.060068608,-0.1757036 -0.17164862 0.090388101,
  -0.22205217 -0.24050115 0.042293597,-0.21901246 -0.15846457 0.076771654,
  -0.16835939 -0.23080465 0.025590551,-0.2464882 -0.20560288 0.060068608,
  -0.18559842 -0.16593584 0.090388101,-0.20560288 -0.2464882 0.042293597,
  -0.23080465 -0.16835939 0.076771654,-0.1804011 -0.19086334 0.099275607,
  -0.15846457 -0.21901246 0.025590551,-0.24050115 -0.22205217 0.060068608,
  -0.19685039 -0.16395182 0.090388101,-0.18809791 -0.2464882 0.042293597,
  -0.23850146 -0.18169065 0.076771654,-0.18344081 -0.18559842 0.099275607,
  -0.15319964 -0.2045472 0.025590551,-0.22924917 -0.23546175 0.060068608,
  -0.20810237 -0.16593584 0.090388101,-0.17164862 -0.24050115 0.042293597,
  -0.24117453 -0.19685039 0.076771654,-0.18809791 -0.18169065 0.099275607,
  -0.21408942 -0.24421423 0.060068608,-0.21799719 -0.17164862 0.090388101,
  -0.15823904 -0.22924917 0.042293597,-0.23850146 -0.21201014 0.076771654,
  -0.19381069 -0.17961137 0.099275607,-0.19685039 -0.24725394 0.060068608,
  -0.2253414 -0.1804011 0.090388101,-0.14948655 -0.21408942 0.042293597,
  -0.23080465 -0.2253414 0.076771654,-0.1998901 -0.17961137 0.099275607,
  -0.17961137 -0.24421423 0.060068608,-0.22924917 -0.19113762 0.090388101,
  -0.21901246 -0.23523622 0.076771654,-0.20560288 -0.18169065 0.099275607,
  -0.16445162 -0.23546175 0.060068608,-0.22924917 -0.20256317 0.090388101,
  -0.2045472 -0.24050115 0.076771654,-0.21025998 -0.18559842 0.099275607,
  -0.15319964 -0.22205217 0.060068608,-0.2253414 -0.21329968 0.090388101,
  -0.18915359 -0.24050115 0.076771654,-0.21329968 -0.19086334 0.099275607,
  -0.14721259 -0.20560288 0.060068608,-0.21799719 -0.22205217 0.090388101,
  -0.17468833 -0.23523622 0.076771654,-0.21435536 -0.19685039 0.099275607,
  -0.20810237 -0.22776495 0.090388101,-0.16289614 -0.2253414 0.076771654,
  -0.21329968 -0.20283745 0.099275607,-0.19685039 -0.22974897 0.090388101,
  -0.15519933 -0.21201014 0.076771654,-0.21025998 -0.20810237 0.099275607,
  -0.18559842 -0.22776495 0.090388101,-0.20560288 -0.21201014 0.099275607,
  -0.1757036 -0.22205217 0.090388101,-0.1998901 -0.21408942 0.099275607,
  -0.16835939 -0.21329968 0.090388101,-0.19381069 -0.21408942 0.099275607,
  -0.16445162 -0.20256317 0.090388101,-0.18809791 -0.21201014 0.099275607,
  -0.18344081 -0.20810237 0.099275607,-0.1804011 -0.20283745 0.099275607] }
 coordIndex [
  26,2,1,-1,27,1,0,-1,27,26,1,-1,27,2,26,-1,28,27,0,-1,29,28,0,-1,30,3,2,-1,31,29,0,-1,
  32,2,27,-1,32,30,2,-1,32,27,28,-1,33,31,0,-1,34,28,29,-1,34,32,28,-1,35,33,0,-1,36,4,3,-1,
  36,5,4,-1,37,34,29,-1,37,29,31,-1,38,35,0,-1,39,5,36,-1,39,3,30,-1,39,30,32,-1,39,36,3,-1,
  40,31,33,-1,40,37,31,-1,41,38,0,-1,42,32,34,-1,42,39,32,-1,43,33,35,-1,43,40,33,-1,44,0,13,-1,
  44,41,0,-1,45,34,37,-1,45,42,34,-1,46,43,35,-1,46,35,38,-1,47,6,5,-1,47,5,39,-1,48,44,13,-1,
  49,45,37,-1,49,37,40,-1,50,46,38,-1,50,38,41,-1,51,47,39,-1,51,39,42,-1,51,6,47,-1,52,48,13,-1,
  53,40,43,-1,53,49,40,-1,54,50,41,-1,54,41,44,-1,55,42,45,-1,55,51,42,-1,56,52,13,-1,57,53,43,-1,
  57,43,46,-1,58,7,6,-1,59,54,44,-1,59,44,48,-1,60,45,49,-1,60,55,45,-1,61,56,13,-1,62,46,50,-1,
  62,57,46,-1,63,58,6,-1,63,7,58,-1,63,6,51,-1,64,48,52,-1,64,59,48,-1,65,49,53,-1,65,60,49,-1,
  66,61,13,-1,67,62,50,-1,67,50,54,-1,68,63,51,-1,68,51,55,-1,69,52,56,-1,69,64,52,-1,70,53,57,-1,
  70,65,53,-1,71,66,13,-1,72,54,59,-1,72,67,54,-1,73,55,60,-1,73,68,55,-1,74,56,61,-1,74,69,56,-1,
  75,57,62,-1,75,70,57,-1,76,8,7,-1,76,9,8,-1,76,7,63,-1,77,13,14,-1,77,71,13,-1,78,72,59,-1,
  78,59,64,-1,79,60,65,-1,79,73,60,-1,80,61,66,-1,80,74,61,-1,81,75,62,-1,81,62,67,-1,82,76,63,-1,
  82,63,68,-1,83,77,14,-1,83,15,77,-1,83,14,15,-1,84,78,64,-1,84,64,69,-1,85,79,65,-1,85,65,70,-1,
  86,80,66,-1,86,66,71,-1,87,81,67,-1,87,67,72,-1,88,82,68,-1,88,68,73,-1,89,84,69,-1,89,69,74,-1,
  90,85,70,-1,90,70,75,-1,91,10,9,-1,92,77,15,-1,92,71,77,-1,92,86,71,-1,93,87,72,-1,93,72,78,-1,
  94,73,79,-1,94,88,73,-1,95,74,80,-1,95,89,74,-1,96,90,75,-1,96,75,81,-1,97,76,82,-1,97,10,91,-1,
  97,9,76,-1,97,91,9,-1,98,92,15,-1,98,15,16,-1,99,78,84,-1,99,93,78,-1,100,94,79,-1,100,79,85,-1,
  101,95,80,-1,101,80,86,-1,102,81,87,-1,102,96,81,-1,103,97,82,-1,103,82,88,-1,104,99,84,-1,104,84,89,-1,
  105,85,90,-1,105,100,85,-1,106,86,92,-1,106,101,86,-1,107,102,87,-1,107,87,93,-1,108,88,94,-1,108,103,88,-1,
  109,89,95,-1,109,104,89,-1,110,90,96,-1,110,105,90,-1,111,11,10,-1,112,92,98,-1,112,98,16,-1,112,106,92,-1,
  113,93,99,-1,113,107,93,-1,114,108,94,-1,114,94,100,-1,115,95,101,-1,115,109,95,-1,116,96,102,-1,116,110,96,-1,
  117,12,11,-1,117,10,97,-1,117,97,103,-1,117,11,111,-1,117,111,10,-1,118,16,17,-1,118,17,18,-1,118,112,16,-1,
  118,18,112,-1,119,113,99,-1,119,99,104,-1,120,114,100,-1,120,100,105,-1,121,115,101,-1,121,101,106,-1,122,102,107,-1,
  122,116,102,-1,123,12,117,-1,123,117,103,-1,123,103,108,-1,124,119,104,-1,124,104,109,-1,125,105,110,-1,125,120,105,-1,
  126,106,112,-1,126,121,106,-1,127,107,113,-1,127,122,107,-1,128,123,108,-1,128,12,123,-1,128,108,114,-1,129,109,115,-1,
  129,124,109,-1,130,125,110,-1,130,110,116,-1,131,18,19,-1,131,19,126,-1,131,126,112,-1,131,112,18,-1,132,113,119,-1,
  132,127,113,-1,133,114,120,-1,133,12,128,-1,133,128,114,-1,134,115,121,-1,134,129,115,-1,135,116,122,-1,135,130,116,-1,
  136,119,124,-1,136,132,119,-1,137,12,133,-1,137,120,125,-1,137,133,120,-1,138,121,126,-1,138,134,121,-1,139,122,127,-1,
  139,135,122,-1,140,124,129,-1,140,136,124,-1,141,125,130,-1,141,12,137,-1,141,137,125,-1,142,126,19,-1,142,138,126,-1,
  143,139,127,-1,143,127,132,-1,144,129,134,-1,144,140,129,-1,145,130,135,-1,145,12,141,-1,145,141,130,-1,146,19,20,-1,
  146,20,142,-1,146,142,19,-1,147,132,136,-1,147,143,132,-1,148,144,134,-1,148,134,138,-1,149,145,135,-1,149,25,12,-1,
  149,135,139,-1,149,12,145,-1,150,136,140,-1,150,147,136,-1,151,148,138,-1,151,138,142,-1,152,25,149,-1,152,149,139,-1,
  152,139,143,-1,153,140,144,-1,153,150,140,-1,154,20,21,-1,154,21,22,-1,154,151,142,-1,154,142,20,-1,155,143,147,-1,
  155,152,143,-1,155,25,152,-1,156,153,144,-1,156,144,148,-1,157,147,150,-1,157,155,147,-1,157,25,155,-1,158,148,151,-1,
  158,156,148,-1,159,157,150,-1,159,150,153,-1,159,25,157,-1,160,154,22,-1,160,151,154,-1,160,158,151,-1,161,153,156,-1,
  161,25,159,-1,161,159,153,-1,162,23,160,-1,162,22,23,-1,162,160,22,-1,163,25,161,-1,163,156,158,-1,163,161,156,-1,
  164,160,23,-1,164,158,160,-1,164,24,25,-1,164,163,158,-1,164,25,163,-1,165,23,24,-1,165,164,23,-1,165,24,164,-1]
  normalPerVertex TRUE
  normal DEF NORM_16 Normal { vector [
  -0.021981502 0.11904181 -0.99264589,0.20566564 0.07163335 -0.97599708,
  0.48926792 0.15948411 -0.85742739,0.72442018 0.17410448 -0.66701052,
  0.86355026 0.075550858 -0.49857097,0.93215578 0.2092595 -0.29545909,
  0.95567918 0.29384961 -0.018157752,0.92546944 0.20849861 0.31628254,
  0.85610146 0.15095379 0.49427041,0.73674625 0.16691007 0.65524499,
  0.47745648 0.14407689 0.86676246,0.21607912 0.082130844 0.97291538,
  -0.016974704 0.12687955 0.99177288,-0.0027636606 -0.13351108 -0.99104347,
  0.20566564 -0.07163335 -0.97599708,0.48926792 -0.15948411 -0.85742739,
  0.72442018 -0.17410448 -0.66701052,0.86355026 -0.075550858 -0.49857097,
  0.93215578 -0.2092595 -0.29545909,0.95567918 -0.29384961 -0.018157752,
  0.92546944 -0.20849861 0.31628254,0.85610146 -0.15095379 0.49427041,
  0.73674625 -0.16691007 0.65524499,0.47745648 -0.14407689 0.86676246,
  0.21607912 -0.082130844 0.97291538,-0.016974704 -0.12687955 0.99177288,
  0.38203965 0.057980536 -0.9223253,0.34237251 0.19302404 -0.91952313,
  0.25369801 0.30234551 -0.91881691,0.13498989 0.37088168 -0.91881691,
  0.650471 0.23498284 -0.72226764,0 0.39468404 -0.91881691,
  0.50273505 0.39223753 -0.77032927,-0.13498989 0.37088168 -0.91881691,
  0.33063546 0.57267741 -0.75014717,-0.25369801 0.30234551 -0.91881691,
  0.84361002 0.22604462 -0.48705847,0.11482849 0.65122472 -0.75014717,
  -0.3418064 0.19734202 -0.91881691,0.78475862 0.38310261 -0.48722305,
  -0.11482849 0.65122472 -0.75014717,-0.3886879 0.068536164 -0.91881691,
  0.56039027 0.66784712 -0.48983974,-0.33063546 0.57267741 -0.75014717,
  -0.3886879 -0.068536164 -0.91881691,0.29817743 0.81923577 -0.48983974,
  -0.50656291 0.42505675 -0.75014717,0.92654436 0.33311432 -0.17478671,
  -0.3418064 -0.19734202 -0.91881691,0 0.8718125 -0.48983974,
  -0.6213914 0.22616797 -0.75014717,0.80733556 0.57639711 -0.12639488,
  -0.25369801 -0.30234551 -0.91881691,-0.29817743 0.81923577 -0.48983974,
  -0.66127091 0 -0.75014717,0.49270877 0.85339662 -0.17015367,
  -0.13498989 -0.37088168 -0.91881691,-0.56039027 0.66784712 -0.48983974,
  0.961794 0.24273242 0.12662258,-0.6213914 -0.22616797 -0.75014717,
  0.17111596 0.97044683 -0.17015367,0 -0.39468404 -0.91881691,
  -0.75501177 0.43590625 -0.48983974,0.88926308 0.43660233 0.13634365,
  -0.50656291 -0.42505675 -0.75014717,-0.17111596 0.97044683 -0.17015367,
  0.13498989 -0.37088168 -0.91881691,-0.85856771 0.15138865 -0.48983974,
  0.63341418 0.75487363 0.17015367,-0.33063546 -0.57267741 -0.75014717,
  -0.49270877 0.85339662 -0.17015367,0.25369801 -0.30234551 -0.91881691,
  -0.85856771 -0.15138865 -0.48983974,0.33703265 0.92598959 0.17015367,
  -0.11482849 -0.65122472 -0.75014717,-0.75487363 0.63341418 -0.17015367,
  0.82827688 0.28557211 0.48208503,0.34237251 -0.19302404 -0.91952313,
  -0.75501177 -0.43590625 -0.48983974,0 0.98541754 0.17015367,
  0.11482849 -0.65122472 -0.75014717,-0.92598959 0.33703265 -0.17015367,
  0.66784712 0.56039027 0.48983974,0.38203965 -0.057980536 -0.9223253,
  -0.56039027 -0.66784712 -0.48983974,-0.33703265 0.92598959 0.17015367,
  0.33063546 -0.57267741 -0.75014717,-0.98541754 0 -0.17015367,
  0.43590625 0.75501177 0.48983974,-0.29817743 -0.81923577 -0.48983974,
  -0.63341418 0.75487363 0.17015367,0.6029265 0.13812297 0.78574912,
  0.50273505 -0.39223753 -0.77032927,-0.92598959 -0.33703265 -0.17015367,
  0.15138865 0.85856771 0.48983974,0 -0.8718125 -0.48983974,
  -0.85339662 0.49270877 0.17015367,0.58823837 0.30554571 0.74874391,
  0.650471 -0.23498284 -0.72226764,-0.75487363 -0.63341418 -0.17015367,
  -0.15138865 0.85856771 0.48983974,0.29817743 -0.81923577 -0.48983974,
  -0.97044683 0.17111596 0.17015367,0.42505675 0.50656291 0.75014717,
  -0.49270877 -0.85339662 -0.17015367,-0.43590625 0.75501177 0.48983974,
  0.56039027 -0.66784712 -0.48983974,-0.97044683 -0.17111596 0.17015367,
  0.22616797 0.6213914 0.75014717,-0.17111596 -0.97044683 -0.17015367,
  -0.66784712 0.56039027 0.48983974,0.380603 0.10413129 0.91885692,
  0.78475862 -0.38310261 -0.48722305,-0.85339662 -0.49270877 0.17015367,
  0 0.66127091 0.75014717,0.17111596 -0.97044683 -0.17015367,
  -0.81923577 0.29817743 0.48983974,0.32614066 0.23051014 0.91678642,
  0.84361002 -0.22604462 -0.48705847,-0.63341418 -0.75487363 0.17015367,
  -0.22616797 0.6213914 0.75014717,0.49270877 -0.85339662 -0.17015367,
  -0.8718125 0 0.48983974,0.19734202 0.3418064 0.91881691,
  -0.33703265 -0.92598959 0.17015367,-0.42505675 0.50656291 0.75014717,
  0.80733556 -0.57639711 -0.12639488,-0.81923577 -0.29817743 0.48983974,
  0.068536164 0.3886879 0.91881691,0 -0.98541754 0.17015367,
  -0.57267741 0.33063546 0.75014717,0.92654436 -0.33311432 -0.17478671,
  -0.66784712 -0.56039027 0.48983974,-0.068536164 0.3886879 0.91881691,
  0.33703265 -0.92598959 0.17015367,-0.65122472 0.11482849 0.75014717,
  -0.43590625 -0.75501177 0.48983974,-0.19734202 0.3418064 0.91881691,
  0.63341418 -0.75487363 0.17015367,-0.65122472 -0.11482849 0.75014717,
  -0.15138865 -0.85856771 0.48983974,-0.30234551 0.25369801 0.91881691,
  0.88926308 -0.43660233 0.13634365,-0.57267741 -0.33063546 0.75014717,
  0.15138865 -0.85856771 0.48983974,-0.37088168 0.13498989 0.91881691,
  0.961794 -0.24273242 0.12662258,-0.42505675 -0.50656291 0.75014717,
  0.43590625 -0.75501177 0.48983974,-0.39468404 0 0.91881691,
  -0.22616797 -0.6213914 0.75014717,0.66784712 -0.56039027 0.48983974,
  -0.37088168 -0.13498989 0.91881691,0 -0.66127091 0.75014717,
  0.82827688 -0.28557211 0.48208503,-0.30234551 -0.25369801 0.91881691,
  0.22616797 -0.6213914 0.75014717,-0.19734202 -0.3418064 0.91881691,
  0.42505675 -0.50656291 0.75014717,-0.068536164 -0.3886879 0.91881691,
  0.58823837 -0.30554571 0.74874391,0.068536164 -0.3886879 0.91881691,
  0.6029265 -0.13812297 0.78574912,0.19734202 -0.3418064 0.91881691,
  0.32614066 -0.23051014 0.91678642,0.380603 -0.10413129 0.91885692] }
}
}
] }
DEF TXFM_20 Transform {
  center 0 0 0
  rotation 0 0 1 0
  scale 1 1 1
  scaleOrientation 0 0 1 0
  translation 0 0 0
 children [
DEF SHAPE_17 Shape {
 appearance USE APP_1
 geometry DEF FACE_17 IndexedFaceSet {
  coord DEF COORD_17 Coordinate { point [
  -0.19685039 -0.59055118 0,-0.18360375 -0.59055118 0.0017439538,
  -0.17125984 -0.59055118 0.0068569675,-0.16065989 -0.59055118 0.014990598,
  -0.15252626 -0.59055118 0.025590551,-0.14741325 -0.59055118 0.037934458,
  -0.14566929 -0.59055118 0.051181102,-0.14741325 -0.59055118 0.064427746,
  -0.15252626 -0.59055118 0.076771654,-0.16065989 -0.59055118 0.087371607,
  -0.17125984 -0.59055118 0.095505237,-0.18360375 -0.59055118 0.10061825,
  -0.19685039 -0.59055118 0.1023622,-0.19685039 -0.59055118 0,
  -0.18360375 -0.59055118 0.0017439538,-0.17125984 -0.59055118 0.0068569675,
  -0.16065989 -0.59055118 0.014990598,-0.15252626 -0.59055118 0.025590551,
  -0.14741325 -0.59055118 0.037934458,-0.14566929 -0.59055118 0.051181102,
  -0.14741325 -0.59055118 0.064427746,-0.15252626 -0.59055118 0.076771654,
  -0.16065989 -0.59055118 0.087371607,-0.17125984 -0.59055118 0.095505237,
  -0.18360375 -0.59055118 0.10061825,-0.19685039 -0.59055118 0.1023622,
  -0.17961137 -0.58751148 0.0030865981,-0.18169065 -0.5817987 0.0030865981,
  -0.18559842 -0.5771416 0.0030865981,-0.19086334 -0.57410189 0.0030865981,
  -0.16593584 -0.5792992 0.011974103,-0.19685039 -0.57304621 0.0030865981,
  -0.17164862 -0.56940438 0.011974103,-0.20283745 -0.57410189 0.0030865981,
  -0.1804011 -0.56206018 0.011974103,-0.20810237 -0.5771416 0.0030865981,
  -0.15319964 -0.58285438 0.025590551,-0.19113762 -0.55815241 0.011974103,
  -0.21201014 -0.5817987 0.0030865981,-0.15846457 -0.56838911 0.025590551,
  -0.20256317 -0.55815241 0.011974103,-0.21408942 -0.58751148 0.0030865981,
  -0.16835939 -0.55659692 0.025590551,-0.21329968 -0.56206018 0.011974103,
  -0.21408942 -0.59359089 0.0030865981,-0.18169065 -0.54890012 0.025590551,
  -0.22205217 -0.56940438 0.011974103,-0.14948655 -0.57331215 0.042293597,
  -0.21201014 -0.59930367 0.0030865981,-0.19685039 -0.54622705 0.025590551,
  -0.22776495 -0.5792992 0.011974103,-0.15823904 -0.55815241 0.042293597,
  -0.20810237 -0.60396076 0.0030865981,-0.21201014 -0.54890012 0.025590551,
  -0.22974897 -0.59055118 0.011974103,-0.17164862 -0.54690043 0.042293597,
  -0.20283745 -0.60700047 0.0030865981,-0.2253414 -0.55659692 0.025590551,
  -0.14721259 -0.5817987 0.060068608,-0.22776495 -0.60180316 0.011974103,
  -0.18809791 -0.54091338 0.042293597,-0.19685039 -0.60805615 0.0030865981,
  -0.23523622 -0.56838911 0.025590551,-0.15319964 -0.56534941 0.060068608,
  -0.22205217 -0.61169798 0.011974103,-0.20560288 -0.54091338 0.042293597,
  -0.19086334 -0.60700047 0.0030865981,-0.24050115 -0.58285438 0.025590551,
  -0.16445162 -0.55193982 0.060068608,-0.21329968 -0.61904219 0.011974103,
  -0.22205217 -0.54690043 0.042293597,-0.18559842 -0.60396076 0.0030865981,
  -0.24050115 -0.59824799 0.025590551,-0.17961137 -0.54318734 0.060068608,
  -0.20256317 -0.62294996 0.011974103,-0.23546175 -0.55815241 0.042293597,
  -0.15519933 -0.57539143 0.076771654,-0.18169065 -0.59930367 0.0030865981,
  -0.23523622 -0.61271325 0.025590551,-0.19685039 -0.54014763 0.060068608,
  -0.19113762 -0.62294996 0.011974103,-0.24421423 -0.57331215 0.042293597,
  -0.16289614 -0.56206018 0.076771654,-0.17961137 -0.59359089 0.0030865981,
  -0.2253414 -0.62450544 0.025590551,-0.21408942 -0.54318734 0.060068608,
  -0.1804011 -0.61904219 0.011974103,-0.24725394 -0.59055118 0.042293597,
  -0.17468833 -0.55216535 0.076771654,-0.21201014 -0.63220224 0.025590551,
  -0.22924917 -0.55193982 0.060068608,-0.16445162 -0.5848384 0.090388101,
  -0.17164862 -0.61169798 0.011974103,-0.24421423 -0.60779021 0.042293597,
  -0.18915359 -0.54690043 0.076771654,-0.19685039 -0.63487532 0.025590551,
  -0.24050115 -0.56534941 0.060068608,-0.16835939 -0.57410189 0.090388101,
  -0.16593584 -0.60180316 0.011974103,-0.23546175 -0.62294996 0.042293597,
  -0.2045472 -0.54690043 0.076771654,-0.18169065 -0.63220224 0.025590551,
  -0.2464882 -0.5817987 0.060068608,-0.1757036 -0.56534941 0.090388101,
  -0.22205217 -0.63420193 0.042293597,-0.21901246 -0.55216535 0.076771654,
  -0.16835939 -0.62450544 0.025590551,-0.2464882 -0.59930367 0.060068608,
  -0.18559842 -0.55963663 0.090388101,-0.20560288 -0.64018898 0.042293597,
  -0.23080465 -0.56206018 0.076771654,-0.1804011 -0.58456413 0.099275607,
  -0.15846457 -0.61271325 0.025590551,-0.24050115 -0.61575295 0.060068608,
  -0.19685039 -0.5576526 0.090388101,-0.18809791 -0.64018898 0.042293597,
  -0.23850146 -0.57539143 0.076771654,-0.18344081 -0.5792992 0.099275607,
  -0.15319964 -0.59824799 0.025590551,-0.22924917 -0.62916254 0.060068608,
  -0.20810237 -0.55963663 0.090388101,-0.17164862 -0.63420193 0.042293597,
  -0.24117453 -0.59055118 0.076771654,-0.18809791 -0.57539143 0.099275607,
  -0.21408942 -0.63791502 0.060068608,-0.21799719 -0.56534941 0.090388101,
  -0.15823904 -0.62294996 0.042293597,-0.23850146 -0.60571093 0.076771654,
  -0.19381069 -0.57331215 0.099275607,-0.19685039 -0.64095473 0.060068608,
  -0.2253414 -0.57410189 0.090388101,-0.14948655 -0.60779021 0.042293597,
  -0.23080465 -0.61904219 0.076771654,-0.1998901 -0.57331215 0.099275607,
  -0.17961137 -0.63791502 0.060068608,-0.22924917 -0.5848384 0.090388101,
  -0.21901246 -0.62893701 0.076771654,-0.20560288 -0.57539143 0.099275607,
  -0.16445162 -0.62916254 0.060068608,-0.22924917 -0.59626396 0.090388101,
  -0.2045472 -0.63420193 0.076771654,-0.21025998 -0.5792992 0.099275607,
  -0.15319964 -0.61575295 0.060068608,-0.2253414 -0.60700047 0.090388101,
  -0.18915359 -0.63420193 0.076771654,-0.21329968 -0.58456413 0.099275607,
  -0.14721259 -0.59930367 0.060068608,-0.21799719 -0.61575295 0.090388101,
  -0.17468833 -0.62893701 0.076771654,-0.21435536 -0.59055118 0.099275607,
  -0.20810237 -0.62146573 0.090388101,-0.16289614 -0.61904219 0.076771654,
  -0.21329968 -0.59653823 0.099275607,-0.19685039 -0.62344976 0.090388101,
  -0.15519933 -0.60571093 0.076771654,-0.21025998 -0.60180316 0.099275607,
  -0.18559842 -0.62146573 0.090388101,-0.20560288 -0.60571093 0.099275607,
  -0.1757036 -0.61575295 0.090388101,-0.1998901 -0.60779021 0.099275607,
  -0.16835939 -0.60700047 0.090388101,-0.19381069 -0.60779021 0.099275607,
  -0.16445162 -0.59626396 0.090388101,-0.18809791 -0.60571093 0.099275607,
  -0.18344081 -0.60180316 0.099275607,-0.1804011 -0.59653823 0.099275607] }
 coordIndex [
  26,2,1,-1,27,1,0,-1,27,26,1,-1,27,2,26,-1,28,27,0,-1,29,28,0,-1,30,3,2,-1,31,29,0,-1,
  32,2,27,-1,32,30,2,-1,32,27,28,-1,33,31,0,-1,34,28,29,-1,34,32,28,-1,35,33,0,-1,36,4,3,-1,
  36,5,4,-1,37,34,29,-1,37,29,31,-1,38,35,0,-1,39,5,36,-1,39,3,30,-1,39,30,32,-1,39,36,3,-1,
  40,31,33,-1,40,37,31,-1,41,38,0,-1,42,32,34,-1,42,39,32,-1,43,33,35,-1,43,40,33,-1,44,0,13,-1,
  44,41,0,-1,45,34,37,-1,45,42,34,-1,46,43,35,-1,46,35,38,-1,47,6,5,-1,47,5,39,-1,48,44,13,-1,
  49,45,37,-1,49,37,40,-1,50,46,38,-1,50,38,41,-1,51,47,39,-1,51,39,42,-1,51,6,47,-1,52,48,13,-1,
  53,40,43,-1,53,49,40,-1,54,50,41,-1,54,41,44,-1,55,42,45,-1,55,51,42,-1,56,52,13,-1,57,53,43,-1,
  57,43,46,-1,58,7,6,-1,59,54,44,-1,59,44,48,-1,60,45,49,-1,60,55,45,-1,61,56,13,-1,62,46,50,-1,
  62,57,46,-1,63,58,6,-1,63,7,58,-1,63,6,51,-1,64,48,52,-1,64,59,48,-1,65,49,53,-1,65,60,49,-1,
  66,61,13,-1,67,62,50,-1,67,50,54,-1,68,63,51,-1,68,51,55,-1,69,52,56,-1,69,64,52,-1,70,53,57,-1,
  70,65,53,-1,71,66,13,-1,72,54,59,-1,72,67,54,-1,73,55,60,-1,73,68,55,-1,74,56,61,-1,74,69,56,-1,
  75,57,62,-1,75,70,57,-1,76,8,7,-1,76,9,8,-1,76,7,63,-1,77,13,14,-1,77,71,13,-1,78,72,59,-1,
  78,59,64,-1,79,60,65,-1,79,73,60,-1,80,61,66,-1,80,74,61,-1,81,75,62,-1,81,62,67,-1,82,76,63,-1,
  82,63,68,-1,83,77,14,-1,83,15,77,-1,83,14,15,-1,84,78,64,-1,84,64,69,-1,85,79,65,-1,85,65,70,-1,
  86,80,66,-1,86,66,71,-1,87,81,67,-1,87,67,72,-1,88,82,68,-1,88,68,73,-1,89,84,69,-1,89,69,74,-1,
  90,85,70,-1,90,70,75,-1,91,10,9,-1,92,77,15,-1,92,71,77,-1,92,86,71,-1,93,87,72,-1,93,72,78,-1,
  94,73,79,-1,94,88,73,-1,95,74,80,-1,95,89,74,-1,96,90,75,-1,96,75,81,-1,97,76,82,-1,97,10,91,-1,
  97,9,76,-1,97,91,9,-1,98,92,15,-1,98,15,16,-1,99,78,84,-1,99,93,78,-1,100,94,79,-1,100,79,85,-1,
  101,95,80,-1,101,80,86,-1,102,81,87,-1,102,96,81,-1,103,97,82,-1,103,82,88,-1,104,99,84,-1,104,84,89,-1,
  105,85,90,-1,105,100,85,-1,106,86,92,-1,106,101,86,-1,107,102,87,-1,107,87,93,-1,108,88,94,-1,108,103,88,-1,
  109,89,95,-1,109,104,89,-1,110,90,96,-1,110,105,90,-1,111,11,10,-1,112,92,98,-1,112,98,16,-1,112,106,92,-1,
  113,93,99,-1,113,107,93,-1,114,108,94,-1,114,94,100,-1,115,95,101,-1,115,109,95,-1,116,96,102,-1,116,110,96,-1,
  117,12,11,-1,117,10,97,-1,117,97,103,-1,117,11,111,-1,117,111,10,-1,118,16,17,-1,118,17,18,-1,118,112,16,-1,
  118,18,112,-1,119,113,99,-1,119,99,104,-1,120,114,100,-1,120,100,105,-1,121,115,101,-1,121,101,106,-1,122,102,107,-1,
  122,116,102,-1,123,12,117,-1,123,117,103,-1,123,103,108,-1,124,119,104,-1,124,104,109,-1,125,105,110,-1,125,120,105,-1,
  126,106,112,-1,126,121,106,-1,127,107,113,-1,127,122,107,-1,128,123,108,-1,128,12,123,-1,128,108,114,-1,129,109,115,-1,
  129,124,109,-1,130,125,110,-1,130,110,116,-1,131,18,19,-1,131,19,126,-1,131,126,112,-1,131,112,18,-1,132,113,119,-1,
  132,127,113,-1,133,114,120,-1,133,12,128,-1,133,128,114,-1,134,115,121,-1,134,129,115,-1,135,116,122,-1,135,130,116,-1,
  136,119,124,-1,136,132,119,-1,137,12,133,-1,137,120,125,-1,137,133,120,-1,138,121,126,-1,138,134,121,-1,139,122,127,-1,
  139,135,122,-1,140,124,129,-1,140,136,124,-1,141,125,130,-1,141,12,137,-1,141,137,125,-1,142,126,19,-1,142,138,126,-1,
  143,139,127,-1,143,127,132,-1,144,129,134,-1,144,140,129,-1,145,130,135,-1,145,12,141,-1,145,141,130,-1,146,19,20,-1,
  146,20,142,-1,146,142,19,-1,147,132,136,-1,147,143,132,-1,148,144,134,-1,148,134,138,-1,149,145,135,-1,149,25,12,-1,
  149,135,139,-1,149,12,145,-1,150,136,140,-1,150,147,136,-1,151,148,138,-1,151,138,142,-1,152,25,149,-1,152,149,139,-1,
  152,139,143,-1,153,140,144,-1,153,150,140,-1,154,20,21,-1,154,21,22,-1,154,151,142,-1,154,142,20,-1,155,143,147,-1,
  155,152,143,-1,155,25,152,-1,156,153,144,-1,156,144,148,-1,157,147,150,-1,157,155,147,-1,157,25,155,-1,158,148,151,-1,
  158,156,148,-1,159,157,150,-1,159,150,153,-1,159,25,157,-1,160,154,22,-1,160,151,154,-1,160,158,151,-1,161,153,156,-1,
  161,25,159,-1,161,159,153,-1,162,23,160,-1,162,22,23,-1,162,160,22,-1,163,25,161,-1,163,156,158,-1,163,161,156,-1,
  164,160,23,-1,164,158,160,-1,164,24,25,-1,164,163,158,-1,164,25,163,-1,165,23,24,-1,165,164,23,-1,165,24,164,-1]
  normalPerVertex TRUE
  normal DEF NORM_17 Normal { vector [
  -0.021981502 0.11904181 -0.99264589,0.20566564 0.07163335 -0.97599708,
  0.48926792 0.15948411 -0.85742739,0.72442018 0.17410448 -0.66701052,
  0.86355026 0.075550858 -0.49857097,0.93215578 0.2092595 -0.29545909,
  0.95567918 0.29384961 -0.018157752,0.92546944 0.20849861 0.31628254,
  0.85610146 0.15095379 0.49427041,0.73674625 0.16691007 0.65524499,
  0.47745648 0.14407689 0.86676246,0.21607912 0.082130844 0.97291538,
  -0.016974704 0.12687955 0.99177288,-0.0027636606 -0.13351108 -0.99104347,
  0.20566564 -0.07163335 -0.97599708,0.48926792 -0.15948411 -0.85742739,
  0.72442018 -0.17410448 -0.66701052,0.86355026 -0.075550858 -0.49857097,
  0.93215578 -0.2092595 -0.29545909,0.95567918 -0.29384961 -0.018157752,
  0.92546944 -0.20849861 0.31628254,0.85610146 -0.15095379 0.49427041,
  0.73674625 -0.16691007 0.65524499,0.47745648 -0.14407689 0.86676246,
  0.21607912 -0.082130844 0.97291538,-0.016974704 -0.12687955 0.99177288,
  0.38203965 0.057980536 -0.9223253,0.34237251 0.19302404 -0.91952313,
  0.25369801 0.30234551 -0.91881691,0.13498989 0.37088168 -0.91881691,
  0.650471 0.23498284 -0.72226764,0 0.39468404 -0.91881691,
  0.50273505 0.39223753 -0.77032927,-0.13498989 0.37088168 -0.91881691,
  0.33063546 0.57267741 -0.75014717,-0.25369801 0.30234551 -0.91881691,
  0.84361002 0.22604462 -0.48705847,0.11482849 0.65122472 -0.75014717,
  -0.3418064 0.19734202 -0.91881691,0.78475862 0.38310261 -0.48722305,
  -0.11482849 0.65122472 -0.75014717,-0.3886879 0.068536164 -0.91881691,
  0.56039027 0.66784712 -0.48983974,-0.33063546 0.57267741 -0.75014717,
  -0.3886879 -0.068536164 -0.91881691,0.29817743 0.81923577 -0.48983974,
  -0.50656291 0.42505675 -0.75014717,0.92654436 0.33311432 -0.17478671,
  -0.3418064 -0.19734202 -0.91881691,0 0.8718125 -0.48983974,
  -0.6213914 0.22616797 -0.75014717,0.80733556 0.57639711 -0.12639488,
  -0.25369801 -0.30234551 -0.91881691,-0.29817743 0.81923577 -0.48983974,
  -0.66127091 0 -0.75014717,0.49270877 0.85339662 -0.17015367,
  -0.13498989 -0.37088168 -0.91881691,-0.56039027 0.66784712 -0.48983974,
  0.961794 0.24273242 0.12662258,-0.6213914 -0.22616797 -0.75014717,
  0.17111596 0.97044683 -0.17015367,0 -0.39468404 -0.91881691,
  -0.75501177 0.43590625 -0.48983974,0.88926308 0.43660233 0.13634365,
  -0.50656291 -0.42505675 -0.75014717,-0.17111596 0.97044683 -0.17015367,
  0.13498989 -0.37088168 -0.91881691,-0.85856771 0.15138865 -0.48983974,
  0.63341418 0.75487363 0.17015367,-0.33063546 -0.57267741 -0.75014717,
  -0.49270877 0.85339662 -0.17015367,0.25369801 -0.30234551 -0.91881691,
  -0.85856771 -0.15138865 -0.48983974,0.33703265 0.92598959 0.17015367,
  -0.11482849 -0.65122472 -0.75014717,-0.75487363 0.63341418 -0.17015367,
  0.82827688 0.28557211 0.48208503,0.34237251 -0.19302404 -0.91952313,
  -0.75501177 -0.43590625 -0.48983974,0 0.98541754 0.17015367,
  0.11482849 -0.65122472 -0.75014717,-0.92598959 0.33703265 -0.17015367,
  0.66784712 0.56039027 0.48983974,0.38203965 -0.057980536 -0.9223253,
  -0.56039027 -0.66784712 -0.48983974,-0.33703265 0.92598959 0.17015367,
  0.33063546 -0.57267741 -0.75014717,-0.98541754 0 -0.17015367,
  0.43590625 0.75501177 0.48983974,-0.29817743 -0.81923577 -0.48983974,
  -0.63341418 0.75487363 0.17015367,0.6029265 0.13812297 0.78574912,
  0.50273505 -0.39223753 -0.77032927,-0.92598959 -0.33703265 -0.17015367,
  0.15138865 0.85856771 0.48983974,0 -0.8718125 -0.48983974,
  -0.85339662 0.49270877 0.17015367,0.58823837 0.30554571 0.74874391,
  0.650471 -0.23498284 -0.72226764,-0.75487363 -0.63341418 -0.17015367,
  -0.15138865 0.85856771 0.48983974,0.29817743 -0.81923577 -0.48983974,
  -0.97044683 0.17111596 0.17015367,0.42505675 0.50656291 0.75014717,
  -0.49270877 -0.85339662 -0.17015367,-0.43590625 0.75501177 0.48983974,
  0.56039027 -0.66784712 -0.48983974,-0.97044683 -0.17111596 0.17015367,
  0.22616797 0.6213914 0.75014717,-0.17111596 -0.97044683 -0.17015367,
  -0.66784712 0.56039027 0.48983974,0.380603 0.10413129 0.91885692,
  0.78475862 -0.38310261 -0.48722305,-0.85339662 -0.49270877 0.17015367,
  0 0.66127091 0.75014717,0.17111596 -0.97044683 -0.17015367,
  -0.81923577 0.29817743 0.48983974,0.32614066 0.23051014 0.91678642,
  0.84361002 -0.22604462 -0.48705847,-0.63341418 -0.75487363 0.17015367,
  -0.22616797 0.6213914 0.75014717,0.49270877 -0.85339662 -0.17015367,
  -0.8718125 0 0.48983974,0.19734202 0.3418064 0.91881691,
  -0.33703265 -0.92598959 0.17015367,-0.42505675 0.50656291 0.75014717,
  0.80733556 -0.57639711 -0.12639488,-0.81923577 -0.29817743 0.48983974,
  0.068536164 0.3886879 0.91881691,0 -0.98541754 0.17015367,
  -0.57267741 0.33063546 0.75014717,0.92654436 -0.33311432 -0.17478671,
  -0.66784712 -0.56039027 0.48983974,-0.068536164 0.3886879 0.91881691,
  0.33703265 -0.92598959 0.17015367,-0.65122472 0.11482849 0.75014717,
  -0.43590625 -0.75501177 0.48983974,-0.19734202 0.3418064 0.91881691,
  0.63341418 -0.75487363 0.17015367,-0.65122472 -0.11482849 0.75014717,
  -0.15138865 -0.85856771 0.48983974,-0.30234551 0.25369801 0.91881691,
  0.88926308 -0.43660233 0.13634365,-0.57267741 -0.33063546 0.75014717,
  0.15138865 -0.85856771 0.48983974,-0.37088168 0.13498989 0.91881691,
  0.961794 -0.24273242 0.12662258,-0.42505675 -0.50656291 0.75014717,
  0.43590625 -0.75501177 0.48983974,-0.39468404 0 0.91881691,
  -0.22616797 -0.6213914 0.75014717,0.66784712 -0.56039027 0.48983974,
  -0.37088168 -0.13498989 0.91881691,0 -0.66127091 0.75014717,
  0.82827688 -0.28557211 0.48208503,-0.30234551 -0.25369801 0.91881691,
  0.22616797 -0.6213914 0.75014717,-0.19734202 -0.3418064 0.91881691,
  0.42505675 -0.50656291 0.75014717,-0.068536164 -0.3886879 0.91881691,
  0.58823837 -0.30554571 0.74874391,0.068536164 -0.3886879 0.91881691,
  0.6029265 -0.13812297 0.78574912,0.19734202 -0.3418064 0.91881691,
  0.32614066 -0.23051014 0.91678642,0.380603 -0.10413129 0.91885692] }
}
}
] }
DEF TXFM_21 Transform {
  center 0 0 0
  rotation 0 0 1 0
  scale 1 1 1
  scaleOrientation 0 0 1 0
  translation 0 0 0
 children [
DEF SHAPE_18 Shape {
 appearance USE APP_1
 geometry DEF FACE_18 IndexedFaceSet {
  coord DEF COORD_18 Coordinate { point [
  -0.19685039 -0.98425197 0,-0.18360375 -0.98425197 0.0017439538,
  -0.17125984 -0.98425197 0.0068569675,-0.16065989 -0.98425197 0.014990598,
  -0.15252626 -0.98425197 0.025590551,-0.14741325 -0.98425197 0.037934458,
  -0.14566929 -0.98425197 0.051181102,-0.14741325 -0.98425197 0.064427746,
  -0.15252626 -0.98425197 0.076771654,-0.16065989 -0.98425197 0.087371607,
  -0.17125984 -0.98425197 0.095505237,-0.18360375 -0.98425197 0.10061825,
  -0.19685039 -0.98425197 0.1023622,-0.19685039 -0.98425197 0,
  -0.18360375 -0.98425197 0.0017439538,-0.17125984 -0.98425197 0.0068569675,
  -0.16065989 -0.98425197 0.014990598,-0.15252626 -0.98425197 0.025590551,
  -0.14741325 -0.98425197 0.037934458,-0.14566929 -0.98425197 0.051181102,
  -0.14741325 -0.98425197 0.064427746,-0.15252626 -0.98425197 0.076771654,
  -0.16065989 -0.98425197 0.087371607,-0.17125984 -0.98425197 0.095505237,
  -0.18360375 -0.98425197 0.10061825,-0.19685039 -0.98425197 0.1023622,
  -0.17961137 -0.98121226 0.0030865981,-0.18169065 -0.97549948 0.0030865981,
  -0.18559842 -0.97084239 0.0030865981,-0.19086334 -0.96780268 0.0030865981,
  -0.16593584 -0.97299999 0.011974103,-0.19685039 -0.966747 0.0030865981,
  -0.17164862 -0.96310517 0.011974103,-0.20283745 -0.96780268 0.0030865981,
  -0.1804011 -0.95576096 0.011974103,-0.20810237 -0.97084239 0.0030865981,
  -0.15319964 -0.97655516 0.025590551,-0.19113762 -0.95185319 0.011974103,
  -0.21201014 -0.97549948 0.0030865981,-0.15846457 -0.9620899 0.025590551,
  -0.20256317 -0.95185319 0.011974103,-0.21408942 -0.98121226 0.0030865981,
  -0.16835939 -0.95029771 0.025590551,-0.21329968 -0.95576096 0.011974103,
  -0.21408942 -0.98729167 0.0030865981,-0.18169065 -0.94260091 0.025590551,
  -0.22205217 -0.96310517 0.011974103,-0.14948655 -0.96701294 0.042293597,
  -0.21201014 -0.99300445 0.0030865981,-0.19685039 -0.93992783 0.025590551,
  -0.22776495 -0.97299999 0.011974103,-0.15823904 -0.95185319 0.042293597,
  -0.20810237 -0.99766155 0.0030865981,-0.21201014 -0.94260091 0.025590551,
  -0.22974897 -0.98425197 0.011974103,-0.17164862 -0.94060122 0.042293597,
  -0.20283745 -1.0007013 0.0030865981,-0.2253414 -0.95029771 0.025590551,
  -0.14721259 -0.97549948 0.060068608,-0.22776495 -0.99550395 0.011974103,
  -0.18809791 -0.93461417 0.042293597,-0.19685039 -1.0017569 0.0030865981,
  -0.23523622 -0.9620899 0.025590551,-0.15319964 -0.9590502 0.060068608,
  -0.22205217 -1.0053988 0.011974103,-0.20560288 -0.93461417 0.042293597,
  -0.19086334 -1.0007013 0.0030865981,-0.24050115 -0.97655516 0.025590551,
  -0.16445162 -0.94564061 0.060068608,-0.21329968 -1.012743 0.011974103,
  -0.22205217 -0.94060122 0.042293597,-0.18559842 -0.99766155 0.0030865981,
  -0.24050115 -0.99194877 0.025590551,-0.17961137 -0.93688813 0.060068608,
  -0.20256317 -1.0166507 0.011974103,-0.23546175 -0.95185319 0.042293597,
  -0.15519933 -0.96909222 0.076771654,-0.18169065 -0.99300445 0.0030865981,
  -0.23523622 -1.006414 0.025590551,-0.19685039 -0.93384842 0.060068608,
  -0.19113762 -1.0166507 0.011974103,-0.24421423 -0.96701294 0.042293597,
  -0.16289614 -0.95576096 0.076771654,-0.17961137 -0.98729167 0.0030865981,
  -0.2253414 -1.0182062 0.025590551,-0.21408942 -0.93688813 0.060068608,
  -0.1804011 -1.012743 0.011974103,-0.24725394 -0.98425197 0.042293597,
  -0.17468833 -0.94586614 0.076771654,-0.21201014 -1.025903 0.025590551,
  -0.22924917 -0.94564061 0.060068608,-0.16445162 -0.97853919 0.090388101,
  -0.17164862 -1.0053988 0.011974103,-0.24421423 -1.001491 0.042293597,
  -0.18915359 -0.94060122 0.076771654,-0.19685039 -1.0285761 0.025590551,
  -0.24050115 -0.9590502 0.060068608,-0.16835939 -0.96780268 0.090388101,
  -0.16593584 -0.99550395 0.011974103,-0.23546175 -1.0166507 0.042293597,
  -0.2045472 -0.94060122 0.076771654,-0.18169065 -1.025903 0.025590551,
  -0.2464882 -0.97549948 0.060068608,-0.1757036 -0.9590502 0.090388101,
  -0.22205217 -1.0279027 0.042293597,-0.21901246 -0.94586614 0.076771654,
  -0.16835939 -1.0182062 0.025590551,-0.2464882 -0.99300445 0.060068608,
  -0.18559842 -0.95333742 0.090388101,-0.20560288 -1.0338898 0.042293597,
  -0.23080465 -0.95576096 0.076771654,-0.1804011 -0.97826492 0.099275607,
  -0.15846457 -1.006414 0.025590551,-0.24050115 -1.0094537 0.060068608,
  -0.19685039 -0.95135339 0.090388101,-0.18809791 -1.0338898 0.042293597,
  -0.23850146 -0.96909222 0.076771654,-0.18344081 -0.97299999 0.099275607,
  -0.15319964 -0.99194877 0.025590551,-0.22924917 -1.0228633 0.060068608,
  -0.20810237 -0.95333742 0.090388101,-0.17164862 -1.0279027 0.042293597,
  -0.24117453 -0.98425197 0.076771654,-0.18809791 -0.96909222 0.099275607,
  -0.21408942 -1.0316158 0.060068608,-0.21799719 -0.9590502 0.090388101,
  -0.15823904 -1.0166507 0.042293597,-0.23850146 -0.99941172 0.076771654,
  -0.19381069 -0.96701294 0.099275607,-0.19685039 -1.0346555 0.060068608,
  -0.2253414 -0.96780268 0.090388101,-0.14948655 -1.001491 0.042293597,
  -0.23080465 -1.012743 0.076771654,-0.1998901 -0.96701294 0.099275607,
  -0.17961137 -1.0316158 0.060068608,-0.22924917 -0.97853919 0.090388101,
  -0.21901246 -1.0226378 0.076771654,-0.20560288 -0.96909222 0.099275607,
  -0.16445162 -1.0228633 0.060068608,-0.22924917 -0.98996475 0.090388101,
  -0.2045472 -1.0279027 0.076771654,-0.21025998 -0.97299999 0.099275607,
  -0.15319964 -1.0094537 0.060068608,-0.2253414 -1.0007013 0.090388101,
  -0.18915359 -1.0279027 0.076771654,-0.21329968 -0.97826492 0.099275607,
  -0.14721259 -0.99300445 0.060068608,-0.21799719 -1.0094537 0.090388101,
  -0.17468833 -1.0226378 0.076771654,-0.21435536 -0.98425197 0.099275607,
  -0.20810237 -1.0151665 0.090388101,-0.16289614 -1.012743 0.076771654,
  -0.21329968 -0.99023902 0.099275607,-0.19685039 -1.0171505 0.090388101,
  -0.15519933 -0.99941172 0.076771654,-0.21025998 -0.99550395 0.099275607,
  -0.18559842 -1.0151665 0.090388101,-0.20560288 -0.99941172 0.099275607,
  -0.1757036 -1.0094537 0.090388101,-0.1998901 -1.001491 0.099275607,
  -0.16835939 -1.0007013 0.090388101,-0.19381069 -1.001491 0.099275607,
  -0.16445162 -0.98996475 0.090388101,-0.18809791 -0.99941172 0.099275607,
  -0.18344081 -0.99550395 0.099275607,-0.1804011 -0.99023902 0.099275607] }
 coordIndex [
  26,2,1,-1,27,1,0,-1,27,26,1,-1,27,2,26,-1,28,27,0,-1,29,28,0,-1,30,3,2,-1,31,29,0,-1,
  32,2,27,-1,32,30,2,-1,32,27,28,-1,33,31,0,-1,34,28,29,-1,34,32,28,-1,35,33,0,-1,36,4,3,-1,
  36,5,4,-1,37,34,29,-1,37,29,31,-1,38,35,0,-1,39,5,36,-1,39,3,30,-1,39,30,32,-1,39,36,3,-1,
  40,31,33,-1,40,37,31,-1,41,38,0,-1,42,32,34,-1,42,39,32,-1,43,33,35,-1,43,40,33,-1,44,0,13,-1,
  44,41,0,-1,45,34,37,-1,45,42,34,-1,46,43,35,-1,46,35,38,-1,47,6,5,-1,47,5,39,-1,48,44,13,-1,
  49,45,37,-1,49,37,40,-1,50,46,38,-1,50,38,41,-1,51,47,39,-1,51,39,42,-1,51,6,47,-1,52,48,13,-1,
  53,40,43,-1,53,49,40,-1,54,50,41,-1,54,41,44,-1,55,42,45,-1,55,51,42,-1,56,52,13,-1,57,53,43,-1,
  57,43,46,-1,58,7,6,-1,59,54,44,-1,59,44,48,-1,60,45,49,-1,60,55,45,-1,61,56,13,-1,62,46,50,-1,
  62,57,46,-1,63,58,6,-1,63,7,58,-1,63,6,51,-1,64,48,52,-1,64,59,48,-1,65,49,53,-1,65,60,49,-1,
  66,61,13,-1,67,62,50,-1,67,50,54,-1,68,63,51,-1,68,51,55,-1,69,52,56,-1,69,64,52,-1,70,53,57,-1,
  70,65,53,-1,71,66,13,-1,72,54,59,-1,72,67,54,-1,73,55,60,-1,73,68,55,-1,74,56,61,-1,74,69,56,-1,
  75,57,62,-1,75,70,57,-1,76,8,7,-1,76,9,8,-1,76,7,63,-1,77,13,14,-1,77,71,13,-1,78,72,59,-1,
  78,59,64,-1,79,60,65,-1,79,73,60,-1,80,61,66,-1,80,74,61,-1,81,75,62,-1,81,62,67,-1,82,76,63,-1,
  82,63,68,-1,83,77,14,-1,83,15,77,-1,83,14,15,-1,84,78,64,-1,84,64,69,-1,85,79,65,-1,85,65,70,-1,
  86,80,66,-1,86,66,71,-1,87,81,67,-1,87,67,72,-1,88,82,68,-1,88,68,73,-1,89,84,69,-1,89,69,74,-1,
  90,85,70,-1,90,70,75,-1,91,10,9,-1,92,77,15,-1,92,71,77,-1,92,86,71,-1,93,87,72,-1,93,72,78,-1,
  94,73,79,-1,94,88,73,-1,95,74,80,-1,95,89,74,-1,96,90,75,-1,96,75,81,-1,97,76,82,-1,97,10,91,-1,
  97,9,76,-1,97,91,9,-1,98,92,15,-1,98,15,16,-1,99,78,84,-1,99,93,78,-1,100,94,79,-1,100,79,85,-1,
  101,95,80,-1,101,80,86,-1,102,81,87,-1,102,96,81,-1,103,97,82,-1,103,82,88,-1,104,99,84,-1,104,84,89,-1,
  105,85,90,-1,105,100,85,-1,106,86,92,-1,106,101,86,-1,107,102,87,-1,107,87,93,-1,108,88,94,-1,108,103,88,-1,
  109,89,95,-1,109,104,89,-1,110,90,96,-1,110,105,90,-1,111,11,10,-1,112,92,98,-1,112,98,16,-1,112,106,92,-1,
  113,93,99,-1,113,107,93,-1,114,108,94,-1,114,94,100,-1,115,95,101,-1,115,109,95,-1,116,96,102,-1,116,110,96,-1,
  117,12,11,-1,117,10,97,-1,117,97,103,-1,117,11,111,-1,117,111,10,-1,118,16,17,-1,118,17,18,-1,118,112,16,-1,
  118,18,112,-1,119,113,99,-1,119,99,104,-1,120,114,100,-1,120,100,105,-1,121,115,101,-1,121,101,106,-1,122,102,107,-1,
  122,116,102,-1,123,12,117,-1,123,117,103,-1,123,103,108,-1,124,119,104,-1,124,104,109,-1,125,105,110,-1,125,120,105,-1,
  126,106,112,-1,126,121,106,-1,127,107,113,-1,127,122,107,-1,128,123,108,-1,128,12,123,-1,128,108,114,-1,129,109,115,-1,
  129,124,109,-1,130,125,110,-1,130,110,116,-1,131,18,19,-1,131,19,126,-1,131,126,112,-1,131,112,18,-1,132,113,119,-1,
  132,127,113,-1,133,114,120,-1,133,12,128,-1,133,128,114,-1,134,115,121,-1,134,129,115,-1,135,116,122,-1,135,130,116,-1,
  136,119,124,-1,136,132,119,-1,137,12,133,-1,137,120,125,-1,137,133,120,-1,138,121,126,-1,138,134,121,-1,139,122,127,-1,
  139,135,122,-1,140,124,129,-1,140,136,124,-1,141,125,130,-1,141,12,137,-1,141,137,125,-1,142,126,19,-1,142,138,126,-1,
  143,139,127,-1,143,127,132,-1,144,129,134,-1,144,140,129,-1,145,130,135,-1,145,12,141,-1,145,141,130,-1,146,19,20,-1,
  146,20,142,-1,146,142,19,-1,147,132,136,-1,147,143,132,-1,148,144,134,-1,148,134,138,-1,149,145,135,-1,149,25,12,-1,
  149,135,139,-1,149,12,145,-1,150,136,140,-1,150,147,136,-1,151,148,138,-1,151,138,142,-1,152,25,149,-1,152,149,139,-1,
  152,139,143,-1,153,140,144,-1,153,150,140,-1,154,20,21,-1,154,21,22,-1,154,151,142,-1,154,142,20,-1,155,143,147,-1,
  155,152,143,-1,155,25,152,-1,156,153,144,-1,156,144,148,-1,157,147,150,-1,157,155,147,-1,157,25,155,-1,158,148,151,-1,
  158,156,148,-1,159,157,150,-1,159,150,153,-1,159,25,157,-1,160,154,22,-1,160,151,154,-1,160,158,151,-1,161,153,156,-1,
  161,25,159,-1,161,159,153,-1,162,23,160,-1,162,22,23,-1,162,160,22,-1,163,25,161,-1,163,156,158,-1,163,161,156,-1,
  164,160,23,-1,164,158,160,-1,164,24,25,-1,164,163,158,-1,164,25,163,-1,165,23,24,-1,165,164,23,-1,165,24,164,-1]
  normalPerVertex TRUE
  normal DEF NORM_18 Normal { vector [
  -0.021981502 0.11904181 -0.99264589,0.20566564 0.07163335 -0.97599708,
  0.48926792 0.15948411 -0.85742739,0.72442018 0.17410448 -0.66701052,
  0.86355026 0.075550858 -0.49857097,0.93215578 0.2092595 -0.29545909,
  0.95567918 0.29384961 -0.018157752,0.92546944 0.20849861 0.31628254,
  0.85610146 0.15095379 0.49427041,0.73674625 0.16691007 0.65524499,
  0.47745648 0.14407689 0.86676246,0.21607912 0.082130844 0.97291538,
  -0.016974704 0.12687955 0.99177288,-0.0027636606 -0.13351108 -0.99104347,
  0.20566564 -0.07163335 -0.97599708,0.48926792 -0.15948411 -0.85742739,
  0.72442018 -0.17410448 -0.66701052,0.86355026 -0.075550858 -0.49857097,
  0.93215578 -0.2092595 -0.29545909,0.95567918 -0.29384961 -0.018157752,
  0.92546944 -0.20849861 0.31628254,0.85610146 -0.15095379 0.49427041,
  0.73674625 -0.16691007 0.65524499,0.47745648 -0.14407689 0.86676246,
  0.21607912 -0.082130844 0.97291538,-0.016974704 -0.12687955 0.99177288,
  0.38203965 0.057980536 -0.9223253,0.34237251 0.19302404 -0.91952313,
  0.25369801 0.30234551 -0.91881691,0.13498989 0.37088168 -0.91881691,
  0.650471 0.23498284 -0.72226764,0 0.39468404 -0.91881691,
  0.50273505 0.39223753 -0.77032927,-0.13498989 0.37088168 -0.91881691,
  0.33063546 0.57267741 -0.75014717,-0.25369801 0.30234551 -0.91881691,
  0.84361002 0.22604462 -0.48705847,0.11482849 0.65122472 -0.75014717,
  -0.3418064 0.19734202 -0.91881691,0.78475862 0.38310261 -0.48722305,
  -0.11482849 0.65122472 -0.75014717,-0.3886879 0.068536164 -0.91881691,
  0.56039027 0.66784712 -0.48983974,-0.33063546 0.57267741 -0.75014717,
  -0.3886879 -0.068536164 -0.91881691,0.29817743 0.81923577 -0.48983974,
  -0.50656291 0.42505675 -0.75014717,0.92654436 0.33311432 -0.17478671,
  -0.3418064 -0.19734202 -0.91881691,0 0.8718125 -0.48983974,
  -0.6213914 0.22616797 -0.75014717,0.80733556 0.57639711 -0.12639488,
  -0.25369801 -0.30234551 -0.91881691,-0.29817743 0.81923577 -0.48983974,
  -0.66127091 0 -0.75014717,0.49270877 0.85339662 -0.17015367,
  -0.13498989 -0.37088168 -0.91881691,-0.56039027 0.66784712 -0.48983974,
  0.961794 0.24273242 0.12662258,-0.6213914 -0.22616797 -0.75014717,
  0.17111596 0.97044683 -0.17015367,0 -0.39468404 -0.91881691,
  -0.75501177 0.43590625 -0.48983974,0.88926308 0.43660233 0.13634365,
  -0.50656291 -0.42505675 -0.75014717,-0.17111596 0.97044683 -0.17015367,
  0.13498989 -0.37088168 -0.91881691,-0.85856771 0.15138865 -0.48983974,
  0.63341418 0.75487363 0.17015367,-0.33063546 -0.57267741 -0.75014717,
  -0.49270877 0.85339662 -0.17015367,0.25369801 -0.30234551 -0.91881691,
  -0.85856771 -0.15138865 -0.48983974,0.33703265 0.92598959 0.17015367,
  -0.11482849 -0.65122472 -0.75014717,-0.75487363 0.63341418 -0.17015367,
  0.82827688 0.28557211 0.48208503,0.34237251 -0.19302404 -0.91952313,
  -0.75501177 -0.43590625 -0.48983974,0 0.98541754 0.17015367,
  0.11482849 -0.65122472 -0.75014717,-0.92598959 0.33703265 -0.17015367,
  0.66784712 0.56039027 0.48983974,0.38203965 -0.057980536 -0.9223253,
  -0.56039027 -0.66784712 -0.48983974,-0.33703265 0.92598959 0.17015367,
  0.33063546 -0.57267741 -0.75014717,-0.98541754 0 -0.17015367,
  0.43590625 0.75501177 0.48983974,-0.29817743 -0.81923577 -0.48983974,
  -0.63341418 0.75487363 0.17015367,0.6029265 0.13812297 0.78574912,
  0.50273505 -0.39223753 -0.77032927,-0.92598959 -0.33703265 -0.17015367,
  0.15138865 0.85856771 0.48983974,0 -0.8718125 -0.48983974,
  -0.85339662 0.49270877 0.17015367,0.58823837 0.30554571 0.74874391,
  0.650471 -0.23498284 -0.72226764,-0.75487363 -0.63341418 -0.17015367,
  -0.15138865 0.85856771 0.48983974,0.29817743 -0.81923577 -0.48983974,
  -0.97044683 0.17111596 0.17015367,0.42505675 0.50656291 0.75014717,
  -0.49270877 -0.85339662 -0.17015367,-0.43590625 0.75501177 0.48983974,
  0.56039027 -0.66784712 -0.48983974,-0.97044683 -0.17111596 0.17015367,
  0.22616797 0.6213914 0.75014717,-0.17111596 -0.97044683 -0.17015367,
  -0.66784712 0.56039027 0.48983974,0.380603 0.10413129 0.91885692,
  0.78475862 -0.38310261 -0.48722305,-0.85339662 -0.49270877 0.17015367,
  0 0.66127091 0.75014717,0.17111596 -0.97044683 -0.17015367,
  -0.81923577 0.29817743 0.48983974,0.32614066 0.23051014 0.91678642,
  0.84361002 -0.22604462 -0.48705847,-0.63341418 -0.75487363 0.17015367,
  -0.22616797 0.6213914 0.75014717,0.49270877 -0.85339662 -0.17015367,
  -0.8718125 0 0.48983974,0.19734202 0.3418064 0.91881691,
  -0.33703265 -0.92598959 0.17015367,-0.42505675 0.50656291 0.75014717,
  0.80733556 -0.57639711 -0.12639488,-0.81923577 -0.29817743 0.48983974,
  0.068536164 0.3886879 0.91881691,0 -0.98541754 0.17015367,
  -0.57267741 0.33063546 0.75014717,0.92654436 -0.33311432 -0.17478671,
  -0.66784712 -0.56039027 0.48983974,-0.068536164 0.3886879 0.91881691,
  0.33703265 -0.92598959 0.17015367,-0.65122472 0.11482849 0.75014717,
  -0.43590625 -0.75501177 0.48983974,-0.19734202 0.3418064 0.91881691,
  0.63341418 -0.75487363 0.17015367,-0.65122472 -0.11482849 0.75014717,
  -0.15138865 -0.85856771 0.48983974,-0.30234551 0.25369801 0.91881691,
  0.88926308 -0.43660233 0.13634365,-0.57267741 -0.33063546 0.75014717,
  0.15138865 -0.85856771 0.48983974,-0.37088168 0.13498989 0.91881691,
  0.961794 -0.24273242 0.12662258,-0.42505675 -0.50656291 0.75014717,
  0.43590625 -0.75501177 0.48983974,-0.39468404 0 0.91881691,
  -0.22616797 -0.6213914 0.75014717,0.66784712 -0.56039027 0.48983974,
  -0.37088168 -0.13498989 0.91881691,0 -0.66127091 0.75014717,
  0.82827688 -0.28557211 0.48208503,-0.30234551 -0.25369801 0.91881691,
  0.22616797 -0.6213914 0.75014717,-0.19734202 -0.3418064 0.91881691,
  0.42505675 -0.50656291 0.75014717,-0.068536164 -0.3886879 0.91881691,
  0.58823837 -0.30554571 0.74874391,0.068536164 -0.3886879 0.91881691,
  0.6029265 -0.13812297 0.78574912,0.19734202 -0.3418064 0.91881691,
  0.32614066 -0.23051014 0.91678642,0.380603 -0.10413129 0.91885692] }
}
}
] }
DEF TXFM_22 Transform {
  center 0 0 0
  rotation 0 0 1 0
  scale 1 1 1
  scaleOrientation 0 0 1 0
  translation 0 0 0
 children [
DEF SHAPE_19 Shape {
 appearance USE APP_1
 geometry DEF FACE_19 IndexedFaceSet {
  coord DEF COORD_19 Coordinate { point [
  0.19685039 0.98425197 0,0.21009704 0.98425197 0.0017439538,
  0.22244094 0.98425197 0.0068569675,0.2330409 0.98425197 0.014990598,
  0.24117453 0.98425197 0.025590551,0.24628754 0.98425197 0.037934458,
  0.2480315 0.98425197 0.051181102,0.24628754 0.98425197 0.064427746,
  0.24117453 0.98425197 0.076771654,0.2330409 0.98425197 0.087371607,
  0.22244094 0.98425197 0.095505237,0.21009704 0.98425197 0.10061825,
  0.19685039 0.98425197 0.1023622,0.19685039 0.98425197 0,
  0.21009704 0.98425197 0.0017439538,0.22244094 0.98425197 0.0068569675,
  0.2330409 0.98425197 0.014990598,0.24117453 0.98425197 0.025590551,
  0.24628754 0.98425197 0.037934458,0.2480315 0.98425197 0.051181102,
  0.24628754 0.98425197 0.064427746,0.24117453 0.98425197 0.076771654,
  0.2330409 0.98425197 0.087371607,0.22244094 0.98425197 0.095505237,
  0.21009704 0.98425197 0.10061825,0.19685039 0.98425197 0.1023622,
  0.21408942 0.98729167 0.0030865981,0.21201014 0.99300445 0.0030865981,
  0.20810237 0.99766155 0.0030865981,0.20283745 1.0007013 0.0030865981,
  0.22776495 0.99550395 0.011974103,0.19685039 1.0017569 0.0030865981,
  0.22205217 1.0053988 0.011974103,0.19086334 1.0007013 0.0030865981,
  0.21329968 1.012743 0.011974103,0.18559842 0.99766155 0.0030865981,
  0.24050115 0.99194877 0.025590551,0.20256317 1.0166507 0.011974103,
  0.18169065 0.99300445 0.0030865981,0.23523622 1.006414 0.025590551,
  0.19113762 1.0166507 0.011974103,0.17961137 0.98729167 0.0030865981,
  0.2253414 1.0182062 0.025590551,0.1804011 1.012743 0.011974103,
  0.17961137 0.98121226 0.0030865981,0.21201014 1.025903 0.025590551,
  0.17164862 1.0053988 0.011974103,0.24421423 1.001491 0.042293597,
  0.18169065 0.97549948 0.0030865981,0.19685039 1.0285761 0.025590551,
  0.16593584 0.99550395 0.011974103,0.23546175 1.0166507 0.042293597,
  0.18559842 0.97084239 0.0030865981,0.18169065 1.025903 0.025590551,
  0.16395182 0.98425197 0.011974103,0.22205217 1.0279027 0.042293597,
  0.19086334 0.96780268 0.0030865981,0.16835939 1.0182062 0.025590551,
  0.2464882 0.99300445 0.060068608,0.16593584 0.97299999 0.011974103,
  0.20560288 1.0338898 0.042293597,0.19685039 0.966747 0.0030865981,
  0.15846457 1.006414 0.025590551,0.24050115 1.0094537 0.060068608,
  0.17164862 0.96310517 0.011974103,0.18809791 1.0338898 0.042293597,
  0.20283745 0.96780268 0.0030865981,0.15319964 0.99194877 0.025590551,
  0.22924917 1.0228633 0.060068608,0.1804011 0.95576096 0.011974103,
  0.17164862 1.0279027 0.042293597,0.20810237 0.97084239 0.0030865981,
  0.15319964 0.97655516 0.025590551,0.21408942 1.0316158 0.060068608,
  0.19113762 0.95185319 0.011974103,0.15823904 1.0166507 0.042293597,
  0.23850146 0.99941172 0.076771654,0.21201014 0.97549948 0.0030865981,
  0.15846457 0.9620899 0.025590551,0.19685039 1.0346555 0.060068608,
  0.20256317 0.95185319 0.011974103,0.14948655 1.001491 0.042293597,
  0.23080465 1.012743 0.076771654,0.21408942 0.98121226 0.0030865981,
  0.16835939 0.95029771 0.025590551,0.17961137 1.0316158 0.060068608,
  0.21329968 0.95576096 0.011974103,0.14644685 0.98425197 0.042293597,
  0.21901246 1.0226378 0.076771654,0.18169065 0.94260091 0.025590551,
  0.16445162 1.0228633 0.060068608,0.22924917 0.98996475 0.090388101,
  0.22205217 0.96310517 0.011974103,0.14948655 0.96701294 0.042293597,
  0.2045472 1.0279027 0.076771654,0.19685039 0.93992783 0.025590551,
  0.15319964 1.0094537 0.060068608,0.2253414 1.0007013 0.090388101,
  0.22776495 0.97299999 0.011974103,0.15823904 0.95185319 0.042293597,
  0.18915359 1.0279027 0.076771654,0.21201014 0.94260091 0.025590551,
  0.14721259 0.99300445 0.060068608,0.21799719 1.0094537 0.090388101,
  0.17164862 0.94060122 0.042293597,0.17468833 1.0226378 0.076771654,
  0.2253414 0.95029771 0.025590551,0.14721259 0.97549948 0.060068608,
  0.20810237 1.0151665 0.090388101,0.18809791 0.93461417 0.042293597,
  0.16289614 1.012743 0.076771654,0.21329968 0.99023902 0.099275607,
  0.23523622 0.9620899 0.025590551,0.15319964 0.9590502 0.060068608,
  0.19685039 1.0171505 0.090388101,0.20560288 0.93461417 0.042293597,
  0.15519933 0.99941172 0.076771654,0.21025998 0.99550395 0.099275607,
  0.24050115 0.97655516 0.025590551,0.16445162 0.94564061 0.060068608,
  0.18559842 1.0151665 0.090388101,0.22205217 0.94060122 0.042293597,
  0.15252626 0.98425197 0.076771654,0.20560288 0.99941172 0.099275607,
  0.17961137 0.93688813 0.060068608,0.1757036 1.0094537 0.090388101,
  0.23546175 0.95185319 0.042293597,0.15519933 0.96909222 0.076771654,
  0.1998901 1.001491 0.099275607,0.19685039 0.93384842 0.060068608,
  0.16835939 1.0007013 0.090388101,0.24421423 0.96701294 0.042293597,
  0.16289614 0.95576096 0.076771654,0.19381069 1.001491 0.099275607,
  0.21408942 0.93688813 0.060068608,0.16445162 0.98996475 0.090388101,
  0.17468833 0.94586614 0.076771654,0.18809791 0.99941172 0.099275607,
  0.22924917 0.94564061 0.060068608,0.16445162 0.97853919 0.090388101,
  0.18915359 0.94060122 0.076771654,0.18344081 0.99550395 0.099275607,
  0.24050115 0.9590502 0.060068608,0.16835939 0.96780268 0.090388101,
  0.2045472 0.94060122 0.076771654,0.1804011 0.99023902 0.099275607,
  0.2464882 0.97549948 0.060068608,0.1757036 0.9590502 0.090388101,
  0.21901246 0.94586614 0.076771654,0.17934543 0.98425197 0.099275607,
  0.18559842 0.95333742 0.090388101,0.23080465 0.95576096 0.076771654,
  0.1804011 0.97826492 0.099275607,0.19685039 0.95135339 0.090388101,
  0.23850146 0.96909222 0.076771654,0.18344081 0.97299999 0.099275607,
  0.20810237 0.95333742 0.090388101,0.18809791 0.96909222 0.099275607,
  0.21799719 0.9590502 0.090388101,0.19381069 0.96701294 0.099275607,
  0.2253414 0.96780268 0.090388101,0.1998901 0.96701294 0.099275607,
  0.22924917 0.97853919 0.090388101,0.20560288 0.96909222 0.099275607,
  0.21025998 0.97299999 0.099275607,0.21329968 0.97826492 0.099275607] }
 coordIndex [
  26,2,1,-1,27,1,0,-1,27,26,1,-1,27,2,26,-1,28,27,0,-1,29,28,0,-1,30,3,2,-1,31,29,0,-1,
  32,2,27,-1,32,30,2,-1,32,27,28,-1,33,31,0,-1,34,28,29,-1,34,32,28,-1,35,33,0,-1,36,4,3,-1,
  36,5,4,-1,37,34,29,-1,37,29,31,-1,38,35,0,-1,39,5,36,-1,39,3,30,-1,39,30,32,-1,39,36,3,-1,
  40,31,33,-1,40,37,31,-1,41,38,0,-1,42,32,34,-1,42,39,32,-1,43,33,35,-1,43,40,33,-1,44,0,13,-1,
  44,41,0,-1,45,34,37,-1,45,42,34,-1,46,43,35,-1,46,35,38,-1,47,6,5,-1,47,5,39,-1,48,44,13,-1,
  49,45,37,-1,49,37,40,-1,50,46,38,-1,50,38,41,-1,51,47,39,-1,51,39,42,-1,51,6,47,-1,52,48,13,-1,
  53,40,43,-1,53,49,40,-1,54,50,41,-1,54,41,44,-1,55,42,45,-1,55,51,42,-1,56,52,13,-1,57,53,43,-1,
  57,43,46,-1,58,7,6,-1,59,54,44,-1,59,44,48,-1,60,45,49,-1,60,55,45,-1,61,56,13,-1,62,46,50,-1,
  62,57,46,-1,63,58,6,-1,63,7,58,-1,63,6,51,-1,64,48,52,-1,64,59,48,-1,65,49,53,-1,65,60,49,-1,
  66,61,13,-1,67,62,50,-1,67,50,54,-1,68,63,51,-1,68,51,55,-1,69,52,56,-1,69,64,52,-1,70,53,57,-1,
  70,65,53,-1,71,66,13,-1,72,54,59,-1,72,67,54,-1,73,55,60,-1,73,68,55,-1,74,56,61,-1,74,69,56,-1,
  75,57,62,-1,75,70,57,-1,76,8,7,-1,76,9,8,-1,76,7,63,-1,77,13,14,-1,77,71,13,-1,78,72,59,-1,
  78,59,64,-1,79,60,65,-1,79,73,60,-1,80,61,66,-1,80,74,61,-1,81,75,62,-1,81,62,67,-1,82,76,63,-1,
  82,63,68,-1,83,77,14,-1,83,15,77,-1,83,14,15,-1,84,78,64,-1,84,64,69,-1,85,79,65,-1,85,65,70,-1,
  86,80,66,-1,86,66,71,-1,87,81,67,-1,87,67,72,-1,88,82,68,-1,88,68,73,-1,89,84,69,-1,89,69,74,-1,
  90,85,70,-1,90,70,75,-1,91,10,9,-1,92,77,15,-1,92,71,77,-1,92,86,71,-1,93,87,72,-1,93,72,78,-1,
  94,73,79,-1,94,88,73,-1,95,74,80,-1,95,89,74,-1,96,90,75,-1,96,75,81,-1,97,76,82,-1,97,10,91,-1,
  97,9,76,-1,97,91,9,-1,98,92,15,-1,98,15,16,-1,99,78,84,-1,99,93,78,-1,100,94,79,-1,100,79,85,-1,
  101,95,80,-1,101,80,86,-1,102,81,87,-1,102,96,81,-1,103,97,82,-1,103,82,88,-1,104,99,84,-1,104,84,89,-1,
  105,85,90,-1,105,100,85,-1,106,86,92,-1,106,101,86,-1,107,102,87,-1,107,87,93,-1,108,88,94,-1,108,103,88,-1,
  109,89,95,-1,109,104,89,-1,110,90,96,-1,110,105,90,-1,111,11,10,-1,112,92,98,-1,112,98,16,-1,112,106,92,-1,
  113,93,99,-1,113,107,93,-1,114,108,94,-1,114,94,100,-1,115,95,101,-1,115,109,95,-1,116,96,102,-1,116,110,96,-1,
  117,12,11,-1,117,10,97,-1,117,97,103,-1,117,11,111,-1,117,111,10,-1,118,16,17,-1,118,17,18,-1,118,112,16,-1,
  118,18,112,-1,119,113,99,-1,119,99,104,-1,120,114,100,-1,120,100,105,-1,121,115,101,-1,121,101,106,-1,122,102,107,-1,
  122,116,102,-1,123,12,117,-1,123,117,103,-1,123,103,108,-1,124,119,104,-1,124,104,109,-1,125,105,110,-1,125,120,105,-1,
  126,106,112,-1,126,121,106,-1,127,107,113,-1,127,122,107,-1,128,123,108,-1,128,12,123,-1,128,108,114,-1,129,109,115,-1,
  129,124,109,-1,130,125,110,-1,130,110,116,-1,131,18,19,-1,131,19,126,-1,131,126,112,-1,131,112,18,-1,132,113,119,-1,
  132,127,113,-1,133,114,120,-1,133,12,128,-1,133,128,114,-1,134,115,121,-1,134,129,115,-1,135,116,122,-1,135,130,116,-1,
  136,119,124,-1,136,132,119,-1,137,12,133,-1,137,120,125,-1,137,133,120,-1,138,121,126,-1,138,134,121,-1,139,122,127,-1,
  139,135,122,-1,140,124,129,-1,140,136,124,-1,141,125,130,-1,141,12,137,-1,141,137,125,-1,142,126,19,-1,142,138,126,-1,
  143,139,127,-1,143,127,132,-1,144,129,134,-1,144,140,129,-1,145,130,135,-1,145,12,141,-1,145,141,130,-1,146,19,20,-1,
  146,20,142,-1,146,142,19,-1,147,132,136,-1,147,143,132,-1,148,144,134,-1,148,134,138,-1,149,145,135,-1,149,25,12,-1,
  149,135,139,-1,149,12,145,-1,150,136,140,-1,150,147,136,-1,151,148,138,-1,151,138,142,-1,152,25,149,-1,152,149,139,-1,
  152,139,143,-1,153,140,144,-1,153,150,140,-1,154,20,21,-1,154,21,22,-1,154,151,142,-1,154,142,20,-1,155,143,147,-1,
  155,152,143,-1,155,25,152,-1,156,153,144,-1,156,144,148,-1,157,147,150,-1,157,155,147,-1,157,25,155,-1,158,148,151,-1,
  158,156,148,-1,159,157,150,-1,159,150,153,-1,159,25,157,-1,160,154,22,-1,160,151,154,-1,160,158,151,-1,161,153,156,-1,
  161,25,159,-1,161,159,153,-1,162,23,160,-1,162,22,23,-1,162,160,22,-1,163,25,161,-1,163,156,158,-1,163,161,156,-1,
  164,160,23,-1,164,158,160,-1,164,24,25,-1,164,163,158,-1,164,25,163,-1,165,23,24,-1,165,164,23,-1,165,24,164,-1]
  normalPerVertex TRUE
  normal DEF NORM_19 Normal { vector [
  -0.021981502 0.11904181 -0.99264589,0.20566564 0.07163335 -0.97599708,
  0.48926792 0.15948411 -0.85742739,0.72442018 0.17410448 -0.66701052,
  0.86355026 0.075550858 -0.49857097,0.93215578 0.2092595 -0.29545909,
  0.95567918 0.29384961 -0.018157752,0.92546944 0.20849861 0.31628254,
  0.85610146 0.15095379 0.49427041,0.73674625 0.16691007 0.65524499,
  0.47745648 0.14407689 0.86676246,0.21607912 0.082130844 0.97291538,
  -0.016974704 0.12687955 0.99177288,-0.0027636606 -0.13351108 -0.99104347,
  0.20566564 -0.07163335 -0.97599708,0.48926792 -0.15948411 -0.85742739,
  0.72442018 -0.17410448 -0.66701052,0.86355026 -0.075550858 -0.49857097,
  0.93215578 -0.2092595 -0.29545909,0.95567918 -0.29384961 -0.018157752,
  0.92546944 -0.20849861 0.31628254,0.85610146 -0.15095379 0.49427041,
  0.73674625 -0.16691007 0.65524499,0.47745648 -0.14407689 0.86676246,
  0.21607912 -0.082130844 0.97291538,-0.016974704 -0.12687955 0.99177288,
  0.38203965 0.057980536 -0.9223253,0.34237251 0.19302404 -0.91952313,
  0.25369801 0.30234551 -0.91881691,0.13498989 0.37088168 -0.91881691,
  0.650471 0.23498284 -0.72226764,0 0.39468404 -0.91881691,
  0.50273505 0.39223753 -0.77032927,-0.13498989 0.37088168 -0.91881691,
  0.33063546 0.57267741 -0.75014717,-0.25369801 0.30234551 -0.91881691,
  0.84361002 0.22604462 -0.48705847,0.11482849 0.65122472 -0.75014717,
  -0.3418064 0.19734202 -0.91881691,0.78475862 0.38310261 -0.48722305,
  -0.11482849 0.65122472 -0.75014717,-0.3886879 0.068536164 -0.91881691,
  0.56039027 0.66784712 -0.48983974,-0.33063546 0.57267741 -0.75014717,
  -0.3886879 -0.068536164 -0.91881691,0.29817743 0.81923577 -0.48983974,
  -0.50656291 0.42505675 -0.75014717,0.92654436 0.33311432 -0.17478671,
  -0.3418064 -0.19734202 -0.91881691,0 0.8718125 -0.48983974,
  -0.6213914 0.22616797 -0.75014717,0.80733556 0.57639711 -0.12639488,
  -0.25369801 -0.30234551 -0.91881691,-0.29817743 0.81923577 -0.48983974,
  -0.66127091 0 -0.75014717,0.49270877 0.85339662 -0.17015367,
  -0.13498989 -0.37088168 -0.91881691,-0.56039027 0.66784712 -0.48983974,
  0.961794 0.24273242 0.12662258,-0.6213914 -0.22616797 -0.75014717,
  0.17111596 0.97044683 -0.17015367,0 -0.39468404 -0.91881691,
  -0.75501177 0.43590625 -0.48983974,0.88926308 0.43660233 0.13634365,
  -0.50656291 -0.42505675 -0.75014717,-0.17111596 0.97044683 -0.17015367,
  0.13498989 -0.37088168 -0.91881691,-0.85856771 0.15138865 -0.48983974,
  0.63341418 0.75487363 0.17015367,-0.33063546 -0.57267741 -0.75014717,
  -0.49270877 0.85339662 -0.17015367,0.25369801 -0.30234551 -0.91881691,
  -0.85856771 -0.15138865 -0.48983974,0.33703265 0.92598959 0.17015367,
  -0.11482849 -0.65122472 -0.75014717,-0.75487363 0.63341418 -0.17015367,
  0.82827688 0.28557211 0.48208503,0.34237251 -0.19302404 -0.91952313,
  -0.75501177 -0.43590625 -0.48983974,0 0.98541754 0.17015367,
  0.11482849 -0.65122472 -0.75014717,-0.92598959 0.33703265 -0.17015367,
  0.66784712 0.56039027 0.48983974,0.38203965 -0.057980536 -0.9223253,
  -0.56039027 -0.66784712 -0.48983974,-0.33703265 0.92598959 0.17015367,
  0.33063546 -0.57267741 -0.75014717,-0.98541754 0 -0.17015367,
  0.43590625 0.75501177 0.48983974,-0.29817743 -0.81923577 -0.48983974,
  -0.63341418 0.75487363 0.17015367,0.6029265 0.13812297 0.78574912,
  0.50273505 -0.39223753 -0.77032927,-0.92598959 -0.33703265 -0.17015367,
  0.15138865 0.85856771 0.48983974,0 -0.8718125 -0.48983974,
  -0.85339662 0.49270877 0.17015367,0.58823837 0.30554571 0.74874391,
  0.650471 -0.23498284 -0.72226764,-0.75487363 -0.63341418 -0.17015367,
  -0.15138865 0.85856771 0.48983974,0.29817743 -0.81923577 -0.48983974,
  -0.97044683 0.17111596 0.17015367,0.42505675 0.50656291 0.75014717,
  -0.49270877 -0.85339662 -0.17015367,-0.43590625 0.75501177 0.48983974,
  0.56039027 -0.66784712 -0.48983974,-0.97044683 -0.17111596 0.17015367,
  0.22616797 0.6213914 0.75014717,-0.17111596 -0.97044683 -0.17015367,
  -0.66784712 0.56039027 0.48983974,0.380603 0.10413129 0.91885692,
  0.78475862 -0.38310261 -0.48722305,-0.85339662 -0.49270877 0.17015367,
  0 0.66127091 0.75014717,0.17111596 -0.97044683 -0.17015367,
  -0.81923577 0.29817743 0.48983974,0.32614066 0.23051014 0.91678642,
  0.84361002 -0.22604462 -0.48705847,-0.63341418 -0.75487363 0.17015367,
  -0.22616797 0.6213914 0.75014717,0.49270877 -0.85339662 -0.17015367,
  -0.8718125 0 0.48983974,0.19734202 0.3418064 0.91881691,
  -0.33703265 -0.92598959 0.17015367,-0.42505675 0.50656291 0.75014717,
  0.80733556 -0.57639711 -0.12639488,-0.81923577 -0.29817743 0.48983974,
  0.068536164 0.3886879 0.91881691,0 -0.98541754 0.17015367,
  -0.57267741 0.33063546 0.75014717,0.92654436 -0.33311432 -0.17478671,
  -0.66784712 -0.56039027 0.48983974,-0.068536164 0.3886879 0.91881691,
  0.33703265 -0.92598959 0.17015367,-0.65122472 0.11482849 0.75014717,
  -0.43590625 -0.75501177 0.48983974,-0.19734202 0.3418064 0.91881691,
  0.63341418 -0.75487363 0.17015367,-0.65122472 -0.11482849 0.75014717,
  -0.15138865 -0.85856771 0.48983974,-0.30234551 0.25369801 0.91881691,
  0.88926308 -0.43660233 0.13634365,-0.57267741 -0.33063546 0.75014717,
  0.15138865 -0.85856771 0.48983974,-0.37088168 0.13498989 0.91881691,
  0.961794 -0.24273242 0.12662258,-0.42505675 -0.50656291 0.75014717,
  0.43590625 -0.75501177 0.48983974,-0.39468404 0 0.91881691,
  -0.22616797 -0.6213914 0.75014717,0.66784712 -0.56039027 0.48983974,
  -0.37088168 -0.13498989 0.91881691,0 -0.66127091 0.75014717,
  0.82827688 -0.28557211 0.48208503,-0.30234551 -0.25369801 0.91881691,
  0.22616797 -0.6213914 0.75014717,-0.19734202 -0.3418064 0.91881691,
  0.42505675 -0.50656291 0.75014717,-0.068536164 -0.3886879 0.91881691,
  0.58823837 -0.30554571 0.74874391,0.068536164 -0.3886879 0.91881691,
  0.6029265 -0.13812297 0.78574912,0.19734202 -0.3418064 0.91881691,
  0.32614066 -0.23051014 0.91678642,0.380603 -0.10413129 0.91885692] }
}
}
] }
DEF TXFM_23 Transform {
  center 0 0 0
  rotation 0 0 1 0
  scale 1 1 1
  scaleOrientation 0 0 1 0
  translation 0 0 0
 children [
DEF SHAPE_20 Shape {
 appearance USE APP_1
 geometry DEF FACE_20 IndexedFaceSet {
  coord DEF COORD_20 Coordinate { point [
  0.19685039 0.59055118 0,0.21009704 0.59055118 0.0017439538,
  0.22244094 0.59055118 0.0068569675,0.2330409 0.59055118 0.014990598,
  0.24117453 0.59055118 0.025590551,0.24628754 0.59055118 0.037934458,
  0.2480315 0.59055118 0.051181102,0.24628754 0.59055118 0.064427746,
  0.24117453 0.59055118 0.076771654,0.2330409 0.59055118 0.087371607,
  0.22244094 0.59055118 0.095505237,0.21009704 0.59055118 0.10061825,
  0.19685039 0.59055118 0.1023622,0.19685039 0.59055118 0,
  0.21009704 0.59055118 0.0017439538,0.22244094 0.59055118 0.0068569675,
  0.2330409 0.59055118 0.014990598,0.24117453 0.59055118 0.025590551,
  0.24628754 0.59055118 0.037934458,0.2480315 0.59055118 0.051181102,
  0.24628754 0.59055118 0.064427746,0.24117453 0.59055118 0.076771654,
  0.2330409 0.59055118 0.087371607,0.22244094 0.59055118 0.095505237,
  0.21009704 0.59055118 0.10061825,0.19685039 0.59055118 0.1023622,
  0.21408942 0.59359089 0.0030865981,0.21201014 0.59930367 0.0030865981,
  0.20810237 0.60396076 0.0030865981,0.20283745 0.60700047 0.0030865981,
  0.22776495 0.60180316 0.011974103,0.19685039 0.60805615 0.0030865981,
  0.22205217 0.61169798 0.011974103,0.19086334 0.60700047 0.0030865981,
  0.21329968 0.61904219 0.011974103,0.18559842 0.60396076 0.0030865981,
  0.24050115 0.59824799 0.025590551,0.20256317 0.62294996 0.011974103,
  0.18169065 0.59930367 0.0030865981,0.23523622 0.61271325 0.025590551,
  0.19113762 0.62294996 0.011974103,0.17961137 0.59359089 0.0030865981,
  0.2253414 0.62450544 0.025590551,0.1804011 0.61904219 0.011974103,
  0.17961137 0.58751148 0.0030865981,0.21201014 0.63220224 0.025590551,
  0.17164862 0.61169798 0.011974103,0.24421423 0.60779021 0.042293597,
  0.18169065 0.5817987 0.0030865981,0.19685039 0.63487532 0.025590551,
  0.16593584 0.60180316 0.011974103,0.23546175 0.62294996 0.042293597,
  0.18559842 0.5771416 0.0030865981,0.18169065 0.63220224 0.025590551,
  0.16395182 0.59055118 0.011974103,0.22205217 0.63420193 0.042293597,
  0.19086334 0.57410189 0.0030865981,0.16835939 0.62450544 0.025590551,
  0.2464882 0.59930367 0.060068608,0.16593584 0.5792992 0.011974103,
  0.20560288 0.64018898 0.042293597,0.19685039 0.57304621 0.0030865981,
  0.15846457 0.61271325 0.025590551,0.24050115 0.61575295 0.060068608,
  0.17164862 0.56940438 0.011974103,0.18809791 0.64018898 0.042293597,
  0.20283745 0.57410189 0.0030865981,0.15319964 0.59824799 0.025590551,
  0.22924917 0.62916254 0.060068608,0.1804011 0.56206018 0.011974103,
  0.17164862 0.63420193 0.042293597,0.20810237 0.5771416 0.0030865981,
  0.15319964 0.58285438 0.025590551,0.21408942 0.63791502 0.060068608,
  0.19113762 0.55815241 0.011974103,0.15823904 0.62294996 0.042293597,
  0.23850146 0.60571093 0.076771654,0.21201014 0.5817987 0.0030865981,
  0.15846457 0.56838911 0.025590551,0.19685039 0.64095473 0.060068608,
  0.20256317 0.55815241 0.011974103,0.14948655 0.60779021 0.042293597,
  0.23080465 0.61904219 0.076771654,0.21408942 0.58751148 0.0030865981,
  0.16835939 0.55659692 0.025590551,0.17961137 0.63791502 0.060068608,
  0.21329968 0.56206018 0.011974103,0.14644685 0.59055118 0.042293597,
  0.21901246 0.62893701 0.076771654,0.18169065 0.54890012 0.025590551,
  0.16445162 0.62916254 0.060068608,0.22924917 0.59626396 0.090388101,
  0.22205217 0.56940438 0.011974103,0.14948655 0.57331215 0.042293597,
  0.2045472 0.63420193 0.076771654,0.19685039 0.54622705 0.025590551,
  0.15319964 0.61575295 0.060068608,0.2253414 0.60700047 0.090388101,
  0.22776495 0.5792992 0.011974103,0.15823904 0.55815241 0.042293597,
  0.18915359 0.63420193 0.076771654,0.21201014 0.54890012 0.025590551,
  0.14721259 0.59930367 0.060068608,0.21799719 0.61575295 0.090388101,
  0.17164862 0.54690043 0.042293597,0.17468833 0.62893701 0.076771654,
  0.2253414 0.55659692 0.025590551,0.14721259 0.5817987 0.060068608,
  0.20810237 0.62146573 0.090388101,0.18809791 0.54091338 0.042293597,
  0.16289614 0.61904219 0.076771654,0.21329968 0.59653823 0.099275607,
  0.23523622 0.56838911 0.025590551,0.15319964 0.56534941 0.060068608,
  0.19685039 0.62344976 0.090388101,0.20560288 0.54091338 0.042293597,
  0.15519933 0.60571093 0.076771654,0.21025998 0.60180316 0.099275607,
  0.24050115 0.58285438 0.025590551,0.16445162 0.55193982 0.060068608,
  0.18559842 0.62146573 0.090388101,0.22205217 0.54690043 0.042293597,
  0.15252626 0.59055118 0.076771654,0.20560288 0.60571093 0.099275607,
  0.17961137 0.54318734 0.060068608,0.1757036 0.61575295 0.090388101,
  0.23546175 0.55815241 0.042293597,0.15519933 0.57539143 0.076771654,
  0.1998901 0.60779021 0.099275607,0.19685039 0.54014763 0.060068608,
  0.16835939 0.60700047 0.090388101,0.24421423 0.57331215 0.042293597,
  0.16289614 0.56206018 0.076771654,0.19381069 0.60779021 0.099275607,
  0.21408942 0.54318734 0.060068608,0.16445162 0.59626396 0.090388101,
  0.17468833 0.55216535 0.076771654,0.18809791 0.60571093 0.099275607,
  0.22924917 0.55193982 0.060068608,0.16445162 0.5848384 0.090388101,
  0.18915359 0.54690043 0.076771654,0.18344081 0.60180316 0.099275607,
  0.24050115 0.56534941 0.060068608,0.16835939 0.57410189 0.090388101,
  0.2045472 0.54690043 0.076771654,0.1804011 0.59653823 0.099275607,
  0.2464882 0.5817987 0.060068608,0.1757036 0.56534941 0.090388101,
  0.21901246 0.55216535 0.076771654,0.17934543 0.59055118 0.099275607,
  0.18559842 0.55963663 0.090388101,0.23080465 0.56206018 0.076771654,
  0.1804011 0.58456413 0.099275607,0.19685039 0.5576526 0.090388101,
  0.23850146 0.57539143 0.076771654,0.18344081 0.5792992 0.099275607,
  0.20810237 0.55963663 0.090388101,0.18809791 0.57539143 0.099275607,
  0.21799719 0.56534941 0.090388101,0.19381069 0.57331215 0.099275607,
  0.2253414 0.57410189 0.090388101,0.1998901 0.57331215 0.099275607,
  0.22924917 0.5848384 0.090388101,0.20560288 0.57539143 0.099275607,
  0.21025998 0.5792992 0.099275607,0.21329968 0.58456413 0.099275607] }
 coordIndex [
  26,2,1,-1,27,1,0,-1,27,26,1,-1,27,2,26,-1,28,27,0,-1,29,28,0,-1,30,3,2,-1,31,29,0,-1,
  32,2,27,-1,32,30,2,-1,32,27,28,-1,33,31,0,-1,34,28,29,-1,34,32,28,-1,35,33,0,-1,36,4,3,-1,
  36,5,4,-1,37,34,29,-1,37,29,31,-1,38,35,0,-1,39,5,36,-1,39,3,30,-1,39,30,32,-1,39,36,3,-1,
  40,31,33,-1,40,37,31,-1,41,38,0,-1,42,32,34,-1,42,39,32,-1,43,33,35,-1,43,40,33,-1,44,0,13,-1,
  44,41,0,-1,45,34,37,-1,45,42,34,-1,46,43,35,-1,46,35,38,-1,47,6,5,-1,47,5,39,-1,48,44,13,-1,
  49,45,37,-1,49,37,40,-1,50,46,38,-1,50,38,41,-1,51,47,39,-1,51,39,42,-1,51,6,47,-1,52,48,13,-1,
  53,40,43,-1,53,49,40,-1,54,50,41,-1,54,41,44,-1,55,42,45,-1,55,51,42,-1,56,52,13,-1,57,53,43,-1,
  57,43,46,-1,58,7,6,-1,59,54,44,-1,59,44,48,-1,60,45,49,-1,60,55,45,-1,61,56,13,-1,62,46,50,-1,
  62,57,46,-1,63,58,6,-1,63,7,58,-1,63,6,51,-1,64,48,52,-1,64,59,48,-1,65,49,53,-1,65,60,49,-1,
  66,61,13,-1,67,62,50,-1,67,50,54,-1,68,63,51,-1,68,51,55,-1,69,52,56,-1,69,64,52,-1,70,53,57,-1,
  70,65,53,-1,71,66,13,-1,72,54,59,-1,72,67,54,-1,73,55,60,-1,73,68,55,-1,74,56,61,-1,74,69,56,-1,
  75,57,62,-1,75,70,57,-1,76,8,7,-1,76,9,8,-1,76,7,63,-1,77,13,14,-1,77,71,13,-1,78,72,59,-1,
  78,59,64,-1,79,60,65,-1,79,73,60,-1,80,61,66,-1,80,74,61,-1,81,75,62,-1,81,62,67,-1,82,76,63,-1,
  82,63,68,-1,83,77,14,-1,83,15,77,-1,83,14,15,-1,84,78,64,-1,84,64,69,-1,85,79,65,-1,85,65,70,-1,
  86,80,66,-1,86,66,71,-1,87,81,67,-1,87,67,72,-1,88,82,68,-1,88,68,73,-1,89,84,69,-1,89,69,74,-1,
  90,85,70,-1,90,70,75,-1,91,10,9,-1,92,77,15,-1,92,71,77,-1,92,86,71,-1,93,87,72,-1,93,72,78,-1,
  94,73,79,-1,94,88,73,-1,95,74,80,-1,95,89,74,-1,96,90,75,-1,96,75,81,-1,97,76,82,-1,97,10,91,-1,
  97,9,76,-1,97,91,9,-1,98,92,15,-1,98,15,16,-1,99,78,84,-1,99,93,78,-1,100,94,79,-1,100,79,85,-1,
  101,95,80,-1,101,80,86,-1,102,81,87,-1,102,96,81,-1,103,97,82,-1,103,82,88,-1,104,99,84,-1,104,84,89,-1,
  105,85,90,-1,105,100,85,-1,106,86,92,-1,106,101,86,-1,107,102,87,-1,107,87,93,-1,108,88,94,-1,108,103,88,-1,
  109,89,95,-1,109,104,89,-1,110,90,96,-1,110,105,90,-1,111,11,10,-1,112,92,98,-1,112,98,16,-1,112,106,92,-1,
  113,93,99,-1,113,107,93,-1,114,108,94,-1,114,94,100,-1,115,95,101,-1,115,109,95,-1,116,96,102,-1,116,110,96,-1,
  117,12,11,-1,117,10,97,-1,117,97,103,-1,117,11,111,-1,117,111,10,-1,118,16,17,-1,118,17,18,-1,118,112,16,-1,
  118,18,112,-1,119,113,99,-1,119,99,104,-1,120,114,100,-1,120,100,105,-1,121,115,101,-1,121,101,106,-1,122,102,107,-1,
  122,116,102,-1,123,12,117,-1,123,117,103,-1,123,103,108,-1,124,119,104,-1,124,104,109,-1,125,105,110,-1,125,120,105,-1,
  126,106,112,-1,126,121,106,-1,127,107,113,-1,127,122,107,-1,128,123,108,-1,128,12,123,-1,128,108,114,-1,129,109,115,-1,
  129,124,109,-1,130,125,110,-1,130,110,116,-1,131,18,19,-1,131,19,126,-1,131,126,112,-1,131,112,18,-1,132,113,119,-1,
  132,127,113,-1,133,114,120,-1,133,12,128,-1,133,128,114,-1,134,115,121,-1,134,129,115,-1,135,116,122,-1,135,130,116,-1,
  136,119,124,-1,136,132,119,-1,137,12,133,-1,137,120,125,-1,137,133,120,-1,138,121,126,-1,138,134,121,-1,139,122,127,-1,
  139,135,122,-1,140,124,129,-1,140,136,124,-1,141,125,130,-1,141,12,137,-1,141,137,125,-1,142,126,19,-1,142,138,126,-1,
  143,139,127,-1,143,127,132,-1,144,129,134,-1,144,140,129,-1,145,130,135,-1,145,12,141,-1,145,141,130,-1,146,19,20,-1,
  146,20,142,-1,146,142,19,-1,147,132,136,-1,147,143,132,-1,148,144,134,-1,148,134,138,-1,149,145,135,-1,149,25,12,-1,
  149,135,139,-1,149,12,145,-1,150,136,140,-1,150,147,136,-1,151,148,138,-1,151,138,142,-1,152,25,149,-1,152,149,139,-1,
  152,139,143,-1,153,140,144,-1,153,150,140,-1,154,20,21,-1,154,21,22,-1,154,151,142,-1,154,142,20,-1,155,143,147,-1,
  155,152,143,-1,155,25,152,-1,156,153,144,-1,156,144,148,-1,157,147,150,-1,157,155,147,-1,157,25,155,-1,158,148,151,-1,
  158,156,148,-1,159,157,150,-1,159,150,153,-1,159,25,157,-1,160,154,22,-1,160,151,154,-1,160,158,151,-1,161,153,156,-1,
  161,25,159,-1,161,159,153,-1,162,23,160,-1,162,22,23,-1,162,160,22,-1,163,25,161,-1,163,156,158,-1,163,161,156,-1,
  164,160,23,-1,164,158,160,-1,164,24,25,-1,164,163,158,-1,164,25,163,-1,165,23,24,-1,165,164,23,-1,165,24,164,-1]
  normalPerVertex TRUE
  normal DEF NORM_20 Normal { vector [
  -0.021981502 0.11904181 -0.99264589,0.20566564 0.07163335 -0.97599708,
  0.48926792 0.15948411 -0.85742739,0.72442018 0.17410448 -0.66701052,
  0.86355026 0.075550858 -0.49857097,0.93215578 0.2092595 -0.29545909,
  0.95567918 0.29384961 -0.018157752,0.92546944 0.20849861 0.31628254,
  0.85610146 0.15095379 0.49427041,0.73674625 0.16691007 0.65524499,
  0.47745648 0.14407689 0.86676246,0.21607912 0.082130844 0.97291538,
  -0.016974704 0.12687955 0.99177288,-0.0027636606 -0.13351108 -0.99104347,
  0.20566564 -0.07163335 -0.97599708,0.48926792 -0.15948411 -0.85742739,
  0.72442018 -0.17410448 -0.66701052,0.86355026 -0.075550858 -0.49857097,
  0.93215578 -0.2092595 -0.29545909,0.95567918 -0.29384961 -0.018157752,
  0.92546944 -0.20849861 0.31628254,0.85610146 -0.15095379 0.49427041,
  0.73674625 -0.16691007 0.65524499,0.47745648 -0.14407689 0.86676246,
  0.21607912 -0.082130844 0.97291538,-0.016974704 -0.12687955 0.99177288,
  0.38203965 0.057980536 -0.9223253,0.34237251 0.19302404 -0.91952313,
  0.25369801 0.30234551 -0.91881691,0.13498989 0.37088168 -0.91881691,
  0.650471 0.23498284 -0.72226764,0 0.39468404 -0.91881691,
  0.50273505 0.39223753 -0.77032927,-0.13498989 0.37088168 -0.91881691,
  0.33063546 0.57267741 -0.75014717,-0.25369801 0.30234551 -0.91881691,
  0.84361002 0.22604462 -0.48705847,0.11482849 0.65122472 -0.75014717,
  -0.3418064 0.19734202 -0.91881691,0.78475862 0.38310261 -0.48722305,
  -0.11482849 0.65122472 -0.75014717,-0.3886879 0.068536164 -0.91881691,
  0.56039027 0.66784712 -0.48983974,-0.33063546 0.57267741 -0.75014717,
  -0.3886879 -0.068536164 -0.91881691,0.29817743 0.81923577 -0.48983974,
  -0.50656291 0.42505675 -0.75014717,0.92654436 0.33311432 -0.17478671,
  -0.3418064 -0.19734202 -0.91881691,0 0.8718125 -0.48983974,
  -0.6213914 0.22616797 -0.75014717,0.80733556 0.57639711 -0.12639488,
  -0.25369801 -0.30234551 -0.91881691,-0.29817743 0.81923577 -0.48983974,
  -0.66127091 0 -0.75014717,0.49270877 0.85339662 -0.17015367,
  -0.13498989 -0.37088168 -0.91881691,-0.56039027 0.66784712 -0.48983974,
  0.961794 0.24273242 0.12662258,-0.6213914 -0.22616797 -0.75014717,
  0.17111596 0.97044683 -0.17015367,0 -0.39468404 -0.91881691,
  -0.75501177 0.43590625 -0.48983974,0.88926308 0.43660233 0.13634365,
  -0.50656291 -0.42505675 -0.75014717,-0.17111596 0.97044683 -0.17015367,
  0.13498989 -0.37088168 -0.91881691,-0.85856771 0.15138865 -0.48983974,
  0.63341418 0.75487363 0.17015367,-0.33063546 -0.57267741 -0.75014717,
  -0.49270877 0.85339662 -0.17015367,0.25369801 -0.30234551 -0.91881691,
  -0.85856771 -0.15138865 -0.48983974,0.33703265 0.92598959 0.17015367,
  -0.11482849 -0.65122472 -0.75014717,-0.75487363 0.63341418 -0.17015367,
  0.82827688 0.28557211 0.48208503,0.34237251 -0.19302404 -0.91952313,
  -0.75501177 -0.43590625 -0.48983974,0 0.98541754 0.17015367,
  0.11482849 -0.65122472 -0.75014717,-0.92598959 0.33703265 -0.17015367,
  0.66784712 0.56039027 0.48983974,0.38203965 -0.057980536 -0.9223253,
  -0.56039027 -0.66784712 -0.48983974,-0.33703265 0.92598959 0.17015367,
  0.33063546 -0.57267741 -0.75014717,-0.98541754 0 -0.17015367,
  0.43590625 0.75501177 0.48983974,-0.29817743 -0.81923577 -0.48983974,
  -0.63341418 0.75487363 0.17015367,0.6029265 0.13812297 0.78574912,
  0.50273505 -0.39223753 -0.77032927,-0.92598959 -0.33703265 -0.17015367,
  0.15138865 0.85856771 0.48983974,0 -0.8718125 -0.48983974,
  -0.85339662 0.49270877 0.17015367,0.58823837 0.30554571 0.74874391,
  0.650471 -0.23498284 -0.72226764,-0.75487363 -0.63341418 -0.17015367,
  -0.15138865 0.85856771 0.48983974,0.29817743 -0.81923577 -0.48983974,
  -0.97044683 0.17111596 0.17015367,0.42505675 0.50656291 0.75014717,
  -0.49270877 -0.85339662 -0.17015367,-0.43590625 0.75501177 0.48983974,
  0.56039027 -0.66784712 -0.48983974,-0.97044683 -0.17111596 0.17015367,
  0.22616797 0.6213914 0.75014717,-0.17111596 -0.97044683 -0.17015367,
  -0.66784712 0.56039027 0.48983974,0.380603 0.10413129 0.91885692,
  0.78475862 -0.38310261 -0.48722305,-0.85339662 -0.49270877 0.17015367,
  0 0.66127091 0.75014717,0.17111596 -0.97044683 -0.17015367,
  -0.81923577 0.29817743 0.48983974,0.32614066 0.23051014 0.91678642,
  0.84361002 -0.22604462 -0.48705847,-0.63341418 -0.75487363 0.17015367,
  -0.22616797 0.6213914 0.75014717,0.49270877 -0.85339662 -0.17015367,
  -0.8718125 0 0.48983974,0.19734202 0.3418064 0.91881691,
  -0.33703265 -0.92598959 0.17015367,-0.42505675 0.50656291 0.75014717,
  0.80733556 -0.57639711 -0.12639488,-0.81923577 -0.29817743 0.48983974,
  0.068536164 0.3886879 0.91881691,0 -0.98541754 0.17015367,
  -0.57267741 0.33063546 0.75014717,0.92654436 -0.33311432 -0.17478671,
  -0.66784712 -0.56039027 0.48983974,-0.068536164 0.3886879 0.91881691,
  0.33703265 -0.92598959 0.17015367,-0.65122472 0.11482849 0.75014717,
  -0.43590625 -0.75501177 0.48983974,-0.19734202 0.3418064 0.91881691,
  0.63341418 -0.75487363 0.17015367,-0.65122472 -0.11482849 0.75014717,
  -0.15138865 -0.85856771 0.48983974,-0.30234551 0.25369801 0.91881691,
  0.88926308 -0.43660233 0.13634365,-0.57267741 -0.33063546 0.75014717,
  0.15138865 -0.85856771 0.48983974,-0.37088168 0.13498989 0.91881691,
  0.961794 -0.24273242 0.12662258,-0.42505675 -0.50656291 0.75014717,
  0.43590625 -0.75501177 0.48983974,-0.39468404 0 0.91881691,
  -0.22616797 -0.6213914 0.75014717,0.66784712 -0.56039027 0.48983974,
  -0.37088168 -0.13498989 0.91881691,0 -0.66127091 0.75014717,
  0.82827688 -0.28557211 0.48208503,-0.30234551 -0.25369801 0.91881691,
  0.22616797 -0.6213914 0.75014717,-0.19734202 -0.3418064 0.91881691,
  0.42505675 -0.50656291 0.75014717,-0.068536164 -0.3886879 0.91881691,
  0.58823837 -0.30554571 0.74874391,0.068536164 -0.3886879 0.91881691,
  0.6029265 -0.13812297 0.78574912,0.19734202 -0.3418064 0.91881691,
  0.32614066 -0.23051014 0.91678642,0.380603 -0.10413129 0.91885692] }
}
}
] }
DEF TXFM_24 Transform {
  center 0 0 0
  rotation 0 0 1 0
  scale 1 1 1
  scaleOrientation 0 0 1 0
  translation 0 0 0
 children [
DEF SHAPE_21 Shape {
 appearance USE APP_1
 geometry DEF FACE_21 IndexedFaceSet {
  coord DEF COORD_21 Coordinate { point [
  0.19685039 0.19685039 0,0.21009704 0.19685039 0.0017439538,
  0.22244094 0.19685039 0.0068569675,0.2330409 0.19685039 0.014990598,
  0.24117453 0.19685039 0.025590551,0.24628754 0.19685039 0.037934458,
  0.2480315 0.19685039 0.051181102,0.24628754 0.19685039 0.064427746,
  0.24117453 0.19685039 0.076771654,0.2330409 0.19685039 0.087371607,
  0.22244094 0.19685039 0.095505237,0.21009704 0.19685039 0.10061825,
  0.19685039 0.19685039 0.1023622,0.19685039 0.19685039 0,
  0.21009704 0.19685039 0.0017439538,0.22244094 0.19685039 0.0068569675,
  0.2330409 0.19685039 0.014990598,0.24117453 0.19685039 0.025590551,
  0.24628754 0.19685039 0.037934458,0.2480315 0.19685039 0.051181102,
  0.24628754 0.19685039 0.064427746,0.24117453 0.19685039 0.076771654,
  0.2330409 0.19685039 0.087371607,0.22244094 0.19685039 0.095505237,
  0.21009704 0.19685039 0.10061825,0.19685039 0.19685039 0.1023622,
  0.21408942 0.1998901 0.0030865981,0.21201014 0.20560288 0.0030865981,
  0.20810237 0.21025998 0.0030865981,0.20283745 0.21329968 0.0030865981,
  0.22776495 0.20810237 0.011974103,0.19685039 0.21435536 0.0030865981,
  0.22205217 0.21799719 0.011974103,0.19086334 0.21329968 0.0030865981,
  0.21329968 0.2253414 0.011974103,0.18559842 0.21025998 0.0030865981,
  0.24050115 0.2045472 0.025590551,0.20256317 0.22924917 0.011974103,
  0.18169065 0.20560288 0.0030865981,0.23523622 0.21901246 0.025590551,
  0.19113762 0.22924917 0.011974103,0.17961137 0.1998901 0.0030865981,
  0.2253414 0.23080465 0.025590551,0.1804011 0.2253414 0.011974103,
  0.17961137 0.19381069 0.0030865981,0.21201014 0.23850146 0.025590551,
  0.17164862 0.21799719 0.011974103,0.24421423 0.21408942 0.042293597,
  0.18169065 0.18809791 0.0030865981,0.19685039 0.24117453 0.025590551,
  0.16593584 0.20810237 0.011974103,0.23546175 0.22924917 0.042293597,
  0.18559842 0.18344081 0.0030865981,0.18169065 0.23850146 0.025590551,
  0.16395182 0.19685039 0.011974103,0.22205217 0.24050115 0.042293597,
  0.19086334 0.1804011 0.0030865981,0.16835939 0.23080465 0.025590551,
  0.2464882 0.20560288 0.060068608,0.16593584 0.18559842 0.011974103,
  0.20560288 0.2464882 0.042293597,0.19685039 0.17934543 0.0030865981,
  0.15846457 0.21901246 0.025590551,0.24050115 0.22205217 0.060068608,
  0.17164862 0.1757036 0.011974103,0.18809791 0.2464882 0.042293597,
  0.20283745 0.1804011 0.0030865981,0.15319964 0.2045472 0.025590551,
  0.22924917 0.23546175 0.060068608,0.1804011 0.16835939 0.011974103,
  0.17164862 0.24050115 0.042293597,0.20810237 0.18344081 0.0030865981,
  0.15319964 0.18915359 0.025590551,0.21408942 0.24421423 0.060068608,
  0.19113762 0.16445162 0.011974103,0.15823904 0.22924917 0.042293597,
  0.23850146 0.21201014 0.076771654,0.21201014 0.18809791 0.0030865981,
  0.15846457 0.17468833 0.025590551,0.19685039 0.24725394 0.060068608,
  0.20256317 0.16445162 0.011974103,0.14948655 0.21408942 0.042293597,
  0.23080465 0.2253414 0.076771654,0.21408942 0.19381069 0.0030865981,
  0.16835939 0.16289614 0.025590551,0.17961137 0.24421423 0.060068608,
  0.21329968 0.16835939 0.011974103,0.14644685 0.19685039 0.042293597,
  0.21901246 0.23523622 0.076771654,0.18169065 0.15519933 0.025590551,
  0.16445162 0.23546175 0.060068608,0.22924917 0.20256317 0.090388101,
  0.22205217 0.1757036 0.011974103,0.14948655 0.17961137 0.042293597,
  0.2045472 0.24050115 0.076771654,0.19685039 0.15252626 0.025590551,
  0.15319964 0.22205217 0.060068608,0.2253414 0.21329968 0.090388101,
  0.22776495 0.18559842 0.011974103,0.15823904 0.16445162 0.042293597,
  0.18915359 0.24050115 0.076771654,0.21201014 0.15519933 0.025590551,
  0.14721259 0.20560288 0.060068608,0.21799719 0.22205217 0.090388101,
  0.17164862 0.15319964 0.042293597,0.17468833 0.23523622 0.076771654,
  0.2253414 0.16289614 0.025590551,0.14721259 0.18809791 0.060068608,
  0.20810237 0.22776495 0.090388101,0.18809791 0.14721259 0.042293597,
  0.16289614 0.2253414 0.076771654,0.21329968 0.20283745 0.099275607,
  0.23523622 0.17468833 0.025590551,0.15319964 0.17164862 0.060068608,
  0.19685039 0.22974897 0.090388101,0.20560288 0.14721259 0.042293597,
  0.15519933 0.21201014 0.076771654,0.21025998 0.20810237 0.099275607,
  0.24050115 0.18915359 0.025590551,0.16445162 0.15823904 0.060068608,
  0.18559842 0.22776495 0.090388101,0.22205217 0.15319964 0.042293597,
  0.15252626 0.19685039 0.076771654,0.20560288 0.21201014 0.099275607,
  0.17961137 0.14948655 0.060068608,0.1757036 0.22205217 0.090388101,
  0.23546175 0.16445162 0.042293597,0.15519933 0.18169065 0.076771654,
  0.1998901 0.21408942 0.099275607,0.19685039 0.14644685 0.060068608,
  0.16835939 0.21329968 0.090388101,0.24421423 0.17961137 0.042293597,
  0.16289614 0.16835939 0.076771654,0.19381069 0.21408942 0.099275607,
  0.21408942 0.14948655 0.060068608,0.16445162 0.20256317 0.090388101,
  0.17468833 0.15846457 0.076771654,0.18809791 0.21201014 0.099275607,
  0.22924917 0.15823904 0.060068608,0.16445162 0.19113762 0.090388101,
  0.18915359 0.15319964 0.076771654,0.18344081 0.20810237 0.099275607,
  0.24050115 0.17164862 0.060068608,0.16835939 0.1804011 0.090388101,
  0.2045472 0.15319964 0.076771654,0.1804011 0.20283745 0.099275607,
  0.2464882 0.18809791 0.060068608,0.1757036 0.17164862 0.090388101,
  0.21901246 0.15846457 0.076771654,0.17934543 0.19685039 0.099275607,
  0.18559842 0.16593584 0.090388101,0.23080465 0.16835939 0.076771654,
  0.1804011 0.19086334 0.099275607,0.19685039 0.16395182 0.090388101,
  0.23850146 0.18169065 0.076771654,0.18344081 0.18559842 0.099275607,
  0.20810237 0.16593584 0.090388101,0.18809791 0.18169065 0.099275607,
  0.21799719 0.17164862 0.090388101,0.19381069 0.17961137 0.099275607,
  0.2253414 0.1804011 0.090388101,0.1998901 0.17961137 0.099275607,
  0.22924917 0.19113762 0.090388101,0.20560288 0.18169065 0.099275607,
  0.21025998 0.18559842 0.099275607,0.21329968 0.19086334 0.099275607] }
 coordIndex [
  26,2,1,-1,27,1,0,-1,27,26,1,-1,27,2,26,-1,28,27,0,-1,29,28,0,-1,30,3,2,-1,31,29,0,-1,
  32,2,27,-1,32,30,2,-1,32,27,28,-1,33,31,0,-1,34,28,29,-1,34,32,28,-1,35,33,0,-1,36,4,3,-1,
  36,5,4,-1,37,34,29,-1,37,29,31,-1,38,35,0,-1,39,5,36,-1,39,3,30,-1,39,30,32,-1,39,36,3,-1,
  40,31,33,-1,40,37,31,-1,41,38,0,-1,42,32,34,-1,42,39,32,-1,43,33,35,-1,43,40,33,-1,44,0,13,-1,
  44,41,0,-1,45,34,37,-1,45,42,34,-1,46,43,35,-1,46,35,38,-1,47,6,5,-1,47,5,39,-1,48,44,13,-1,
  49,45,37,-1,49,37,40,-1,50,46,38,-1,50,38,41,-1,51,47,39,-1,51,39,42,-1,51,6,47,-1,52,48,13,-1,
  53,40,43,-1,53,49,40,-1,54,50,41,-1,54,41,44,-1,55,42,45,-1,55,51,42,-1,56,52,13,-1,57,53,43,-1,
  57,43,46,-1,58,7,6,-1,59,54,44,-1,59,44,48,-1,60,45,49,-1,60,55,45,-1,61,56,13,-1,62,46,50,-1,
  62,57,46,-1,63,58,6,-1,63,7,58,-1,63,6,51,-1,64,48,52,-1,64,59,48,-1,65,49,53,-1,65,60,49,-1,
  66,61,13,-1,67,62,50,-1,67,50,54,-1,68,63,51,-1,68,51,55,-1,69,52,56,-1,69,64,52,-1,70,53,57,-1,
  70,65,53,-1,71,66,13,-1,72,54,59,-1,72,67,54,-1,73,55,60,-1,73,68,55,-1,74,56,61,-1,74,69,56,-1,
  75,57,62,-1,75,70,57,-1,76,8,7,-1,76,9,8,-1,76,7,63,-1,77,13,14,-1,77,71,13,-1,78,72,59,-1,
  78,59,64,-1,79,60,65,-1,79,73,60,-1,80,61,66,-1,80,74,61,-1,81,75,62,-1,81,62,67,-1,82,76,63,-1,
  82,63,68,-1,83,77,14,-1,83,15,77,-1,83,14,15,-1,84,78,64,-1,84,64,69,-1,85,79,65,-1,85,65,70,-1,
  86,80,66,-1,86,66,71,-1,87,81,67,-1,87,67,72,-1,88,82,68,-1,88,68,73,-1,89,84,69,-1,89,69,74,-1,
  90,85,70,-1,90,70,75,-1,91,10,9,-1,92,77,15,-1,92,71,77,-1,92,86,71,-1,93,87,72,-1,93,72,78,-1,
  94,73,79,-1,94,88,73,-1,95,74,80,-1,95,89,74,-1,96,90,75,-1,96,75,81,-1,97,76,82,-1,97,10,91,-1,
  97,9,76,-1,97,91,9,-1,98,92,15,-1,98,15,16,-1,99,78,84,-1,99,93,78,-1,100,94,79,-1,100,79,85,-1,
  101,95,80,-1,101,80,86,-1,102,81,87,-1,102,96,81,-1,103,97,82,-1,103,82,88,-1,104,99,84,-1,104,84,89,-1,
  105,85,90,-1,105,100,85,-1,106,86,92,-1,106,101,86,-1,107,102,87,-1,107,87,93,-1,108,88,94,-1,108,103,88,-1,
  109,89,95,-1,109,104,89,-1,110,90,96,-1,110,105,90,-1,111,11,10,-1,112,92,98,-1,112,98,16,-1,112,106,92,-1,
  113,93,99,-1,113,107,93,-1,114,108,94,-1,114,94,100,-1,115,95,101,-1,115,109,95,-1,116,96,102,-1,116,110,96,-1,
  117,12,11,-1,117,10,97,-1,117,97,103,-1,117,11,111,-1,117,111,10,-1,118,16,17,-1,118,17,18,-1,118,112,16,-1,
  118,18,112,-1,119,113,99,-1,119,99,104,-1,120,114,100,-1,120,100,105,-1,121,115,101,-1,121,101,106,-1,122,102,107,-1,
  122,116,102,-1,123,12,117,-1,123,117,103,-1,123,103,108,-1,124,119,104,-1,124,104,109,-1,125,105,110,-1,125,120,105,-1,
  126,106,112,-1,126,121,106,-1,127,107,113,-1,127,122,107,-1,128,123,108,-1,128,12,123,-1,128,108,114,-1,129,109,115,-1,
  129,124,109,-1,130,125,110,-1,130,110,116,-1,131,18,19,-1,131,19,126,-1,131,126,112,-1,131,112,18,-1,132,113,119,-1,
  132,127,113,-1,133,114,120,-1,133,12,128,-1,133,128,114,-1,134,115,121,-1,134,129,115,-1,135,116,122,-1,135,130,116,-1,
  136,119,124,-1,136,132,119,-1,137,12,133,-1,137,120,125,-1,137,133,120,-1,138,121,126,-1,138,134,121,-1,139,122,127,-1,
  139,135,122,-1,140,124,129,-1,140,136,124,-1,141,125,130,-1,141,12,137,-1,141,137,125,-1,142,126,19,-1,142,138,126,-1,
  143,139,127,-1,143,127,132,-1,144,129,134,-1,144,140,129,-1,145,130,135,-1,145,12,141,-1,145,141,130,-1,146,19,20,-1,
  146,20,142,-1,146,142,19,-1,147,132,136,-1,147,143,132,-1,148,144,134,-1,148,134,138,-1,149,145,135,-1,149,25,12,-1,
  149,135,139,-1,149,12,145,-1,150,136,140,-1,150,147,136,-1,151,148,138,-1,151,138,142,-1,152,25,149,-1,152,149,139,-1,
  152,139,143,-1,153,140,144,-1,153,150,140,-1,154,20,21,-1,154,21,22,-1,154,151,142,-1,154,142,20,-1,155,143,147,-1,
  155,152,143,-1,155,25,152,-1,156,153,144,-1,156,144,148,-1,157,147,150,-1,157,155,147,-1,157,25,155,-1,158,148,151,-1,
  158,156,148,-1,159,157,150,-1,159,150,153,-1,159,25,157,-1,160,154,22,-1,160,151,154,-1,160,158,151,-1,161,153,156,-1,
  161,25,159,-1,161,159,153,-1,162,23,160,-1,162,22,23,-1,162,160,22,-1,163,25,161,-1,163,156,158,-1,163,161,156,-1,
  164,160,23,-1,164,158,160,-1,164,24,25,-1,164,163,158,-1,164,25,163,-1,165,23,24,-1,165,164,23,-1,165,24,164,-1]
  normalPerVertex TRUE
  normal DEF NORM_21 Normal { vector [
  -0.021981502 0.11904181 -0.99264589,0.20566564 0.07163335 -0.97599708,
  0.48926792 0.15948411 -0.85742739,0.72442018 0.17410448 -0.66701052,
  0.86355026 0.075550858 -0.49857097,0.93215578 0.2092595 -0.29545909,
  0.95567918 0.29384961 -0.018157752,0.92546944 0.20849861 0.31628254,
  0.85610146 0.15095379 0.49427041,0.73674625 0.16691007 0.65524499,
  0.47745648 0.14407689 0.86676246,0.21607912 0.082130844 0.97291538,
  -0.016974704 0.12687955 0.99177288,-0.0027636606 -0.13351108 -0.99104347,
  0.20566564 -0.07163335 -0.97599708,0.48926792 -0.15948411 -0.85742739,
  0.72442018 -0.17410448 -0.66701052,0.86355026 -0.075550858 -0.49857097,
  0.93215578 -0.2092595 -0.29545909,0.95567918 -0.29384961 -0.018157752,
  0.92546944 -0.20849861 0.31628254,0.85610146 -0.15095379 0.49427041,
  0.73674625 -0.16691007 0.65524499,0.47745648 -0.14407689 0.86676246,
  0.21607912 -0.082130844 0.97291538,-0.016974704 -0.12687955 0.99177288,
  0.38203965 0.057980536 -0.9223253,0.34237251 0.19302404 -0.91952313,
  0.25369801 0.30234551 -0.91881691,0.13498989 0.37088168 -0.91881691,
  0.650471 0.23498284 -0.72226764,0 0.39468404 -0.91881691,
  0.50273505 0.39223753 -0.77032927,-0.13498989 0.37088168 -0.91881691,
  0.33063546 0.57267741 -0.75014717,-0.25369801 0.30234551 -0.91881691,
  0.84361002 0.22604462 -0.48705847,0.11482849 0.65122472 -0.75014717,
  -0.3418064 0.19734202 -0.91881691,0.78475862 0.38310261 -0.48722305,
  -0.11482849 0.65122472 -0.75014717,-0.3886879 0.068536164 -0.91881691,
  0.56039027 0.66784712 -0.48983974,-0.33063546 0.57267741 -0.75014717,
  -0.3886879 -0.068536164 -0.91881691,0.29817743 0.81923577 -0.48983974,
  -0.50656291 0.42505675 -0.75014717,0.92654436 0.33311432 -0.17478671,
  -0.3418064 -0.19734202 -0.91881691,0 0.8718125 -0.48983974,
  -0.6213914 0.22616797 -0.75014717,0.80733556 0.57639711 -0.12639488,
  -0.25369801 -0.30234551 -0.91881691,-0.29817743 0.81923577 -0.48983974,
  -0.66127091 0 -0.75014717,0.49270877 0.85339662 -0.17015367,
  -0.13498989 -0.37088168 -0.91881691,-0.56039027 0.66784712 -0.48983974,
  0.961794 0.24273242 0.12662258,-0.6213914 -0.22616797 -0.75014717,
  0.17111596 0.97044683 -0.17015367,0 -0.39468404 -0.91881691,
  -0.75501177 0.43590625 -0.48983974,0.88926308 0.43660233 0.13634365,
  -0.50656291 -0.42505675 -0.75014717,-0.17111596 0.97044683 -0.17015367,
  0.13498989 -0.37088168 -0.91881691,-0.85856771 0.15138865 -0.48983974,
  0.63341418 0.75487363 0.17015367,-0.33063546 -0.57267741 -0.75014717,
  -0.49270877 0.85339662 -0.17015367,0.25369801 -0.30234551 -0.91881691,
  -0.85856771 -0.15138865 -0.48983974,0.33703265 0.92598959 0.17015367,
  -0.11482849 -0.65122472 -0.75014717,-0.75487363 0.63341418 -0.17015367,
  0.82827688 0.28557211 0.48208503,0.34237251 -0.19302404 -0.91952313,
  -0.75501177 -0.43590625 -0.48983974,0 0.98541754 0.17015367,
  0.11482849 -0.65122472 -0.75014717,-0.92598959 0.33703265 -0.17015367,
  0.66784712 0.56039027 0.48983974,0.38203965 -0.057980536 -0.9223253,
  -0.56039027 -0.66784712 -0.48983974,-0.33703265 0.92598959 0.17015367,
  0.33063546 -0.57267741 -0.75014717,-0.98541754 0 -0.17015367,
  0.43590625 0.75501177 0.48983974,-0.29817743 -0.81923577 -0.48983974,
  -0.63341418 0.75487363 0.17015367,0.6029265 0.13812297 0.78574912,
  0.50273505 -0.39223753 -0.77032927,-0.92598959 -0.33703265 -0.17015367,
  0.15138865 0.85856771 0.48983974,0 -0.8718125 -0.48983974,
  -0.85339662 0.49270877 0.17015367,0.58823837 0.30554571 0.74874391,
  0.650471 -0.23498284 -0.72226764,-0.75487363 -0.63341418 -0.17015367,
  -0.15138865 0.85856771 0.48983974,0.29817743 -0.81923577 -0.48983974,
  -0.97044683 0.17111596 0.17015367,0.42505675 0.50656291 0.75014717,
  -0.49270877 -0.85339662 -0.17015367,-0.43590625 0.75501177 0.48983974,
  0.56039027 -0.66784712 -0.48983974,-0.97044683 -0.17111596 0.17015367,
  0.22616797 0.6213914 0.75014717,-0.17111596 -0.97044683 -0.17015367,
  -0.66784712 0.56039027 0.48983974,0.380603 0.10413129 0.91885692,
  0.78475862 -0.38310261 -0.48722305,-0.85339662 -0.49270877 0.17015367,
  0 0.66127091 0.75014717,0.17111596 -0.97044683 -0.17015367,
  -0.81923577 0.29817743 0.48983974,0.32614066 0.23051014 0.91678642,
  0.84361002 -0.22604462 -0.48705847,-0.63341418 -0.75487363 0.17015367,
  -0.22616797 0.6213914 0.75014717,0.49270877 -0.85339662 -0.17015367,
  -0.8718125 0 0.48983974,0.19734202 0.3418064 0.91881691,
  -0.33703265 -0.92598959 0.17015367,-0.42505675 0.50656291 0.75014717,
  0.80733556 -0.57639711 -0.12639488,-0.81923577 -0.29817743 0.48983974,
  0.068536164 0.3886879 0.91881691,0 -0.98541754 0.17015367,
  -0.57267741 0.33063546 0.75014717,0.92654436 -0.33311432 -0.17478671,
  -0.66784712 -0.56039027 0.48983974,-0.068536164 0.3886879 0.91881691,
  0.33703265 -0.92598959 0.17015367,-0.65122472 0.11482849 0.75014717,
  -0.43590625 -0.75501177 0.48983974,-0.19734202 0.3418064 0.91881691,
  0.63341418 -0.75487363 0.17015367,-0.65122472 -0.11482849 0.75014717,
  -0.15138865 -0.85856771 0.48983974,-0.30234551 0.25369801 0.91881691,
  0.88926308 -0.43660233 0.13634365,-0.57267741 -0.33063546 0.75014717,
  0.15138865 -0.85856771 0.48983974,-0.37088168 0.13498989 0.91881691,
  0.961794 -0.24273242 0.12662258,-0.42505675 -0.50656291 0.75014717,
  0.43590625 -0.75501177 0.48983974,-0.39468404 0 0.91881691,
  -0.22616797 -0.6213914 0.75014717,0.66784712 -0.56039027 0.48983974,
  -0.37088168 -0.13498989 0.91881691,0 -0.66127091 0.75014717,
  0.82827688 -0.28557211 0.48208503,-0.30234551 -0.25369801 0.91881691,
  0.22616797 -0.6213914 0.75014717,-0.19734202 -0.3418064 0.91881691,
  0.42505675 -0.50656291 0.75014717,-0.068536164 -0.3886879 0.91881691,
  0.58823837 -0.30554571 0.74874391,0.068536164 -0.3886879 0.91881691,
  0.6029265 -0.13812297 0.78574912,0.19734202 -0.3418064 0.91881691,
  0.32614066 -0.23051014 0.91678642,0.380603 -0.10413129 0.91885692] }
}
}
] }
DEF TXFM_25 Transform {
  center 0 0 0
  rotation 0 0 1 0
  scale 1 1 1
  scaleOrientation 0 0 1 0
  translation 0 0 0
 children [
DEF SHAPE_22 Shape {
 appearance USE APP_1
 geometry DEF FACE_22 IndexedFaceSet {
  coord DEF COORD_22 Coordinate { point [
  0.19685039 -0.19685039 0,0.21009704 -0.19685039 0.0017439538,
  0.22244094 -0.19685039 0.0068569675,0.2330409 -0.19685039 0.014990598,
  0.24117453 -0.19685039 0.025590551,0.24628754 -0.19685039 0.037934458,
  0.2480315 -0.19685039 0.051181102,0.24628754 -0.19685039 0.064427746,
  0.24117453 -0.19685039 0.076771654,0.2330409 -0.19685039 0.087371607,
  0.22244094 -0.19685039 0.095505237,0.21009704 -0.19685039 0.10061825,
  0.19685039 -0.19685039 0.1023622,0.19685039 -0.19685039 0,
  0.21009704 -0.19685039 0.0017439538,0.22244094 -0.19685039 0.0068569675,
  0.2330409 -0.19685039 0.014990598,0.24117453 -0.19685039 0.025590551,
  0.24628754 -0.19685039 0.037934458,0.2480315 -0.19685039 0.051181102,
  0.24628754 -0.19685039 0.064427746,0.24117453 -0.19685039 0.076771654,
  0.2330409 -0.19685039 0.087371607,0.22244094 -0.19685039 0.095505237,
  0.21009704 -0.19685039 0.10061825,0.19685039 -0.19685039 0.1023622,
  0.21408942 -0.19381069 0.0030865981,0.21201014 -0.18809791 0.0030865981,
  0.20810237 -0.18344081 0.0030865981,0.20283745 -0.1804011 0.0030865981,
  0.22776495 -0.18559842 0.011974103,0.19685039 -0.17934543 0.0030865981,
  0.22205217 -0.1757036 0.011974103,0.19086334 -0.1804011 0.0030865981,
  0.21329968 -0.16835939 0.011974103,0.18559842 -0.18344081 0.0030865981,
  0.24050115 -0.18915359 0.025590551,0.20256317 -0.16445162 0.011974103,
  0.18169065 -0.18809791 0.0030865981,0.23523622 -0.17468833 0.025590551,
  0.19113762 -0.16445162 0.011974103,0.17961137 -0.19381069 0.0030865981,
  0.2253414 -0.16289614 0.025590551,0.1804011 -0.16835939 0.011974103,
  0.17961137 -0.1998901 0.0030865981,0.21201014 -0.15519933 0.025590551,
  0.17164862 -0.1757036 0.011974103,0.24421423 -0.17961137 0.042293597,
  0.18169065 -0.20560288 0.0030865981,0.19685039 -0.15252626 0.025590551,
  0.16593584 -0.18559842 0.011974103,0.23546175 -0.16445162 0.042293597,
  0.18559842 -0.21025998 0.0030865981,0.18169065 -0.15519933 0.025590551,
  0.16395182 -0.19685039 0.011974103,0.22205217 -0.15319964 0.042293597,
  0.19086334 -0.21329968 0.0030865981,0.16835939 -0.16289614 0.025590551,
  0.2464882 -0.18809791 0.060068608,0.16593584 -0.20810237 0.011974103,
  0.20560288 -0.14721259 0.042293597,0.19685039 -0.21435536 0.0030865981,
  0.15846457 -0.17468833 0.025590551,0.24050115 -0.17164862 0.060068608,
  0.17164862 -0.21799719 0.011974103,0.18809791 -0.14721259 0.042293597,
  0.20283745 -0.21329968 0.0030865981,0.15319964 -0.18915359 0.025590551,
  0.22924917 -0.15823904 0.060068608,0.1804011 -0.2253414 0.011974103,
  0.17164862 -0.15319964 0.042293597,0.20810237 -0.21025998 0.0030865981,
  0.15319964 -0.2045472 0.025590551,0.21408942 -0.14948655 0.060068608,
  0.19113762 -0.22924917 0.011974103,0.15823904 -0.16445162 0.042293597,
  0.23850146 -0.18169065 0.076771654,0.21201014 -0.20560288 0.0030865981,
  0.15846457 -0.21901246 0.025590551,0.19685039 -0.14644685 0.060068608,
  0.20256317 -0.22924917 0.011974103,0.14948655 -0.17961137 0.042293597,
  0.23080465 -0.16835939 0.076771654,0.21408942 -0.1998901 0.0030865981,
  0.16835939 -0.23080465 0.025590551,0.17961137 -0.14948655 0.060068608,
  0.21329968 -0.2253414 0.011974103,0.14644685 -0.19685039 0.042293597,
  0.21901246 -0.15846457 0.076771654,0.18169065 -0.23850146 0.025590551,
  0.16445162 -0.15823904 0.060068608,0.22924917 -0.19113762 0.090388101,
  0.22205217 -0.21799719 0.011974103,0.14948655 -0.21408942 0.042293597,
  0.2045472 -0.15319964 0.076771654,0.19685039 -0.24117453 0.025590551,
  0.15319964 -0.17164862 0.060068608,0.2253414 -0.1804011 0.090388101,
  0.22776495 -0.20810237 0.011974103,0.15823904 -0.22924917 0.042293597,
  0.18915359 -0.15319964 0.076771654,0.21201014 -0.23850146 0.025590551,
  0.14721259 -0.18809791 0.060068608,0.21799719 -0.17164862 0.090388101,
  0.17164862 -0.24050115 0.042293597,0.17468833 -0.15846457 0.076771654,
  0.2253414 -0.23080465 0.025590551,0.14721259 -0.20560288 0.060068608,
  0.20810237 -0.16593584 0.090388101,0.18809791 -0.2464882 0.042293597,
  0.16289614 -0.16835939 0.076771654,0.21329968 -0.19086334 0.099275607,
  0.23523622 -0.21901246 0.025590551,0.15319964 -0.22205217 0.060068608,
  0.19685039 -0.16395182 0.090388101,0.20560288 -0.2464882 0.042293597,
  0.15519933 -0.18169065 0.076771654,0.21025998 -0.18559842 0.099275607,
  0.24050115 -0.2045472 0.025590551,0.16445162 -0.23546175 0.060068608,
  0.18559842 -0.16593584 0.090388101,0.22205217 -0.24050115 0.042293597,
  0.15252626 -0.19685039 0.076771654,0.20560288 -0.18169065 0.099275607,
  0.17961137 -0.24421423 0.060068608,0.1757036 -0.17164862 0.090388101,
  0.23546175 -0.22924917 0.042293597,0.15519933 -0.21201014 0.076771654,
  0.1998901 -0.17961137 0.099275607,0.19685039 -0.24725394 0.060068608,
  0.16835939 -0.1804011 0.090388101,0.24421423 -0.21408942 0.042293597,
  0.16289614 -0.2253414 0.076771654,0.19381069 -0.17961137 0.099275607,
  0.21408942 -0.24421423 0.060068608,0.16445162 -0.19113762 0.090388101,
  0.17468833 -0.23523622 0.076771654,0.18809791 -0.18169065 0.099275607,
  0.22924917 -0.23546175 0.060068608,0.16445162 -0.20256317 0.090388101,
  0.18915359 -0.24050115 0.076771654,0.18344081 -0.18559842 0.099275607,
  0.24050115 -0.22205217 0.060068608,0.16835939 -0.21329968 0.090388101,
  0.2045472 -0.24050115 0.076771654,0.1804011 -0.19086334 0.099275607,
  0.2464882 -0.20560288 0.060068608,0.1757036 -0.22205217 0.090388101,
  0.21901246 -0.23523622 0.076771654,0.17934543 -0.19685039 0.099275607,
  0.18559842 -0.22776495 0.090388101,0.23080465 -0.2253414 0.076771654,
  0.1804011 -0.20283745 0.099275607,0.19685039 -0.22974897 0.090388101,
  0.23850146 -0.21201014 0.076771654,0.18344081 -0.20810237 0.099275607,
  0.20810237 -0.22776495 0.090388101,0.18809791 -0.21201014 0.099275607,
  0.21799719 -0.22205217 0.090388101,0.19381069 -0.21408942 0.099275607,
  0.2253414 -0.21329968 0.090388101,0.1998901 -0.21408942 0.099275607,
  0.22924917 -0.20256317 0.090388101,0.20560288 -0.21201014 0.099275607,
  0.21025998 -0.20810237 0.099275607,0.21329968 -0.20283745 0.099275607] }
 coordIndex [
  26,2,1,-1,27,1,0,-1,27,26,1,-1,27,2,26,-1,28,27,0,-1,29,28,0,-1,30,3,2,-1,31,29,0,-1,
  32,2,27,-1,32,30,2,-1,32,27,28,-1,33,31,0,-1,34,28,29,-1,34,32,28,-1,35,33,0,-1,36,4,3,-1,
  36,5,4,-1,37,34,29,-1,37,29,31,-1,38,35,0,-1,39,5,36,-1,39,3,30,-1,39,30,32,-1,39,36,3,-1,
  40,31,33,-1,40,37,31,-1,41,38,0,-1,42,32,34,-1,42,39,32,-1,43,33,35,-1,43,40,33,-1,44,0,13,-1,
  44,41,0,-1,45,34,37,-1,45,42,34,-1,46,43,35,-1,46,35,38,-1,47,6,5,-1,47,5,39,-1,48,44,13,-1,
  49,45,37,-1,49,37,40,-1,50,46,38,-1,50,38,41,-1,51,47,39,-1,51,39,42,-1,51,6,47,-1,52,48,13,-1,
  53,40,43,-1,53,49,40,-1,54,50,41,-1,54,41,44,-1,55,42,45,-1,55,51,42,-1,56,52,13,-1,57,53,43,-1,
  57,43,46,-1,58,7,6,-1,59,54,44,-1,59,44,48,-1,60,45,49,-1,60,55,45,-1,61,56,13,-1,62,46,50,-1,
  62,57,46,-1,63,58,6,-1,63,7,58,-1,63,6,51,-1,64,48,52,-1,64,59,48,-1,65,49,53,-1,65,60,49,-1,
  66,61,13,-1,67,62,50,-1,67,50,54,-1,68,63,51,-1,68,51,55,-1,69,52,56,-1,69,64,52,-1,70,53,57,-1,
  70,65,53,-1,71,66,13,-1,72,54,59,-1,72,67,54,-1,73,55,60,-1,73,68,55,-1,74,56,61,-1,74,69,56,-1,
  75,57,62,-1,75,70,57,-1,76,8,7,-1,76,9,8,-1,76,7,63,-1,77,13,14,-1,77,71,13,-1,78,72,59,-1,
  78,59,64,-1,79,60,65,-1,79,73,60,-1,80,61,66,-1,80,74,61,-1,81,75,62,-1,81,62,67,-1,82,76,63,-1,
  82,63,68,-1,83,77,14,-1,83,15,77,-1,83,14,15,-1,84,78,64,-1,84,64,69,-1,85,79,65,-1,85,65,70,-1,
  86,80,66,-1,86,66,71,-1,87,81,67,-1,87,67,72,-1,88,82,68,-1,88,68,73,-1,89,84,69,-1,89,69,74,-1,
  90,85,70,-1,90,70,75,-1,91,10,9,-1,92,77,15,-1,92,71,77,-1,92,86,71,-1,93,87,72,-1,93,72,78,-1,
  94,73,79,-1,94,88,73,-1,95,74,80,-1,95,89,74,-1,96,90,75,-1,96,75,81,-1,97,76,82,-1,97,10,91,-1,
  97,9,76,-1,97,91,9,-1,98,92,15,-1,98,15,16,-1,99,78,84,-1,99,93,78,-1,100,94,79,-1,100,79,85,-1,
  101,95,80,-1,101,80,86,-1,102,81,87,-1,102,96,81,-1,103,97,82,-1,103,82,88,-1,104,99,84,-1,104,84,89,-1,
  105,85,90,-1,105,100,85,-1,106,86,92,-1,106,101,86,-1,107,102,87,-1,107,87,93,-1,108,88,94,-1,108,103,88,-1,
  109,89,95,-1,109,104,89,-1,110,90,96,-1,110,105,90,-1,111,11,10,-1,112,92,98,-1,112,98,16,-1,112,106,92,-1,
  113,93,99,-1,113,107,93,-1,114,108,94,-1,114,94,100,-1,115,95,101,-1,115,109,95,-1,116,96,102,-1,116,110,96,-1,
  117,12,11,-1,117,10,97,-1,117,97,103,-1,117,11,111,-1,117,111,10,-1,118,16,17,-1,118,17,18,-1,118,112,16,-1,
  118,18,112,-1,119,113,99,-1,119,99,104,-1,120,114,100,-1,120,100,105,-1,121,115,101,-1,121,101,106,-1,122,102,107,-1,
  122,116,102,-1,123,12,117,-1,123,117,103,-1,123,103,108,-1,124,119,104,-1,124,104,109,-1,125,105,110,-1,125,120,105,-1,
  126,106,112,-1,126,121,106,-1,127,107,113,-1,127,122,107,-1,128,123,108,-1,128,12,123,-1,128,108,114,-1,129,109,115,-1,
  129,124,109,-1,130,125,110,-1,130,110,116,-1,131,18,19,-1,131,19,126,-1,131,126,112,-1,131,112,18,-1,132,113,119,-1,
  132,127,113,-1,133,114,120,-1,133,12,128,-1,133,128,114,-1,134,115,121,-1,134,129,115,-1,135,116,122,-1,135,130,116,-1,
  136,119,124,-1,136,132,119,-1,137,12,133,-1,137,120,125,-1,137,133,120,-1,138,121,126,-1,138,134,121,-1,139,122,127,-1,
  139,135,122,-1,140,124,129,-1,140,136,124,-1,141,125,130,-1,141,12,137,-1,141,137,125,-1,142,126,19,-1,142,138,126,-1,
  143,139,127,-1,143,127,132,-1,144,129,134,-1,144,140,129,-1,145,130,135,-1,145,12,141,-1,145,141,130,-1,146,19,20,-1,
  146,20,142,-1,146,142,19,-1,147,132,136,-1,147,143,132,-1,148,144,134,-1,148,134,138,-1,149,145,135,-1,149,25,12,-1,
  149,135,139,-1,149,12,145,-1,150,136,140,-1,150,147,136,-1,151,148,138,-1,151,138,142,-1,152,25,149,-1,152,149,139,-1,
  152,139,143,-1,153,140,144,-1,153,150,140,-1,154,20,21,-1,154,21,22,-1,154,151,142,-1,154,142,20,-1,155,143,147,-1,
  155,152,143,-1,155,25,152,-1,156,153,144,-1,156,144,148,-1,157,147,150,-1,157,155,147,-1,157,25,155,-1,158,148,151,-1,
  158,156,148,-1,159,157,150,-1,159,150,153,-1,159,25,157,-1,160,154,22,-1,160,151,154,-1,160,158,151,-1,161,153,156,-1,
  161,25,159,-1,161,159,153,-1,162,23,160,-1,162,22,23,-1,162,160,22,-1,163,25,161,-1,163,156,158,-1,163,161,156,-1,
  164,160,23,-1,164,158,160,-1,164,24,25,-1,164,163,158,-1,164,25,163,-1,165,23,24,-1,165,164,23,-1,165,24,164,-1]
  normalPerVertex TRUE
  normal DEF NORM_22 Normal { vector [
  -0.021981502 0.11904181 -0.99264589,0.20566564 0.07163335 -0.97599708,
  0.48926792 0.15948411 -0.85742739,0.72442018 0.17410448 -0.66701052,
  0.86355026 0.075550858 -0.49857097,0.93215578 0.2092595 -0.29545909,
  0.95567918 0.29384961 -0.018157752,0.92546944 0.20849861 0.31628254,
  0.85610146 0.15095379 0.49427041,0.73674625 0.16691007 0.65524499,
  0.47745648 0.14407689 0.86676246,0.21607912 0.082130844 0.97291538,
  -0.016974704 0.12687955 0.99177288,-0.0027636606 -0.13351108 -0.99104347,
  0.20566564 -0.07163335 -0.97599708,0.48926792 -0.15948411 -0.85742739,
  0.72442018 -0.17410448 -0.66701052,0.86355026 -0.075550858 -0.49857097,
  0.93215578 -0.2092595 -0.29545909,0.95567918 -0.29384961 -0.018157752,
  0.92546944 -0.20849861 0.31628254,0.85610146 -0.15095379 0.49427041,
  0.73674625 -0.16691007 0.65524499,0.47745648 -0.14407689 0.86676246,
  0.21607912 -0.082130844 0.97291538,-0.016974704 -0.12687955 0.99177288,
  0.38203965 0.057980536 -0.9223253,0.34237251 0.19302404 -0.91952313,
  0.25369801 0.30234551 -0.91881691,0.13498989 0.37088168 -0.91881691,
  0.650471 0.23498284 -0.72226764,0 0.39468404 -0.91881691,
  0.50273505 0.39223753 -0.77032927,-0.13498989 0.37088168 -0.91881691,
  0.33063546 0.57267741 -0.75014717,-0.25369801 0.30234551 -0.91881691,
  0.84361002 0.22604462 -0.48705847,0.11482849 0.65122472 -0.75014717,
  -0.3418064 0.19734202 -0.91881691,0.78475862 0.38310261 -0.48722305,
  -0.11482849 0.65122472 -0.75014717,-0.3886879 0.068536164 -0.91881691,
  0.56039027 0.66784712 -0.48983974,-0.33063546 0.57267741 -0.75014717,
  -0.3886879 -0.068536164 -0.91881691,0.29817743 0.81923577 -0.48983974,
  -0.50656291 0.42505675 -0.75014717,0.92654436 0.33311432 -0.17478671,
  -0.3418064 -0.19734202 -0.91881691,0 0.8718125 -0.48983974,
  -0.6213914 0.22616797 -0.75014717,0.80733556 0.57639711 -0.12639488,
  -0.25369801 -0.30234551 -0.91881691,-0.29817743 0.81923577 -0.48983974,
  -0.66127091 0 -0.75014717,0.49270877 0.85339662 -0.17015367,
  -0.13498989 -0.37088168 -0.91881691,-0.56039027 0.66784712 -0.48983974,
  0.961794 0.24273242 0.12662258,-0.6213914 -0.22616797 -0.75014717,
  0.17111596 0.97044683 -0.17015367,0 -0.39468404 -0.91881691,
  -0.75501177 0.43590625 -0.48983974,0.88926308 0.43660233 0.13634365,
  -0.50656291 -0.42505675 -0.75014717,-0.17111596 0.97044683 -0.17015367,
  0.13498989 -0.37088168 -0.91881691,-0.85856771 0.15138865 -0.48983974,
  0.63341418 0.75487363 0.17015367,-0.33063546 -0.57267741 -0.75014717,
  -0.49270877 0.85339662 -0.17015367,0.25369801 -0.30234551 -0.91881691,
  -0.85856771 -0.15138865 -0.48983974,0.33703265 0.92598959 0.17015367,
  -0.11482849 -0.65122472 -0.75014717,-0.75487363 0.63341418 -0.17015367,
  0.82827688 0.28557211 0.48208503,0.34237251 -0.19302404 -0.91952313,
  -0.75501177 -0.43590625 -0.48983974,0 0.98541754 0.17015367,
  0.11482849 -0.65122472 -0.75014717,-0.92598959 0.33703265 -0.17015367,
  0.66784712 0.56039027 0.48983974,0.38203965 -0.057980536 -0.9223253,
  -0.56039027 -0.66784712 -0.48983974,-0.33703265 0.92598959 0.17015367,
  0.33063546 -0.57267741 -0.75014717,-0.98541754 0 -0.17015367,
  0.43590625 0.75501177 0.48983974,-0.29817743 -0.81923577 -0.48983974,
  -0.63341418 0.75487363 0.17015367,0.6029265 0.13812297 0.78574912,
  0.50273505 -0.39223753 -0.77032927,-0.92598959 -0.33703265 -0.17015367,
  0.15138865 0.85856771 0.48983974,0 -0.8718125 -0.48983974,
  -0.85339662 0.49270877 0.17015367,0.58823837 0.30554571 0.74874391,
  0.650471 -0.23498284 -0.72226764,-0.75487363 -0.63341418 -0.17015367,
  -0.15138865 0.85856771 0.48983974,0.29817743 -0.81923577 -0.48983974,
  -0.97044683 0.17111596 0.17015367,0.42505675 0.50656291 0.75014717,
  -0.49270877 -0.85339662 -0.17015367,-0.43590625 0.75501177 0.48983974,
  0.56039027 -0.66784712 -0.48983974,-0.97044683 -0.17111596 0.17015367,
  0.22616797 0.6213914 0.75014717,-0.17111596 -0.97044683 -0.17015367,
  -0.66784712 0.56039027 0.48983974,0.380603 0.10413129 0.91885692,
  0.78475862 -0.38310261 -0.48722305,-0.85339662 -0.49270877 0.17015367,
  0 0.66127091 0.75014717,0.17111596 -0.97044683 -0.17015367,
  -0.81923577 0.29817743 0.48983974,0.32614066 0.23051014 0.91678642,
  0.84361002 -0.22604462 -0.48705847,-0.63341418 -0.75487363 0.17015367,
  -0.22616797 0.6213914 0.75014717,0.49270877 -0.85339662 -0.17015367,
  -0.8718125 0 0.48983974,0.19734202 0.3418064 0.91881691,
  -0.33703265 -0.92598959 0.17015367,-0.42505675 0.50656291 0.75014717,
  0.80733556 -0.57639711 -0.12639488,-0.81923577 -0.29817743 0.48983974,
  0.068536164 0.3886879 0.91881691,0 -0.98541754 0.17015367,
  -0.57267741 0.33063546 0.75014717,0.92654436 -0.33311432 -0.17478671,
  -0.66784712 -0.56039027 0.48983974,-0.068536164 0.3886879 0.91881691,
  0.33703265 -0.92598959 0.17015367,-0.65122472 0.11482849 0.75014717,
  -0.43590625 -0.75501177 0.48983974,-0.19734202 0.3418064 0.91881691,
  0.63341418 -0.75487363 0.17015367,-0.65122472 -0.11482849 0.75014717,
  -0.15138865 -0.85856771 0.48983974,-0.30234551 0.25369801 0.91881691,
  0.88926308 -0.43660233 0.13634365,-0.57267741 -0.33063546 0.75014717,
  0.15138865 -0.85856771 0.48983974,-0.37088168 0.13498989 0.91881691,
  0.961794 -0.24273242 0.12662258,-0.42505675 -0.50656291 0.75014717,
  0.43590625 -0.75501177 0.48983974,-0.39468404 0 0.91881691,
  -0.22616797 -0.6213914 0.75014717,0.66784712 -0.56039027 0.48983974,
  -0.37088168 -0.13498989 0.91881691,0 -0.66127091 0.75014717,
  0.82827688 -0.28557211 0.48208503,-0.30234551 -0.25369801 0.91881691,
  0.22616797 -0.6213914 0.75014717,-0.19734202 -0.3418064 0.91881691,
  0.42505675 -0.50656291 0.75014717,-0.068536164 -0.3886879 0.91881691,
  0.58823837 -0.30554571 0.74874391,0.068536164 -0.3886879 0.91881691,
  0.6029265 -0.13812297 0.78574912,0.19734202 -0.3418064 0.91881691,
  0.32614066 -0.23051014 0.91678642,0.380603 -0.10413129 0.91885692] }
}
}
] }
DEF TXFM_26 Transform {
  center 0 0 0
  rotation 0 0 1 0
  scale 1 1 1
  scaleOrientation 0 0 1 0
  translation 0 0 0
 children [
DEF SHAPE_23 Shape {
 appearance USE APP_1
 geometry DEF FACE_23 IndexedFaceSet {
  coord DEF COORD_23 Coordinate { point [
  0.19685039 -0.59055118 0,0.21009704 -0.59055118 0.0017439538,
  0.22244094 -0.59055118 0.0068569675,0.2330409 -0.59055118 0.014990598,
  0.24117453 -0.59055118 0.025590551,0.24628754 -0.59055118 0.037934458,
  0.2480315 -0.59055118 0.051181102,0.24628754 -0.59055118 0.064427746,
  0.24117453 -0.59055118 0.076771654,0.2330409 -0.59055118 0.087371607,
  0.22244094 -0.59055118 0.095505237,0.21009704 -0.59055118 0.10061825,
  0.19685039 -0.59055118 0.1023622,0.19685039 -0.59055118 0,
  0.21009704 -0.59055118 0.0017439538,0.22244094 -0.59055118 0.0068569675,
  0.2330409 -0.59055118 0.014990598,0.24117453 -0.59055118 0.025590551,
  0.24628754 -0.59055118 0.037934458,0.2480315 -0.59055118 0.051181102,
  0.24628754 -0.59055118 0.064427746,0.24117453 -0.59055118 0.076771654,
  0.2330409 -0.59055118 0.087371607,0.22244094 -0.59055118 0.095505237,
  0.21009704 -0.59055118 0.10061825,0.19685039 -0.59055118 0.1023622,
  0.21408942 -0.58751148 0.0030865981,0.21201014 -0.5817987 0.0030865981,
  0.20810237 -0.5771416 0.0030865981,0.20283745 -0.57410189 0.0030865981,
  0.22776495 -0.5792992 0.011974103,0.19685039 -0.57304621 0.0030865981,
  0.22205217 -0.56940438 0.011974103,0.19086334 -0.57410189 0.0030865981,
  0.21329968 -0.56206018 0.011974103,0.18559842 -0.5771416 0.0030865981,
  0.24050115 -0.58285438 0.025590551,0.20256317 -0.55815241 0.011974103,
  0.18169065 -0.5817987 0.0030865981,0.23523622 -0.56838911 0.025590551,
  0.19113762 -0.55815241 0.011974103,0.17961137 -0.58751148 0.0030865981,
  0.2253414 -0.55659692 0.025590551,0.1804011 -0.56206018 0.011974103,
  0.17961137 -0.59359089 0.0030865981,0.21201014 -0.54890012 0.025590551,
  0.17164862 -0.56940438 0.011974103,0.24421423 -0.57331215 0.042293597,
  0.18169065 -0.59930367 0.0030865981,0.19685039 -0.54622705 0.025590551,
  0.16593584 -0.5792992 0.011974103,0.23546175 -0.55815241 0.042293597,
  0.18559842 -0.60396076 0.0030865981,0.18169065 -0.54890012 0.025590551,
  0.16395182 -0.59055118 0.011974103,0.22205217 -0.54690043 0.042293597,
  0.19086334 -0.60700047 0.0030865981,0.16835939 -0.55659692 0.025590551,
  0.2464882 -0.5817987 0.060068608,0.16593584 -0.60180316 0.011974103,
  0.20560288 -0.54091338 0.042293597,0.19685039 -0.60805615 0.0030865981,
  0.15846457 -0.56838911 0.025590551,0.24050115 -0.56534941 0.060068608,
  0.17164862 -0.61169798 0.011974103,0.18809791 -0.54091338 0.042293597,
  0.20283745 -0.60700047 0.0030865981,0.15319964 -0.58285438 0.025590551,
  0.22924917 -0.55193982 0.060068608,0.1804011 -0.61904219 0.011974103,
  0.17164862 -0.54690043 0.042293597,0.20810237 -0.60396076 0.0030865981,
  0.15319964 -0.59824799 0.025590551,0.21408942 -0.54318734 0.060068608,
  0.19113762 -0.62294996 0.011974103,0.15823904 -0.55815241 0.042293597,
  0.23850146 -0.57539143 0.076771654,0.21201014 -0.59930367 0.0030865981,
  0.15846457 -0.61271325 0.025590551,0.19685039 -0.54014763 0.060068608,
  0.20256317 -0.62294996 0.011974103,0.14948655 -0.57331215 0.042293597,
  0.23080465 -0.56206018 0.076771654,0.21408942 -0.59359089 0.0030865981,
  0.16835939 -0.62450544 0.025590551,0.17961137 -0.54318734 0.060068608,
  0.21329968 -0.61904219 0.011974103,0.14644685 -0.59055118 0.042293597,
  0.21901246 -0.55216535 0.076771654,0.18169065 -0.63220224 0.025590551,
  0.16445162 -0.55193982 0.060068608,0.22924917 -0.5848384 0.090388101,
  0.22205217 -0.61169798 0.011974103,0.14948655 -0.60779021 0.042293597,
  0.2045472 -0.54690043 0.076771654,0.19685039 -0.63487532 0.025590551,
  0.15319964 -0.56534941 0.060068608,0.2253414 -0.57410189 0.090388101,
  0.22776495 -0.60180316 0.011974103,0.15823904 -0.62294996 0.042293597,
  0.18915359 -0.54690043 0.076771654,0.21201014 -0.63220224 0.025590551,
  0.14721259 -0.5817987 0.060068608,0.21799719 -0.56534941 0.090388101,
  0.17164862 -0.63420193 0.042293597,0.17468833 -0.55216535 0.076771654,
  0.2253414 -0.62450544 0.025590551,0.14721259 -0.59930367 0.060068608,
  0.20810237 -0.55963663 0.090388101,0.18809791 -0.64018898 0.042293597,
  0.16289614 -0.56206018 0.076771654,0.21329968 -0.58456413 0.099275607,
  0.23523622 -0.61271325 0.025590551,0.15319964 -0.61575295 0.060068608,
  0.19685039 -0.5576526 0.090388101,0.20560288 -0.64018898 0.042293597,
  0.15519933 -0.57539143 0.076771654,0.21025998 -0.5792992 0.099275607,
  0.24050115 -0.59824799 0.025590551,0.16445162 -0.62916254 0.060068608,
  0.18559842 -0.55963663 0.090388101,0.22205217 -0.63420193 0.042293597,
  0.15252626 -0.59055118 0.076771654,0.20560288 -0.57539143 0.099275607,
  0.17961137 -0.63791502 0.060068608,0.1757036 -0.56534941 0.090388101,
  0.23546175 -0.62294996 0.042293597,0.15519933 -0.60571093 0.076771654,
  0.1998901 -0.57331215 0.099275607,0.19685039 -0.64095473 0.060068608,
  0.16835939 -0.57410189 0.090388101,0.24421423 -0.60779021 0.042293597,
  0.16289614 -0.61904219 0.076771654,0.19381069 -0.57331215 0.099275607,
  0.21408942 -0.63791502 0.060068608,0.16445162 -0.5848384 0.090388101,
  0.17468833 -0.62893701 0.076771654,0.18809791 -0.57539143 0.099275607,
  0.22924917 -0.62916254 0.060068608,0.16445162 -0.59626396 0.090388101,
  0.18915359 -0.63420193 0.076771654,0.18344081 -0.5792992 0.099275607,
  0.24050115 -0.61575295 0.060068608,0.16835939 -0.60700047 0.090388101,
  0.2045472 -0.63420193 0.076771654,0.1804011 -0.58456413 0.099275607,
  0.2464882 -0.59930367 0.060068608,0.1757036 -0.61575295 0.090388101,
  0.21901246 -0.62893701 0.076771654,0.17934543 -0.59055118 0.099275607,
  0.18559842 -0.62146573 0.090388101,0.23080465 -0.61904219 0.076771654,
  0.1804011 -0.59653823 0.099275607,0.19685039 -0.62344976 0.090388101,
  0.23850146 -0.60571093 0.076771654,0.18344081 -0.60180316 0.099275607,
  0.20810237 -0.62146573 0.090388101,0.18809791 -0.60571093 0.099275607,
  0.21799719 -0.61575295 0.090388101,0.19381069 -0.60779021 0.099275607,
  0.2253414 -0.60700047 0.090388101,0.1998901 -0.60779021 0.099275607,
  0.22924917 -0.59626396 0.090388101,0.20560288 -0.60571093 0.099275607,
  0.21025998 -0.60180316 0.099275607,0.21329968 -0.59653823 0.099275607] }
 coordIndex [
  26,2,1,-1,27,1,0,-1,27,26,1,-1,27,2,26,-1,28,27,0,-1,29,28,0,-1,30,3,2,-1,31,29,0,-1,
  32,2,27,-1,32,30,2,-1,32,27,28,-1,33,31,0,-1,34,28,29,-1,34,32,28,-1,35,33,0,-1,36,4,3,-1,
  36,5,4,-1,37,34,29,-1,37,29,31,-1,38,35,0,-1,39,5,36,-1,39,3,30,-1,39,30,32,-1,39,36,3,-1,
  40,31,33,-1,40,37,31,-1,41,38,0,-1,42,32,34,-1,42,39,32,-1,43,33,35,-1,43,40,33,-1,44,0,13,-1,
  44,41,0,-1,45,34,37,-1,45,42,34,-1,46,43,35,-1,46,35,38,-1,47,6,5,-1,47,5,39,-1,48,44,13,-1,
  49,45,37,-1,49,37,40,-1,50,46,38,-1,50,38,41,-1,51,47,39,-1,51,39,42,-1,51,6,47,-1,52,48,13,-1,
  53,40,43,-1,53,49,40,-1,54,50,41,-1,54,41,44,-1,55,42,45,-1,55,51,42,-1,56,52,13,-1,57,53,43,-1,
  57,43,46,-1,58,7,6,-1,59,54,44,-1,59,44,48,-1,60,45,49,-1,60,55,45,-1,61,56,13,-1,62,46,50,-1,
  62,57,46,-1,63,58,6,-1,63,7,58,-1,63,6,51,-1,64,48,52,-1,64,59,48,-1,65,49,53,-1,65,60,49,-1,
  66,61,13,-1,67,62,50,-1,67,50,54,-1,68,63,51,-1,68,51,55,-1,69,52,56,-1,69,64,52,-1,70,53,57,-1,
  70,65,53,-1,71,66,13,-1,72,54,59,-1,72,67,54,-1,73,55,60,-1,73,68,55,-1,74,56,61,-1,74,69,56,-1,
  75,57,62,-1,75,70,57,-1,76,8,7,-1,76,9,8,-1,76,7,63,-1,77,13,14,-1,77,71,13,-1,78,72,59,-1,
  78,59,64,-1,79,60,65,-1,79,73,60,-1,80,61,66,-1,80,74,61,-1,81,75,62,-1,81,62,67,-1,82,76,63,-1,
  82,63,68,-1,83,77,14,-1,83,15,77,-1,83,14,15,-1,84,78,64,-1,84,64,69,-1,85,79,65,-1,85,65,70,-1,
  86,80,66,-1,86,66,71,-1,87,81,67,-1,87,67,72,-1,88,82,68,-1,88,68,73,-1,89,84,69,-1,89,69,74,-1,
  90,85,70,-1,90,70,75,-1,91,10,9,-1,92,77,15,-1,92,71,77,-1,92,86,71,-1,93,87,72,-1,93,72,78,-1,
  94,73,79,-1,94,88,73,-1,95,74,80,-1,95,89,74,-1,96,90,75,-1,96,75,81,-1,97,76,82,-1,97,10,91,-1,
  97,9,76,-1,97,91,9,-1,98,92,15,-1,98,15,16,-1,99,78,84,-1,99,93,78,-1,100,94,79,-1,100,79,85,-1,
  101,95,80,-1,101,80,86,-1,102,81,87,-1,102,96,81,-1,103,97,82,-1,103,82,88,-1,104,99,84,-1,104,84,89,-1,
  105,85,90,-1,105,100,85,-1,106,86,92,-1,106,101,86,-1,107,102,87,-1,107,87,93,-1,108,88,94,-1,108,103,88,-1,
  109,89,95,-1,109,104,89,-1,110,90,96,-1,110,105,90,-1,111,11,10,-1,112,92,98,-1,112,98,16,-1,112,106,92,-1,
  113,93,99,-1,113,107,93,-1,114,108,94,-1,114,94,100,-1,115,95,101,-1,115,109,95,-1,116,96,102,-1,116,110,96,-1,
  117,12,11,-1,117,10,97,-1,117,97,103,-1,117,11,111,-1,117,111,10,-1,118,16,17,-1,118,17,18,-1,118,112,16,-1,
  118,18,112,-1,119,113,99,-1,119,99,104,-1,120,114,100,-1,120,100,105,-1,121,115,101,-1,121,101,106,-1,122,102,107,-1,
  122,116,102,-1,123,12,117,-1,123,117,103,-1,123,103,108,-1,124,119,104,-1,124,104,109,-1,125,105,110,-1,125,120,105,-1,
  126,106,112,-1,126,121,106,-1,127,107,113,-1,127,122,107,-1,128,123,108,-1,128,12,123,-1,128,108,114,-1,129,109,115,-1,
  129,124,109,-1,130,125,110,-1,130,110,116,-1,131,18,19,-1,131,19,126,-1,131,126,112,-1,131,112,18,-1,132,113,119,-1,
  132,127,113,-1,133,114,120,-1,133,12,128,-1,133,128,114,-1,134,115,121,-1,134,129,115,-1,135,116,122,-1,135,130,116,-1,
  136,119,124,-1,136,132,119,-1,137,12,133,-1,137,120,125,-1,137,133,120,-1,138,121,126,-1,138,134,121,-1,139,122,127,-1,
  139,135,122,-1,140,124,129,-1,140,136,124,-1,141,125,130,-1,141,12,137,-1,141,137,125,-1,142,126,19,-1,142,138,126,-1,
  143,139,127,-1,143,127,132,-1,144,129,134,-1,144,140,129,-1,145,130,135,-1,145,12,141,-1,145,141,130,-1,146,19,20,-1,
  146,20,142,-1,146,142,19,-1,147,132,136,-1,147,143,132,-1,148,144,134,-1,148,134,138,-1,149,145,135,-1,149,25,12,-1,
  149,135,139,-1,149,12,145,-1,150,136,140,-1,150,147,136,-1,151,148,138,-1,151,138,142,-1,152,25,149,-1,152,149,139,-1,
  152,139,143,-1,153,140,144,-1,153,150,140,-1,154,20,21,-1,154,21,22,-1,154,151,142,-1,154,142,20,-1,155,143,147,-1,
  155,152,143,-1,155,25,152,-1,156,153,144,-1,156,144,148,-1,157,147,150,-1,157,155,147,-1,157,25,155,-1,158,148,151,-1,
  158,156,148,-1,159,157,150,-1,159,150,153,-1,159,25,157,-1,160,154,22,-1,160,151,154,-1,160,158,151,-1,161,153,156,-1,
  161,25,159,-1,161,159,153,-1,162,23,160,-1,162,22,23,-1,162,160,22,-1,163,25,161,-1,163,156,158,-1,163,161,156,-1,
  164,160,23,-1,164,158,160,-1,164,24,25,-1,164,163,158,-1,164,25,163,-1,165,23,24,-1,165,164,23,-1,165,24,164,-1]
  normalPerVertex TRUE
  normal DEF NORM_23 Normal { vector [
  -0.021981502 0.11904181 -0.99264589,0.20566564 0.07163335 -0.97599708,
  0.48926792 0.15948411 -0.85742739,0.72442018 0.17410448 -0.66701052,
  0.86355026 0.075550858 -0.49857097,0.93215578 0.2092595 -0.29545909,
  0.95567918 0.29384961 -0.018157752,0.92546944 0.20849861 0.31628254,
  0.85610146 0.15095379 0.49427041,0.73674625 0.16691007 0.65524499,
  0.47745648 0.14407689 0.86676246,0.21607912 0.082130844 0.97291538,
  -0.016974704 0.12687955 0.99177288,-0.0027636606 -0.13351108 -0.99104347,
  0.20566564 -0.07163335 -0.97599708,0.48926792 -0.15948411 -0.85742739,
  0.72442018 -0.17410448 -0.66701052,0.86355026 -0.075550858 -0.49857097,
  0.93215578 -0.2092595 -0.29545909,0.95567918 -0.29384961 -0.018157752,
  0.92546944 -0.20849861 0.31628254,0.85610146 -0.15095379 0.49427041,
  0.73674625 -0.16691007 0.65524499,0.47745648 -0.14407689 0.86676246,
  0.21607912 -0.082130844 0.97291538,-0.016974704 -0.12687955 0.99177288,
  0.38203965 0.057980536 -0.9223253,0.34237251 0.19302404 -0.91952313,
  0.25369801 0.30234551 -0.91881691,0.13498989 0.37088168 -0.91881691,
  0.650471 0.23498284 -0.72226764,0 0.39468404 -0.91881691,
  0.50273505 0.39223753 -0.77032927,-0.13498989 0.37088168 -0.91881691,
  0.33063546 0.57267741 -0.75014717,-0.25369801 0.30234551 -0.91881691,
  0.84361002 0.22604462 -0.48705847,0.11482849 0.65122472 -0.75014717,
  -0.3418064 0.19734202 -0.91881691,0.78475862 0.38310261 -0.48722305,
  -0.11482849 0.65122472 -0.75014717,-0.3886879 0.068536164 -0.91881691,
  0.56039027 0.66784712 -0.48983974,-0.33063546 0.57267741 -0.75014717,
  -0.3886879 -0.068536164 -0.91881691,0.29817743 0.81923577 -0.48983974,
  -0.50656291 0.42505675 -0.75014717,0.92654436 0.33311432 -0.17478671,
  -0.3418064 -0.19734202 -0.91881691,0 0.8718125 -0.48983974,
  -0.6213914 0.22616797 -0.75014717,0.80733556 0.57639711 -0.12639488,
  -0.25369801 -0.30234551 -0.91881691,-0.29817743 0.81923577 -0.48983974,
  -0.66127091 0 -0.75014717,0.49270877 0.85339662 -0.17015367,
  -0.13498989 -0.37088168 -0.91881691,-0.56039027 0.66784712 -0.48983974,
  0.961794 0.24273242 0.12662258,-0.6213914 -0.22616797 -0.75014717,
  0.17111596 0.97044683 -0.17015367,0 -0.39468404 -0.91881691,
  -0.75501177 0.43590625 -0.48983974,0.88926308 0.43660233 0.13634365,
  -0.50656291 -0.42505675 -0.75014717,-0.17111596 0.97044683 -0.17015367,
  0.13498989 -0.37088168 -0.91881691,-0.85856771 0.15138865 -0.48983974,
  0.63341418 0.75487363 0.17015367,-0.33063546 -0.57267741 -0.75014717,
  -0.49270877 0.85339662 -0.17015367,0.25369801 -0.30234551 -0.91881691,
  -0.85856771 -0.15138865 -0.48983974,0.33703265 0.92598959 0.17015367,
  -0.11482849 -0.65122472 -0.75014717,-0.75487363 0.63341418 -0.17015367,
  0.82827688 0.28557211 0.48208503,0.34237251 -0.19302404 -0.91952313,
  -0.75501177 -0.43590625 -0.48983974,0 0.98541754 0.17015367,
  0.11482849 -0.65122472 -0.75014717,-0.92598959 0.33703265 -0.17015367,
  0.66784712 0.56039027 0.48983974,0.38203965 -0.057980536 -0.9223253,
  -0.56039027 -0.66784712 -0.48983974,-0.33703265 0.92598959 0.17015367,
  0.33063546 -0.57267741 -0.75014717,-0.98541754 0 -0.17015367,
  0.43590625 0.75501177 0.48983974,-0.29817743 -0.81923577 -0.48983974,
  -0.63341418 0.75487363 0.17015367,0.6029265 0.13812297 0.78574912,
  0.50273505 -0.39223753 -0.77032927,-0.92598959 -0.33703265 -0.17015367,
  0.15138865 0.85856771 0.48983974,0 -0.8718125 -0.48983974,
  -0.85339662 0.49270877 0.17015367,0.58823837 0.30554571 0.74874391,
  0.650471 -0.23498284 -0.72226764,-0.75487363 -0.63341418 -0.17015367,
  -0.15138865 0.85856771 0.48983974,0.29817743 -0.81923577 -0.48983974,
  -0.97044683 0.17111596 0.17015367,0.42505675 0.50656291 0.75014717,
  -0.49270877 -0.85339662 -0.17015367,-0.43590625 0.75501177 0.48983974,
  0.56039027 -0.66784712 -0.48983974,-0.97044683 -0.17111596 0.17015367,
  0.22616797 0.6213914 0.75014717,-0.17111596 -0.97044683 -0.17015367,
  -0.66784712 0.56039027 0.48983974,0.380603 0.10413129 0.91885692,
  0.78475862 -0.38310261 -0.48722305,-0.85339662 -0.49270877 0.17015367,
  0 0.66127091 0.75014717,0.17111596 -0.97044683 -0.17015367,
  -0.81923577 0.29817743 0.48983974,0.32614066 0.23051014 0.91678642,
  0.84361002 -0.22604462 -0.48705847,-0.63341418 -0.75487363 0.17015367,
  -0.22616797 0.6213914 0.75014717,0.49270877 -0.85339662 -0.17015367,
  -0.8718125 0 0.48983974,0.19734202 0.3418064 0.91881691,
  -0.33703265 -0.92598959 0.17015367,-0.42505675 0.50656291 0.75014717,
  0.80733556 -0.57639711 -0.12639488,-0.81923577 -0.29817743 0.48983974,
  0.068536164 0.3886879 0.91881691,0 -0.98541754 0.17015367,
  -0.57267741 0.33063546 0.75014717,0.92654436 -0.33311432 -0.17478671,
  -0.66784712 -0.56039027 0.48983974,-0.068536164 0.3886879 0.91881691,
  0.33703265 -0.92598959 0.17015367,-0.65122472 0.11482849 0.75014717,
  -0.43590625 -0.75501177 0.48983974,-0.19734202 0.3418064 0.91881691,
  0.63341418 -0.75487363 0.17015367,-0.65122472 -0.11482849 0.75014717,
  -0.15138865 -0.85856771 0.48983974,-0.30234551 0.25369801 0.91881691,
  0.88926308 -0.43660233 0.13634365,-0.57267741 -0.33063546 0.75014717,
  0.15138865 -0.85856771 0.48983974,-0.37088168 0.13498989 0.91881691,
  0.961794 -0.24273242 0.12662258,-0.42505675 -0.50656291 0.75014717,
  0.43590625 -0.75501177 0.48983974,-0.39468404 0 0.91881691,
  -0.22616797 -0.6213914 0.75014717,0.66784712 -0.56039027 0.48983974,
  -0.37088168 -0.13498989 0.91881691,0 -0.66127091 0.75014717,
  0.82827688 -0.28557211 0.48208503,-0.30234551 -0.25369801 0.91881691,
  0.22616797 -0.6213914 0.75014717,-0.19734202 -0.3418064 0.91881691,
  0.42505675 -0.50656291 0.75014717,-0.068536164 -0.3886879 0.91881691,
  0.58823837 -0.30554571 0.74874391,0.068536164 -0.3886879 0.91881691,
  0.6029265 -0.13812297 0.78574912,0.19734202 -0.3418064 0.91881691,
  0.32614066 -0.23051014 0.91678642,0.380603 -0.10413129 0.91885692] }
}
}
] }
DEF TXFM_27 Transform {
  center 0 0 0
  rotation 0 0 1 0
  scale 1 1 1
  scaleOrientation 0 0 1 0
  translation 0 0 0
 children [
DEF SHAPE_24 Shape {
 appearance USE APP_1
 geometry DEF FACE_24 IndexedFaceSet {
  coord DEF COORD_24 Coordinate { point [
  0.19685039 -0.98425197 0,0.21009704 -0.98425197 0.0017439538,
  0.22244094 -0.98425197 0.0068569675,0.2330409 -0.98425197 0.014990598,
  0.24117453 -0.98425197 0.025590551,0.24628754 -0.98425197 0.037934458,
  0.2480315 -0.98425197 0.051181102,0.24628754 -0.98425197 0.064427746,
  0.24117453 -0.98425197 0.076771654,0.2330409 -0.98425197 0.087371607,
  0.22244094 -0.98425197 0.095505237,0.21009704 -0.98425197 0.10061825,
  0.19685039 -0.98425197 0.1023622,0.19685039 -0.98425197 0,
  0.21009704 -0.98425197 0.0017439538,0.22244094 -0.98425197 0.0068569675,
  0.2330409 -0.98425197 0.014990598,0.24117453 -0.98425197 0.025590551,
  0.24628754 -0.98425197 0.037934458,0.2480315 -0.98425197 0.051181102,
  0.24628754 -0.98425197 0.064427746,0.24117453 -0.98425197 0.076771654,
  0.2330409 -0.98425197 0.087371607,0.22244094 -0.98425197 0.095505237,
  0.21009704 -0.98425197 0.10061825,0.19685039 -0.98425197 0.1023622,
  0.21408942 -0.98121226 0.0030865981,0.21201014 -0.97549948 0.0030865981,
  0.20810237 -0.97084239 0.0030865981,0.20283745 -0.96780268 0.0030865981,
  0.22776495 -0.97299999 0.011974103,0.19685039 -0.966747 0.0030865981,
  0.22205217 -0.96310517 0.011974103,0.19086334 -0.96780268 0.0030865981,
  0.21329968 -0.95576096 0.011974103,0.18559842 -0.97084239 0.0030865981,
  0.24050115 -0.97655516 0.025590551,0.20256317 -0.95185319 0.011974103,
  0.18169065 -0.97549948 0.0030865981,0.23523622 -0.9620899 0.025590551,
  0.19113762 -0.95185319 0.011974103,0.17961137 -0.98121226 0.0030865981,
  0.2253414 -0.95029771 0.025590551,0.1804011 -0.95576096 0.011974103,
  0.17961137 -0.98729167 0.0030865981,0.21201014 -0.94260091 0.025590551,
  0.17164862 -0.96310517 0.011974103,0.24421423 -0.96701294 0.042293597,
  0.18169065 -0.99300445 0.0030865981,0.19685039 -0.93992783 0.025590551,
  0.16593584 -0.97299999 0.011974103,0.23546175 -0.95185319 0.042293597,
  0.18559842 -0.99766155 0.0030865981,0.18169065 -0.94260091 0.025590551,
  0.16395182 -0.98425197 0.011974103,0.22205217 -0.94060122 0.042293597,
  0.19086334 -1.0007013 0.0030865981,0.16835939 -0.95029771 0.025590551,
  0.2464882 -0.97549948 0.060068608,0.16593584 -0.99550395 0.011974103,
  0.20560288 -0.93461417 0.042293597,0.19685039 -1.0017569 0.0030865981,
  0.15846457 -0.9620899 0.025590551,0.24050115 -0.9590502 0.060068608,
  0.17164862 -1.0053988 0.011974103,0.18809791 -0.93461417 0.042293597,
  0.20283745 -1.0007013 0.0030865981,0.15319964 -0.97655516 0.025590551,
  0.22924917 -0.94564061 0.060068608,0.1804011 -1.012743 0.011974103,
  0.17164862 -0.94060122 0.042293597,0.20810237 -0.99766155 0.0030865981,
  0.15319964 -0.99194877 0.025590551,0.21408942 -0.93688813 0.060068608,
  0.19113762 -1.0166507 0.011974103,0.15823904 -0.95185319 0.042293597,
  0.23850146 -0.96909222 0.076771654,0.21201014 -0.99300445 0.0030865981,
  0.15846457 -1.006414 0.025590551,0.19685039 -0.93384842 0.060068608,
  0.20256317 -1.0166507 0.011974103,0.14948655 -0.96701294 0.042293597,
  0.23080465 -0.95576096 0.076771654,0.21408942 -0.98729167 0.0030865981,
  0.16835939 -1.0182062 0.025590551,0.17961137 -0.93688813 0.060068608,
  0.21329968 -1.012743 0.011974103,0.14644685 -0.98425197 0.042293597,
  0.21901246 -0.94586614 0.076771654,0.18169065 -1.025903 0.025590551,
  0.16445162 -0.94564061 0.060068608,0.22924917 -0.97853919 0.090388101,
  0.22205217 -1.0053988 0.011974103,0.14948655 -1.001491 0.042293597,
  0.2045472 -0.94060122 0.076771654,0.19685039 -1.0285761 0.025590551,
  0.15319964 -0.9590502 0.060068608,0.2253414 -0.96780268 0.090388101,
  0.22776495 -0.99550395 0.011974103,0.15823904 -1.0166507 0.042293597,
  0.18915359 -0.94060122 0.076771654,0.21201014 -1.025903 0.025590551,
  0.14721259 -0.97549948 0.060068608,0.21799719 -0.9590502 0.090388101,
  0.17164862 -1.0279027 0.042293597,0.17468833 -0.94586614 0.076771654,
  0.2253414 -1.0182062 0.025590551,0.14721259 -0.99300445 0.060068608,
  0.20810237 -0.95333742 0.090388101,0.18809791 -1.0338898 0.042293597,
  0.16289614 -0.95576096 0.076771654,0.21329968 -0.97826492 0.099275607,
  0.23523622 -1.006414 0.025590551,0.15319964 -1.0094537 0.060068608,
  0.19685039 -0.95135339 0.090388101,0.20560288 -1.0338898 0.042293597,
  0.15519933 -0.96909222 0.076771654,0.21025998 -0.97299999 0.099275607,
  0.24050115 -0.99194877 0.025590551,0.16445162 -1.0228633 0.060068608,
  0.18559842 -0.95333742 0.090388101,0.22205217 -1.0279027 0.042293597,
  0.15252626 -0.98425197 0.076771654,0.20560288 -0.96909222 0.099275607,
  0.17961137 -1.0316158 0.060068608,0.1757036 -0.9590502 0.090388101,
  0.23546175 -1.0166507 0.042293597,0.15519933 -0.99941172 0.076771654,
  0.1998901 -0.96701294 0.099275607,0.19685039 -1.0346555 0.060068608,
  0.16835939 -0.96780268 0.090388101,0.24421423 -1.001491 0.042293597,
  0.16289614 -1.012743 0.076771654,0.19381069 -0.96701294 0.099275607,
  0.21408942 -1.0316158 0.060068608,0.16445162 -0.97853919 0.090388101,
  0.17468833 -1.0226378 0.076771654,0.18809791 -0.96909222 0.099275607,
  0.22924917 -1.0228633 0.060068608,0.16445162 -0.98996475 0.090388101,
  0.18915359 -1.0279027 0.076771654,0.18344081 -0.97299999 0.099275607,
  0.24050115 -1.0094537 0.060068608,0.16835939 -1.0007013 0.090388101,
  0.2045472 -1.0279027 0.076771654,0.1804011 -0.97826492 0.099275607,
  0.2464882 -0.99300445 0.060068608,0.1757036 -1.0094537 0.090388101,
  0.21901246 -1.0226378 0.076771654,0.17934543 -0.98425197 0.099275607,
  0.18559842 -1.0151665 0.090388101,0.23080465 -1.012743 0.076771654,
  0.1804011 -0.99023902 0.099275607,0.19685039 -1.0171505 0.090388101,
  0.23850146 -0.99941172 0.076771654,0.18344081 -0.99550395 0.099275607,
  0.20810237 -1.0151665 0.090388101,0.18809791 -0.99941172 0.099275607,
  0.21799719 -1.0094537 0.090388101,0.19381069 -1.001491 0.099275607,
  0.2253414 -1.0007013 0.090388101,0.1998901 -1.001491 0.099275607,
  0.22924917 -0.98996475 0.090388101,0.20560288 -0.99941172 0.099275607,
  0.21025998 -0.99550395 0.099275607,0.21329968 -0.99023902 0.099275607] }
 coordIndex [
  26,2,1,-1,27,1,0,-1,27,26,1,-1,27,2,26,-1,28,27,0,-1,29,28,0,-1,30,3,2,-1,31,29,0,-1,
  32,2,27,-1,32,30,2,-1,32,27,28,-1,33,31,0,-1,34,28,29,-1,34,32,28,-1,35,33,0,-1,36,4,3,-1,
  36,5,4,-1,37,34,29,-1,37,29,31,-1,38,35,0,-1,39,5,36,-1,39,3,30,-1,39,30,32,-1,39,36,3,-1,
  40,31,33,-1,40,37,31,-1,41,38,0,-1,42,32,34,-1,42,39,32,-1,43,33,35,-1,43,40,33,-1,44,0,13,-1,
  44,41,0,-1,45,34,37,-1,45,42,34,-1,46,43,35,-1,46,35,38,-1,47,6,5,-1,47,5,39,-1,48,44,13,-1,
  49,45,37,-1,49,37,40,-1,50,46,38,-1,50,38,41,-1,51,47,39,-1,51,39,42,-1,51,6,47,-1,52,48,13,-1,
  53,40,43,-1,53,49,40,-1,54,50,41,-1,54,41,44,-1,55,42,45,-1,55,51,42,-1,56,52,13,-1,57,53,43,-1,
  57,43,46,-1,58,7,6,-1,59,54,44,-1,59,44,48,-1,60,45,49,-1,60,55,45,-1,61,56,13,-1,62,46,50,-1,
  62,57,46,-1,63,58,6,-1,63,7,58,-1,63,6,51,-1,64,48,52,-1,64,59,48,-1,65,49,53,-1,65,60,49,-1,
  66,61,13,-1,67,62,50,-1,67,50,54,-1,68,63,51,-1,68,51,55,-1,69,52,56,-1,69,64,52,-1,70,53,57,-1,
  70,65,53,-1,71,66,13,-1,72,54,59,-1,72,67,54,-1,73,55,60,-1,73,68,55,-1,74,56,61,-1,74,69,56,-1,
  75,57,62,-1,75,70,57,-1,76,8,7,-1,76,9,8,-1,76,7,63,-1,77,13,14,-1,77,71,13,-1,78,72,59,-1,
  78,59,64,-1,79,60,65,-1,79,73,60,-1,80,61,66,-1,80,74,61,-1,81,75,62,-1,81,62,67,-1,82,76,63,-1,
  82,63,68,-1,83,77,14,-1,83,15,77,-1,83,14,15,-1,84,78,64,-1,84,64,69,-1,85,79,65,-1,85,65,70,-1,
  86,80,66,-1,86,66,71,-1,87,81,67,-1,87,67,72,-1,88,82,68,-1,88,68,73,-1,89,84,69,-1,89,69,74,-1,
  90,85,70,-1,90,70,75,-1,91,10,9,-1,92,77,15,-1,92,71,77,-1,92,86,71,-1,93,87,72,-1,93,72,78,-1,
  94,73,79,-1,94,88,73,-1,95,74,80,-1,95,89,74,-1,96,90,75,-1,96,75,81,-1,97,76,82,-1,97,10,91,-1,
  97,9,76,-1,97,91,9,-1,98,92,15,-1,98,15,16,-1,99,78,84,-1,99,93,78,-1,100,94,79,-1,100,79,85,-1,
  101,95,80,-1,101,80,86,-1,102,81,87,-1,102,96,81,-1,103,97,82,-1,103,82,88,-1,104,99,84,-1,104,84,89,-1,
  105,85,90,-1,105,100,85,-1,106,86,92,-1,106,101,86,-1,107,102,87,-1,107,87,93,-1,108,88,94,-1,108,103,88,-1,
  109,89,95,-1,109,104,89,-1,110,90,96,-1,110,105,90,-1,111,11,10,-1,112,92,98,-1,112,98,16,-1,112,106,92,-1,
  113,93,99,-1,113,107,93,-1,114,108,94,-1,114,94,100,-1,115,95,101,-1,115,109,95,-1,116,96,102,-1,116,110,96,-1,
  117,12,11,-1,117,10,97,-1,117,97,103,-1,117,11,111,-1,117,111,10,-1,118,16,17,-1,118,17,18,-1,118,112,16,-1,
  118,18,112,-1,119,113,99,-1,119,99,104,-1,120,114,100,-1,120,100,105,-1,121,115,101,-1,121,101,106,-1,122,102,107,-1,
  122,116,102,-1,123,12,117,-1,123,117,103,-1,123,103,108,-1,124,119,104,-1,124,104,109,-1,125,105,110,-1,125,120,105,-1,
  126,106,112,-1,126,121,106,-1,127,107,113,-1,127,122,107,-1,128,123,108,-1,128,12,123,-1,128,108,114,-1,129,109,115,-1,
  129,124,109,-1,130,125,110,-1,130,110,116,-1,131,18,19,-1,131,19,126,-1,131,126,112,-1,131,112,18,-1,132,113,119,-1,
  132,127,113,-1,133,114,120,-1,133,12,128,-1,133,128,114,-1,134,115,121,-1,134,129,115,-1,135,116,122,-1,135,130,116,-1,
  136,119,124,-1,136,132,119,-1,137,12,133,-1,137,120,125,-1,137,133,120,-1,138,121,126,-1,138,134,121,-1,139,122,127,-1,
  139,135,122,-1,140,124,129,-1,140,136,124,-1,141,125,130,-1,141,12,137,-1,141,137,125,-1,142,126,19,-1,142,138,126,-1,
  143,139,127,-1,143,127,132,-1,144,129,134,-1,144,140,129,-1,145,130,135,-1,145,12,141,-1,145,141,130,-1,146,19,20,-1,
  146,20,142,-1,146,142,19,-1,147,132,136,-1,147,143,132,-1,148,144,134,-1,148,134,138,-1,149,145,135,-1,149,25,12,-1,
  149,135,139,-1,149,12,145,-1,150,136,140,-1,150,147,136,-1,151,148,138,-1,151,138,142,-1,152,25,149,-1,152,149,139,-1,
  152,139,143,-1,153,140,144,-1,153,150,140,-1,154,20,21,-1,154,21,22,-1,154,151,142,-1,154,142,20,-1,155,143,147,-1,
  155,152,143,-1,155,25,152,-1,156,153,144,-1,156,144,148,-1,157,147,150,-1,157,155,147,-1,157,25,155,-1,158,148,151,-1,
  158,156,148,-1,159,157,150,-1,159,150,153,-1,159,25,157,-1,160,154,22,-1,160,151,154,-1,160,158,151,-1,161,153,156,-1,
  161,25,159,-1,161,159,153,-1,162,23,160,-1,162,22,23,-1,162,160,22,-1,163,25,161,-1,163,156,158,-1,163,161,156,-1,
  164,160,23,-1,164,158,160,-1,164,24,25,-1,164,163,158,-1,164,25,163,-1,165,23,24,-1,165,164,23,-1,165,24,164,-1]
  normalPerVertex TRUE
  normal DEF NORM_24 Normal { vector [
  -0.021981502 0.11904181 -0.99264589,0.20566564 0.07163335 -0.97599708,
  0.48926792 0.15948411 -0.85742739,0.72442018 0.17410448 -0.66701052,
  0.86355026 0.075550858 -0.49857097,0.93215578 0.2092595 -0.29545909,
  0.95567918 0.29384961 -0.018157752,0.92546944 0.20849861 0.31628254,
  0.85610146 0.15095379 0.49427041,0.73674625 0.16691007 0.65524499,
  0.47745648 0.14407689 0.86676246,0.21607912 0.082130844 0.97291538,
  -0.016974704 0.12687955 0.99177288,-0.0027636606 -0.13351108 -0.99104347,
  0.20566564 -0.07163335 -0.97599708,0.48926792 -0.15948411 -0.85742739,
  0.72442018 -0.17410448 -0.66701052,0.86355026 -0.075550858 -0.49857097,
  0.93215578 -0.2092595 -0.29545909,0.95567918 -0.29384961 -0.018157752,
  0.92546944 -0.20849861 0.31628254,0.85610146 -0.15095379 0.49427041,
  0.73674625 -0.16691007 0.65524499,0.47745648 -0.14407689 0.86676246,
  0.21607912 -0.082130844 0.97291538,-0.016974704 -0.12687955 0.99177288,
  0.38203965 0.057980536 -0.9223253,0.34237251 0.19302404 -0.91952313,
  0.25369801 0.30234551 -0.91881691,0.13498989 0.37088168 -0.91881691,
  0.650471 0.23498284 -0.72226764,0 0.39468404 -0.91881691,
  0.50273505 0.39223753 -0.77032927,-0.13498989 0.37088168 -0.91881691,
  0.33063546 0.57267741 -0.75014717,-0.25369801 0.30234551 -0.91881691,
  0.84361002 0.22604462 -0.48705847,0.11482849 0.65122472 -0.75014717,
  -0.3418064 0.19734202 -0.91881691,0.78475862 0.38310261 -0.48722305,
  -0.11482849 0.65122472 -0.75014717,-0.3886879 0.068536164 -0.91881691,
  0.56039027 0.66784712 -0.48983974,-0.33063546 0.57267741 -0.75014717,
  -0.3886879 -0.068536164 -0.91881691,0.29817743 0.81923577 -0.48983974,
  -0.50656291 0.42505675 -0.75014717,0.92654436 0.33311432 -0.17478671,
  -0.3418064 -0.19734202 -0.91881691,0 0.8718125 -0.48983974,
  -0.6213914 0.22616797 -0.75014717,0.80733556 0.57639711 -0.12639488,
  -0.25369801 -0.30234551 -0.91881691,-0.29817743 0.81923577 -0.48983974,
  -0.66127091 0 -0.75014717,0.49270877 0.85339662 -0.17015367,
  -0.13498989 -0.37088168 -0.91881691,-0.56039027 0.66784712 -0.48983974,
  0.961794 0.24273242 0.12662258,-0.6213914 -0.22616797 -0.75014717,
  0.17111596 0.97044683 -0.17015367,0 -0.39468404 -0.91881691,
  -0.75501177 0.43590625 -0.48983974,0.88926308 0.43660233 0.13634365,
  -0.50656291 -0.42505675 -0.75014717,-0.17111596 0.97044683 -0.17015367,
  0.13498989 -0.37088168 -0.91881691,-0.85856771 0.15138865 -0.48983974,
  0.63341418 0.75487363 0.17015367,-0.33063546 -0.57267741 -0.75014717,
  -0.49270877 0.85339662 -0.17015367,0.25369801 -0.30234551 -0.91881691,
  -0.85856771 -0.15138865 -0.48983974,0.33703265 0.92598959 0.17015367,
  -0.11482849 -0.65122472 -0.75014717,-0.75487363 0.63341418 -0.17015367,
  0.82827688 0.28557211 0.48208503,0.34237251 -0.19302404 -0.91952313,
  -0.75501177 -0.43590625 -0.48983974,0 0.98541754 0.17015367,
  0.11482849 -0.65122472 -0.75014717,-0.92598959 0.33703265 -0.17015367,
  0.66784712 0.56039027 0.48983974,0.38203965 -0.057980536 -0.9223253,
  -0.56039027 -0.66784712 -0.48983974,-0.33703265 0.92598959 0.17015367,
  0.33063546 -0.57267741 -0.75014717,-0.98541754 0 -0.17015367,
  0.43590625 0.75501177 0.48983974,-0.29817743 -0.81923577 -0.48983974,
  -0.63341418 0.75487363 0.17015367,0.6029265 0.13812297 0.78574912,
  0.50273505 -0.39223753 -0.77032927,-0.92598959 -0.33703265 -0.17015367,
  0.15138865 0.85856771 0.48983974,0 -0.8718125 -0.48983974,
  -0.85339662 0.49270877 0.17015367,0.58823837 0.30554571 0.74874391,
  0.650471 -0.23498284 -0.72226764,-0.75487363 -0.63341418 -0.17015367,
  -0.15138865 0.85856771 0.48983974,0.29817743 -0.81923577 -0.48983974,
  -0.97044683 0.17111596 0.17015367,0.42505675 0.50656291 0.75014717,
  -0.49270877 -0.85339662 -0.17015367,-0.43590625 0.75501177 0.48983974,
  0.56039027 -0.66784712 -0.48983974,-0.97044683 -0.17111596 0.17015367,
  0.22616797 0.6213914 0.75014717,-0.17111596 -0.97044683 -0.17015367,
  -0.66784712 0.56039027 0.48983974,0.380603 0.10413129 0.91885692,
  0.78475862 -0.38310261 -0.48722305,-0.85339662 -0.49270877 0.17015367,
  0 0.66127091 0.75014717,0.17111596 -0.97044683 -0.17015367,
  -0.81923577 0.29817743 0.48983974,0.32614066 0.23051014 0.91678642,
  0.84361002 -0.22604462 -0.48705847,-0.63341418 -0.75487363 0.17015367,
  -0.22616797 0.6213914 0.75014717,0.49270877 -0.85339662 -0.17015367,
  -0.8718125 0 0.48983974,0.19734202 0.3418064 0.91881691,
  -0.33703265 -0.92598959 0.17015367,-0.42505675 0.50656291 0.75014717,
  0.80733556 -0.57639711 -0.12639488,-0.81923577 -0.29817743 0.48983974,
  0.068536164 0.3886879 0.91881691,0 -0.98541754 0.17015367,
  -0.57267741 0.33063546 0.75014717,0.92654436 -0.33311432 -0.17478671,
  -0.66784712 -0.56039027 0.48983974,-0.068536164 0.3886879 0.91881691,
  0.33703265 -0.92598959 0.17015367,-0.65122472 0.11482849 0.75014717,
  -0.43590625 -0.75501177 0.48983974,-0.19734202 0.3418064 0.91881691,
  0.63341418 -0.75487363 0.17015367,-0.65122472 -0.11482849 0.75014717,
  -0.15138865 -0.85856771 0.48983974,-0.30234551 0.25369801 0.91881691,
  0.88926308 -0.43660233 0.13634365,-0.57267741 -0.33063546 0.75014717,
  0.15138865 -0.85856771 0.48983974,-0.37088168 0.13498989 0.91881691,
  0.961794 -0.24273242 0.12662258,-0.42505675 -0.50656291 0.75014717,
  0.43590625 -0.75501177 0.48983974,-0.39468404 0 0.91881691,
  -0.22616797 -0.6213914 0.75014717,0.66784712 -0.56039027 0.48983974,
  -0.37088168 -0.13498989 0.91881691,0 -0.66127091 0.75014717,
  0.82827688 -0.28557211 0.48208503,-0.30234551 -0.25369801 0.91881691,
  0.22616797 -0.6213914 0.75014717,-0.19734202 -0.3418064 0.91881691,
  0.42505675 -0.50656291 0.75014717,-0.068536164 -0.3886879 0.91881691,
  0.58823837 -0.30554571 0.74874391,0.068536164 -0.3886879 0.91881691,
  0.6029265 -0.13812297 0.78574912,0.19734202 -0.3418064 0.91881691,
  0.32614066 -0.23051014 0.91678642,0.380603 -0.10413129 0.91885692] }
}
}
] }
DEF TXFM_28 Transform {
  center 0 0 0
  rotation 0 0 1 0
  scale 1 1 1
  scaleOrientation 0 0 1 0
  translation 0 0 0
 children [
DEF SHAPE_25 Shape {
 appearance USE APP_1
 geometry DEF FACE_25 IndexedFaceSet {
  coord DEF COORD_25 Coordinate { point [
  0.59055118 0.98425197 0,0.60379783 0.98425197 0.0017439538,
  0.61614173 0.98425197 0.0068569675,0.62674169 0.98425197 0.014990598,
  0.63487532 0.98425197 0.025590551,0.63998833 0.98425197 0.037934458,
  0.64173228 0.98425197 0.051181102,0.63998833 0.98425197 0.064427746,
  0.63487532 0.98425197 0.076771654,0.62674169 0.98425197 0.087371607,
  0.61614173 0.98425197 0.095505237,0.60379783 0.98425197 0.10061825,
  0.59055118 0.98425197 0.1023622,0.59055118 0.98425197 0,
  0.60379783 0.98425197 0.0017439538,0.61614173 0.98425197 0.0068569675,
  0.62674169 0.98425197 0.014990598,0.63487532 0.98425197 0.025590551,
  0.63998833 0.98425197 0.037934458,0.64173228 0.98425197 0.051181102,
  0.63998833 0.98425197 0.064427746,0.63487532 0.98425197 0.076771654,
  0.62674169 0.98425197 0.087371607,0.61614173 0.98425197 0.095505237,
  0.60379783 0.98425197 0.10061825,0.59055118 0.98425197 0.1023622,
  0.60779021 0.98729167 0.0030865981,0.60571093 0.99300445 0.0030865981,
  0.60180316 0.99766155 0.0030865981,0.59653823 1.0007013 0.0030865981,
  0.62146573 0.99550395 0.011974103,0.59055118 1.0017569 0.0030865981,
  0.61575295 1.0053988 0.011974103,0.58456413 1.0007013 0.0030865981,
  0.60700047 1.012743 0.011974103,0.5792992 0.99766155 0.0030865981,
  0.63420193 0.99194877 0.025590551,0.59626396 1.0166507 0.011974103,
  0.57539143 0.99300445 0.0030865981,0.62893701 1.006414 0.025590551,
  0.5848384 1.0166507 0.011974103,0.57331215 0.98729167 0.0030865981,
  0.61904219 1.0182062 0.025590551,0.57410189 1.012743 0.011974103,
  0.57331215 0.98121226 0.0030865981,0.60571093 1.025903 0.025590551,
  0.56534941 1.0053988 0.011974103,0.63791502 1.001491 0.042293597,
  0.57539143 0.97549948 0.0030865981,0.59055118 1.0285761 0.025590551,
  0.55963663 0.99550395 0.011974103,0.62916254 1.0166507 0.042293597,
  0.5792992 0.97084239 0.0030865981,0.57539143 1.025903 0.025590551,
  0.5576526 0.98425197 0.011974103,0.61575295 1.0279027 0.042293597,
  0.58456413 0.96780268 0.0030865981,0.56206018 1.0182062 0.025590551,
  0.64018898 0.99300445 0.060068608,0.55963663 0.97299999 0.011974103,
  0.59930367 1.0338898 0.042293597,0.59055118 0.966747 0.0030865981,
  0.55216535 1.006414 0.025590551,0.63420193 1.0094537 0.060068608,
  0.56534941 0.96310517 0.011974103,0.5817987 1.0338898 0.042293597,
  0.59653823 0.96780268 0.0030865981,0.54690043 0.99194877 0.025590551,
  0.62294996 1.0228633 0.060068608,0.57410189 0.95576096 0.011974103,
  0.56534941 1.0279027 0.042293597,0.60180316 0.97084239 0.0030865981,
  0.54690043 0.97655516 0.025590551,0.60779021 1.0316158 0.060068608,
  0.5848384 0.95185319 0.011974103,0.55193982 1.0166507 0.042293597,
  0.63220224 0.99941172 0.076771654,0.60571093 0.97549948 0.0030865981,
  0.55216535 0.9620899 0.025590551,0.59055118 1.0346555 0.060068608,
  0.59626396 0.95185319 0.011974103,0.54318734 1.001491 0.042293597,
  0.62450544 1.012743 0.076771654,0.60779021 0.98121226 0.0030865981,
  0.56206018 0.95029771 0.025590551,0.57331215 1.0316158 0.060068608,
  0.60700047 0.95576096 0.011974103,0.54014763 0.98425197 0.042293597,
  0.61271325 1.0226378 0.076771654,0.57539143 0.94260091 0.025590551,
  0.55815241 1.0228633 0.060068608,0.62294996 0.98996475 0.090388101,
  0.61575295 0.96310517 0.011974103,0.54318734 0.96701294 0.042293597,
  0.59824799 1.0279027 0.076771654,0.59055118 0.93992783 0.025590551,
  0.54690043 1.0094537 0.060068608,0.61904219 1.0007013 0.090388101,
  0.62146573 0.97299999 0.011974103,0.55193982 0.95185319 0.042293597,
  0.58285438 1.0279027 0.076771654,0.60571093 0.94260091 0.025590551,
  0.54091338 0.99300445 0.060068608,0.61169798 1.0094537 0.090388101,
  0.56534941 0.94060122 0.042293597,0.56838911 1.0226378 0.076771654,
  0.61904219 0.95029771 0.025590551,0.54091338 0.97549948 0.060068608,
  0.60180316 1.0151665 0.090388101,0.5817987 0.93461417 0.042293597,
  0.55659692 1.012743 0.076771654,0.60700047 0.99023902 0.099275607,
  0.62893701 0.9620899 0.025590551,0.54690043 0.9590502 0.060068608,
  0.59055118 1.0171505 0.090388101,0.59930367 0.93461417 0.042293597,
  0.54890012 0.99941172 0.076771654,0.60396076 0.99550395 0.099275607,
  0.63420193 0.97655516 0.025590551,0.55815241 0.94564061 0.060068608,
  0.5792992 1.0151665 0.090388101,0.61575295 0.94060122 0.042293597,
  0.54622705 0.98425197 0.076771654,0.59930367 0.99941172 0.099275607,
  0.57331215 0.93688813 0.060068608,0.56940438 1.0094537 0.090388101,
  0.62916254 0.95185319 0.042293597,0.54890012 0.96909222 0.076771654,
  0.59359089 1.001491 0.099275607,0.59055118 0.93384842 0.060068608,
  0.56206018 1.0007013 0.090388101,0.63791502 0.96701294 0.042293597,
  0.55659692 0.95576096 0.076771654,0.58751148 1.001491 0.099275607,
  0.60779021 0.93688813 0.060068608,0.55815241 0.98996475 0.090388101,
  0.56838911 0.94586614 0.076771654,0.5817987 0.99941172 0.099275607,
  0.62294996 0.94564061 0.060068608,0.55815241 0.97853919 0.090388101,
  0.58285438 0.94060122 0.076771654,0.5771416 0.99550395 0.099275607,
  0.63420193 0.9590502 0.060068608,0.56206018 0.96780268 0.090388101,
  0.59824799 0.94060122 0.076771654,0.57410189 0.99023902 0.099275607,
  0.64018898 0.97549948 0.060068608,0.56940438 0.9590502 0.090388101,
  0.61271325 0.94586614 0.076771654,0.57304621 0.98425197 0.099275607,
  0.5792992 0.95333742 0.090388101,0.62450544 0.95576096 0.076771654,
  0.57410189 0.97826492 0.099275607,0.59055118 0.95135339 0.090388101,
  0.63220224 0.96909222 0.076771654,0.5771416 0.97299999 0.099275607,
  0.60180316 0.95333742 0.090388101,0.5817987 0.96909222 0.099275607,
  0.61169798 0.9590502 0.090388101,0.58751148 0.96701294 0.099275607,
  0.61904219 0.96780268 0.090388101,0.59359089 0.96701294 0.099275607,
  0.62294996 0.97853919 0.090388101,0.59930367 0.96909222 0.099275607,
  0.60396076 0.97299999 0.099275607,0.60700047 0.97826492 0.099275607] }
 coordIndex [
  26,2,1,-1,27,1,0,-1,27,26,1,-1,27,2,26,-1,28,27,0,-1,29,28,0,-1,30,3,2,-1,31,29,0,-1,
  32,2,27,-1,32,30,2,-1,32,27,28,-1,33,31,0,-1,34,28,29,-1,34,32,28,-1,35,33,0,-1,36,4,3,-1,
  36,5,4,-1,37,34,29,-1,37,29,31,-1,38,35,0,-1,39,5,36,-1,39,3,30,-1,39,30,32,-1,39,36,3,-1,
  40,31,33,-1,40,37,31,-1,41,38,0,-1,42,32,34,-1,42,39,32,-1,43,33,35,-1,43,40,33,-1,44,0,13,-1,
  44,41,0,-1,45,34,37,-1,45,42,34,-1,46,43,35,-1,46,35,38,-1,47,6,5,-1,47,5,39,-1,48,44,13,-1,
  49,45,37,-1,49,37,40,-1,50,46,38,-1,50,38,41,-1,51,47,39,-1,51,39,42,-1,51,6,47,-1,52,48,13,-1,
  53,40,43,-1,53,49,40,-1,54,50,41,-1,54,41,44,-1,55,42,45,-1,55,51,42,-1,56,52,13,-1,57,53,43,-1,
  57,43,46,-1,58,7,6,-1,59,54,44,-1,59,44,48,-1,60,45,49,-1,60,55,45,-1,61,56,13,-1,62,46,50,-1,
  62,57,46,-1,63,58,6,-1,63,7,58,-1,63,6,51,-1,64,48,52,-1,64,59,48,-1,65,49,53,-1,65,60,49,-1,
  66,61,13,-1,67,62,50,-1,67,50,54,-1,68,63,51,-1,68,51,55,-1,69,52,56,-1,69,64,52,-1,70,53,57,-1,
  70,65,53,-1,71,66,13,-1,72,54,59,-1,72,67,54,-1,73,55,60,-1,73,68,55,-1,74,56,61,-1,74,69,56,-1,
  75,57,62,-1,75,70,57,-1,76,8,7,-1,76,9,8,-1,76,7,63,-1,77,13,14,-1,77,71,13,-1,78,72,59,-1,
  78,59,64,-1,79,60,65,-1,79,73,60,-1,80,61,66,-1,80,74,61,-1,81,75,62,-1,81,62,67,-1,82,76,63,-1,
  82,63,68,-1,83,77,14,-1,83,15,77,-1,83,14,15,-1,84,78,64,-1,84,64,69,-1,85,79,65,-1,85,65,70,-1,
  86,80,66,-1,86,66,71,-1,87,81,67,-1,87,67,72,-1,88,82,68,-1,88,68,73,-1,89,84,69,-1,89,69,74,-1,
  90,85,70,-1,90,70,75,-1,91,10,9,-1,92,77,15,-1,92,71,77,-1,92,86,71,-1,93,87,72,-1,93,72,78,-1,
  94,73,79,-1,94,88,73,-1,95,74,80,-1,95,89,74,-1,96,90,75,-1,96,75,81,-1,97,76,82,-1,97,10,91,-1,
  97,9,76,-1,97,91,9,-1,98,92,15,-1,98,15,16,-1,99,78,84,-1,99,93,78,-1,100,94,79,-1,100,79,85,-1,
  101,95,80,-1,101,80,86,-1,102,81,87,-1,102,96,81,-1,103,97,82,-1,103,82,88,-1,104,99,84,-1,104,84,89,-1,
  105,85,90,-1,105,100,85,-1,106,86,92,-1,106,101,86,-1,107,102,87,-1,107,87,93,-1,108,88,94,-1,108,103,88,-1,
  109,89,95,-1,109,104,89,-1,110,90,96,-1,110,105,90,-1,111,11,10,-1,112,92,98,-1,112,98,16,-1,112,106,92,-1,
  113,93,99,-1,113,107,93,-1,114,108,94,-1,114,94,100,-1,115,95,101,-1,115,109,95,-1,116,96,102,-1,116,110,96,-1,
  117,12,11,-1,117,10,97,-1,117,97,103,-1,117,11,111,-1,117,111,10,-1,118,16,17,-1,118,17,18,-1,118,112,16,-1,
  118,18,112,-1,119,113,99,-1,119,99,104,-1,120,114,100,-1,120,100,105,-1,121,115,101,-1,121,101,106,-1,122,102,107,-1,
  122,116,102,-1,123,12,117,-1,123,117,103,-1,123,103,108,-1,124,119,104,-1,124,104,109,-1,125,105,110,-1,125,120,105,-1,
  126,106,112,-1,126,121,106,-1,127,107,113,-1,127,122,107,-1,128,123,108,-1,128,12,123,-1,128,108,114,-1,129,109,115,-1,
  129,124,109,-1,130,125,110,-1,130,110,116,-1,131,18,19,-1,131,19,126,-1,131,126,112,-1,131,112,18,-1,132,113,119,-1,
  132,127,113,-1,133,114,120,-1,133,12,128,-1,133,128,114,-1,134,115,121,-1,134,129,115,-1,135,116,122,-1,135,130,116,-1,
  136,119,124,-1,136,132,119,-1,137,12,133,-1,137,120,125,-1,137,133,120,-1,138,121,126,-1,138,134,121,-1,139,122,127,-1,
  139,135,122,-1,140,124,129,-1,140,136,124,-1,141,125,130,-1,141,12,137,-1,141,137,125,-1,142,126,19,-1,142,138,126,-1,
  143,139,127,-1,143,127,132,-1,144,129,134,-1,144,140,129,-1,145,130,135,-1,145,12,141,-1,145,141,130,-1,146,19,20,-1,
  146,20,142,-1,146,142,19,-1,147,132,136,-1,147,143,132,-1,148,144,134,-1,148,134,138,-1,149,145,135,-1,149,25,12,-1,
  149,135,139,-1,149,12,145,-1,150,136,140,-1,150,147,136,-1,151,148,138,-1,151,138,142,-1,152,25,149,-1,152,149,139,-1,
  152,139,143,-1,153,140,144,-1,153,150,140,-1,154,20,21,-1,154,21,22,-1,154,151,142,-1,154,142,20,-1,155,143,147,-1,
  155,152,143,-1,155,25,152,-1,156,153,144,-1,156,144,148,-1,157,147,150,-1,157,155,147,-1,157,25,155,-1,158,148,151,-1,
  158,156,148,-1,159,157,150,-1,159,150,153,-1,159,25,157,-1,160,154,22,-1,160,151,154,-1,160,158,151,-1,161,153,156,-1,
  161,25,159,-1,161,159,153,-1,162,23,160,-1,162,22,23,-1,162,160,22,-1,163,25,161,-1,163,156,158,-1,163,161,156,-1,
  164,160,23,-1,164,158,160,-1,164,24,25,-1,164,163,158,-1,164,25,163,-1,165,23,24,-1,165,164,23,-1,165,24,164,-1]
  normalPerVertex TRUE
  normal DEF NORM_25 Normal { vector [
  -0.021981502 0.11904181 -0.99264589,0.20566564 0.07163335 -0.97599708,
  0.48926792 0.15948411 -0.85742739,0.72442018 0.17410448 -0.66701052,
  0.86355026 0.075550858 -0.49857097,0.93215578 0.2092595 -0.29545909,
  0.95567918 0.29384961 -0.018157752,0.92546944 0.20849861 0.31628254,
  0.85610146 0.15095379 0.49427041,0.73674625 0.16691007 0.65524499,
  0.47745648 0.14407689 0.86676246,0.21607912 0.082130844 0.97291538,
  -0.016974704 0.12687955 0.99177288,-0.0027636606 -0.13351108 -0.99104347,
  0.20566564 -0.07163335 -0.97599708,0.48926792 -0.15948411 -0.85742739,
  0.72442018 -0.17410448 -0.66701052,0.86355026 -0.075550858 -0.49857097,
  0.93215578 -0.2092595 -0.29545909,0.95567918 -0.29384961 -0.018157752,
  0.92546944 -0.20849861 0.31628254,0.85610146 -0.15095379 0.49427041,
  0.73674625 -0.16691007 0.65524499,0.47745648 -0.14407689 0.86676246,
  0.21607912 -0.082130844 0.97291538,-0.016974704 -0.12687955 0.99177288,
  0.38203965 0.057980536 -0.9223253,0.34237251 0.19302404 -0.91952313,
  0.25369801 0.30234551 -0.91881691,0.13498989 0.37088168 -0.91881691,
  0.650471 0.23498284 -0.72226764,0 0.39468404 -0.91881691,
  0.50273505 0.39223753 -0.77032927,-0.13498989 0.37088168 -0.91881691,
  0.33063546 0.57267741 -0.75014717,-0.25369801 0.30234551 -0.91881691,
  0.84361002 0.22604462 -0.48705847,0.11482849 0.65122472 -0.75014717,
  -0.3418064 0.19734202 -0.91881691,0.78475862 0.38310261 -0.48722305,
  -0.11482849 0.65122472 -0.75014717,-0.3886879 0.068536164 -0.91881691,
  0.56039027 0.66784712 -0.48983974,-0.33063546 0.57267741 -0.75014717,
  -0.3886879 -0.068536164 -0.91881691,0.29817743 0.81923577 -0.48983974,
  -0.50656291 0.42505675 -0.75014717,0.92654436 0.33311432 -0.17478671,
  -0.3418064 -0.19734202 -0.91881691,0 0.8718125 -0.48983974,
  -0.6213914 0.22616797 -0.75014717,0.80733556 0.57639711 -0.12639488,
  -0.25369801 -0.30234551 -0.91881691,-0.29817743 0.81923577 -0.48983974,
  -0.66127091 0 -0.75014717,0.49270877 0.85339662 -0.17015367,
  -0.13498989 -0.37088168 -0.91881691,-0.56039027 0.66784712 -0.48983974,
  0.961794 0.24273242 0.12662258,-0.6213914 -0.22616797 -0.75014717,
  0.17111596 0.97044683 -0.17015367,0 -0.39468404 -0.91881691,
  -0.75501177 0.43590625 -0.48983974,0.88926308 0.43660233 0.13634365,
  -0.50656291 -0.42505675 -0.75014717,-0.17111596 0.97044683 -0.17015367,
  0.13498989 -0.37088168 -0.91881691,-0.85856771 0.15138865 -0.48983974,
  0.63341418 0.75487363 0.17015367,-0.33063546 -0.57267741 -0.75014717,
  -0.49270877 0.85339662 -0.17015367,0.25369801 -0.30234551 -0.91881691,
  -0.85856771 -0.15138865 -0.48983974,0.33703265 0.92598959 0.17015367,
  -0.11482849 -0.65122472 -0.75014717,-0.75487363 0.63341418 -0.17015367,
  0.82827688 0.28557211 0.48208503,0.34237251 -0.19302404 -0.91952313,
  -0.75501177 -0.43590625 -0.48983974,0 0.98541754 0.17015367,
  0.11482849 -0.65122472 -0.75014717,-0.92598959 0.33703265 -0.17015367,
  0.66784712 0.56039027 0.48983974,0.38203965 -0.057980536 -0.9223253,
  -0.56039027 -0.66784712 -0.48983974,-0.33703265 0.92598959 0.17015367,
  0.33063546 -0.57267741 -0.75014717,-0.98541754 0 -0.17015367,
  0.43590625 0.75501177 0.48983974,-0.29817743 -0.81923577 -0.48983974,
  -0.63341418 0.75487363 0.17015367,0.6029265 0.13812297 0.78574912,
  0.50273505 -0.39223753 -0.77032927,-0.92598959 -0.33703265 -0.17015367,
  0.15138865 0.85856771 0.48983974,0 -0.8718125 -0.48983974,
  -0.85339662 0.49270877 0.17015367,0.58823837 0.30554571 0.74874391,
  0.650471 -0.23498284 -0.72226764,-0.75487363 -0.63341418 -0.17015367,
  -0.15138865 0.85856771 0.48983974,0.29817743 -0.81923577 -0.48983974,
  -0.97044683 0.17111596 0.17015367,0.42505675 0.50656291 0.75014717,
  -0.49270877 -0.85339662 -0.17015367,-0.43590625 0.75501177 0.48983974,
  0.56039027 -0.66784712 -0.48983974,-0.97044683 -0.17111596 0.17015367,
  0.22616797 0.6213914 0.75014717,-0.17111596 -0.97044683 -0.17015367,
  -0.66784712 0.56039027 0.48983974,0.380603 0.10413129 0.91885692,
  0.78475862 -0.38310261 -0.48722305,-0.85339662 -0.49270877 0.17015367,
  0 0.66127091 0.75014717,0.17111596 -0.97044683 -0.17015367,
  -0.81923577 0.29817743 0.48983974,0.32614066 0.23051014 0.91678642,
  0.84361002 -0.22604462 -0.48705847,-0.63341418 -0.75487363 0.17015367,
  -0.22616797 0.6213914 0.75014717,0.49270877 -0.85339662 -0.17015367,
  -0.8718125 0 0.48983974,0.19734202 0.3418064 0.91881691,
  -0.33703265 -0.92598959 0.17015367,-0.42505675 0.50656291 0.75014717,
  0.80733556 -0.57639711 -0.12639488,-0.81923577 -0.29817743 0.48983974,
  0.068536164 0.3886879 0.91881691,0 -0.98541754 0.17015367,
  -0.57267741 0.33063546 0.75014717,0.92654436 -0.33311432 -0.17478671,
  -0.66784712 -0.56039027 0.48983974,-0.068536164 0.3886879 0.91881691,
  0.33703265 -0.92598959 0.17015367,-0.65122472 0.11482849 0.75014717,
  -0.43590625 -0.75501177 0.48983974,-0.19734202 0.3418064 0.91881691,
  0.63341418 -0.75487363 0.17015367,-0.65122472 -0.11482849 0.75014717,
  -0.15138865 -0.85856771 0.48983974,-0.30234551 0.25369801 0.91881691,
  0.88926308 -0.43660233 0.13634365,-0.57267741 -0.33063546 0.75014717,
  0.15138865 -0.85856771 0.48983974,-0.37088168 0.13498989 0.91881691,
  0.961794 -0.24273242 0.12662258,-0.42505675 -0.50656291 0.75014717,
  0.43590625 -0.75501177 0.48983974,-0.39468404 0 0.91881691,
  -0.22616797 -0.6213914 0.75014717,0.66784712 -0.56039027 0.48983974,
  -0.37088168 -0.13498989 0.91881691,0 -0.66127091 0.75014717,
  0.82827688 -0.28557211 0.48208503,-0.30234551 -0.25369801 0.91881691,
  0.22616797 -0.6213914 0.75014717,-0.19734202 -0.3418064 0.91881691,
  0.42505675 -0.50656291 0.75014717,-0.068536164 -0.3886879 0.91881691,
  0.58823837 -0.30554571 0.74874391,0.068536164 -0.3886879 0.91881691,
  0.6029265 -0.13812297 0.78574912,0.19734202 -0.3418064 0.91881691,
  0.32614066 -0.23051014 0.91678642,0.380603 -0.10413129 0.91885692] }
}
}
] }
DEF TXFM_29 Transform {
  center 0 0 0
  rotation 0 0 1 0
  scale 1 1 1
  scaleOrientation 0 0 1 0
  translation 0 0 0
 children [
DEF SHAPE_26 Shape {
 appearance USE APP_1
 geometry DEF FACE_26 IndexedFaceSet {
  coord DEF COORD_26 Coordinate { point [
  0.59055118 0.59055118 0,0.60379783 0.59055118 0.0017439538,
  0.61614173 0.59055118 0.0068569675,0.62674169 0.59055118 0.014990598,
  0.63487532 0.59055118 0.025590551,0.63998833 0.59055118 0.037934458,
  0.64173228 0.59055118 0.051181102,0.63998833 0.59055118 0.064427746,
  0.63487532 0.59055118 0.076771654,0.62674169 0.59055118 0.087371607,
  0.61614173 0.59055118 0.095505237,0.60379783 0.59055118 0.10061825,
  0.59055118 0.59055118 0.1023622,0.59055118 0.59055118 0,
  0.60379783 0.59055118 0.0017439538,0.61614173 0.59055118 0.0068569675,
  0.62674169 0.59055118 0.014990598,0.63487532 0.59055118 0.025590551,
  0.63998833 0.59055118 0.037934458,0.64173228 0.59055118 0.051181102,
  0.63998833 0.59055118 0.064427746,0.63487532 0.59055118 0.076771654,
  0.62674169 0.59055118 0.087371607,0.61614173 0.59055118 0.095505237,
  0.60379783 0.59055118 0.10061825,0.59055118 0.59055118 0.1023622,
  0.60779021 0.59359089 0.0030865981,0.60571093 0.59930367 0.0030865981,
  0.60180316 0.60396076 0.0030865981,0.59653823 0.60700047 0.0030865981,
  0.62146573 0.60180316 0.011974103,0.59055118 0.60805615 0.0030865981,
  0.61575295 0.61169798 0.011974103,0.58456413 0.60700047 0.0030865981,
  0.60700047 0.61904219 0.011974103,0.5792992 0.60396076 0.0030865981,
  0.63420193 0.59824799 0.025590551,0.59626396 0.62294996 0.011974103,
  0.57539143 0.59930367 0.0030865981,0.62893701 0.61271325 0.025590551,
  0.5848384 0.62294996 0.011974103,0.57331215 0.59359089 0.0030865981,
  0.61904219 0.62450544 0.025590551,0.57410189 0.61904219 0.011974103,
  0.57331215 0.58751148 0.0030865981,0.60571093 0.63220224 0.025590551,
  0.56534941 0.61169798 0.011974103,0.63791502 0.60779021 0.042293597,
  0.57539143 0.5817987 0.0030865981,0.59055118 0.63487532 0.025590551,
  0.55963663 0.60180316 0.011974103,0.62916254 0.62294996 0.042293597,
  0.5792992 0.5771416 0.0030865981,0.57539143 0.63220224 0.025590551,
  0.5576526 0.59055118 0.011974103,0.61575295 0.63420193 0.042293597,
  0.58456413 0.57410189 0.0030865981,0.56206018 0.62450544 0.025590551,
  0.64018898 0.59930367 0.060068608,0.55963663 0.5792992 0.011974103,
  0.59930367 0.64018898 0.042293597,0.59055118 0.57304621 0.0030865981,
  0.55216535 0.61271325 0.025590551,0.63420193 0.61575295 0.060068608,
  0.56534941 0.56940438 0.011974103,0.5817987 0.64018898 0.042293597,
  0.59653823 0.57410189 0.0030865981,0.54690043 0.59824799 0.025590551,
  0.62294996 0.62916254 0.060068608,0.57410189 0.56206018 0.011974103,
  0.56534941 0.63420193 0.042293597,0.60180316 0.5771416 0.0030865981,
  0.54690043 0.58285438 0.025590551,0.60779021 0.63791502 0.060068608,
  0.5848384 0.55815241 0.011974103,0.55193982 0.62294996 0.042293597,
  0.63220224 0.60571093 0.076771654,0.60571093 0.5817987 0.0030865981,
  0.55216535 0.56838911 0.025590551,0.59055118 0.64095473 0.060068608,
  0.59626396 0.55815241 0.011974103,0.54318734 0.60779021 0.042293597,
  0.62450544 0.61904219 0.076771654,0.60779021 0.58751148 0.0030865981,
  0.56206018 0.55659692 0.025590551,0.57331215 0.63791502 0.060068608,
  0.60700047 0.56206018 0.011974103,0.54014763 0.59055118 0.042293597,
  0.61271325 0.62893701 0.076771654,0.57539143 0.54890012 0.025590551,
  0.55815241 0.62916254 0.060068608,0.62294996 0.59626396 0.090388101,
  0.61575295 0.56940438 0.011974103,0.54318734 0.57331215 0.042293597,
  0.59824799 0.63420193 0.076771654,0.59055118 0.54622705 0.025590551,
  0.54690043 0.61575295 0.060068608,0.61904219 0.60700047 0.090388101,
  0.62146573 0.5792992 0.011974103,0.55193982 0.55815241 0.042293597,
  0.58285438 0.63420193 0.076771654,0.60571093 0.54890012 0.025590551,
  0.54091338 0.59930367 0.060068608,0.61169798 0.61575295 0.090388101,
  0.56534941 0.54690043 0.042293597,0.56838911 0.62893701 0.076771654,
  0.61904219 0.55659692 0.025590551,0.54091338 0.5817987 0.060068608,
  0.60180316 0.62146573 0.090388101,0.5817987 0.54091338 0.042293597,
  0.55659692 0.61904219 0.076771654,0.60700047 0.59653823 0.099275607,
  0.62893701 0.56838911 0.025590551,0.54690043 0.56534941 0.060068608,
  0.59055118 0.62344976 0.090388101,0.59930367 0.54091338 0.042293597,
  0.54890012 0.60571093 0.076771654,0.60396076 0.60180316 0.099275607,
  0.63420193 0.58285438 0.025590551,0.55815241 0.55193982 0.060068608,
  0.5792992 0.62146573 0.090388101,0.61575295 0.54690043 0.042293597,
  0.54622705 0.59055118 0.076771654,0.59930367 0.60571093 0.099275607,
  0.57331215 0.54318734 0.060068608,0.56940438 0.61575295 0.090388101,
  0.62916254 0.55815241 0.042293597,0.54890012 0.57539143 0.076771654,
  0.59359089 0.60779021 0.099275607,0.59055118 0.54014763 0.060068608,
  0.56206018 0.60700047 0.090388101,0.63791502 0.57331215 0.042293597,
  0.55659692 0.56206018 0.076771654,0.58751148 0.60779021 0.099275607,
  0.60779021 0.54318734 0.060068608,0.55815241 0.59626396 0.090388101,
  0.56838911 0.55216535 0.076771654,0.5817987 0.60571093 0.099275607,
  0.62294996 0.55193982 0.060068608,0.55815241 0.5848384 0.090388101,
  0.58285438 0.54690043 0.076771654,0.5771416 0.60180316 0.099275607,
  0.63420193 0.56534941 0.060068608,0.56206018 0.57410189 0.090388101,
  0.59824799 0.54690043 0.076771654,0.57410189 0.59653823 0.099275607,
  0.64018898 0.5817987 0.060068608,0.56940438 0.56534941 0.090388101,
  0.61271325 0.55216535 0.076771654,0.57304621 0.59055118 0.099275607,
  0.5792992 0.55963663 0.090388101,0.62450544 0.56206018 0.076771654,
  0.57410189 0.58456413 0.099275607,0.59055118 0.5576526 0.090388101,
  0.63220224 0.57539143 0.076771654,0.5771416 0.5792992 0.099275607,
  0.60180316 0.55963663 0.090388101,0.5817987 0.57539143 0.099275607,
  0.61169798 0.56534941 0.090388101,0.58751148 0.57331215 0.099275607,
  0.61904219 0.57410189 0.090388101,0.59359089 0.57331215 0.099275607,
  0.62294996 0.5848384 0.090388101,0.59930367 0.57539143 0.099275607,
  0.60396076 0.5792992 0.099275607,0.60700047 0.58456413 0.099275607] }
 coordIndex [
  26,2,1,-1,27,1,0,-1,27,26,1,-1,27,2,26,-1,28,27,0,-1,29,28,0,-1,30,3,2,-1,31,29,0,-1,
  32,2,27,-1,32,30,2,-1,32,27,28,-1,33,31,0,-1,34,28,29,-1,34,32,28,-1,35,33,0,-1,36,4,3,-1,
  36,5,4,-1,37,34,29,-1,37,29,31,-1,38,35,0,-1,39,5,36,-1,39,3,30,-1,39,30,32,-1,39,36,3,-1,
  40,31,33,-1,40,37,31,-1,41,38,0,-1,42,32,34,-1,42,39,32,-1,43,33,35,-1,43,40,33,-1,44,0,13,-1,
  44,41,0,-1,45,34,37,-1,45,42,34,-1,46,43,35,-1,46,35,38,-1,47,6,5,-1,47,5,39,-1,48,44,13,-1,
  49,45,37,-1,49,37,40,-1,50,46,38,-1,50,38,41,-1,51,47,39,-1,51,39,42,-1,51,6,47,-1,52,48,13,-1,
  53,40,43,-1,53,49,40,-1,54,50,41,-1,54,41,44,-1,55,42,45,-1,55,51,42,-1,56,52,13,-1,57,53,43,-1,
  57,43,46,-1,58,7,6,-1,59,54,44,-1,59,44,48,-1,60,45,49,-1,60,55,45,-1,61,56,13,-1,62,46,50,-1,
  62,57,46,-1,63,58,6,-1,63,7,58,-1,63,6,51,-1,64,48,52,-1,64,59,48,-1,65,49,53,-1,65,60,49,-1,
  66,61,13,-1,67,62,50,-1,67,50,54,-1,68,63,51,-1,68,51,55,-1,69,52,56,-1,69,64,52,-1,70,53,57,-1,
  70,65,53,-1,71,66,13,-1,72,54,59,-1,72,67,54,-1,73,55,60,-1,73,68,55,-1,74,56,61,-1,74,69,56,-1,
  75,57,62,-1,75,70,57,-1,76,8,7,-1,76,9,8,-1,76,7,63,-1,77,13,14,-1,77,71,13,-1,78,72,59,-1,
  78,59,64,-1,79,60,65,-1,79,73,60,-1,80,61,66,-1,80,74,61,-1,81,75,62,-1,81,62,67,-1,82,76,63,-1,
  82,63,68,-1,83,77,14,-1,83,15,77,-1,83,14,15,-1,84,78,64,-1,84,64,69,-1,85,79,65,-1,85,65,70,-1,
  86,80,66,-1,86,66,71,-1,87,81,67,-1,87,67,72,-1,88,82,68,-1,88,68,73,-1,89,84,69,-1,89,69,74,-1,
  90,85,70,-1,90,70,75,-1,91,10,9,-1,92,77,15,-1,92,71,77,-1,92,86,71,-1,93,87,72,-1,93,72,78,-1,
  94,73,79,-1,94,88,73,-1,95,74,80,-1,95,89,74,-1,96,90,75,-1,96,75,81,-1,97,76,82,-1,97,10,91,-1,
  97,9,76,-1,97,91,9,-1,98,92,15,-1,98,15,16,-1,99,78,84,-1,99,93,78,-1,100,94,79,-1,100,79,85,-1,
  101,95,80,-1,101,80,86,-1,102,81,87,-1,102,96,81,-1,103,97,82,-1,103,82,88,-1,104,99,84,-1,104,84,89,-1,
  105,85,90,-1,105,100,85,-1,106,86,92,-1,106,101,86,-1,107,102,87,-1,107,87,93,-1,108,88,94,-1,108,103,88,-1,
  109,89,95,-1,109,104,89,-1,110,90,96,-1,110,105,90,-1,111,11,10,-1,112,92,98,-1,112,98,16,-1,112,106,92,-1,
  113,93,99,-1,113,107,93,-1,114,108,94,-1,114,94,100,-1,115,95,101,-1,115,109,95,-1,116,96,102,-1,116,110,96,-1,
  117,12,11,-1,117,10,97,-1,117,97,103,-1,117,11,111,-1,117,111,10,-1,118,16,17,-1,118,17,18,-1,118,112,16,-1,
  118,18,112,-1,119,113,99,-1,119,99,104,-1,120,114,100,-1,120,100,105,-1,121,115,101,-1,121,101,106,-1,122,102,107,-1,
  122,116,102,-1,123,12,117,-1,123,117,103,-1,123,103,108,-1,124,119,104,-1,124,104,109,-1,125,105,110,-1,125,120,105,-1,
  126,106,112,-1,126,121,106,-1,127,107,113,-1,127,122,107,-1,128,123,108,-1,128,12,123,-1,128,108,114,-1,129,109,115,-1,
  129,124,109,-1,130,125,110,-1,130,110,116,-1,131,18,19,-1,131,19,126,-1,131,126,112,-1,131,112,18,-1,132,113,119,-1,
  132,127,113,-1,133,114,120,-1,133,12,128,-1,133,128,114,-1,134,115,121,-1,134,129,115,-1,135,116,122,-1,135,130,116,-1,
  136,119,124,-1,136,132,119,-1,137,12,133,-1,137,120,125,-1,137,133,120,-1,138,121,126,-1,138,134,121,-1,139,122,127,-1,
  139,135,122,-1,140,124,129,-1,140,136,124,-1,141,125,130,-1,141,12,137,-1,141,137,125,-1,142,126,19,-1,142,138,126,-1,
  143,139,127,-1,143,127,132,-1,144,129,134,-1,144,140,129,-1,145,130,135,-1,145,12,141,-1,145,141,130,-1,146,19,20,-1,
  146,20,142,-1,146,142,19,-1,147,132,136,-1,147,143,132,-1,148,144,134,-1,148,134,138,-1,149,145,135,-1,149,25,12,-1,
  149,135,139,-1,149,12,145,-1,150,136,140,-1,150,147,136,-1,151,148,138,-1,151,138,142,-1,152,25,149,-1,152,149,139,-1,
  152,139,143,-1,153,140,144,-1,153,150,140,-1,154,20,21,-1,154,21,22,-1,154,151,142,-1,154,142,20,-1,155,143,147,-1,
  155,152,143,-1,155,25,152,-1,156,153,144,-1,156,144,148,-1,157,147,150,-1,157,155,147,-1,157,25,155,-1,158,148,151,-1,
  158,156,148,-1,159,157,150,-1,159,150,153,-1,159,25,157,-1,160,154,22,-1,160,151,154,-1,160,158,151,-1,161,153,156,-1,
  161,25,159,-1,161,159,153,-1,162,23,160,-1,162,22,23,-1,162,160,22,-1,163,25,161,-1,163,156,158,-1,163,161,156,-1,
  164,160,23,-1,164,158,160,-1,164,24,25,-1,164,163,158,-1,164,25,163,-1,165,23,24,-1,165,164,23,-1,165,24,164,-1]
  normalPerVertex TRUE
  normal DEF NORM_26 Normal { vector [
  -0.021981502 0.11904181 -0.99264589,0.20566564 0.07163335 -0.97599708,
  0.48926792 0.15948411 -0.85742739,0.72442018 0.17410448 -0.66701052,
  0.86355026 0.075550858 -0.49857097,0.93215578 0.2092595 -0.29545909,
  0.95567918 0.29384961 -0.018157752,0.92546944 0.20849861 0.31628254,
  0.85610146 0.15095379 0.49427041,0.73674625 0.16691007 0.65524499,
  0.47745648 0.14407689 0.86676246,0.21607912 0.082130844 0.97291538,
  -0.016974704 0.12687955 0.99177288,-0.0027636606 -0.13351108 -0.99104347,
  0.20566564 -0.07163335 -0.97599708,0.48926792 -0.15948411 -0.85742739,
  0.72442018 -0.17410448 -0.66701052,0.86355026 -0.075550858 -0.49857097,
  0.93215578 -0.2092595 -0.29545909,0.95567918 -0.29384961 -0.018157752,
  0.92546944 -0.20849861 0.31628254,0.85610146 -0.15095379 0.49427041,
  0.73674625 -0.16691007 0.65524499,0.47745648 -0.14407689 0.86676246,
  0.21607912 -0.082130844 0.97291538,-0.016974704 -0.12687955 0.99177288,
  0.38203965 0.057980536 -0.9223253,0.34237251 0.19302404 -0.91952313,
  0.25369801 0.30234551 -0.91881691,0.13498989 0.37088168 -0.91881691,
  0.650471 0.23498284 -0.72226764,0 0.39468404 -0.91881691,
  0.50273505 0.39223753 -0.77032927,-0.13498989 0.37088168 -0.91881691,
  0.33063546 0.57267741 -0.75014717,-0.25369801 0.30234551 -0.91881691,
  0.84361002 0.22604462 -0.48705847,0.11482849 0.65122472 -0.75014717,
  -0.3418064 0.19734202 -0.91881691,0.78475862 0.38310261 -0.48722305,
  -0.11482849 0.65122472 -0.75014717,-0.3886879 0.068536164 -0.91881691,
  0.56039027 0.66784712 -0.48983974,-0.33063546 0.57267741 -0.75014717,
  -0.3886879 -0.068536164 -0.91881691,0.29817743 0.81923577 -0.48983974,
  -0.50656291 0.42505675 -0.75014717,0.92654436 0.33311432 -0.17478671,
  -0.3418064 -0.19734202 -0.91881691,0 0.8718125 -0.48983974,
  -0.6213914 0.22616797 -0.75014717,0.80733556 0.57639711 -0.12639488,
  -0.25369801 -0.30234551 -0.91881691,-0.29817743 0.81923577 -0.48983974,
  -0.66127091 0 -0.75014717,0.49270877 0.85339662 -0.17015367,
  -0.13498989 -0.37088168 -0.91881691,-0.56039027 0.66784712 -0.48983974,
  0.961794 0.24273242 0.12662258,-0.6213914 -0.22616797 -0.75014717,
  0.17111596 0.97044683 -0.17015367,0 -0.39468404 -0.91881691,
  -0.75501177 0.43590625 -0.48983974,0.88926308 0.43660233 0.13634365,
  -0.50656291 -0.42505675 -0.75014717,-0.17111596 0.97044683 -0.17015367,
  0.13498989 -0.37088168 -0.91881691,-0.85856771 0.15138865 -0.48983974,
  0.63341418 0.75487363 0.17015367,-0.33063546 -0.57267741 -0.75014717,
  -0.49270877 0.85339662 -0.17015367,0.25369801 -0.30234551 -0.91881691,
  -0.85856771 -0.15138865 -0.48983974,0.33703265 0.92598959 0.17015367,
  -0.11482849 -0.65122472 -0.75014717,-0.75487363 0.63341418 -0.17015367,
  0.82827688 0.28557211 0.48208503,0.34237251 -0.19302404 -0.91952313,
  -0.75501177 -0.43590625 -0.48983974,0 0.98541754 0.17015367,
  0.11482849 -0.65122472 -0.75014717,-0.92598959 0.33703265 -0.17015367,
  0.66784712 0.56039027 0.48983974,0.38203965 -0.057980536 -0.9223253,
  -0.56039027 -0.66784712 -0.48983974,-0.33703265 0.92598959 0.17015367,
  0.33063546 -0.57267741 -0.75014717,-0.98541754 0 -0.17015367,
  0.43590625 0.75501177 0.48983974,-0.29817743 -0.81923577 -0.48983974,
  -0.63341418 0.75487363 0.17015367,0.6029265 0.13812297 0.78574912,
  0.50273505 -0.39223753 -0.77032927,-0.92598959 -0.33703265 -0.17015367,
  0.15138865 0.85856771 0.48983974,0 -0.8718125 -0.48983974,
  -0.85339662 0.49270877 0.17015367,0.58823837 0.30554571 0.74874391,
  0.650471 -0.23498284 -0.72226764,-0.75487363 -0.63341418 -0.17015367,
  -0.15138865 0.85856771 0.48983974,0.29817743 -0.81923577 -0.48983974,
  -0.97044683 0.17111596 0.17015367,0.42505675 0.50656291 0.75014717,
  -0.49270877 -0.85339662 -0.17015367,-0.43590625 0.75501177 0.48983974,
  0.56039027 -0.66784712 -0.48983974,-0.97044683 -0.17111596 0.17015367,
  0.22616797 0.6213914 0.75014717,-0.17111596 -0.97044683 -0.17015367,
  -0.66784712 0.56039027 0.48983974,0.380603 0.10413129 0.91885692,
  0.78475862 -0.38310261 -0.48722305,-0.85339662 -0.49270877 0.17015367,
  0 0.66127091 0.75014717,0.17111596 -0.97044683 -0.17015367,
  -0.81923577 0.29817743 0.48983974,0.32614066 0.23051014 0.91678642,
  0.84361002 -0.22604462 -0.48705847,-0.63341418 -0.75487363 0.17015367,
  -0.22616797 0.6213914 0.75014717,0.49270877 -0.85339662 -0.17015367,
  -0.8718125 0 0.48983974,0.19734202 0.3418064 0.91881691,
  -0.33703265 -0.92598959 0.17015367,-0.42505675 0.50656291 0.75014717,
  0.80733556 -0.57639711 -0.12639488,-0.81923577 -0.29817743 0.48983974,
  0.068536164 0.3886879 0.91881691,0 -0.98541754 0.17015367,
  -0.57267741 0.33063546 0.75014717,0.92654436 -0.33311432 -0.17478671,
  -0.66784712 -0.56039027 0.48983974,-0.068536164 0.3886879 0.91881691,
  0.33703265 -0.92598959 0.17015367,-0.65122472 0.11482849 0.75014717,
  -0.43590625 -0.75501177 0.48983974,-0.19734202 0.3418064 0.91881691,
  0.63341418 -0.75487363 0.17015367,-0.65122472 -0.11482849 0.75014717,
  -0.15138865 -0.85856771 0.48983974,-0.30234551 0.25369801 0.91881691,
  0.88926308 -0.43660233 0.13634365,-0.57267741 -0.33063546 0.75014717,
  0.15138865 -0.85856771 0.48983974,-0.37088168 0.13498989 0.91881691,
  0.961794 -0.24273242 0.12662258,-0.42505675 -0.50656291 0.75014717,
  0.43590625 -0.75501177 0.48983974,-0.39468404 0 0.91881691,
  -0.22616797 -0.6213914 0.75014717,0.66784712 -0.56039027 0.48983974,
  -0.37088168 -0.13498989 0.91881691,0 -0.66127091 0.75014717,
  0.82827688 -0.28557211 0.48208503,-0.30234551 -0.25369801 0.91881691,
  0.22616797 -0.6213914 0.75014717,-0.19734202 -0.3418064 0.91881691,
  0.42505675 -0.50656291 0.75014717,-0.068536164 -0.3886879 0.91881691,
  0.58823837 -0.30554571 0.74874391,0.068536164 -0.3886879 0.91881691,
  0.6029265 -0.13812297 0.78574912,0.19734202 -0.3418064 0.91881691,
  0.32614066 -0.23051014 0.91678642,0.380603 -0.10413129 0.91885692] }
}
}
] }
DEF TXFM_30 Transform {
  center 0 0 0
  rotation 0 0 1 0
  scale 1 1 1
  scaleOrientation 0 0 1 0
  translation 0 0 0
 children [
DEF SHAPE_27 Shape {
 appearance USE APP_1
 geometry DEF FACE_27 IndexedFaceSet {
  coord DEF COORD_27 Coordinate { point [
  0.59055118 0.19685039 0,0.60379783 0.19685039 0.0017439538,
  0.61614173 0.19685039 0.0068569675,0.62674169 0.19685039 0.014990598,
  0.63487532 0.19685039 0.025590551,0.63998833 0.19685039 0.037934458,
  0.64173228 0.19685039 0.051181102,0.63998833 0.19685039 0.064427746,
  0.63487532 0.19685039 0.076771654,0.62674169 0.19685039 0.087371607,
  0.61614173 0.19685039 0.095505237,0.60379783 0.19685039 0.10061825,
  0.59055118 0.19685039 0.1023622,0.59055118 0.19685039 0,
  0.60379783 0.19685039 0.0017439538,0.61614173 0.19685039 0.0068569675,
  0.62674169 0.19685039 0.014990598,0.63487532 0.19685039 0.025590551,
  0.63998833 0.19685039 0.037934458,0.64173228 0.19685039 0.051181102,
  0.63998833 0.19685039 0.064427746,0.63487532 0.19685039 0.076771654,
  0.62674169 0.19685039 0.087371607,0.61614173 0.19685039 0.095505237,
  0.60379783 0.19685039 0.10061825,0.59055118 0.19685039 0.1023622,
  0.60779021 0.1998901 0.0030865981,0.60571093 0.20560288 0.0030865981,
  0.60180316 0.21025998 0.0030865981,0.59653823 0.21329968 0.0030865981,
  0.62146573 0.20810237 0.011974103,0.59055118 0.21435536 0.0030865981,
  0.61575295 0.21799719 0.011974103,0.58456413 0.21329968 0.0030865981,
  0.60700047 0.2253414 0.011974103,0.5792992 0.21025998 0.0030865981,
  0.63420193 0.2045472 0.025590551,0.59626396 0.22924917 0.011974103,
  0.57539143 0.20560288 0.0030865981,0.62893701 0.21901246 0.025590551,
  0.5848384 0.22924917 0.011974103,0.57331215 0.1998901 0.0030865981,
  0.61904219 0.23080465 0.025590551,0.57410189 0.2253414 0.011974103,
  0.57331215 0.19381069 0.0030865981,0.60571093 0.23850146 0.025590551,
  0.56534941 0.21799719 0.011974103,0.63791502 0.21408942 0.042293597,
  0.57539143 0.18809791 0.0030865981,0.59055118 0.24117453 0.025590551,
  0.55963663 0.20810237 0.011974103,0.62916254 0.22924917 0.042293597,
  0.5792992 0.18344081 0.0030865981,0.57539143 0.23850146 0.025590551,
  0.5576526 0.19685039 0.011974103,0.61575295 0.24050115 0.042293597,
  0.58456413 0.1804011 0.0030865981,0.56206018 0.23080465 0.025590551,
  0.64018898 0.20560288 0.060068608,0.55963663 0.18559842 0.011974103,
  0.59930367 0.2464882 0.042293597,0.59055118 0.17934543 0.0030865981,
  0.55216535 0.21901246 0.025590551,0.63420193 0.22205217 0.060068608,
  0.56534941 0.1757036 0.011974103,0.5817987 0.2464882 0.042293597,
  0.59653823 0.1804011 0.0030865981,0.54690043 0.2045472 0.025590551,
  0.62294996 0.23546175 0.060068608,0.57410189 0.16835939 0.011974103,
  0.56534941 0.24050115 0.042293597,0.60180316 0.18344081 0.0030865981,
  0.54690043 0.18915359 0.025590551,0.60779021 0.24421423 0.060068608,
  0.5848384 0.16445162 0.011974103,0.55193982 0.22924917 0.042293597,
  0.63220224 0.21201014 0.076771654,0.60571093 0.18809791 0.0030865981,
  0.55216535 0.17468833 0.025590551,0.59055118 0.24725394 0.060068608,
  0.59626396 0.16445162 0.011974103,0.54318734 0.21408942 0.042293597,
  0.62450544 0.2253414 0.076771654,0.60779021 0.19381069 0.0030865981,
  0.56206018 0.16289614 0.025590551,0.57331215 0.24421423 0.060068608,
  0.60700047 0.16835939 0.011974103,0.54014763 0.19685039 0.042293597,
  0.61271325 0.23523622 0.076771654,0.57539143 0.15519933 0.025590551,
  0.55815241 0.23546175 0.060068608,0.62294996 0.20256317 0.090388101,
  0.61575295 0.1757036 0.011974103,0.54318734 0.17961137 0.042293597,
  0.59824799 0.24050115 0.076771654,0.59055118 0.15252626 0.025590551,
  0.54690043 0.22205217 0.060068608,0.61904219 0.21329968 0.090388101,
  0.62146573 0.18559842 0.011974103,0.55193982 0.16445162 0.042293597,
  0.58285438 0.24050115 0.076771654,0.60571093 0.15519933 0.025590551,
  0.54091338 0.20560288 0.060068608,0.61169798 0.22205217 0.090388101,
  0.56534941 0.15319964 0.042293597,0.56838911 0.23523622 0.076771654,
  0.61904219 0.16289614 0.025590551,0.54091338 0.18809791 0.060068608,
  0.60180316 0.22776495 0.090388101,0.5817987 0.14721259 0.042293597,
  0.55659692 0.2253414 0.076771654,0.60700047 0.20283745 0.099275607,
  0.62893701 0.17468833 0.025590551,0.54690043 0.17164862 0.060068608,
  0.59055118 0.22974897 0.090388101,0.59930367 0.14721259 0.042293597,
  0.54890012 0.21201014 0.076771654,0.60396076 0.20810237 0.099275607,
  0.63420193 0.18915359 0.025590551,0.55815241 0.15823904 0.060068608,
  0.5792992 0.22776495 0.090388101,0.61575295 0.15319964 0.042293597,
  0.54622705 0.19685039 0.076771654,0.59930367 0.21201014 0.099275607,
  0.57331215 0.14948655 0.060068608,0.56940438 0.22205217 0.090388101,
  0.62916254 0.16445162 0.042293597,0.54890012 0.18169065 0.076771654,
  0.59359089 0.21408942 0.099275607,0.59055118 0.14644685 0.060068608,
  0.56206018 0.21329968 0.090388101,0.63791502 0.17961137 0.042293597,
  0.55659692 0.16835939 0.076771654,0.58751148 0.21408942 0.099275607,
  0.60779021 0.14948655 0.060068608,0.55815241 0.20256317 0.090388101,
  0.56838911 0.15846457 0.076771654,0.5817987 0.21201014 0.099275607,
  0.62294996 0.15823904 0.060068608,0.55815241 0.19113762 0.090388101,
  0.58285438 0.15319964 0.076771654,0.5771416 0.20810237 0.099275607,
  0.63420193 0.17164862 0.060068608,0.56206018 0.1804011 0.090388101,
  0.59824799 0.15319964 0.076771654,0.57410189 0.20283745 0.099275607,
  0.64018898 0.18809791 0.060068608,0.56940438 0.17164862 0.090388101,
  0.61271325 0.15846457 0.076771654,0.57304621 0.19685039 0.099275607,
  0.5792992 0.16593584 0.090388101,0.62450544 0.16835939 0.076771654,
  0.57410189 0.19086334 0.099275607,0.59055118 0.16395182 0.090388101,
  0.63220224 0.18169065 0.076771654,0.5771416 0.18559842 0.099275607,
  0.60180316 0.16593584 0.090388101,0.5817987 0.18169065 0.099275607,
  0.61169798 0.17164862 0.090388101,0.58751148 0.17961137 0.099275607,
  0.61904219 0.1804011 0.090388101,0.59359089 0.17961137 0.099275607,
  0.62294996 0.19113762 0.090388101,0.59930367 0.18169065 0.099275607,
  0.60396076 0.18559842 0.099275607,0.60700047 0.19086334 0.099275607] }
 coordIndex [
  26,2,1,-1,27,1,0,-1,27,26,1,-1,27,2,26,-1,28,27,0,-1,29,28,0,-1,30,3,2,-1,31,29,0,-1,
  32,2,27,-1,32,30,2,-1,32,27,28,-1,33,31,0,-1,34,28,29,-1,34,32,28,-1,35,33,0,-1,36,4,3,-1,
  36,5,4,-1,37,34,29,-1,37,29,31,-1,38,35,0,-1,39,5,36,-1,39,3,30,-1,39,30,32,-1,39,36,3,-1,
  40,31,33,-1,40,37,31,-1,41,38,0,-1,42,32,34,-1,42,39,32,-1,43,33,35,-1,43,40,33,-1,44,0,13,-1,
  44,41,0,-1,45,34,37,-1,45,42,34,-1,46,43,35,-1,46,35,38,-1,47,6,5,-1,47,5,39,-1,48,44,13,-1,
  49,45,37,-1,49,37,40,-1,50,46,38,-1,50,38,41,-1,51,47,39,-1,51,39,42,-1,51,6,47,-1,52,48,13,-1,
  53,40,43,-1,53,49,40,-1,54,50,41,-1,54,41,44,-1,55,42,45,-1,55,51,42,-1,56,52,13,-1,57,53,43,-1,
  57,43,46,-1,58,7,6,-1,59,54,44,-1,59,44,48,-1,60,45,49,-1,60,55,45,-1,61,56,13,-1,62,46,50,-1,
  62,57,46,-1,63,58,6,-1,63,7,58,-1,63,6,51,-1,64,48,52,-1,64,59,48,-1,65,49,53,-1,65,60,49,-1,
  66,61,13,-1,67,62,50,-1,67,50,54,-1,68,63,51,-1,68,51,55,-1,69,52,56,-1,69,64,52,-1,70,53,57,-1,
  70,65,53,-1,71,66,13,-1,72,54,59,-1,72,67,54,-1,73,55,60,-1,73,68,55,-1,74,56,61,-1,74,69,56,-1,
  75,57,62,-1,75,70,57,-1,76,8,7,-1,76,9,8,-1,76,7,63,-1,77,13,14,-1,77,71,13,-1,78,72,59,-1,
  78,59,64,-1,79,60,65,-1,79,73,60,-1,80,61,66,-1,80,74,61,-1,81,75,62,-1,81,62,67,-1,82,76,63,-1,
  82,63,68,-1,83,77,14,-1,83,15,77,-1,83,14,15,-1,84,78,64,-1,84,64,69,-1,85,79,65,-1,85,65,70,-1,
  86,80,66,-1,86,66,71,-1,87,81,67,-1,87,67,72,-1,88,82,68,-1,88,68,73,-1,89,84,69,-1,89,69,74,-1,
  90,85,70,-1,90,70,75,-1,91,10,9,-1,92,77,15,-1,92,71,77,-1,92,86,71,-1,93,87,72,-1,93,72,78,-1,
  94,73,79,-1,94,88,73,-1,95,74,80,-1,95,89,74,-1,96,90,75,-1,96,75,81,-1,97,76,82,-1,97,10,91,-1,
  97,9,76,-1,97,91,9,-1,98,92,15,-1,98,15,16,-1,99,78,84,-1,99,93,78,-1,100,94,79,-1,100,79,85,-1,
  101,95,80,-1,101,80,86,-1,102,81,87,-1,102,96,81,-1,103,97,82,-1,103,82,88,-1,104,99,84,-1,104,84,89,-1,
  105,85,90,-1,105,100,85,-1,106,86,92,-1,106,101,86,-1,107,102,87,-1,107,87,93,-1,108,88,94,-1,108,103,88,-1,
  109,89,95,-1,109,104,89,-1,110,90,96,-1,110,105,90,-1,111,11,10,-1,112,92,98,-1,112,98,16,-1,112,106,92,-1,
  113,93,99,-1,113,107,93,-1,114,108,94,-1,114,94,100,-1,115,95,101,-1,115,109,95,-1,116,96,102,-1,116,110,96,-1,
  117,12,11,-1,117,10,97,-1,117,97,103,-1,117,11,111,-1,117,111,10,-1,118,16,17,-1,118,17,18,-1,118,112,16,-1,
  118,18,112,-1,119,113,99,-1,119,99,104,-1,120,114,100,-1,120,100,105,-1,121,115,101,-1,121,101,106,-1,122,102,107,-1,
  122,116,102,-1,123,12,117,-1,123,117,103,-1,123,103,108,-1,124,119,104,-1,124,104,109,-1,125,105,110,-1,125,120,105,-1,
  126,106,112,-1,126,121,106,-1,127,107,113,-1,127,122,107,-1,128,123,108,-1,128,12,123,-1,128,108,114,-1,129,109,115,-1,
  129,124,109,-1,130,125,110,-1,130,110,116,-1,131,18,19,-1,131,19,126,-1,131,126,112,-1,131,112,18,-1,132,113,119,-1,
  132,127,113,-1,133,114,120,-1,133,12,128,-1,133,128,114,-1,134,115,121,-1,134,129,115,-1,135,116,122,-1,135,130,116,-1,
  136,119,124,-1,136,132,119,-1,137,12,133,-1,137,120,125,-1,137,133,120,-1,138,121,126,-1,138,134,121,-1,139,122,127,-1,
  139,135,122,-1,140,124,129,-1,140,136,124,-1,141,125,130,-1,141,12,137,-1,141,137,125,-1,142,126,19,-1,142,138,126,-1,
  143,139,127,-1,143,127,132,-1,144,129,134,-1,144,140,129,-1,145,130,135,-1,145,12,141,-1,145,141,130,-1,146,19,20,-1,
  146,20,142,-1,146,142,19,-1,147,132,136,-1,147,143,132,-1,148,144,134,-1,148,134,138,-1,149,145,135,-1,149,25,12,-1,
  149,135,139,-1,149,12,145,-1,150,136,140,-1,150,147,136,-1,151,148,138,-1,151,138,142,-1,152,25,149,-1,152,149,139,-1,
  152,139,143,-1,153,140,144,-1,153,150,140,-1,154,20,21,-1,154,21,22,-1,154,151,142,-1,154,142,20,-1,155,143,147,-1,
  155,152,143,-1,155,25,152,-1,156,153,144,-1,156,144,148,-1,157,147,150,-1,157,155,147,-1,157,25,155,-1,158,148,151,-1,
  158,156,148,-1,159,157,150,-1,159,150,153,-1,159,25,157,-1,160,154,22,-1,160,151,154,-1,160,158,151,-1,161,153,156,-1,
  161,25,159,-1,161,159,153,-1,162,23,160,-1,162,22,23,-1,162,160,22,-1,163,25,161,-1,163,156,158,-1,163,161,156,-1,
  164,160,23,-1,164,158,160,-1,164,24,25,-1,164,163,158,-1,164,25,163,-1,165,23,24,-1,165,164,23,-1,165,24,164,-1]
  normalPerVertex TRUE
  normal DEF NORM_27 Normal { vector [
  -0.021981502 0.11904181 -0.99264589,0.20566564 0.07163335 -0.97599708,
  0.48926792 0.15948411 -0.85742739,0.72442018 0.17410448 -0.66701052,
  0.86355026 0.075550858 -0.49857097,0.93215578 0.2092595 -0.29545909,
  0.95567918 0.29384961 -0.018157752,0.92546944 0.20849861 0.31628254,
  0.85610146 0.15095379 0.49427041,0.73674625 0.16691007 0.65524499,
  0.47745648 0.14407689 0.86676246,0.21607912 0.082130844 0.97291538,
  -0.016974704 0.12687955 0.99177288,-0.0027636606 -0.13351108 -0.99104347,
  0.20566564 -0.07163335 -0.97599708,0.48926792 -0.15948411 -0.85742739,
  0.72442018 -0.17410448 -0.66701052,0.86355026 -0.075550858 -0.49857097,
  0.93215578 -0.2092595 -0.29545909,0.95567918 -0.29384961 -0.018157752,
  0.92546944 -0.20849861 0.31628254,0.85610146 -0.15095379 0.49427041,
  0.73674625 -0.16691007 0.65524499,0.47745648 -0.14407689 0.86676246,
  0.21607912 -0.082130844 0.97291538,-0.016974704 -0.12687955 0.99177288,
  0.38203965 0.057980536 -0.9223253,0.34237251 0.19302404 -0.91952313,
  0.25369801 0.30234551 -0.91881691,0.13498989 0.37088168 -0.91881691,
  0.650471 0.23498284 -0.72226764,0 0.39468404 -0.91881691,
  0.50273505 0.39223753 -0.77032927,-0.13498989 0.37088168 -0.91881691,
  0.33063546 0.57267741 -0.75014717,-0.25369801 0.30234551 -0.91881691,
  0.84361002 0.22604462 -0.48705847,0.11482849 0.65122472 -0.75014717,
  -0.3418064 0.19734202 -0.91881691,0.78475862 0.38310261 -0.48722305,
  -0.11482849 0.65122472 -0.75014717,-0.3886879 0.068536164 -0.91881691,
  0.56039027 0.66784712 -0.48983974,-0.33063546 0.57267741 -0.75014717,
  -0.3886879 -0.068536164 -0.91881691,0.29817743 0.81923577 -0.48983974,
  -0.50656291 0.42505675 -0.75014717,0.92654436 0.33311432 -0.17478671,
  -0.3418064 -0.19734202 -0.91881691,0 0.8718125 -0.48983974,
  -0.6213914 0.22616797 -0.75014717,0.80733556 0.57639711 -0.12639488,
  -0.25369801 -0.30234551 -0.91881691,-0.29817743 0.81923577 -0.48983974,
  -0.66127091 0 -0.75014717,0.49270877 0.85339662 -0.17015367,
  -0.13498989 -0.37088168 -0.91881691,-0.56039027 0.66784712 -0.48983974,
  0.961794 0.24273242 0.12662258,-0.6213914 -0.22616797 -0.75014717,
  0.17111596 0.97044683 -0.17015367,0 -0.39468404 -0.91881691,
  -0.75501177 0.43590625 -0.48983974,0.88926308 0.43660233 0.13634365,
  -0.50656291 -0.42505675 -0.75014717,-0.17111596 0.97044683 -0.17015367,
  0.13498989 -0.37088168 -0.91881691,-0.85856771 0.15138865 -0.48983974,
  0.63341418 0.75487363 0.17015367,-0.33063546 -0.57267741 -0.75014717,
  -0.49270877 0.85339662 -0.17015367,0.25369801 -0.30234551 -0.91881691,
  -0.85856771 -0.15138865 -0.48983974,0.33703265 0.92598959 0.17015367,
  -0.11482849 -0.65122472 -0.75014717,-0.75487363 0.63341418 -0.17015367,
  0.82827688 0.28557211 0.48208503,0.34237251 -0.19302404 -0.91952313,
  -0.75501177 -0.43590625 -0.48983974,0 0.98541754 0.17015367,
  0.11482849 -0.65122472 -0.75014717,-0.92598959 0.33703265 -0.17015367,
  0.66784712 0.56039027 0.48983974,0.38203965 -0.057980536 -0.9223253,
  -0.56039027 -0.66784712 -0.48983974,-0.33703265 0.92598959 0.17015367,
  0.33063546 -0.57267741 -0.75014717,-0.98541754 0 -0.17015367,
  0.43590625 0.75501177 0.48983974,-0.29817743 -0.81923577 -0.48983974,
  -0.63341418 0.75487363 0.17015367,0.6029265 0.13812297 0.78574912,
  0.50273505 -0.39223753 -0.77032927,-0.92598959 -0.33703265 -0.17015367,
  0.15138865 0.85856771 0.48983974,0 -0.8718125 -0.48983974,
  -0.85339662 0.49270877 0.17015367,0.58823837 0.30554571 0.74874391,
  0.650471 -0.23498284 -0.72226764,-0.75487363 -0.63341418 -0.17015367,
  -0.15138865 0.85856771 0.48983974,0.29817743 -0.81923577 -0.48983974,
  -0.97044683 0.17111596 0.17015367,0.42505675 0.50656291 0.75014717,
  -0.49270877 -0.85339662 -0.17015367,-0.43590625 0.75501177 0.48983974,
  0.56039027 -0.66784712 -0.48983974,-0.97044683 -0.17111596 0.17015367,
  0.22616797 0.6213914 0.75014717,-0.17111596 -0.97044683 -0.17015367,
  -0.66784712 0.56039027 0.48983974,0.380603 0.10413129 0.91885692,
  0.78475862 -0.38310261 -0.48722305,-0.85339662 -0.49270877 0.17015367,
  0 0.66127091 0.75014717,0.17111596 -0.97044683 -0.17015367,
  -0.81923577 0.29817743 0.48983974,0.32614066 0.23051014 0.91678642,
  0.84361002 -0.22604462 -0.48705847,-0.63341418 -0.75487363 0.17015367,
  -0.22616797 0.6213914 0.75014717,0.49270877 -0.85339662 -0.17015367,
  -0.8718125 0 0.48983974,0.19734202 0.3418064 0.91881691,
  -0.33703265 -0.92598959 0.17015367,-0.42505675 0.50656291 0.75014717,
  0.80733556 -0.57639711 -0.12639488,-0.81923577 -0.29817743 0.48983974,
  0.068536164 0.3886879 0.91881691,0 -0.98541754 0.17015367,
  -0.57267741 0.33063546 0.75014717,0.92654436 -0.33311432 -0.17478671,
  -0.66784712 -0.56039027 0.48983974,-0.068536164 0.3886879 0.91881691,
  0.33703265 -0.92598959 0.17015367,-0.65122472 0.11482849 0.75014717,
  -0.43590625 -0.75501177 0.48983974,-0.19734202 0.3418064 0.91881691,
  0.63341418 -0.75487363 0.17015367,-0.65122472 -0.11482849 0.75014717,
  -0.15138865 -0.85856771 0.48983974,-0.30234551 0.25369801 0.91881691,
  0.88926308 -0.43660233 0.13634365,-0.57267741 -0.33063546 0.75014717,
  0.15138865 -0.85856771 0.48983974,-0.37088168 0.13498989 0.91881691,
  0.961794 -0.24273242 0.12662258,-0.42505675 -0.50656291 0.75014717,
  0.43590625 -0.75501177 0.48983974,-0.39468404 0 0.91881691,
  -0.22616797 -0.6213914 0.75014717,0.66784712 -0.56039027 0.48983974,
  -0.37088168 -0.13498989 0.91881691,0 -0.66127091 0.75014717,
  0.82827688 -0.28557211 0.48208503,-0.30234551 -0.25369801 0.91881691,
  0.22616797 -0.6213914 0.75014717,-0.19734202 -0.3418064 0.91881691,
  0.42505675 -0.50656291 0.75014717,-0.068536164 -0.3886879 0.91881691,
  0.58823837 -0.30554571 0.74874391,0.068536164 -0.3886879 0.91881691,
  0.6029265 -0.13812297 0.78574912,0.19734202 -0.3418064 0.91881691,
  0.32614066 -0.23051014 0.91678642,0.380603 -0.10413129 0.91885692] }
}
}
] }
DEF TXFM_31 Transform {
  center 0 0 0
  rotation 0 0 1 0
  scale 1 1 1
  scaleOrientation 0 0 1 0
  translation 0 0 0
 children [
DEF SHAPE_28 Shape {
 appearance USE APP_1
 geometry DEF FACE_28 IndexedFaceSet {
  coord DEF COORD_28 Coordinate { point [
  0.59055118 -0.19685039 0,0.60379783 -0.19685039 0.0017439538,
  0.61614173 -0.19685039 0.0068569675,0.62674169 -0.19685039 0.014990598,
  0.63487532 -0.19685039 0.025590551,0.63998833 -0.19685039 0.037934458,
  0.64173228 -0.19685039 0.051181102,0.63998833 -0.19685039 0.064427746,
  0.63487532 -0.19685039 0.076771654,0.62674169 -0.19685039 0.087371607,
  0.61614173 -0.19685039 0.095505237,0.60379783 -0.19685039 0.10061825,
  0.59055118 -0.19685039 0.1023622,0.59055118 -0.19685039 0,
  0.60379783 -0.19685039 0.0017439538,0.61614173 -0.19685039 0.0068569675,
  0.62674169 -0.19685039 0.014990598,0.63487532 -0.19685039 0.025590551,
  0.63998833 -0.19685039 0.037934458,0.64173228 -0.19685039 0.051181102,
  0.63998833 -0.19685039 0.064427746,0.63487532 -0.19685039 0.076771654,
  0.62674169 -0.19685039 0.087371607,0.61614173 -0.19685039 0.095505237,
  0.60379783 -0.19685039 0.10061825,0.59055118 -0.19685039 0.1023622,
  0.60779021 -0.19381069 0.0030865981,0.60571093 -0.18809791 0.0030865981,
  0.60180316 -0.18344081 0.0030865981,0.59653823 -0.1804011 0.0030865981,
  0.62146573 -0.18559842 0.011974103,0.59055118 -0.17934543 0.0030865981,
  0.61575295 -0.1757036 0.011974103,0.58456413 -0.1804011 0.0030865981,
  0.60700047 -0.16835939 0.011974103,0.5792992 -0.18344081 0.0030865981,
  0.63420193 -0.18915359 0.025590551,0.59626396 -0.16445162 0.011974103,
  0.57539143 -0.18809791 0.0030865981,0.62893701 -0.17468833 0.025590551,
  0.5848384 -0.16445162 0.011974103,0.57331215 -0.19381069 0.0030865981,
  0.61904219 -0.16289614 0.025590551,0.57410189 -0.16835939 0.011974103,
  0.57331215 -0.1998901 0.0030865981,0.60571093 -0.15519933 0.025590551,
  0.56534941 -0.1757036 0.011974103,0.63791502 -0.17961137 0.042293597,
  0.57539143 -0.20560288 0.0030865981,0.59055118 -0.15252626 0.025590551,
  0.55963663 -0.18559842 0.011974103,0.62916254 -0.16445162 0.042293597,
  0.5792992 -0.21025998 0.0030865981,0.57539143 -0.15519933 0.025590551,
  0.5576526 -0.19685039 0.011974103,0.61575295 -0.15319964 0.042293597,
  0.58456413 -0.21329968 0.0030865981,0.56206018 -0.16289614 0.025590551,
  0.64018898 -0.18809791 0.060068608,0.55963663 -0.20810237 0.011974103,
  0.59930367 -0.14721259 0.042293597,0.59055118 -0.21435536 0.0030865981,
  0.55216535 -0.17468833 0.025590551,0.63420193 -0.17164862 0.060068608,
  0.56534941 -0.21799719 0.011974103,0.5817987 -0.14721259 0.042293597,
  0.59653823 -0.21329968 0.0030865981,0.54690043 -0.18915359 0.025590551,
  0.62294996 -0.15823904 0.060068608,0.57410189 -0.2253414 0.011974103,
  0.56534941 -0.15319964 0.042293597,0.60180316 -0.21025998 0.0030865981,
  0.54690043 -0.2045472 0.025590551,0.60779021 -0.14948655 0.060068608,
  0.5848384 -0.22924917 0.011974103,0.55193982 -0.16445162 0.042293597,
  0.63220224 -0.18169065 0.076771654,0.60571093 -0.20560288 0.0030865981,
  0.55216535 -0.21901246 0.025590551,0.59055118 -0.14644685 0.060068608,
  0.59626396 -0.22924917 0.011974103,0.54318734 -0.17961137 0.042293597,
  0.62450544 -0.16835939 0.076771654,0.60779021 -0.1998901 0.0030865981,
  0.56206018 -0.23080465 0.025590551,0.57331215 -0.14948655 0.060068608,
  0.60700047 -0.2253414 0.011974103,0.54014763 -0.19685039 0.042293597,
  0.61271325 -0.15846457 0.076771654,0.57539143 -0.23850146 0.025590551,
  0.55815241 -0.15823904 0.060068608,0.62294996 -0.19113762 0.090388101,
  0.61575295 -0.21799719 0.011974103,0.54318734 -0.21408942 0.042293597,
  0.59824799 -0.15319964 0.076771654,0.59055118 -0.24117453 0.025590551,
  0.54690043 -0.17164862 0.060068608,0.61904219 -0.1804011 0.090388101,
  0.62146573 -0.20810237 0.011974103,0.55193982 -0.22924917 0.042293597,
  0.58285438 -0.15319964 0.076771654,0.60571093 -0.23850146 0.025590551,
  0.54091338 -0.18809791 0.060068608,0.61169798 -0.17164862 0.090388101,
  0.56534941 -0.24050115 0.042293597,0.56838911 -0.15846457 0.076771654,
  0.61904219 -0.23080465 0.025590551,0.54091338 -0.20560288 0.060068608,
  0.60180316 -0.16593584 0.090388101,0.5817987 -0.2464882 0.042293597,
  0.55659692 -0.16835939 0.076771654,0.60700047 -0.19086334 0.099275607,
  0.62893701 -0.21901246 0.025590551,0.54690043 -0.22205217 0.060068608,
  0.59055118 -0.16395182 0.090388101,0.59930367 -0.2464882 0.042293597,
  0.54890012 -0.18169065 0.076771654,0.60396076 -0.18559842 0.099275607,
  0.63420193 -0.2045472 0.025590551,0.55815241 -0.23546175 0.060068608,
  0.5792992 -0.16593584 0.090388101,0.61575295 -0.24050115 0.042293597,
  0.54622705 -0.19685039 0.076771654,0.59930367 -0.18169065 0.099275607,
  0.57331215 -0.24421423 0.060068608,0.56940438 -0.17164862 0.090388101,
  0.62916254 -0.22924917 0.042293597,0.54890012 -0.21201014 0.076771654,
  0.59359089 -0.17961137 0.099275607,0.59055118 -0.24725394 0.060068608,
  0.56206018 -0.1804011 0.090388101,0.63791502 -0.21408942 0.042293597,
  0.55659692 -0.2253414 0.076771654,0.58751148 -0.17961137 0.099275607,
  0.60779021 -0.24421423 0.060068608,0.55815241 -0.19113762 0.090388101,
  0.56838911 -0.23523622 0.076771654,0.5817987 -0.18169065 0.099275607,
  0.62294996 -0.23546175 0.060068608,0.55815241 -0.20256317 0.090388101,
  0.58285438 -0.24050115 0.076771654,0.5771416 -0.18559842 0.099275607,
  0.63420193 -0.22205217 0.060068608,0.56206018 -0.21329968 0.090388101,
  0.59824799 -0.24050115 0.076771654,0.57410189 -0.19086334 0.099275607,
  0.64018898 -0.20560288 0.060068608,0.56940438 -0.22205217 0.090388101,
  0.61271325 -0.23523622 0.076771654,0.57304621 -0.19685039 0.099275607,
  0.5792992 -0.22776495 0.090388101,0.62450544 -0.2253414 0.076771654,
  0.57410189 -0.20283745 0.099275607,0.59055118 -0.22974897 0.090388101,
  0.63220224 -0.21201014 0.076771654,0.5771416 -0.20810237 0.099275607,
  0.60180316 -0.22776495 0.090388101,0.5817987 -0.21201014 0.099275607,
  0.61169798 -0.22205217 0.090388101,0.58751148 -0.21408942 0.099275607,
  0.61904219 -0.21329968 0.090388101,0.59359089 -0.21408942 0.099275607,
  0.62294996 -0.20256317 0.090388101,0.59930367 -0.21201014 0.099275607,
  0.60396076 -0.20810237 0.099275607,0.60700047 -0.20283745 0.099275607] }
 coordIndex [
  26,2,1,-1,27,1,0,-1,27,26,1,-1,27,2,26,-1,28,27,0,-1,29,28,0,-1,30,3,2,-1,31,29,0,-1,
  32,2,27,-1,32,30,2,-1,32,27,28,-1,33,31,0,-1,34,28,29,-1,34,32,28,-1,35,33,0,-1,36,4,3,-1,
  36,5,4,-1,37,34,29,-1,37,29,31,-1,38,35,0,-1,39,5,36,-1,39,3,30,-1,39,30,32,-1,39,36,3,-1,
  40,31,33,-1,40,37,31,-1,41,38,0,-1,42,32,34,-1,42,39,32,-1,43,33,35,-1,43,40,33,-1,44,0,13,-1,
  44,41,0,-1,45,34,37,-1,45,42,34,-1,46,43,35,-1,46,35,38,-1,47,6,5,-1,47,5,39,-1,48,44,13,-1,
  49,45,37,-1,49,37,40,-1,50,46,38,-1,50,38,41,-1,51,47,39,-1,51,39,42,-1,51,6,47,-1,52,48,13,-1,
  53,40,43,-1,53,49,40,-1,54,50,41,-1,54,41,44,-1,55,42,45,-1,55,51,42,-1,56,52,13,-1,57,53,43,-1,
  57,43,46,-1,58,7,6,-1,59,54,44,-1,59,44,48,-1,60,45,49,-1,60,55,45,-1,61,56,13,-1,62,46,50,-1,
  62,57,46,-1,63,58,6,-1,63,7,58,-1,63,6,51,-1,64,48,52,-1,64,59,48,-1,65,49,53,-1,65,60,49,-1,
  66,61,13,-1,67,62,50,-1,67,50,54,-1,68,63,51,-1,68,51,55,-1,69,52,56,-1,69,64,52,-1,70,53,57,-1,
  70,65,53,-1,71,66,13,-1,72,54,59,-1,72,67,54,-1,73,55,60,-1,73,68,55,-1,74,56,61,-1,74,69,56,-1,
  75,57,62,-1,75,70,57,-1,76,8,7,-1,76,9,8,-1,76,7,63,-1,77,13,14,-1,77,71,13,-1,78,72,59,-1,
  78,59,64,-1,79,60,65,-1,79,73,60,-1,80,61,66,-1,80,74,61,-1,81,75,62,-1,81,62,67,-1,82,76,63,-1,
  82,63,68,-1,83,77,14,-1,83,15,77,-1,83,14,15,-1,84,78,64,-1,84,64,69,-1,85,79,65,-1,85,65,70,-1,
  86,80,66,-1,86,66,71,-1,87,81,67,-1,87,67,72,-1,88,82,68,-1,88,68,73,-1,89,84,69,-1,89,69,74,-1,
  90,85,70,-1,90,70,75,-1,91,10,9,-1,92,77,15,-1,92,71,77,-1,92,86,71,-1,93,87,72,-1,93,72,78,-1,
  94,73,79,-1,94,88,73,-1,95,74,80,-1,95,89,74,-1,96,90,75,-1,96,75,81,-1,97,76,82,-1,97,10,91,-1,
  97,9,76,-1,97,91,9,-1,98,92,15,-1,98,15,16,-1,99,78,84,-1,99,93,78,-1,100,94,79,-1,100,79,85,-1,
  101,95,80,-1,101,80,86,-1,102,81,87,-1,102,96,81,-1,103,97,82,-1,103,82,88,-1,104,99,84,-1,104,84,89,-1,
  105,85,90,-1,105,100,85,-1,106,86,92,-1,106,101,86,-1,107,102,87,-1,107,87,93,-1,108,88,94,-1,108,103,88,-1,
  109,89,95,-1,109,104,89,-1,110,90,96,-1,110,105,90,-1,111,11,10,-1,112,92,98,-1,112,98,16,-1,112,106,92,-1,
  113,93,99,-1,113,107,93,-1,114,108,94,-1,114,94,100,-1,115,95,101,-1,115,109,95,-1,116,96,102,-1,116,110,96,-1,
  117,12,11,-1,117,10,97,-1,117,97,103,-1,117,11,111,-1,117,111,10,-1,118,16,17,-1,118,17,18,-1,118,112,16,-1,
  118,18,112,-1,119,113,99,-1,119,99,104,-1,120,114,100,-1,120,100,105,-1,121,115,101,-1,121,101,106,-1,122,102,107,-1,
  122,116,102,-1,123,12,117,-1,123,117,103,-1,123,103,108,-1,124,119,104,-1,124,104,109,-1,125,105,110,-1,125,120,105,-1,
  126,106,112,-1,126,121,106,-1,127,107,113,-1,127,122,107,-1,128,123,108,-1,128,12,123,-1,128,108,114,-1,129,109,115,-1,
  129,124,109,-1,130,125,110,-1,130,110,116,-1,131,18,19,-1,131,19,126,-1,131,126,112,-1,131,112,18,-1,132,113,119,-1,
  132,127,113,-1,133,114,120,-1,133,12,128,-1,133,128,114,-1,134,115,121,-1,134,129,115,-1,135,116,122,-1,135,130,116,-1,
  136,119,124,-1,136,132,119,-1,137,12,133,-1,137,120,125,-1,137,133,120,-1,138,121,126,-1,138,134,121,-1,139,122,127,-1,
  139,135,122,-1,140,124,129,-1,140,136,124,-1,141,125,130,-1,141,12,137,-1,141,137,125,-1,142,126,19,-1,142,138,126,-1,
  143,139,127,-1,143,127,132,-1,144,129,134,-1,144,140,129,-1,145,130,135,-1,145,12,141,-1,145,141,130,-1,146,19,20,-1,
  146,20,142,-1,146,142,19,-1,147,132,136,-1,147,143,132,-1,148,144,134,-1,148,134,138,-1,149,145,135,-1,149,25,12,-1,
  149,135,139,-1,149,12,145,-1,150,136,140,-1,150,147,136,-1,151,148,138,-1,151,138,142,-1,152,25,149,-1,152,149,139,-1,
  152,139,143,-1,153,140,144,-1,153,150,140,-1,154,20,21,-1,154,21,22,-1,154,151,142,-1,154,142,20,-1,155,143,147,-1,
  155,152,143,-1,155,25,152,-1,156,153,144,-1,156,144,148,-1,157,147,150,-1,157,155,147,-1,157,25,155,-1,158,148,151,-1,
  158,156,148,-1,159,157,150,-1,159,150,153,-1,159,25,157,-1,160,154,22,-1,160,151,154,-1,160,158,151,-1,161,153,156,-1,
  161,25,159,-1,161,159,153,-1,162,23,160,-1,162,22,23,-1,162,160,22,-1,163,25,161,-1,163,156,158,-1,163,161,156,-1,
  164,160,23,-1,164,158,160,-1,164,24,25,-1,164,163,158,-1,164,25,163,-1,165,23,24,-1,165,164,23,-1,165,24,164,-1]
  normalPerVertex TRUE
  normal DEF NORM_28 Normal { vector [
  -0.021981502 0.11904181 -0.99264589,0.20566564 0.07163335 -0.97599708,
  0.48926792 0.15948411 -0.85742739,0.72442018 0.17410448 -0.66701052,
  0.86355026 0.075550858 -0.49857097,0.93215578 0.2092595 -0.29545909,
  0.95567918 0.29384961 -0.018157752,0.92546944 0.20849861 0.31628254,
  0.85610146 0.15095379 0.49427041,0.73674625 0.16691007 0.65524499,
  0.47745648 0.14407689 0.86676246,0.21607912 0.082130844 0.97291538,
  -0.016974704 0.12687955 0.99177288,-0.0027636606 -0.13351108 -0.99104347,
  0.20566564 -0.07163335 -0.97599708,0.48926792 -0.15948411 -0.85742739,
  0.72442018 -0.17410448 -0.66701052,0.86355026 -0.075550858 -0.49857097,
  0.93215578 -0.2092595 -0.29545909,0.95567918 -0.29384961 -0.018157752,
  0.92546944 -0.20849861 0.31628254,0.85610146 -0.15095379 0.49427041,
  0.73674625 -0.16691007 0.65524499,0.47745648 -0.14407689 0.86676246,
  0.21607912 -0.082130844 0.97291538,-0.016974704 -0.12687955 0.99177288,
  0.38203965 0.057980536 -0.9223253,0.34237251 0.19302404 -0.91952313,
  0.25369801 0.30234551 -0.91881691,0.13498989 0.37088168 -0.91881691,
  0.650471 0.23498284 -0.72226764,0 0.39468404 -0.91881691,
  0.50273505 0.39223753 -0.77032927,-0.13498989 0.37088168 -0.91881691,
  0.33063546 0.57267741 -0.75014717,-0.25369801 0.30234551 -0.91881691,
  0.84361002 0.22604462 -0.48705847,0.11482849 0.65122472 -0.75014717,
  -0.3418064 0.19734202 -0.91881691,0.78475862 0.38310261 -0.48722305,
  -0.11482849 0.65122472 -0.75014717,-0.3886879 0.068536164 -0.91881691,
  0.56039027 0.66784712 -0.48983974,-0.33063546 0.57267741 -0.75014717,
  -0.3886879 -0.068536164 -0.91881691,0.29817743 0.81923577 -0.48983974,
  -0.50656291 0.42505675 -0.75014717,0.92654436 0.33311432 -0.17478671,
  -0.3418064 -0.19734202 -0.91881691,0 0.8718125 -0.48983974,
  -0.6213914 0.22616797 -0.75014717,0.80733556 0.57639711 -0.12639488,
  -0.25369801 -0.30234551 -0.91881691,-0.29817743 0.81923577 -0.48983974,
  -0.66127091 0 -0.75014717,0.49270877 0.85339662 -0.17015367,
  -0.13498989 -0.37088168 -0.91881691,-0.56039027 0.66784712 -0.48983974,
  0.961794 0.24273242 0.12662258,-0.6213914 -0.22616797 -0.75014717,
  0.17111596 0.97044683 -0.17015367,0 -0.39468404 -0.91881691,
  -0.75501177 0.43590625 -0.48983974,0.88926308 0.43660233 0.13634365,
  -0.50656291 -0.42505675 -0.75014717,-0.17111596 0.97044683 -0.17015367,
  0.13498989 -0.37088168 -0.91881691,-0.85856771 0.15138865 -0.48983974,
  0.63341418 0.75487363 0.17015367,-0.33063546 -0.57267741 -0.75014717,
  -0.49270877 0.85339662 -0.17015367,0.25369801 -0.30234551 -0.91881691,
  -0.85856771 -0.15138865 -0.48983974,0.33703265 0.92598959 0.17015367,
  -0.11482849 -0.65122472 -0.75014717,-0.75487363 0.63341418 -0.17015367,
  0.82827688 0.28557211 0.48208503,0.34237251 -0.19302404 -0.91952313,
  -0.75501177 -0.43590625 -0.48983974,0 0.98541754 0.17015367,
  0.11482849 -0.65122472 -0.75014717,-0.92598959 0.33703265 -0.17015367,
  0.66784712 0.56039027 0.48983974,0.38203965 -0.057980536 -0.9223253,
  -0.56039027 -0.66784712 -0.48983974,-0.33703265 0.92598959 0.17015367,
  0.33063546 -0.57267741 -0.75014717,-0.98541754 0 -0.17015367,
  0.43590625 0.75501177 0.48983974,-0.29817743 -0.81923577 -0.48983974,
  -0.63341418 0.75487363 0.17015367,0.6029265 0.13812297 0.78574912,
  0.50273505 -0.39223753 -0.77032927,-0.92598959 -0.33703265 -0.17015367,
  0.15138865 0.85856771 0.48983974,0 -0.8718125 -0.48983974,
  -0.85339662 0.49270877 0.17015367,0.58823837 0.30554571 0.74874391,
  0.650471 -0.23498284 -0.72226764,-0.75487363 -0.63341418 -0.17015367,
  -0.15138865 0.85856771 0.48983974,0.29817743 -0.81923577 -0.48983974,
  -0.97044683 0.17111596 0.17015367,0.42505675 0.50656291 0.75014717,
  -0.49270877 -0.85339662 -0.17015367,-0.43590625 0.75501177 0.48983974,
  0.56039027 -0.66784712 -0.48983974,-0.97044683 -0.17111596 0.17015367,
  0.22616797 0.6213914 0.75014717,-0.17111596 -0.97044683 -0.17015367,
  -0.66784712 0.56039027 0.48983974,0.380603 0.10413129 0.91885692,
  0.78475862 -0.38310261 -0.48722305,-0.85339662 -0.49270877 0.17015367,
  0 0.66127091 0.75014717,0.17111596 -0.97044683 -0.17015367,
  -0.81923577 0.29817743 0.48983974,0.32614066 0.23051014 0.91678642,
  0.84361002 -0.22604462 -0.48705847,-0.63341418 -0.75487363 0.17015367,
  -0.22616797 0.6213914 0.75014717,0.49270877 -0.85339662 -0.17015367,
  -0.8718125 0 0.48983974,0.19734202 0.3418064 0.91881691,
  -0.33703265 -0.92598959 0.17015367,-0.42505675 0.50656291 0.75014717,
  0.80733556 -0.57639711 -0.12639488,-0.81923577 -0.29817743 0.48983974,
  0.068536164 0.3886879 0.91881691,0 -0.98541754 0.17015367,
  -0.57267741 0.33063546 0.75014717,0.92654436 -0.33311432 -0.17478671,
  -0.66784712 -0.56039027 0.48983974,-0.068536164 0.3886879 0.91881691,
  0.33703265 -0.92598959 0.17015367,-0.65122472 0.11482849 0.75014717,
  -0.43590625 -0.75501177 0.48983974,-0.19734202 0.3418064 0.91881691,
  0.63341418 -0.75487363 0.17015367,-0.65122472 -0.11482849 0.75014717,
  -0.15138865 -0.85856771 0.48983974,-0.30234551 0.25369801 0.91881691,
  0.88926308 -0.43660233 0.13634365,-0.57267741 -0.33063546 0.75014717,
  0.15138865 -0.85856771 0.48983974,-0.37088168 0.13498989 0.91881691,
  0.961794 -0.24273242 0.12662258,-0.42505675 -0.50656291 0.75014717,
  0.43590625 -0.75501177 0.48983974,-0.39468404 0 0.91881691,
  -0.22616797 -0.6213914 0.75014717,0.66784712 -0.56039027 0.48983974,
  -0.37088168 -0.13498989 0.91881691,0 -0.66127091 0.75014717,
  0.82827688 -0.28557211 0.48208503,-0.30234551 -0.25369801 0.91881691,
  0.22616797 -0.6213914 0.75014717,-0.19734202 -0.3418064 0.91881691,
  0.42505675 -0.50656291 0.75014717,-0.068536164 -0.3886879 0.91881691,
  0.58823837 -0.30554571 0.74874391,0.068536164 -0.3886879 0.91881691,
  0.6029265 -0.13812297 0.78574912,0.19734202 -0.3418064 0.91881691,
  0.32614066 -0.23051014 0.91678642,0.380603 -0.10413129 0.91885692] }
}
}
] }
DEF TXFM_32 Transform {
  center 0 0 0
  rotation 0 0 1 0
  scale 1 1 1
  scaleOrientation 0 0 1 0
  translation 0 0 0
 children [
DEF SHAPE_29 Shape {
 appearance USE APP_1
 geometry DEF FACE_29 IndexedFaceSet {
  coord DEF COORD_29 Coordinate { point [
  0.59055118 -0.59055118 0,0.60379783 -0.59055118 0.0017439538,
  0.61614173 -0.59055118 0.0068569675,0.62674169 -0.59055118 0.014990598,
  0.63487532 -0.59055118 0.025590551,0.63998833 -0.59055118 0.037934458,
  0.64173228 -0.59055118 0.051181102,0.63998833 -0.59055118 0.064427746,
  0.63487532 -0.59055118 0.076771654,0.62674169 -0.59055118 0.087371607,
  0.61614173 -0.59055118 0.095505237,0.60379783 -0.59055118 0.10061825,
  0.59055118 -0.59055118 0.1023622,0.59055118 -0.59055118 0,
  0.60379783 -0.59055118 0.0017439538,0.61614173 -0.59055118 0.0068569675,
  0.62674169 -0.59055118 0.014990598,0.63487532 -0.59055118 0.025590551,
  0.63998833 -0.59055118 0.037934458,0.64173228 -0.59055118 0.051181102,
  0.63998833 -0.59055118 0.064427746,0.63487532 -0.59055118 0.076771654,
  0.62674169 -0.59055118 0.087371607,0.61614173 -0.59055118 0.095505237,
  0.60379783 -0.59055118 0.10061825,0.59055118 -0.59055118 0.1023622,
  0.60779021 -0.58751148 0.0030865981,0.60571093 -0.5817987 0.0030865981,
  0.60180316 -0.5771416 0.0030865981,0.59653823 -0.57410189 0.0030865981,
  0.62146573 -0.5792992 0.011974103,0.59055118 -0.57304621 0.0030865981,
  0.61575295 -0.56940438 0.011974103,0.58456413 -0.57410189 0.0030865981,
  0.60700047 -0.56206018 0.011974103,0.5792992 -0.5771416 0.0030865981,
  0.63420193 -0.58285438 0.025590551,0.59626396 -0.55815241 0.011974103,
  0.57539143 -0.5817987 0.0030865981,0.62893701 -0.56838911 0.025590551,
  0.5848384 -0.55815241 0.011974103,0.57331215 -0.58751148 0.0030865981,
  0.61904219 -0.55659692 0.025590551,0.57410189 -0.56206018 0.011974103,
  0.57331215 -0.59359089 0.0030865981,0.60571093 -0.54890012 0.025590551,
  0.56534941 -0.56940438 0.011974103,0.63791502 -0.57331215 0.042293597,
  0.57539143 -0.59930367 0.0030865981,0.59055118 -0.54622705 0.025590551,
  0.55963663 -0.5792992 0.011974103,0.62916254 -0.55815241 0.042293597,
  0.5792992 -0.60396076 0.0030865981,0.57539143 -0.54890012 0.025590551,
  0.5576526 -0.59055118 0.011974103,0.61575295 -0.54690043 0.042293597,
  0.58456413 -0.60700047 0.0030865981,0.56206018 -0.55659692 0.025590551,
  0.64018898 -0.5817987 0.060068608,0.55963663 -0.60180316 0.011974103,
  0.59930367 -0.54091338 0.042293597,0.59055118 -0.60805615 0.0030865981,
  0.55216535 -0.56838911 0.025590551,0.63420193 -0.56534941 0.060068608,
  0.56534941 -0.61169798 0.011974103,0.5817987 -0.54091338 0.042293597,
  0.59653823 -0.60700047 0.0030865981,0.54690043 -0.58285438 0.025590551,
  0.62294996 -0.55193982 0.060068608,0.57410189 -0.61904219 0.011974103,
  0.56534941 -0.54690043 0.042293597,0.60180316 -0.60396076 0.0030865981,
  0.54690043 -0.59824799 0.025590551,0.60779021 -0.54318734 0.060068608,
  0.5848384 -0.62294996 0.011974103,0.55193982 -0.55815241 0.042293597,
  0.63220224 -0.57539143 0.076771654,0.60571093 -0.59930367 0.0030865981,
  0.55216535 -0.61271325 0.025590551,0.59055118 -0.54014763 0.060068608,
  0.59626396 -0.62294996 0.011974103,0.54318734 -0.57331215 0.042293597,
  0.62450544 -0.56206018 0.076771654,0.60779021 -0.59359089 0.0030865981,
  0.56206018 -0.62450544 0.025590551,0.57331215 -0.54318734 0.060068608,
  0.60700047 -0.61904219 0.011974103,0.54014763 -0.59055118 0.042293597,
  0.61271325 -0.55216535 0.076771654,0.57539143 -0.63220224 0.025590551,
  0.55815241 -0.55193982 0.060068608,0.62294996 -0.5848384 0.090388101,
  0.61575295 -0.61169798 0.011974103,0.54318734 -0.60779021 0.042293597,
  0.59824799 -0.54690043 0.076771654,0.59055118 -0.63487532 0.025590551,
  0.54690043 -0.56534941 0.060068608,0.61904219 -0.57410189 0.090388101,
  0.62146573 -0.60180316 0.011974103,0.55193982 -0.62294996 0.042293597,
  0.58285438 -0.54690043 0.076771654,0.60571093 -0.63220224 0.025590551,
  0.54091338 -0.5817987 0.060068608,0.61169798 -0.56534941 0.090388101,
  0.56534941 -0.63420193 0.042293597,0.56838911 -0.55216535 0.076771654,
  0.61904219 -0.62450544 0.025590551,0.54091338 -0.59930367 0.060068608,
  0.60180316 -0.55963663 0.090388101,0.5817987 -0.64018898 0.042293597,
  0.55659692 -0.56206018 0.076771654,0.60700047 -0.58456413 0.099275607,
  0.62893701 -0.61271325 0.025590551,0.54690043 -0.61575295 0.060068608,
  0.59055118 -0.5576526 0.090388101,0.59930367 -0.64018898 0.042293597,
  0.54890012 -0.57539143 0.076771654,0.60396076 -0.5792992 0.099275607,
  0.63420193 -0.59824799 0.025590551,0.55815241 -0.62916254 0.060068608,
  0.5792992 -0.55963663 0.090388101,0.61575295 -0.63420193 0.042293597,
  0.54622705 -0.59055118 0.076771654,0.59930367 -0.57539143 0.099275607,
  0.57331215 -0.63791502 0.060068608,0.56940438 -0.56534941 0.090388101,
  0.62916254 -0.62294996 0.042293597,0.54890012 -0.60571093 0.076771654,
  0.59359089 -0.57331215 0.099275607,0.59055118 -0.64095473 0.060068608,
  0.56206018 -0.57410189 0.090388101,0.63791502 -0.60779021 0.042293597,
  0.55659692 -0.61904219 0.076771654,0.58751148 -0.57331215 0.099275607,
  0.60779021 -0.63791502 0.060068608,0.55815241 -0.5848384 0.090388101,
  0.56838911 -0.62893701 0.076771654,0.5817987 -0.57539143 0.099275607,
  0.62294996 -0.62916254 0.060068608,0.55815241 -0.59626396 0.090388101,
  0.58285438 -0.63420193 0.076771654,0.5771416 -0.5792992 0.099275607,
  0.63420193 -0.61575295 0.060068608,0.56206018 -0.60700047 0.090388101,
  0.59824799 -0.63420193 0.076771654,0.57410189 -0.58456413 0.099275607,
  0.64018898 -0.59930367 0.060068608,0.56940438 -0.61575295 0.090388101,
  0.61271325 -0.62893701 0.076771654,0.57304621 -0.59055118 0.099275607,
  0.5792992 -0.62146573 0.090388101,0.62450544 -0.61904219 0.076771654,
  0.57410189 -0.59653823 0.099275607,0.59055118 -0.62344976 0.090388101,
  0.63220224 -0.60571093 0.076771654,0.5771416 -0.60180316 0.099275607,
  0.60180316 -0.62146573 0.090388101,0.5817987 -0.60571093 0.099275607,
  0.61169798 -0.61575295 0.090388101,0.58751148 -0.60779021 0.099275607,
  0.61904219 -0.60700047 0.090388101,0.59359089 -0.60779021 0.099275607,
  0.62294996 -0.59626396 0.090388101,0.59930367 -0.60571093 0.099275607,
  0.60396076 -0.60180316 0.099275607,0.60700047 -0.59653823 0.099275607] }
 coordIndex [
  26,2,1,-1,27,1,0,-1,27,26,1,-1,27,2,26,-1,28,27,0,-1,29,28,0,-1,30,3,2,-1,31,29,0,-1,
  32,2,27,-1,32,30,2,-1,32,27,28,-1,33,31,0,-1,34,28,29,-1,34,32,28,-1,35,33,0,-1,36,4,3,-1,
  36,5,4,-1,37,34,29,-1,37,29,31,-1,38,35,0,-1,39,5,36,-1,39,3,30,-1,39,30,32,-1,39,36,3,-1,
  40,31,33,-1,40,37,31,-1,41,38,0,-1,42,32,34,-1,42,39,32,-1,43,33,35,-1,43,40,33,-1,44,0,13,-1,
  44,41,0,-1,45,34,37,-1,45,42,34,-1,46,43,35,-1,46,35,38,-1,47,6,5,-1,47,5,39,-1,48,44,13,-1,
  49,45,37,-1,49,37,40,-1,50,46,38,-1,50,38,41,-1,51,47,39,-1,51,39,42,-1,51,6,47,-1,52,48,13,-1,
  53,40,43,-1,53,49,40,-1,54,50,41,-1,54,41,44,-1,55,42,45,-1,55,51,42,-1,56,52,13,-1,57,53,43,-1,
  57,43,46,-1,58,7,6,-1,59,54,44,-1,59,44,48,-1,60,45,49,-1,60,55,45,-1,61,56,13,-1,62,46,50,-1,
  62,57,46,-1,63,58,6,-1,63,7,58,-1,63,6,51,-1,64,48,52,-1,64,59,48,-1,65,49,53,-1,65,60,49,-1,
  66,61,13,-1,67,62,50,-1,67,50,54,-1,68,63,51,-1,68,51,55,-1,69,52,56,-1,69,64,52,-1,70,53,57,-1,
  70,65,53,-1,71,66,13,-1,72,54,59,-1,72,67,54,-1,73,55,60,-1,73,68,55,-1,74,56,61,-1,74,69,56,-1,
  75,57,62,-1,75,70,57,-1,76,8,7,-1,76,9,8,-1,76,7,63,-1,77,13,14,-1,77,71,13,-1,78,72,59,-1,
  78,59,64,-1,79,60,65,-1,79,73,60,-1,80,61,66,-1,80,74,61,-1,81,75,62,-1,81,62,67,-1,82,76,63,-1,
  82,63,68,-1,83,77,14,-1,83,15,77,-1,83,14,15,-1,84,78,64,-1,84,64,69,-1,85,79,65,-1,85,65,70,-1,
  86,80,66,-1,86,66,71,-1,87,81,67,-1,87,67,72,-1,88,82,68,-1,88,68,73,-1,89,84,69,-1,89,69,74,-1,
  90,85,70,-1,90,70,75,-1,91,10,9,-1,92,77,15,-1,92,71,77,-1,92,86,71,-1,93,87,72,-1,93,72,78,-1,
  94,73,79,-1,94,88,73,-1,95,74,80,-1,95,89,74,-1,96,90,75,-1,96,75,81,-1,97,76,82,-1,97,10,91,-1,
  97,9,76,-1,97,91,9,-1,98,92,15,-1,98,15,16,-1,99,78,84,-1,99,93,78,-1,100,94,79,-1,100,79,85,-1,
  101,95,80,-1,101,80,86,-1,102,81,87,-1,102,96,81,-1,103,97,82,-1,103,82,88,-1,104,99,84,-1,104,84,89,-1,
  105,85,90,-1,105,100,85,-1,106,86,92,-1,106,101,86,-1,107,102,87,-1,107,87,93,-1,108,88,94,-1,108,103,88,-1,
  109,89,95,-1,109,104,89,-1,110,90,96,-1,110,105,90,-1,111,11,10,-1,112,92,98,-1,112,98,16,-1,112,106,92,-1,
  113,93,99,-1,113,107,93,-1,114,108,94,-1,114,94,100,-1,115,95,101,-1,115,109,95,-1,116,96,102,-1,116,110,96,-1,
  117,12,11,-1,117,10,97,-1,117,97,103,-1,117,11,111,-1,117,111,10,-1,118,16,17,-1,118,17,18,-1,118,112,16,-1,
  118,18,112,-1,119,113,99,-1,119,99,104,-1,120,114,100,-1,120,100,105,-1,121,115,101,-1,121,101,106,-1,122,102,107,-1,
  122,116,102,-1,123,12,117,-1,123,117,103,-1,123,103,108,-1,124,119,104,-1,124,104,109,-1,125,105,110,-1,125,120,105,-1,
  126,106,112,-1,126,121,106,-1,127,107,113,-1,127,122,107,-1,128,123,108,-1,128,12,123,-1,128,108,114,-1,129,109,115,-1,
  129,124,109,-1,130,125,110,-1,130,110,116,-1,131,18,19,-1,131,19,126,-1,131,126,112,-1,131,112,18,-1,132,113,119,-1,
  132,127,113,-1,133,114,120,-1,133,12,128,-1,133,128,114,-1,134,115,121,-1,134,129,115,-1,135,116,122,-1,135,130,116,-1,
  136,119,124,-1,136,132,119,-1,137,12,133,-1,137,120,125,-1,137,133,120,-1,138,121,126,-1,138,134,121,-1,139,122,127,-1,
  139,135,122,-1,140,124,129,-1,140,136,124,-1,141,125,130,-1,141,12,137,-1,141,137,125,-1,142,126,19,-1,142,138,126,-1,
  143,139,127,-1,143,127,132,-1,144,129,134,-1,144,140,129,-1,145,130,135,-1,145,12,141,-1,145,141,130,-1,146,19,20,-1,
  146,20,142,-1,146,142,19,-1,147,132,136,-1,147,143,132,-1,148,144,134,-1,148,134,138,-1,149,145,135,-1,149,25,12,-1,
  149,135,139,-1,149,12,145,-1,150,136,140,-1,150,147,136,-1,151,148,138,-1,151,138,142,-1,152,25,149,-1,152,149,139,-1,
  152,139,143,-1,153,140,144,-1,153,150,140,-1,154,20,21,-1,154,21,22,-1,154,151,142,-1,154,142,20,-1,155,143,147,-1,
  155,152,143,-1,155,25,152,-1,156,153,144,-1,156,144,148,-1,157,147,150,-1,157,155,147,-1,157,25,155,-1,158,148,151,-1,
  158,156,148,-1,159,157,150,-1,159,150,153,-1,159,25,157,-1,160,154,22,-1,160,151,154,-1,160,158,151,-1,161,153,156,-1,
  161,25,159,-1,161,159,153,-1,162,23,160,-1,162,22,23,-1,162,160,22,-1,163,25,161,-1,163,156,158,-1,163,161,156,-1,
  164,160,23,-1,164,158,160,-1,164,24,25,-1,164,163,158,-1,164,25,163,-1,165,23,24,-1,165,164,23,-1,165,24,164,-1]
  normalPerVertex TRUE
  normal DEF NORM_29 Normal { vector [
  -0.021981502 0.11904181 -0.99264589,0.20566564 0.07163335 -0.97599708,
  0.48926792 0.15948411 -0.85742739,0.72442018 0.17410448 -0.66701052,
  0.86355026 0.075550858 -0.49857097,0.93215578 0.2092595 -0.29545909,
  0.95567918 0.29384961 -0.018157752,0.92546944 0.20849861 0.31628254,
  0.85610146 0.15095379 0.49427041,0.73674625 0.16691007 0.65524499,
  0.47745648 0.14407689 0.86676246,0.21607912 0.082130844 0.97291538,
  -0.016974704 0.12687955 0.99177288,-0.0027636606 -0.13351108 -0.99104347,
  0.20566564 -0.07163335 -0.97599708,0.48926792 -0.15948411 -0.85742739,
  0.72442018 -0.17410448 -0.66701052,0.86355026 -0.075550858 -0.49857097,
  0.93215578 -0.2092595 -0.29545909,0.95567918 -0.29384961 -0.018157752,
  0.92546944 -0.20849861 0.31628254,0.85610146 -0.15095379 0.49427041,
  0.73674625 -0.16691007 0.65524499,0.47745648 -0.14407689 0.86676246,
  0.21607912 -0.082130844 0.97291538,-0.016974704 -0.12687955 0.99177288,
  0.38203965 0.057980536 -0.9223253,0.34237251 0.19302404 -0.91952313,
  0.25369801 0.30234551 -0.91881691,0.13498989 0.37088168 -0.91881691,
  0.650471 0.23498284 -0.72226764,0 0.39468404 -0.91881691,
  0.50273505 0.39223753 -0.77032927,-0.13498989 0.37088168 -0.91881691,
  0.33063546 0.57267741 -0.75014717,-0.25369801 0.30234551 -0.91881691,
  0.84361002 0.22604462 -0.48705847,0.11482849 0.65122472 -0.75014717,
  -0.3418064 0.19734202 -0.91881691,0.78475862 0.38310261 -0.48722305,
  -0.11482849 0.65122472 -0.75014717,-0.3886879 0.068536164 -0.91881691,
  0.56039027 0.66784712 -0.48983974,-0.33063546 0.57267741 -0.75014717,
  -0.3886879 -0.068536164 -0.91881691,0.29817743 0.81923577 -0.48983974,
  -0.50656291 0.42505675 -0.75014717,0.92654436 0.33311432 -0.17478671,
  -0.3418064 -0.19734202 -0.91881691,0 0.8718125 -0.48983974,
  -0.6213914 0.22616797 -0.75014717,0.80733556 0.57639711 -0.12639488,
  -0.25369801 -0.30234551 -0.91881691,-0.29817743 0.81923577 -0.48983974,
  -0.66127091 0 -0.75014717,0.49270877 0.85339662 -0.17015367,
  -0.13498989 -0.37088168 -0.91881691,-0.56039027 0.66784712 -0.48983974,
  0.961794 0.24273242 0.12662258,-0.6213914 -0.22616797 -0.75014717,
  0.17111596 0.97044683 -0.17015367,0 -0.39468404 -0.91881691,
  -0.75501177 0.43590625 -0.48983974,0.88926308 0.43660233 0.13634365,
  -0.50656291 -0.42505675 -0.75014717,-0.17111596 0.97044683 -0.17015367,
  0.13498989 -0.37088168 -0.91881691,-0.85856771 0.15138865 -0.48983974,
  0.63341418 0.75487363 0.17015367,-0.33063546 -0.57267741 -0.75014717,
  -0.49270877 0.85339662 -0.17015367,0.25369801 -0.30234551 -0.91881691,
  -0.85856771 -0.15138865 -0.48983974,0.33703265 0.92598959 0.17015367,
  -0.11482849 -0.65122472 -0.75014717,-0.75487363 0.63341418 -0.17015367,
  0.82827688 0.28557211 0.48208503,0.34237251 -0.19302404 -0.91952313,
  -0.75501177 -0.43590625 -0.48983974,0 0.98541754 0.17015367,
  0.11482849 -0.65122472 -0.75014717,-0.92598959 0.33703265 -0.17015367,
  0.66784712 0.56039027 0.48983974,0.38203965 -0.057980536 -0.9223253,
  -0.56039027 -0.66784712 -0.48983974,-0.33703265 0.92598959 0.17015367,
  0.33063546 -0.57267741 -0.75014717,-0.98541754 0 -0.17015367,
  0.43590625 0.75501177 0.48983974,-0.29817743 -0.81923577 -0.48983974,
  -0.63341418 0.75487363 0.17015367,0.6029265 0.13812297 0.78574912,
  0.50273505 -0.39223753 -0.77032927,-0.92598959 -0.33703265 -0.17015367,
  0.15138865 0.85856771 0.48983974,0 -0.8718125 -0.48983974,
  -0.85339662 0.49270877 0.17015367,0.58823837 0.30554571 0.74874391,
  0.650471 -0.23498284 -0.72226764,-0.75487363 -0.63341418 -0.17015367,
  -0.15138865 0.85856771 0.48983974,0.29817743 -0.81923577 -0.48983974,
  -0.97044683 0.17111596 0.17015367,0.42505675 0.50656291 0.75014717,
  -0.49270877 -0.85339662 -0.17015367,-0.43590625 0.75501177 0.48983974,
  0.56039027 -0.66784712 -0.48983974,-0.97044683 -0.17111596 0.17015367,
  0.22616797 0.6213914 0.75014717,-0.17111596 -0.97044683 -0.17015367,
  -0.66784712 0.56039027 0.48983974,0.380603 0.10413129 0.91885692,
  0.78475862 -0.38310261 -0.48722305,-0.85339662 -0.49270877 0.17015367,
  0 0.66127091 0.75014717,0.17111596 -0.97044683 -0.17015367,
  -0.81923577 0.29817743 0.48983974,0.32614066 0.23051014 0.91678642,
  0.84361002 -0.22604462 -0.48705847,-0.63341418 -0.75487363 0.17015367,
  -0.22616797 0.6213914 0.75014717,0.49270877 -0.85339662 -0.17015367,
  -0.8718125 0 0.48983974,0.19734202 0.3418064 0.91881691,
  -0.33703265 -0.92598959 0.17015367,-0.42505675 0.50656291 0.75014717,
  0.80733556 -0.57639711 -0.12639488,-0.81923577 -0.29817743 0.48983974,
  0.068536164 0.3886879 0.91881691,0 -0.98541754 0.17015367,
  -0.57267741 0.33063546 0.75014717,0.92654436 -0.33311432 -0.17478671,
  -0.66784712 -0.56039027 0.48983974,-0.068536164 0.3886879 0.91881691,
  0.33703265 -0.92598959 0.17015367,-0.65122472 0.11482849 0.75014717,
  -0.43590625 -0.75501177 0.48983974,-0.19734202 0.3418064 0.91881691,
  0.63341418 -0.75487363 0.17015367,-0.65122472 -0.11482849 0.75014717,
  -0.15138865 -0.85856771 0.48983974,-0.30234551 0.25369801 0.91881691,
  0.88926308 -0.43660233 0.13634365,-0.57267741 -0.33063546 0.75014717,
  0.15138865 -0.85856771 0.48983974,-0.37088168 0.13498989 0.91881691,
  0.961794 -0.24273242 0.12662258,-0.42505675 -0.50656291 0.75014717,
  0.43590625 -0.75501177 0.48983974,-0.39468404 0 0.91881691,
  -0.22616797 -0.6213914 0.75014717,0.66784712 -0.56039027 0.48983974,
  -0.37088168 -0.13498989 0.91881691,0 -0.66127091 0.75014717,
  0.82827688 -0.28557211 0.48208503,-0.30234551 -0.25369801 0.91881691,
  0.22616797 -0.6213914 0.75014717,-0.19734202 -0.3418064 0.91881691,
  0.42505675 -0.50656291 0.75014717,-0.068536164 -0.3886879 0.91881691,
  0.58823837 -0.30554571 0.74874391,0.068536164 -0.3886879 0.91881691,
  0.6029265 -0.13812297 0.78574912,0.19734202 -0.3418064 0.91881691,
  0.32614066 -0.23051014 0.91678642,0.380603 -0.10413129 0.91885692] }
}
}
] }
DEF TXFM_33 Transform {
  center 0 0 0
  rotation 0 0 1 0
  scale 1 1 1
  scaleOrientation 0 0 1 0
  translation 0 0 0
 children [
DEF SHAPE_30 Shape {
 appearance USE APP_1
 geometry DEF FACE_30 IndexedFaceSet {
  coord DEF COORD_30 Coordinate { point [
  0.59055118 -0.98425197 0,0.60379783 -0.98425197 0.0017439538,
  0.61614173 -0.98425197 0.0068569675,0.62674169 -0.98425197 0.014990598,
  0.63487532 -0.98425197 0.025590551,0.63998833 -0.98425197 0.037934458,
  0.64173228 -0.98425197 0.051181102,0.63998833 -0.98425197 0.064427746,
  0.63487532 -0.98425197 0.076771654,0.62674169 -0.98425197 0.087371607,
  0.61614173 -0.98425197 0.095505237,0.60379783 -0.98425197 0.10061825,
  0.59055118 -0.98425197 0.1023622,0.59055118 -0.98425197 0,
  0.60379783 -0.98425197 0.0017439538,0.61614173 -0.98425197 0.0068569675,
  0.62674169 -0.98425197 0.014990598,0.63487532 -0.98425197 0.025590551,
  0.63998833 -0.98425197 0.037934458,0.64173228 -0.98425197 0.051181102,
  0.63998833 -0.98425197 0.064427746,0.63487532 -0.98425197 0.076771654,
  0.62674169 -0.98425197 0.087371607,0.61614173 -0.98425197 0.095505237,
  0.60379783 -0.98425197 0.10061825,0.59055118 -0.98425197 0.1023622,
  0.60779021 -0.98121226 0.0030865981,0.60571093 -0.97549948 0.0030865981,
  0.60180316 -0.97084239 0.0030865981,0.59653823 -0.96780268 0.0030865981,
  0.62146573 -0.97299999 0.011974103,0.59055118 -0.966747 0.0030865981,
  0.61575295 -0.96310517 0.011974103,0.58456413 -0.96780268 0.0030865981,
  0.60700047 -0.95576096 0.011974103,0.5792992 -0.97084239 0.0030865981,
  0.63420193 -0.97655516 0.025590551,0.59626396 -0.95185319 0.011974103,
  0.57539143 -0.97549948 0.0030865981,0.62893701 -0.9620899 0.025590551,
  0.5848384 -0.95185319 0.011974103,0.57331215 -0.98121226 0.0030865981,
  0.61904219 -0.95029771 0.025590551,0.57410189 -0.95576096 0.011974103,
  0.57331215 -0.98729167 0.0030865981,0.60571093 -0.94260091 0.025590551,
  0.56534941 -0.96310517 0.011974103,0.63791502 -0.96701294 0.042293597,
  0.57539143 -0.99300445 0.0030865981,0.59055118 -0.93992783 0.025590551,
  0.55963663 -0.97299999 0.011974103,0.62916254 -0.95185319 0.042293597,
  0.5792992 -0.99766155 0.0030865981,0.57539143 -0.94260091 0.025590551,
  0.5576526 -0.98425197 0.011974103,0.61575295 -0.94060122 0.042293597,
  0.58456413 -1.0007013 0.0030865981,0.56206018 -0.95029771 0.025590551,
  0.64018898 -0.97549948 0.060068608,0.55963663 -0.99550395 0.011974103,
  0.59930367 -0.93461417 0.042293597,0.59055118 -1.0017569 0.0030865981,
  0.55216535 -0.9620899 0.025590551,0.63420193 -0.9590502 0.060068608,
  0.56534941 -1.0053988 0.011974103,0.5817987 -0.93461417 0.042293597,
  0.59653823 -1.0007013 0.0030865981,0.54690043 -0.97655516 0.025590551,
  0.62294996 -0.94564061 0.060068608,0.57410189 -1.012743 0.011974103,
  0.56534941 -0.94060122 0.042293597,0.60180316 -0.99766155 0.0030865981,
  0.54690043 -0.99194877 0.025590551,0.60779021 -0.93688813 0.060068608,
  0.5848384 -1.0166507 0.011974103,0.55193982 -0.95185319 0.042293597,
  0.63220224 -0.96909222 0.076771654,0.60571093 -0.99300445 0.0030865981,
  0.55216535 -1.006414 0.025590551,0.59055118 -0.93384842 0.060068608,
  0.59626396 -1.0166507 0.011974103,0.54318734 -0.96701294 0.042293597,
  0.62450544 -0.95576096 0.076771654,0.60779021 -0.98729167 0.0030865981,
  0.56206018 -1.0182062 0.025590551,0.57331215 -0.93688813 0.060068608,
  0.60700047 -1.012743 0.011974103,0.54014763 -0.98425197 0.042293597,
  0.61271325 -0.94586614 0.076771654,0.57539143 -1.025903 0.025590551,
  0.55815241 -0.94564061 0.060068608,0.62294996 -0.97853919 0.090388101,
  0.61575295 -1.0053988 0.011974103,0.54318734 -1.001491 0.042293597,
  0.59824799 -0.94060122 0.076771654,0.59055118 -1.0285761 0.025590551,
  0.54690043 -0.9590502 0.060068608,0.61904219 -0.96780268 0.090388101,
  0.62146573 -0.99550395 0.011974103,0.55193982 -1.0166507 0.042293597,
  0.58285438 -0.94060122 0.076771654,0.60571093 -1.025903 0.025590551,
  0.54091338 -0.97549948 0.060068608,0.61169798 -0.9590502 0.090388101,
  0.56534941 -1.0279027 0.042293597,0.56838911 -0.94586614 0.076771654,
  0.61904219 -1.0182062 0.025590551,0.54091338 -0.99300445 0.060068608,
  0.60180316 -0.95333742 0.090388101,0.5817987 -1.0338898 0.042293597,
  0.55659692 -0.95576096 0.076771654,0.60700047 -0.97826492 0.099275607,
  0.62893701 -1.006414 0.025590551,0.54690043 -1.0094537 0.060068608,
  0.59055118 -0.95135339 0.090388101,0.59930367 -1.0338898 0.042293597,
  0.54890012 -0.96909222 0.076771654,0.60396076 -0.97299999 0.099275607,
  0.63420193 -0.99194877 0.025590551,0.55815241 -1.0228633 0.060068608,
  0.5792992 -0.95333742 0.090388101,0.61575295 -1.0279027 0.042293597,
  0.54622705 -0.98425197 0.076771654,0.59930367 -0.96909222 0.099275607,
  0.57331215 -1.0316158 0.060068608,0.56940438 -0.9590502 0.090388101,
  0.62916254 -1.0166507 0.042293597,0.54890012 -0.99941172 0.076771654,
  0.59359089 -0.96701294 0.099275607,0.59055118 -1.0346555 0.060068608,
  0.56206018 -0.96780268 0.090388101,0.63791502 -1.001491 0.042293597,
  0.55659692 -1.012743 0.076771654,0.58751148 -0.96701294 0.099275607,
  0.60779021 -1.0316158 0.060068608,0.55815241 -0.97853919 0.090388101,
  0.56838911 -1.0226378 0.076771654,0.5817987 -0.96909222 0.099275607,
  0.62294996 -1.0228633 0.060068608,0.55815241 -0.98996475 0.090388101,
  0.58285438 -1.0279027 0.076771654,0.5771416 -0.97299999 0.099275607,
  0.63420193 -1.0094537 0.060068608,0.56206018 -1.0007013 0.090388101,
  0.59824799 -1.0279027 0.076771654,0.57410189 -0.97826492 0.099275607,
  0.64018898 -0.99300445 0.060068608,0.56940438 -1.0094537 0.090388101,
  0.61271325 -1.0226378 0.076771654,0.57304621 -0.98425197 0.099275607,
  0.5792992 -1.0151665 0.090388101,0.62450544 -1.012743 0.076771654,
  0.57410189 -0.99023902 0.099275607,0.59055118 -1.0171505 0.090388101,
  0.63220224 -0.99941172 0.076771654,0.5771416 -0.99550395 0.099275607,
  0.60180316 -1.0151665 0.090388101,0.5817987 -0.99941172 0.099275607,
  0.61169798 -1.0094537 0.090388101,0.58751148 -1.001491 0.099275607,
  0.61904219 -1.0007013 0.090388101,0.59359089 -1.001491 0.099275607,
  0.62294996 -0.98996475 0.090388101,0.59930367 -0.99941172 0.099275607,
  0.60396076 -0.99550395 0.099275607,0.60700047 -0.99023902 0.099275607] }
 coordIndex [
  26,2,1,-1,27,1,0,-1,27,26,1,-1,27,2,26,-1,28,27,0,-1,29,28,0,-1,30,3,2,-1,31,29,0,-1,
  32,2,27,-1,32,30,2,-1,32,27,28,-1,33,31,0,-1,34,28,29,-1,34,32,28,-1,35,33,0,-1,36,4,3,-1,
  36,5,4,-1,37,34,29,-1,37,29,31,-1,38,35,0,-1,39,5,36,-1,39,3,30,-1,39,30,32,-1,39,36,3,-1,
  40,31,33,-1,40,37,31,-1,41,38,0,-1,42,32,34,-1,42,39,32,-1,43,33,35,-1,43,40,33,-1,44,0,13,-1,
  44,41,0,-1,45,34,37,-1,45,42,34,-1,46,43,35,-1,46,35,38,-1,47,6,5,-1,47,5,39,-1,48,44,13,-1,
  49,45,37,-1,49,37,40,-1,50,46,38,-1,50,38,41,-1,51,47,39,-1,51,39,42,-1,51,6,47,-1,52,48,13,-1,
  53,40,43,-1,53,49,40,-1,54,50,41,-1,54,41,44,-1,55,42,45,-1,55,51,42,-1,56,52,13,-1,57,53,43,-1,
  57,43,46,-1,58,7,6,-1,59,54,44,-1,59,44,48,-1,60,45,49,-1,60,55,45,-1,61,56,13,-1,62,46,50,-1,
  62,57,46,-1,63,58,6,-1,63,7,58,-1,63,6,51,-1,64,48,52,-1,64,59,48,-1,65,49,53,-1,65,60,49,-1,
  66,61,13,-1,67,62,50,-1,67,50,54,-1,68,63,51,-1,68,51,55,-1,69,52,56,-1,69,64,52,-1,70,53,57,-1,
  70,65,53,-1,71,66,13,-1,72,54,59,-1,72,67,54,-1,73,55,60,-1,73,68,55,-1,74,56,61,-1,74,69,56,-1,
  75,57,62,-1,75,70,57,-1,76,8,7,-1,76,9,8,-1,76,7,63,-1,77,13,14,-1,77,71,13,-1,78,72,59,-1,
  78,59,64,-1,79,60,65,-1,79,73,60,-1,80,61,66,-1,80,74,61,-1,81,75,62,-1,81,62,67,-1,82,76,63,-1,
  82,63,68,-1,83,77,14,-1,83,15,77,-1,83,14,15,-1,84,78,64,-1,84,64,69,-1,85,79,65,-1,85,65,70,-1,
  86,80,66,-1,86,66,71,-1,87,81,67,-1,87,67,72,-1,88,82,68,-1,88,68,73,-1,89,84,69,-1,89,69,74,-1,
  90,85,70,-1,90,70,75,-1,91,10,9,-1,92,77,15,-1,92,71,77,-1,92,86,71,-1,93,87,72,-1,93,72,78,-1,
  94,73,79,-1,94,88,73,-1,95,74,80,-1,95,89,74,-1,96,90,75,-1,96,75,81,-1,97,76,82,-1,97,10,91,-1,
  97,9,76,-1,97,91,9,-1,98,92,15,-1,98,15,16,-1,99,78,84,-1,99,93,78,-1,100,94,79,-1,100,79,85,-1,
  101,95,80,-1,101,80,86,-1,102,81,87,-1,102,96,81,-1,103,97,82,-1,103,82,88,-1,104,99,84,-1,104,84,89,-1,
  105,85,90,-1,105,100,85,-1,106,86,92,-1,106,101,86,-1,107,102,87,-1,107,87,93,-1,108,88,94,-1,108,103,88,-1,
  109,89,95,-1,109,104,89,-1,110,90,96,-1,110,105,90,-1,111,11,10,-1,112,92,98,-1,112,98,16,-1,112,106,92,-1,
  113,93,99,-1,113,107,93,-1,114,108,94,-1,114,94,100,-1,115,95,101,-1,115,109,95,-1,116,96,102,-1,116,110,96,-1,
  117,12,11,-1,117,10,97,-1,117,97,103,-1,117,11,111,-1,117,111,10,-1,118,16,17,-1,118,17,18,-1,118,112,16,-1,
  118,18,112,-1,119,113,99,-1,119,99,104,-1,120,114,100,-1,120,100,105,-1,121,115,101,-1,121,101,106,-1,122,102,107,-1,
  122,116,102,-1,123,12,117,-1,123,117,103,-1,123,103,108,-1,124,119,104,-1,124,104,109,-1,125,105,110,-1,125,120,105,-1,
  126,106,112,-1,126,121,106,-1,127,107,113,-1,127,122,107,-1,128,123,108,-1,128,12,123,-1,128,108,114,-1,129,109,115,-1,
  129,124,109,-1,130,125,110,-1,130,110,116,-1,131,18,19,-1,131,19,126,-1,131,126,112,-1,131,112,18,-1,132,113,119,-1,
  132,127,113,-1,133,114,120,-1,133,12,128,-1,133,128,114,-1,134,115,121,-1,134,129,115,-1,135,116,122,-1,135,130,116,-1,
  136,119,124,-1,136,132,119,-1,137,12,133,-1,137,120,125,-1,137,133,120,-1,138,121,126,-1,138,134,121,-1,139,122,127,-1,
  139,135,122,-1,140,124,129,-1,140,136,124,-1,141,125,130,-1,141,12,137,-1,141,137,125,-1,142,126,19,-1,142,138,126,-1,
  143,139,127,-1,143,127,132,-1,144,129,134,-1,144,140,129,-1,145,130,135,-1,145,12,141,-1,145,141,130,-1,146,19,20,-1,
  146,20,142,-1,146,142,19,-1,147,132,136,-1,147,143,132,-1,148,144,134,-1,148,134,138,-1,149,145,135,-1,149,25,12,-1,
  149,135,139,-1,149,12,145,-1,150,136,140,-1,150,147,136,-1,151,148,138,-1,151,138,142,-1,152,25,149,-1,152,149,139,-1,
  152,139,143,-1,153,140,144,-1,153,150,140,-1,154,20,21,-1,154,21,22,-1,154,151,142,-1,154,142,20,-1,155,143,147,-1,
  155,152,143,-1,155,25,152,-1,156,153,144,-1,156,144,148,-1,157,147,150,-1,157,155,147,-1,157,25,155,-1,158,148,151,-1,
  158,156,148,-1,159,157,150,-1,159,150,153,-1,159,25,157,-1,160,154,22,-1,160,151,154,-1,160,158,151,-1,161,153,156,-1,
  161,25,159,-1,161,159,153,-1,162,23,160,-1,162,22,23,-1,162,160,22,-1,163,25,161,-1,163,156,158,-1,163,161,156,-1,
  164,160,23,-1,164,158,160,-1,164,24,25,-1,164,163,158,-1,164,25,163,-1,165,23,24,-1,165,164,23,-1,165,24,164,-1]
  normalPerVertex TRUE
  normal DEF NORM_30 Normal { vector [
  -0.021981502 0.11904181 -0.99264589,0.20566564 0.07163335 -0.97599708,
  0.48926792 0.15948411 -0.85742739,0.72442018 0.17410448 -0.66701052,
  0.86355026 0.075550858 -0.49857097,0.93215578 0.2092595 -0.29545909,
  0.95567918 0.29384961 -0.018157752,0.92546944 0.20849861 0.31628254,
  0.85610146 0.15095379 0.49427041,0.73674625 0.16691007 0.65524499,
  0.47745648 0.14407689 0.86676246,0.21607912 0.082130844 0.97291538,
  -0.016974704 0.12687955 0.99177288,-0.0027636606 -0.13351108 -0.99104347,
  0.20566564 -0.07163335 -0.97599708,0.48926792 -0.15948411 -0.85742739,
  0.72442018 -0.17410448 -0.66701052,0.86355026 -0.075550858 -0.49857097,
  0.93215578 -0.2092595 -0.29545909,0.95567918 -0.29384961 -0.018157752,
  0.92546944 -0.20849861 0.31628254,0.85610146 -0.15095379 0.49427041,
  0.73674625 -0.16691007 0.65524499,0.47745648 -0.14407689 0.86676246,
  0.21607912 -0.082130844 0.97291538,-0.016974704 -0.12687955 0.99177288,
  0.38203965 0.057980536 -0.9223253,0.34237251 0.19302404 -0.91952313,
  0.25369801 0.30234551 -0.91881691,0.13498989 0.37088168 -0.91881691,
  0.650471 0.23498284 -0.72226764,0 0.39468404 -0.91881691,
  0.50273505 0.39223753 -0.77032927,-0.13498989 0.37088168 -0.91881691,
  0.33063546 0.57267741 -0.75014717,-0.25369801 0.30234551 -0.91881691,
  0.84361002 0.22604462 -0.48705847,0.11482849 0.65122472 -0.75014717,
  -0.3418064 0.19734202 -0.91881691,0.78475862 0.38310261 -0.48722305,
  -0.11482849 0.65122472 -0.75014717,-0.3886879 0.068536164 -0.91881691,
  0.56039027 0.66784712 -0.48983974,-0.33063546 0.57267741 -0.75014717,
  -0.3886879 -0.068536164 -0.91881691,0.29817743 0.81923577 -0.48983974,
  -0.50656291 0.42505675 -0.75014717,0.92654436 0.33311432 -0.17478671,
  -0.3418064 -0.19734202 -0.91881691,0 0.8718125 -0.48983974,
  -0.6213914 0.22616797 -0.75014717,0.80733556 0.57639711 -0.12639488,
  -0.25369801 -0.30234551 -0.91881691,-0.29817743 0.81923577 -0.48983974,
  -0.66127091 0 -0.75014717,0.49270877 0.85339662 -0.17015367,
  -0.13498989 -0.37088168 -0.91881691,-0.56039027 0.66784712 -0.48983974,
  0.961794 0.24273242 0.12662258,-0.6213914 -0.22616797 -0.75014717,
  0.17111596 0.97044683 -0.17015367,0 -0.39468404 -0.91881691,
  -0.75501177 0.43590625 -0.48983974,0.88926308 0.43660233 0.13634365,
  -0.50656291 -0.42505675 -0.75014717,-0.17111596 0.97044683 -0.17015367,
  0.13498989 -0.37088168 -0.91881691,-0.85856771 0.15138865 -0.48983974,
  0.63341418 0.75487363 0.17015367,-0.33063546 -0.57267741 -0.75014717,
  -0.49270877 0.85339662 -0.17015367,0.25369801 -0.30234551 -0.91881691,
  -0.85856771 -0.15138865 -0.48983974,0.33703265 0.92598959 0.17015367,
  -0.11482849 -0.65122472 -0.75014717,-0.75487363 0.63341418 -0.17015367,
  0.82827688 0.28557211 0.48208503,0.34237251 -0.19302404 -0.91952313,
  -0.75501177 -0.43590625 -0.48983974,0 0.98541754 0.17015367,
  0.11482849 -0.65122472 -0.75014717,-0.92598959 0.33703265 -0.17015367,
  0.66784712 0.56039027 0.48983974,0.38203965 -0.057980536 -0.9223253,
  -0.56039027 -0.66784712 -0.48983974,-0.33703265 0.92598959 0.17015367,
  0.33063546 -0.57267741 -0.75014717,-0.98541754 0 -0.17015367,
  0.43590625 0.75501177 0.48983974,-0.29817743 -0.81923577 -0.48983974,
  -0.63341418 0.75487363 0.17015367,0.6029265 0.13812297 0.78574912,
  0.50273505 -0.39223753 -0.77032927,-0.92598959 -0.33703265 -0.17015367,
  0.15138865 0.85856771 0.48983974,0 -0.8718125 -0.48983974,
  -0.85339662 0.49270877 0.17015367,0.58823837 0.30554571 0.74874391,
  0.650471 -0.23498284 -0.72226764,-0.75487363 -0.63341418 -0.17015367,
  -0.15138865 0.85856771 0.48983974,0.29817743 -0.81923577 -0.48983974,
  -0.97044683 0.17111596 0.17015367,0.42505675 0.50656291 0.75014717,
  -0.49270877 -0.85339662 -0.17015367,-0.43590625 0.75501177 0.48983974,
  0.56039027 -0.66784712 -0.48983974,-0.97044683 -0.17111596 0.17015367,
  0.22616797 0.6213914 0.75014717,-0.17111596 -0.97044683 -0.17015367,
  -0.66784712 0.56039027 0.48983974,0.380603 0.10413129 0.91885692,
  0.78475862 -0.38310261 -0.48722305,-0.85339662 -0.49270877 0.17015367,
  0 0.66127091 0.75014717,0.17111596 -0.97044683 -0.17015367,
  -0.81923577 0.29817743 0.48983974,0.32614066 0.23051014 0.91678642,
  0.84361002 -0.22604462 -0.48705847,-0.63341418 -0.75487363 0.17015367,
  -0.22616797 0.6213914 0.75014717,0.49270877 -0.85339662 -0.17015367,
  -0.8718125 0 0.48983974,0.19734202 0.3418064 0.91881691,
  -0.33703265 -0.92598959 0.17015367,-0.42505675 0.50656291 0.75014717,
  0.80733556 -0.57639711 -0.12639488,-0.81923577 -0.29817743 0.48983974,
  0.068536164 0.3886879 0.91881691,0 -0.98541754 0.17015367,
  -0.57267741 0.33063546 0.75014717,0.92654436 -0.33311432 -0.17478671,
  -0.66784712 -0.56039027 0.48983974,-0.068536164 0.3886879 0.91881691,
  0.33703265 -0.92598959 0.17015367,-0.65122472 0.11482849 0.75014717,
  -0.43590625 -0.75501177 0.48983974,-0.19734202 0.3418064 0.91881691,
  0.63341418 -0.75487363 0.17015367,-0.65122472 -0.11482849 0.75014717,
  -0.15138865 -0.85856771 0.48983974,-0.30234551 0.25369801 0.91881691,
  0.88926308 -0.43660233 0.13634365,-0.57267741 -0.33063546 0.75014717,
  0.15138865 -0.85856771 0.48983974,-0.37088168 0.13498989 0.91881691,
  0.961794 -0.24273242 0.12662258,-0.42505675 -0.50656291 0.75014717,
  0.43590625 -0.75501177 0.48983974,-0.39468404 0 0.91881691,
  -0.22616797 -0.6213914 0.75014717,0.66784712 -0.56039027 0.48983974,
  -0.37088168 -0.13498989 0.91881691,0 -0.66127091 0.75014717,
  0.82827688 -0.28557211 0.48208503,-0.30234551 -0.25369801 0.91881691,
  0.22616797 -0.6213914 0.75014717,-0.19734202 -0.3418064 0.91881691,
  0.42505675 -0.50656291 0.75014717,-0.068536164 -0.3886879 0.91881691,
  0.58823837 -0.30554571 0.74874391,0.068536164 -0.3886879 0.91881691,
  0.6029265 -0.13812297 0.78574912,0.19734202 -0.3418064 0.91881691,
  0.32614066 -0.23051014 0.91678642,0.380603 -0.10413129 0.91885692] }
}
}
] }
DEF TXFM_34 Transform {
  center 0 0 0
  rotation 0 0 1 0
  scale 1 1 1
  scaleOrientation 0 0 1 0
  translation 0 0 0
 children [
DEF SHAPE_31 Shape {
 appearance USE APP_1
 geometry DEF FACE_31 IndexedFaceSet {
  coord DEF COORD_31 Coordinate { point [
  0.98425197 0.98425197 0,0.99749861 0.98425197 0.0017439538,
  1.0098425 0.98425197 0.0068569675,1.0204425 0.98425197 0.014990598,
  1.0285761 0.98425197 0.025590551,1.0336891 0.98425197 0.037934458,
  1.0354331 0.98425197 0.051181102,1.0336891 0.98425197 0.064427746,
  1.0285761 0.98425197 0.076771654,1.0204425 0.98425197 0.087371607,
  1.0098425 0.98425197 0.095505237,0.99749861 0.98425197 0.10061825,
  0.98425197 0.98425197 0.1023622,0.98425197 0.98425197 0,
  0.99749861 0.98425197 0.0017439538,1.0098425 0.98425197 0.0068569675,
  1.0204425 0.98425197 0.014990598,1.0285761 0.98425197 0.025590551,
  1.0336891 0.98425197 0.037934458,1.0354331 0.98425197 0.051181102,
  1.0336891 0.98425197 0.064427746,1.0285761 0.98425197 0.076771654,
  1.0204425 0.98425197 0.087371607,1.0098425 0.98425197 0.095505237,
  0.99749861 0.98425197 0.10061825,0.98425197 0.98425197 0.1023622,
  1.001491 0.98729167 0.0030865981,0.99941172 0.99300445 0.0030865981,
  0.99550395 0.99766155 0.0030865981,0.99023902 1.0007013 0.0030865981,
  1.0151665 0.99550395 0.011974103,0.98425197 1.0017569 0.0030865981,
  1.0094537 1.0053988 0.011974103,0.97826492 1.0007013 0.0030865981,
  1.0007013 1.012743 0.011974103,0.97299999 0.99766155 0.0030865981,
  1.0279027 0.99194877 0.025590551,0.98996475 1.0166507 0.011974103,
  0.96909222 0.99300445 0.0030865981,1.0226378 1.006414 0.025590551,
  0.97853919 1.0166507 0.011974103,0.96701294 0.98729167 0.0030865981,
  1.012743 1.0182062 0.025590551,0.96780268 1.012743 0.011974103,
  0.96701294 0.98121226 0.0030865981,0.99941172 1.025903 0.025590551,
  0.9590502 1.0053988 0.011974103,1.0316158 1.001491 0.042293597,
  0.96909222 0.97549948 0.0030865981,0.98425197 1.0285761 0.025590551,
  0.95333742 0.99550395 0.011974103,1.0228633 1.0166507 0.042293597,
  0.97299999 0.97084239 0.0030865981,0.96909222 1.025903 0.025590551,
  0.95135339 0.98425197 0.011974103,1.0094537 1.0279027 0.042293597,
  0.97826492 0.96780268 0.0030865981,0.95576096 1.0182062 0.025590551,
  1.0338898 0.99300445 0.060068608,0.95333742 0.97299999 0.011974103,
  0.99300445 1.0338898 0.042293597,0.98425197 0.966747 0.0030865981,
  0.94586614 1.006414 0.025590551,1.0279027 1.0094537 0.060068608,
  0.9590502 0.96310517 0.011974103,0.97549948 1.0338898 0.042293597,
  0.99023902 0.96780268 0.0030865981,0.94060122 0.99194877 0.025590551,
  1.0166507 1.0228633 0.060068608,0.96780268 0.95576096 0.011974103,
  0.9590502 1.0279027 0.042293597,0.99550395 0.97084239 0.0030865981,
  0.94060122 0.97655516 0.025590551,1.001491 1.0316158 0.060068608,
  0.97853919 0.95185319 0.011974103,0.94564061 1.0166507 0.042293597,
  1.025903 0.99941172 0.076771654,0.99941172 0.97549948 0.0030865981,
  0.94586614 0.9620899 0.025590551,0.98425197 1.0346555 0.060068608,
  0.98996475 0.95185319 0.011974103,0.93688813 1.001491 0.042293597,
  1.0182062 1.012743 0.076771654,1.001491 0.98121226 0.0030865981,
  0.95576096 0.95029771 0.025590551,0.96701294 1.0316158 0.060068608,
  1.0007013 0.95576096 0.011974103,0.93384842 0.98425197 0.042293597,
  1.006414 1.0226378 0.076771654,0.96909222 0.94260091 0.025590551,
  0.95185319 1.0228633 0.060068608,1.0166507 0.98996475 0.090388101,
  1.0094537 0.96310517 0.011974103,0.93688813 0.96701294 0.042293597,
  0.99194877 1.0279027 0.076771654,0.98425197 0.93992783 0.025590551,
  0.94060122 1.0094537 0.060068608,1.012743 1.0007013 0.090388101,
  1.0151665 0.97299999 0.011974103,0.94564061 0.95185319 0.042293597,
  0.97655516 1.0279027 0.076771654,0.99941172 0.94260091 0.025590551,
  0.93461417 0.99300445 0.060068608,1.0053988 1.0094537 0.090388101,
  0.9590502 0.94060122 0.042293597,0.9620899 1.0226378 0.076771654,
  1.012743 0.95029771 0.025590551,0.93461417 0.97549948 0.060068608,
  0.99550395 1.0151665 0.090388101,0.97549948 0.93461417 0.042293597,
  0.95029771 1.012743 0.076771654,1.0007013 0.99023902 0.099275607,
  1.0226378 0.9620899 0.025590551,0.94060122 0.9590502 0.060068608,
  0.98425197 1.0171505 0.090388101,0.99300445 0.93461417 0.042293597,
  0.94260091 0.99941172 0.076771654,0.99766155 0.99550395 0.099275607,
  1.0279027 0.97655516 0.025590551,0.95185319 0.94564061 0.060068608,
  0.97299999 1.0151665 0.090388101,1.0094537 0.94060122 0.042293597,
  0.93992783 0.98425197 0.076771654,0.99300445 0.99941172 0.099275607,
  0.96701294 0.93688813 0.060068608,0.96310517 1.0094537 0.090388101,
  1.0228633 0.95185319 0.042293597,0.94260091 0.96909222 0.076771654,
  0.98729167 1.001491 0.099275607,0.98425197 0.93384842 0.060068608,
  0.95576096 1.0007013 0.090388101,1.0316158 0.96701294 0.042293597,
  0.95029771 0.95576096 0.076771654,0.98121226 1.001491 0.099275607,
  1.001491 0.93688813 0.060068608,0.95185319 0.98996475 0.090388101,
  0.9620899 0.94586614 0.076771654,0.97549948 0.99941172 0.099275607,
  1.0166507 0.94564061 0.060068608,0.95185319 0.97853919 0.090388101,
  0.97655516 0.94060122 0.076771654,0.97084239 0.99550395 0.099275607,
  1.0279027 0.9590502 0.060068608,0.95576096 0.96780268 0.090388101,
  0.99194877 0.94060122 0.076771654,0.96780268 0.99023902 0.099275607,
  1.0338898 0.97549948 0.060068608,0.96310517 0.9590502 0.090388101,
  1.006414 0.94586614 0.076771654,0.966747 0.98425197 0.099275607,
  0.97299999 0.95333742 0.090388101,1.0182062 0.95576096 0.076771654,
  0.96780268 0.97826492 0.099275607,0.98425197 0.95135339 0.090388101,
  1.025903 0.96909222 0.076771654,0.97084239 0.97299999 0.099275607,
  0.99550395 0.95333742 0.090388101,0.97549948 0.96909222 0.099275607,
  1.0053988 0.9590502 0.090388101,0.98121226 0.96701294 0.099275607,
  1.012743 0.96780268 0.090388101,0.98729167 0.96701294 0.099275607,
  1.0166507 0.97853919 0.090388101,0.99300445 0.96909222 0.099275607,
  0.99766155 0.97299999 0.099275607,1.0007013 0.97826492 0.099275607] }
 coordIndex [
  26,2,1,-1,27,1,0,-1,27,26,1,-1,27,2,26,-1,28,27,0,-1,29,28,0,-1,30,3,2,-1,31,29,0,-1,
  32,2,27,-1,32,30,2,-1,32,27,28,-1,33,31,0,-1,34,28,29,-1,34,32,28,-1,35,33,0,-1,36,4,3,-1,
  36,5,4,-1,37,34,29,-1,37,29,31,-1,38,35,0,-1,39,5,36,-1,39,3,30,-1,39,30,32,-1,39,36,3,-1,
  40,31,33,-1,40,37,31,-1,41,38,0,-1,42,32,34,-1,42,39,32,-1,43,33,35,-1,43,40,33,-1,44,0,13,-1,
  44,41,0,-1,45,34,37,-1,45,42,34,-1,46,43,35,-1,46,35,38,-1,47,6,5,-1,47,5,39,-1,48,44,13,-1,
  49,45,37,-1,49,37,40,-1,50,46,38,-1,50,38,41,-1,51,47,39,-1,51,39,42,-1,51,6,47,-1,52,48,13,-1,
  53,40,43,-1,53,49,40,-1,54,50,41,-1,54,41,44,-1,55,42,45,-1,55,51,42,-1,56,52,13,-1,57,53,43,-1,
  57,43,46,-1,58,7,6,-1,59,54,44,-1,59,44,48,-1,60,45,49,-1,60,55,45,-1,61,56,13,-1,62,46,50,-1,
  62,57,46,-1,63,58,6,-1,63,7,58,-1,63,6,51,-1,64,48,52,-1,64,59,48,-1,65,49,53,-1,65,60,49,-1,
  66,61,13,-1,67,62,50,-1,67,50,54,-1,68,63,51,-1,68,51,55,-1,69,52,56,-1,69,64,52,-1,70,53,57,-1,
  70,65,53,-1,71,66,13,-1,72,54,59,-1,72,67,54,-1,73,55,60,-1,73,68,55,-1,74,56,61,-1,74,69,56,-1,
  75,57,62,-1,75,70,57,-1,76,8,7,-1,76,9,8,-1,76,7,63,-1,77,13,14,-1,77,71,13,-1,78,72,59,-1,
  78,59,64,-1,79,60,65,-1,79,73,60,-1,80,61,66,-1,80,74,61,-1,81,75,62,-1,81,62,67,-1,82,76,63,-1,
  82,63,68,-1,83,77,14,-1,83,15,77,-1,83,14,15,-1,84,78,64,-1,84,64,69,-1,85,79,65,-1,85,65,70,-1,
  86,80,66,-1,86,66,71,-1,87,81,67,-1,87,67,72,-1,88,82,68,-1,88,68,73,-1,89,84,69,-1,89,69,74,-1,
  90,85,70,-1,90,70,75,-1,91,10,9,-1,92,77,15,-1,92,71,77,-1,92,86,71,-1,93,87,72,-1,93,72,78,-1,
  94,73,79,-1,94,88,73,-1,95,74,80,-1,95,89,74,-1,96,90,75,-1,96,75,81,-1,97,76,82,-1,97,10,91,-1,
  97,9,76,-1,97,91,9,-1,98,92,15,-1,98,15,16,-1,99,78,84,-1,99,93,78,-1,100,94,79,-1,100,79,85,-1,
  101,95,80,-1,101,80,86,-1,102,81,87,-1,102,96,81,-1,103,97,82,-1,103,82,88,-1,104,99,84,-1,104,84,89,-1,
  105,85,90,-1,105,100,85,-1,106,86,92,-1,106,101,86,-1,107,102,87,-1,107,87,93,-1,108,88,94,-1,108,103,88,-1,
  109,89,95,-1,109,104,89,-1,110,90,96,-1,110,105,90,-1,111,11,10,-1,112,92,98,-1,112,98,16,-1,112,106,92,-1,
  113,93,99,-1,113,107,93,-1,114,108,94,-1,114,94,100,-1,115,95,101,-1,115,109,95,-1,116,96,102,-1,116,110,96,-1,
  117,12,11,-1,117,10,97,-1,117,97,103,-1,117,11,111,-1,117,111,10,-1,118,16,17,-1,118,17,18,-1,118,112,16,-1,
  118,18,112,-1,119,113,99,-1,119,99,104,-1,120,114,100,-1,120,100,105,-1,121,115,101,-1,121,101,106,-1,122,102,107,-1,
  122,116,102,-1,123,12,117,-1,123,117,103,-1,123,103,108,-1,124,119,104,-1,124,104,109,-1,125,105,110,-1,125,120,105,-1,
  126,106,112,-1,126,121,106,-1,127,107,113,-1,127,122,107,-1,128,123,108,-1,128,12,123,-1,128,108,114,-1,129,109,115,-1,
  129,124,109,-1,130,125,110,-1,130,110,116,-1,131,18,19,-1,131,19,126,-1,131,126,112,-1,131,112,18,-1,132,113,119,-1,
  132,127,113,-1,133,114,120,-1,133,12,128,-1,133,128,114,-1,134,115,121,-1,134,129,115,-1,135,116,122,-1,135,130,116,-1,
  136,119,124,-1,136,132,119,-1,137,12,133,-1,137,120,125,-1,137,133,120,-1,138,121,126,-1,138,134,121,-1,139,122,127,-1,
  139,135,122,-1,140,124,129,-1,140,136,124,-1,141,125,130,-1,141,12,137,-1,141,137,125,-1,142,126,19,-1,142,138,126,-1,
  143,139,127,-1,143,127,132,-1,144,129,134,-1,144,140,129,-1,145,130,135,-1,145,12,141,-1,145,141,130,-1,146,19,20,-1,
  146,20,142,-1,146,142,19,-1,147,132,136,-1,147,143,132,-1,148,144,134,-1,148,134,138,-1,149,145,135,-1,149,25,12,-1,
  149,135,139,-1,149,12,145,-1,150,136,140,-1,150,147,136,-1,151,148,138,-1,151,138,142,-1,152,25,149,-1,152,149,139,-1,
  152,139,143,-1,153,140,144,-1,153,150,140,-1,154,20,21,-1,154,21,22,-1,154,151,142,-1,154,142,20,-1,155,143,147,-1,
  155,152,143,-1,155,25,152,-1,156,153,144,-1,156,144,148,-1,157,147,150,-1,157,155,147,-1,157,25,155,-1,158,156,148,-1,
  158,148,151,-1,159,157,150,-1,159,25,157,-1,159,150,153,-1,160,154,22,-1,160,151,154,-1,160,158,151,-1,161,153,156,-1,
  161,159,153,-1,161,25,159,-1,162,23,160,-1,162,22,23,-1,162,160,22,-1,163,25,161,-1,163,156,158,-1,163,161,156,-1,
  164,160,23,-1,164,24,25,-1,164,158,160,-1,164,163,158,-1,164,25,163,-1,165,23,24,-1,165,24,164,-1,165,164,23,-1]
  normalPerVertex TRUE
  normal DEF NORM_31 Normal { vector [
  -0.021981502 0.11904181 -0.99264589,0.20566564 0.07163335 -0.97599708,
  0.48926792 0.15948411 -0.85742739,0.72442018 0.17410448 -0.66701052,
  0.86355026 0.075550858 -0.49857097,0.93215578 0.2092595 -0.29545909,
  0.95567918 0.29384961 -0.018157752,0.92546944 0.20849861 0.31628254,
  0.85610146 0.15095379 0.49427041,0.73674625 0.16691007 0.65524499,
  0.47745648 0.14407689 0.86676246,0.21607912 0.082130844 0.97291538,
  -0.016974704 0.12687955 0.99177288,-0.0027636606 -0.13351108 -0.99104347,
  0.20566564 -0.07163335 -0.97599708,0.48926792 -0.15948411 -0.85742739,
  0.72442018 -0.17410448 -0.66701052,0.86355026 -0.075550858 -0.49857097,
  0.93215578 -0.2092595 -0.29545909,0.95567918 -0.29384961 -0.018157752,
  0.92546944 -0.20849861 0.31628254,0.85610146 -0.15095379 0.49427041,
  0.73674625 -0.16691007 0.65524499,0.47745648 -0.14407689 0.86676246,
  0.21607912 -0.082130844 0.97291538,-0.016974704 -0.12687955 0.99177288,
  0.38203965 0.057980536 -0.9223253,0.34237251 0.19302404 -0.91952313,
  0.25369801 0.30234551 -0.91881691,0.13498989 0.37088168 -0.91881691,
  0.650471 0.23498284 -0.72226764,0 0.39468404 -0.91881691,
  0.50273505 0.39223753 -0.77032927,-0.13498989 0.37088168 -0.91881691,
  0.33063546 0.57267741 -0.75014717,-0.25369801 0.30234551 -0.91881691,
  0.84361002 0.22604462 -0.48705847,0.11482849 0.65122472 -0.75014717,
  -0.3418064 0.19734202 -0.91881691,0.78475862 0.38310261 -0.48722305,
  -0.11482849 0.65122472 -0.75014717,-0.3886879 0.068536164 -0.91881691,
  0.56039027 0.66784712 -0.48983974,-0.33063546 0.57267741 -0.75014717,
  -0.3886879 -0.068536164 -0.91881691,0.29817743 0.81923577 -0.48983974,
  -0.50656291 0.42505675 -0.75014717,0.92654436 0.33311432 -0.17478671,
  -0.3418064 -0.19734202 -0.91881691,0 0.8718125 -0.48983974,
  -0.6213914 0.22616797 -0.75014717,0.80733556 0.57639711 -0.12639488,
  -0.25369801 -0.30234551 -0.91881691,-0.29817743 0.81923577 -0.48983974,
  -0.66127091 0 -0.75014717,0.49270877 0.85339662 -0.17015367,
  -0.13498989 -0.37088168 -0.91881691,-0.56039027 0.66784712 -0.48983974,
  0.961794 0.24273242 0.12662258,-0.6213914 -0.22616797 -0.75014717,
  0.17111596 0.97044683 -0.17015367,0 -0.39468404 -0.91881691,
  -0.75501177 0.43590625 -0.48983974,0.88926308 0.43660233 0.13634365,
  -0.50656291 -0.42505675 -0.75014717,-0.17111596 0.97044683 -0.17015367,
  0.13498989 -0.37088168 -0.91881691,-0.85856771 0.15138865 -0.48983974,
  0.63341418 0.75487363 0.17015367,-0.33063546 -0.57267741 -0.75014717,
  -0.49270877 0.85339662 -0.17015367,0.25369801 -0.30234551 -0.91881691,
  -0.85856771 -0.15138865 -0.48983974,0.33703265 0.92598959 0.17015367,
  -0.11482849 -0.65122472 -0.75014717,-0.75487363 0.63341418 -0.17015367,
  0.82827688 0.28557211 0.48208503,0.34237251 -0.19302404 -0.91952313,
  -0.75501177 -0.43590625 -0.48983974,0 0.98541754 0.17015367,
  0.11482849 -0.65122472 -0.75014717,-0.92598959 0.33703265 -0.17015367,
  0.66784712 0.56039027 0.48983974,0.38203965 -0.057980536 -0.9223253,
  -0.56039027 -0.66784712 -0.48983974,-0.33703265 0.92598959 0.17015367,
  0.33063546 -0.57267741 -0.75014717,-0.98541754 0 -0.17015367,
  0.43590625 0.75501177 0.48983974,-0.29817743 -0.81923577 -0.48983974,
  -0.63341418 0.75487363 0.17015367,0.6029265 0.13812297 0.78574912,
  0.50273505 -0.39223753 -0.77032927,-0.92598959 -0.33703265 -0.17015367,
  0.15138865 0.85856771 0.48983974,0 -0.8718125 -0.48983974,
  -0.85339662 0.49270877 0.17015367,0.58823837 0.30554571 0.74874391,
  0.650471 -0.23498284 -0.72226764,-0.75487363 -0.63341418 -0.17015367,
  -0.15138865 0.85856771 0.48983974,0.29817743 -0.81923577 -0.48983974,
  -0.97044683 0.17111596 0.17015367,0.42505675 0.50656291 0.75014717,
  -0.49270877 -0.85339662 -0.17015367,-0.43590625 0.75501177 0.48983974,
  0.56039027 -0.66784712 -0.48983974,-0.97044683 -0.17111596 0.17015367,
  0.22616797 0.6213914 0.75014717,-0.17111596 -0.97044683 -0.17015367,
  -0.66784712 0.56039027 0.48983974,0.380603 0.10413129 0.91885692,
  0.78475862 -0.38310261 -0.48722305,-0.85339662 -0.49270877 0.17015367,
  0 0.66127091 0.75014717,0.17111596 -0.97044683 -0.17015367,
  -0.81923577 0.29817743 0.48983974,0.32614066 0.23051014 0.91678642,
  0.84361002 -0.22604462 -0.48705847,-0.63341418 -0.75487363 0.17015367,
  -0.22616797 0.6213914 0.75014717,0.49270877 -0.85339662 -0.17015367,
  -0.8718125 0 0.48983974,0.19734202 0.3418064 0.91881691,
  -0.33703265 -0.92598959 0.17015367,-0.42505675 0.50656291 0.75014717,
  0.80733556 -0.57639711 -0.12639488,-0.81923577 -0.29817743 0.48983974,
  0.068536164 0.3886879 0.91881691,0 -0.98541754 0.17015367,
  -0.57267741 0.33063546 0.75014717,0.92654436 -0.33311432 -0.17478671,
  -0.66784712 -0.56039027 0.48983974,-0.068536164 0.3886879 0.91881691,
  0.33703265 -0.92598959 0.17015367,-0.65122472 0.11482849 0.75014717,
  -0.43590625 -0.75501177 0.48983974,-0.19734202 0.3418064 0.91881691,
  0.63341418 -0.75487363 0.17015367,-0.65122472 -0.11482849 0.75014717,
  -0.15138865 -0.85856771 0.48983974,-0.30234551 0.25369801 0.91881691,
  0.88926308 -0.43660233 0.13634365,-0.57267741 -0.33063546 0.75014717,
  0.15138865 -0.85856771 0.48983974,-0.37088168 0.13498989 0.91881691,
  0.961794 -0.24273242 0.12662258,-0.42505675 -0.50656291 0.75014717,
  0.43590625 -0.75501177 0.48983974,-0.39468404 0 0.91881691,
  -0.22616797 -0.6213914 0.75014717,0.66784712 -0.56039027 0.48983974,
  -0.37088168 -0.13498989 0.91881691,0 -0.66127091 0.75014717,
  0.82827688 -0.28557211 0.48208503,-0.30234551 -0.25369801 0.91881691,
  0.22616797 -0.6213914 0.75014717,-0.19734202 -0.3418064 0.91881691,
  0.42505675 -0.50656291 0.75014717,-0.068536164 -0.3886879 0.91881691,
  0.58823837 -0.30554571 0.74874391,0.068536164 -0.3886879 0.91881691,
  0.6029265 -0.13812297 0.78574912,0.19734202 -0.3418064 0.91881691,
  0.32614066 -0.23051014 0.91678642,0.380603 -0.10413129 0.91885692] }
}
}
] }
DEF TXFM_35 Transform {
  center 0 0 0
  rotation 0 0 1 0
  scale 1 1 1
  scaleOrientation 0 0 1 0
  translation 0 0 0
 children [
DEF SHAPE_32 Shape {
 appearance USE APP_1
 geometry DEF FACE_32 IndexedFaceSet {
  coord DEF COORD_32 Coordinate { point [
  0.98425197 0.59055118 0,0.99749861 0.59055118 0.0017439538,
  1.0098425 0.59055118 0.0068569675,1.0204425 0.59055118 0.014990598,
  1.0285761 0.59055118 0.025590551,1.0336891 0.59055118 0.037934458,
  1.0354331 0.59055118 0.051181102,1.0336891 0.59055118 0.064427746,
  1.0285761 0.59055118 0.076771654,1.0204425 0.59055118 0.087371607,
  1.0098425 0.59055118 0.095505237,0.99749861 0.59055118 0.10061825,
  0.98425197 0.59055118 0.1023622,0.98425197 0.59055118 0,
  0.99749861 0.59055118 0.0017439538,1.0098425 0.59055118 0.0068569675,
  1.0204425 0.59055118 0.014990598,1.0285761 0.59055118 0.025590551,
  1.0336891 0.59055118 0.037934458,1.0354331 0.59055118 0.051181102,
  1.0336891 0.59055118 0.064427746,1.0285761 0.59055118 0.076771654,
  1.0204425 0.59055118 0.087371607,1.0098425 0.59055118 0.095505237,
  0.99749861 0.59055118 0.10061825,0.98425197 0.59055118 0.1023622,
  1.001491 0.59359089 0.0030865981,0.99941172 0.59930367 0.0030865981,
  0.99550395 0.60396076 0.0030865981,0.99023902 0.60700047 0.0030865981,
  1.0151665 0.60180316 0.011974103,0.98425197 0.60805615 0.0030865981,
  1.0094537 0.61169798 0.011974103,0.97826492 0.60700047 0.0030865981,
  1.0007013 0.61904219 0.011974103,0.97299999 0.60396076 0.0030865981,
  1.0279027 0.59824799 0.025590551,0.98996475 0.62294996 0.011974103,
  0.96909222 0.59930367 0.0030865981,1.0226378 0.61271325 0.025590551,
  0.97853919 0.62294996 0.011974103,0.96701294 0.59359089 0.0030865981,
  1.012743 0.62450544 0.025590551,0.96780268 0.61904219 0.011974103,
  0.96701294 0.58751148 0.0030865981,0.99941172 0.63220224 0.025590551,
  0.9590502 0.61169798 0.011974103,1.0316158 0.60779021 0.042293597,
  0.96909222 0.5817987 0.0030865981,0.98425197 0.63487532 0.025590551,
  0.95333742 0.60180316 0.011974103,1.0228633 0.62294996 0.042293597,
  0.97299999 0.5771416 0.0030865981,0.96909222 0.63220224 0.025590551,
  0.95135339 0.59055118 0.011974103,1.0094537 0.63420193 0.042293597,
  0.97826492 0.57410189 0.0030865981,0.95576096 0.62450544 0.025590551,
  1.0338898 0.59930367 0.060068608,0.95333742 0.5792992 0.011974103,
  0.99300445 0.64018898 0.042293597,0.98425197 0.57304621 0.0030865981,
  0.94586614 0.61271325 0.025590551,1.0279027 0.61575295 0.060068608,
  0.9590502 0.56940438 0.011974103,0.97549948 0.64018898 0.042293597,
  0.99023902 0.57410189 0.0030865981,0.94060122 0.59824799 0.025590551,
  1.0166507 0.62916254 0.060068608,0.96780268 0.56206018 0.011974103,
  0.9590502 0.63420193 0.042293597,0.99550395 0.5771416 0.0030865981,
  0.94060122 0.58285438 0.025590551,1.001491 0.63791502 0.060068608,
  0.97853919 0.55815241 0.011974103,0.94564061 0.62294996 0.042293597,
  1.025903 0.60571093 0.076771654,0.99941172 0.5817987 0.0030865981,
  0.94586614 0.56838911 0.025590551,0.98425197 0.64095473 0.060068608,
  0.98996475 0.55815241 0.011974103,0.93688813 0.60779021 0.042293597,
  1.0182062 0.61904219 0.076771654,1.001491 0.58751148 0.0030865981,
  0.95576096 0.55659692 0.025590551,0.96701294 0.63791502 0.060068608,
  1.0007013 0.56206018 0.011974103,0.93384842 0.59055118 0.042293597,
  1.006414 0.62893701 0.076771654,0.96909222 0.54890012 0.025590551,
  0.95185319 0.62916254 0.060068608,1.0166507 0.59626396 0.090388101,
  1.0094537 0.56940438 0.011974103,0.93688813 0.57331215 0.042293597,
  0.99194877 0.63420193 0.076771654,0.98425197 0.54622705 0.025590551,
  0.94060122 0.61575295 0.060068608,1.012743 0.60700047 0.090388101,
  1.0151665 0.5792992 0.011974103,0.94564061 0.55815241 0.042293597,
  0.97655516 0.63420193 0.076771654,0.99941172 0.54890012 0.025590551,
  0.93461417 0.59930367 0.060068608,1.0053988 0.61575295 0.090388101,
  0.9590502 0.54690043 0.042293597,0.9620899 0.62893701 0.076771654,
  1.012743 0.55659692 0.025590551,0.93461417 0.5817987 0.060068608,
  0.99550395 0.62146573 0.090388101,0.97549948 0.54091338 0.042293597,
  0.95029771 0.61904219 0.076771654,1.0007013 0.59653823 0.099275607,
  1.0226378 0.56838911 0.025590551,0.94060122 0.56534941 0.060068608,
  0.98425197 0.62344976 0.090388101,0.99300445 0.54091338 0.042293597,
  0.94260091 0.60571093 0.076771654,0.99766155 0.60180316 0.099275607,
  1.0279027 0.58285438 0.025590551,0.95185319 0.55193982 0.060068608,
  0.97299999 0.62146573 0.090388101,1.0094537 0.54690043 0.042293597,
  0.93992783 0.59055118 0.076771654,0.99300445 0.60571093 0.099275607,
  0.96701294 0.54318734 0.060068608,0.96310517 0.61575295 0.090388101,
  1.0228633 0.55815241 0.042293597,0.94260091 0.57539143 0.076771654,
  0.98729167 0.60779021 0.099275607,0.98425197 0.54014763 0.060068608,
  0.95576096 0.60700047 0.090388101,1.0316158 0.57331215 0.042293597,
  0.95029771 0.56206018 0.076771654,0.98121226 0.60779021 0.099275607,
  1.001491 0.54318734 0.060068608,0.95185319 0.59626396 0.090388101,
  0.9620899 0.55216535 0.076771654,0.97549948 0.60571093 0.099275607,
  1.0166507 0.55193982 0.060068608,0.95185319 0.5848384 0.090388101,
  0.97655516 0.54690043 0.076771654,0.97084239 0.60180316 0.099275607,
  1.0279027 0.56534941 0.060068608,0.95576096 0.57410189 0.090388101,
  0.99194877 0.54690043 0.076771654,0.96780268 0.59653823 0.099275607,
  1.0338898 0.5817987 0.060068608,0.96310517 0.56534941 0.090388101,
  1.006414 0.55216535 0.076771654,0.966747 0.59055118 0.099275607,
  0.97299999 0.55963663 0.090388101,1.0182062 0.56206018 0.076771654,
  0.96780268 0.58456413 0.099275607,0.98425197 0.5576526 0.090388101,
  1.025903 0.57539143 0.076771654,0.97084239 0.5792992 0.099275607,
  0.99550395 0.55963663 0.090388101,0.97549948 0.57539143 0.099275607,
  1.0053988 0.56534941 0.090388101,0.98121226 0.57331215 0.099275607,
  1.012743 0.57410189 0.090388101,0.98729167 0.57331215 0.099275607,
  1.0166507 0.5848384 0.090388101,0.99300445 0.57539143 0.099275607,
  0.99766155 0.5792992 0.099275607,1.0007013 0.58456413 0.099275607] }
 coordIndex [
  26,2,1,-1,27,1,0,-1,27,26,1,-1,27,2,26,-1,28,27,0,-1,29,28,0,-1,30,3,2,-1,31,29,0,-1,
  32,2,27,-1,32,30,2,-1,32,27,28,-1,33,31,0,-1,34,28,29,-1,34,32,28,-1,35,33,0,-1,36,4,3,-1,
  36,5,4,-1,37,34,29,-1,37,29,31,-1,38,35,0,-1,39,5,36,-1,39,3,30,-1,39,30,32,-1,39,36,3,-1,
  40,31,33,-1,40,37,31,-1,41,38,0,-1,42,32,34,-1,42,39,32,-1,43,33,35,-1,43,40,33,-1,44,0,13,-1,
  44,41,0,-1,45,34,37,-1,45,42,34,-1,46,43,35,-1,46,35,38,-1,47,6,5,-1,47,5,39,-1,48,44,13,-1,
  49,45,37,-1,49,37,40,-1,50,46,38,-1,50,38,41,-1,51,47,39,-1,51,39,42,-1,51,6,47,-1,52,48,13,-1,
  53,40,43,-1,53,49,40,-1,54,50,41,-1,54,41,44,-1,55,42,45,-1,55,51,42,-1,56,52,13,-1,57,53,43,-1,
  57,43,46,-1,58,7,6,-1,59,54,44,-1,59,44,48,-1,60,45,49,-1,60,55,45,-1,61,56,13,-1,62,46,50,-1,
  62,57,46,-1,63,58,6,-1,63,7,58,-1,63,6,51,-1,64,48,52,-1,64,59,48,-1,65,49,53,-1,65,60,49,-1,
  66,61,13,-1,67,62,50,-1,67,50,54,-1,68,63,51,-1,68,51,55,-1,69,52,56,-1,69,64,52,-1,70,53,57,-1,
  70,65,53,-1,71,66,13,-1,72,54,59,-1,72,67,54,-1,73,55,60,-1,73,68,55,-1,74,56,61,-1,74,69,56,-1,
  75,57,62,-1,75,70,57,-1,76,8,7,-1,76,9,8,-1,76,7,63,-1,77,13,14,-1,77,71,13,-1,78,72,59,-1,
  78,59,64,-1,79,60,65,-1,79,73,60,-1,80,61,66,-1,80,74,61,-1,81,75,62,-1,81,62,67,-1,82,76,63,-1,
  82,63,68,-1,83,77,14,-1,83,15,77,-1,83,14,15,-1,84,78,64,-1,84,64,69,-1,85,79,65,-1,85,65,70,-1,
  86,80,66,-1,86,66,71,-1,87,81,67,-1,87,67,72,-1,88,82,68,-1,88,68,73,-1,89,84,69,-1,89,69,74,-1,
  90,85,70,-1,90,70,75,-1,91,10,9,-1,92,77,15,-1,92,71,77,-1,92,86,71,-1,93,87,72,-1,93,72,78,-1,
  94,73,79,-1,94,88,73,-1,95,74,80,-1,95,89,74,-1,96,90,75,-1,96,75,81,-1,97,76,82,-1,97,10,91,-1,
  97,9,76,-1,97,91,9,-1,98,92,15,-1,98,15,16,-1,99,78,84,-1,99,93,78,-1,100,94,79,-1,100,79,85,-1,
  101,95,80,-1,101,80,86,-1,102,81,87,-1,102,96,81,-1,103,97,82,-1,103,82,88,-1,104,99,84,-1,104,84,89,-1,
  105,85,90,-1,105,100,85,-1,106,86,92,-1,106,101,86,-1,107,102,87,-1,107,87,93,-1,108,88,94,-1,108,103,88,-1,
  109,89,95,-1,109,104,89,-1,110,90,96,-1,110,105,90,-1,111,11,10,-1,112,92,98,-1,112,98,16,-1,112,106,92,-1,
  113,93,99,-1,113,107,93,-1,114,108,94,-1,114,94,100,-1,115,95,101,-1,115,109,95,-1,116,96,102,-1,116,110,96,-1,
  117,12,11,-1,117,10,97,-1,117,97,103,-1,117,11,111,-1,117,111,10,-1,118,16,17,-1,118,17,18,-1,118,112,16,-1,
  118,18,112,-1,119,113,99,-1,119,99,104,-1,120,114,100,-1,120,100,105,-1,121,115,101,-1,121,101,106,-1,122,102,107,-1,
  122,116,102,-1,123,12,117,-1,123,117,103,-1,123,103,108,-1,124,119,104,-1,124,104,109,-1,125,105,110,-1,125,120,105,-1,
  126,106,112,-1,126,121,106,-1,127,107,113,-1,127,122,107,-1,128,123,108,-1,128,12,123,-1,128,108,114,-1,129,109,115,-1,
  129,124,109,-1,130,125,110,-1,130,110,116,-1,131,18,19,-1,131,19,126,-1,131,126,112,-1,131,112,18,-1,132,113,119,-1,
  132,127,113,-1,133,114,120,-1,133,12,128,-1,133,128,114,-1,134,115,121,-1,134,129,115,-1,135,116,122,-1,135,130,116,-1,
  136,119,124,-1,136,132,119,-1,137,12,133,-1,137,120,125,-1,137,133,120,-1,138,121,126,-1,138,134,121,-1,139,122,127,-1,
  139,135,122,-1,140,124,129,-1,140,136,124,-1,141,125,130,-1,141,12,137,-1,141,137,125,-1,142,126,19,-1,142,138,126,-1,
  143,139,127,-1,143,127,132,-1,144,129,134,-1,144,140,129,-1,145,130,135,-1,145,12,141,-1,145,141,130,-1,146,19,20,-1,
  146,20,142,-1,146,142,19,-1,147,132,136,-1,147,143,132,-1,148,144,134,-1,148,134,138,-1,149,145,135,-1,149,25,12,-1,
  149,135,139,-1,149,12,145,-1,150,136,140,-1,150,147,136,-1,151,148,138,-1,151,138,142,-1,152,25,149,-1,152,149,139,-1,
  152,139,143,-1,153,140,144,-1,153,150,140,-1,154,20,21,-1,154,21,22,-1,154,151,142,-1,154,142,20,-1,155,143,147,-1,
  155,152,143,-1,155,25,152,-1,156,153,144,-1,156,144,148,-1,157,147,150,-1,157,155,147,-1,157,25,155,-1,158,148,151,-1,
  158,156,148,-1,159,157,150,-1,159,150,153,-1,159,25,157,-1,160,154,22,-1,160,151,154,-1,160,158,151,-1,161,153,156,-1,
  161,25,159,-1,161,159,153,-1,162,23,160,-1,162,22,23,-1,162,160,22,-1,163,25,161,-1,163,156,158,-1,163,161,156,-1,
  164,160,23,-1,164,158,160,-1,164,24,25,-1,164,163,158,-1,164,25,163,-1,165,23,24,-1,165,164,23,-1,165,24,164,-1]
  normalPerVertex TRUE
  normal DEF NORM_32 Normal { vector [
  -0.021981502 0.11904181 -0.99264589,0.20566564 0.07163335 -0.97599708,
  0.48926792 0.15948411 -0.85742739,0.72442018 0.17410448 -0.66701052,
  0.86355026 0.075550858 -0.49857097,0.93215578 0.2092595 -0.29545909,
  0.95567918 0.29384961 -0.018157752,0.92546944 0.20849861 0.31628254,
  0.85610146 0.15095379 0.49427041,0.73674625 0.16691007 0.65524499,
  0.47745648 0.14407689 0.86676246,0.21607912 0.082130844 0.97291538,
  -0.016974704 0.12687955 0.99177288,-0.0027636606 -0.13351108 -0.99104347,
  0.20566564 -0.07163335 -0.97599708,0.48926792 -0.15948411 -0.85742739,
  0.72442018 -0.17410448 -0.66701052,0.86355026 -0.075550858 -0.49857097,
  0.93215578 -0.2092595 -0.29545909,0.95567918 -0.29384961 -0.018157752,
  0.92546944 -0.20849861 0.31628254,0.85610146 -0.15095379 0.49427041,
  0.73674625 -0.16691007 0.65524499,0.47745648 -0.14407689 0.86676246,
  0.21607912 -0.082130844 0.97291538,-0.016974704 -0.12687955 0.99177288,
  0.38203965 0.057980536 -0.9223253,0.34237251 0.19302404 -0.91952313,
  0.25369801 0.30234551 -0.91881691,0.13498989 0.37088168 -0.91881691,
  0.650471 0.23498284 -0.72226764,0 0.39468404 -0.91881691,
  0.50273505 0.39223753 -0.77032927,-0.13498989 0.37088168 -0.91881691,
  0.33063546 0.57267741 -0.75014717,-0.25369801 0.30234551 -0.91881691,
  0.84361002 0.22604462 -0.48705847,0.11482849 0.65122472 -0.75014717,
  -0.3418064 0.19734202 -0.91881691,0.78475862 0.38310261 -0.48722305,
  -0.11482849 0.65122472 -0.75014717,-0.3886879 0.068536164 -0.91881691,
  0.56039027 0.66784712 -0.48983974,-0.33063546 0.57267741 -0.75014717,
  -0.3886879 -0.068536164 -0.91881691,0.29817743 0.81923577 -0.48983974,
  -0.50656291 0.42505675 -0.75014717,0.92654436 0.33311432 -0.17478671,
  -0.3418064 -0.19734202 -0.91881691,0 0.8718125 -0.48983974,
  -0.6213914 0.22616797 -0.75014717,0.80733556 0.57639711 -0.12639488,
  -0.25369801 -0.30234551 -0.91881691,-0.29817743 0.81923577 -0.48983974,
  -0.66127091 0 -0.75014717,0.49270877 0.85339662 -0.17015367,
  -0.13498989 -0.37088168 -0.91881691,-0.56039027 0.66784712 -0.48983974,
  0.961794 0.24273242 0.12662258,-0.6213914 -0.22616797 -0.75014717,
  0.17111596 0.97044683 -0.17015367,0 -0.39468404 -0.91881691,
  -0.75501177 0.43590625 -0.48983974,0.88926308 0.43660233 0.13634365,
  -0.50656291 -0.42505675 -0.75014717,-0.17111596 0.97044683 -0.17015367,
  0.13498989 -0.37088168 -0.91881691,-0.85856771 0.15138865 -0.48983974,
  0.63341418 0.75487363 0.17015367,-0.33063546 -0.57267741 -0.75014717,
  -0.49270877 0.85339662 -0.17015367,0.25369801 -0.30234551 -0.91881691,
  -0.85856771 -0.15138865 -0.48983974,0.33703265 0.92598959 0.17015367,
  -0.11482849 -0.65122472 -0.75014717,-0.75487363 0.63341418 -0.17015367,
  0.82827688 0.28557211 0.48208503,0.34237251 -0.19302404 -0.91952313,
  -0.75501177 -0.43590625 -0.48983974,0 0.98541754 0.17015367,
  0.11482849 -0.65122472 -0.75014717,-0.92598959 0.33703265 -0.17015367,
  0.66784712 0.56039027 0.48983974,0.38203965 -0.057980536 -0.9223253,
  -0.56039027 -0.66784712 -0.48983974,-0.33703265 0.92598959 0.17015367,
  0.33063546 -0.57267741 -0.75014717,-0.98541754 0 -0.17015367,
  0.43590625 0.75501177 0.48983974,-0.29817743 -0.81923577 -0.48983974,
  -0.63341418 0.75487363 0.17015367,0.6029265 0.13812297 0.78574912,
  0.50273505 -0.39223753 -0.77032927,-0.92598959 -0.33703265 -0.17015367,
  0.15138865 0.85856771 0.48983974,0 -0.8718125 -0.48983974,
  -0.85339662 0.49270877 0.17015367,0.58823837 0.30554571 0.74874391,
  0.650471 -0.23498284 -0.72226764,-0.75487363 -0.63341418 -0.17015367,
  -0.15138865 0.85856771 0.48983974,0.29817743 -0.81923577 -0.48983974,
  -0.97044683 0.17111596 0.17015367,0.42505675 0.50656291 0.75014717,
  -0.49270877 -0.85339662 -0.17015367,-0.43590625 0.75501177 0.48983974,
  0.56039027 -0.66784712 -0.48983974,-0.97044683 -0.17111596 0.17015367,
  0.22616797 0.6213914 0.75014717,-0.17111596 -0.97044683 -0.17015367,
  -0.66784712 0.56039027 0.48983974,0.380603 0.10413129 0.91885692,
  0.78475862 -0.38310261 -0.48722305,-0.85339662 -0.49270877 0.17015367,
  0 0.66127091 0.75014717,0.17111596 -0.97044683 -0.17015367,
  -0.81923577 0.29817743 0.48983974,0.32614066 0.23051014 0.91678642,
  0.84361002 -0.22604462 -0.48705847,-0.63341418 -0.75487363 0.17015367,
  -0.22616797 0.6213914 0.75014717,0.49270877 -0.85339662 -0.17015367,
  -0.8718125 0 0.48983974,0.19734202 0.3418064 0.91881691,
  -0.33703265 -0.92598959 0.17015367,-0.42505675 0.50656291 0.75014717,
  0.80733556 -0.57639711 -0.12639488,-0.81923577 -0.29817743 0.48983974,
  0.068536164 0.3886879 0.91881691,0 -0.98541754 0.17015367,
  -0.57267741 0.33063546 0.75014717,0.92654436 -0.33311432 -0.17478671,
  -0.66784712 -0.56039027 0.48983974,-0.068536164 0.3886879 0.91881691,
  0.33703265 -0.92598959 0.17015367,-0.65122472 0.11482849 0.75014717,
  -0.43590625 -0.75501177 0.48983974,-0.19734202 0.3418064 0.91881691,
  0.63341418 -0.75487363 0.17015367,-0.65122472 -0.11482849 0.75014717,
  -0.15138865 -0.85856771 0.48983974,-0.30234551 0.25369801 0.91881691,
  0.88926308 -0.43660233 0.13634365,-0.57267741 -0.33063546 0.75014717,
  0.15138865 -0.85856771 0.48983974,-0.37088168 0.13498989 0.91881691,
  0.961794 -0.24273242 0.12662258,-0.42505675 -0.50656291 0.75014717,
  0.43590625 -0.75501177 0.48983974,-0.39468404 0 0.91881691,
  -0.22616797 -0.6213914 0.75014717,0.66784712 -0.56039027 0.48983974,
  -0.37088168 -0.13498989 0.91881691,0 -0.66127091 0.75014717,
  0.82827688 -0.28557211 0.48208503,-0.30234551 -0.25369801 0.91881691,
  0.22616797 -0.6213914 0.75014717,-0.19734202 -0.3418064 0.91881691,
  0.42505675 -0.50656291 0.75014717,-0.068536164 -0.3886879 0.91881691,
  0.58823837 -0.30554571 0.74874391,0.068536164 -0.3886879 0.91881691,
  0.6029265 -0.13812297 0.78574912,0.19734202 -0.3418064 0.91881691,
  0.32614066 -0.23051014 0.91678642,0.380603 -0.10413129 0.91885692] }
}
}
] }
DEF TXFM_36 Transform {
  center 0 0 0
  rotation 0 0 1 0
  scale 1 1 1
  scaleOrientation 0 0 1 0
  translation 0 0 0
 children [
DEF SHAPE_33 Shape {
 appearance USE APP_1
 geometry DEF FACE_33 IndexedFaceSet {
  coord DEF COORD_33 Coordinate { point [
  0.98425197 0.19685039 0,0.99749861 0.19685039 0.0017439538,
  1.0098425 0.19685039 0.0068569675,1.0204425 0.19685039 0.014990598,
  1.0285761 0.19685039 0.025590551,1.0336891 0.19685039 0.037934458,
  1.0354331 0.19685039 0.051181102,1.0336891 0.19685039 0.064427746,
  1.0285761 0.19685039 0.076771654,1.0204425 0.19685039 0.087371607,
  1.0098425 0.19685039 0.095505237,0.99749861 0.19685039 0.10061825,
  0.98425197 0.19685039 0.1023622,0.98425197 0.19685039 0,
  0.99749861 0.19685039 0.0017439538,1.0098425 0.19685039 0.0068569675,
  1.0204425 0.19685039 0.014990598,1.0285761 0.19685039 0.025590551,
  1.0336891 0.19685039 0.037934458,1.0354331 0.19685039 0.051181102,
  1.0336891 0.19685039 0.064427746,1.0285761 0.19685039 0.076771654,
  1.0204425 0.19685039 0.087371607,1.0098425 0.19685039 0.095505237,
  0.99749861 0.19685039 0.10061825,0.98425197 0.19685039 0.1023622,
  1.001491 0.1998901 0.0030865981,0.99941172 0.20560288 0.0030865981,
  0.99550395 0.21025998 0.0030865981,0.99023902 0.21329968 0.0030865981,
  1.0151665 0.20810237 0.011974103,0.98425197 0.21435536 0.0030865981,
  1.0094537 0.21799719 0.011974103,0.97826492 0.21329968 0.0030865981,
  1.0007013 0.2253414 0.011974103,0.97299999 0.21025998 0.0030865981,
  1.0279027 0.2045472 0.025590551,0.98996475 0.22924917 0.011974103,
  0.96909222 0.20560288 0.0030865981,1.0226378 0.21901246 0.025590551,
  0.97853919 0.22924917 0.011974103,0.96701294 0.1998901 0.0030865981,
  1.012743 0.23080465 0.025590551,0.96780268 0.2253414 0.011974103,
  0.96701294 0.19381069 0.0030865981,0.99941172 0.23850146 0.025590551,
  0.9590502 0.21799719 0.011974103,1.0316158 0.21408942 0.042293597,
  0.96909222 0.18809791 0.0030865981,0.98425197 0.24117453 0.025590551,
  0.95333742 0.20810237 0.011974103,1.0228633 0.22924917 0.042293597,
  0.97299999 0.18344081 0.0030865981,0.96909222 0.23850146 0.025590551,
  0.95135339 0.19685039 0.011974103,1.0094537 0.24050115 0.042293597,
  0.97826492 0.1804011 0.0030865981,0.95576096 0.23080465 0.025590551,
  1.0338898 0.20560288 0.060068608,0.95333742 0.18559842 0.011974103,
  0.99300445 0.2464882 0.042293597,0.98425197 0.17934543 0.0030865981,
  0.94586614 0.21901246 0.025590551,1.0279027 0.22205217 0.060068608,
  0.9590502 0.1757036 0.011974103,0.97549948 0.2464882 0.042293597,
  0.99023902 0.1804011 0.0030865981,0.94060122 0.2045472 0.025590551,
  1.0166507 0.23546175 0.060068608,0.96780268 0.16835939 0.011974103,
  0.9590502 0.24050115 0.042293597,0.99550395 0.18344081 0.0030865981,
  0.94060122 0.18915359 0.025590551,1.001491 0.24421423 0.060068608,
  0.97853919 0.16445162 0.011974103,0.94564061 0.22924917 0.042293597,
  1.025903 0.21201014 0.076771654,0.99941172 0.18809791 0.0030865981,
  0.94586614 0.17468833 0.025590551,0.98425197 0.24725394 0.060068608,
  0.98996475 0.16445162 0.011974103,0.93688813 0.21408942 0.042293597,
  1.0182062 0.2253414 0.076771654,1.001491 0.19381069 0.0030865981,
  0.95576096 0.16289614 0.025590551,0.96701294 0.24421423 0.060068608,
  1.0007013 0.16835939 0.011974103,0.93384842 0.19685039 0.042293597,
  1.006414 0.23523622 0.076771654,0.96909222 0.15519933 0.025590551,
  0.95185319 0.23546175 0.060068608,1.0166507 0.20256317 0.090388101,
  1.0094537 0.1757036 0.011974103,0.93688813 0.17961137 0.042293597,
  0.99194877 0.24050115 0.076771654,0.98425197 0.15252626 0.025590551,
  0.94060122 0.22205217 0.060068608,1.012743 0.21329968 0.090388101,
  1.0151665 0.18559842 0.011974103,0.94564061 0.16445162 0.042293597,
  0.97655516 0.24050115 0.076771654,0.99941172 0.15519933 0.025590551,
  0.93461417 0.20560288 0.060068608,1.0053988 0.22205217 0.090388101,
  0.9590502 0.15319964 0.042293597,0.9620899 0.23523622 0.076771654,
  1.012743 0.16289614 0.025590551,0.93461417 0.18809791 0.060068608,
  0.99550395 0.22776495 0.090388101,0.97549948 0.14721259 0.042293597,
  0.95029771 0.2253414 0.076771654,1.0007013 0.20283745 0.099275607,
  1.0226378 0.17468833 0.025590551,0.94060122 0.17164862 0.060068608,
  0.98425197 0.22974897 0.090388101,0.99300445 0.14721259 0.042293597,
  0.94260091 0.21201014 0.076771654,0.99766155 0.20810237 0.099275607,
  1.0279027 0.18915359 0.025590551,0.95185319 0.15823904 0.060068608,
  0.97299999 0.22776495 0.090388101,1.0094537 0.15319964 0.042293597,
  0.93992783 0.19685039 0.076771654,0.99300445 0.21201014 0.099275607,
  0.96701294 0.14948655 0.060068608,0.96310517 0.22205217 0.090388101,
  1.0228633 0.16445162 0.042293597,0.94260091 0.18169065 0.076771654,
  0.98729167 0.21408942 0.099275607,0.98425197 0.14644685 0.060068608,
  0.95576096 0.21329968 0.090388101,1.0316158 0.17961137 0.042293597,
  0.95029771 0.16835939 0.076771654,0.98121226 0.21408942 0.099275607,
  1.001491 0.14948655 0.060068608,0.95185319 0.20256317 0.090388101,
  0.9620899 0.15846457 0.076771654,0.97549948 0.21201014 0.099275607,
  1.0166507 0.15823904 0.060068608,0.95185319 0.19113762 0.090388101,
  0.97655516 0.15319964 0.076771654,0.97084239 0.20810237 0.099275607,
  1.0279027 0.17164862 0.060068608,0.95576096 0.1804011 0.090388101,
  0.99194877 0.15319964 0.076771654,0.96780268 0.20283745 0.099275607,
  1.0338898 0.18809791 0.060068608,0.96310517 0.17164862 0.090388101,
  1.006414 0.15846457 0.076771654,0.966747 0.19685039 0.099275607,
  0.97299999 0.16593584 0.090388101,1.0182062 0.16835939 0.076771654,
  0.96780268 0.19086334 0.099275607,0.98425197 0.16395182 0.090388101,
  1.025903 0.18169065 0.076771654,0.97084239 0.18559842 0.099275607,
  0.99550395 0.16593584 0.090388101,0.97549948 0.18169065 0.099275607,
  1.0053988 0.17164862 0.090388101,0.98121226 0.17961137 0.099275607,
  1.012743 0.1804011 0.090388101,0.98729167 0.17961137 0.099275607,
  1.0166507 0.19113762 0.090388101,0.99300445 0.18169065 0.099275607,
  0.99766155 0.18559842 0.099275607,1.0007013 0.19086334 0.099275607] }
 coordIndex [
  26,2,1,-1,27,1,0,-1,27,26,1,-1,27,2,26,-1,28,27,0,-1,29,28,0,-1,30,3,2,-1,31,29,0,-1,
  32,2,27,-1,32,30,2,-1,32,27,28,-1,33,31,0,-1,34,28,29,-1,34,32,28,-1,35,33,0,-1,36,4,3,-1,
  36,5,4,-1,37,34,29,-1,37,29,31,-1,38,35,0,-1,39,5,36,-1,39,3,30,-1,39,30,32,-1,39,36,3,-1,
  40,31,33,-1,40,37,31,-1,41,38,0,-1,42,32,34,-1,42,39,32,-1,43,33,35,-1,43,40,33,-1,44,0,13,-1,
  44,41,0,-1,45,34,37,-1,45,42,34,-1,46,43,35,-1,46,35,38,-1,47,6,5,-1,47,5,39,-1,48,44,13,-1,
  49,45,37,-1,49,37,40,-1,50,46,38,-1,50,38,41,-1,51,47,39,-1,51,39,42,-1,51,6,47,-1,52,48,13,-1,
  53,40,43,-1,53,49,40,-1,54,50,41,-1,54,41,44,-1,55,42,45,-1,55,51,42,-1,56,52,13,-1,57,53,43,-1,
  57,43,46,-1,58,7,6,-1,59,54,44,-1,59,44,48,-1,60,45,49,-1,60,55,45,-1,61,56,13,-1,62,46,50,-1,
  62,57,46,-1,63,58,6,-1,63,7,58,-1,63,6,51,-1,64,48,52,-1,64,59,48,-1,65,49,53,-1,65,60,49,-1,
  66,61,13,-1,67,62,50,-1,67,50,54,-1,68,63,51,-1,68,51,55,-1,69,52,56,-1,69,64,52,-1,70,53,57,-1,
  70,65,53,-1,71,66,13,-1,72,54,59,-1,72,67,54,-1,73,55,60,-1,73,68,55,-1,74,56,61,-1,74,69,56,-1,
  75,57,62,-1,75,70,57,-1,76,8,7,-1,76,9,8,-1,76,7,63,-1,77,13,14,-1,77,71,13,-1,78,72,59,-1,
  78,59,64,-1,79,60,65,-1,79,73,60,-1,80,61,66,-1,80,74,61,-1,81,75,62,-1,81,62,67,-1,82,76,63,-1,
  82,63,68,-1,83,77,14,-1,83,15,77,-1,83,14,15,-1,84,78,64,-1,84,64,69,-1,85,79,65,-1,85,65,70,-1,
  86,80,66,-1,86,66,71,-1,87,81,67,-1,87,67,72,-1,88,82,68,-1,88,68,73,-1,89,84,69,-1,89,69,74,-1,
  90,85,70,-1,90,70,75,-1,91,10,9,-1,92,77,15,-1,92,71,77,-1,92,86,71,-1,93,87,72,-1,93,72,78,-1,
  94,73,79,-1,94,88,73,-1,95,74,80,-1,95,89,74,-1,96,90,75,-1,96,75,81,-1,97,76,82,-1,97,10,91,-1,
  97,9,76,-1,97,91,9,-1,98,92,15,-1,98,15,16,-1,99,78,84,-1,99,93,78,-1,100,94,79,-1,100,79,85,-1,
  101,95,80,-1,101,80,86,-1,102,81,87,-1,102,96,81,-1,103,97,82,-1,103,82,88,-1,104,99,84,-1,104,84,89,-1,
  105,85,90,-1,105,100,85,-1,106,86,92,-1,106,101,86,-1,107,102,87,-1,107,87,93,-1,108,88,94,-1,108,103,88,-1,
  109,89,95,-1,109,104,89,-1,110,90,96,-1,110,105,90,-1,111,11,10,-1,112,92,98,-1,112,98,16,-1,112,106,92,-1,
  113,93,99,-1,113,107,93,-1,114,108,94,-1,114,94,100,-1,115,95,101,-1,115,109,95,-1,116,96,102,-1,116,110,96,-1,
  117,12,11,-1,117,10,97,-1,117,97,103,-1,117,11,111,-1,117,111,10,-1,118,16,17,-1,118,17,18,-1,118,112,16,-1,
  118,18,112,-1,119,113,99,-1,119,99,104,-1,120,114,100,-1,120,100,105,-1,121,115,101,-1,121,101,106,-1,122,102,107,-1,
  122,116,102,-1,123,12,117,-1,123,117,103,-1,123,103,108,-1,124,119,104,-1,124,104,109,-1,125,105,110,-1,125,120,105,-1,
  126,106,112,-1,126,121,106,-1,127,107,113,-1,127,122,107,-1,128,123,108,-1,128,12,123,-1,128,108,114,-1,129,109,115,-1,
  129,124,109,-1,130,125,110,-1,130,110,116,-1,131,18,19,-1,131,19,126,-1,131,126,112,-1,131,112,18,-1,132,113,119,-1,
  132,127,113,-1,133,114,120,-1,133,12,128,-1,133,128,114,-1,134,115,121,-1,134,129,115,-1,135,116,122,-1,135,130,116,-1,
  136,119,124,-1,136,132,119,-1,137,12,133,-1,137,120,125,-1,137,133,120,-1,138,121,126,-1,138,134,121,-1,139,122,127,-1,
  139,135,122,-1,140,124,129,-1,140,136,124,-1,141,125,130,-1,141,12,137,-1,141,137,125,-1,142,126,19,-1,142,138,126,-1,
  143,139,127,-1,143,127,132,-1,144,129,134,-1,144,140,129,-1,145,130,135,-1,145,12,141,-1,145,141,130,-1,146,19,20,-1,
  146,20,142,-1,146,142,19,-1,147,132,136,-1,147,143,132,-1,148,144,134,-1,148,134,138,-1,149,145,135,-1,149,25,12,-1,
  149,135,139,-1,149,12,145,-1,150,136,140,-1,150,147,136,-1,151,148,138,-1,151,138,142,-1,152,25,149,-1,152,149,139,-1,
  152,139,143,-1,153,140,144,-1,153,150,140,-1,154,20,21,-1,154,21,22,-1,154,151,142,-1,154,142,20,-1,155,143,147,-1,
  155,152,143,-1,155,25,152,-1,156,153,144,-1,156,144,148,-1,157,147,150,-1,157,155,147,-1,157,25,155,-1,158,148,151,-1,
  158,156,148,-1,159,157,150,-1,159,150,153,-1,159,25,157,-1,160,154,22,-1,160,151,154,-1,160,158,151,-1,161,153,156,-1,
  161,25,159,-1,161,159,153,-1,162,23,160,-1,162,22,23,-1,162,160,22,-1,163,25,161,-1,163,156,158,-1,163,161,156,-1,
  164,160,23,-1,164,158,160,-1,164,24,25,-1,164,163,158,-1,164,25,163,-1,165,23,24,-1,165,164,23,-1,165,24,164,-1]
  normalPerVertex TRUE
  normal DEF NORM_33 Normal { vector [
  -0.021981502 0.11904181 -0.99264589,0.20566564 0.07163335 -0.97599708,
  0.48926792 0.15948411 -0.85742739,0.72442018 0.17410448 -0.66701052,
  0.86355026 0.075550858 -0.49857097,0.93215578 0.2092595 -0.29545909,
  0.95567918 0.29384961 -0.018157752,0.92546944 0.20849861 0.31628254,
  0.85610146 0.15095379 0.49427041,0.73674625 0.16691007 0.65524499,
  0.47745648 0.14407689 0.86676246,0.21607912 0.082130844 0.97291538,
  -0.016974704 0.12687955 0.99177288,-0.0027636606 -0.13351108 -0.99104347,
  0.20566564 -0.07163335 -0.97599708,0.48926792 -0.15948411 -0.85742739,
  0.72442018 -0.17410448 -0.66701052,0.86355026 -0.075550858 -0.49857097,
  0.93215578 -0.2092595 -0.29545909,0.95567918 -0.29384961 -0.018157752,
  0.92546944 -0.20849861 0.31628254,0.85610146 -0.15095379 0.49427041,
  0.73674625 -0.16691007 0.65524499,0.47745648 -0.14407689 0.86676246,
  0.21607912 -0.082130844 0.97291538,-0.016974704 -0.12687955 0.99177288,
  0.38203965 0.057980536 -0.9223253,0.34237251 0.19302404 -0.91952313,
  0.25369801 0.30234551 -0.91881691,0.13498989 0.37088168 -0.91881691,
  0.650471 0.23498284 -0.72226764,0 0.39468404 -0.91881691,
  0.50273505 0.39223753 -0.77032927,-0.13498989 0.37088168 -0.91881691,
  0.33063546 0.57267741 -0.75014717,-0.25369801 0.30234551 -0.91881691,
  0.84361002 0.22604462 -0.48705847,0.11482849 0.65122472 -0.75014717,
  -0.3418064 0.19734202 -0.91881691,0.78475862 0.38310261 -0.48722305,
  -0.11482849 0.65122472 -0.75014717,-0.3886879 0.068536164 -0.91881691,
  0.56039027 0.66784712 -0.48983974,-0.33063546 0.57267741 -0.75014717,
  -0.3886879 -0.068536164 -0.91881691,0.29817743 0.81923577 -0.48983974,
  -0.50656291 0.42505675 -0.75014717,0.92654436 0.33311432 -0.17478671,
  -0.3418064 -0.19734202 -0.91881691,0 0.8718125 -0.48983974,
  -0.6213914 0.22616797 -0.75014717,0.80733556 0.57639711 -0.12639488,
  -0.25369801 -0.30234551 -0.91881691,-0.29817743 0.81923577 -0.48983974,
  -0.66127091 0 -0.75014717,0.49270877 0.85339662 -0.17015367,
  -0.13498989 -0.37088168 -0.91881691,-0.56039027 0.66784712 -0.48983974,
  0.961794 0.24273242 0.12662258,-0.6213914 -0.22616797 -0.75014717,
  0.17111596 0.97044683 -0.17015367,0 -0.39468404 -0.91881691,
  -0.75501177 0.43590625 -0.48983974,0.88926308 0.43660233 0.13634365,
  -0.50656291 -0.42505675 -0.75014717,-0.17111596 0.97044683 -0.17015367,
  0.13498989 -0.37088168 -0.91881691,-0.85856771 0.15138865 -0.48983974,
  0.63341418 0.75487363 0.17015367,-0.33063546 -0.57267741 -0.75014717,
  -0.49270877 0.85339662 -0.17015367,0.25369801 -0.30234551 -0.91881691,
  -0.85856771 -0.15138865 -0.48983974,0.33703265 0.92598959 0.17015367,
  -0.11482849 -0.65122472 -0.75014717,-0.75487363 0.63341418 -0.17015367,
  0.82827688 0.28557211 0.48208503,0.34237251 -0.19302404 -0.91952313,
  -0.75501177 -0.43590625 -0.48983974,0 0.98541754 0.17015367,
  0.11482849 -0.65122472 -0.75014717,-0.92598959 0.33703265 -0.17015367,
  0.66784712 0.56039027 0.48983974,0.38203965 -0.057980536 -0.9223253,
  -0.56039027 -0.66784712 -0.48983974,-0.33703265 0.92598959 0.17015367,
  0.33063546 -0.57267741 -0.75014717,-0.98541754 0 -0.17015367,
  0.43590625 0.75501177 0.48983974,-0.29817743 -0.81923577 -0.48983974,
  -0.63341418 0.75487363 0.17015367,0.6029265 0.13812297 0.78574912,
  0.50273505 -0.39223753 -0.77032927,-0.92598959 -0.33703265 -0.17015367,
  0.15138865 0.85856771 0.48983974,0 -0.8718125 -0.48983974,
  -0.85339662 0.49270877 0.17015367,0.58823837 0.30554571 0.74874391,
  0.650471 -0.23498284 -0.72226764,-0.75487363 -0.63341418 -0.17015367,
  -0.15138865 0.85856771 0.48983974,0.29817743 -0.81923577 -0.48983974,
  -0.97044683 0.17111596 0.17015367,0.42505675 0.50656291 0.75014717,
  -0.49270877 -0.85339662 -0.17015367,-0.43590625 0.75501177 0.48983974,
  0.56039027 -0.66784712 -0.48983974,-0.97044683 -0.17111596 0.17015367,
  0.22616797 0.6213914 0.75014717,-0.17111596 -0.97044683 -0.17015367,
  -0.66784712 0.56039027 0.48983974,0.380603 0.10413129 0.91885692,
  0.78475862 -0.38310261 -0.48722305,-0.85339662 -0.49270877 0.17015367,
  0 0.66127091 0.75014717,0.17111596 -0.97044683 -0.17015367,
  -0.81923577 0.29817743 0.48983974,0.32614066 0.23051014 0.91678642,
  0.84361002 -0.22604462 -0.48705847,-0.63341418 -0.75487363 0.17015367,
  -0.22616797 0.6213914 0.75014717,0.49270877 -0.85339662 -0.17015367,
  -0.8718125 0 0.48983974,0.19734202 0.3418064 0.91881691,
  -0.33703265 -0.92598959 0.17015367,-0.42505675 0.50656291 0.75014717,
  0.80733556 -0.57639711 -0.12639488,-0.81923577 -0.29817743 0.48983974,
  0.068536164 0.3886879 0.91881691,0 -0.98541754 0.17015367,
  -0.57267741 0.33063546 0.75014717,0.92654436 -0.33311432 -0.17478671,
  -0.66784712 -0.56039027 0.48983974,-0.068536164 0.3886879 0.91881691,
  0.33703265 -0.92598959 0.17015367,-0.65122472 0.11482849 0.75014717,
  -0.43590625 -0.75501177 0.48983974,-0.19734202 0.3418064 0.91881691,
  0.63341418 -0.75487363 0.17015367,-0.65122472 -0.11482849 0.75014717,
  -0.15138865 -0.85856771 0.48983974,-0.30234551 0.25369801 0.91881691,
  0.88926308 -0.43660233 0.13634365,-0.57267741 -0.33063546 0.75014717,
  0.15138865 -0.85856771 0.48983974,-0.37088168 0.13498989 0.91881691,
  0.961794 -0.24273242 0.12662258,-0.42505675 -0.50656291 0.75014717,
  0.43590625 -0.75501177 0.48983974,-0.39468404 0 0.91881691,
  -0.22616797 -0.6213914 0.75014717,0.66784712 -0.56039027 0.48983974,
  -0.37088168 -0.13498989 0.91881691,0 -0.66127091 0.75014717,
  0.82827688 -0.28557211 0.48208503,-0.30234551 -0.25369801 0.91881691,
  0.22616797 -0.6213914 0.75014717,-0.19734202 -0.3418064 0.91881691,
  0.42505675 -0.50656291 0.75014717,-0.068536164 -0.3886879 0.91881691,
  0.58823837 -0.30554571 0.74874391,0.068536164 -0.3886879 0.91881691,
  0.6029265 -0.13812297 0.78574912,0.19734202 -0.3418064 0.91881691,
  0.32614066 -0.23051014 0.91678642,0.380603 -0.10413129 0.91885692] }
}
}
] }
DEF TXFM_37 Transform {
  center 0 0 0
  rotation 0 0 1 0
  scale 1 1 1
  scaleOrientation 0 0 1 0
  translation 0 0 0
 children [
DEF SHAPE_34 Shape {
 appearance USE APP_1
 geometry DEF FACE_34 IndexedFaceSet {
  coord DEF COORD_34 Coordinate { point [
  0.98425197 -0.19685039 0,0.99749861 -0.19685039 0.0017439538,
  1.0098425 -0.19685039 0.0068569675,1.0204425 -0.19685039 0.014990598,
  1.0285761 -0.19685039 0.025590551,1.0336891 -0.19685039 0.037934458,
  1.0354331 -0.19685039 0.051181102,1.0336891 -0.19685039 0.064427746,
  1.0285761 -0.19685039 0.076771654,1.0204425 -0.19685039 0.087371607,
  1.0098425 -0.19685039 0.095505237,0.99749861 -0.19685039 0.10061825,
  0.98425197 -0.19685039 0.1023622,0.98425197 -0.19685039 0,
  0.99749861 -0.19685039 0.0017439538,1.0098425 -0.19685039 0.0068569675,
  1.0204425 -0.19685039 0.014990598,1.0285761 -0.19685039 0.025590551,
  1.0336891 -0.19685039 0.037934458,1.0354331 -0.19685039 0.051181102,
  1.0336891 -0.19685039 0.064427746,1.0285761 -0.19685039 0.076771654,
  1.0204425 -0.19685039 0.087371607,1.0098425 -0.19685039 0.095505237,
  0.99749861 -0.19685039 0.10061825,0.98425197 -0.19685039 0.1023622,
  1.001491 -0.19381069 0.0030865981,0.99941172 -0.18809791 0.0030865981,
  0.99550395 -0.18344081 0.0030865981,0.99023902 -0.1804011 0.0030865981,
  1.0151665 -0.18559842 0.011974103,0.98425197 -0.17934543 0.0030865981,
  1.0094537 -0.1757036 0.011974103,0.97826492 -0.1804011 0.0030865981,
  1.0007013 -0.16835939 0.011974103,0.97299999 -0.18344081 0.0030865981,
  1.0279027 -0.18915359 0.025590551,0.98996475 -0.16445162 0.011974103,
  0.96909222 -0.18809791 0.0030865981,1.0226378 -0.17468833 0.025590551,
  0.97853919 -0.16445162 0.011974103,0.96701294 -0.19381069 0.0030865981,
  1.012743 -0.16289614 0.025590551,0.96780268 -0.16835939 0.011974103,
  0.96701294 -0.1998901 0.0030865981,0.99941172 -0.15519933 0.025590551,
  0.9590502 -0.1757036 0.011974103,1.0316158 -0.17961137 0.042293597,
  0.96909222 -0.20560288 0.0030865981,0.98425197 -0.15252626 0.025590551,
  0.95333742 -0.18559842 0.011974103,1.0228633 -0.16445162 0.042293597,
  0.97299999 -0.21025998 0.0030865981,0.96909222 -0.15519933 0.025590551,
  0.95135339 -0.19685039 0.011974103,1.0094537 -0.15319964 0.042293597,
  0.97826492 -0.21329968 0.0030865981,0.95576096 -0.16289614 0.025590551,
  1.0338898 -0.18809791 0.060068608,0.95333742 -0.20810237 0.011974103,
  0.99300445 -0.14721259 0.042293597,0.98425197 -0.21435536 0.0030865981,
  0.94586614 -0.17468833 0.025590551,1.0279027 -0.17164862 0.060068608,
  0.9590502 -0.21799719 0.011974103,0.97549948 -0.14721259 0.042293597,
  0.99023902 -0.21329968 0.0030865981,0.94060122 -0.18915359 0.025590551,
  1.0166507 -0.15823904 0.060068608,0.96780268 -0.2253414 0.011974103,
  0.9590502 -0.15319964 0.042293597,0.99550395 -0.21025998 0.0030865981,
  0.94060122 -0.2045472 0.025590551,1.001491 -0.14948655 0.060068608,
  0.97853919 -0.22924917 0.011974103,0.94564061 -0.16445162 0.042293597,
  1.025903 -0.18169065 0.076771654,0.99941172 -0.20560288 0.0030865981,
  0.94586614 -0.21901246 0.025590551,0.98425197 -0.14644685 0.060068608,
  0.98996475 -0.22924917 0.011974103,0.93688813 -0.17961137 0.042293597,
  1.0182062 -0.16835939 0.076771654,1.001491 -0.1998901 0.0030865981,
  0.95576096 -0.23080465 0.025590551,0.96701294 -0.14948655 0.060068608,
  1.0007013 -0.2253414 0.011974103,0.93384842 -0.19685039 0.042293597,
  1.006414 -0.15846457 0.076771654,0.96909222 -0.23850146 0.025590551,
  0.95185319 -0.15823904 0.060068608,1.0166507 -0.19113762 0.090388101,
  1.0094537 -0.21799719 0.011974103,0.93688813 -0.21408942 0.042293597,
  0.99194877 -0.15319964 0.076771654,0.98425197 -0.24117453 0.025590551,
  0.94060122 -0.17164862 0.060068608,1.012743 -0.1804011 0.090388101,
  1.0151665 -0.20810237 0.011974103,0.94564061 -0.22924917 0.042293597,
  0.97655516 -0.15319964 0.076771654,0.99941172 -0.23850146 0.025590551,
  0.93461417 -0.18809791 0.060068608,1.0053988 -0.17164862 0.090388101,
  0.9590502 -0.24050115 0.042293597,0.9620899 -0.15846457 0.076771654,
  1.012743 -0.23080465 0.025590551,0.93461417 -0.20560288 0.060068608,
  0.99550395 -0.16593584 0.090388101,0.97549948 -0.2464882 0.042293597,
  0.95029771 -0.16835939 0.076771654,1.0007013 -0.19086334 0.099275607,
  1.0226378 -0.21901246 0.025590551,0.94060122 -0.22205217 0.060068608,
  0.98425197 -0.16395182 0.090388101,0.99300445 -0.2464882 0.042293597,
  0.94260091 -0.18169065 0.076771654,0.99766155 -0.18559842 0.099275607,
  1.0279027 -0.2045472 0.025590551,0.95185319 -0.23546175 0.060068608,
  0.97299999 -0.16593584 0.090388101,1.0094537 -0.24050115 0.042293597,
  0.93992783 -0.19685039 0.076771654,0.99300445 -0.18169065 0.099275607,
  0.96701294 -0.24421423 0.060068608,0.96310517 -0.17164862 0.090388101,
  1.0228633 -0.22924917 0.042293597,0.94260091 -0.21201014 0.076771654,
  0.98729167 -0.17961137 0.099275607,0.98425197 -0.24725394 0.060068608,
  0.95576096 -0.1804011 0.090388101,1.0316158 -0.21408942 0.042293597,
  0.95029771 -0.2253414 0.076771654,0.98121226 -0.17961137 0.099275607,
  1.001491 -0.24421423 0.060068608,0.95185319 -0.19113762 0.090388101,
  0.9620899 -0.23523622 0.076771654,0.97549948 -0.18169065 0.099275607,
  1.0166507 -0.23546175 0.060068608,0.95185319 -0.20256317 0.090388101,
  0.97655516 -0.24050115 0.076771654,0.97084239 -0.18559842 0.099275607,
  1.0279027 -0.22205217 0.060068608,0.95576096 -0.21329968 0.090388101,
  0.99194877 -0.24050115 0.076771654,0.96780268 -0.19086334 0.099275607,
  1.0338898 -0.20560288 0.060068608,0.96310517 -0.22205217 0.090388101,
  1.006414 -0.23523622 0.076771654,0.966747 -0.19685039 0.099275607,
  0.97299999 -0.22776495 0.090388101,1.0182062 -0.2253414 0.076771654,
  0.96780268 -0.20283745 0.099275607,0.98425197 -0.22974897 0.090388101,
  1.025903 -0.21201014 0.076771654,0.97084239 -0.20810237 0.099275607,
  0.99550395 -0.22776495 0.090388101,0.97549948 -0.21201014 0.099275607,
  1.0053988 -0.22205217 0.090388101,0.98121226 -0.21408942 0.099275607,
  1.012743 -0.21329968 0.090388101,0.98729167 -0.21408942 0.099275607,
  1.0166507 -0.20256317 0.090388101,0.99300445 -0.21201014 0.099275607,
  0.99766155 -0.20810237 0.099275607,1.0007013 -0.20283745 0.099275607] }
 coordIndex [
  26,2,1,-1,27,1,0,-1,27,26,1,-1,27,2,26,-1,28,27,0,-1,29,28,0,-1,30,3,2,-1,31,29,0,-1,
  32,2,27,-1,32,30,2,-1,32,27,28,-1,33,31,0,-1,34,28,29,-1,34,32,28,-1,35,33,0,-1,36,4,3,-1,
  36,5,4,-1,37,34,29,-1,37,29,31,-1,38,35,0,-1,39,5,36,-1,39,3,30,-1,39,30,32,-1,39,36,3,-1,
  40,31,33,-1,40,37,31,-1,41,38,0,-1,42,32,34,-1,42,39,32,-1,43,33,35,-1,43,40,33,-1,44,0,13,-1,
  44,41,0,-1,45,34,37,-1,45,42,34,-1,46,43,35,-1,46,35,38,-1,47,6,5,-1,47,5,39,-1,48,44,13,-1,
  49,45,37,-1,49,37,40,-1,50,46,38,-1,50,38,41,-1,51,47,39,-1,51,39,42,-1,51,6,47,-1,52,48,13,-1,
  53,40,43,-1,53,49,40,-1,54,50,41,-1,54,41,44,-1,55,42,45,-1,55,51,42,-1,56,52,13,-1,57,53,43,-1,
  57,43,46,-1,58,7,6,-1,59,54,44,-1,59,44,48,-1,60,45,49,-1,60,55,45,-1,61,56,13,-1,62,46,50,-1,
  62,57,46,-1,63,58,6,-1,63,7,58,-1,63,6,51,-1,64,48,52,-1,64,59,48,-1,65,49,53,-1,65,60,49,-1,
  66,61,13,-1,67,62,50,-1,67,50,54,-1,68,63,51,-1,68,51,55,-1,69,52,56,-1,69,64,52,-1,70,53,57,-1,
  70,65,53,-1,71,66,13,-1,72,54,59,-1,72,67,54,-1,73,55,60,-1,73,68,55,-1,74,56,61,-1,74,69,56,-1,
  75,57,62,-1,75,70,57,-1,76,8,7,-1,76,9,8,-1,76,7,63,-1,77,13,14,-1,77,71,13,-1,78,72,59,-1,
  78,59,64,-1,79,60,65,-1,79,73,60,-1,80,61,66,-1,80,74,61,-1,81,75,62,-1,81,62,67,-1,82,76,63,-1,
  82,63,68,-1,83,77,14,-1,83,15,77,-1,83,14,15,-1,84,78,64,-1,84,64,69,-1,85,79,65,-1,85,65,70,-1,
  86,80,66,-1,86,66,71,-1,87,81,67,-1,87,67,72,-1,88,82,68,-1,88,68,73,-1,89,84,69,-1,89,69,74,-1,
  90,85,70,-1,90,70,75,-1,91,10,9,-1,92,77,15,-1,92,71,77,-1,92,86,71,-1,93,87,72,-1,93,72,78,-1,
  94,73,79,-1,94,88,73,-1,95,74,80,-1,95,89,74,-1,96,90,75,-1,96,75,81,-1,97,76,82,-1,97,10,91,-1,
  97,9,76,-1,97,91,9,-1,98,92,15,-1,98,15,16,-1,99,78,84,-1,99,93,78,-1,100,94,79,-1,100,79,85,-1,
  101,95,80,-1,101,80,86,-1,102,81,87,-1,102,96,81,-1,103,97,82,-1,103,82,88,-1,104,99,84,-1,104,84,89,-1,
  105,85,90,-1,105,100,85,-1,106,86,92,-1,106,101,86,-1,107,102,87,-1,107,87,93,-1,108,88,94,-1,108,103,88,-1,
  109,89,95,-1,109,104,89,-1,110,90,96,-1,110,105,90,-1,111,11,10,-1,112,92,98,-1,112,98,16,-1,112,106,92,-1,
  113,93,99,-1,113,107,93,-1,114,108,94,-1,114,94,100,-1,115,95,101,-1,115,109,95,-1,116,96,102,-1,116,110,96,-1,
  117,12,11,-1,117,10,97,-1,117,97,103,-1,117,11,111,-1,117,111,10,-1,118,16,17,-1,118,17,18,-1,118,112,16,-1,
  118,18,112,-1,119,113,99,-1,119,99,104,-1,120,114,100,-1,120,100,105,-1,121,115,101,-1,121,101,106,-1,122,102,107,-1,
  122,116,102,-1,123,12,117,-1,123,117,103,-1,123,103,108,-1,124,119,104,-1,124,104,109,-1,125,105,110,-1,125,120,105,-1,
  126,106,112,-1,126,121,106,-1,127,107,113,-1,127,122,107,-1,128,123,108,-1,128,12,123,-1,128,108,114,-1,129,109,115,-1,
  129,124,109,-1,130,125,110,-1,130,110,116,-1,131,18,19,-1,131,19,126,-1,131,126,112,-1,131,112,18,-1,132,113,119,-1,
  132,127,113,-1,133,114,120,-1,133,12,128,-1,133,128,114,-1,134,115,121,-1,134,129,115,-1,135,116,122,-1,135,130,116,-1,
  136,119,124,-1,136,132,119,-1,137,12,133,-1,137,120,125,-1,137,133,120,-1,138,121,126,-1,138,134,121,-1,139,122,127,-1,
  139,135,122,-1,140,124,129,-1,140,136,124,-1,141,125,130,-1,141,12,137,-1,141,137,125,-1,142,126,19,-1,142,138,126,-1,
  143,139,127,-1,143,127,132,-1,144,129,134,-1,144,140,129,-1,145,130,135,-1,145,12,141,-1,145,141,130,-1,146,19,20,-1,
  146,20,142,-1,146,142,19,-1,147,132,136,-1,147,143,132,-1,148,144,134,-1,148,134,138,-1,149,145,135,-1,149,25,12,-1,
  149,135,139,-1,149,12,145,-1,150,136,140,-1,150,147,136,-1,151,148,138,-1,151,138,142,-1,152,25,149,-1,152,149,139,-1,
  152,139,143,-1,153,140,144,-1,153,150,140,-1,154,20,21,-1,154,21,22,-1,154,151,142,-1,154,142,20,-1,155,143,147,-1,
  155,152,143,-1,155,25,152,-1,156,153,144,-1,156,144,148,-1,157,147,150,-1,157,155,147,-1,157,25,155,-1,158,148,151,-1,
  158,156,148,-1,159,157,150,-1,159,150,153,-1,159,25,157,-1,160,154,22,-1,160,151,154,-1,160,158,151,-1,161,153,156,-1,
  161,25,159,-1,161,159,153,-1,162,23,160,-1,162,22,23,-1,162,160,22,-1,163,25,161,-1,163,156,158,-1,163,161,156,-1,
  164,160,23,-1,164,158,160,-1,164,24,25,-1,164,163,158,-1,164,25,163,-1,165,23,24,-1,165,164,23,-1,165,24,164,-1]
  normalPerVertex TRUE
  normal DEF NORM_34 Normal { vector [
  -0.021981502 0.11904181 -0.99264589,0.20566564 0.07163335 -0.97599708,
  0.48926792 0.15948411 -0.85742739,0.72442018 0.17410448 -0.66701052,
  0.86355026 0.075550858 -0.49857097,0.93215578 0.2092595 -0.29545909,
  0.95567918 0.29384961 -0.018157752,0.92546944 0.20849861 0.31628254,
  0.85610146 0.15095379 0.49427041,0.73674625 0.16691007 0.65524499,
  0.47745648 0.14407689 0.86676246,0.21607912 0.082130844 0.97291538,
  -0.016974704 0.12687955 0.99177288,-0.0027636606 -0.13351108 -0.99104347,
  0.20566564 -0.07163335 -0.97599708,0.48926792 -0.15948411 -0.85742739,
  0.72442018 -0.17410448 -0.66701052,0.86355026 -0.075550858 -0.49857097,
  0.93215578 -0.2092595 -0.29545909,0.95567918 -0.29384961 -0.018157752,
  0.92546944 -0.20849861 0.31628254,0.85610146 -0.15095379 0.49427041,
  0.73674625 -0.16691007 0.65524499,0.47745648 -0.14407689 0.86676246,
  0.21607912 -0.082130844 0.97291538,-0.016974704 -0.12687955 0.99177288,
  0.38203965 0.057980536 -0.9223253,0.34237251 0.19302404 -0.91952313,
  0.25369801 0.30234551 -0.91881691,0.13498989 0.37088168 -0.91881691,
  0.650471 0.23498284 -0.72226764,0 0.39468404 -0.91881691,
  0.50273505 0.39223753 -0.77032927,-0.13498989 0.37088168 -0.91881691,
  0.33063546 0.57267741 -0.75014717,-0.25369801 0.30234551 -0.91881691,
  0.84361002 0.22604462 -0.48705847,0.11482849 0.65122472 -0.75014717,
  -0.3418064 0.19734202 -0.91881691,0.78475862 0.38310261 -0.48722305,
  -0.11482849 0.65122472 -0.75014717,-0.3886879 0.068536164 -0.91881691,
  0.56039027 0.66784712 -0.48983974,-0.33063546 0.57267741 -0.75014717,
  -0.3886879 -0.068536164 -0.91881691,0.29817743 0.81923577 -0.48983974,
  -0.50656291 0.42505675 -0.75014717,0.92654436 0.33311432 -0.17478671,
  -0.3418064 -0.19734202 -0.91881691,0 0.8718125 -0.48983974,
  -0.6213914 0.22616797 -0.75014717,0.80733556 0.57639711 -0.12639488,
  -0.25369801 -0.30234551 -0.91881691,-0.29817743 0.81923577 -0.48983974,
  -0.66127091 0 -0.75014717,0.49270877 0.85339662 -0.17015367,
  -0.13498989 -0.37088168 -0.91881691,-0.56039027 0.66784712 -0.48983974,
  0.961794 0.24273242 0.12662258,-0.6213914 -0.22616797 -0.75014717,
  0.17111596 0.97044683 -0.17015367,0 -0.39468404 -0.91881691,
  -0.75501177 0.43590625 -0.48983974,0.88926308 0.43660233 0.13634365,
  -0.50656291 -0.42505675 -0.75014717,-0.17111596 0.97044683 -0.17015367,
  0.13498989 -0.37088168 -0.91881691,-0.85856771 0.15138865 -0.48983974,
  0.63341418 0.75487363 0.17015367,-0.33063546 -0.57267741 -0.75014717,
  -0.49270877 0.85339662 -0.17015367,0.25369801 -0.30234551 -0.91881691,
  -0.85856771 -0.15138865 -0.48983974,0.33703265 0.92598959 0.17015367,
  -0.11482849 -0.65122472 -0.75014717,-0.75487363 0.63341418 -0.17015367,
  0.82827688 0.28557211 0.48208503,0.34237251 -0.19302404 -0.91952313,
  -0.75501177 -0.43590625 -0.48983974,0 0.98541754 0.17015367,
  0.11482849 -0.65122472 -0.75014717,-0.92598959 0.33703265 -0.17015367,
  0.66784712 0.56039027 0.48983974,0.38203965 -0.057980536 -0.9223253,
  -0.56039027 -0.66784712 -0.48983974,-0.33703265 0.92598959 0.17015367,
  0.33063546 -0.57267741 -0.75014717,-0.98541754 0 -0.17015367,
  0.43590625 0.75501177 0.48983974,-0.29817743 -0.81923577 -0.48983974,
  -0.63341418 0.75487363 0.17015367,0.6029265 0.13812297 0.78574912,
  0.50273505 -0.39223753 -0.77032927,-0.92598959 -0.33703265 -0.17015367,
  0.15138865 0.85856771 0.48983974,0 -0.8718125 -0.48983974,
  -0.85339662 0.49270877 0.17015367,0.58823837 0.30554571 0.74874391,
  0.650471 -0.23498284 -0.72226764,-0.75487363 -0.63341418 -0.17015367,
  -0.15138865 0.85856771 0.48983974,0.29817743 -0.81923577 -0.48983974,
  -0.97044683 0.17111596 0.17015367,0.42505675 0.50656291 0.75014717,
  -0.49270877 -0.85339662 -0.17015367,-0.43590625 0.75501177 0.48983974,
  0.56039027 -0.66784712 -0.48983974,-0.97044683 -0.17111596 0.17015367,
  0.22616797 0.6213914 0.75014717,-0.17111596 -0.97044683 -0.17015367,
  -0.66784712 0.56039027 0.48983974,0.380603 0.10413129 0.91885692,
  0.78475862 -0.38310261 -0.48722305,-0.85339662 -0.49270877 0.17015367,
  0 0.66127091 0.75014717,0.17111596 -0.97044683 -0.17015367,
  -0.81923577 0.29817743 0.48983974,0.32614066 0.23051014 0.91678642,
  0.84361002 -0.22604462 -0.48705847,-0.63341418 -0.75487363 0.17015367,
  -0.22616797 0.6213914 0.75014717,0.49270877 -0.85339662 -0.17015367,
  -0.8718125 0 0.48983974,0.19734202 0.3418064 0.91881691,
  -0.33703265 -0.92598959 0.17015367,-0.42505675 0.50656291 0.75014717,
  0.80733556 -0.57639711 -0.12639488,-0.81923577 -0.29817743 0.48983974,
  0.068536164 0.3886879 0.91881691,0 -0.98541754 0.17015367,
  -0.57267741 0.33063546 0.75014717,0.92654436 -0.33311432 -0.17478671,
  -0.66784712 -0.56039027 0.48983974,-0.068536164 0.3886879 0.91881691,
  0.33703265 -0.92598959 0.17015367,-0.65122472 0.11482849 0.75014717,
  -0.43590625 -0.75501177 0.48983974,-0.19734202 0.3418064 0.91881691,
  0.63341418 -0.75487363 0.17015367,-0.65122472 -0.11482849 0.75014717,
  -0.15138865 -0.85856771 0.48983974,-0.30234551 0.25369801 0.91881691,
  0.88926308 -0.43660233 0.13634365,-0.57267741 -0.33063546 0.75014717,
  0.15138865 -0.85856771 0.48983974,-0.37088168 0.13498989 0.91881691,
  0.961794 -0.24273242 0.12662258,-0.42505675 -0.50656291 0.75014717,
  0.43590625 -0.75501177 0.48983974,-0.39468404 0 0.91881691,
  -0.22616797 -0.6213914 0.75014717,0.66784712 -0.56039027 0.48983974,
  -0.37088168 -0.13498989 0.91881691,0 -0.66127091 0.75014717,
  0.82827688 -0.28557211 0.48208503,-0.30234551 -0.25369801 0.91881691,
  0.22616797 -0.6213914 0.75014717,-0.19734202 -0.3418064 0.91881691,
  0.42505675 -0.50656291 0.75014717,-0.068536164 -0.3886879 0.91881691,
  0.58823837 -0.30554571 0.74874391,0.068536164 -0.3886879 0.91881691,
  0.6029265 -0.13812297 0.78574912,0.19734202 -0.3418064 0.91881691,
  0.32614066 -0.23051014 0.91678642,0.380603 -0.10413129 0.91885692] }
}
}
] }
DEF TXFM_38 Transform {
  center 0 0 0
  rotation 0 0 1 0
  scale 1 1 1
  scaleOrientation 0 0 1 0
  translation 0 0 0
 children [
DEF SHAPE_35 Shape {
 appearance USE APP_1
 geometry DEF FACE_35 IndexedFaceSet {
  coord DEF COORD_35 Coordinate { point [
  0.98425197 -0.59055118 0,0.99749861 -0.59055118 0.0017439538,
  1.0098425 -0.59055118 0.0068569675,1.0204425 -0.59055118 0.014990598,
  1.0285761 -0.59055118 0.025590551,1.0336891 -0.59055118 0.037934458,
  1.0354331 -0.59055118 0.051181102,1.0336891 -0.59055118 0.064427746,
  1.0285761 -0.59055118 0.076771654,1.0204425 -0.59055118 0.087371607,
  1.0098425 -0.59055118 0.095505237,0.99749861 -0.59055118 0.10061825,
  0.98425197 -0.59055118 0.1023622,0.98425197 -0.59055118 0,
  0.99749861 -0.59055118 0.0017439538,1.0098425 -0.59055118 0.0068569675,
  1.0204425 -0.59055118 0.014990598,1.0285761 -0.59055118 0.025590551,
  1.0336891 -0.59055118 0.037934458,1.0354331 -0.59055118 0.051181102,
  1.0336891 -0.59055118 0.064427746,1.0285761 -0.59055118 0.076771654,
  1.0204425 -0.59055118 0.087371607,1.0098425 -0.59055118 0.095505237,
  0.99749861 -0.59055118 0.10061825,0.98425197 -0.59055118 0.1023622,
  1.001491 -0.58751148 0.0030865981,0.99941172 -0.5817987 0.0030865981,
  0.99550395 -0.5771416 0.0030865981,0.99023902 -0.57410189 0.0030865981,
  1.0151665 -0.5792992 0.011974103,0.98425197 -0.57304621 0.0030865981,
  1.0094537 -0.56940438 0.011974103,0.97826492 -0.57410189 0.0030865981,
  1.0007013 -0.56206018 0.011974103,0.97299999 -0.5771416 0.0030865981,
  1.0279027 -0.58285438 0.025590551,0.98996475 -0.55815241 0.011974103,
  0.96909222 -0.5817987 0.0030865981,1.0226378 -0.56838911 0.025590551,
  0.97853919 -0.55815241 0.011974103,0.96701294 -0.58751148 0.0030865981,
  1.012743 -0.55659692 0.025590551,0.96780268 -0.56206018 0.011974103,
  0.96701294 -0.59359089 0.0030865981,0.99941172 -0.54890012 0.025590551,
  0.9590502 -0.56940438 0.011974103,1.0316158 -0.57331215 0.042293597,
  0.96909222 -0.59930367 0.0030865981,0.98425197 -0.54622705 0.025590551,
  0.95333742 -0.5792992 0.011974103,1.0228633 -0.55815241 0.042293597,
  0.97299999 -0.60396076 0.0030865981,0.96909222 -0.54890012 0.025590551,
  0.95135339 -0.59055118 0.011974103,1.0094537 -0.54690043 0.042293597,
  0.97826492 -0.60700047 0.0030865981,0.95576096 -0.55659692 0.025590551,
  1.0338898 -0.5817987 0.060068608,0.95333742 -0.60180316 0.011974103,
  0.99300445 -0.54091338 0.042293597,0.98425197 -0.60805615 0.0030865981,
  0.94586614 -0.56838911 0.025590551,1.0279027 -0.56534941 0.060068608,
  0.9590502 -0.61169798 0.011974103,0.97549948 -0.54091338 0.042293597,
  0.99023902 -0.60700047 0.0030865981,0.94060122 -0.58285438 0.025590551,
  1.0166507 -0.55193982 0.060068608,0.96780268 -0.61904219 0.011974103,
  0.9590502 -0.54690043 0.042293597,0.99550395 -0.60396076 0.0030865981,
  0.94060122 -0.59824799 0.025590551,1.001491 -0.54318734 0.060068608,
  0.97853919 -0.62294996 0.011974103,0.94564061 -0.55815241 0.042293597,
  1.025903 -0.57539143 0.076771654,0.99941172 -0.59930367 0.0030865981,
  0.94586614 -0.61271325 0.025590551,0.98425197 -0.54014763 0.060068608,
  0.98996475 -0.62294996 0.011974103,0.93688813 -0.57331215 0.042293597,
  1.0182062 -0.56206018 0.076771654,1.001491 -0.59359089 0.0030865981,
  0.95576096 -0.62450544 0.025590551,0.96701294 -0.54318734 0.060068608,
  1.0007013 -0.61904219 0.011974103,0.93384842 -0.59055118 0.042293597,
  1.006414 -0.55216535 0.076771654,0.96909222 -0.63220224 0.025590551,
  0.95185319 -0.55193982 0.060068608,1.0166507 -0.5848384 0.090388101,
  1.0094537 -0.61169798 0.011974103,0.93688813 -0.60779021 0.042293597,
  0.99194877 -0.54690043 0.076771654,0.98425197 -0.63487532 0.025590551,
  0.94060122 -0.56534941 0.060068608,1.012743 -0.57410189 0.090388101,
  1.0151665 -0.60180316 0.011974103,0.94564061 -0.62294996 0.042293597,
  0.97655516 -0.54690043 0.076771654,0.99941172 -0.63220224 0.025590551,
  0.93461417 -0.5817987 0.060068608,1.0053988 -0.56534941 0.090388101,
  0.9590502 -0.63420193 0.042293597,0.9620899 -0.55216535 0.076771654,
  1.012743 -0.62450544 0.025590551,0.93461417 -0.59930367 0.060068608,
  0.99550395 -0.55963663 0.090388101,0.97549948 -0.64018898 0.042293597,
  0.95029771 -0.56206018 0.076771654,1.0007013 -0.58456413 0.099275607,
  1.0226378 -0.61271325 0.025590551,0.94060122 -0.61575295 0.060068608,
  0.98425197 -0.5576526 0.090388101,0.99300445 -0.64018898 0.042293597,
  0.94260091 -0.57539143 0.076771654,0.99766155 -0.5792992 0.099275607,
  1.0279027 -0.59824799 0.025590551,0.95185319 -0.62916254 0.060068608,
  0.97299999 -0.55963663 0.090388101,1.0094537 -0.63420193 0.042293597,
  0.93992783 -0.59055118 0.076771654,0.99300445 -0.57539143 0.099275607,
  0.96701294 -0.63791502 0.060068608,0.96310517 -0.56534941 0.090388101,
  1.0228633 -0.62294996 0.042293597,0.94260091 -0.60571093 0.076771654,
  0.98729167 -0.57331215 0.099275607,0.98425197 -0.64095473 0.060068608,
  0.95576096 -0.57410189 0.090388101,1.0316158 -0.60779021 0.042293597,
  0.95029771 -0.61904219 0.076771654,0.98121226 -0.57331215 0.099275607,
  1.001491 -0.63791502 0.060068608,0.95185319 -0.5848384 0.090388101,
  0.9620899 -0.62893701 0.076771654,0.97549948 -0.57539143 0.099275607,
  1.0166507 -0.62916254 0.060068608,0.95185319 -0.59626396 0.090388101,
  0.97655516 -0.63420193 0.076771654,0.97084239 -0.5792992 0.099275607,
  1.0279027 -0.61575295 0.060068608,0.95576096 -0.60700047 0.090388101,
  0.99194877 -0.63420193 0.076771654,0.96780268 -0.58456413 0.099275607,
  1.0338898 -0.59930367 0.060068608,0.96310517 -0.61575295 0.090388101,
  1.006414 -0.62893701 0.076771654,0.966747 -0.59055118 0.099275607,
  0.97299999 -0.62146573 0.090388101,1.0182062 -0.61904219 0.076771654,
  0.96780268 -0.59653823 0.099275607,0.98425197 -0.62344976 0.090388101,
  1.025903 -0.60571093 0.076771654,0.97084239 -0.60180316 0.099275607,
  0.99550395 -0.62146573 0.090388101,0.97549948 -0.60571093 0.099275607,
  1.0053988 -0.61575295 0.090388101,0.98121226 -0.60779021 0.099275607,
  1.012743 -0.60700047 0.090388101,0.98729167 -0.60779021 0.099275607,
  1.0166507 -0.59626396 0.090388101,0.99300445 -0.60571093 0.099275607,
  0.99766155 -0.60180316 0.099275607,1.0007013 -0.59653823 0.099275607] }
 coordIndex [
  26,2,1,-1,27,1,0,-1,27,26,1,-1,27,2,26,-1,28,27,0,-1,29,28,0,-1,30,3,2,-1,31,29,0,-1,
  32,2,27,-1,32,30,2,-1,32,27,28,-1,33,31,0,-1,34,28,29,-1,34,32,28,-1,35,33,0,-1,36,4,3,-1,
  36,5,4,-1,37,34,29,-1,37,29,31,-1,38,35,0,-1,39,5,36,-1,39,3,30,-1,39,30,32,-1,39,36,3,-1,
  40,31,33,-1,40,37,31,-1,41,38,0,-1,42,32,34,-1,42,39,32,-1,43,33,35,-1,43,40,33,-1,44,0,13,-1,
  44,41,0,-1,45,34,37,-1,45,42,34,-1,46,43,35,-1,46,35,38,-1,47,6,5,-1,47,5,39,-1,48,44,13,-1,
  49,45,37,-1,49,37,40,-1,50,46,38,-1,50,38,41,-1,51,47,39,-1,51,39,42,-1,51,6,47,-1,52,48,13,-1,
  53,40,43,-1,53,49,40,-1,54,50,41,-1,54,41,44,-1,55,42,45,-1,55,51,42,-1,56,52,13,-1,57,53,43,-1,
  57,43,46,-1,58,7,6,-1,59,54,44,-1,59,44,48,-1,60,45,49,-1,60,55,45,-1,61,56,13,-1,62,46,50,-1,
  62,57,46,-1,63,58,6,-1,63,7,58,-1,63,6,51,-1,64,48,52,-1,64,59,48,-1,65,49,53,-1,65,60,49,-1,
  66,61,13,-1,67,62,50,-1,67,50,54,-1,68,63,51,-1,68,51,55,-1,69,52,56,-1,69,64,52,-1,70,53,57,-1,
  70,65,53,-1,71,66,13,-1,72,54,59,-1,72,67,54,-1,73,55,60,-1,73,68,55,-1,74,56,61,-1,74,69,56,-1,
  75,57,62,-1,75,70,57,-1,76,8,7,-1,76,9,8,-1,76,7,63,-1,77,13,14,-1,77,71,13,-1,78,72,59,-1,
  78,59,64,-1,79,60,65,-1,79,73,60,-1,80,61,66,-1,80,74,61,-1,81,75,62,-1,81,62,67,-1,82,76,63,-1,
  82,63,68,-1,83,77,14,-1,83,15,77,-1,83,14,15,-1,84,78,64,-1,84,64,69,-1,85,79,65,-1,85,65,70,-1,
  86,80,66,-1,86,66,71,-1,87,81,67,-1,87,67,72,-1,88,82,68,-1,88,68,73,-1,89,84,69,-1,89,69,74,-1,
  90,85,70,-1,90,70,75,-1,91,10,9,-1,92,77,15,-1,92,71,77,-1,92,86,71,-1,93,87,72,-1,93,72,78,-1,
  94,73,79,-1,94,88,73,-1,95,74,80,-1,95,89,74,-1,96,90,75,-1,96,75,81,-1,97,76,82,-1,97,10,91,-1,
  97,9,76,-1,97,91,9,-1,98,92,15,-1,98,15,16,-1,99,78,84,-1,99,93,78,-1,100,94,79,-1,100,79,85,-1,
  101,95,80,-1,101,80,86,-1,102,81,87,-1,102,96,81,-1,103,97,82,-1,103,82,88,-1,104,99,84,-1,104,84,89,-1,
  105,85,90,-1,105,100,85,-1,106,86,92,-1,106,101,86,-1,107,102,87,-1,107,87,93,-1,108,88,94,-1,108,103,88,-1,
  109,89,95,-1,109,104,89,-1,110,90,96,-1,110,105,90,-1,111,11,10,-1,112,92,98,-1,112,98,16,-1,112,106,92,-1,
  113,93,99,-1,113,107,93,-1,114,108,94,-1,114,94,100,-1,115,95,101,-1,115,109,95,-1,116,96,102,-1,116,110,96,-1,
  117,12,11,-1,117,10,97,-1,117,97,103,-1,117,11,111,-1,117,111,10,-1,118,16,17,-1,118,17,18,-1,118,112,16,-1,
  118,18,112,-1,119,113,99,-1,119,99,104,-1,120,114,100,-1,120,100,105,-1,121,115,101,-1,121,101,106,-1,122,102,107,-1,
  122,116,102,-1,123,12,117,-1,123,117,103,-1,123,103,108,-1,124,119,104,-1,124,104,109,-1,125,105,110,-1,125,120,105,-1,
  126,106,112,-1,126,121,106,-1,127,107,113,-1,127,122,107,-1,128,123,108,-1,128,12,123,-1,128,108,114,-1,129,109,115,-1,
  129,124,109,-1,130,125,110,-1,130,110,116,-1,131,18,19,-1,131,19,126,-1,131,126,112,-1,131,112,18,-1,132,113,119,-1,
  132,127,113,-1,133,114,120,-1,133,12,128,-1,133,128,114,-1,134,115,121,-1,134,129,115,-1,135,116,122,-1,135,130,116,-1,
  136,119,124,-1,136,132,119,-1,137,12,133,-1,137,120,125,-1,137,133,120,-1,138,121,126,-1,138,134,121,-1,139,122,127,-1,
  139,135,122,-1,140,124,129,-1,140,136,124,-1,141,125,130,-1,141,12,137,-1,141,137,125,-1,142,126,19,-1,142,138,126,-1,
  143,139,127,-1,143,127,132,-1,144,129,134,-1,144,140,129,-1,145,130,135,-1,145,12,141,-1,145,141,130,-1,146,19,20,-1,
  146,20,142,-1,146,142,19,-1,147,132,136,-1,147,143,132,-1,148,144,134,-1,148,134,138,-1,149,145,135,-1,149,25,12,-1,
  149,135,139,-1,149,12,145,-1,150,136,140,-1,150,147,136,-1,151,148,138,-1,151,138,142,-1,152,25,149,-1,152,149,139,-1,
  152,139,143,-1,153,140,144,-1,153,150,140,-1,154,20,21,-1,154,21,22,-1,154,151,142,-1,154,142,20,-1,155,143,147,-1,
  155,152,143,-1,155,25,152,-1,156,153,144,-1,156,144,148,-1,157,147,150,-1,157,155,147,-1,157,25,155,-1,158,148,151,-1,
  158,156,148,-1,159,157,150,-1,159,150,153,-1,159,25,157,-1,160,154,22,-1,160,151,154,-1,160,158,151,-1,161,153,156,-1,
  161,25,159,-1,161,159,153,-1,162,23,160,-1,162,22,23,-1,162,160,22,-1,163,25,161,-1,163,156,158,-1,163,161,156,-1,
  164,160,23,-1,164,158,160,-1,164,24,25,-1,164,163,158,-1,164,25,163,-1,165,23,24,-1,165,164,23,-1,165,24,164,-1]
  normalPerVertex TRUE
  normal DEF NORM_35 Normal { vector [
  -0.021981502 0.11904181 -0.99264589,0.20566564 0.07163335 -0.97599708,
  0.48926792 0.15948411 -0.85742739,0.72442018 0.17410448 -0.66701052,
  0.86355026 0.075550858 -0.49857097,0.93215578 0.2092595 -0.29545909,
  0.95567918 0.29384961 -0.018157752,0.92546944 0.20849861 0.31628254,
  0.85610146 0.15095379 0.49427041,0.73674625 0.16691007 0.65524499,
  0.47745648 0.14407689 0.86676246,0.21607912 0.082130844 0.97291538,
  -0.016974704 0.12687955 0.99177288,-0.0027636606 -0.13351108 -0.99104347,
  0.20566564 -0.07163335 -0.97599708,0.48926792 -0.15948411 -0.85742739,
  0.72442018 -0.17410448 -0.66701052,0.86355026 -0.075550858 -0.49857097,
  0.93215578 -0.2092595 -0.29545909,0.95567918 -0.29384961 -0.018157752,
  0.92546944 -0.20849861 0.31628254,0.85610146 -0.15095379 0.49427041,
  0.73674625 -0.16691007 0.65524499,0.47745648 -0.14407689 0.86676246,
  0.21607912 -0.082130844 0.97291538,-0.016974704 -0.12687955 0.99177288,
  0.38203965 0.057980536 -0.9223253,0.34237251 0.19302404 -0.91952313,
  0.25369801 0.30234551 -0.91881691,0.13498989 0.37088168 -0.91881691,
  0.650471 0.23498284 -0.72226764,0 0.39468404 -0.91881691,
  0.50273505 0.39223753 -0.77032927,-0.13498989 0.37088168 -0.91881691,
  0.33063546 0.57267741 -0.75014717,-0.25369801 0.30234551 -0.91881691,
  0.84361002 0.22604462 -0.48705847,0.11482849 0.65122472 -0.75014717,
  -0.3418064 0.19734202 -0.91881691,0.78475862 0.38310261 -0.48722305,
  -0.11482849 0.65122472 -0.75014717,-0.3886879 0.068536164 -0.91881691,
  0.56039027 0.66784712 -0.48983974,-0.33063546 0.57267741 -0.75014717,
  -0.3886879 -0.068536164 -0.91881691,0.29817743 0.81923577 -0.48983974,
  -0.50656291 0.42505675 -0.75014717,0.92654436 0.33311432 -0.17478671,
  -0.3418064 -0.19734202 -0.91881691,0 0.8718125 -0.48983974,
  -0.6213914 0.22616797 -0.75014717,0.80733556 0.57639711 -0.12639488,
  -0.25369801 -0.30234551 -0.91881691,-0.29817743 0.81923577 -0.48983974,
  -0.66127091 0 -0.75014717,0.49270877 0.85339662 -0.17015367,
  -0.13498989 -0.37088168 -0.91881691,-0.56039027 0.66784712 -0.48983974,
  0.961794 0.24273242 0.12662258,-0.6213914 -0.22616797 -0.75014717,
  0.17111596 0.97044683 -0.17015367,0 -0.39468404 -0.91881691,
  -0.75501177 0.43590625 -0.48983974,0.88926308 0.43660233 0.13634365,
  -0.50656291 -0.42505675 -0.75014717,-0.17111596 0.97044683 -0.17015367,
  0.13498989 -0.37088168 -0.91881691,-0.85856771 0.15138865 -0.48983974,
  0.63341418 0.75487363 0.17015367,-0.33063546 -0.57267741 -0.75014717,
  -0.49270877 0.85339662 -0.17015367,0.25369801 -0.30234551 -0.91881691,
  -0.85856771 -0.15138865 -0.48983974,0.33703265 0.92598959 0.17015367,
  -0.11482849 -0.65122472 -0.75014717,-0.75487363 0.63341418 -0.17015367,
  0.82827688 0.28557211 0.48208503,0.34237251 -0.19302404 -0.91952313,
  -0.75501177 -0.43590625 -0.48983974,0 0.98541754 0.17015367,
  0.11482849 -0.65122472 -0.75014717,-0.92598959 0.33703265 -0.17015367,
  0.66784712 0.56039027 0.48983974,0.38203965 -0.057980536 -0.9223253,
  -0.56039027 -0.66784712 -0.48983974,-0.33703265 0.92598959 0.17015367,
  0.33063546 -0.57267741 -0.75014717,-0.98541754 0 -0.17015367,
  0.43590625 0.75501177 0.48983974,-0.29817743 -0.81923577 -0.48983974,
  -0.63341418 0.75487363 0.17015367,0.6029265 0.13812297 0.78574912,
  0.50273505 -0.39223753 -0.77032927,-0.92598959 -0.33703265 -0.17015367,
  0.15138865 0.85856771 0.48983974,0 -0.8718125 -0.48983974,
  -0.85339662 0.49270877 0.17015367,0.58823837 0.30554571 0.74874391,
  0.650471 -0.23498284 -0.72226764,-0.75487363 -0.63341418 -0.17015367,
  -0.15138865 0.85856771 0.48983974,0.29817743 -0.81923577 -0.48983974,
  -0.97044683 0.17111596 0.17015367,0.42505675 0.50656291 0.75014717,
  -0.49270877 -0.85339662 -0.17015367,-0.43590625 0.75501177 0.48983974,
  0.56039027 -0.66784712 -0.48983974,-0.97044683 -0.17111596 0.17015367,
  0.22616797 0.6213914 0.75014717,-0.17111596 -0.97044683 -0.17015367,
  -0.66784712 0.56039027 0.48983974,0.380603 0.10413129 0.91885692,
  0.78475862 -0.38310261 -0.48722305,-0.85339662 -0.49270877 0.17015367,
  0 0.66127091 0.75014717,0.17111596 -0.97044683 -0.17015367,
  -0.81923577 0.29817743 0.48983974,0.32614066 0.23051014 0.91678642,
  0.84361002 -0.22604462 -0.48705847,-0.63341418 -0.75487363 0.17015367,
  -0.22616797 0.6213914 0.75014717,0.49270877 -0.85339662 -0.17015367,
  -0.8718125 0 0.48983974,0.19734202 0.3418064 0.91881691,
  -0.33703265 -0.92598959 0.17015367,-0.42505675 0.50656291 0.75014717,
  0.80733556 -0.57639711 -0.12639488,-0.81923577 -0.29817743 0.48983974,
  0.068536164 0.3886879 0.91881691,0 -0.98541754 0.17015367,
  -0.57267741 0.33063546 0.75014717,0.92654436 -0.33311432 -0.17478671,
  -0.66784712 -0.56039027 0.48983974,-0.068536164 0.3886879 0.91881691,
  0.33703265 -0.92598959 0.17015367,-0.65122472 0.11482849 0.75014717,
  -0.43590625 -0.75501177 0.48983974,-0.19734202 0.3418064 0.91881691,
  0.63341418 -0.75487363 0.17015367,-0.65122472 -0.11482849 0.75014717,
  -0.15138865 -0.85856771 0.48983974,-0.30234551 0.25369801 0.91881691,
  0.88926308 -0.43660233 0.13634365,-0.57267741 -0.33063546 0.75014717,
  0.15138865 -0.85856771 0.48983974,-0.37088168 0.13498989 0.91881691,
  0.961794 -0.24273242 0.12662258,-0.42505675 -0.50656291 0.75014717,
  0.43590625 -0.75501177 0.48983974,-0.39468404 0 0.91881691,
  -0.22616797 -0.6213914 0.75014717,0.66784712 -0.56039027 0.48983974,
  -0.37088168 -0.13498989 0.91881691,0 -0.66127091 0.75014717,
  0.82827688 -0.28557211 0.48208503,-0.30234551 -0.25369801 0.91881691,
  0.22616797 -0.6213914 0.75014717,-0.19734202 -0.3418064 0.91881691,
  0.42505675 -0.50656291 0.75014717,-0.068536164 -0.3886879 0.91881691,
  0.58823837 -0.30554571 0.74874391,0.068536164 -0.3886879 0.91881691,
  0.6029265 -0.13812297 0.78574912,0.19734202 -0.3418064 0.91881691,
  0.32614066 -0.23051014 0.91678642,0.380603 -0.10413129 0.91885692] }
}
}
] }
DEF TXFM_39 Transform {
  center 0 0 0
  rotation 0 0 1 0
  scale 1 1 1
  scaleOrientation 0 0 1 0
  translation 0 0 0
 children [
DEF SHAPE_36 Shape {
 appearance USE APP_1
 geometry DEF FACE_36 IndexedFaceSet {
  coord DEF COORD_36 Coordinate { point [
  0.98425197 -0.98425197 0,0.99749861 -0.98425197 0.0017439538,
  1.0098425 -0.98425197 0.0068569675,1.0204425 -0.98425197 0.014990598,
  1.0285761 -0.98425197 0.025590551,1.0336891 -0.98425197 0.037934458,
  1.0354331 -0.98425197 0.051181102,1.0336891 -0.98425197 0.064427746,
  1.0285761 -0.98425197 0.076771654,1.0204425 -0.98425197 0.087371607,
  1.0098425 -0.98425197 0.095505237,0.99749861 -0.98425197 0.10061825,
  0.98425197 -0.98425197 0.1023622,0.98425197 -0.98425197 0,
  0.99749861 -0.98425197 0.0017439538,1.0098425 -0.98425197 0.0068569675,
  1.0204425 -0.98425197 0.014990598,1.0285761 -0.98425197 0.025590551,
  1.0336891 -0.98425197 0.037934458,1.0354331 -0.98425197 0.051181102,
  1.0336891 -0.98425197 0.064427746,1.0285761 -0.98425197 0.076771654,
  1.0204425 -0.98425197 0.087371607,1.0098425 -0.98425197 0.095505237,
  0.99749861 -0.98425197 0.10061825,0.98425197 -0.98425197 0.1023622,
  1.001491 -0.98121226 0.0030865981,0.99941172 -0.97549948 0.0030865981,
  0.99550395 -0.97084239 0.0030865981,0.99023902 -0.96780268 0.0030865981,
  1.0151665 -0.97299999 0.011974103,0.98425197 -0.966747 0.0030865981,
  1.0094537 -0.96310517 0.011974103,0.97826492 -0.96780268 0.0030865981,
  1.0007013 -0.95576096 0.011974103,0.97299999 -0.97084239 0.0030865981,
  1.0279027 -0.97655516 0.025590551,0.98996475 -0.95185319 0.011974103,
  0.96909222 -0.97549948 0.0030865981,1.0226378 -0.9620899 0.025590551,
  0.97853919 -0.95185319 0.011974103,0.96701294 -0.98121226 0.0030865981,
  1.012743 -0.95029771 0.025590551,0.96780268 -0.95576096 0.011974103,
  0.96701294 -0.98729167 0.0030865981,0.99941172 -0.94260091 0.025590551,
  0.9590502 -0.96310517 0.011974103,1.0316158 -0.96701294 0.042293597,
  0.96909222 -0.99300445 0.0030865981,0.98425197 -0.93992783 0.025590551,
  0.95333742 -0.97299999 0.011974103,1.0228633 -0.95185319 0.042293597,
  0.97299999 -0.99766155 0.0030865981,0.96909222 -0.94260091 0.025590551,
  0.95135339 -0.98425197 0.011974103,1.0094537 -0.94060122 0.042293597,
  0.97826492 -1.0007013 0.0030865981,0.95576096 -0.95029771 0.025590551,
  1.0338898 -0.97549948 0.060068608,0.95333742 -0.99550395 0.011974103,
  0.99300445 -0.93461417 0.042293597,0.98425197 -1.0017569 0.0030865981,
  0.94586614 -0.9620899 0.025590551,1.0279027 -0.9590502 0.060068608,
  0.9590502 -1.0053988 0.011974103,0.97549948 -0.93461417 0.042293597,
  0.99023902 -1.0007013 0.0030865981,0.94060122 -0.97655516 0.025590551,
  1.0166507 -0.94564061 0.060068608,0.96780268 -1.012743 0.011974103,
  0.9590502 -0.94060122 0.042293597,0.99550395 -0.99766155 0.0030865981,
  0.94060122 -0.99194877 0.025590551,1.001491 -0.93688813 0.060068608,
  0.97853919 -1.0166507 0.011974103,0.94564061 -0.95185319 0.042293597,
  1.025903 -0.96909222 0.076771654,0.99941172 -0.99300445 0.0030865981,
  0.94586614 -1.006414 0.025590551,0.98425197 -0.93384842 0.060068608,
  0.98996475 -1.0166507 0.011974103,0.93688813 -0.96701294 0.042293597,
  1.0182062 -0.95576096 0.076771654,1.001491 -0.98729167 0.0030865981,
  0.95576096 -1.0182062 0.025590551,0.96701294 -0.93688813 0.060068608,
  1.0007013 -1.012743 0.011974103,0.93384842 -0.98425197 0.042293597,
  1.006414 -0.94586614 0.076771654,0.96909222 -1.025903 0.025590551,
  0.95185319 -0.94564061 0.060068608,1.0166507 -0.97853919 0.090388101,
  1.0094537 -1.0053988 0.011974103,0.93688813 -1.001491 0.042293597,
  0.99194877 -0.94060122 0.076771654,0.98425197 -1.0285761 0.025590551,
  0.94060122 -0.9590502 0.060068608,1.012743 -0.96780268 0.090388101,
  1.0151665 -0.99550395 0.011974103,0.94564061 -1.0166507 0.042293597,
  0.97655516 -0.94060122 0.076771654,0.99941172 -1.025903 0.025590551,
  0.93461417 -0.97549948 0.060068608,1.0053988 -0.9590502 0.090388101,
  0.9590502 -1.0279027 0.042293597,0.9620899 -0.94586614 0.076771654,
  1.012743 -1.0182062 0.025590551,0.93461417 -0.99300445 0.060068608,
  0.99550395 -0.95333742 0.090388101,0.97549948 -1.0338898 0.042293597,
  0.95029771 -0.95576096 0.076771654,1.0007013 -0.97826492 0.099275607,
  1.0226378 -1.006414 0.025590551,0.94060122 -1.0094537 0.060068608,
  0.98425197 -0.95135339 0.090388101,0.99300445 -1.0338898 0.042293597,
  0.94260091 -0.96909222 0.076771654,0.99766155 -0.97299999 0.099275607,
  1.0279027 -0.99194877 0.025590551,0.95185319 -1.0228633 0.060068608,
  0.97299999 -0.95333742 0.090388101,1.0094537 -1.0279027 0.042293597,
  0.93992783 -0.98425197 0.076771654,0.99300445 -0.96909222 0.099275607,
  0.96701294 -1.0316158 0.060068608,0.96310517 -0.9590502 0.090388101,
  1.0228633 -1.0166507 0.042293597,0.94260091 -0.99941172 0.076771654,
  0.98729167 -0.96701294 0.099275607,0.98425197 -1.0346555 0.060068608,
  0.95576096 -0.96780268 0.090388101,1.0316158 -1.001491 0.042293597,
  0.95029771 -1.012743 0.076771654,0.98121226 -0.96701294 0.099275607,
  1.001491 -1.0316158 0.060068608,0.95185319 -0.97853919 0.090388101,
  0.9620899 -1.0226378 0.076771654,0.97549948 -0.96909222 0.099275607,
  1.0166507 -1.0228633 0.060068608,0.95185319 -0.98996475 0.090388101,
  0.97655516 -1.0279027 0.076771654,0.97084239 -0.97299999 0.099275607,
  1.0279027 -1.0094537 0.060068608,0.95576096 -1.0007013 0.090388101,
  0.99194877 -1.0279027 0.076771654,0.96780268 -0.97826492 0.099275607,
  1.0338898 -0.99300445 0.060068608,0.96310517 -1.0094537 0.090388101,
  1.006414 -1.0226378 0.076771654,0.966747 -0.98425197 0.099275607,
  0.97299999 -1.0151665 0.090388101,1.0182062 -1.012743 0.076771654,
  0.96780268 -0.99023902 0.099275607,0.98425197 -1.0171505 0.090388101,
  1.025903 -0.99941172 0.076771654,0.97084239 -0.99550395 0.099275607,
  0.99550395 -1.0151665 0.090388101,0.97549948 -0.99941172 0.099275607,
  1.0053988 -1.0094537 0.090388101,0.98121226 -1.001491 0.099275607,
  1.012743 -1.0007013 0.090388101,0.98729167 -1.001491 0.099275607,
  1.0166507 -0.98996475 0.090388101,0.99300445 -0.99941172 0.099275607,
  0.99766155 -0.99550395 0.099275607,1.0007013 -0.99023902 0.099275607] }
 coordIndex [
  26,2,1,-1,27,1,0,-1,27,26,1,-1,27,2,26,-1,28,27,0,-1,29,28,0,-1,30,3,2,-1,31,29,0,-1,
  32,2,27,-1,32,30,2,-1,32,27,28,-1,33,31,0,-1,34,28,29,-1,34,32,28,-1,35,33,0,-1,36,4,3,-1,
  36,5,4,-1,37,34,29,-1,37,29,31,-1,38,35,0,-1,39,5,36,-1,39,3,30,-1,39,30,32,-1,39,36,3,-1,
  40,31,33,-1,40,37,31,-1,41,38,0,-1,42,32,34,-1,42,39,32,-1,43,33,35,-1,43,40,33,-1,44,0,13,-1,
  44,41,0,-1,45,34,37,-1,45,42,34,-1,46,43,35,-1,46,35,38,-1,47,6,5,-1,47,5,39,-1,48,44,13,-1,
  49,45,37,-1,49,37,40,-1,50,46,38,-1,50,38,41,-1,51,47,39,-1,51,39,42,-1,51,6,47,-1,52,48,13,-1,
  53,40,43,-1,53,49,40,-1,54,50,41,-1,54,41,44,-1,55,42,45,-1,55,51,42,-1,56,52,13,-1,57,53,43,-1,
  57,43,46,-1,58,7,6,-1,59,54,44,-1,59,44,48,-1,60,45,49,-1,60,55,45,-1,61,56,13,-1,62,46,50,-1,
  62,57,46,-1,63,58,6,-1,63,7,58,-1,63,6,51,-1,64,48,52,-1,64,59,48,-1,65,49,53,-1,65,60,49,-1,
  66,61,13,-1,67,62,50,-1,67,50,54,-1,68,63,51,-1,68,51,55,-1,69,52,56,-1,69,64,52,-1,70,53,57,-1,
  70,65,53,-1,71,66,13,-1,72,54,59,-1,72,67,54,-1,73,55,60,-1,73,68,55,-1,74,56,61,-1,74,69,56,-1,
  75,57,62,-1,75,70,57,-1,76,8,7,-1,76,9,8,-1,76,7,63,-1,77,13,14,-1,77,71,13,-1,78,72,59,-1,
  78,59,64,-1,79,60,65,-1,79,73,60,-1,80,61,66,-1,80,74,61,-1,81,75,62,-1,81,62,67,-1,82,76,63,-1,
  82,63,68,-1,83,77,14,-1,83,15,77,-1,83,14,15,-1,84,78,64,-1,84,64,69,-1,85,79,65,-1,85,65,70,-1,
  86,80,66,-1,86,66,71,-1,87,81,67,-1,87,67,72,-1,88,82,68,-1,88,68,73,-1,89,84,69,-1,89,69,74,-1,
  90,85,70,-1,90,70,75,-1,91,10,9,-1,92,77,15,-1,92,71,77,-1,92,86,71,-1,93,87,72,-1,93,72,78,-1,
  94,73,79,-1,94,88,73,-1,95,74,80,-1,95,89,74,-1,96,90,75,-1,96,75,81,-1,97,76,82,-1,97,10,91,-1,
  97,9,76,-1,97,91,9,-1,98,92,15,-1,98,15,16,-1,99,78,84,-1,99,93,78,-1,100,94,79,-1,100,79,85,-1,
  101,95,80,-1,101,80,86,-1,102,81,87,-1,102,96,81,-1,103,97,82,-1,103,82,88,-1,104,99,84,-1,104,84,89,-1,
  105,85,90,-1,105,100,85,-1,106,86,92,-1,106,101,86,-1,107,102,87,-1,107,87,93,-1,108,88,94,-1,108,103,88,-1,
  109,89,95,-1,109,104,89,-1,110,90,96,-1,110,105,90,-1,111,11,10,-1,112,92,98,-1,112,98,16,-1,112,106,92,-1,
  113,93,99,-1,113,107,93,-1,114,108,94,-1,114,94,100,-1,115,95,101,-1,115,109,95,-1,116,96,102,-1,116,110,96,-1,
  117,12,11,-1,117,10,97,-1,117,97,103,-1,117,11,111,-1,117,111,10,-1,118,16,17,-1,118,17,18,-1,118,112,16,-1,
  118,18,112,-1,119,113,99,-1,119,99,104,-1,120,114,100,-1,120,100,105,-1,121,115,101,-1,121,101,106,-1,122,102,107,-1,
  122,116,102,-1,123,12,117,-1,123,117,103,-1,123,103,108,-1,124,119,104,-1,124,104,109,-1,125,105,110,-1,125,120,105,-1,
  126,106,112,-1,126,121,106,-1,127,107,113,-1,127,122,107,-1,128,123,108,-1,128,12,123,-1,128,108,114,-1,129,109,115,-1,
  129,124,109,-1,130,125,110,-1,130,110,116,-1,131,18,19,-1,131,19,126,-1,131,126,112,-1,131,112,18,-1,132,113,119,-1,
  132,127,113,-1,133,114,120,-1,133,12,128,-1,133,128,114,-1,134,115,121,-1,134,129,115,-1,135,116,122,-1,135,130,116,-1,
  136,119,124,-1,136,132,119,-1,137,12,133,-1,137,120,125,-1,137,133,120,-1,138,121,126,-1,138,134,121,-1,139,122,127,-1,
  139,135,122,-1,140,124,129,-1,140,136,124,-1,141,125,130,-1,141,12,137,-1,141,137,125,-1,142,126,19,-1,142,138,126,-1,
  143,139,127,-1,143,127,132,-1,144,129,134,-1,144,140,129,-1,145,130,135,-1,145,12,141,-1,145,141,130,-1,146,19,20,-1,
  146,20,142,-1,146,142,19,-1,147,132,136,-1,147,143,132,-1,148,144,134,-1,148,134,138,-1,149,145,135,-1,149,25,12,-1,
  149,135,139,-1,149,12,145,-1,150,136,140,-1,150,147,136,-1,151,148,138,-1,151,138,142,-1,152,25,149,-1,152,149,139,-1,
  152,139,143,-1,153,140,144,-1,153,150,140,-1,154,20,21,-1,154,21,22,-1,154,151,142,-1,154,142,20,-1,155,143,147,-1,
  155,152,143,-1,155,25,152,-1,156,153,144,-1,156,144,148,-1,157,147,150,-1,157,155,147,-1,157,25,155,-1,158,156,148,-1,
  158,148,151,-1,159,157,150,-1,159,25,157,-1,159,150,153,-1,160,154,22,-1,160,151,154,-1,160,158,151,-1,161,153,156,-1,
  161,159,153,-1,161,25,159,-1,162,23,160,-1,162,22,23,-1,162,160,22,-1,163,25,161,-1,163,156,158,-1,163,161,156,-1,
  164,160,23,-1,164,24,25,-1,164,158,160,-1,164,163,158,-1,164,25,163,-1,165,23,24,-1,165,24,164,-1,165,164,23,-1]
  normalPerVertex TRUE
  normal DEF NORM_36 Normal { vector [
  -0.021981502 0.11904181 -0.99264589,0.20566564 0.07163335 -0.97599708,
  0.48926792 0.15948411 -0.85742739,0.72442018 0.17410448 -0.66701052,
  0.86355026 0.075550858 -0.49857097,0.93215578 0.2092595 -0.29545909,
  0.95567918 0.29384961 -0.018157752,0.92546944 0.20849861 0.31628254,
  0.85610146 0.15095379 0.49427041,0.73674625 0.16691007 0.65524499,
  0.47745648 0.14407689 0.86676246,0.21607912 0.082130844 0.97291538,
  -0.016974704 0.12687955 0.99177288,-0.0027636606 -0.13351108 -0.99104347,
  0.20566564 -0.07163335 -0.97599708,0.48926792 -0.15948411 -0.85742739,
  0.72442018 -0.17410448 -0.66701052,0.86355026 -0.075550858 -0.49857097,
  0.93215578 -0.2092595 -0.29545909,0.95567918 -0.29384961 -0.018157752,
  0.92546944 -0.20849861 0.31628254,0.85610146 -0.15095379 0.49427041,
  0.73674625 -0.16691007 0.65524499,0.47745648 -0.14407689 0.86676246,
  0.21607912 -0.082130844 0.97291538,-0.016974704 -0.12687955 0.99177288,
  0.38203965 0.057980536 -0.9223253,0.34237251 0.19302404 -0.91952313,
  0.25369801 0.30234551 -0.91881691,0.13498989 0.37088168 -0.91881691,
  0.650471 0.23498284 -0.72226764,0 0.39468404 -0.91881691,
  0.50273505 0.39223753 -0.77032927,-0.13498989 0.37088168 -0.91881691,
  0.33063546 0.57267741 -0.75014717,-0.25369801 0.30234551 -0.91881691,
  0.84361002 0.22604462 -0.48705847,0.11482849 0.65122472 -0.75014717,
  -0.3418064 0.19734202 -0.91881691,0.78475862 0.38310261 -0.48722305,
  -0.11482849 0.65122472 -0.75014717,-0.3886879 0.068536164 -0.91881691,
  0.56039027 0.66784712 -0.48983974,-0.33063546 0.57267741 -0.75014717,
  -0.3886879 -0.068536164 -0.91881691,0.29817743 0.81923577 -0.48983974,
  -0.50656291 0.42505675 -0.75014717,0.92654436 0.33311432 -0.17478671,
  -0.3418064 -0.19734202 -0.91881691,0 0.8718125 -0.48983974,
  -0.6213914 0.22616797 -0.75014717,0.80733556 0.57639711 -0.12639488,
  -0.25369801 -0.30234551 -0.91881691,-0.29817743 0.81923577 -0.48983974,
  -0.66127091 0 -0.75014717,0.49270877 0.85339662 -0.17015367,
  -0.13498989 -0.37088168 -0.91881691,-0.56039027 0.66784712 -0.48983974,
  0.961794 0.24273242 0.12662258,-0.6213914 -0.22616797 -0.75014717,
  0.17111596 0.97044683 -0.17015367,0 -0.39468404 -0.91881691,
  -0.75501177 0.43590625 -0.48983974,0.88926308 0.43660233 0.13634365,
  -0.50656291 -0.42505675 -0.75014717,-0.17111596 0.97044683 -0.17015367,
  0.13498989 -0.37088168 -0.91881691,-0.85856771 0.15138865 -0.48983974,
  0.63341418 0.75487363 0.17015367,-0.33063546 -0.57267741 -0.75014717,
  -0.49270877 0.85339662 -0.17015367,0.25369801 -0.30234551 -0.91881691,
  -0.85856771 -0.15138865 -0.48983974,0.33703265 0.92598959 0.17015367,
  -0.11482849 -0.65122472 -0.75014717,-0.75487363 0.63341418 -0.17015367,
  0.82827688 0.28557211 0.48208503,0.34237251 -0.19302404 -0.91952313,
  -0.75501177 -0.43590625 -0.48983974,0 0.98541754 0.17015367,
  0.11482849 -0.65122472 -0.75014717,-0.92598959 0.33703265 -0.17015367,
  0.66784712 0.56039027 0.48983974,0.38203965 -0.057980536 -0.9223253,
  -0.56039027 -0.66784712 -0.48983974,-0.33703265 0.92598959 0.17015367,
  0.33063546 -0.57267741 -0.75014717,-0.98541754 0 -0.17015367,
  0.43590625 0.75501177 0.48983974,-0.29817743 -0.81923577 -0.48983974,
  -0.63341418 0.75487363 0.17015367,0.6029265 0.13812297 0.78574912,
  0.50273505 -0.39223753 -0.77032927,-0.92598959 -0.33703265 -0.17015367,
  0.15138865 0.85856771 0.48983974,0 -0.8718125 -0.48983974,
  -0.85339662 0.49270877 0.17015367,0.58823837 0.30554571 0.74874391,
  0.650471 -0.23498284 -0.72226764,-0.75487363 -0.63341418 -0.17015367,
  -0.15138865 0.85856771 0.48983974,0.29817743 -0.81923577 -0.48983974,
  -0.97044683 0.17111596 0.17015367,0.42505675 0.50656291 0.75014717,
  -0.49270877 -0.85339662 -0.17015367,-0.43590625 0.75501177 0.48983974,
  0.56039027 -0.66784712 -0.48983974,-0.97044683 -0.17111596 0.17015367,
  0.22616797 0.6213914 0.75014717,-0.17111596 -0.97044683 -0.17015367,
  -0.66784712 0.56039027 0.48983974,0.380603 0.10413129 0.91885692,
  0.78475862 -0.38310261 -0.48722305,-0.85339662 -0.49270877 0.17015367,
  0 0.66127091 0.75014717,0.17111596 -0.97044683 -0.17015367,
  -0.81923577 0.29817743 0.48983974,0.32614066 0.23051014 0.91678642,
  0.84361002 -0.22604462 -0.48705847,-0.63341418 -0.75487363 0.17015367,
  -0.22616797 0.6213914 0.75014717,0.49270877 -0.85339662 -0.17015367,
  -0.8718125 0 0.48983974,0.19734202 0.3418064 0.91881691,
  -0.33703265 -0.92598959 0.17015367,-0.42505675 0.50656291 0.75014717,
  0.80733556 -0.57639711 -0.12639488,-0.81923577 -0.29817743 0.48983974,
  0.068536164 0.3886879 0.91881691,0 -0.98541754 0.17015367,
  -0.57267741 0.33063546 0.75014717,0.92654436 -0.33311432 -0.17478671,
  -0.66784712 -0.56039027 0.48983974,-0.068536164 0.3886879 0.91881691,
  0.33703265 -0.92598959 0.17015367,-0.65122472 0.11482849 0.75014717,
  -0.43590625 -0.75501177 0.48983974,-0.19734202 0.3418064 0.91881691,
  0.63341418 -0.75487363 0.17015367,-0.65122472 -0.11482849 0.75014717,
  -0.15138865 -0.85856771 0.48983974,-0.30234551 0.25369801 0.91881691,
  0.88926308 -0.43660233 0.13634365,-0.57267741 -0.33063546 0.75014717,
  0.15138865 -0.85856771 0.48983974,-0.37088168 0.13498989 0.91881691,
  0.961794 -0.24273242 0.12662258,-0.42505675 -0.50656291 0.75014717,
  0.43590625 -0.75501177 0.48983974,-0.39468404 0 0.91881691,
  -0.22616797 -0.6213914 0.75014717,0.66784712 -0.56039027 0.48983974,
  -0.37088168 -0.13498989 0.91881691,0 -0.66127091 0.75014717,
  0.82827688 -0.28557211 0.48208503,-0.30234551 -0.25369801 0.91881691,
  0.22616797 -0.6213914 0.75014717,-0.19734202 -0.3418064 0.91881691,
  0.42505675 -0.50656291 0.75014717,-0.068536164 -0.3886879 0.91881691,
  0.58823837 -0.30554571 0.74874391,0.068536164 -0.3886879 0.91881691,
  0.6029265 -0.13812297 0.78574912,0.19734202 -0.3418064 0.91881691,
  0.32614066 -0.23051014 0.91678642,0.380603 -0.10413129 0.91885692] }
}
}
] }
] }
DEF TXFM_40 Transform {
  center 0 0 0
  rotation 0 0 1 0
  scale 1 1 1
  scaleOrientation 0 0 1 0
  translation 0 0 0
 children [
DEF TXFM_41 Transform {
  center 0 0 0
  rotation 0 0 1 0
  scale 1 1 1
  scaleOrientation 0 0 1 0
  translation 0 0 0
 children [
DEF SHAPE_37 Shape {
 appearance DEF APP_2 Appearance {
  material Material {
   ambientIntensity 0.33333331
   diffuseColor 0.30000001 0.30000001 0.30000001
   emissiveColor 0 0 0
   shininess 0.1
   specularColor 0.12 0.12 0.12
   transparency 0
} }
 geometry DEF FACE_37 IndexedFaceSet {
  coord DEF COORD_37 Coordinate { point [
  -1.2066929 -1.2066929 0.1023622,-1.2066929 -1.2066929 0.26377953,
  -1.2066929 1.2066929 0.1023622,-1.2066929 1.2066929 0.26377953] }
 coordIndex [
  1,2,0,-1,1,3,2,-1]
  normalPerVertex TRUE
  normal DEF NORM_37 Normal { vector [
  -1 0 0,-1 0 0,
  -1 0 0,-1 0 0] }
}
}
DEF SHAPE_38 Shape {
 appearance USE APP_2
 geometry DEF FACE_38 IndexedFaceSet {
  coord DEF COORD_38 Coordinate { point [
  -1.2066929 -1.2066929 0.1023622,1.2066929 -1.2066929 0.1023622,
  -1.2066929 -1.2066929 0.26377953,1.2066929 -1.2066929 0.26377953] }
 coordIndex [
  3,0,1,-1,3,2,0,-1]
  normalPerVertex TRUE
  normal DEF NORM_38 Normal { vector [
  0 -1 0,0 -1 0,
  0 -1 0,0 -1 0] }
}
}
DEF SHAPE_39 Shape {
 appearance USE APP_2
 geometry DEF FACE_39 IndexedFaceSet {
  coord DEF COORD_39 Coordinate { point [
  -1.2066929 -1.2066929 0.26377953,-1.2066929 1.2066929 0.26377953,
  1.2066929 -1.2066929 0.26377953,1.2066929 1.2066929 0.26377953,
  -0.75418307 0.90501969 0.26377953,-0.7593227 0.94405907 0.26377953,
  -0.77439135 0.98043799 0.26377953,-0.79836209 1.0116773 0.26377953,
  -0.82960138 1.035648 0.26377953,-0.8659803 1.0507167 0.26377953,
  -0.90501969 1.0558563 0.26377953,-0.94405907 1.0507167 0.26377953,
  -0.98043799 1.035648 0.26377953,-1.0116773 1.0116773 0.26377953,
  -1.035648 0.98043799 0.26377953,-1.0507167 0.94405907 0.26377953,
  -1.0558563 0.90501969 0.26377953,-1.0507167 0.8659803 0.26377953,
  -1.035648 0.82960138 0.26377953,-1.0116773 0.79836209 0.26377953,
  -0.98043799 0.77439135 0.26377953,-0.94405907 0.7593227 0.26377953,
  -0.90501969 0.75418307 0.26377953,-0.8659803 0.7593227 0.26377953,
  -0.82960138 0.77439135 0.26377953,-0.79836209 0.79836209 0.26377953,
  -0.77439135 0.82960138 0.26377953,-0.7593227 0.8659803 0.26377953] }
 coordIndex [
  20,19,0,-1,18,0,19,-1,17,0,18,-1,21,20,0,-1,22,21,0,-1,23,22,0,-1,24,23,0,-1,2,25,24,-1,
  2,24,0,-1,1,15,14,-1,1,16,15,-1,1,17,16,-1,1,0,17,-1,13,1,14,-1,26,25,2,-1,12,1,13,-1,
  11,1,12,-1,10,1,11,-1,9,1,10,-1,3,5,4,-1,3,6,5,-1,3,7,6,-1,3,27,26,-1,3,4,27,-1,
  3,26,2,-1,3,1,9,-1,3,9,8,-1,3,8,7,-1]
  normalPerVertex TRUE
  normal DEF NORM_39 Normal { vector [
  0 0 1,0 0 1,
  0 0 1,0 0 1,
  0 0 1,0 0 1,
  0 0 1,0 0 1,
  0 0 1,0 0 1,
  0 0 1,0 0 1,
  0 0 1,0 0 1,
  0 0 1,0 0 1,
  0 0 1,0 0 1,
  0 0 1,0 0 1,
  0 0 1,0 0 1,
  0 0 1,0 0 1,
  0 0 1,0 0 1,
  0 0 1,0 0 1] }
}
}
DEF SHAPE_40 Shape {
 appearance USE APP_2
 geometry DEF FACE_40 IndexedFaceSet {
  coord DEF COORD_40 Coordinate { point [
  -1.2066929 1.2066929 0.1023622,1.2066929 1.2066929 0.1023622,
  -1.2066929 1.2066929 0.26377953,1.2066929 1.2066929 0.26377953] }
 coordIndex [
  3,1,0,-1,3,0,2,-1]
  normalPerVertex TRUE
  normal DEF NORM_40 Normal { vector [
  0 1 0,0 1 0,
  0 1 0,0 1 0] }
}
}
DEF SHAPE_41 Shape {
 appearance USE APP_2
 geometry DEF FACE_41 IndexedFaceSet {
  coord DEF COORD_41 Coordinate { point [
  -1.2066929 -1.2066929 0.1023622,-1.2066929 1.2066929 0.1023622,
  1.2066929 -1.2066929 0.1023622,1.2066929 1.2066929 0.1023622] }
 coordIndex [
  3,0,1,-1,3,2,0,-1]
  normalPerVertex TRUE
  normal DEF NORM_41 Normal { vector [
  0 0 -1,0 0 -1,
  0 0 -1,0 0 -1] }
}
}
DEF SHAPE_42 Shape {
 appearance USE APP_2
 geometry DEF FACE_42 IndexedFaceSet {
  coord DEF COORD_42 Coordinate { point [
  1.2066929 -1.2066929 0.1023622,1.2066929 -1.2066929 0.26377953,
  1.2066929 1.2066929 0.1023622,1.2066929 1.2066929 0.26377953] }
 coordIndex [
  1,0,2,-1,1,2,3,-1]
  normalPerVertex TRUE
  normal DEF NORM_42 Normal { vector [
  1 0 0,1 0 0,
  1 0 0,1 0 0] }
}
}
DEF SHAPE_43 Shape {
 appearance USE APP_2
 geometry DEF FACE_43 IndexedFaceSet {
  coord DEF COORD_43 Coordinate { point [
  -0.75418307 0.90501969 0.23740157,-0.75418307 0.90501969 0.26377953,
  -0.75418307 0.90501969 0.26377953,-0.7593227 0.94405907 0.26377953,
  -0.77439135 0.98043799 0.26377953,-0.79836209 1.0116773 0.26377953,
  -0.82960138 1.035648 0.26377953,-0.8659803 1.0507167 0.26377953,
  -0.90501969 1.0558563 0.26377953,-0.94405907 1.0507167 0.26377953,
  -0.98043799 1.035648 0.26377953,-1.0116773 1.0116773 0.26377953,
  -1.035648 0.98043799 0.26377953,-1.0507167 0.94405907 0.26377953,
  -1.0558563 0.90501969 0.26377953,-1.0507167 0.8659803 0.26377953,
  -1.035648 0.82960138 0.26377953,-1.0116773 0.79836209 0.26377953,
  -0.98043799 0.77439135 0.26377953,-0.94405907 0.7593227 0.26377953,
  -0.90501969 0.75418307 0.26377953,-0.8659803 0.7593227 0.26377953,
  -0.82960138 0.77439135 0.26377953,-0.79836209 0.79836209 0.26377953,
  -0.77439135 0.82960138 0.26377953,-0.7593227 0.8659803 0.26377953,
  -0.75418307 0.90501969 0.23740157,-0.7593227 0.94405907 0.23740157,
  -0.77439135 0.98043799 0.23740157,-0.79836209 1.0116773 0.23740157,
  -0.82960138 1.035648 0.23740157,-0.8659803 1.0507167 0.23740157,
  -0.90501969 1.0558563 0.23740157,-0.94405907 1.0507167 0.23740157,
  -0.98043799 1.035648 0.23740157,-1.0116773 1.0116773 0.23740157,
  -1.035648 0.98043799 0.23740157,-1.0507167 0.94405907 0.23740157,
  -1.0558563 0.90501969 0.23740157,-1.0507167 0.8659803 0.23740157,
  -1.035648 0.82960138 0.23740157,-1.0116773 0.79836209 0.23740157,
  -0.98043799 0.77439135 0.23740157,-0.94405907 0.7593227 0.23740157,
  -0.90501969 0.75418307 0.23740157,-0.8659803 0.7593227 0.23740157,
  -0.82960138 0.77439135 0.23740157,-0.79836209 0.79836209 0.23740157,
  -0.77439135 0.82960138 0.23740157,-0.7593227 0.8659803 0.23740157] }
 coordIndex [
  2,27,26,-1,3,27,2,-1,4,28,27,-1,4,27,3,-1,5,29,28,-1,5,28,4,-1,6,30,29,-1,6,29,5,-1,
  7,31,30,-1,7,30,6,-1,8,32,31,-1,8,31,7,-1,9,33,32,-1,9,32,8,-1,10,34,33,-1,10,33,9,-1,
  11,35,34,-1,11,34,10,-1,12,36,35,-1,12,35,11,-1,13,37,36,-1,13,36,12,-1,14,37,13,-1,14,38,37,-1,
  15,38,14,-1,15,39,38,-1,16,39,15,-1,16,40,39,-1,17,40,16,-1,17,41,40,-1,18,41,17,-1,18,42,41,-1,
  19,42,18,-1,19,43,42,-1,20,43,19,-1,20,44,43,-1,21,44,20,-1,21,45,44,-1,22,45,21,-1,22,46,45,-1,
  23,46,22,-1,23,47,46,-1,24,47,23,-1,24,48,47,-1,25,48,24,-1,25,49,48,-1,25,0,49,-1,1,0,25,-1]
  normalPerVertex TRUE
  normal DEF NORM_43 Normal { vector [
  -0.99144486 0.13052619 0,-0.99144486 0.13052619 0,
  -0.99144486 -0.13052619 0,-0.96592583 -0.25881905 0,
  -0.88711369 -0.46155098 0,-0.73742784 -0.67542593 0,
  -0.5374875 -0.84327172 0,-0.30091828 -0.95364993 0,
  -0.04384197 -0.99903848 0,0.21622209 -0.9763442 0,
  0.46155098 -0.88711369 0,0.67542593 -0.73742784 0,
  0.84327172 -0.5374875 0,0.95364993 -0.30091828 0,
  0.99903848 -0.04384197 0,0.9763442 0.21622209 0,
  0.88711369 0.46155098 0,0.73742784 0.67542593 0,
  0.5374875 0.84327172 0,0.30091828 0.95364993 0,
  0.04384197 0.99903848 0,-0.21622209 0.9763442 0,
  -0.46155098 0.88711369 0,-0.67542593 0.73742784 0,
  -0.84327172 0.5374875 0,-0.96592583 0.25881905 0,
  -0.99144486 -0.13052619 0,-0.96592583 -0.25881905 0,
  -0.84327172 -0.5374875 0,-0.67542593 -0.73742784 0,
  -0.46155098 -0.88711369 0,-0.21622209 -0.9763442 0,
  0.04384197 -0.99903848 0,0.30091828 -0.95364993 0,
  0.5374875 -0.84327172 0,0.73742784 -0.67542593 0,
  0.88711369 -0.46155098 0,0.9763442 -0.21622209 0,
  0.99903848 0.04384197 0,0.95364993 0.30091828 0,
  0.84327172 0.5374875 0,0.67542593 0.73742784 0,
  0.46155098 0.88711369 0,0.21622209 0.9763442 0,
  -0.04384197 0.99903848 0,-0.30091828 0.95364993 0,
  -0.5374875 0.84327172 0,-0.73742784 0.67542593 0,
  -0.88711369 0.46155098 0,-0.96592583 0.25881905 0] }
}
}
DEF SHAPE_44 Shape {
 appearance USE APP_2
 geometry DEF FACE_44 IndexedFaceSet {
  coord DEF COORD_44 Coordinate { point [
  -0.75418307 0.90501969 0.23740157,-0.7593227 0.94405907 0.23740157,
  -0.77439135 0.98043799 0.23740157,-0.79836209 1.0116773 0.23740157,
  -0.82960138 1.035648 0.23740157,-0.8659803 1.0507167 0.23740157,
  -0.90501969 1.0558563 0.23740157,-0.94405907 1.0507167 0.23740157,
  -0.98043799 1.035648 0.23740157,-1.0116773 1.0116773 0.23740157,
  -1.035648 0.98043799 0.23740157,-1.0507167 0.94405907 0.23740157,
  -1.0558563 0.90501969 0.23740157,-1.0507167 0.8659803 0.23740157,
  -1.035648 0.82960138 0.23740157,-1.0116773 0.79836209 0.23740157,
  -0.98043799 0.77439135 0.23740157,-0.94405907 0.7593227 0.23740157,
  -0.90501969 0.75418307 0.23740157,-0.8659803 0.7593227 0.23740157,
  -0.82960138 0.77439135 0.23740157,-0.79836209 0.79836209 0.23740157,
  -0.77439135 0.82960138 0.23740157,-0.7593227 0.8659803 0.23740157] }
 coordIndex [
  7,8,9,-1,1,21,22,-1,1,22,23,-1,1,23,0,-1,5,6,7,-1,3,1,2,-1,3,4,5,-1,3,9,10,-1,
  3,10,11,-1,3,11,12,-1,3,12,13,-1,3,13,14,-1,3,14,15,-1,3,15,16,-1,3,16,17,-1,3,17,18,-1,
  3,18,19,-1,3,19,20,-1,3,20,21,-1,3,21,1,-1,3,7,9,-1,3,5,7,-1]
  normalPerVertex TRUE
  normal DEF NORM_44 Normal { vector [
  0 0 1,0 0 1,
  0 0 1,0 0 1,
  0 0 1,0 0 1,
  0 0 1,0 0 1,
  0 0 1,0 0 1,
  0 0 1,0 0 1,
  0 0 1,0 0 1,
  0 0 1,0 0 1,
  0 0 1,0 0 1,
  0 0 1,0 0 1,
  0 0 1,0 0 1,
  0 0 1,0 0 1] }
}
}
] }
] }
] }
] }
