ISO-10303-21;
HEADER;
/* Generated by software containing ST-Developer
 * from STEP Tools, Inc. (www.steptools.com) 
 */
/* OPTION: using custom renumber hook */

FILE_DESCRIPTION(
/* description */ ('STEP AP214'),
/* implementation_level */ '2;1');

FILE_NAME(
/* name */ 'BG066-06-A-0710-N-B',
/* time_stamp */ '2026-02-06T04:10:55+01:00',
/* author */ ('License CC BY-ND 4.0'),
/* organization */ ('CADENAS'),
/* preprocessor_version */ 'ST-DEVELOPER v20',
/* originating_system */ 'PARTsolutions',
/* authorisation */ '  ');

FILE_SCHEMA (('AUTOMOTIVE_DESIGN {1 0 10303 214 3 1 1}'));
ENDSEC;

DATA;
#10=PROPERTY_DEFINITION_REPRESENTATION(#14,#12);
#11=PROPERTY_DEFINITION_REPRESENTATION(#15,#13);
#12=REPRESENTATION('',(#16),#3408);
#13=REPRESENTATION('',(#17),#3408);
#14=PROPERTY_DEFINITION('pmi validation property','',#3419);
#15=PROPERTY_DEFINITION('pmi validation property','',#3419);
#16=VALUE_REPRESENTATION_ITEM('number of annotations',COUNT_MEASURE(0.));
#17=VALUE_REPRESENTATION_ITEM('number of views',COUNT_MEASURE(0.));
#18=CONTEXT_DEPENDENT_SHAPE_REPRESENTATION(#32,#3421);
#19=CONTEXT_DEPENDENT_SHAPE_REPRESENTATION(#33,#3423);
#20=CONTEXT_DEPENDENT_SHAPE_REPRESENTATION(#34,#3424);
#21=CONTEXT_DEPENDENT_SHAPE_REPRESENTATION(#35,#3425);
#22=CONTEXT_DEPENDENT_SHAPE_REPRESENTATION(#36,#3427);
#23=CONTEXT_DEPENDENT_SHAPE_REPRESENTATION(#37,#3428);
#24=CONTEXT_DEPENDENT_SHAPE_REPRESENTATION(#38,#3429);
#25=NEXT_ASSEMBLY_USAGE_OCCURRENCE('NAUO1','BG066-06-A-0710-N-B_H',
'BG066-06-A-0710-N-B_H',#3430,#3431,'');
#26=NEXT_ASSEMBLY_USAGE_OCCURRENCE('NAUO2','BG066-06-A-0710-N-B_P1',
'BG066-06-A-0710-N-B_P1',#3430,#3432,'');
#27=NEXT_ASSEMBLY_USAGE_OCCURRENCE('NAUO3','BG066-06-A-0710-N-B_P1',
'BG066-06-A-0710-N-B_P1',#3430,#3432,'');
#28=NEXT_ASSEMBLY_USAGE_OCCURRENCE('NAUO4','BG066-06-A-0710-N-B_P1',
'BG066-06-A-0710-N-B_P1',#3430,#3432,'');
#29=NEXT_ASSEMBLY_USAGE_OCCURRENCE('NAUO5','BG066-06-A-0710-N-B_P2',
'BG066-06-A-0710-N-B_P2',#3430,#3433,'');
#30=NEXT_ASSEMBLY_USAGE_OCCURRENCE('NAUO6','BG066-06-A-0710-N-B_P2',
'BG066-06-A-0710-N-B_P2',#3430,#3433,'');
#31=NEXT_ASSEMBLY_USAGE_OCCURRENCE('NAUO7','BG066-06-A-0710-N-B_P2',
'BG066-06-A-0710-N-B_P2',#3430,#3433,'');
#32=(
REPRESENTATION_RELATIONSHIP(' ',' ',#2176,#2175)
REPRESENTATION_RELATIONSHIP_WITH_TRANSFORMATION(#39)
SHAPE_REPRESENTATION_RELATIONSHIP()
);
#33=(
REPRESENTATION_RELATIONSHIP(' ',' ',#2177,#2175)
REPRESENTATION_RELATIONSHIP_WITH_TRANSFORMATION(#40)
SHAPE_REPRESENTATION_RELATIONSHIP()
);
#34=(
REPRESENTATION_RELATIONSHIP(' ',' ',#2177,#2175)
REPRESENTATION_RELATIONSHIP_WITH_TRANSFORMATION(#41)
SHAPE_REPRESENTATION_RELATIONSHIP()
);
#35=(
REPRESENTATION_RELATIONSHIP(' ',' ',#2177,#2175)
REPRESENTATION_RELATIONSHIP_WITH_TRANSFORMATION(#42)
SHAPE_REPRESENTATION_RELATIONSHIP()
);
#36=(
REPRESENTATION_RELATIONSHIP(' ',' ',#2178,#2175)
REPRESENTATION_RELATIONSHIP_WITH_TRANSFORMATION(#43)
SHAPE_REPRESENTATION_RELATIONSHIP()
);
#37=(
REPRESENTATION_RELATIONSHIP(' ',' ',#2178,#2175)
REPRESENTATION_RELATIONSHIP_WITH_TRANSFORMATION(#44)
SHAPE_REPRESENTATION_RELATIONSHIP()
);
#38=(
REPRESENTATION_RELATIONSHIP(' ',' ',#2178,#2175)
REPRESENTATION_RELATIONSHIP_WITH_TRANSFORMATION(#45)
SHAPE_REPRESENTATION_RELATIONSHIP()
);
#39=ITEM_DEFINED_TRANSFORMATION(' ',' ',#2179,#2256);
#40=ITEM_DEFINED_TRANSFORMATION(' ',' ',#2179,#2287);
#41=ITEM_DEFINED_TRANSFORMATION(' ',' ',#2179,#2288);
#42=ITEM_DEFINED_TRANSFORMATION(' ',' ',#2179,#2289);
#43=ITEM_DEFINED_TRANSFORMATION(' ',' ',#2179,#2320);
#44=ITEM_DEFINED_TRANSFORMATION(' ',' ',#2179,#2321);
#45=ITEM_DEFINED_TRANSFORMATION(' ',' ',#2179,#2322);
#46=SHAPE_REPRESENTATION_RELATIONSHIP('','',#2176,#49);
#47=SHAPE_REPRESENTATION_RELATIONSHIP('','',#2177,#50);
#48=SHAPE_REPRESENTATION_RELATIONSHIP('','',#2178,#51);
#49=ADVANCED_BREP_SHAPE_REPRESENTATION('',(#2168),#3409);
#50=ADVANCED_BREP_SHAPE_REPRESENTATION('',(#2169),#3410);
#51=ADVANCED_BREP_SHAPE_REPRESENTATION('',(#2170),#3411);
#52=CONICAL_SURFACE('',#2248,0.79,0.785398163397449);
#53=CONICAL_SURFACE('',#2253,0.79,0.78539816339745);
#54=CYLINDRICAL_SURFACE('',#2246,0.79);
#55=CYLINDRICAL_SURFACE('',#2251,0.79);
#56=CYLINDRICAL_SURFACE('',#2277,0.580000000000002);
#57=CYLINDRICAL_SURFACE('',#2279,1.2);
#58=CYLINDRICAL_SURFACE('',#2282,0.61);
#59=CYLINDRICAL_SURFACE('',#2284,1.19);
#60=CYLINDRICAL_SURFACE('',#2310,0.580000000000001);
#61=CYLINDRICAL_SURFACE('',#2312,1.2);
#62=CYLINDRICAL_SURFACE('',#2315,0.609999999999998);
#63=CYLINDRICAL_SURFACE('',#2317,1.19);
#64=CIRCLE('',#2194,0.79);
#65=CIRCLE('',#2204,0.79);
#66=CIRCLE('',#2205,0.79);
#67=CIRCLE('',#2214,0.79);
#68=CIRCLE('',#2247,0.79);
#69=CIRCLE('',#2249,0.59);
#70=CIRCLE('',#2252,0.79);
#71=CIRCLE('',#2254,0.589999999999999);
#72=CIRCLE('',#2258,0.61);
#73=CIRCLE('',#2259,1.19);
#74=CIRCLE('',#2260,0.580000000000002);
#75=CIRCLE('',#2261,1.2);
#76=CIRCLE('',#2263,1.2);
#77=CIRCLE('',#2264,0.580000000000002);
#78=CIRCLE('',#2265,1.19);
#79=CIRCLE('',#2266,0.61);
#80=CIRCLE('',#2291,0.609999999999998);
#81=CIRCLE('',#2292,1.19);
#82=CIRCLE('',#2293,0.580000000000001);
#83=CIRCLE('',#2294,1.2);
#84=CIRCLE('',#2296,1.2);
#85=CIRCLE('',#2297,0.580000000000001);
#86=CIRCLE('',#2298,1.19);
#87=CIRCLE('',#2299,0.609999999999998);
#88=ELLIPSE('',#2181,1.11722871427475,0.79);
#89=ELLIPSE('',#2183,1.11722871427475,0.79);
#90=ELLIPSE('',#2185,1.11722871427475,0.79);
#91=ELLIPSE('',#2187,1.11722871427475,0.79);
#92=ELLIPSE('',#2196,1.11722871427475,0.79);
#93=ELLIPSE('',#2202,1.11722871427475,0.79);
#94=ELLIPSE('',#2207,1.11722871427475,0.79);
#95=ELLIPSE('',#2212,1.11722871427475,0.79);
#96=ORIENTED_EDGE('',*,*,#636,.F.);
#97=ORIENTED_EDGE('',*,*,#637,.T.);
#98=ORIENTED_EDGE('',*,*,#638,.T.);
#99=ORIENTED_EDGE('',*,*,#639,.F.);
#100=ORIENTED_EDGE('',*,*,#640,.T.);
#101=ORIENTED_EDGE('',*,*,#641,.T.);
#102=ORIENTED_EDGE('',*,*,#642,.F.);
#103=ORIENTED_EDGE('',*,*,#643,.T.);
#104=ORIENTED_EDGE('',*,*,#644,.F.);
#105=ORIENTED_EDGE('',*,*,#645,.T.);
#106=ORIENTED_EDGE('',*,*,#646,.T.);
#107=ORIENTED_EDGE('',*,*,#647,.F.);
#108=ORIENTED_EDGE('',*,*,#648,.T.);
#109=ORIENTED_EDGE('',*,*,#649,.T.);
#110=ORIENTED_EDGE('',*,*,#650,.F.);
#111=ORIENTED_EDGE('',*,*,#651,.T.);
#112=ORIENTED_EDGE('',*,*,#652,.F.);
#113=ORIENTED_EDGE('',*,*,#653,.T.);
#114=ORIENTED_EDGE('',*,*,#654,.F.);
#115=ORIENTED_EDGE('',*,*,#655,.F.);
#116=ORIENTED_EDGE('',*,*,#656,.F.);
#117=ORIENTED_EDGE('',*,*,#657,.F.);
#118=ORIENTED_EDGE('',*,*,#658,.F.);
#119=ORIENTED_EDGE('',*,*,#659,.F.);
#120=ORIENTED_EDGE('',*,*,#660,.F.);
#121=ORIENTED_EDGE('',*,*,#661,.F.);
#122=ORIENTED_EDGE('',*,*,#662,.F.);
#123=ORIENTED_EDGE('',*,*,#663,.F.);
#124=ORIENTED_EDGE('',*,*,#664,.T.);
#125=ORIENTED_EDGE('',*,*,#665,.F.);
#126=ORIENTED_EDGE('',*,*,#666,.F.);
#127=ORIENTED_EDGE('',*,*,#667,.F.);
#128=ORIENTED_EDGE('',*,*,#643,.F.);
#129=ORIENTED_EDGE('',*,*,#668,.F.);
#130=ORIENTED_EDGE('',*,*,#669,.F.);
#131=ORIENTED_EDGE('',*,*,#651,.F.);
#132=ORIENTED_EDGE('',*,*,#670,.F.);
#133=ORIENTED_EDGE('',*,*,#671,.F.);
#134=ORIENTED_EDGE('',*,*,#672,.F.);
#135=ORIENTED_EDGE('',*,*,#673,.F.);
#136=ORIENTED_EDGE('',*,*,#674,.T.);
#137=ORIENTED_EDGE('',*,*,#675,.T.);
#138=ORIENTED_EDGE('',*,*,#652,.T.);
#139=ORIENTED_EDGE('',*,*,#676,.T.);
#140=ORIENTED_EDGE('',*,*,#677,.F.);
#141=ORIENTED_EDGE('',*,*,#678,.F.);
#142=ORIENTED_EDGE('',*,*,#665,.T.);
#143=ORIENTED_EDGE('',*,*,#679,.F.);
#144=ORIENTED_EDGE('',*,*,#654,.T.);
#145=ORIENTED_EDGE('',*,*,#680,.F.);
#146=ORIENTED_EDGE('',*,*,#681,.T.);
#147=ORIENTED_EDGE('',*,*,#682,.T.);
#148=ORIENTED_EDGE('',*,*,#673,.T.);
#149=ORIENTED_EDGE('',*,*,#683,.T.);
#150=ORIENTED_EDGE('',*,*,#684,.F.);
#151=ORIENTED_EDGE('',*,*,#685,.F.);
#152=ORIENTED_EDGE('',*,*,#686,.F.);
#153=ORIENTED_EDGE('',*,*,#683,.F.);
#154=ORIENTED_EDGE('',*,*,#672,.T.);
#155=ORIENTED_EDGE('',*,*,#687,.T.);
#156=ORIENTED_EDGE('',*,*,#688,.T.);
#157=ORIENTED_EDGE('',*,*,#689,.T.);
#158=ORIENTED_EDGE('',*,*,#644,.T.);
#159=ORIENTED_EDGE('',*,*,#690,.F.);
#160=ORIENTED_EDGE('',*,*,#687,.F.);
#161=ORIENTED_EDGE('',*,*,#671,.T.);
#162=ORIENTED_EDGE('',*,*,#650,.T.);
#163=ORIENTED_EDGE('',*,*,#691,.T.);
#164=ORIENTED_EDGE('',*,*,#688,.F.);
#165=ORIENTED_EDGE('',*,*,#670,.T.);
#166=ORIENTED_EDGE('',*,*,#692,.F.);
#167=ORIENTED_EDGE('',*,*,#693,.F.);
#168=ORIENTED_EDGE('',*,*,#657,.T.);
#169=ORIENTED_EDGE('',*,*,#694,.T.);
#170=ORIENTED_EDGE('',*,*,#695,.F.);
#171=ORIENTED_EDGE('',*,*,#694,.F.);
#172=ORIENTED_EDGE('',*,*,#656,.T.);
#173=ORIENTED_EDGE('',*,*,#696,.T.);
#174=ORIENTED_EDGE('',*,*,#697,.F.);
#175=ORIENTED_EDGE('',*,*,#696,.F.);
#176=ORIENTED_EDGE('',*,*,#655,.T.);
#177=ORIENTED_EDGE('',*,*,#685,.T.);
#178=ORIENTED_EDGE('',*,*,#698,.F.);
#179=ORIENTED_EDGE('',*,*,#699,.F.);
#180=ORIENTED_EDGE('',*,*,#700,.F.);
#181=ORIENTED_EDGE('',*,*,#701,.F.);
#182=ORIENTED_EDGE('',*,*,#702,.F.);
#183=ORIENTED_EDGE('',*,*,#703,.F.);
#184=ORIENTED_EDGE('',*,*,#704,.F.);
#185=ORIENTED_EDGE('',*,*,#705,.F.);
#186=ORIENTED_EDGE('',*,*,#706,.F.);
#187=ORIENTED_EDGE('',*,*,#707,.F.);
#188=ORIENTED_EDGE('',*,*,#708,.F.);
#189=ORIENTED_EDGE('',*,*,#709,.F.);
#190=ORIENTED_EDGE('',*,*,#710,.F.);
#191=ORIENTED_EDGE('',*,*,#711,.F.);
#192=ORIENTED_EDGE('',*,*,#712,.F.);
#193=ORIENTED_EDGE('',*,*,#713,.F.);
#194=ORIENTED_EDGE('',*,*,#714,.F.);
#195=ORIENTED_EDGE('',*,*,#715,.F.);
#196=ORIENTED_EDGE('',*,*,#716,.F.);
#197=ORIENTED_EDGE('',*,*,#717,.F.);
#198=ORIENTED_EDGE('',*,*,#718,.F.);
#199=ORIENTED_EDGE('',*,*,#719,.F.);
#200=ORIENTED_EDGE('',*,*,#720,.F.);
#201=ORIENTED_EDGE('',*,*,#721,.F.);
#202=ORIENTED_EDGE('',*,*,#684,.T.);
#203=ORIENTED_EDGE('',*,*,#686,.T.);
#204=ORIENTED_EDGE('',*,*,#690,.T.);
#205=ORIENTED_EDGE('',*,*,#647,.T.);
#206=ORIENTED_EDGE('',*,*,#722,.T.);
#207=ORIENTED_EDGE('',*,*,#723,.T.);
#208=ORIENTED_EDGE('',*,*,#639,.T.);
#209=ORIENTED_EDGE('',*,*,#724,.T.);
#210=ORIENTED_EDGE('',*,*,#725,.T.);
#211=ORIENTED_EDGE('',*,*,#726,.T.);
#212=ORIENTED_EDGE('',*,*,#677,.T.);
#213=ORIENTED_EDGE('',*,*,#727,.T.);
#214=ORIENTED_EDGE('',*,*,#728,.T.);
#215=ORIENTED_EDGE('',*,*,#729,.T.);
#216=ORIENTED_EDGE('',*,*,#730,.T.);
#217=ORIENTED_EDGE('',*,*,#731,.T.);
#218=ORIENTED_EDGE('',*,*,#732,.T.);
#219=ORIENTED_EDGE('',*,*,#692,.T.);
#220=ORIENTED_EDGE('',*,*,#695,.T.);
#221=ORIENTED_EDGE('',*,*,#697,.T.);
#222=ORIENTED_EDGE('',*,*,#646,.F.);
#223=ORIENTED_EDGE('',*,*,#733,.T.);
#224=ORIENTED_EDGE('',*,*,#734,.T.);
#225=ORIENTED_EDGE('',*,*,#722,.F.);
#226=ORIENTED_EDGE('',*,*,#735,.T.);
#227=ORIENTED_EDGE('',*,*,#736,.T.);
#228=ORIENTED_EDGE('',*,*,#636,.T.);
#229=ORIENTED_EDGE('',*,*,#723,.F.);
#230=ORIENTED_EDGE('',*,*,#734,.F.);
#231=ORIENTED_EDGE('',*,*,#737,.T.);
#232=ORIENTED_EDGE('',*,*,#648,.F.);
#233=ORIENTED_EDGE('',*,*,#669,.T.);
#234=ORIENTED_EDGE('',*,*,#642,.T.);
#235=ORIENTED_EDGE('',*,*,#738,.T.);
#236=ORIENTED_EDGE('',*,*,#735,.F.);
#237=ORIENTED_EDGE('',*,*,#668,.T.);
#238=ORIENTED_EDGE('',*,*,#730,.F.);
#239=ORIENTED_EDGE('',*,*,#739,.F.);
#240=ORIENTED_EDGE('',*,*,#660,.T.);
#241=ORIENTED_EDGE('',*,*,#740,.T.);
#242=ORIENTED_EDGE('',*,*,#731,.F.);
#243=ORIENTED_EDGE('',*,*,#740,.F.);
#244=ORIENTED_EDGE('',*,*,#659,.T.);
#245=ORIENTED_EDGE('',*,*,#741,.T.);
#246=ORIENTED_EDGE('',*,*,#732,.F.);
#247=ORIENTED_EDGE('',*,*,#741,.F.);
#248=ORIENTED_EDGE('',*,*,#658,.T.);
#249=ORIENTED_EDGE('',*,*,#693,.T.);
#250=ORIENTED_EDGE('',*,*,#638,.F.);
#251=ORIENTED_EDGE('',*,*,#742,.T.);
#252=ORIENTED_EDGE('',*,*,#743,.T.);
#253=ORIENTED_EDGE('',*,*,#724,.F.);
#254=ORIENTED_EDGE('',*,*,#744,.T.);
#255=ORIENTED_EDGE('',*,*,#640,.F.);
#256=ORIENTED_EDGE('',*,*,#667,.T.);
#257=ORIENTED_EDGE('',*,*,#745,.T.);
#258=ORIENTED_EDGE('',*,*,#725,.F.);
#259=ORIENTED_EDGE('',*,*,#743,.F.);
#260=ORIENTED_EDGE('',*,*,#726,.F.);
#261=ORIENTED_EDGE('',*,*,#745,.F.);
#262=ORIENTED_EDGE('',*,*,#666,.T.);
#263=ORIENTED_EDGE('',*,*,#678,.T.);
#264=ORIENTED_EDGE('',*,*,#727,.F.);
#265=ORIENTED_EDGE('',*,*,#676,.F.);
#266=ORIENTED_EDGE('',*,*,#663,.T.);
#267=ORIENTED_EDGE('',*,*,#746,.T.);
#268=ORIENTED_EDGE('',*,*,#728,.F.);
#269=ORIENTED_EDGE('',*,*,#746,.F.);
#270=ORIENTED_EDGE('',*,*,#662,.T.);
#271=ORIENTED_EDGE('',*,*,#747,.T.);
#272=ORIENTED_EDGE('',*,*,#729,.F.);
#273=ORIENTED_EDGE('',*,*,#747,.F.);
#274=ORIENTED_EDGE('',*,*,#661,.T.);
#275=ORIENTED_EDGE('',*,*,#739,.T.);
#276=ORIENTED_EDGE('',*,*,#748,.F.);
#277=ORIENTED_EDGE('',*,*,#749,.T.);
#278=ORIENTED_EDGE('',*,*,#750,.T.);
#279=ORIENTED_EDGE('',*,*,#718,.T.);
#280=ORIENTED_EDGE('',*,*,#751,.F.);
#281=ORIENTED_EDGE('',*,*,#752,.T.);
#282=ORIENTED_EDGE('',*,*,#748,.T.);
#283=ORIENTED_EDGE('',*,*,#721,.T.);
#284=ORIENTED_EDGE('',*,*,#753,.F.);
#285=ORIENTED_EDGE('',*,*,#754,.T.);
#286=ORIENTED_EDGE('',*,*,#751,.T.);
#287=ORIENTED_EDGE('',*,*,#720,.T.);
#288=ORIENTED_EDGE('',*,*,#750,.F.);
#289=ORIENTED_EDGE('',*,*,#755,.T.);
#290=ORIENTED_EDGE('',*,*,#753,.T.);
#291=ORIENTED_EDGE('',*,*,#719,.T.);
#292=ORIENTED_EDGE('',*,*,#756,.F.);
#293=ORIENTED_EDGE('',*,*,#757,.T.);
#294=ORIENTED_EDGE('',*,*,#758,.T.);
#295=ORIENTED_EDGE('',*,*,#714,.T.);
#296=ORIENTED_EDGE('',*,*,#759,.F.);
#297=ORIENTED_EDGE('',*,*,#760,.T.);
#298=ORIENTED_EDGE('',*,*,#756,.T.);
#299=ORIENTED_EDGE('',*,*,#717,.T.);
#300=ORIENTED_EDGE('',*,*,#761,.F.);
#301=ORIENTED_EDGE('',*,*,#762,.T.);
#302=ORIENTED_EDGE('',*,*,#759,.T.);
#303=ORIENTED_EDGE('',*,*,#716,.T.);
#304=ORIENTED_EDGE('',*,*,#758,.F.);
#305=ORIENTED_EDGE('',*,*,#763,.T.);
#306=ORIENTED_EDGE('',*,*,#761,.T.);
#307=ORIENTED_EDGE('',*,*,#715,.T.);
#308=ORIENTED_EDGE('',*,*,#764,.F.);
#309=ORIENTED_EDGE('',*,*,#765,.T.);
#310=ORIENTED_EDGE('',*,*,#766,.T.);
#311=ORIENTED_EDGE('',*,*,#710,.T.);
#312=ORIENTED_EDGE('',*,*,#767,.F.);
#313=ORIENTED_EDGE('',*,*,#768,.T.);
#314=ORIENTED_EDGE('',*,*,#764,.T.);
#315=ORIENTED_EDGE('',*,*,#713,.T.);
#316=ORIENTED_EDGE('',*,*,#769,.F.);
#317=ORIENTED_EDGE('',*,*,#770,.T.);
#318=ORIENTED_EDGE('',*,*,#767,.T.);
#319=ORIENTED_EDGE('',*,*,#712,.T.);
#320=ORIENTED_EDGE('',*,*,#766,.F.);
#321=ORIENTED_EDGE('',*,*,#771,.T.);
#322=ORIENTED_EDGE('',*,*,#769,.T.);
#323=ORIENTED_EDGE('',*,*,#711,.T.);
#324=ORIENTED_EDGE('',*,*,#772,.F.);
#325=ORIENTED_EDGE('',*,*,#773,.T.);
#326=ORIENTED_EDGE('',*,*,#774,.T.);
#327=ORIENTED_EDGE('',*,*,#706,.T.);
#328=ORIENTED_EDGE('',*,*,#775,.F.);
#329=ORIENTED_EDGE('',*,*,#776,.T.);
#330=ORIENTED_EDGE('',*,*,#772,.T.);
#331=ORIENTED_EDGE('',*,*,#709,.T.);
#332=ORIENTED_EDGE('',*,*,#777,.F.);
#333=ORIENTED_EDGE('',*,*,#778,.T.);
#334=ORIENTED_EDGE('',*,*,#775,.T.);
#335=ORIENTED_EDGE('',*,*,#708,.T.);
#336=ORIENTED_EDGE('',*,*,#774,.F.);
#337=ORIENTED_EDGE('',*,*,#779,.T.);
#338=ORIENTED_EDGE('',*,*,#777,.T.);
#339=ORIENTED_EDGE('',*,*,#707,.T.);
#340=ORIENTED_EDGE('',*,*,#780,.F.);
#341=ORIENTED_EDGE('',*,*,#781,.T.);
#342=ORIENTED_EDGE('',*,*,#782,.T.);
#343=ORIENTED_EDGE('',*,*,#702,.T.);
#344=ORIENTED_EDGE('',*,*,#783,.F.);
#345=ORIENTED_EDGE('',*,*,#784,.T.);
#346=ORIENTED_EDGE('',*,*,#780,.T.);
#347=ORIENTED_EDGE('',*,*,#705,.T.);
#348=ORIENTED_EDGE('',*,*,#785,.F.);
#349=ORIENTED_EDGE('',*,*,#786,.T.);
#350=ORIENTED_EDGE('',*,*,#783,.T.);
#351=ORIENTED_EDGE('',*,*,#704,.T.);
#352=ORIENTED_EDGE('',*,*,#782,.F.);
#353=ORIENTED_EDGE('',*,*,#787,.T.);
#354=ORIENTED_EDGE('',*,*,#785,.T.);
#355=ORIENTED_EDGE('',*,*,#703,.T.);
#356=ORIENTED_EDGE('',*,*,#788,.F.);
#357=ORIENTED_EDGE('',*,*,#789,.T.);
#358=ORIENTED_EDGE('',*,*,#790,.T.);
#359=ORIENTED_EDGE('',*,*,#698,.T.);
#360=ORIENTED_EDGE('',*,*,#791,.F.);
#361=ORIENTED_EDGE('',*,*,#792,.T.);
#362=ORIENTED_EDGE('',*,*,#788,.T.);
#363=ORIENTED_EDGE('',*,*,#701,.T.);
#364=ORIENTED_EDGE('',*,*,#793,.F.);
#365=ORIENTED_EDGE('',*,*,#794,.T.);
#366=ORIENTED_EDGE('',*,*,#791,.T.);
#367=ORIENTED_EDGE('',*,*,#700,.T.);
#368=ORIENTED_EDGE('',*,*,#790,.F.);
#369=ORIENTED_EDGE('',*,*,#795,.T.);
#370=ORIENTED_EDGE('',*,*,#793,.T.);
#371=ORIENTED_EDGE('',*,*,#699,.T.);
#372=ORIENTED_EDGE('',*,*,#796,.F.);
#373=ORIENTED_EDGE('',*,*,#674,.F.);
#374=ORIENTED_EDGE('',*,*,#797,.F.);
#375=ORIENTED_EDGE('',*,*,#681,.F.);
#376=ORIENTED_EDGE('',*,*,#792,.F.);
#377=ORIENTED_EDGE('',*,*,#794,.F.);
#378=ORIENTED_EDGE('',*,*,#795,.F.);
#379=ORIENTED_EDGE('',*,*,#789,.F.);
#380=ORIENTED_EDGE('',*,*,#752,.F.);
#381=ORIENTED_EDGE('',*,*,#754,.F.);
#382=ORIENTED_EDGE('',*,*,#755,.F.);
#383=ORIENTED_EDGE('',*,*,#749,.F.);
#384=ORIENTED_EDGE('',*,*,#784,.F.);
#385=ORIENTED_EDGE('',*,*,#786,.F.);
#386=ORIENTED_EDGE('',*,*,#787,.F.);
#387=ORIENTED_EDGE('',*,*,#781,.F.);
#388=ORIENTED_EDGE('',*,*,#776,.F.);
#389=ORIENTED_EDGE('',*,*,#778,.F.);
#390=ORIENTED_EDGE('',*,*,#779,.F.);
#391=ORIENTED_EDGE('',*,*,#773,.F.);
#392=ORIENTED_EDGE('',*,*,#768,.F.);
#393=ORIENTED_EDGE('',*,*,#770,.F.);
#394=ORIENTED_EDGE('',*,*,#771,.F.);
#395=ORIENTED_EDGE('',*,*,#765,.F.);
#396=ORIENTED_EDGE('',*,*,#760,.F.);
#397=ORIENTED_EDGE('',*,*,#762,.F.);
#398=ORIENTED_EDGE('',*,*,#763,.F.);
#399=ORIENTED_EDGE('',*,*,#757,.F.);
#400=ORIENTED_EDGE('',*,*,#653,.F.);
#401=ORIENTED_EDGE('',*,*,#675,.F.);
#402=ORIENTED_EDGE('',*,*,#796,.T.);
#403=ORIENTED_EDGE('',*,*,#680,.T.);
#404=ORIENTED_EDGE('',*,*,#664,.F.);
#405=ORIENTED_EDGE('',*,*,#682,.F.);
#406=ORIENTED_EDGE('',*,*,#797,.T.);
#407=ORIENTED_EDGE('',*,*,#679,.T.);
#408=ORIENTED_EDGE('',*,*,#798,.F.);
#409=ORIENTED_EDGE('',*,*,#689,.F.);
#410=ORIENTED_EDGE('',*,*,#691,.F.);
#411=ORIENTED_EDGE('',*,*,#649,.F.);
#412=ORIENTED_EDGE('',*,*,#737,.F.);
#413=ORIENTED_EDGE('',*,*,#733,.F.);
#414=ORIENTED_EDGE('',*,*,#645,.F.);
#415=ORIENTED_EDGE('',*,*,#799,.F.);
#416=ORIENTED_EDGE('',*,*,#798,.T.);
#417=ORIENTED_EDGE('',*,*,#799,.T.);
#418=ORIENTED_EDGE('',*,*,#800,.F.);
#419=ORIENTED_EDGE('',*,*,#736,.F.);
#420=ORIENTED_EDGE('',*,*,#738,.F.);
#421=ORIENTED_EDGE('',*,*,#641,.F.);
#422=ORIENTED_EDGE('',*,*,#744,.F.);
#423=ORIENTED_EDGE('',*,*,#742,.F.);
#424=ORIENTED_EDGE('',*,*,#637,.F.);
#425=ORIENTED_EDGE('',*,*,#801,.F.);
#426=ORIENTED_EDGE('',*,*,#800,.T.);
#427=ORIENTED_EDGE('',*,*,#801,.T.);
#428=ORIENTED_EDGE('',*,*,#802,.T.);
#429=ORIENTED_EDGE('',*,*,#803,.F.);
#430=ORIENTED_EDGE('',*,*,#804,.T.);
#431=ORIENTED_EDGE('',*,*,#805,.F.);
#432=ORIENTED_EDGE('',*,*,#806,.T.);
#433=ORIENTED_EDGE('',*,*,#807,.T.);
#434=ORIENTED_EDGE('',*,*,#808,.T.);
#435=ORIENTED_EDGE('',*,*,#809,.T.);
#436=ORIENTED_EDGE('',*,*,#810,.T.);
#437=ORIENTED_EDGE('',*,*,#811,.F.);
#438=ORIENTED_EDGE('',*,*,#812,.T.);
#439=ORIENTED_EDGE('',*,*,#813,.T.);
#440=ORIENTED_EDGE('',*,*,#814,.T.);
#441=ORIENTED_EDGE('',*,*,#815,.F.);
#442=ORIENTED_EDGE('',*,*,#816,.F.);
#443=ORIENTED_EDGE('',*,*,#817,.F.);
#444=ORIENTED_EDGE('',*,*,#818,.T.);
#445=ORIENTED_EDGE('',*,*,#819,.F.);
#446=ORIENTED_EDGE('',*,*,#820,.F.);
#447=ORIENTED_EDGE('',*,*,#821,.F.);
#448=ORIENTED_EDGE('',*,*,#822,.F.);
#449=ORIENTED_EDGE('',*,*,#823,.F.);
#450=ORIENTED_EDGE('',*,*,#824,.T.);
#451=ORIENTED_EDGE('',*,*,#825,.F.);
#452=ORIENTED_EDGE('',*,*,#826,.F.);
#453=ORIENTED_EDGE('',*,*,#827,.F.);
#454=ORIENTED_EDGE('',*,*,#828,.F.);
#455=ORIENTED_EDGE('',*,*,#829,.T.);
#456=ORIENTED_EDGE('',*,*,#830,.F.);
#457=ORIENTED_EDGE('',*,*,#831,.F.);
#458=ORIENTED_EDGE('',*,*,#832,.T.);
#459=ORIENTED_EDGE('',*,*,#827,.T.);
#460=ORIENTED_EDGE('',*,*,#833,.F.);
#461=ORIENTED_EDGE('',*,*,#834,.F.);
#462=ORIENTED_EDGE('',*,*,#835,.F.);
#463=ORIENTED_EDGE('',*,*,#831,.T.);
#464=ORIENTED_EDGE('',*,*,#836,.F.);
#465=ORIENTED_EDGE('',*,*,#837,.T.);
#466=ORIENTED_EDGE('',*,*,#838,.T.);
#467=ORIENTED_EDGE('',*,*,#839,.F.);
#468=ORIENTED_EDGE('',*,*,#840,.F.);
#469=ORIENTED_EDGE('',*,*,#839,.T.);
#470=ORIENTED_EDGE('',*,*,#841,.F.);
#471=ORIENTED_EDGE('',*,*,#842,.F.);
#472=ORIENTED_EDGE('',*,*,#843,.F.);
#473=ORIENTED_EDGE('',*,*,#844,.T.);
#474=ORIENTED_EDGE('',*,*,#845,.F.);
#475=ORIENTED_EDGE('',*,*,#837,.F.);
#476=ORIENTED_EDGE('',*,*,#819,.T.);
#477=ORIENTED_EDGE('',*,*,#846,.F.);
#478=ORIENTED_EDGE('',*,*,#810,.F.);
#479=ORIENTED_EDGE('',*,*,#842,.T.);
#480=ORIENTED_EDGE('',*,*,#821,.T.);
#481=ORIENTED_EDGE('',*,*,#844,.F.);
#482=ORIENTED_EDGE('',*,*,#808,.F.);
#483=ORIENTED_EDGE('',*,*,#847,.T.);
#484=ORIENTED_EDGE('',*,*,#841,.T.);
#485=ORIENTED_EDGE('',*,*,#838,.F.);
#486=ORIENTED_EDGE('',*,*,#845,.T.);
#487=ORIENTED_EDGE('',*,*,#820,.T.);
#488=ORIENTED_EDGE('',*,*,#840,.T.);
#489=ORIENTED_EDGE('',*,*,#809,.F.);
#490=ORIENTED_EDGE('',*,*,#843,.T.);
#491=ORIENTED_EDGE('',*,*,#836,.T.);
#492=ORIENTED_EDGE('',*,*,#818,.F.);
#493=ORIENTED_EDGE('',*,*,#848,.F.);
#494=ORIENTED_EDGE('',*,*,#811,.T.);
#495=ORIENTED_EDGE('',*,*,#846,.T.);
#496=ORIENTED_EDGE('',*,*,#817,.T.);
#497=ORIENTED_EDGE('',*,*,#849,.F.);
#498=ORIENTED_EDGE('',*,*,#812,.F.);
#499=ORIENTED_EDGE('',*,*,#848,.T.);
#500=ORIENTED_EDGE('',*,*,#816,.T.);
#501=ORIENTED_EDGE('',*,*,#850,.F.);
#502=ORIENTED_EDGE('',*,*,#813,.F.);
#503=ORIENTED_EDGE('',*,*,#849,.T.);
#504=ORIENTED_EDGE('',*,*,#815,.T.);
#505=ORIENTED_EDGE('',*,*,#829,.F.);
#506=ORIENTED_EDGE('',*,*,#802,.F.);
#507=ORIENTED_EDGE('',*,*,#850,.T.);
#508=ORIENTED_EDGE('',*,*,#825,.T.);
#509=ORIENTED_EDGE('',*,*,#851,.F.);
#510=ORIENTED_EDGE('',*,*,#804,.F.);
#511=ORIENTED_EDGE('',*,*,#834,.T.);
#512=ORIENTED_EDGE('',*,*,#824,.F.);
#513=ORIENTED_EDGE('',*,*,#852,.F.);
#514=ORIENTED_EDGE('',*,*,#805,.T.);
#515=ORIENTED_EDGE('',*,*,#851,.T.);
#516=ORIENTED_EDGE('',*,*,#823,.T.);
#517=ORIENTED_EDGE('',*,*,#853,.F.);
#518=ORIENTED_EDGE('',*,*,#806,.F.);
#519=ORIENTED_EDGE('',*,*,#852,.T.);
#520=ORIENTED_EDGE('',*,*,#822,.T.);
#521=ORIENTED_EDGE('',*,*,#847,.F.);
#522=ORIENTED_EDGE('',*,*,#807,.F.);
#523=ORIENTED_EDGE('',*,*,#853,.T.);
#524=ORIENTED_EDGE('',*,*,#828,.T.);
#525=ORIENTED_EDGE('',*,*,#832,.F.);
#526=ORIENTED_EDGE('',*,*,#835,.T.);
#527=ORIENTED_EDGE('',*,*,#803,.T.);
#528=ORIENTED_EDGE('',*,*,#826,.T.);
#529=ORIENTED_EDGE('',*,*,#814,.F.);
#530=ORIENTED_EDGE('',*,*,#833,.T.);
#531=ORIENTED_EDGE('',*,*,#830,.T.);
#532=ORIENTED_EDGE('',*,*,#854,.T.);
#533=ORIENTED_EDGE('',*,*,#855,.F.);
#534=ORIENTED_EDGE('',*,*,#856,.T.);
#535=ORIENTED_EDGE('',*,*,#857,.F.);
#536=ORIENTED_EDGE('',*,*,#858,.T.);
#537=ORIENTED_EDGE('',*,*,#859,.T.);
#538=ORIENTED_EDGE('',*,*,#860,.T.);
#539=ORIENTED_EDGE('',*,*,#861,.T.);
#540=ORIENTED_EDGE('',*,*,#862,.T.);
#541=ORIENTED_EDGE('',*,*,#863,.F.);
#542=ORIENTED_EDGE('',*,*,#864,.T.);
#543=ORIENTED_EDGE('',*,*,#865,.T.);
#544=ORIENTED_EDGE('',*,*,#866,.T.);
#545=ORIENTED_EDGE('',*,*,#867,.F.);
#546=ORIENTED_EDGE('',*,*,#868,.F.);
#547=ORIENTED_EDGE('',*,*,#869,.F.);
#548=ORIENTED_EDGE('',*,*,#870,.T.);
#549=ORIENTED_EDGE('',*,*,#871,.F.);
#550=ORIENTED_EDGE('',*,*,#872,.F.);
#551=ORIENTED_EDGE('',*,*,#873,.F.);
#552=ORIENTED_EDGE('',*,*,#874,.F.);
#553=ORIENTED_EDGE('',*,*,#875,.F.);
#554=ORIENTED_EDGE('',*,*,#876,.T.);
#555=ORIENTED_EDGE('',*,*,#877,.F.);
#556=ORIENTED_EDGE('',*,*,#878,.F.);
#557=ORIENTED_EDGE('',*,*,#879,.F.);
#558=ORIENTED_EDGE('',*,*,#880,.F.);
#559=ORIENTED_EDGE('',*,*,#881,.T.);
#560=ORIENTED_EDGE('',*,*,#882,.F.);
#561=ORIENTED_EDGE('',*,*,#883,.F.);
#562=ORIENTED_EDGE('',*,*,#884,.T.);
#563=ORIENTED_EDGE('',*,*,#879,.T.);
#564=ORIENTED_EDGE('',*,*,#885,.F.);
#565=ORIENTED_EDGE('',*,*,#886,.F.);
#566=ORIENTED_EDGE('',*,*,#887,.F.);
#567=ORIENTED_EDGE('',*,*,#883,.T.);
#568=ORIENTED_EDGE('',*,*,#888,.F.);
#569=ORIENTED_EDGE('',*,*,#889,.T.);
#570=ORIENTED_EDGE('',*,*,#890,.T.);
#571=ORIENTED_EDGE('',*,*,#891,.F.);
#572=ORIENTED_EDGE('',*,*,#892,.F.);
#573=ORIENTED_EDGE('',*,*,#891,.T.);
#574=ORIENTED_EDGE('',*,*,#893,.F.);
#575=ORIENTED_EDGE('',*,*,#894,.F.);
#576=ORIENTED_EDGE('',*,*,#895,.F.);
#577=ORIENTED_EDGE('',*,*,#896,.T.);
#578=ORIENTED_EDGE('',*,*,#897,.F.);
#579=ORIENTED_EDGE('',*,*,#889,.F.);
#580=ORIENTED_EDGE('',*,*,#871,.T.);
#581=ORIENTED_EDGE('',*,*,#898,.F.);
#582=ORIENTED_EDGE('',*,*,#862,.F.);
#583=ORIENTED_EDGE('',*,*,#894,.T.);
#584=ORIENTED_EDGE('',*,*,#873,.T.);
#585=ORIENTED_EDGE('',*,*,#896,.F.);
#586=ORIENTED_EDGE('',*,*,#860,.F.);
#587=ORIENTED_EDGE('',*,*,#899,.T.);
#588=ORIENTED_EDGE('',*,*,#893,.T.);
#589=ORIENTED_EDGE('',*,*,#890,.F.);
#590=ORIENTED_EDGE('',*,*,#897,.T.);
#591=ORIENTED_EDGE('',*,*,#872,.T.);
#592=ORIENTED_EDGE('',*,*,#892,.T.);
#593=ORIENTED_EDGE('',*,*,#861,.F.);
#594=ORIENTED_EDGE('',*,*,#895,.T.);
#595=ORIENTED_EDGE('',*,*,#888,.T.);
#596=ORIENTED_EDGE('',*,*,#870,.F.);
#597=ORIENTED_EDGE('',*,*,#900,.F.);
#598=ORIENTED_EDGE('',*,*,#863,.T.);
#599=ORIENTED_EDGE('',*,*,#898,.T.);
#600=ORIENTED_EDGE('',*,*,#869,.T.);
#601=ORIENTED_EDGE('',*,*,#901,.F.);
#602=ORIENTED_EDGE('',*,*,#864,.F.);
#603=ORIENTED_EDGE('',*,*,#900,.T.);
#604=ORIENTED_EDGE('',*,*,#868,.T.);
#605=ORIENTED_EDGE('',*,*,#902,.F.);
#606=ORIENTED_EDGE('',*,*,#865,.F.);
#607=ORIENTED_EDGE('',*,*,#901,.T.);
#608=ORIENTED_EDGE('',*,*,#867,.T.);
#609=ORIENTED_EDGE('',*,*,#881,.F.);
#610=ORIENTED_EDGE('',*,*,#854,.F.);
#611=ORIENTED_EDGE('',*,*,#902,.T.);
#612=ORIENTED_EDGE('',*,*,#877,.T.);
#613=ORIENTED_EDGE('',*,*,#903,.F.);
#614=ORIENTED_EDGE('',*,*,#856,.F.);
#615=ORIENTED_EDGE('',*,*,#886,.T.);
#616=ORIENTED_EDGE('',*,*,#876,.F.);
#617=ORIENTED_EDGE('',*,*,#904,.F.);
#618=ORIENTED_EDGE('',*,*,#857,.T.);
#619=ORIENTED_EDGE('',*,*,#903,.T.);
#620=ORIENTED_EDGE('',*,*,#875,.T.);
#621=ORIENTED_EDGE('',*,*,#905,.F.);
#622=ORIENTED_EDGE('',*,*,#858,.F.);
#623=ORIENTED_EDGE('',*,*,#904,.T.);
#624=ORIENTED_EDGE('',*,*,#874,.T.);
#625=ORIENTED_EDGE('',*,*,#899,.F.);
#626=ORIENTED_EDGE('',*,*,#859,.F.);
#627=ORIENTED_EDGE('',*,*,#905,.T.);
#628=ORIENTED_EDGE('',*,*,#880,.T.);
#629=ORIENTED_EDGE('',*,*,#884,.F.);
#630=ORIENTED_EDGE('',*,*,#887,.T.);
#631=ORIENTED_EDGE('',*,*,#855,.T.);
#632=ORIENTED_EDGE('',*,*,#878,.T.);
#633=ORIENTED_EDGE('',*,*,#866,.F.);
#634=ORIENTED_EDGE('',*,*,#885,.T.);
#635=ORIENTED_EDGE('',*,*,#882,.T.);
#636=EDGE_CURVE('',#906,#907,#1082,.T.);
#637=EDGE_CURVE('',#906,#908,#88,.F.);
#638=EDGE_CURVE('',#908,#909,#1083,.T.);
#639=EDGE_CURVE('',#907,#909,#1084,.T.);
#640=EDGE_CURVE('',#910,#911,#1085,.T.);
#641=EDGE_CURVE('',#911,#912,#89,.F.);
#642=EDGE_CURVE('',#913,#912,#1086,.T.);
#643=EDGE_CURVE('',#913,#910,#1087,.T.);
#644=EDGE_CURVE('',#914,#915,#1088,.T.);
#645=EDGE_CURVE('',#914,#916,#90,.F.);
#646=EDGE_CURVE('',#916,#917,#1089,.T.);
#647=EDGE_CURVE('',#915,#917,#1090,.T.);
#648=EDGE_CURVE('',#918,#919,#1091,.T.);
#649=EDGE_CURVE('',#919,#920,#91,.F.);
#650=EDGE_CURVE('',#921,#920,#1092,.T.);
#651=EDGE_CURVE('',#921,#918,#1093,.T.);
#652=EDGE_CURVE('',#922,#923,#1094,.T.);
#653=EDGE_CURVE('',#922,#924,#1095,.T.);
#654=EDGE_CURVE('',#925,#924,#1096,.T.);
#655=EDGE_CURVE('',#926,#925,#1097,.T.);
#656=EDGE_CURVE('',#927,#926,#1098,.T.);
#657=EDGE_CURVE('',#928,#927,#1099,.T.);
#658=EDGE_CURVE('',#929,#928,#1100,.T.);
#659=EDGE_CURVE('',#930,#929,#1101,.T.);
#660=EDGE_CURVE('',#931,#930,#1102,.T.);
#661=EDGE_CURVE('',#932,#931,#1103,.T.);
#662=EDGE_CURVE('',#933,#932,#1104,.T.);
#663=EDGE_CURVE('',#923,#933,#1105,.T.);
#664=EDGE_CURVE('',#934,#935,#1106,.T.);
#665=EDGE_CURVE('',#936,#935,#1107,.T.);
#666=EDGE_CURVE('',#937,#936,#1108,.T.);
#667=EDGE_CURVE('',#910,#937,#1109,.T.);
#668=EDGE_CURVE('',#938,#913,#1110,.T.);
#669=EDGE_CURVE('',#918,#938,#1111,.T.);
#670=EDGE_CURVE('',#939,#921,#1112,.T.);
#671=EDGE_CURVE('',#940,#939,#1113,.T.);
#672=EDGE_CURVE('',#941,#940,#1114,.T.);
#673=EDGE_CURVE('',#934,#941,#1115,.T.);
#674=EDGE_CURVE('',#942,#943,#1116,.T.);
#675=EDGE_CURVE('',#943,#922,#1117,.T.);
#676=EDGE_CURVE('',#923,#944,#1118,.T.);
#677=EDGE_CURVE('',#945,#944,#1119,.T.);
#678=EDGE_CURVE('',#936,#945,#1120,.T.);
#679=EDGE_CURVE('',#942,#935,#1121,.T.);
#680=EDGE_CURVE('',#946,#924,#1122,.T.);
#681=EDGE_CURVE('',#946,#947,#1123,.T.);
#682=EDGE_CURVE('',#947,#934,#1124,.T.);
#683=EDGE_CURVE('',#941,#948,#1125,.T.);
#684=EDGE_CURVE('',#949,#948,#1126,.T.);
#685=EDGE_CURVE('',#925,#949,#1127,.T.);
#686=EDGE_CURVE('',#948,#950,#1128,.T.);
#687=EDGE_CURVE('',#940,#950,#1129,.T.);
#688=EDGE_CURVE('',#939,#951,#1130,.T.);
#689=EDGE_CURVE('',#951,#914,#64,.F.);
#690=EDGE_CURVE('',#950,#915,#1131,.T.);
#691=EDGE_CURVE('',#920,#951,#92,.F.);
#692=EDGE_CURVE('',#952,#953,#1132,.T.);
#693=EDGE_CURVE('',#928,#952,#1133,.T.);
#694=EDGE_CURVE('',#927,#953,#1134,.T.);
#695=EDGE_CURVE('',#953,#954,#1135,.T.);
#696=EDGE_CURVE('',#926,#954,#1136,.T.);
#697=EDGE_CURVE('',#954,#949,#1137,.T.);
#698=EDGE_CURVE('',#955,#956,#1138,.T.);
#699=EDGE_CURVE('',#957,#955,#1139,.T.);
#700=EDGE_CURVE('',#958,#957,#1140,.T.);
#701=EDGE_CURVE('',#956,#958,#1141,.T.);
#702=EDGE_CURVE('',#959,#960,#1142,.T.);
#703=EDGE_CURVE('',#961,#959,#1143,.T.);
#704=EDGE_CURVE('',#962,#961,#1144,.T.);
#705=EDGE_CURVE('',#960,#962,#1145,.T.);
#706=EDGE_CURVE('',#963,#964,#1146,.T.);
#707=EDGE_CURVE('',#965,#963,#1147,.T.);
#708=EDGE_CURVE('',#966,#965,#1148,.T.);
#709=EDGE_CURVE('',#964,#966,#1149,.T.);
#710=EDGE_CURVE('',#967,#968,#1150,.T.);
#711=EDGE_CURVE('',#969,#967,#1151,.T.);
#712=EDGE_CURVE('',#970,#969,#1152,.T.);
#713=EDGE_CURVE('',#968,#970,#1153,.T.);
#714=EDGE_CURVE('',#971,#972,#1154,.T.);
#715=EDGE_CURVE('',#973,#971,#1155,.T.);
#716=EDGE_CURVE('',#974,#973,#1156,.T.);
#717=EDGE_CURVE('',#972,#974,#1157,.T.);
#718=EDGE_CURVE('',#975,#976,#1158,.T.);
#719=EDGE_CURVE('',#977,#975,#1159,.T.);
#720=EDGE_CURVE('',#978,#977,#1160,.T.);
#721=EDGE_CURVE('',#976,#978,#1161,.T.);
#722=EDGE_CURVE('',#917,#979,#1162,.T.);
#723=EDGE_CURVE('',#979,#907,#1163,.T.);
#724=EDGE_CURVE('',#909,#980,#1164,.T.);
#725=EDGE_CURVE('',#980,#981,#1165,.T.);
#726=EDGE_CURVE('',#981,#945,#1166,.T.);
#727=EDGE_CURVE('',#944,#982,#1167,.T.);
#728=EDGE_CURVE('',#982,#983,#1168,.T.);
#729=EDGE_CURVE('',#983,#984,#1169,.T.);
#730=EDGE_CURVE('',#984,#985,#1170,.T.);
#731=EDGE_CURVE('',#985,#986,#1171,.T.);
#732=EDGE_CURVE('',#986,#952,#1172,.T.);
#733=EDGE_CURVE('',#916,#987,#93,.F.);
#734=EDGE_CURVE('',#987,#979,#1173,.T.);
#735=EDGE_CURVE('',#938,#988,#1174,.T.);
#736=EDGE_CURVE('',#988,#906,#65,.F.);
#737=EDGE_CURVE('',#987,#919,#66,.F.);
#738=EDGE_CURVE('',#912,#988,#94,.F.);
#739=EDGE_CURVE('',#931,#984,#1175,.T.);
#740=EDGE_CURVE('',#930,#985,#1176,.T.);
#741=EDGE_CURVE('',#929,#986,#1177,.T.);
#742=EDGE_CURVE('',#908,#989,#95,.F.);
#743=EDGE_CURVE('',#989,#980,#1178,.T.);
#744=EDGE_CURVE('',#989,#911,#67,.F.);
#745=EDGE_CURVE('',#937,#981,#1179,.T.);
#746=EDGE_CURVE('',#933,#982,#1180,.T.);
#747=EDGE_CURVE('',#932,#983,#1181,.T.);
#748=EDGE_CURVE('',#990,#976,#1182,.T.);
#749=EDGE_CURVE('',#990,#991,#1183,.T.);
#750=EDGE_CURVE('',#991,#975,#1184,.T.);
#751=EDGE_CURVE('',#992,#978,#1185,.T.);
#752=EDGE_CURVE('',#992,#990,#1186,.T.);
#753=EDGE_CURVE('',#993,#977,#1187,.T.);
#754=EDGE_CURVE('',#993,#992,#1188,.T.);
#755=EDGE_CURVE('',#991,#993,#1189,.T.);
#756=EDGE_CURVE('',#994,#972,#1190,.T.);
#757=EDGE_CURVE('',#994,#995,#1191,.T.);
#758=EDGE_CURVE('',#995,#971,#1192,.T.);
#759=EDGE_CURVE('',#996,#974,#1193,.T.);
#760=EDGE_CURVE('',#996,#994,#1194,.T.);
#761=EDGE_CURVE('',#997,#973,#1195,.T.);
#762=EDGE_CURVE('',#997,#996,#1196,.T.);
#763=EDGE_CURVE('',#995,#997,#1197,.T.);
#764=EDGE_CURVE('',#998,#968,#1198,.T.);
#765=EDGE_CURVE('',#998,#999,#1199,.T.);
#766=EDGE_CURVE('',#999,#967,#1200,.T.);
#767=EDGE_CURVE('',#1000,#970,#1201,.T.);
#768=EDGE_CURVE('',#1000,#998,#1202,.T.);
#769=EDGE_CURVE('',#1001,#969,#1203,.T.);
#770=EDGE_CURVE('',#1001,#1000,#1204,.T.);
#771=EDGE_CURVE('',#999,#1001,#1205,.T.);
#772=EDGE_CURVE('',#1002,#964,#1206,.T.);
#773=EDGE_CURVE('',#1002,#1003,#1207,.T.);
#774=EDGE_CURVE('',#1003,#963,#1208,.T.);
#775=EDGE_CURVE('',#1004,#966,#1209,.T.);
#776=EDGE_CURVE('',#1004,#1002,#1210,.T.);
#777=EDGE_CURVE('',#1005,#965,#1211,.T.);
#778=EDGE_CURVE('',#1005,#1004,#1212,.T.);
#779=EDGE_CURVE('',#1003,#1005,#1213,.T.);
#780=EDGE_CURVE('',#1006,#960,#1214,.T.);
#781=EDGE_CURVE('',#1006,#1007,#1215,.T.);
#782=EDGE_CURVE('',#1007,#959,#1216,.T.);
#783=EDGE_CURVE('',#1008,#962,#1217,.T.);
#784=EDGE_CURVE('',#1008,#1006,#1218,.T.);
#785=EDGE_CURVE('',#1009,#961,#1219,.T.);
#786=EDGE_CURVE('',#1009,#1008,#1220,.T.);
#787=EDGE_CURVE('',#1007,#1009,#1221,.T.);
#788=EDGE_CURVE('',#1010,#956,#1222,.T.);
#789=EDGE_CURVE('',#1010,#1011,#1223,.T.);
#790=EDGE_CURVE('',#1011,#955,#1224,.T.);
#791=EDGE_CURVE('',#1012,#958,#1225,.T.);
#792=EDGE_CURVE('',#1012,#1010,#1226,.T.);
#793=EDGE_CURVE('',#1013,#957,#1227,.T.);
#794=EDGE_CURVE('',#1013,#1012,#1228,.T.);
#795=EDGE_CURVE('',#1011,#1013,#1229,.T.);
#796=EDGE_CURVE('',#943,#946,#1230,.T.);
#797=EDGE_CURVE('',#947,#942,#1231,.T.);
#798=EDGE_CURVE('',#1014,#1014,#68,.T.);
#799=EDGE_CURVE('',#1015,#1015,#69,.T.);
#800=EDGE_CURVE('',#1016,#1016,#70,.T.);
#801=EDGE_CURVE('',#1017,#1017,#71,.T.);
#802=EDGE_CURVE('',#1018,#1019,#1232,.T.);
#803=EDGE_CURVE('',#1020,#1019,#1233,.T.);
#804=EDGE_CURVE('',#1020,#1021,#1234,.T.);
#805=EDGE_CURVE('',#1022,#1021,#72,.T.);
#806=EDGE_CURVE('',#1022,#1023,#1235,.T.);
#807=EDGE_CURVE('',#1023,#1024,#73,.T.);
#808=EDGE_CURVE('',#1024,#1025,#1236,.T.);
#809=EDGE_CURVE('',#1025,#1026,#1237,.T.);
#810=EDGE_CURVE('',#1026,#1027,#1238,.T.);
#811=EDGE_CURVE('',#1028,#1027,#74,.T.);
#812=EDGE_CURVE('',#1028,#1029,#1239,.T.);
#813=EDGE_CURVE('',#1029,#1018,#75,.T.);
#814=EDGE_CURVE('',#1030,#1031,#1240,.T.);
#815=EDGE_CURVE('',#1032,#1031,#1241,.T.);
#816=EDGE_CURVE('',#1033,#1032,#76,.T.);
#817=EDGE_CURVE('',#1034,#1033,#1242,.T.);
#818=EDGE_CURVE('',#1034,#1035,#77,.T.);
#819=EDGE_CURVE('',#1036,#1035,#1243,.T.);
#820=EDGE_CURVE('',#1037,#1036,#1244,.T.);
#821=EDGE_CURVE('',#1038,#1037,#1245,.T.);
#822=EDGE_CURVE('',#1039,#1038,#78,.T.);
#823=EDGE_CURVE('',#1040,#1039,#1246,.T.);
#824=EDGE_CURVE('',#1040,#1041,#79,.T.);
#825=EDGE_CURVE('',#1030,#1041,#1247,.T.);
#826=EDGE_CURVE('',#1042,#1031,#1248,.T.);
#827=EDGE_CURVE('',#1043,#1042,#1249,.T.);
#828=EDGE_CURVE('',#1019,#1043,#1250,.T.);
#829=EDGE_CURVE('',#1019,#1031,#1251,.T.);
#830=EDGE_CURVE('',#1044,#1042,#1252,.T.);
#831=EDGE_CURVE('',#1045,#1044,#1253,.T.);
#832=EDGE_CURVE('',#1045,#1043,#1254,.T.);
#833=EDGE_CURVE('',#1030,#1044,#1255,.T.);
#834=EDGE_CURVE('',#1020,#1030,#1256,.T.);
#835=EDGE_CURVE('',#1045,#1020,#1257,.T.);
#836=EDGE_CURVE('',#1046,#1047,#1258,.T.);
#837=EDGE_CURVE('',#1046,#1048,#1259,.T.);
#838=EDGE_CURVE('',#1048,#1049,#1260,.T.);
#839=EDGE_CURVE('',#1047,#1049,#1261,.T.);
#840=EDGE_CURVE('',#1047,#1026,#1262,.T.);
#841=EDGE_CURVE('',#1036,#1049,#1263,.T.);
#842=EDGE_CURVE('',#1026,#1036,#1264,.T.);
#843=EDGE_CURVE('',#1025,#1046,#1265,.T.);
#844=EDGE_CURVE('',#1025,#1037,#1266,.T.);
#845=EDGE_CURVE('',#1048,#1037,#1267,.T.);
#846=EDGE_CURVE('',#1027,#1035,#1268,.T.);
#847=EDGE_CURVE('',#1024,#1038,#1269,.T.);
#848=EDGE_CURVE('',#1028,#1034,#1270,.T.);
#849=EDGE_CURVE('',#1029,#1033,#1271,.T.);
#850=EDGE_CURVE('',#1018,#1032,#1272,.T.);
#851=EDGE_CURVE('',#1021,#1041,#1273,.T.);
#852=EDGE_CURVE('',#1022,#1040,#1274,.T.);
#853=EDGE_CURVE('',#1023,#1039,#1275,.T.);
#854=EDGE_CURVE('',#1050,#1051,#1276,.T.);
#855=EDGE_CURVE('',#1052,#1051,#1277,.T.);
#856=EDGE_CURVE('',#1052,#1053,#1278,.T.);
#857=EDGE_CURVE('',#1054,#1053,#80,.T.);
#858=EDGE_CURVE('',#1054,#1055,#1279,.T.);
#859=EDGE_CURVE('',#1055,#1056,#81,.T.);
#860=EDGE_CURVE('',#1056,#1057,#1280,.T.);
#861=EDGE_CURVE('',#1057,#1058,#1281,.T.);
#862=EDGE_CURVE('',#1058,#1059,#1282,.T.);
#863=EDGE_CURVE('',#1060,#1059,#82,.T.);
#864=EDGE_CURVE('',#1060,#1061,#1283,.T.);
#865=EDGE_CURVE('',#1061,#1050,#83,.T.);
#866=EDGE_CURVE('',#1062,#1063,#1284,.T.);
#867=EDGE_CURVE('',#1064,#1063,#1285,.T.);
#868=EDGE_CURVE('',#1065,#1064,#84,.T.);
#869=EDGE_CURVE('',#1066,#1065,#1286,.T.);
#870=EDGE_CURVE('',#1066,#1067,#85,.T.);
#871=EDGE_CURVE('',#1068,#1067,#1287,.T.);
#872=EDGE_CURVE('',#1069,#1068,#1288,.T.);
#873=EDGE_CURVE('',#1070,#1069,#1289,.T.);
#874=EDGE_CURVE('',#1071,#1070,#86,.T.);
#875=EDGE_CURVE('',#1072,#1071,#1290,.T.);
#876=EDGE_CURVE('',#1072,#1073,#87,.T.);
#877=EDGE_CURVE('',#1062,#1073,#1291,.T.);
#878=EDGE_CURVE('',#1074,#1063,#1292,.T.);
#879=EDGE_CURVE('',#1075,#1074,#1293,.T.);
#880=EDGE_CURVE('',#1051,#1075,#1294,.T.);
#881=EDGE_CURVE('',#1051,#1063,#1295,.T.);
#882=EDGE_CURVE('',#1076,#1074,#1296,.T.);
#883=EDGE_CURVE('',#1077,#1076,#1297,.T.);
#884=EDGE_CURVE('',#1077,#1075,#1298,.T.);
#885=EDGE_CURVE('',#1062,#1076,#1299,.T.);
#886=EDGE_CURVE('',#1052,#1062,#1300,.T.);
#887=EDGE_CURVE('',#1077,#1052,#1301,.T.);
#888=EDGE_CURVE('',#1078,#1079,#1302,.T.);
#889=EDGE_CURVE('',#1078,#1080,#1303,.T.);
#890=EDGE_CURVE('',#1080,#1081,#1304,.T.);
#891=EDGE_CURVE('',#1079,#1081,#1305,.T.);
#892=EDGE_CURVE('',#1079,#1058,#1306,.T.);
#893=EDGE_CURVE('',#1068,#1081,#1307,.T.);
#894=EDGE_CURVE('',#1058,#1068,#1308,.T.);
#895=EDGE_CURVE('',#1057,#1078,#1309,.T.);
#896=EDGE_CURVE('',#1057,#1069,#1310,.T.);
#897=EDGE_CURVE('',#1080,#1069,#1311,.T.);
#898=EDGE_CURVE('',#1059,#1067,#1312,.T.);
#899=EDGE_CURVE('',#1056,#1070,#1313,.T.);
#900=EDGE_CURVE('',#1060,#1066,#1314,.T.);
#901=EDGE_CURVE('',#1061,#1065,#1315,.T.);
#902=EDGE_CURVE('',#1050,#1064,#1316,.T.);
#903=EDGE_CURVE('',#1053,#1073,#1317,.T.);
#904=EDGE_CURVE('',#1054,#1072,#1318,.T.);
#905=EDGE_CURVE('',#1055,#1071,#1319,.T.);
#906=VERTEX_POINT('',#2852);
#907=VERTEX_POINT('',#2853);
#908=VERTEX_POINT('',#2855);
#909=VERTEX_POINT('',#2857);
#910=VERTEX_POINT('',#2861);
#911=VERTEX_POINT('',#2862);
#912=VERTEX_POINT('',#2864);
#913=VERTEX_POINT('',#2866);
#914=VERTEX_POINT('',#2870);
#915=VERTEX_POINT('',#2871);
#916=VERTEX_POINT('',#2873);
#917=VERTEX_POINT('',#2875);
#918=VERTEX_POINT('',#2879);
#919=VERTEX_POINT('',#2880);
#920=VERTEX_POINT('',#2882);
#921=VERTEX_POINT('',#2884);
#922=VERTEX_POINT('',#2888);
#923=VERTEX_POINT('',#2889);
#924=VERTEX_POINT('',#2891);
#925=VERTEX_POINT('',#2893);
#926=VERTEX_POINT('',#2895);
#927=VERTEX_POINT('',#2897);
#928=VERTEX_POINT('',#2899);
#929=VERTEX_POINT('',#2901);
#930=VERTEX_POINT('',#2903);
#931=VERTEX_POINT('',#2905);
#932=VERTEX_POINT('',#2907);
#933=VERTEX_POINT('',#2909);
#934=VERTEX_POINT('',#2913);
#935=VERTEX_POINT('',#2914);
#936=VERTEX_POINT('',#2916);
#937=VERTEX_POINT('',#2918);
#938=VERTEX_POINT('',#2921);
#939=VERTEX_POINT('',#2924);
#940=VERTEX_POINT('',#2926);
#941=VERTEX_POINT('',#2928);
#942=VERTEX_POINT('',#2932);
#943=VERTEX_POINT('',#2933);
#944=VERTEX_POINT('',#2936);
#945=VERTEX_POINT('',#2938);
#946=VERTEX_POINT('',#2943);
#947=VERTEX_POINT('',#2945);
#948=VERTEX_POINT('',#2948);
#949=VERTEX_POINT('',#2950);
#950=VERTEX_POINT('',#2954);
#951=VERTEX_POINT('',#2958);
#952=VERTEX_POINT('',#2965);
#953=VERTEX_POINT('',#2966);
#954=VERTEX_POINT('',#2971);
#955=VERTEX_POINT('',#2977);
#956=VERTEX_POINT('',#2978);
#957=VERTEX_POINT('',#2980);
#958=VERTEX_POINT('',#2982);
#959=VERTEX_POINT('',#2985);
#960=VERTEX_POINT('',#2986);
#961=VERTEX_POINT('',#2988);
#962=VERTEX_POINT('',#2990);
#963=VERTEX_POINT('',#2993);
#964=VERTEX_POINT('',#2994);
#965=VERTEX_POINT('',#2996);
#966=VERTEX_POINT('',#2998);
#967=VERTEX_POINT('',#3001);
#968=VERTEX_POINT('',#3002);
#969=VERTEX_POINT('',#3004);
#970=VERTEX_POINT('',#3006);
#971=VERTEX_POINT('',#3009);
#972=VERTEX_POINT('',#3010);
#973=VERTEX_POINT('',#3012);
#974=VERTEX_POINT('',#3014);
#975=VERTEX_POINT('',#3017);
#976=VERTEX_POINT('',#3018);
#977=VERTEX_POINT('',#3020);
#978=VERTEX_POINT('',#3022);
#979=VERTEX_POINT('',#3025);
#980=VERTEX_POINT('',#3028);
#981=VERTEX_POINT('',#3030);
#982=VERTEX_POINT('',#3033);
#983=VERTEX_POINT('',#3035);
#984=VERTEX_POINT('',#3037);
#985=VERTEX_POINT('',#3039);
#986=VERTEX_POINT('',#3041);
#987=VERTEX_POINT('',#3045);
#988=VERTEX_POINT('',#3049);
#989=VERTEX_POINT('',#3062);
#990=VERTEX_POINT('',#3075);
#991=VERTEX_POINT('',#3077);
#992=VERTEX_POINT('',#3081);
#993=VERTEX_POINT('',#3085);
#994=VERTEX_POINT('',#3091);
#995=VERTEX_POINT('',#3093);
#996=VERTEX_POINT('',#3097);
#997=VERTEX_POINT('',#3101);
#998=VERTEX_POINT('',#3107);
#999=VERTEX_POINT('',#3109);
#1000=VERTEX_POINT('',#3113);
#1001=VERTEX_POINT('',#3117);
#1002=VERTEX_POINT('',#3123);
#1003=VERTEX_POINT('',#3125);
#1004=VERTEX_POINT('',#3129);
#1005=VERTEX_POINT('',#3133);
#1006=VERTEX_POINT('',#3139);
#1007=VERTEX_POINT('',#3141);
#1008=VERTEX_POINT('',#3145);
#1009=VERTEX_POINT('',#3149);
#1010=VERTEX_POINT('',#3155);
#1011=VERTEX_POINT('',#3157);
#1012=VERTEX_POINT('',#3161);
#1013=VERTEX_POINT('',#3165);
#1014=VERTEX_POINT('',#3176);
#1015=VERTEX_POINT('',#3179);
#1016=VERTEX_POINT('',#3183);
#1017=VERTEX_POINT('',#3186);
#1018=VERTEX_POINT('',#3191);
#1019=VERTEX_POINT('',#3192);
#1020=VERTEX_POINT('',#3194);
#1021=VERTEX_POINT('',#3196);
#1022=VERTEX_POINT('',#3198);
#1023=VERTEX_POINT('',#3200);
#1024=VERTEX_POINT('',#3202);
#1025=VERTEX_POINT('',#3204);
#1026=VERTEX_POINT('',#3206);
#1027=VERTEX_POINT('',#3208);
#1028=VERTEX_POINT('',#3210);
#1029=VERTEX_POINT('',#3212);
#1030=VERTEX_POINT('',#3216);
#1031=VERTEX_POINT('',#3217);
#1032=VERTEX_POINT('',#3219);
#1033=VERTEX_POINT('',#3221);
#1034=VERTEX_POINT('',#3223);
#1035=VERTEX_POINT('',#3225);
#1036=VERTEX_POINT('',#3227);
#1037=VERTEX_POINT('',#3229);
#1038=VERTEX_POINT('',#3231);
#1039=VERTEX_POINT('',#3233);
#1040=VERTEX_POINT('',#3235);
#1041=VERTEX_POINT('',#3237);
#1042=VERTEX_POINT('',#3241);
#1043=VERTEX_POINT('',#3243);
#1044=VERTEX_POINT('',#3248);
#1045=VERTEX_POINT('',#3250);
#1046=VERTEX_POINT('',#3258);
#1047=VERTEX_POINT('',#3259);
#1048=VERTEX_POINT('',#3261);
#1049=VERTEX_POINT('',#3263);
#1050=VERTEX_POINT('',#3300);
#1051=VERTEX_POINT('',#3301);
#1052=VERTEX_POINT('',#3303);
#1053=VERTEX_POINT('',#3305);
#1054=VERTEX_POINT('',#3307);
#1055=VERTEX_POINT('',#3309);
#1056=VERTEX_POINT('',#3311);
#1057=VERTEX_POINT('',#3313);
#1058=VERTEX_POINT('',#3315);
#1059=VERTEX_POINT('',#3317);
#1060=VERTEX_POINT('',#3319);
#1061=VERTEX_POINT('',#3321);
#1062=VERTEX_POINT('',#3325);
#1063=VERTEX_POINT('',#3326);
#1064=VERTEX_POINT('',#3328);
#1065=VERTEX_POINT('',#3330);
#1066=VERTEX_POINT('',#3332);
#1067=VERTEX_POINT('',#3334);
#1068=VERTEX_POINT('',#3336);
#1069=VERTEX_POINT('',#3338);
#1070=VERTEX_POINT('',#3340);
#1071=VERTEX_POINT('',#3342);
#1072=VERTEX_POINT('',#3344);
#1073=VERTEX_POINT('',#3346);
#1074=VERTEX_POINT('',#3350);
#1075=VERTEX_POINT('',#3352);
#1076=VERTEX_POINT('',#3357);
#1077=VERTEX_POINT('',#3359);
#1078=VERTEX_POINT('',#3367);
#1079=VERTEX_POINT('',#3368);
#1080=VERTEX_POINT('',#3370);
#1081=VERTEX_POINT('',#3372);
#1082=LINE('',#2851,#1320);
#1083=LINE('',#2856,#1321);
#1084=LINE('',#2858,#1322);
#1085=LINE('',#2860,#1323);
#1086=LINE('',#2865,#1324);
#1087=LINE('',#2867,#1325);
#1088=LINE('',#2869,#1326);
#1089=LINE('',#2874,#1327);
#1090=LINE('',#2876,#1328);
#1091=LINE('',#2878,#1329);
#1092=LINE('',#2883,#1330);
#1093=LINE('',#2885,#1331);
#1094=LINE('',#2887,#1332);
#1095=LINE('',#2890,#1333);
#1096=LINE('',#2892,#1334);
#1097=LINE('',#2894,#1335);
#1098=LINE('',#2896,#1336);
#1099=LINE('',#2898,#1337);
#1100=LINE('',#2900,#1338);
#1101=LINE('',#2902,#1339);
#1102=LINE('',#2904,#1340);
#1103=LINE('',#2906,#1341);
#1104=LINE('',#2908,#1342);
#1105=LINE('',#2910,#1343);
#1106=LINE('',#2912,#1344);
#1107=LINE('',#2915,#1345);
#1108=LINE('',#2917,#1346);
#1109=LINE('',#2919,#1347);
#1110=LINE('',#2920,#1348);
#1111=LINE('',#2922,#1349);
#1112=LINE('',#2923,#1350);
#1113=LINE('',#2925,#1351);
#1114=LINE('',#2927,#1352);
#1115=LINE('',#2929,#1353);
#1116=LINE('',#2931,#1354);
#1117=LINE('',#2934,#1355);
#1118=LINE('',#2935,#1356);
#1119=LINE('',#2937,#1357);
#1120=LINE('',#2939,#1358);
#1121=LINE('',#2940,#1359);
#1122=LINE('',#2942,#1360);
#1123=LINE('',#2944,#1361);
#1124=LINE('',#2946,#1362);
#1125=LINE('',#2947,#1363);
#1126=LINE('',#2949,#1364);
#1127=LINE('',#2951,#1365);
#1128=LINE('',#2953,#1366);
#1129=LINE('',#2955,#1367);
#1130=LINE('',#2957,#1368);
#1131=LINE('',#2960,#1369);
#1132=LINE('',#2964,#1370);
#1133=LINE('',#2967,#1371);
#1134=LINE('',#2968,#1372);
#1135=LINE('',#2970,#1373);
#1136=LINE('',#2972,#1374);
#1137=LINE('',#2974,#1375);
#1138=LINE('',#2976,#1376);
#1139=LINE('',#2979,#1377);
#1140=LINE('',#2981,#1378);
#1141=LINE('',#2983,#1379);
#1142=LINE('',#2984,#1380);
#1143=LINE('',#2987,#1381);
#1144=LINE('',#2989,#1382);
#1145=LINE('',#2991,#1383);
#1146=LINE('',#2992,#1384);
#1147=LINE('',#2995,#1385);
#1148=LINE('',#2997,#1386);
#1149=LINE('',#2999,#1387);
#1150=LINE('',#3000,#1388);
#1151=LINE('',#3003,#1389);
#1152=LINE('',#3005,#1390);
#1153=LINE('',#3007,#1391);
#1154=LINE('',#3008,#1392);
#1155=LINE('',#3011,#1393);
#1156=LINE('',#3013,#1394);
#1157=LINE('',#3015,#1395);
#1158=LINE('',#3016,#1396);
#1159=LINE('',#3019,#1397);
#1160=LINE('',#3021,#1398);
#1161=LINE('',#3023,#1399);
#1162=LINE('',#3024,#1400);
#1163=LINE('',#3026,#1401);
#1164=LINE('',#3027,#1402);
#1165=LINE('',#3029,#1403);
#1166=LINE('',#3031,#1404);
#1167=LINE('',#3032,#1405);
#1168=LINE('',#3034,#1406);
#1169=LINE('',#3036,#1407);
#1170=LINE('',#3038,#1408);
#1171=LINE('',#3040,#1409);
#1172=LINE('',#3042,#1410);
#1173=LINE('',#3046,#1411);
#1174=LINE('',#3048,#1412);
#1175=LINE('',#3055,#1413);
#1176=LINE('',#3056,#1414);
#1177=LINE('',#3058,#1415);
#1178=LINE('',#3063,#1416);
#1179=LINE('',#3066,#1417);
#1180=LINE('',#3069,#1418);
#1181=LINE('',#3071,#1419);
#1182=LINE('',#3074,#1420);
#1183=LINE('',#3076,#1421);
#1184=LINE('',#3078,#1422);
#1185=LINE('',#3080,#1423);
#1186=LINE('',#3082,#1424);
#1187=LINE('',#3084,#1425);
#1188=LINE('',#3086,#1426);
#1189=LINE('',#3088,#1427);
#1190=LINE('',#3090,#1428);
#1191=LINE('',#3092,#1429);
#1192=LINE('',#3094,#1430);
#1193=LINE('',#3096,#1431);
#1194=LINE('',#3098,#1432);
#1195=LINE('',#3100,#1433);
#1196=LINE('',#3102,#1434);
#1197=LINE('',#3104,#1435);
#1198=LINE('',#3106,#1436);
#1199=LINE('',#3108,#1437);
#1200=LINE('',#3110,#1438);
#1201=LINE('',#3112,#1439);
#1202=LINE('',#3114,#1440);
#1203=LINE('',#3116,#1441);
#1204=LINE('',#3118,#1442);
#1205=LINE('',#3120,#1443);
#1206=LINE('',#3122,#1444);
#1207=LINE('',#3124,#1445);
#1208=LINE('',#3126,#1446);
#1209=LINE('',#3128,#1447);
#1210=LINE('',#3130,#1448);
#1211=LINE('',#3132,#1449);
#1212=LINE('',#3134,#1450);
#1213=LINE('',#3136,#1451);
#1214=LINE('',#3138,#1452);
#1215=LINE('',#3140,#1453);
#1216=LINE('',#3142,#1454);
#1217=LINE('',#3144,#1455);
#1218=LINE('',#3146,#1456);
#1219=LINE('',#3148,#1457);
#1220=LINE('',#3150,#1458);
#1221=LINE('',#3152,#1459);
#1222=LINE('',#3154,#1460);
#1223=LINE('',#3156,#1461);
#1224=LINE('',#3158,#1462);
#1225=LINE('',#3160,#1463);
#1226=LINE('',#3162,#1464);
#1227=LINE('',#3164,#1465);
#1228=LINE('',#3166,#1466);
#1229=LINE('',#3168,#1467);
#1230=LINE('',#3170,#1468);
#1231=LINE('',#3171,#1469);
#1232=LINE('',#3190,#1470);
#1233=LINE('',#3193,#1471);
#1234=LINE('',#3195,#1472);
#1235=LINE('',#3199,#1473);
#1236=LINE('',#3203,#1474);
#1237=LINE('',#3205,#1475);
#1238=LINE('',#3207,#1476);
#1239=LINE('',#3211,#1477);
#1240=LINE('',#3215,#1478);
#1241=LINE('',#3218,#1479);
#1242=LINE('',#3222,#1480);
#1243=LINE('',#3226,#1481);
#1244=LINE('',#3228,#1482);
#1245=LINE('',#3230,#1483);
#1246=LINE('',#3234,#1484);
#1247=LINE('',#3238,#1485);
#1248=LINE('',#3240,#1486);
#1249=LINE('',#3242,#1487);
#1250=LINE('',#3244,#1488);
#1251=LINE('',#3245,#1489);
#1252=LINE('',#3247,#1490);
#1253=LINE('',#3249,#1491);
#1254=LINE('',#3251,#1492);
#1255=LINE('',#3253,#1493);
#1256=LINE('',#3254,#1494);
#1257=LINE('',#3255,#1495);
#1258=LINE('',#3257,#1496);
#1259=LINE('',#3260,#1497);
#1260=LINE('',#3262,#1498);
#1261=LINE('',#3264,#1499);
#1262=LINE('',#3266,#1500);
#1263=LINE('',#3267,#1501);
#1264=LINE('',#3268,#1502);
#1265=LINE('',#3270,#1503);
#1266=LINE('',#3271,#1504);
#1267=LINE('',#3272,#1505);
#1268=LINE('',#3274,#1506);
#1269=LINE('',#3276,#1507);
#1270=LINE('',#3280,#1508);
#1271=LINE('',#3282,#1509);
#1272=LINE('',#3284,#1510);
#1273=LINE('',#3287,#1511);
#1274=LINE('',#3289,#1512);
#1275=LINE('',#3291,#1513);
#1276=LINE('',#3299,#1514);
#1277=LINE('',#3302,#1515);
#1278=LINE('',#3304,#1516);
#1279=LINE('',#3308,#1517);
#1280=LINE('',#3312,#1518);
#1281=LINE('',#3314,#1519);
#1282=LINE('',#3316,#1520);
#1283=LINE('',#3320,#1521);
#1284=LINE('',#3324,#1522);
#1285=LINE('',#3327,#1523);
#1286=LINE('',#3331,#1524);
#1287=LINE('',#3335,#1525);
#1288=LINE('',#3337,#1526);
#1289=LINE('',#3339,#1527);
#1290=LINE('',#3343,#1528);
#1291=LINE('',#3347,#1529);
#1292=LINE('',#3349,#1530);
#1293=LINE('',#3351,#1531);
#1294=LINE('',#3353,#1532);
#1295=LINE('',#3354,#1533);
#1296=LINE('',#3356,#1534);
#1297=LINE('',#3358,#1535);
#1298=LINE('',#3360,#1536);
#1299=LINE('',#3362,#1537);
#1300=LINE('',#3363,#1538);
#1301=LINE('',#3364,#1539);
#1302=LINE('',#3366,#1540);
#1303=LINE('',#3369,#1541);
#1304=LINE('',#3371,#1542);
#1305=LINE('',#3373,#1543);
#1306=LINE('',#3375,#1544);
#1307=LINE('',#3376,#1545);
#1308=LINE('',#3377,#1546);
#1309=LINE('',#3379,#1547);
#1310=LINE('',#3380,#1548);
#1311=LINE('',#3381,#1549);
#1312=LINE('',#3383,#1550);
#1313=LINE('',#3385,#1551);
#1314=LINE('',#3389,#1552);
#1315=LINE('',#3391,#1553);
#1316=LINE('',#3393,#1554);
#1317=LINE('',#3396,#1555);
#1318=LINE('',#3398,#1556);
#1319=LINE('',#3400,#1557);
#1320=VECTOR('',#2327,1000.);
#1321=VECTOR('',#2330,1000.);
#1322=VECTOR('',#2331,1000.);
#1323=VECTOR('',#2334,1000.);
#1324=VECTOR('',#2337,1000.);
#1325=VECTOR('',#2338,1000.);
#1326=VECTOR('',#2341,1000.);
#1327=VECTOR('',#2344,1000.);
#1328=VECTOR('',#2345,1000.);
#1329=VECTOR('',#2348,1000.);
#1330=VECTOR('',#2351,1000.);
#1331=VECTOR('',#2352,1000.);
#1332=VECTOR('',#2355,1000.);
#1333=VECTOR('',#2356,1000.);
#1334=VECTOR('',#2357,1000.);
#1335=VECTOR('',#2358,1000.);
#1336=VECTOR('',#2359,1000.);
#1337=VECTOR('',#2360,1000.);
#1338=VECTOR('',#2361,1000.);
#1339=VECTOR('',#2362,1000.);
#1340=VECTOR('',#2363,1000.);
#1341=VECTOR('',#2364,1000.);
#1342=VECTOR('',#2365,1000.);
#1343=VECTOR('',#2366,1000.);
#1344=VECTOR('',#2369,1000.);
#1345=VECTOR('',#2370,1000.);
#1346=VECTOR('',#2371,1000.);
#1347=VECTOR('',#2372,1000.);
#1348=VECTOR('',#2373,1000.);
#1349=VECTOR('',#2374,1000.);
#1350=VECTOR('',#2375,1000.);
#1351=VECTOR('',#2376,1000.);
#1352=VECTOR('',#2377,1000.);
#1353=VECTOR('',#2378,1000.);
#1354=VECTOR('',#2381,1000.);
#1355=VECTOR('',#2382,1000.);
#1356=VECTOR('',#2383,1000.);
#1357=VECTOR('',#2384,1000.);
#1358=VECTOR('',#2385,1000.);
#1359=VECTOR('',#2386,1000.);
#1360=VECTOR('',#2389,1000.);
#1361=VECTOR('',#2390,1000.);
#1362=VECTOR('',#2391,1000.);
#1363=VECTOR('',#2392,1000.);
#1364=VECTOR('',#2393,1000.);
#1365=VECTOR('',#2394,1000.);
#1366=VECTOR('',#2397,1000.);
#1367=VECTOR('',#2398,1000.);
#1368=VECTOR('',#2401,1000.);
#1369=VECTOR('',#2404,1000.);
#1370=VECTOR('',#2411,1000.);
#1371=VECTOR('',#2412,1000.);
#1372=VECTOR('',#2413,1000.);
#1373=VECTOR('',#2416,1000.);
#1374=VECTOR('',#2417,1000.);
#1375=VECTOR('',#2420,1000.);
#1376=VECTOR('',#2423,1000.);
#1377=VECTOR('',#2424,1000.);
#1378=VECTOR('',#2425,1000.);
#1379=VECTOR('',#2426,1000.);
#1380=VECTOR('',#2427,1000.);
#1381=VECTOR('',#2428,1000.);
#1382=VECTOR('',#2429,1000.);
#1383=VECTOR('',#2430,1000.);
#1384=VECTOR('',#2431,1000.);
#1385=VECTOR('',#2432,1000.);
#1386=VECTOR('',#2433,1000.);
#1387=VECTOR('',#2434,1000.);
#1388=VECTOR('',#2435,1000.);
#1389=VECTOR('',#2436,1000.);
#1390=VECTOR('',#2437,1000.);
#1391=VECTOR('',#2438,1000.);
#1392=VECTOR('',#2439,1000.);
#1393=VECTOR('',#2440,1000.);
#1394=VECTOR('',#2441,1000.);
#1395=VECTOR('',#2442,1000.);
#1396=VECTOR('',#2443,1000.);
#1397=VECTOR('',#2444,1000.);
#1398=VECTOR('',#2445,1000.);
#1399=VECTOR('',#2446,1000.);
#1400=VECTOR('',#2447,1000.);
#1401=VECTOR('',#2448,1000.);
#1402=VECTOR('',#2449,1000.);
#1403=VECTOR('',#2450,1000.);
#1404=VECTOR('',#2451,1000.);
#1405=VECTOR('',#2452,1000.);
#1406=VECTOR('',#2453,1000.);
#1407=VECTOR('',#2454,1000.);
#1408=VECTOR('',#2455,1000.);
#1409=VECTOR('',#2456,1000.);
#1410=VECTOR('',#2457,1000.);
#1411=VECTOR('',#2462,1000.);
#1412=VECTOR('',#2465,1000.);
#1413=VECTOR('',#2476,1000.);
#1414=VECTOR('',#2477,1000.);
#1415=VECTOR('',#2480,1000.);
#1416=VECTOR('',#2487,1000.);
#1417=VECTOR('',#2492,1000.);
#1418=VECTOR('',#2497,1000.);
#1419=VECTOR('',#2500,1000.);
#1420=VECTOR('',#2505,1000.);
#1421=VECTOR('',#2506,1000.);
#1422=VECTOR('',#2507,1000.);
#1423=VECTOR('',#2510,1000.);
#1424=VECTOR('',#2511,1000.);
#1425=VECTOR('',#2514,1000.);
#1426=VECTOR('',#2515,1000.);
#1427=VECTOR('',#2518,1000.);
#1428=VECTOR('',#2521,1000.);
#1429=VECTOR('',#2522,1000.);
#1430=VECTOR('',#2523,1000.);
#1431=VECTOR('',#2526,1000.);
#1432=VECTOR('',#2527,1000.);
#1433=VECTOR('',#2530,1000.);
#1434=VECTOR('',#2531,1000.);
#1435=VECTOR('',#2534,1000.);
#1436=VECTOR('',#2537,1000.);
#1437=VECTOR('',#2538,1000.);
#1438=VECTOR('',#2539,1000.);
#1439=VECTOR('',#2542,1000.);
#1440=VECTOR('',#2543,1000.);
#1441=VECTOR('',#2546,1000.);
#1442=VECTOR('',#2547,1000.);
#1443=VECTOR('',#2550,1000.);
#1444=VECTOR('',#2553,1000.);
#1445=VECTOR('',#2554,1000.);
#1446=VECTOR('',#2555,1000.);
#1447=VECTOR('',#2558,1000.);
#1448=VECTOR('',#2559,1000.);
#1449=VECTOR('',#2562,1000.);
#1450=VECTOR('',#2563,1000.);
#1451=VECTOR('',#2566,1000.);
#1452=VECTOR('',#2569,1000.);
#1453=VECTOR('',#2570,1000.);
#1454=VECTOR('',#2571,1000.);
#1455=VECTOR('',#2574,1000.);
#1456=VECTOR('',#2575,1000.);
#1457=VECTOR('',#2578,1000.);
#1458=VECTOR('',#2579,1000.);
#1459=VECTOR('',#2582,1000.);
#1460=VECTOR('',#2585,1000.);
#1461=VECTOR('',#2586,1000.);
#1462=VECTOR('',#2587,1000.);
#1463=VECTOR('',#2590,1000.);
#1464=VECTOR('',#2591,1000.);
#1465=VECTOR('',#2594,1000.);
#1466=VECTOR('',#2595,1000.);
#1467=VECTOR('',#2598,1000.);
#1468=VECTOR('',#2601,1000.);
#1469=VECTOR('',#2602,1000.);
#1470=VECTOR('',#2631,1000.);
#1471=VECTOR('',#2632,1000.);
#1472=VECTOR('',#2633,1000.);
#1473=VECTOR('',#2636,1000.);
#1474=VECTOR('',#2639,1000.);
#1475=VECTOR('',#2640,1000.);
#1476=VECTOR('',#2641,1000.);
#1477=VECTOR('',#2644,1000.);
#1478=VECTOR('',#2649,1000.);
#1479=VECTOR('',#2650,1000.);
#1480=VECTOR('',#2653,1000.);
#1481=VECTOR('',#2656,1000.);
#1482=VECTOR('',#2657,1000.);
#1483=VECTOR('',#2658,1000.);
#1484=VECTOR('',#2661,1000.);
#1485=VECTOR('',#2664,1000.);
#1486=VECTOR('',#2667,1000.);
#1487=VECTOR('',#2668,1000.);
#1488=VECTOR('',#2669,1000.);
#1489=VECTOR('',#2670,1000.);
#1490=VECTOR('',#2673,1000.);
#1491=VECTOR('',#2674,1000.);
#1492=VECTOR('',#2675,1000.);
#1493=VECTOR('',#2678,1000.);
#1494=VECTOR('',#2679,1000.);
#1495=VECTOR('',#2680,1000.);
#1496=VECTOR('',#2683,1000.);
#1497=VECTOR('',#2684,1000.);
#1498=VECTOR('',#2685,1000.);
#1499=VECTOR('',#2686,1000.);
#1500=VECTOR('',#2689,1000.);
#1501=VECTOR('',#2690,1000.);
#1502=VECTOR('',#2691,1000.);
#1503=VECTOR('',#2694,1000.);
#1504=VECTOR('',#2695,1000.);
#1505=VECTOR('',#2696,1000.);
#1506=VECTOR('',#2699,1000.);
#1507=VECTOR('',#2702,1000.);
#1508=VECTOR('',#2709,1000.);
#1509=VECTOR('',#2712,1000.);
#1510=VECTOR('',#2715,1000.);
#1511=VECTOR('',#2720,1000.);
#1512=VECTOR('',#2723,1000.);
#1513=VECTOR('',#2726,1000.);
#1514=VECTOR('',#2741,1000.);
#1515=VECTOR('',#2742,1000.);
#1516=VECTOR('',#2743,1000.);
#1517=VECTOR('',#2746,1000.);
#1518=VECTOR('',#2749,1000.);
#1519=VECTOR('',#2750,1000.);
#1520=VECTOR('',#2751,1000.);
#1521=VECTOR('',#2754,1000.);
#1522=VECTOR('',#2759,1000.);
#1523=VECTOR('',#2760,1000.);
#1524=VECTOR('',#2763,1000.);
#1525=VECTOR('',#2766,1000.);
#1526=VECTOR('',#2767,1000.);
#1527=VECTOR('',#2768,1000.);
#1528=VECTOR('',#2771,1000.);
#1529=VECTOR('',#2774,1000.);
#1530=VECTOR('',#2777,1000.);
#1531=VECTOR('',#2778,1000.);
#1532=VECTOR('',#2779,1000.);
#1533=VECTOR('',#2780,1000.);
#1534=VECTOR('',#2783,1000.);
#1535=VECTOR('',#2784,1000.);
#1536=VECTOR('',#2785,1000.);
#1537=VECTOR('',#2788,1000.);
#1538=VECTOR('',#2789,1000.);
#1539=VECTOR('',#2790,1000.);
#1540=VECTOR('',#2793,1000.);
#1541=VECTOR('',#2794,1000.);
#1542=VECTOR('',#2795,1000.);
#1543=VECTOR('',#2796,1000.);
#1544=VECTOR('',#2799,1000.);
#1545=VECTOR('',#2800,1000.);
#1546=VECTOR('',#2801,1000.);
#1547=VECTOR('',#2804,1000.);
#1548=VECTOR('',#2805,1000.);
#1549=VECTOR('',#2806,1000.);
#1550=VECTOR('',#2809,1000.);
#1551=VECTOR('',#2812,1000.);
#1552=VECTOR('',#2819,1000.);
#1553=VECTOR('',#2822,1000.);
#1554=VECTOR('',#2825,1000.);
#1555=VECTOR('',#2830,1000.);
#1556=VECTOR('',#2833,1000.);
#1557=VECTOR('',#2836,1000.);
#1558=EDGE_LOOP('',(#96,#97,#98,#99));
#1559=EDGE_LOOP('',(#100,#101,#102,#103));
#1560=EDGE_LOOP('',(#104,#105,#106,#107));
#1561=EDGE_LOOP('',(#108,#109,#110,#111));
#1562=EDGE_LOOP('',(#112,#113,#114,#115,#116,#117,#118,#119,#120,#121,#122,
#123));
#1563=EDGE_LOOP('',(#124,#125,#126,#127,#128,#129,#130,#131,#132,#133,#134,
#135));
#1564=EDGE_LOOP('',(#136,#137,#138,#139,#140,#141,#142,#143));
#1565=EDGE_LOOP('',(#144,#145,#146,#147,#148,#149,#150,#151));
#1566=EDGE_LOOP('',(#152,#153,#154,#155));
#1567=EDGE_LOOP('',(#156,#157,#158,#159,#160,#161));
#1568=EDGE_LOOP('',(#162,#163,#164,#165));
#1569=EDGE_LOOP('',(#166,#167,#168,#169));
#1570=EDGE_LOOP('',(#170,#171,#172,#173));
#1571=EDGE_LOOP('',(#174,#175,#176,#177));
#1572=EDGE_LOOP('',(#178,#179,#180,#181));
#1573=EDGE_LOOP('',(#182,#183,#184,#185));
#1574=EDGE_LOOP('',(#186,#187,#188,#189));
#1575=EDGE_LOOP('',(#190,#191,#192,#193));
#1576=EDGE_LOOP('',(#194,#195,#196,#197));
#1577=EDGE_LOOP('',(#198,#199,#200,#201));
#1578=EDGE_LOOP('',(#202,#203,#204,#205,#206,#207,#208,#209,#210,#211,#212,
#213,#214,#215,#216,#217,#218,#219,#220,#221));
#1579=EDGE_LOOP('',(#222,#223,#224,#225));
#1580=EDGE_LOOP('',(#226,#227,#228,#229,#230,#231,#232,#233));
#1581=EDGE_LOOP('',(#234,#235,#236,#237));
#1582=EDGE_LOOP('',(#238,#239,#240,#241));
#1583=EDGE_LOOP('',(#242,#243,#244,#245));
#1584=EDGE_LOOP('',(#246,#247,#248,#249));
#1585=EDGE_LOOP('',(#250,#251,#252,#253));
#1586=EDGE_LOOP('',(#254,#255,#256,#257,#258,#259));
#1587=EDGE_LOOP('',(#260,#261,#262,#263));
#1588=EDGE_LOOP('',(#264,#265,#266,#267));
#1589=EDGE_LOOP('',(#268,#269,#270,#271));
#1590=EDGE_LOOP('',(#272,#273,#274,#275));
#1591=EDGE_LOOP('',(#276,#277,#278,#279));
#1592=EDGE_LOOP('',(#280,#281,#282,#283));
#1593=EDGE_LOOP('',(#284,#285,#286,#287));
#1594=EDGE_LOOP('',(#288,#289,#290,#291));
#1595=EDGE_LOOP('',(#292,#293,#294,#295));
#1596=EDGE_LOOP('',(#296,#297,#298,#299));
#1597=EDGE_LOOP('',(#300,#301,#302,#303));
#1598=EDGE_LOOP('',(#304,#305,#306,#307));
#1599=EDGE_LOOP('',(#308,#309,#310,#311));
#1600=EDGE_LOOP('',(#312,#313,#314,#315));
#1601=EDGE_LOOP('',(#316,#317,#318,#319));
#1602=EDGE_LOOP('',(#320,#321,#322,#323));
#1603=EDGE_LOOP('',(#324,#325,#326,#327));
#1604=EDGE_LOOP('',(#328,#329,#330,#331));
#1605=EDGE_LOOP('',(#332,#333,#334,#335));
#1606=EDGE_LOOP('',(#336,#337,#338,#339));
#1607=EDGE_LOOP('',(#340,#341,#342,#343));
#1608=EDGE_LOOP('',(#344,#345,#346,#347));
#1609=EDGE_LOOP('',(#348,#349,#350,#351));
#1610=EDGE_LOOP('',(#352,#353,#354,#355));
#1611=EDGE_LOOP('',(#356,#357,#358,#359));
#1612=EDGE_LOOP('',(#360,#361,#362,#363));
#1613=EDGE_LOOP('',(#364,#365,#366,#367));
#1614=EDGE_LOOP('',(#368,#369,#370,#371));
#1615=EDGE_LOOP('',(#372,#373,#374,#375));
#1616=EDGE_LOOP('',(#376,#377,#378,#379));
#1617=EDGE_LOOP('',(#380,#381,#382,#383));
#1618=EDGE_LOOP('',(#384,#385,#386,#387));
#1619=EDGE_LOOP('',(#388,#389,#390,#391));
#1620=EDGE_LOOP('',(#392,#393,#394,#395));
#1621=EDGE_LOOP('',(#396,#397,#398,#399));
#1622=EDGE_LOOP('',(#400,#401,#402,#403));
#1623=EDGE_LOOP('',(#404,#405,#406,#407));
#1624=EDGE_LOOP('',(#408));
#1625=EDGE_LOOP('',(#409,#410,#411,#412,#413,#414));
#1626=EDGE_LOOP('',(#415));
#1627=EDGE_LOOP('',(#416));
#1628=EDGE_LOOP('',(#417));
#1629=EDGE_LOOP('',(#418));
#1630=EDGE_LOOP('',(#419,#420,#421,#422,#423,#424));
#1631=EDGE_LOOP('',(#425));
#1632=EDGE_LOOP('',(#426));
#1633=EDGE_LOOP('',(#427));
#1634=EDGE_LOOP('',(#428,#429,#430,#431,#432,#433,#434,#435,#436,#437,#438,
#439));
#1635=EDGE_LOOP('',(#440,#441,#442,#443,#444,#445,#446,#447,#448,#449,#450,
#451));
#1636=EDGE_LOOP('',(#452,#453,#454,#455));
#1637=EDGE_LOOP('',(#456,#457,#458,#459));
#1638=EDGE_LOOP('',(#460,#461,#462,#463));
#1639=EDGE_LOOP('',(#464,#465,#466,#467));
#1640=EDGE_LOOP('',(#468,#469,#470,#471));
#1641=EDGE_LOOP('',(#472,#473,#474,#475));
#1642=EDGE_LOOP('',(#476,#477,#478,#479));
#1643=EDGE_LOOP('',(#480,#481,#482,#483));
#1644=EDGE_LOOP('',(#484,#485,#486,#487));
#1645=EDGE_LOOP('',(#488,#489,#490,#491));
#1646=EDGE_LOOP('',(#492,#493,#494,#495));
#1647=EDGE_LOOP('',(#496,#497,#498,#499));
#1648=EDGE_LOOP('',(#500,#501,#502,#503));
#1649=EDGE_LOOP('',(#504,#505,#506,#507));
#1650=EDGE_LOOP('',(#508,#509,#510,#511));
#1651=EDGE_LOOP('',(#512,#513,#514,#515));
#1652=EDGE_LOOP('',(#516,#517,#518,#519));
#1653=EDGE_LOOP('',(#520,#521,#522,#523));
#1654=EDGE_LOOP('',(#524,#525,#526,#527));
#1655=EDGE_LOOP('',(#528,#529,#530,#531));
#1656=EDGE_LOOP('',(#532,#533,#534,#535,#536,#537,#538,#539,#540,#541,#542,
#543));
#1657=EDGE_LOOP('',(#544,#545,#546,#547,#548,#549,#550,#551,#552,#553,#554,
#555));
#1658=EDGE_LOOP('',(#556,#557,#558,#559));
#1659=EDGE_LOOP('',(#560,#561,#562,#563));
#1660=EDGE_LOOP('',(#564,#565,#566,#567));
#1661=EDGE_LOOP('',(#568,#569,#570,#571));
#1662=EDGE_LOOP('',(#572,#573,#574,#575));
#1663=EDGE_LOOP('',(#576,#577,#578,#579));
#1664=EDGE_LOOP('',(#580,#581,#582,#583));
#1665=EDGE_LOOP('',(#584,#585,#586,#587));
#1666=EDGE_LOOP('',(#588,#589,#590,#591));
#1667=EDGE_LOOP('',(#592,#593,#594,#595));
#1668=EDGE_LOOP('',(#596,#597,#598,#599));
#1669=EDGE_LOOP('',(#600,#601,#602,#603));
#1670=EDGE_LOOP('',(#604,#605,#606,#607));
#1671=EDGE_LOOP('',(#608,#609,#610,#611));
#1672=EDGE_LOOP('',(#612,#613,#614,#615));
#1673=EDGE_LOOP('',(#616,#617,#618,#619));
#1674=EDGE_LOOP('',(#620,#621,#622,#623));
#1675=EDGE_LOOP('',(#624,#625,#626,#627));
#1676=EDGE_LOOP('',(#628,#629,#630,#631));
#1677=EDGE_LOOP('',(#632,#633,#634,#635));
#1678=FACE_BOUND('',#1558,.T.);
#1679=FACE_BOUND('',#1559,.T.);
#1680=FACE_BOUND('',#1560,.T.);
#1681=FACE_BOUND('',#1561,.T.);
#1682=FACE_BOUND('',#1562,.T.);
#1683=FACE_BOUND('',#1563,.T.);
#1684=FACE_BOUND('',#1564,.T.);
#1685=FACE_BOUND('',#1565,.T.);
#1686=FACE_BOUND('',#1566,.T.);
#1687=FACE_BOUND('',#1567,.T.);
#1688=FACE_BOUND('',#1568,.T.);
#1689=FACE_BOUND('',#1569,.T.);
#1690=FACE_BOUND('',#1570,.T.);
#1691=FACE_BOUND('',#1571,.T.);
#1692=FACE_BOUND('',#1572,.T.);
#1693=FACE_BOUND('',#1573,.T.);
#1694=FACE_BOUND('',#1574,.T.);
#1695=FACE_BOUND('',#1575,.T.);
#1696=FACE_BOUND('',#1576,.T.);
#1697=FACE_BOUND('',#1577,.T.);
#1698=FACE_BOUND('',#1578,.T.);
#1699=FACE_BOUND('',#1579,.T.);
#1700=FACE_BOUND('',#1580,.T.);
#1701=FACE_BOUND('',#1581,.T.);
#1702=FACE_BOUND('',#1582,.T.);
#1703=FACE_BOUND('',#1583,.T.);
#1704=FACE_BOUND('',#1584,.T.);
#1705=FACE_BOUND('',#1585,.T.);
#1706=FACE_BOUND('',#1586,.T.);
#1707=FACE_BOUND('',#1587,.T.);
#1708=FACE_BOUND('',#1588,.T.);
#1709=FACE_BOUND('',#1589,.T.);
#1710=FACE_BOUND('',#1590,.T.);
#1711=FACE_BOUND('',#1591,.T.);
#1712=FACE_BOUND('',#1592,.T.);
#1713=FACE_BOUND('',#1593,.T.);
#1714=FACE_BOUND('',#1594,.T.);
#1715=FACE_BOUND('',#1595,.T.);
#1716=FACE_BOUND('',#1596,.T.);
#1717=FACE_BOUND('',#1597,.T.);
#1718=FACE_BOUND('',#1598,.T.);
#1719=FACE_BOUND('',#1599,.T.);
#1720=FACE_BOUND('',#1600,.T.);
#1721=FACE_BOUND('',#1601,.T.);
#1722=FACE_BOUND('',#1602,.T.);
#1723=FACE_BOUND('',#1603,.T.);
#1724=FACE_BOUND('',#1604,.T.);
#1725=FACE_BOUND('',#1605,.T.);
#1726=FACE_BOUND('',#1606,.T.);
#1727=FACE_BOUND('',#1607,.T.);
#1728=FACE_BOUND('',#1608,.T.);
#1729=FACE_BOUND('',#1609,.T.);
#1730=FACE_BOUND('',#1610,.T.);
#1731=FACE_BOUND('',#1611,.T.);
#1732=FACE_BOUND('',#1612,.T.);
#1733=FACE_BOUND('',#1613,.T.);
#1734=FACE_BOUND('',#1614,.T.);
#1735=FACE_BOUND('',#1615,.T.);
#1736=FACE_BOUND('',#1616,.T.);
#1737=FACE_BOUND('',#1617,.T.);
#1738=FACE_BOUND('',#1618,.T.);
#1739=FACE_BOUND('',#1619,.T.);
#1740=FACE_BOUND('',#1620,.T.);
#1741=FACE_BOUND('',#1621,.T.);
#1742=FACE_BOUND('',#1622,.T.);
#1743=FACE_BOUND('',#1623,.T.);
#1744=FACE_BOUND('',#1624,.T.);
#1745=FACE_BOUND('',#1625,.T.);
#1746=FACE_BOUND('',#1626,.T.);
#1747=FACE_BOUND('',#1627,.T.);
#1748=FACE_BOUND('',#1628,.T.);
#1749=FACE_BOUND('',#1629,.T.);
#1750=FACE_BOUND('',#1630,.T.);
#1751=FACE_BOUND('',#1631,.T.);
#1752=FACE_BOUND('',#1632,.T.);
#1753=FACE_BOUND('',#1633,.T.);
#1754=FACE_BOUND('',#1634,.T.);
#1755=FACE_BOUND('',#1635,.T.);
#1756=FACE_BOUND('',#1636,.T.);
#1757=FACE_BOUND('',#1637,.T.);
#1758=FACE_BOUND('',#1638,.T.);
#1759=FACE_BOUND('',#1639,.T.);
#1760=FACE_BOUND('',#1640,.T.);
#1761=FACE_BOUND('',#1641,.T.);
#1762=FACE_BOUND('',#1642,.T.);
#1763=FACE_BOUND('',#1643,.T.);
#1764=FACE_BOUND('',#1644,.T.);
#1765=FACE_BOUND('',#1645,.T.);
#1766=FACE_BOUND('',#1646,.T.);
#1767=FACE_BOUND('',#1647,.T.);
#1768=FACE_BOUND('',#1648,.T.);
#1769=FACE_BOUND('',#1649,.T.);
#1770=FACE_BOUND('',#1650,.T.);
#1771=FACE_BOUND('',#1651,.T.);
#1772=FACE_BOUND('',#1652,.T.);
#1773=FACE_BOUND('',#1653,.T.);
#1774=FACE_BOUND('',#1654,.T.);
#1775=FACE_BOUND('',#1655,.T.);
#1776=FACE_BOUND('',#1656,.T.);
#1777=FACE_BOUND('',#1657,.T.);
#1778=FACE_BOUND('',#1658,.T.);
#1779=FACE_BOUND('',#1659,.T.);
#1780=FACE_BOUND('',#1660,.T.);
#1781=FACE_BOUND('',#1661,.T.);
#1782=FACE_BOUND('',#1662,.T.);
#1783=FACE_BOUND('',#1663,.T.);
#1784=FACE_BOUND('',#1664,.T.);
#1785=FACE_BOUND('',#1665,.T.);
#1786=FACE_BOUND('',#1666,.T.);
#1787=FACE_BOUND('',#1667,.T.);
#1788=FACE_BOUND('',#1668,.T.);
#1789=FACE_BOUND('',#1669,.T.);
#1790=FACE_BOUND('',#1670,.T.);
#1791=FACE_BOUND('',#1671,.T.);
#1792=FACE_BOUND('',#1672,.T.);
#1793=FACE_BOUND('',#1673,.T.);
#1794=FACE_BOUND('',#1674,.T.);
#1795=FACE_BOUND('',#1675,.T.);
#1796=FACE_BOUND('',#1676,.T.);
#1797=FACE_BOUND('',#1677,.T.);
#1798=PLANE('',#2180);
#1799=PLANE('',#2182);
#1800=PLANE('',#2184);
#1801=PLANE('',#2186);
#1802=PLANE('',#2188);
#1803=PLANE('',#2189);
#1804=PLANE('',#2190);
#1805=PLANE('',#2191);
#1806=PLANE('',#2192);
#1807=PLANE('',#2193);
#1808=PLANE('',#2195);
#1809=PLANE('',#2197);
#1810=PLANE('',#2198);
#1811=PLANE('',#2199);
#1812=PLANE('',#2200);
#1813=PLANE('',#2201);
#1814=PLANE('',#2203);
#1815=PLANE('',#2206);
#1816=PLANE('',#2208);
#1817=PLANE('',#2209);
#1818=PLANE('',#2210);
#1819=PLANE('',#2211);
#1820=PLANE('',#2213);
#1821=PLANE('',#2215);
#1822=PLANE('',#2216);
#1823=PLANE('',#2217);
#1824=PLANE('',#2218);
#1825=PLANE('',#2219);
#1826=PLANE('',#2220);
#1827=PLANE('',#2221);
#1828=PLANE('',#2222);
#1829=PLANE('',#2223);
#1830=PLANE('',#2224);
#1831=PLANE('',#2225);
#1832=PLANE('',#2226);
#1833=PLANE('',#2227);
#1834=PLANE('',#2228);
#1835=PLANE('',#2229);
#1836=PLANE('',#2230);
#1837=PLANE('',#2231);
#1838=PLANE('',#2232);
#1839=PLANE('',#2233);
#1840=PLANE('',#2234);
#1841=PLANE('',#2235);
#1842=PLANE('',#2236);
#1843=PLANE('',#2237);
#1844=PLANE('',#2238);
#1845=PLANE('',#2239);
#1846=PLANE('',#2240);
#1847=PLANE('',#2241);
#1848=PLANE('',#2242);
#1849=PLANE('',#2243);
#1850=PLANE('',#2244);
#1851=PLANE('',#2245);
#1852=PLANE('',#2250);
#1853=PLANE('',#2255);
#1854=PLANE('',#2257);
#1855=PLANE('',#2262);
#1856=PLANE('',#2267);
#1857=PLANE('',#2268);
#1858=PLANE('',#2269);
#1859=PLANE('',#2270);
#1860=PLANE('',#2271);
#1861=PLANE('',#2272);
#1862=PLANE('',#2273);
#1863=PLANE('',#2274);
#1864=PLANE('',#2275);
#1865=PLANE('',#2276);
#1866=PLANE('',#2278);
#1867=PLANE('',#2280);
#1868=PLANE('',#2281);
#1869=PLANE('',#2283);
#1870=PLANE('',#2285);
#1871=PLANE('',#2286);
#1872=PLANE('',#2290);
#1873=PLANE('',#2295);
#1874=PLANE('',#2300);
#1875=PLANE('',#2301);
#1876=PLANE('',#2302);
#1877=PLANE('',#2303);
#1878=PLANE('',#2304);
#1879=PLANE('',#2305);
#1880=PLANE('',#2306);
#1881=PLANE('',#2307);
#1882=PLANE('',#2308);
#1883=PLANE('',#2309);
#1884=PLANE('',#2311);
#1885=PLANE('',#2313);
#1886=PLANE('',#2314);
#1887=PLANE('',#2316);
#1888=PLANE('',#2318);
#1889=PLANE('',#2319);
#1890=ADVANCED_FACE('',(#1678),#1798,.T.);
#1891=ADVANCED_FACE('',(#1679),#1799,.T.);
#1892=ADVANCED_FACE('',(#1680),#1800,.T.);
#1893=ADVANCED_FACE('',(#1681),#1801,.T.);
#1894=ADVANCED_FACE('',(#1682),#1802,.F.);
#1895=ADVANCED_FACE('',(#1683),#1803,.F.);
#1896=ADVANCED_FACE('',(#1684),#1804,.T.);
#1897=ADVANCED_FACE('',(#1685),#1805,.T.);
#1898=ADVANCED_FACE('',(#1686),#1806,.T.);
#1899=ADVANCED_FACE('',(#1687),#1807,.T.);
#1900=ADVANCED_FACE('',(#1688),#1808,.T.);
#1901=ADVANCED_FACE('',(#1689),#1809,.T.);
#1902=ADVANCED_FACE('',(#1690),#1810,.T.);
#1903=ADVANCED_FACE('',(#1691),#1811,.T.);
#1904=ADVANCED_FACE('',(#1692,#1693,#1694,#1695,#1696,#1697,#1698),#1812,
 .T.);
#1905=ADVANCED_FACE('',(#1699),#1813,.T.);
#1906=ADVANCED_FACE('',(#1700),#1814,.T.);
#1907=ADVANCED_FACE('',(#1701),#1815,.T.);
#1908=ADVANCED_FACE('',(#1702),#1816,.T.);
#1909=ADVANCED_FACE('',(#1703),#1817,.T.);
#1910=ADVANCED_FACE('',(#1704),#1818,.T.);
#1911=ADVANCED_FACE('',(#1705),#1819,.T.);
#1912=ADVANCED_FACE('',(#1706),#1820,.T.);
#1913=ADVANCED_FACE('',(#1707),#1821,.T.);
#1914=ADVANCED_FACE('',(#1708),#1822,.T.);
#1915=ADVANCED_FACE('',(#1709),#1823,.T.);
#1916=ADVANCED_FACE('',(#1710),#1824,.T.);
#1917=ADVANCED_FACE('',(#1711),#1825,.F.);
#1918=ADVANCED_FACE('',(#1712),#1826,.F.);
#1919=ADVANCED_FACE('',(#1713),#1827,.F.);
#1920=ADVANCED_FACE('',(#1714),#1828,.F.);
#1921=ADVANCED_FACE('',(#1715),#1829,.F.);
#1922=ADVANCED_FACE('',(#1716),#1830,.F.);
#1923=ADVANCED_FACE('',(#1717),#1831,.F.);
#1924=ADVANCED_FACE('',(#1718),#1832,.F.);
#1925=ADVANCED_FACE('',(#1719),#1833,.F.);
#1926=ADVANCED_FACE('',(#1720),#1834,.F.);
#1927=ADVANCED_FACE('',(#1721),#1835,.F.);
#1928=ADVANCED_FACE('',(#1722),#1836,.F.);
#1929=ADVANCED_FACE('',(#1723),#1837,.F.);
#1930=ADVANCED_FACE('',(#1724),#1838,.F.);
#1931=ADVANCED_FACE('',(#1725),#1839,.F.);
#1932=ADVANCED_FACE('',(#1726),#1840,.F.);
#1933=ADVANCED_FACE('',(#1727),#1841,.F.);
#1934=ADVANCED_FACE('',(#1728),#1842,.F.);
#1935=ADVANCED_FACE('',(#1729),#1843,.F.);
#1936=ADVANCED_FACE('',(#1730),#1844,.F.);
#1937=ADVANCED_FACE('',(#1731),#1845,.F.);
#1938=ADVANCED_FACE('',(#1732),#1846,.F.);
#1939=ADVANCED_FACE('',(#1733),#1847,.F.);
#1940=ADVANCED_FACE('',(#1734),#1848,.F.);
#1941=ADVANCED_FACE('',(#1735,#1736,#1737,#1738,#1739,#1740,#1741),#1849,
 .F.);
#1942=ADVANCED_FACE('',(#1742),#1850,.T.);
#1943=ADVANCED_FACE('',(#1743),#1851,.T.);
#1944=ADVANCED_FACE('',(#1744,#1745),#54,.T.);
#1945=ADVANCED_FACE('',(#1746,#1747),#52,.T.);
#1946=ADVANCED_FACE('',(#1748),#1852,.F.);
#1947=ADVANCED_FACE('',(#1749,#1750),#55,.T.);
#1948=ADVANCED_FACE('',(#1751,#1752),#53,.T.);
#1949=ADVANCED_FACE('',(#1753),#1853,.F.);
#1950=ADVANCED_FACE('',(#1754),#1854,.T.);
#1951=ADVANCED_FACE('',(#1755),#1855,.F.);
#1952=ADVANCED_FACE('',(#1756),#1856,.F.);
#1953=ADVANCED_FACE('',(#1757),#1857,.F.);
#1954=ADVANCED_FACE('',(#1758),#1858,.F.);
#1955=ADVANCED_FACE('',(#1759),#1859,.F.);
#1956=ADVANCED_FACE('',(#1760),#1860,.F.);
#1957=ADVANCED_FACE('',(#1761),#1861,.F.);
#1958=ADVANCED_FACE('',(#1762),#1862,.F.);
#1959=ADVANCED_FACE('',(#1763),#1863,.F.);
#1960=ADVANCED_FACE('',(#1764),#1864,.T.);
#1961=ADVANCED_FACE('',(#1765),#1865,.T.);
#1962=ADVANCED_FACE('',(#1766),#56,.F.);
#1963=ADVANCED_FACE('',(#1767),#1866,.F.);
#1964=ADVANCED_FACE('',(#1768),#57,.T.);
#1965=ADVANCED_FACE('',(#1769),#1867,.F.);
#1966=ADVANCED_FACE('',(#1770),#1868,.F.);
#1967=ADVANCED_FACE('',(#1771),#58,.F.);
#1968=ADVANCED_FACE('',(#1772),#1869,.F.);
#1969=ADVANCED_FACE('',(#1773),#59,.T.);
#1970=ADVANCED_FACE('',(#1774),#1870,.T.);
#1971=ADVANCED_FACE('',(#1775),#1871,.T.);
#1972=ADVANCED_FACE('',(#1776),#1872,.T.);
#1973=ADVANCED_FACE('',(#1777),#1873,.F.);
#1974=ADVANCED_FACE('',(#1778),#1874,.F.);
#1975=ADVANCED_FACE('',(#1779),#1875,.F.);
#1976=ADVANCED_FACE('',(#1780),#1876,.F.);
#1977=ADVANCED_FACE('',(#1781),#1877,.F.);
#1978=ADVANCED_FACE('',(#1782),#1878,.F.);
#1979=ADVANCED_FACE('',(#1783),#1879,.F.);
#1980=ADVANCED_FACE('',(#1784),#1880,.F.);
#1981=ADVANCED_FACE('',(#1785),#1881,.F.);
#1982=ADVANCED_FACE('',(#1786),#1882,.T.);
#1983=ADVANCED_FACE('',(#1787),#1883,.T.);
#1984=ADVANCED_FACE('',(#1788),#60,.F.);
#1985=ADVANCED_FACE('',(#1789),#1884,.F.);
#1986=ADVANCED_FACE('',(#1790),#61,.T.);
#1987=ADVANCED_FACE('',(#1791),#1885,.F.);
#1988=ADVANCED_FACE('',(#1792),#1886,.F.);
#1989=ADVANCED_FACE('',(#1793),#62,.F.);
#1990=ADVANCED_FACE('',(#1794),#1887,.F.);
#1991=ADVANCED_FACE('',(#1795),#63,.T.);
#1992=ADVANCED_FACE('',(#1796),#1888,.T.);
#1993=ADVANCED_FACE('',(#1797),#1889,.T.);
#1994=CLOSED_SHELL('',(#1890,#1891,#1892,#1893,#1894,#1895,#1896,#1897,
#1898,#1899,#1900,#1901,#1902,#1903,#1904,#1905,#1906,#1907,#1908,#1909,
#1910,#1911,#1912,#1913,#1914,#1915,#1916,#1917,#1918,#1919,#1920,#1921,
#1922,#1923,#1924,#1925,#1926,#1927,#1928,#1929,#1930,#1931,#1932,#1933,
#1934,#1935,#1936,#1937,#1938,#1939,#1940,#1941,#1942,#1943,#1944,#1945,
#1946,#1947,#1948,#1949));
#1995=CLOSED_SHELL('',(#1950,#1951,#1952,#1953,#1954,#1955,#1956,#1957,
#1958,#1959,#1960,#1961,#1962,#1963,#1964,#1965,#1966,#1967,#1968,#1969,
#1970,#1971));
#1996=CLOSED_SHELL('',(#1972,#1973,#1974,#1975,#1976,#1977,#1978,#1979,
#1980,#1981,#1982,#1983,#1984,#1985,#1986,#1987,#1988,#1989,#1990,#1991,
#1992,#1993));
#1997=STYLED_ITEM('',(#2021),#2168);
#1998=STYLED_ITEM('',(#2022),#2169);
#1999=STYLED_ITEM('',(#2023),#1972);
#2000=STYLED_ITEM('',(#2024),#1973);
#2001=STYLED_ITEM('',(#2025),#1974);
#2002=STYLED_ITEM('',(#2026),#1975);
#2003=STYLED_ITEM('',(#2027),#1976);
#2004=STYLED_ITEM('',(#2028),#1977);
#2005=STYLED_ITEM('',(#2029),#1978);
#2006=STYLED_ITEM('',(#2030),#1979);
#2007=STYLED_ITEM('',(#2031),#1980);
#2008=STYLED_ITEM('',(#2032),#1981);
#2009=STYLED_ITEM('',(#2033),#1982);
#2010=STYLED_ITEM('',(#2034),#1983);
#2011=STYLED_ITEM('',(#2035),#1984);
#2012=STYLED_ITEM('',(#2036),#1985);
#2013=STYLED_ITEM('',(#2037),#1986);
#2014=STYLED_ITEM('',(#2038),#1987);
#2015=STYLED_ITEM('',(#2039),#1988);
#2016=STYLED_ITEM('',(#2040),#1989);
#2017=STYLED_ITEM('',(#2041),#1990);
#2018=STYLED_ITEM('',(#2042),#1991);
#2019=STYLED_ITEM('',(#2043),#1992);
#2020=STYLED_ITEM('',(#2044),#1993);
#2021=PRESENTATION_STYLE_ASSIGNMENT((#2045));
#2022=PRESENTATION_STYLE_ASSIGNMENT((#2046));
#2023=PRESENTATION_STYLE_ASSIGNMENT((#2047));
#2024=PRESENTATION_STYLE_ASSIGNMENT((#2048));
#2025=PRESENTATION_STYLE_ASSIGNMENT((#2049));
#2026=PRESENTATION_STYLE_ASSIGNMENT((#2050));
#2027=PRESENTATION_STYLE_ASSIGNMENT((#2051));
#2028=PRESENTATION_STYLE_ASSIGNMENT((#2052));
#2029=PRESENTATION_STYLE_ASSIGNMENT((#2053));
#2030=PRESENTATION_STYLE_ASSIGNMENT((#2054));
#2031=PRESENTATION_STYLE_ASSIGNMENT((#2055));
#2032=PRESENTATION_STYLE_ASSIGNMENT((#2056));
#2033=PRESENTATION_STYLE_ASSIGNMENT((#2057));
#2034=PRESENTATION_STYLE_ASSIGNMENT((#2058));
#2035=PRESENTATION_STYLE_ASSIGNMENT((#2059));
#2036=PRESENTATION_STYLE_ASSIGNMENT((#2060));
#2037=PRESENTATION_STYLE_ASSIGNMENT((#2061));
#2038=PRESENTATION_STYLE_ASSIGNMENT((#2062));
#2039=PRESENTATION_STYLE_ASSIGNMENT((#2063));
#2040=PRESENTATION_STYLE_ASSIGNMENT((#2064));
#2041=PRESENTATION_STYLE_ASSIGNMENT((#2065));
#2042=PRESENTATION_STYLE_ASSIGNMENT((#2066));
#2043=PRESENTATION_STYLE_ASSIGNMENT((#2067));
#2044=PRESENTATION_STYLE_ASSIGNMENT((#2068));
#2045=SURFACE_STYLE_USAGE(.BOTH.,#2069);
#2046=SURFACE_STYLE_USAGE(.BOTH.,#2070);
#2047=SURFACE_STYLE_USAGE(.BOTH.,#2071);
#2048=SURFACE_STYLE_USAGE(.BOTH.,#2072);
#2049=SURFACE_STYLE_USAGE(.BOTH.,#2073);
#2050=SURFACE_STYLE_USAGE(.BOTH.,#2074);
#2051=SURFACE_STYLE_USAGE(.BOTH.,#2075);
#2052=SURFACE_STYLE_USAGE(.BOTH.,#2076);
#2053=SURFACE_STYLE_USAGE(.BOTH.,#2077);
#2054=SURFACE_STYLE_USAGE(.BOTH.,#2078);
#2055=SURFACE_STYLE_USAGE(.BOTH.,#2079);
#2056=SURFACE_STYLE_USAGE(.BOTH.,#2080);
#2057=SURFACE_STYLE_USAGE(.BOTH.,#2081);
#2058=SURFACE_STYLE_USAGE(.BOTH.,#2082);
#2059=SURFACE_STYLE_USAGE(.BOTH.,#2083);
#2060=SURFACE_STYLE_USAGE(.BOTH.,#2084);
#2061=SURFACE_STYLE_USAGE(.BOTH.,#2085);
#2062=SURFACE_STYLE_USAGE(.BOTH.,#2086);
#2063=SURFACE_STYLE_USAGE(.BOTH.,#2087);
#2064=SURFACE_STYLE_USAGE(.BOTH.,#2088);
#2065=SURFACE_STYLE_USAGE(.BOTH.,#2089);
#2066=SURFACE_STYLE_USAGE(.BOTH.,#2090);
#2067=SURFACE_STYLE_USAGE(.BOTH.,#2091);
#2068=SURFACE_STYLE_USAGE(.BOTH.,#2092);
#2069=SURFACE_SIDE_STYLE('',(#2093));
#2070=SURFACE_SIDE_STYLE('',(#2094));
#2071=SURFACE_SIDE_STYLE('',(#2095));
#2072=SURFACE_SIDE_STYLE('',(#2096));
#2073=SURFACE_SIDE_STYLE('',(#2097));
#2074=SURFACE_SIDE_STYLE('',(#2098));
#2075=SURFACE_SIDE_STYLE('',(#2099));
#2076=SURFACE_SIDE_STYLE('',(#2100));
#2077=SURFACE_SIDE_STYLE('',(#2101));
#2078=SURFACE_SIDE_STYLE('',(#2102));
#2079=SURFACE_SIDE_STYLE('',(#2103));
#2080=SURFACE_SIDE_STYLE('',(#2104));
#2081=SURFACE_SIDE_STYLE('',(#2105));
#2082=SURFACE_SIDE_STYLE('',(#2106));
#2083=SURFACE_SIDE_STYLE('',(#2107));
#2084=SURFACE_SIDE_STYLE('',(#2108));
#2085=SURFACE_SIDE_STYLE('',(#2109));
#2086=SURFACE_SIDE_STYLE('',(#2110));
#2087=SURFACE_SIDE_STYLE('',(#2111));
#2088=SURFACE_SIDE_STYLE('',(#2112));
#2089=SURFACE_SIDE_STYLE('',(#2113));
#2090=SURFACE_SIDE_STYLE('',(#2114));
#2091=SURFACE_SIDE_STYLE('',(#2115));
#2092=SURFACE_SIDE_STYLE('',(#2116));
#2093=SURFACE_STYLE_FILL_AREA(#2117);
#2094=SURFACE_STYLE_FILL_AREA(#2118);
#2095=SURFACE_STYLE_FILL_AREA(#2119);
#2096=SURFACE_STYLE_FILL_AREA(#2120);
#2097=SURFACE_STYLE_FILL_AREA(#2121);
#2098=SURFACE_STYLE_FILL_AREA(#2122);
#2099=SURFACE_STYLE_FILL_AREA(#2123);
#2100=SURFACE_STYLE_FILL_AREA(#2124);
#2101=SURFACE_STYLE_FILL_AREA(#2125);
#2102=SURFACE_STYLE_FILL_AREA(#2126);
#2103=SURFACE_STYLE_FILL_AREA(#2127);
#2104=SURFACE_STYLE_FILL_AREA(#2128);
#2105=SURFACE_STYLE_FILL_AREA(#2129);
#2106=SURFACE_STYLE_FILL_AREA(#2130);
#2107=SURFACE_STYLE_FILL_AREA(#2131);
#2108=SURFACE_STYLE_FILL_AREA(#2132);
#2109=SURFACE_STYLE_FILL_AREA(#2133);
#2110=SURFACE_STYLE_FILL_AREA(#2134);
#2111=SURFACE_STYLE_FILL_AREA(#2135);
#2112=SURFACE_STYLE_FILL_AREA(#2136);
#2113=SURFACE_STYLE_FILL_AREA(#2137);
#2114=SURFACE_STYLE_FILL_AREA(#2138);
#2115=SURFACE_STYLE_FILL_AREA(#2139);
#2116=SURFACE_STYLE_FILL_AREA(#2140);
#2117=FILL_AREA_STYLE('',(#2141));
#2118=FILL_AREA_STYLE('',(#2142));
#2119=FILL_AREA_STYLE('',(#2143));
#2120=FILL_AREA_STYLE('',(#2144));
#2121=FILL_AREA_STYLE('',(#2145));
#2122=FILL_AREA_STYLE('',(#2146));
#2123=FILL_AREA_STYLE('',(#2147));
#2124=FILL_AREA_STYLE('',(#2148));
#2125=FILL_AREA_STYLE('',(#2149));
#2126=FILL_AREA_STYLE('',(#2150));
#2127=FILL_AREA_STYLE('',(#2151));
#2128=FILL_AREA_STYLE('',(#2152));
#2129=FILL_AREA_STYLE('',(#2153));
#2130=FILL_AREA_STYLE('',(#2154));
#2131=FILL_AREA_STYLE('',(#2155));
#2132=FILL_AREA_STYLE('',(#2156));
#2133=FILL_AREA_STYLE('',(#2157));
#2134=FILL_AREA_STYLE('',(#2158));
#2135=FILL_AREA_STYLE('',(#2159));
#2136=FILL_AREA_STYLE('',(#2160));
#2137=FILL_AREA_STYLE('',(#2161));
#2138=FILL_AREA_STYLE('',(#2162));
#2139=FILL_AREA_STYLE('',(#2163));
#2140=FILL_AREA_STYLE('',(#2164));
#2141=FILL_AREA_STYLE_COLOUR('',#2165);
#2142=FILL_AREA_STYLE_COLOUR('',#2166);
#2143=FILL_AREA_STYLE_COLOUR('',#2166);
#2144=FILL_AREA_STYLE_COLOUR('',#2166);
#2145=FILL_AREA_STYLE_COLOUR('',#2166);
#2146=FILL_AREA_STYLE_COLOUR('',#2166);
#2147=FILL_AREA_STYLE_COLOUR('',#2166);
#2148=FILL_AREA_STYLE_COLOUR('',#2166);
#2149=FILL_AREA_STYLE_COLOUR('',#2166);
#2150=FILL_AREA_STYLE_COLOUR('',#2166);
#2151=FILL_AREA_STYLE_COLOUR('',#2166);
#2152=FILL_AREA_STYLE_COLOUR('',#2166);
#2153=FILL_AREA_STYLE_COLOUR('',#2166);
#2154=FILL_AREA_STYLE_COLOUR('',#2166);
#2155=FILL_AREA_STYLE_COLOUR('',#2166);
#2156=FILL_AREA_STYLE_COLOUR('',#2166);
#2157=FILL_AREA_STYLE_COLOUR('',#2166);
#2158=FILL_AREA_STYLE_COLOUR('',#2166);
#2159=FILL_AREA_STYLE_COLOUR('',#2166);
#2160=FILL_AREA_STYLE_COLOUR('',#2166);
#2161=FILL_AREA_STYLE_COLOUR('',#2166);
#2162=FILL_AREA_STYLE_COLOUR('',#2166);
#2163=FILL_AREA_STYLE_COLOUR('',#2167);
#2164=FILL_AREA_STYLE_COLOUR('',#2167);
#2165=COLOUR_RGB('',0.140000000596046,0.119999997317791,0.129999995231628);
#2166=COLOUR_RGB('',0.783999979496,0.71399998664856,0.52899998426437);
#2167=COLOUR_RGB('',0.689999997615814,0.689999997615814,0.689999997615814);
#2168=MANIFOLD_SOLID_BREP('BG066-06-A-0710-N-B_H',#1994);
#2169=MANIFOLD_SOLID_BREP('BG066-06-A-0710-N-B_P1',#1995);
#2170=MANIFOLD_SOLID_BREP('BG066-06-A-0710-N-B_P2',#1996);
#2171=SHAPE_DEFINITION_REPRESENTATION(#3419,#2175);
#2172=SHAPE_DEFINITION_REPRESENTATION(#3420,#2176);
#2173=SHAPE_DEFINITION_REPRESENTATION(#3422,#2177);
#2174=SHAPE_DEFINITION_REPRESENTATION(#3426,#2178);
#2175=SHAPE_REPRESENTATION('BG066-06-A-0710-N-B',(#2179,#2256,#2287,#2288,
#2289,#2320,#2321,#2322),#3408);
#2176=SHAPE_REPRESENTATION('BG066-06-A-0710-N-B_H',(#2179),#3409);
#2177=SHAPE_REPRESENTATION('BG066-06-A-0710-N-B_P1',(#2179),#3410);
#2178=SHAPE_REPRESENTATION('BG066-06-A-0710-N-B_P2',(#2179),#3411);
#2179=AXIS2_PLACEMENT_3D('',#2849,#2323,#2324);
#2180=AXIS2_PLACEMENT_3D('',#2850,#2325,#2326);
#2181=AXIS2_PLACEMENT_3D('',#2854,#2328,#2329);
#2182=AXIS2_PLACEMENT_3D('',#2859,#2332,#2333);
#2183=AXIS2_PLACEMENT_3D('',#2863,#2335,#2336);
#2184=AXIS2_PLACEMENT_3D('',#2868,#2339,#2340);
#2185=AXIS2_PLACEMENT_3D('',#2872,#2342,#2343);
#2186=AXIS2_PLACEMENT_3D('',#2877,#2346,#2347);
#2187=AXIS2_PLACEMENT_3D('',#2881,#2349,#2350);
#2188=AXIS2_PLACEMENT_3D('',#2886,#2353,#2354);
#2189=AXIS2_PLACEMENT_3D('',#2911,#2367,#2368);
#2190=AXIS2_PLACEMENT_3D('',#2930,#2379,#2380);
#2191=AXIS2_PLACEMENT_3D('',#2941,#2387,#2388);
#2192=AXIS2_PLACEMENT_3D('',#2952,#2395,#2396);
#2193=AXIS2_PLACEMENT_3D('',#2956,#2399,#2400);
#2194=AXIS2_PLACEMENT_3D('',#2959,#2402,#2403);
#2195=AXIS2_PLACEMENT_3D('',#2961,#2405,#2406);
#2196=AXIS2_PLACEMENT_3D('',#2962,#2407,#2408);
#2197=AXIS2_PLACEMENT_3D('',#2963,#2409,#2410);
#2198=AXIS2_PLACEMENT_3D('',#2969,#2414,#2415);
#2199=AXIS2_PLACEMENT_3D('',#2973,#2418,#2419);
#2200=AXIS2_PLACEMENT_3D('',#2975,#2421,#2422);
#2201=AXIS2_PLACEMENT_3D('',#3043,#2458,#2459);
#2202=AXIS2_PLACEMENT_3D('',#3044,#2460,#2461);
#2203=AXIS2_PLACEMENT_3D('',#3047,#2463,#2464);
#2204=AXIS2_PLACEMENT_3D('',#3050,#2466,#2467);
#2205=AXIS2_PLACEMENT_3D('',#3051,#2468,#2469);
#2206=AXIS2_PLACEMENT_3D('',#3052,#2470,#2471);
#2207=AXIS2_PLACEMENT_3D('',#3053,#2472,#2473);
#2208=AXIS2_PLACEMENT_3D('',#3054,#2474,#2475);
#2209=AXIS2_PLACEMENT_3D('',#3057,#2478,#2479);
#2210=AXIS2_PLACEMENT_3D('',#3059,#2481,#2482);
#2211=AXIS2_PLACEMENT_3D('',#3060,#2483,#2484);
#2212=AXIS2_PLACEMENT_3D('',#3061,#2485,#2486);
#2213=AXIS2_PLACEMENT_3D('',#3064,#2488,#2489);
#2214=AXIS2_PLACEMENT_3D('',#3065,#2490,#2491);
#2215=AXIS2_PLACEMENT_3D('',#3067,#2493,#2494);
#2216=AXIS2_PLACEMENT_3D('',#3068,#2495,#2496);
#2217=AXIS2_PLACEMENT_3D('',#3070,#2498,#2499);
#2218=AXIS2_PLACEMENT_3D('',#3072,#2501,#2502);
#2219=AXIS2_PLACEMENT_3D('',#3073,#2503,#2504);
#2220=AXIS2_PLACEMENT_3D('',#3079,#2508,#2509);
#2221=AXIS2_PLACEMENT_3D('',#3083,#2512,#2513);
#2222=AXIS2_PLACEMENT_3D('',#3087,#2516,#2517);
#2223=AXIS2_PLACEMENT_3D('',#3089,#2519,#2520);
#2224=AXIS2_PLACEMENT_3D('',#3095,#2524,#2525);
#2225=AXIS2_PLACEMENT_3D('',#3099,#2528,#2529);
#2226=AXIS2_PLACEMENT_3D('',#3103,#2532,#2533);
#2227=AXIS2_PLACEMENT_3D('',#3105,#2535,#2536);
#2228=AXIS2_PLACEMENT_3D('',#3111,#2540,#2541);
#2229=AXIS2_PLACEMENT_3D('',#3115,#2544,#2545);
#2230=AXIS2_PLACEMENT_3D('',#3119,#2548,#2549);
#2231=AXIS2_PLACEMENT_3D('',#3121,#2551,#2552);
#2232=AXIS2_PLACEMENT_3D('',#3127,#2556,#2557);
#2233=AXIS2_PLACEMENT_3D('',#3131,#2560,#2561);
#2234=AXIS2_PLACEMENT_3D('',#3135,#2564,#2565);
#2235=AXIS2_PLACEMENT_3D('',#3137,#2567,#2568);
#2236=AXIS2_PLACEMENT_3D('',#3143,#2572,#2573);
#2237=AXIS2_PLACEMENT_3D('',#3147,#2576,#2577);
#2238=AXIS2_PLACEMENT_3D('',#3151,#2580,#2581);
#2239=AXIS2_PLACEMENT_3D('',#3153,#2583,#2584);
#2240=AXIS2_PLACEMENT_3D('',#3159,#2588,#2589);
#2241=AXIS2_PLACEMENT_3D('',#3163,#2592,#2593);
#2242=AXIS2_PLACEMENT_3D('',#3167,#2596,#2597);
#2243=AXIS2_PLACEMENT_3D('',#3169,#2599,#2600);
#2244=AXIS2_PLACEMENT_3D('',#3172,#2603,#2604);
#2245=AXIS2_PLACEMENT_3D('',#3173,#2605,#2606);
#2246=AXIS2_PLACEMENT_3D('',#3174,#2607,#2608);
#2247=AXIS2_PLACEMENT_3D('',#3175,#2609,#2610);
#2248=AXIS2_PLACEMENT_3D('',#3177,#2611,#2612);
#2249=AXIS2_PLACEMENT_3D('',#3178,#2613,#2614);
#2250=AXIS2_PLACEMENT_3D('',#3180,#2615,#2616);
#2251=AXIS2_PLACEMENT_3D('',#3181,#2617,#2618);
#2252=AXIS2_PLACEMENT_3D('',#3182,#2619,#2620);
#2253=AXIS2_PLACEMENT_3D('',#3184,#2621,#2622);
#2254=AXIS2_PLACEMENT_3D('',#3185,#2623,#2624);
#2255=AXIS2_PLACEMENT_3D('',#3187,#2625,#2626);
#2256=AXIS2_PLACEMENT_3D('',#3188,#2627,#2628);
#2257=AXIS2_PLACEMENT_3D('',#3189,#2629,#2630);
#2258=AXIS2_PLACEMENT_3D('',#3197,#2634,#2635);
#2259=AXIS2_PLACEMENT_3D('',#3201,#2637,#2638);
#2260=AXIS2_PLACEMENT_3D('',#3209,#2642,#2643);
#2261=AXIS2_PLACEMENT_3D('',#3213,#2645,#2646);
#2262=AXIS2_PLACEMENT_3D('',#3214,#2647,#2648);
#2263=AXIS2_PLACEMENT_3D('',#3220,#2651,#2652);
#2264=AXIS2_PLACEMENT_3D('',#3224,#2654,#2655);
#2265=AXIS2_PLACEMENT_3D('',#3232,#2659,#2660);
#2266=AXIS2_PLACEMENT_3D('',#3236,#2662,#2663);
#2267=AXIS2_PLACEMENT_3D('',#3239,#2665,#2666);
#2268=AXIS2_PLACEMENT_3D('',#3246,#2671,#2672);
#2269=AXIS2_PLACEMENT_3D('',#3252,#2676,#2677);
#2270=AXIS2_PLACEMENT_3D('',#3256,#2681,#2682);
#2271=AXIS2_PLACEMENT_3D('',#3265,#2687,#2688);
#2272=AXIS2_PLACEMENT_3D('',#3269,#2692,#2693);
#2273=AXIS2_PLACEMENT_3D('',#3273,#2697,#2698);
#2274=AXIS2_PLACEMENT_3D('',#3275,#2700,#2701);
#2275=AXIS2_PLACEMENT_3D('',#3277,#2703,#2704);
#2276=AXIS2_PLACEMENT_3D('',#3278,#2705,#2706);
#2277=AXIS2_PLACEMENT_3D('',#3279,#2707,#2708);
#2278=AXIS2_PLACEMENT_3D('',#3281,#2710,#2711);
#2279=AXIS2_PLACEMENT_3D('',#3283,#2713,#2714);
#2280=AXIS2_PLACEMENT_3D('',#3285,#2716,#2717);
#2281=AXIS2_PLACEMENT_3D('',#3286,#2718,#2719);
#2282=AXIS2_PLACEMENT_3D('',#3288,#2721,#2722);
#2283=AXIS2_PLACEMENT_3D('',#3290,#2724,#2725);
#2284=AXIS2_PLACEMENT_3D('',#3292,#2727,#2728);
#2285=AXIS2_PLACEMENT_3D('',#3293,#2729,#2730);
#2286=AXIS2_PLACEMENT_3D('',#3294,#2731,#2732);
#2287=AXIS2_PLACEMENT_3D('',#3295,#2733,#2734);
#2288=AXIS2_PLACEMENT_3D('',#3296,#2735,#2736);
#2289=AXIS2_PLACEMENT_3D('',#3297,#2737,#2738);
#2290=AXIS2_PLACEMENT_3D('',#3298,#2739,#2740);
#2291=AXIS2_PLACEMENT_3D('',#3306,#2744,#2745);
#2292=AXIS2_PLACEMENT_3D('',#3310,#2747,#2748);
#2293=AXIS2_PLACEMENT_3D('',#3318,#2752,#2753);
#2294=AXIS2_PLACEMENT_3D('',#3322,#2755,#2756);
#2295=AXIS2_PLACEMENT_3D('',#3323,#2757,#2758);
#2296=AXIS2_PLACEMENT_3D('',#3329,#2761,#2762);
#2297=AXIS2_PLACEMENT_3D('',#3333,#2764,#2765);
#2298=AXIS2_PLACEMENT_3D('',#3341,#2769,#2770);
#2299=AXIS2_PLACEMENT_3D('',#3345,#2772,#2773);
#2300=AXIS2_PLACEMENT_3D('',#3348,#2775,#2776);
#2301=AXIS2_PLACEMENT_3D('',#3355,#2781,#2782);
#2302=AXIS2_PLACEMENT_3D('',#3361,#2786,#2787);
#2303=AXIS2_PLACEMENT_3D('',#3365,#2791,#2792);
#2304=AXIS2_PLACEMENT_3D('',#3374,#2797,#2798);
#2305=AXIS2_PLACEMENT_3D('',#3378,#2802,#2803);
#2306=AXIS2_PLACEMENT_3D('',#3382,#2807,#2808);
#2307=AXIS2_PLACEMENT_3D('',#3384,#2810,#2811);
#2308=AXIS2_PLACEMENT_3D('',#3386,#2813,#2814);
#2309=AXIS2_PLACEMENT_3D('',#3387,#2815,#2816);
#2310=AXIS2_PLACEMENT_3D('',#3388,#2817,#2818);
#2311=AXIS2_PLACEMENT_3D('',#3390,#2820,#2821);
#2312=AXIS2_PLACEMENT_3D('',#3392,#2823,#2824);
#2313=AXIS2_PLACEMENT_3D('',#3394,#2826,#2827);
#2314=AXIS2_PLACEMENT_3D('',#3395,#2828,#2829);
#2315=AXIS2_PLACEMENT_3D('',#3397,#2831,#2832);
#2316=AXIS2_PLACEMENT_3D('',#3399,#2834,#2835);
#2317=AXIS2_PLACEMENT_3D('',#3401,#2837,#2838);
#2318=AXIS2_PLACEMENT_3D('',#3402,#2839,#2840);
#2319=AXIS2_PLACEMENT_3D('',#3403,#2841,#2842);
#2320=AXIS2_PLACEMENT_3D('',#3404,#2843,#2844);
#2321=AXIS2_PLACEMENT_3D('',#3405,#2845,#2846);
#2322=AXIS2_PLACEMENT_3D('',#3406,#2847,#2848);
#2323=DIRECTION('',(0.,0.,1.));
#2324=DIRECTION('',(1.,0.,0.));
#2325=DIRECTION('',(0.70710678118655,-0.707106781186545,0.));
#2326=DIRECTION('',(0.707106781186545,0.70710678118655,0.));
#2327=DIRECTION('',(0.,0.,1.));
#2328=DIRECTION('',(0.70710678118655,-0.707106781186545,0.));
#2329=DIRECTION('',(-0.707106781186545,-0.70710678118655,0.));
#2330=DIRECTION('',(0.,0.,1.));
#2331=DIRECTION('',(0.707106781186546,0.70710678118655,0.));
#2332=DIRECTION('',(-0.707106781186548,-0.707106781186547,0.));
#2333=DIRECTION('',(0.707106781186547,-0.707106781186548,0.));
#2334=DIRECTION('',(0.,0.,1.));
#2335=DIRECTION('',(-0.707106781186548,-0.707106781186547,0.));
#2336=DIRECTION('',(0.707106781186547,-0.707106781186548,0.));
#2337=DIRECTION('',(0.,0.,1.));
#2338=DIRECTION('',(0.707106781186547,-0.707106781186548,0.));
#2339=DIRECTION('',(0.70710678118655,-0.707106781186545,0.));
#2340=DIRECTION('',(0.707106781186545,0.70710678118655,0.));
#2341=DIRECTION('',(0.,0.,1.));
#2342=DIRECTION('',(0.70710678118655,-0.707106781186545,0.));
#2343=DIRECTION('',(-0.707106781186545,-0.70710678118655,0.));
#2344=DIRECTION('',(0.,0.,1.));
#2345=DIRECTION('',(0.707106781186546,0.70710678118655,0.));
#2346=DIRECTION('',(-0.707106781186548,-0.707106781186547,0.));
#2347=DIRECTION('',(0.707106781186547,-0.707106781186548,0.));
#2348=DIRECTION('',(0.,0.,1.));
#2349=DIRECTION('',(-0.707106781186548,-0.707106781186547,0.));
#2350=DIRECTION('',(0.707106781186547,-0.707106781186548,0.));
#2351=DIRECTION('',(0.,0.,1.));
#2352=DIRECTION('',(0.707106781186547,-0.707106781186548,0.));
#2353=DIRECTION('',(0.,0.,1.));
#2354=DIRECTION('',(1.,0.,0.));
#2355=DIRECTION('',(0.,1.,0.));
#2356=DIRECTION('',(-1.,0.,0.));
#2357=DIRECTION('',(0.,-1.,0.));
#2358=DIRECTION('',(-0.707106781186547,-0.707106781186548,0.));
#2359=DIRECTION('',(-1.,0.,0.));
#2360=DIRECTION('',(-0.707106781186547,0.707106781186547,0.));
#2361=DIRECTION('',(-0.707106781186547,-0.707106781186548,0.));
#2362=DIRECTION('',(-1.,0.,0.));
#2363=DIRECTION('',(-0.707106781186547,0.707106781186547,0.));
#2364=DIRECTION('',(-0.707106781186547,-0.707106781186548,0.));
#2365=DIRECTION('',(-1.,0.,0.));
#2366=DIRECTION('',(-0.707106781186547,0.707106781186547,0.));
#2367=DIRECTION('',(0.,0.,1.));
#2368=DIRECTION('',(1.,0.,0.));
#2369=DIRECTION('',(1.,0.,0.));
#2370=DIRECTION('',(0.,1.,0.));
#2371=DIRECTION('',(0.707106781186546,0.70710678118655,0.));
#2372=DIRECTION('',(1.,0.,0.));
#2373=DIRECTION('',(0.707106781186546,0.70710678118655,0.));
#2374=DIRECTION('',(1.,0.,0.));
#2375=DIRECTION('',(0.707106781186546,0.70710678118655,0.));
#2376=DIRECTION('',(1.,0.,0.));
#2377=DIRECTION('',(0.707106781186547,-0.707106781186548,0.));
#2378=DIRECTION('',(0.,-1.,0.));
#2379=DIRECTION('',(1.,0.,0.));
#2380=DIRECTION('',(0.,0.,-1.));
#2381=DIRECTION('',(0.,1.,0.));
#2382=DIRECTION('',(0.,0.,-1.));
#2383=DIRECTION('',(0.,0.,1.));
#2384=DIRECTION('',(0.,1.,0.));
#2385=DIRECTION('',(0.,0.,1.));
#2386=DIRECTION('',(0.,0.,-1.));
#2387=DIRECTION('',(-1.,0.,0.));
#2388=DIRECTION('',(0.,0.,1.));
#2389=DIRECTION('',(0.,0.,-1.));
#2390=DIRECTION('',(0.,-1.,0.));
#2391=DIRECTION('',(0.,0.,-1.));
#2392=DIRECTION('',(0.,0.,1.));
#2393=DIRECTION('',(0.,-1.,0.));
#2394=DIRECTION('',(0.,0.,1.));
#2395=DIRECTION('',(-0.707106781186548,-0.707106781186547,0.));
#2396=DIRECTION('',(0.707106781186547,-0.707106781186548,0.));
#2397=DIRECTION('',(0.707106781186547,-0.707106781186548,0.));
#2398=DIRECTION('',(0.,0.,1.));
#2399=DIRECTION('',(0.,-1.,0.));
#2400=DIRECTION('',(0.,0.,-1.));
#2401=DIRECTION('',(0.,0.,1.));
#2402=DIRECTION('',(0.,-1.,0.));
#2403=DIRECTION('',(0.,0.,-1.));
#2404=DIRECTION('',(1.,0.,0.));
#2405=DIRECTION('',(0.70710678118655,-0.707106781186545,0.));
#2406=DIRECTION('',(0.707106781186545,0.70710678118655,0.));
#2407=DIRECTION('',(0.70710678118655,-0.707106781186545,0.));
#2408=DIRECTION('',(-0.707106781186545,-0.70710678118655,0.));
#2409=DIRECTION('',(0.707106781186548,0.707106781186548,0.));
#2410=DIRECTION('',(-0.707106781186548,0.707106781186548,0.));
#2411=DIRECTION('',(-0.707106781186547,0.707106781186547,0.));
#2412=DIRECTION('',(0.,0.,1.));
#2413=DIRECTION('',(0.,0.,1.));
#2414=DIRECTION('',(0.,1.,0.));
#2415=DIRECTION('',(0.,0.,1.));
#2416=DIRECTION('',(-1.,0.,0.));
#2417=DIRECTION('',(0.,0.,1.));
#2418=DIRECTION('',(-0.707106781186548,0.707106781186547,0.));
#2419=DIRECTION('',(-0.707106781186547,-0.707106781186548,0.));
#2420=DIRECTION('',(-0.707106781186547,-0.707106781186548,0.));
#2421=DIRECTION('',(0.,0.,1.));
#2422=DIRECTION('',(1.,0.,0.));
#2423=DIRECTION('',(-1.,0.,0.));
#2424=DIRECTION('',(0.,1.,0.));
#2425=DIRECTION('',(1.,0.,0.));
#2426=DIRECTION('',(0.,-1.,0.));
#2427=DIRECTION('',(-1.,0.,0.));
#2428=DIRECTION('',(0.,1.,0.));
#2429=DIRECTION('',(1.,0.,0.));
#2430=DIRECTION('',(0.,-1.,0.));
#2431=DIRECTION('',(-1.,0.,0.));
#2432=DIRECTION('',(0.,1.,0.));
#2433=DIRECTION('',(1.,0.,0.));
#2434=DIRECTION('',(0.,-1.,0.));
#2435=DIRECTION('',(-1.,0.,0.));
#2436=DIRECTION('',(0.,1.,0.));
#2437=DIRECTION('',(1.,0.,0.));
#2438=DIRECTION('',(0.,-1.,0.));
#2439=DIRECTION('',(-1.,0.,0.));
#2440=DIRECTION('',(0.,1.,0.));
#2441=DIRECTION('',(1.,0.,0.));
#2442=DIRECTION('',(0.,-1.,0.));
#2443=DIRECTION('',(-1.,0.,0.));
#2444=DIRECTION('',(0.,1.,0.));
#2445=DIRECTION('',(1.,0.,0.));
#2446=DIRECTION('',(0.,-1.,0.));
#2447=DIRECTION('',(0.707106781186547,-0.707106781186548,0.));
#2448=DIRECTION('',(1.,0.,0.));
#2449=DIRECTION('',(0.707106781186547,-0.707106781186548,0.));
#2450=DIRECTION('',(1.,0.,0.));
#2451=DIRECTION('',(0.707106781186546,0.70710678118655,0.));
#2452=DIRECTION('',(-0.707106781186547,0.707106781186547,0.));
#2453=DIRECTION('',(-1.,0.,0.));
#2454=DIRECTION('',(-0.707106781186547,-0.707106781186548,0.));
#2455=DIRECTION('',(-0.707106781186547,0.707106781186547,0.));
#2456=DIRECTION('',(-1.,0.,0.));
#2457=DIRECTION('',(-0.707106781186547,-0.707106781186548,0.));
#2458=DIRECTION('',(-0.707106781186548,-0.707106781186547,0.));
#2459=DIRECTION('',(0.707106781186547,-0.707106781186548,0.));
#2460=DIRECTION('',(-0.707106781186548,-0.707106781186547,0.));
#2461=DIRECTION('',(0.707106781186547,-0.707106781186548,0.));
#2462=DIRECTION('',(0.,0.,1.));
#2463=DIRECTION('',(0.,-1.,0.));
#2464=DIRECTION('',(0.,0.,-1.));
#2465=DIRECTION('',(0.,0.,1.));
#2466=DIRECTION('',(0.,-1.,0.));
#2467=DIRECTION('',(0.,0.,-1.));
#2468=DIRECTION('',(0.,-1.,0.));
#2469=DIRECTION('',(0.,0.,-1.));
#2470=DIRECTION('',(0.70710678118655,-0.707106781186545,0.));
#2471=DIRECTION('',(0.707106781186545,0.70710678118655,0.));
#2472=DIRECTION('',(0.70710678118655,-0.707106781186545,0.));
#2473=DIRECTION('',(-0.707106781186545,-0.70710678118655,0.));
#2474=DIRECTION('',(0.707106781186548,0.707106781186548,0.));
#2475=DIRECTION('',(-0.707106781186548,0.707106781186548,0.));
#2476=DIRECTION('',(0.,0.,1.));
#2477=DIRECTION('',(0.,0.,1.));
#2478=DIRECTION('',(0.,1.,0.));
#2479=DIRECTION('',(0.,0.,1.));
#2480=DIRECTION('',(0.,0.,1.));
#2481=DIRECTION('',(-0.707106781186548,0.707106781186547,0.));
#2482=DIRECTION('',(-0.707106781186547,-0.707106781186548,0.));
#2483=DIRECTION('',(-0.707106781186548,-0.707106781186547,0.));
#2484=DIRECTION('',(0.707106781186547,-0.707106781186548,0.));
#2485=DIRECTION('',(-0.707106781186548,-0.707106781186547,0.));
#2486=DIRECTION('',(0.707106781186547,-0.707106781186548,0.));
#2487=DIRECTION('',(0.,0.,1.));
#2488=DIRECTION('',(0.,-1.,0.));
#2489=DIRECTION('',(0.,0.,-1.));
#2490=DIRECTION('',(0.,-1.,0.));
#2491=DIRECTION('',(0.,0.,-1.));
#2492=DIRECTION('',(0.,0.,1.));
#2493=DIRECTION('',(0.70710678118655,-0.707106781186545,0.));
#2494=DIRECTION('',(0.707106781186545,0.70710678118655,0.));
#2495=DIRECTION('',(0.707106781186548,0.707106781186548,0.));
#2496=DIRECTION('',(-0.707106781186548,0.707106781186548,0.));
#2497=DIRECTION('',(0.,0.,1.));
#2498=DIRECTION('',(0.,1.,0.));
#2499=DIRECTION('',(0.,0.,1.));
#2500=DIRECTION('',(0.,0.,1.));
#2501=DIRECTION('',(-0.707106781186548,0.707106781186547,0.));
#2502=DIRECTION('',(-0.707106781186547,-0.707106781186548,0.));
#2503=DIRECTION('',(0.,1.,0.));
#2504=DIRECTION('',(0.,0.,1.));
#2505=DIRECTION('',(0.,0.,1.));
#2506=DIRECTION('',(1.,0.,0.));
#2507=DIRECTION('',(0.,0.,1.));
#2508=DIRECTION('',(-1.,0.,0.));
#2509=DIRECTION('',(0.,0.,1.));
#2510=DIRECTION('',(0.,0.,1.));
#2511=DIRECTION('',(0.,1.,0.));
#2512=DIRECTION('',(0.,-1.,0.));
#2513=DIRECTION('',(0.,0.,-1.));
#2514=DIRECTION('',(0.,0.,1.));
#2515=DIRECTION('',(-1.,0.,0.));
#2516=DIRECTION('',(1.,0.,0.));
#2517=DIRECTION('',(0.,0.,-1.));
#2518=DIRECTION('',(0.,-1.,0.));
#2519=DIRECTION('',(0.,1.,0.));
#2520=DIRECTION('',(0.,0.,1.));
#2521=DIRECTION('',(0.,0.,1.));
#2522=DIRECTION('',(1.,0.,0.));
#2523=DIRECTION('',(0.,0.,1.));
#2524=DIRECTION('',(-1.,0.,0.));
#2525=DIRECTION('',(0.,0.,1.));
#2526=DIRECTION('',(0.,0.,1.));
#2527=DIRECTION('',(0.,1.,0.));
#2528=DIRECTION('',(0.,-1.,0.));
#2529=DIRECTION('',(0.,0.,-1.));
#2530=DIRECTION('',(0.,0.,1.));
#2531=DIRECTION('',(-1.,0.,0.));
#2532=DIRECTION('',(1.,0.,0.));
#2533=DIRECTION('',(0.,0.,-1.));
#2534=DIRECTION('',(0.,-1.,0.));
#2535=DIRECTION('',(0.,1.,0.));
#2536=DIRECTION('',(0.,0.,1.));
#2537=DIRECTION('',(0.,0.,1.));
#2538=DIRECTION('',(1.,0.,0.));
#2539=DIRECTION('',(0.,0.,1.));
#2540=DIRECTION('',(-1.,0.,0.));
#2541=DIRECTION('',(0.,0.,1.));
#2542=DIRECTION('',(0.,0.,1.));
#2543=DIRECTION('',(0.,1.,0.));
#2544=DIRECTION('',(0.,-1.,0.));
#2545=DIRECTION('',(0.,0.,-1.));
#2546=DIRECTION('',(0.,0.,1.));
#2547=DIRECTION('',(-1.,0.,0.));
#2548=DIRECTION('',(1.,0.,0.));
#2549=DIRECTION('',(0.,0.,-1.));
#2550=DIRECTION('',(0.,-1.,0.));
#2551=DIRECTION('',(0.,1.,0.));
#2552=DIRECTION('',(0.,0.,1.));
#2553=DIRECTION('',(0.,0.,1.));
#2554=DIRECTION('',(1.,0.,0.));
#2555=DIRECTION('',(0.,0.,1.));
#2556=DIRECTION('',(-1.,0.,0.));
#2557=DIRECTION('',(0.,0.,1.));
#2558=DIRECTION('',(0.,0.,1.));
#2559=DIRECTION('',(0.,1.,0.));
#2560=DIRECTION('',(0.,-1.,0.));
#2561=DIRECTION('',(0.,0.,-1.));
#2562=DIRECTION('',(0.,0.,1.));
#2563=DIRECTION('',(-1.,0.,0.));
#2564=DIRECTION('',(1.,0.,0.));
#2565=DIRECTION('',(0.,0.,-1.));
#2566=DIRECTION('',(0.,-1.,0.));
#2567=DIRECTION('',(0.,1.,0.));
#2568=DIRECTION('',(0.,0.,1.));
#2569=DIRECTION('',(0.,0.,1.));
#2570=DIRECTION('',(1.,0.,0.));
#2571=DIRECTION('',(0.,0.,1.));
#2572=DIRECTION('',(-1.,0.,0.));
#2573=DIRECTION('',(0.,0.,1.));
#2574=DIRECTION('',(0.,0.,1.));
#2575=DIRECTION('',(0.,1.,0.));
#2576=DIRECTION('',(0.,-1.,0.));
#2577=DIRECTION('',(0.,0.,-1.));
#2578=DIRECTION('',(0.,0.,1.));
#2579=DIRECTION('',(-1.,0.,0.));
#2580=DIRECTION('',(1.,0.,0.));
#2581=DIRECTION('',(0.,0.,-1.));
#2582=DIRECTION('',(0.,-1.,0.));
#2583=DIRECTION('',(0.,1.,0.));
#2584=DIRECTION('',(0.,0.,1.));
#2585=DIRECTION('',(0.,0.,1.));
#2586=DIRECTION('',(1.,0.,0.));
#2587=DIRECTION('',(0.,0.,1.));
#2588=DIRECTION('',(-1.,0.,0.));
#2589=DIRECTION('',(0.,0.,1.));
#2590=DIRECTION('',(0.,0.,1.));
#2591=DIRECTION('',(0.,1.,0.));
#2592=DIRECTION('',(0.,-1.,0.));
#2593=DIRECTION('',(0.,0.,-1.));
#2594=DIRECTION('',(0.,0.,1.));
#2595=DIRECTION('',(-1.,0.,0.));
#2596=DIRECTION('',(1.,0.,0.));
#2597=DIRECTION('',(0.,0.,-1.));
#2598=DIRECTION('',(0.,-1.,0.));
#2599=DIRECTION('',(0.,0.,1.));
#2600=DIRECTION('',(1.,0.,0.));
#2601=DIRECTION('',(-1.,0.,0.));
#2602=DIRECTION('',(1.,0.,0.));
#2603=DIRECTION('',(0.,-1.,0.));
#2604=DIRECTION('',(0.,0.,-1.));
#2605=DIRECTION('',(0.,1.,0.));
#2606=DIRECTION('',(0.,0.,1.));
#2607=DIRECTION('',(0.,-1.,0.));
#2608=DIRECTION('',(0.,0.,-1.));
#2609=DIRECTION('',(0.,-1.,0.));
#2610=DIRECTION('',(0.,0.,-1.));
#2611=DIRECTION('',(0.,1.,0.));
#2612=DIRECTION('',(0.,0.,1.));
#2613=DIRECTION('',(0.,-1.,0.));
#2614=DIRECTION('',(0.,0.,-1.));
#2615=DIRECTION('',(0.,1.,0.));
#2616=DIRECTION('',(0.,0.,1.));
#2617=DIRECTION('',(0.,-1.,0.));
#2618=DIRECTION('',(0.,0.,-1.));
#2619=DIRECTION('',(0.,-1.,0.));
#2620=DIRECTION('',(0.,0.,-1.));
#2621=DIRECTION('',(0.,1.,0.));
#2622=DIRECTION('',(0.,0.,1.));
#2623=DIRECTION('',(0.,-1.,0.));
#2624=DIRECTION('',(0.,0.,-1.));
#2625=DIRECTION('',(0.,1.,0.));
#2626=DIRECTION('',(0.,0.,1.));
#2627=DIRECTION('',(0.,0.,1.));
#2628=DIRECTION('',(1.,0.,0.));
#2629=DIRECTION('',(0.,0.,1.));
#2630=DIRECTION('',(1.,0.,0.));
#2631=DIRECTION('',(1.,0.,0.));
#2632=DIRECTION('',(0.,-1.,0.));
#2633=DIRECTION('',(-1.,0.,0.));
#2634=DIRECTION('',(0.,0.,1.));
#2635=DIRECTION('',(1.,0.,0.));
#2636=DIRECTION('',(-0.534295058798673,0.845298048112808,0.));
#2637=DIRECTION('',(0.,0.,1.));
#2638=DIRECTION('',(1.,0.,0.));
#2639=DIRECTION('',(-1.,0.,0.));
#2640=DIRECTION('',(0.,-1.,0.));
#2641=DIRECTION('',(1.,0.,0.));
#2642=DIRECTION('',(0.,0.,1.));
#2643=DIRECTION('',(1.,0.,0.));
#2644=DIRECTION('',(0.540822781244955,-0.84113656399331,0.));
#2645=DIRECTION('',(0.,0.,1.));
#2646=DIRECTION('',(1.,0.,0.));
#2647=DIRECTION('',(0.,0.,1.));
#2648=DIRECTION('',(1.,0.,0.));
#2649=DIRECTION('',(0.,-1.,0.));
#2650=DIRECTION('',(1.,0.,0.));
#2651=DIRECTION('',(0.,0.,1.));
#2652=DIRECTION('',(1.,0.,0.));
#2653=DIRECTION('',(0.540822781244955,-0.84113656399331,0.));
#2654=DIRECTION('',(0.,0.,1.));
#2655=DIRECTION('',(1.,0.,0.));
#2656=DIRECTION('',(1.,0.,0.));
#2657=DIRECTION('',(0.,-1.,0.));
#2658=DIRECTION('',(-1.,0.,0.));
#2659=DIRECTION('',(0.,0.,1.));
#2660=DIRECTION('',(1.,0.,0.));
#2661=DIRECTION('',(-0.534295058798673,0.845298048112808,0.));
#2662=DIRECTION('',(0.,0.,1.));
#2663=DIRECTION('',(1.,0.,0.));
#2664=DIRECTION('',(-1.,0.,0.));
#2665=DIRECTION('',(-0.453990499739545,0.891006524188369,0.));
#2666=DIRECTION('',(-0.891006524188369,-0.453990499739545,0.));
#2667=DIRECTION('',(-0.811311996514366,-0.413384109704203,-0.413384109704203));
#2668=DIRECTION('',(0.,0.,-1.));
#2669=DIRECTION('',(0.811311996514366,0.413384109704203,-0.413384109704203));
#2670=DIRECTION('',(0.,0.,-1.));
#2671=DIRECTION('',(-1.,0.,0.));
#2672=DIRECTION('',(0.,0.,1.));
#2673=DIRECTION('',(0.,-1.,0.));
#2674=DIRECTION('',(0.,0.,-1.));
#2675=DIRECTION('',(0.,-1.,0.));
#2676=DIRECTION('',(-0.453990499739545,-0.891006524188368,0.));
#2677=DIRECTION('',(0.891006524188369,-0.453990499739546,0.));
#2678=DIRECTION('',(0.811311996514366,-0.413384109704203,0.413384109704203));
#2679=DIRECTION('',(0.,0.,-1.));
#2680=DIRECTION('',(-0.811311996514366,0.413384109704203,0.413384109704203));
#2681=DIRECTION('',(1.,0.,0.));
#2682=DIRECTION('',(0.,0.,-1.));
#2683=DIRECTION('',(0.,-1.,0.));
#2684=DIRECTION('',(0.,0.,-1.));
#2685=DIRECTION('',(0.,-1.,0.));
#2686=DIRECTION('',(0.,0.,-1.));
#2687=DIRECTION('',(0.453990499739547,0.891006524188368,0.));
#2688=DIRECTION('',(-0.891006524188368,0.453990499739547,0.));
#2689=DIRECTION('',(0.811311996514365,-0.413384109704205,0.413384109704205));
#2690=DIRECTION('',(-0.811311996514365,0.413384109704205,0.413384109704202));
#2691=DIRECTION('',(0.,0.,-1.));
#2692=DIRECTION('',(0.453990499739546,-0.891006524188368,0.));
#2693=DIRECTION('',(0.891006524188368,0.453990499739546,0.));
#2694=DIRECTION('',(-0.811311996514365,-0.413384109704203,-0.413384109704205));
#2695=DIRECTION('',(0.,0.,-1.));
#2696=DIRECTION('',(0.811311996514366,0.413384109704204,-0.413384109704203));
#2697=DIRECTION('',(0.,1.,0.));
#2698=DIRECTION('',(0.,0.,1.));
#2699=DIRECTION('',(0.,0.,-1.));
#2700=DIRECTION('',(0.,-1.,0.));
#2701=DIRECTION('',(0.,0.,-1.));
#2702=DIRECTION('',(0.,0.,-1.));
#2703=DIRECTION('',(-0.453990499739545,0.,-0.891006524188369));
#2704=DIRECTION('',(-0.891006524188369,0.,0.453990499739545));
#2705=DIRECTION('',(-0.453990499739547,0.,0.891006524188368));
#2706=DIRECTION('',(0.891006524188368,0.,0.453990499739547));
#2707=DIRECTION('',(0.,0.,-1.));
#2708=DIRECTION('',(-1.,0.,0.));
#2709=DIRECTION('',(0.,0.,-1.));
#2710=DIRECTION('',(0.84113656399331,0.540822781244955,0.));
#2711=DIRECTION('',(-0.540822781244955,0.84113656399331,0.));
#2712=DIRECTION('',(0.,0.,-1.));
#2713=DIRECTION('',(0.,0.,-1.));
#2714=DIRECTION('',(-1.,0.,0.));
#2715=DIRECTION('',(0.,0.,-1.));
#2716=DIRECTION('',(0.,1.,0.));
#2717=DIRECTION('',(0.,0.,1.));
#2718=DIRECTION('',(0.,-1.,0.));
#2719=DIRECTION('',(0.,0.,-1.));
#2720=DIRECTION('',(0.,0.,-1.));
#2721=DIRECTION('',(0.,0.,-1.));
#2722=DIRECTION('',(-1.,0.,0.));
#2723=DIRECTION('',(0.,0.,-1.));
#2724=DIRECTION('',(-0.845298048112807,-0.534295058798673,0.));
#2725=DIRECTION('',(0.534295058798673,-0.845298048112807,0.));
#2726=DIRECTION('',(0.,0.,-1.));
#2727=DIRECTION('',(0.,0.,-1.));
#2728=DIRECTION('',(-1.,0.,0.));
#2729=DIRECTION('',(0.453990499739545,0.,0.891006524188369));
#2730=DIRECTION('',(0.891006524188369,0.,-0.453990499739545));
#2731=DIRECTION('',(0.453990499739545,0.,-0.891006524188369));
#2732=DIRECTION('',(-0.891006524188369,0.,-0.453990499739545));
#2733=DIRECTION('',(1.,0.,0.));
#2734=DIRECTION('',(0.,0.,-1.));
#2735=DIRECTION('',(1.,0.,0.));
#2736=DIRECTION('',(0.,0.,-1.));
#2737=DIRECTION('',(1.,0.,0.));
#2738=DIRECTION('',(0.,0.,-1.));
#2739=DIRECTION('',(0.,0.,1.));
#2740=DIRECTION('',(1.,0.,0.));
#2741=DIRECTION('',(1.,0.,0.));
#2742=DIRECTION('',(0.,-1.,0.));
#2743=DIRECTION('',(-1.,0.,0.));
#2744=DIRECTION('',(0.,0.,1.));
#2745=DIRECTION('',(1.,0.,0.));
#2746=DIRECTION('',(-0.548781238573047,0.835965999422364,0.));
#2747=DIRECTION('',(0.,0.,1.));
#2748=DIRECTION('',(1.,0.,0.));
#2749=DIRECTION('',(-1.,0.,0.));
#2750=DIRECTION('',(0.,-1.,0.));
#2751=DIRECTION('',(1.,0.,0.));
#2752=DIRECTION('',(0.,0.,1.));
#2753=DIRECTION('',(1.,0.,0.));
#2754=DIRECTION('',(0.55245346011241,-0.833543744748784,0.));
#2755=DIRECTION('',(0.,0.,1.));
#2756=DIRECTION('',(1.,0.,0.));
#2757=DIRECTION('',(0.,0.,1.));
#2758=DIRECTION('',(1.,0.,0.));
#2759=DIRECTION('',(0.,-1.,0.));
#2760=DIRECTION('',(1.,0.,0.));
#2761=DIRECTION('',(0.,0.,1.));
#2762=DIRECTION('',(1.,0.,0.));
#2763=DIRECTION('',(0.55245346011241,-0.833543744748784,0.));
#2764=DIRECTION('',(0.,0.,1.));
#2765=DIRECTION('',(1.,0.,0.));
#2766=DIRECTION('',(1.,0.,0.));
#2767=DIRECTION('',(0.,-1.,0.));
#2768=DIRECTION('',(-1.,0.,0.));
#2769=DIRECTION('',(0.,0.,1.));
#2770=DIRECTION('',(1.,0.,0.));
#2771=DIRECTION('',(-0.548781238573047,0.835965999422364,0.));
#2772=DIRECTION('',(0.,0.,1.));
#2773=DIRECTION('',(1.,0.,0.));
#2774=DIRECTION('',(-1.,0.,0.));
#2775=DIRECTION('',(-0.453990499739547,0.891006524188368,0.));
#2776=DIRECTION('',(-0.891006524188368,-0.453990499739547,0.));
#2777=DIRECTION('',(-0.811311996514365,-0.413384109704204,-0.413384109704204));
#2778=DIRECTION('',(0.,0.,-1.));
#2779=DIRECTION('',(0.811311996514365,0.413384109704204,-0.413384109704204));
#2780=DIRECTION('',(0.,0.,-1.));
#2781=DIRECTION('',(-1.,0.,0.));
#2782=DIRECTION('',(0.,0.,1.));
#2783=DIRECTION('',(0.,-1.,0.));
#2784=DIRECTION('',(0.,0.,-1.));
#2785=DIRECTION('',(0.,-1.,0.));
#2786=DIRECTION('',(-0.453990499739546,-0.891006524188368,0.));
#2787=DIRECTION('',(0.891006524188368,-0.453990499739546,0.));
#2788=DIRECTION('',(0.811311996514366,-0.413384109704203,0.413384109704204));
#2789=DIRECTION('',(0.,0.,-1.));
#2790=DIRECTION('',(-0.811311996514365,0.413384109704203,0.413384109704204));
#2791=DIRECTION('',(1.,0.,0.));
#2792=DIRECTION('',(0.,0.,-1.));
#2793=DIRECTION('',(0.,-1.,0.));
#2794=DIRECTION('',(0.,0.,-1.));
#2795=DIRECTION('',(0.,-1.,0.));
#2796=DIRECTION('',(0.,0.,-1.));
#2797=DIRECTION('',(0.453990499739547,0.891006524188368,0.));
#2798=DIRECTION('',(-0.891006524188368,0.453990499739547,0.));
#2799=DIRECTION('',(0.811311996514365,-0.413384109704205,0.413384109704205));
#2800=DIRECTION('',(-0.811311996514365,0.413384109704205,0.413384109704202));
#2801=DIRECTION('',(0.,0.,-1.));
#2802=DIRECTION('',(0.453990499739546,-0.891006524188368,0.));
#2803=DIRECTION('',(0.891006524188368,0.453990499739546,0.));
#2804=DIRECTION('',(-0.811311996514365,-0.413384109704203,-0.413384109704205));
#2805=DIRECTION('',(0.,0.,-1.));
#2806=DIRECTION('',(0.811311996514366,0.413384109704204,-0.413384109704203));
#2807=DIRECTION('',(0.,1.,0.));
#2808=DIRECTION('',(0.,0.,1.));
#2809=DIRECTION('',(0.,0.,-1.));
#2810=DIRECTION('',(0.,-1.,0.));
#2811=DIRECTION('',(0.,0.,-1.));
#2812=DIRECTION('',(0.,0.,-1.));
#2813=DIRECTION('',(-0.453990499739545,0.,-0.891006524188369));
#2814=DIRECTION('',(-0.891006524188369,0.,0.453990499739545));
#2815=DIRECTION('',(-0.453990499739547,0.,0.891006524188368));
#2816=DIRECTION('',(0.891006524188368,0.,0.453990499739547));
#2817=DIRECTION('',(0.,0.,-1.));
#2818=DIRECTION('',(-1.,0.,0.));
#2819=DIRECTION('',(0.,0.,-1.));
#2820=DIRECTION('',(0.833543744748784,0.55245346011241,0.));
#2821=DIRECTION('',(-0.55245346011241,0.833543744748784,0.));
#2822=DIRECTION('',(0.,0.,-1.));
#2823=DIRECTION('',(0.,0.,-1.));
#2824=DIRECTION('',(-1.,0.,0.));
#2825=DIRECTION('',(0.,0.,-1.));
#2826=DIRECTION('',(0.,1.,0.));
#2827=DIRECTION('',(0.,0.,1.));
#2828=DIRECTION('',(0.,-1.,0.));
#2829=DIRECTION('',(0.,0.,-1.));
#2830=DIRECTION('',(0.,0.,-1.));
#2831=DIRECTION('',(0.,0.,-1.));
#2832=DIRECTION('',(-1.,0.,0.));
#2833=DIRECTION('',(0.,0.,-1.));
#2834=DIRECTION('',(-0.835965999422364,-0.548781238573047,0.));
#2835=DIRECTION('',(0.548781238573047,-0.835965999422365,0.));
#2836=DIRECTION('',(0.,0.,-1.));
#2837=DIRECTION('',(0.,0.,-1.));
#2838=DIRECTION('',(-1.,0.,0.));
#2839=DIRECTION('',(0.453990499739546,0.,0.891006524188368));
#2840=DIRECTION('',(0.891006524188368,0.,-0.453990499739546));
#2841=DIRECTION('',(0.453990499739546,0.,-0.891006524188368));
#2842=DIRECTION('',(-0.891006524188368,0.,-0.453990499739546));
#2843=DIRECTION('',(1.,0.,0.));
#2844=DIRECTION('',(0.,0.,-1.));
#2845=DIRECTION('',(1.,0.,0.));
#2846=DIRECTION('',(0.,0.,-1.));
#2847=DIRECTION('',(1.,0.,0.));
#2848=DIRECTION('',(0.,0.,-1.));
#2849=CARTESIAN_POINT('',(0.,0.,0.));
#2850=CARTESIAN_POINT('',(4.93,-3.05,-2.54));
#2851=CARTESIAN_POINT('',(4.93,-3.05,-2.54));
#2852=CARTESIAN_POINT('',(4.93,-3.05,-0.494371222813387));
#2853=CARTESIAN_POINT('',(4.93,-3.05,0.));
#2854=CARTESIAN_POINT('',(5.08,-2.9,-1.27));
#2855=CARTESIAN_POINT('',(5.08,-2.9,-0.48));
#2856=CARTESIAN_POINT('',(5.08,-2.9,-2.54));
#2857=CARTESIAN_POINT('',(5.08,-2.9,0.));
#2858=CARTESIAN_POINT('',(4.93,-3.05,0.));
#2859=CARTESIAN_POINT('',(5.08,-2.9,-2.54));
#2860=CARTESIAN_POINT('',(5.23,-3.05,-2.54));
#2861=CARTESIAN_POINT('',(5.23,-3.05,-2.54));
#2862=CARTESIAN_POINT('',(5.23,-3.05,-2.04562877718661));
#2863=CARTESIAN_POINT('',(5.08,-2.9,-1.27));
#2864=CARTESIAN_POINT('',(5.08,-2.9,-2.06));
#2865=CARTESIAN_POINT('',(5.08,-2.9,-2.54));
#2866=CARTESIAN_POINT('',(5.08,-2.9,-2.54));
#2867=CARTESIAN_POINT('',(5.08,-2.9,-2.54));
#2868=CARTESIAN_POINT('',(2.39,-3.05,-2.54));
#2869=CARTESIAN_POINT('',(2.39,-3.05,-2.54));
#2870=CARTESIAN_POINT('',(2.39,-3.05,-0.494371222813387));
#2871=CARTESIAN_POINT('',(2.39,-3.05,0.));
#2872=CARTESIAN_POINT('',(2.54,-2.9,-1.27));
#2873=CARTESIAN_POINT('',(2.54,-2.9,-0.48));
#2874=CARTESIAN_POINT('',(2.54,-2.9,-2.54));
#2875=CARTESIAN_POINT('',(2.54,-2.9,0.));
#2876=CARTESIAN_POINT('',(2.39,-3.05,0.));
#2877=CARTESIAN_POINT('',(2.54,-2.9,-2.54));
#2878=CARTESIAN_POINT('',(2.69,-3.05,-2.54));
#2879=CARTESIAN_POINT('',(2.69,-3.05,-2.54));
#2880=CARTESIAN_POINT('',(2.69,-3.05,-2.04562877718661));
#2881=CARTESIAN_POINT('',(2.54,-2.9,-1.27));
#2882=CARTESIAN_POINT('',(2.54,-2.9,-2.06));
#2883=CARTESIAN_POINT('',(2.54,-2.9,-2.54));
#2884=CARTESIAN_POINT('',(2.54,-2.9,-2.54));
#2885=CARTESIAN_POINT('',(2.54,-2.9,-2.54));
#2886=CARTESIAN_POINT('',(0.,0.,-2.54));
#2887=CARTESIAN_POINT('',(7.62,-2.9,-2.54));
#2888=CARTESIAN_POINT('',(7.62,2.45,-2.54));
#2889=CARTESIAN_POINT('',(7.62,2.9,-2.54));
#2890=CARTESIAN_POINT('',(2.54,2.45,-2.54));
#2891=CARTESIAN_POINT('',(0.,2.45,-2.54));
#2892=CARTESIAN_POINT('',(0.,2.9,-2.54));
#2893=CARTESIAN_POINT('',(0.,2.9,-2.54));
#2894=CARTESIAN_POINT('',(0.15,3.05,-2.54));
#2895=CARTESIAN_POINT('',(0.15,3.05,-2.54));
#2896=CARTESIAN_POINT('',(2.39,3.05,-2.54));
#2897=CARTESIAN_POINT('',(2.39,3.05,-2.54));
#2898=CARTESIAN_POINT('',(2.54,2.9,-2.54));
#2899=CARTESIAN_POINT('',(2.54,2.9,-2.54));
#2900=CARTESIAN_POINT('',(2.69,3.05,-2.54));
#2901=CARTESIAN_POINT('',(2.69,3.05,-2.54));
#2902=CARTESIAN_POINT('',(4.93,3.05,-2.54));
#2903=CARTESIAN_POINT('',(4.93,3.05,-2.54));
#2904=CARTESIAN_POINT('',(5.08,2.9,-2.54));
#2905=CARTESIAN_POINT('',(5.08,2.9,-2.54));
#2906=CARTESIAN_POINT('',(5.23,3.05,-2.54));
#2907=CARTESIAN_POINT('',(5.23,3.05,-2.54));
#2908=CARTESIAN_POINT('',(7.47,3.05,-2.54));
#2909=CARTESIAN_POINT('',(7.47,3.05,-2.54));
#2910=CARTESIAN_POINT('',(7.62,2.9,-2.54));
#2911=CARTESIAN_POINT('',(0.,0.,-2.54));
#2912=CARTESIAN_POINT('',(0.,-2.45,-2.54));
#2913=CARTESIAN_POINT('',(0.,-2.45,-2.54));
#2914=CARTESIAN_POINT('',(7.62,-2.45,-2.54));
#2915=CARTESIAN_POINT('',(7.62,-2.9,-2.54));
#2916=CARTESIAN_POINT('',(7.62,-2.9,-2.54));
#2917=CARTESIAN_POINT('',(7.47,-3.05,-2.54));
#2918=CARTESIAN_POINT('',(7.47,-3.05,-2.54));
#2919=CARTESIAN_POINT('',(5.23,-3.05,-2.54));
#2920=CARTESIAN_POINT('',(4.93,-3.05,-2.54));
#2921=CARTESIAN_POINT('',(4.93,-3.05,-2.54));
#2922=CARTESIAN_POINT('',(2.69,-3.05,-2.54));
#2923=CARTESIAN_POINT('',(2.39,-3.05,-2.54));
#2924=CARTESIAN_POINT('',(2.39,-3.05,-2.54));
#2925=CARTESIAN_POINT('',(0.15,-3.05,-2.54));
#2926=CARTESIAN_POINT('',(0.15,-3.05,-2.54));
#2927=CARTESIAN_POINT('',(0.,-2.9,-2.54));
#2928=CARTESIAN_POINT('',(0.,-2.9,-2.54));
#2929=CARTESIAN_POINT('',(0.,2.9,-2.54));
#2930=CARTESIAN_POINT('',(7.62,-2.9,-2.54));
#2931=CARTESIAN_POINT('',(7.62,-2.45,-1.94));
#2932=CARTESIAN_POINT('',(7.62,-2.45,-1.94));
#2933=CARTESIAN_POINT('',(7.62,2.45,-1.94));
#2934=CARTESIAN_POINT('',(7.62,2.45,-1.94));
#2935=CARTESIAN_POINT('',(7.62,2.9,-2.54));
#2936=CARTESIAN_POINT('',(7.62,2.9,0.));
#2937=CARTESIAN_POINT('',(7.62,-2.9,0.));
#2938=CARTESIAN_POINT('',(7.62,-2.9,0.));
#2939=CARTESIAN_POINT('',(7.62,-2.9,-2.54));
#2940=CARTESIAN_POINT('',(7.62,-2.45,-1.94));
#2941=CARTESIAN_POINT('',(0.,2.9,-2.54));
#2942=CARTESIAN_POINT('',(0.,2.45,-1.94));
#2943=CARTESIAN_POINT('',(0.,2.45,-1.94));
#2944=CARTESIAN_POINT('',(0.,2.45,-1.94));
#2945=CARTESIAN_POINT('',(0.,-2.45,-1.94));
#2946=CARTESIAN_POINT('',(0.,-2.45,-1.94));
#2947=CARTESIAN_POINT('',(0.,-2.9,-2.54));
#2948=CARTESIAN_POINT('',(0.,-2.9,0.));
#2949=CARTESIAN_POINT('',(0.,2.9,0.));
#2950=CARTESIAN_POINT('',(0.,2.9,0.));
#2951=CARTESIAN_POINT('',(0.,2.9,-2.54));
#2952=CARTESIAN_POINT('',(0.,-2.9,-2.54));
#2953=CARTESIAN_POINT('',(0.,-2.9,0.));
#2954=CARTESIAN_POINT('',(0.15,-3.05,0.));
#2955=CARTESIAN_POINT('',(0.15,-3.05,-2.54));
#2956=CARTESIAN_POINT('',(0.15,-3.05,-2.54));
#2957=CARTESIAN_POINT('',(2.39,-3.05,-2.54));
#2958=CARTESIAN_POINT('',(2.39,-3.05,-2.04562877718661));
#2959=CARTESIAN_POINT('',(2.54,-3.05,-1.27));
#2960=CARTESIAN_POINT('',(0.15,-3.05,0.));
#2961=CARTESIAN_POINT('',(2.39,-3.05,-2.54));
#2962=CARTESIAN_POINT('',(2.54,-2.9,-1.27));
#2963=CARTESIAN_POINT('',(2.54,2.9,-2.54));
#2964=CARTESIAN_POINT('',(2.54,2.9,0.));
#2965=CARTESIAN_POINT('',(2.54,2.9,0.));
#2966=CARTESIAN_POINT('',(2.39,3.05,0.));
#2967=CARTESIAN_POINT('',(2.54,2.9,-2.54));
#2968=CARTESIAN_POINT('',(2.39,3.05,-2.54));
#2969=CARTESIAN_POINT('',(2.39,3.05,-2.54));
#2970=CARTESIAN_POINT('',(2.39,3.05,0.));
#2971=CARTESIAN_POINT('',(0.15,3.05,0.));
#2972=CARTESIAN_POINT('',(0.15,3.05,-2.54));
#2973=CARTESIAN_POINT('',(0.15,3.05,-2.54));
#2974=CARTESIAN_POINT('',(0.15,3.05,0.));
#2975=CARTESIAN_POINT('',(0.,0.,0.));
#2976=CARTESIAN_POINT('',(1.59,-0.950000000000001,0.));
#2977=CARTESIAN_POINT('',(1.59,-0.950000000000001,0.));
#2978=CARTESIAN_POINT('',(0.95,-0.950000000000001,0.));
#2979=CARTESIAN_POINT('',(1.59,-1.59,0.));
#2980=CARTESIAN_POINT('',(1.59,-1.59,0.));
#2981=CARTESIAN_POINT('',(0.95,-1.59,0.));
#2982=CARTESIAN_POINT('',(0.95,-1.59,0.));
#2983=CARTESIAN_POINT('',(0.95,-0.950000000000001,0.));
#2984=CARTESIAN_POINT('',(4.13,1.59,0.));
#2985=CARTESIAN_POINT('',(4.13,1.59,0.));
#2986=CARTESIAN_POINT('',(3.49,1.59,0.));
#2987=CARTESIAN_POINT('',(4.13,0.95,0.));
#2988=CARTESIAN_POINT('',(4.13,0.95,0.));
#2989=CARTESIAN_POINT('',(3.49,0.95,0.));
#2990=CARTESIAN_POINT('',(3.49,0.95,0.));
#2991=CARTESIAN_POINT('',(3.49,1.59,0.));
#2992=CARTESIAN_POINT('',(4.13,-0.950000000000001,0.));
#2993=CARTESIAN_POINT('',(4.13,-0.950000000000001,0.));
#2994=CARTESIAN_POINT('',(3.49,-0.950000000000001,0.));
#2995=CARTESIAN_POINT('',(4.13,-1.59,0.));
#2996=CARTESIAN_POINT('',(4.13,-1.59,0.));
#2997=CARTESIAN_POINT('',(3.49,-1.59,0.));
#2998=CARTESIAN_POINT('',(3.49,-1.59,0.));
#2999=CARTESIAN_POINT('',(3.49,-0.950000000000001,0.));
#3000=CARTESIAN_POINT('',(6.67,1.59,0.));
#3001=CARTESIAN_POINT('',(6.67,1.59,0.));
#3002=CARTESIAN_POINT('',(6.03,1.59,0.));
#3003=CARTESIAN_POINT('',(6.67,0.95,0.));
#3004=CARTESIAN_POINT('',(6.67,0.95,0.));
#3005=CARTESIAN_POINT('',(6.03,0.95,0.));
#3006=CARTESIAN_POINT('',(6.03,0.95,0.));
#3007=CARTESIAN_POINT('',(6.03,1.59,0.));
#3008=CARTESIAN_POINT('',(6.67,-0.950000000000001,0.));
#3009=CARTESIAN_POINT('',(6.67,-0.950000000000001,0.));
#3010=CARTESIAN_POINT('',(6.03,-0.950000000000001,0.));
#3011=CARTESIAN_POINT('',(6.67,-1.59,0.));
#3012=CARTESIAN_POINT('',(6.67,-1.59,0.));
#3013=CARTESIAN_POINT('',(6.03,-1.59,0.));
#3014=CARTESIAN_POINT('',(6.03,-1.59,0.));
#3015=CARTESIAN_POINT('',(6.03,-0.950000000000001,0.));
#3016=CARTESIAN_POINT('',(1.59,1.59,0.));
#3017=CARTESIAN_POINT('',(1.59,1.59,0.));
#3018=CARTESIAN_POINT('',(0.95,1.59,0.));
#3019=CARTESIAN_POINT('',(1.59,0.95,0.));
#3020=CARTESIAN_POINT('',(1.59,0.95,0.));
#3021=CARTESIAN_POINT('',(0.95,0.95,0.));
#3022=CARTESIAN_POINT('',(0.95,0.95,0.));
#3023=CARTESIAN_POINT('',(0.95,1.59,0.));
#3024=CARTESIAN_POINT('',(2.54,-2.9,0.));
#3025=CARTESIAN_POINT('',(2.69,-3.05,0.));
#3026=CARTESIAN_POINT('',(2.69,-3.05,0.));
#3027=CARTESIAN_POINT('',(5.08,-2.9,0.));
#3028=CARTESIAN_POINT('',(5.23,-3.05,0.));
#3029=CARTESIAN_POINT('',(5.23,-3.05,0.));
#3030=CARTESIAN_POINT('',(7.47,-3.05,0.));
#3031=CARTESIAN_POINT('',(7.47,-3.05,0.));
#3032=CARTESIAN_POINT('',(7.62,2.9,0.));
#3033=CARTESIAN_POINT('',(7.47,3.05,0.));
#3034=CARTESIAN_POINT('',(7.47,3.05,0.));
#3035=CARTESIAN_POINT('',(5.23,3.05,0.));
#3036=CARTESIAN_POINT('',(5.23,3.05,0.));
#3037=CARTESIAN_POINT('',(5.08,2.9,0.));
#3038=CARTESIAN_POINT('',(5.08,2.9,0.));
#3039=CARTESIAN_POINT('',(4.93,3.05,0.));
#3040=CARTESIAN_POINT('',(4.93,3.05,0.));
#3041=CARTESIAN_POINT('',(2.69,3.05,0.));
#3042=CARTESIAN_POINT('',(2.69,3.05,0.));
#3043=CARTESIAN_POINT('',(2.54,-2.9,-2.54));
#3044=CARTESIAN_POINT('',(2.54,-2.9,-1.27));
#3045=CARTESIAN_POINT('',(2.69,-3.05,-0.494371222813387));
#3046=CARTESIAN_POINT('',(2.69,-3.05,-2.54));
#3047=CARTESIAN_POINT('',(2.69,-3.05,-2.54));
#3048=CARTESIAN_POINT('',(4.93,-3.05,-2.54));
#3049=CARTESIAN_POINT('',(4.93,-3.05,-2.04562877718661));
#3050=CARTESIAN_POINT('',(5.08,-3.05,-1.27));
#3051=CARTESIAN_POINT('',(2.54,-3.05,-1.27));
#3052=CARTESIAN_POINT('',(4.93,-3.05,-2.54));
#3053=CARTESIAN_POINT('',(5.08,-2.9,-1.27));
#3054=CARTESIAN_POINT('',(5.08,2.9,-2.54));
#3055=CARTESIAN_POINT('',(5.08,2.9,-2.54));
#3056=CARTESIAN_POINT('',(4.93,3.05,-2.54));
#3057=CARTESIAN_POINT('',(4.93,3.05,-2.54));
#3058=CARTESIAN_POINT('',(2.69,3.05,-2.54));
#3059=CARTESIAN_POINT('',(2.69,3.05,-2.54));
#3060=CARTESIAN_POINT('',(5.08,-2.9,-2.54));
#3061=CARTESIAN_POINT('',(5.08,-2.9,-1.27));
#3062=CARTESIAN_POINT('',(5.23,-3.05,-0.494371222813387));
#3063=CARTESIAN_POINT('',(5.23,-3.05,-2.54));
#3064=CARTESIAN_POINT('',(5.23,-3.05,-2.54));
#3065=CARTESIAN_POINT('',(5.08,-3.05,-1.27));
#3066=CARTESIAN_POINT('',(7.47,-3.05,-2.54));
#3067=CARTESIAN_POINT('',(7.47,-3.05,-2.54));
#3068=CARTESIAN_POINT('',(7.62,2.9,-2.54));
#3069=CARTESIAN_POINT('',(7.47,3.05,-2.54));
#3070=CARTESIAN_POINT('',(7.47,3.05,-2.54));
#3071=CARTESIAN_POINT('',(5.23,3.05,-2.54));
#3072=CARTESIAN_POINT('',(5.23,3.05,-2.54));
#3073=CARTESIAN_POINT('',(1.59,1.59,-3.));
#3074=CARTESIAN_POINT('',(0.95,1.59,-3.));
#3075=CARTESIAN_POINT('',(0.95,1.59,-1.94));
#3076=CARTESIAN_POINT('',(1.59,1.59,-1.94));
#3077=CARTESIAN_POINT('',(1.59,1.59,-1.94));
#3078=CARTESIAN_POINT('',(1.59,1.59,-3.));
#3079=CARTESIAN_POINT('',(0.95,1.59,-3.));
#3080=CARTESIAN_POINT('',(0.95,0.95,-3.));
#3081=CARTESIAN_POINT('',(0.95,0.95,-1.94));
#3082=CARTESIAN_POINT('',(0.95,1.59,-1.94));
#3083=CARTESIAN_POINT('',(0.95,0.95,-3.));
#3084=CARTESIAN_POINT('',(1.59,0.95,-3.));
#3085=CARTESIAN_POINT('',(1.59,0.95,-1.94));
#3086=CARTESIAN_POINT('',(0.95,0.95,-1.94));
#3087=CARTESIAN_POINT('',(1.59,0.95,-3.));
#3088=CARTESIAN_POINT('',(1.59,0.95,-1.94));
#3089=CARTESIAN_POINT('',(6.67,-0.950000000000001,-3.));
#3090=CARTESIAN_POINT('',(6.03,-0.950000000000001,-3.));
#3091=CARTESIAN_POINT('',(6.03,-0.950000000000001,-1.94));
#3092=CARTESIAN_POINT('',(6.67,-0.950000000000001,-1.94));
#3093=CARTESIAN_POINT('',(6.67,-0.950000000000001,-1.94));
#3094=CARTESIAN_POINT('',(6.67,-0.950000000000001,-3.));
#3095=CARTESIAN_POINT('',(6.03,-0.950000000000001,-3.));
#3096=CARTESIAN_POINT('',(6.03,-1.59,-3.));
#3097=CARTESIAN_POINT('',(6.03,-1.59,-1.94));
#3098=CARTESIAN_POINT('',(6.03,-0.950000000000001,-1.94));
#3099=CARTESIAN_POINT('',(6.03,-1.59,-3.));
#3100=CARTESIAN_POINT('',(6.67,-1.59,-3.));
#3101=CARTESIAN_POINT('',(6.67,-1.59,-1.94));
#3102=CARTESIAN_POINT('',(6.03,-1.59,-1.94));
#3103=CARTESIAN_POINT('',(6.67,-1.59,-3.));
#3104=CARTESIAN_POINT('',(6.67,-1.59,-1.94));
#3105=CARTESIAN_POINT('',(6.67,1.59,-3.));
#3106=CARTESIAN_POINT('',(6.03,1.59,-3.));
#3107=CARTESIAN_POINT('',(6.03,1.59,-1.94));
#3108=CARTESIAN_POINT('',(6.67,1.59,-1.94));
#3109=CARTESIAN_POINT('',(6.67,1.59,-1.94));
#3110=CARTESIAN_POINT('',(6.67,1.59,-3.));
#3111=CARTESIAN_POINT('',(6.03,1.59,-3.));
#3112=CARTESIAN_POINT('',(6.03,0.95,-3.));
#3113=CARTESIAN_POINT('',(6.03,0.95,-1.94));
#3114=CARTESIAN_POINT('',(6.03,1.59,-1.94));
#3115=CARTESIAN_POINT('',(6.03,0.95,-3.));
#3116=CARTESIAN_POINT('',(6.67,0.95,-3.));
#3117=CARTESIAN_POINT('',(6.67,0.95,-1.94));
#3118=CARTESIAN_POINT('',(6.03,0.95,-1.94));
#3119=CARTESIAN_POINT('',(6.67,0.95,-3.));
#3120=CARTESIAN_POINT('',(6.67,0.95,-1.94));
#3121=CARTESIAN_POINT('',(4.13,-0.950000000000001,-3.));
#3122=CARTESIAN_POINT('',(3.49,-0.950000000000001,-3.));
#3123=CARTESIAN_POINT('',(3.49,-0.950000000000001,-1.94));
#3124=CARTESIAN_POINT('',(4.13,-0.950000000000001,-1.94));
#3125=CARTESIAN_POINT('',(4.13,-0.950000000000001,-1.94));
#3126=CARTESIAN_POINT('',(4.13,-0.950000000000001,-3.));
#3127=CARTESIAN_POINT('',(3.49,-0.950000000000001,-3.));
#3128=CARTESIAN_POINT('',(3.49,-1.59,-3.));
#3129=CARTESIAN_POINT('',(3.49,-1.59,-1.94));
#3130=CARTESIAN_POINT('',(3.49,-0.950000000000001,-1.94));
#3131=CARTESIAN_POINT('',(3.49,-1.59,-3.));
#3132=CARTESIAN_POINT('',(4.13,-1.59,-3.));
#3133=CARTESIAN_POINT('',(4.13,-1.59,-1.94));
#3134=CARTESIAN_POINT('',(3.49,-1.59,-1.94));
#3135=CARTESIAN_POINT('',(4.13,-1.59,-3.));
#3136=CARTESIAN_POINT('',(4.13,-1.59,-1.94));
#3137=CARTESIAN_POINT('',(4.13,1.59,-3.));
#3138=CARTESIAN_POINT('',(3.49,1.59,-3.));
#3139=CARTESIAN_POINT('',(3.49,1.59,-1.94));
#3140=CARTESIAN_POINT('',(4.13,1.59,-1.94));
#3141=CARTESIAN_POINT('',(4.13,1.59,-1.94));
#3142=CARTESIAN_POINT('',(4.13,1.59,-3.));
#3143=CARTESIAN_POINT('',(3.49,1.59,-3.));
#3144=CARTESIAN_POINT('',(3.49,0.95,-3.));
#3145=CARTESIAN_POINT('',(3.49,0.95,-1.94));
#3146=CARTESIAN_POINT('',(3.49,1.59,-1.94));
#3147=CARTESIAN_POINT('',(3.49,0.95,-3.));
#3148=CARTESIAN_POINT('',(4.13,0.95,-3.));
#3149=CARTESIAN_POINT('',(4.13,0.95,-1.94));
#3150=CARTESIAN_POINT('',(3.49,0.95,-1.94));
#3151=CARTESIAN_POINT('',(4.13,0.95,-3.));
#3152=CARTESIAN_POINT('',(4.13,0.95,-1.94));
#3153=CARTESIAN_POINT('',(1.59,-0.950000000000001,-3.));
#3154=CARTESIAN_POINT('',(0.95,-0.950000000000001,-3.));
#3155=CARTESIAN_POINT('',(0.95,-0.950000000000001,-1.94));
#3156=CARTESIAN_POINT('',(1.59,-0.950000000000001,-1.94));
#3157=CARTESIAN_POINT('',(1.59,-0.950000000000001,-1.94));
#3158=CARTESIAN_POINT('',(1.59,-0.950000000000001,-3.));
#3159=CARTESIAN_POINT('',(0.95,-0.950000000000001,-3.));
#3160=CARTESIAN_POINT('',(0.95,-1.59,-3.));
#3161=CARTESIAN_POINT('',(0.95,-1.59,-1.94));
#3162=CARTESIAN_POINT('',(0.95,-0.950000000000001,-1.94));
#3163=CARTESIAN_POINT('',(0.95,-1.59,-3.));
#3164=CARTESIAN_POINT('',(1.59,-1.59,-3.));
#3165=CARTESIAN_POINT('',(1.59,-1.59,-1.94));
#3166=CARTESIAN_POINT('',(0.95,-1.59,-1.94));
#3167=CARTESIAN_POINT('',(1.59,-1.59,-3.));
#3168=CARTESIAN_POINT('',(1.59,-1.59,-1.94));
#3169=CARTESIAN_POINT('',(0.,0.,-1.94));
#3170=CARTESIAN_POINT('',(2.54,2.45,-1.94));
#3171=CARTESIAN_POINT('',(0.,-2.45,-1.94));
#3172=CARTESIAN_POINT('',(2.54,2.45,-1.94));
#3173=CARTESIAN_POINT('',(0.,-2.45,-1.94));
#3174=CARTESIAN_POINT('',(2.54,-4.45,-1.27));
#3175=CARTESIAN_POINT('',(2.54,-4.25,-1.27));
#3176=CARTESIAN_POINT('',(2.54,-4.25,-2.06));
#3177=CARTESIAN_POINT('',(2.54,-4.25,-1.27));
#3178=CARTESIAN_POINT('',(2.54,-4.45,-1.27));
#3179=CARTESIAN_POINT('',(2.54,-4.45,-1.86));
#3180=CARTESIAN_POINT('',(3.13,-4.45,-1.27));
#3181=CARTESIAN_POINT('',(5.08,-4.45,-1.27));
#3182=CARTESIAN_POINT('',(5.08,-4.25,-1.27));
#3183=CARTESIAN_POINT('',(5.08,-4.25,-2.06));
#3184=CARTESIAN_POINT('',(5.08,-4.25,-1.27));
#3185=CARTESIAN_POINT('',(5.08,-4.45,-1.27));
#3186=CARTESIAN_POINT('',(5.08,-4.45,-1.86));
#3187=CARTESIAN_POINT('',(5.67,-4.45,-1.27));
#3188=CARTESIAN_POINT('',(0.,0.,0.));
#3189=CARTESIAN_POINT('',(0.,0.,0.32));
#3190=CARTESIAN_POINT('',(9.00540375166259,-4.32,0.32));
#3191=CARTESIAN_POINT('',(9.00540375166259,-4.32,0.32));
#3192=CARTESIAN_POINT('',(10.04,-4.32,0.320000000000001));
#3193=CARTESIAN_POINT('',(10.04,-3.68,0.320000000000001));
#3194=CARTESIAN_POINT('',(10.04,-3.68,0.320000000000001));
#3195=CARTESIAN_POINT('',(10.04,-3.68,0.32));
#3196=CARTESIAN_POINT('',(9.16,-3.68,0.32));
#3197=CARTESIAN_POINT('',(9.16,-3.07,0.32));
#3198=CARTESIAN_POINT('',(8.64436819065119,-3.39591998586719,0.32));
#3199=CARTESIAN_POINT('',(8.64436819065119,-3.39591998586719,0.32));
#3200=CARTESIAN_POINT('',(6.64590467725424,-0.234188880029578,0.32));
#3201=CARTESIAN_POINT('',(5.64,-0.869999999999998,0.32));
#3202=CARTESIAN_POINT('',(5.64,0.32,0.32));
#3203=CARTESIAN_POINT('',(0.,0.32,0.32));
#3204=CARTESIAN_POINT('',(-6.7,0.32,0.32));
#3205=CARTESIAN_POINT('',(-6.7,0.32,0.32));
#3206=CARTESIAN_POINT('',(-6.7,-0.32,0.32));
#3207=CARTESIAN_POINT('',(-6.7,-0.32,0.32));
#3208=CARTESIAN_POINT('',(5.61,-0.32,0.32));
#3209=CARTESIAN_POINT('',(5.61,-0.900000000000002,0.32));
#3210=CARTESIAN_POINT('',(6.09785920711612,-0.586322786877926,0.32));
#3211=CARTESIAN_POINT('',(6.09785920711612,-0.586322786877926,0.32));
#3212=CARTESIAN_POINT('',(8.15063612320803,-3.77898733749395,0.32));
#3213=CARTESIAN_POINT('',(9.16,-3.12999999999999,0.32));
#3214=CARTESIAN_POINT('',(0.,0.,-0.32));
#3215=CARTESIAN_POINT('',(10.04,-3.68,-0.319999999999999));
#3216=CARTESIAN_POINT('',(10.04,-3.68,-0.32));
#3217=CARTESIAN_POINT('',(10.04,-4.32,-0.319999999999999));
#3218=CARTESIAN_POINT('',(9.00540375166259,-4.32,-0.32));
#3219=CARTESIAN_POINT('',(9.00540375166259,-4.32,-0.32));
#3220=CARTESIAN_POINT('',(9.16,-3.12999999999999,-0.32));
#3221=CARTESIAN_POINT('',(8.15063612320803,-3.77898733749395,-0.32));
#3222=CARTESIAN_POINT('',(6.09785920711612,-0.586322786877926,-0.32));
#3223=CARTESIAN_POINT('',(6.09785920711612,-0.586322786877926,-0.32));
#3224=CARTESIAN_POINT('',(5.61,-0.900000000000002,-0.32));
#3225=CARTESIAN_POINT('',(5.61,-0.32,-0.32));
#3226=CARTESIAN_POINT('',(-6.7,-0.32,-0.32));
#3227=CARTESIAN_POINT('',(-6.7,-0.32,-0.319999999999998));
#3228=CARTESIAN_POINT('',(-6.7,0.32,-0.319999999999998));
#3229=CARTESIAN_POINT('',(-6.69999999999999,0.32,-0.32));
#3230=CARTESIAN_POINT('',(0.,0.32,-0.32));
#3231=CARTESIAN_POINT('',(5.64,0.32,-0.32));
#3232=CARTESIAN_POINT('',(5.64,-0.869999999999998,-0.32));
#3233=CARTESIAN_POINT('',(6.64590467725424,-0.234188880029578,-0.32));
#3234=CARTESIAN_POINT('',(8.64436819065119,-3.39591998586719,-0.32));
#3235=CARTESIAN_POINT('',(8.64436819065119,-3.39591998586719,-0.32));
#3236=CARTESIAN_POINT('',(9.16,-3.07,-0.32));
#3237=CARTESIAN_POINT('',(9.16,-3.68,-0.32));
#3238=CARTESIAN_POINT('',(10.04,-3.68,-0.32));
#3239=CARTESIAN_POINT('',(10.04,-4.32,0.32));
#3240=CARTESIAN_POINT('',(10.2546454319177,-4.2106326898202,-0.2106326898202));
#3241=CARTESIAN_POINT('',(10.44,-4.11618982020223,-0.116189820202228));
#3242=CARTESIAN_POINT('',(10.44,-4.11618982020223,0.32));
#3243=CARTESIAN_POINT('',(10.44,-4.11618982020223,0.11618982020223));
#3244=CARTESIAN_POINT('',(10.04,-4.32,0.320000000000001));
#3245=CARTESIAN_POINT('',(10.04,-4.32,0.32));
#3246=CARTESIAN_POINT('',(10.44,-4.11618982020223,0.32));
#3247=CARTESIAN_POINT('',(10.44,-3.68,-0.116189820202228));
#3248=CARTESIAN_POINT('',(10.44,-3.88381017979777,-0.116189820202228));
#3249=CARTESIAN_POINT('',(10.44,-3.88381017979777,0.32));
#3250=CARTESIAN_POINT('',(10.44,-3.88381017979777,0.11618982020223));
#3251=CARTESIAN_POINT('',(10.44,-3.68,0.11618982020223));
#3252=CARTESIAN_POINT('',(10.44,-3.88381017979777,0.32));
#3253=CARTESIAN_POINT('',(10.5862908630553,-3.95834909755297,-0.0416509024470278));
#3254=CARTESIAN_POINT('',(10.04,-3.68,0.32));
#3255=CARTESIAN_POINT('',(10.3716454311376,-3.84898178737317,0.151018212626829));
#3256=CARTESIAN_POINT('',(-7.1,0.116189820202227,0.32));
#3257=CARTESIAN_POINT('',(-7.1,0.32,0.116189820202228));
#3258=CARTESIAN_POINT('',(-7.1,0.116189820202227,0.116189820202228));
#3259=CARTESIAN_POINT('',(-7.1,-0.116189820202228,0.116189820202228));
#3260=CARTESIAN_POINT('',(-7.1,0.116189820202227,0.32));
#3261=CARTESIAN_POINT('',(-7.1,0.116189820202227,-0.116189820202227));
#3262=CARTESIAN_POINT('',(-7.1,0.32,-0.116189820202227));
#3263=CARTESIAN_POINT('',(-7.1,-0.116189820202228,-0.116189820202227));
#3264=CARTESIAN_POINT('',(-7.1,-0.116189820202228,0.32));
#3265=CARTESIAN_POINT('',(-7.1,-0.116189820202228,0.32));
#3266=CARTESIAN_POINT('',(-7.03164543113762,-0.151018212626827,0.151018212626827));
#3267=CARTESIAN_POINT('',(-7.24629086305534,-0.0416509024470277,-0.0416509024470273));
#3268=CARTESIAN_POINT('',(-6.7,-0.32,0.32));
#3269=CARTESIAN_POINT('',(-6.69999999999999,0.32,0.32));
#3270=CARTESIAN_POINT('',(-6.7,0.32,0.320000000000002));
#3271=CARTESIAN_POINT('',(-6.69999999999999,0.32,0.32));
#3272=CARTESIAN_POINT('',(-6.91464543191771,0.210632689820201,-0.2106326898202));
#3273=CARTESIAN_POINT('',(-6.7,-0.32,0.32));
#3274=CARTESIAN_POINT('',(5.61,-0.32,0.32));
#3275=CARTESIAN_POINT('',(0.,0.32,0.32));
#3276=CARTESIAN_POINT('',(5.64,0.32,0.32));
#3277=CARTESIAN_POINT('',(-7.1,0.32,-0.116189820202227));
#3278=CARTESIAN_POINT('',(-6.7,0.32,0.32));
#3279=CARTESIAN_POINT('',(5.61,-0.900000000000002,0.32));
#3280=CARTESIAN_POINT('',(6.09785920711612,-0.586322786877926,0.32));
#3281=CARTESIAN_POINT('',(6.09785920711612,-0.586322786877926,0.32));
#3282=CARTESIAN_POINT('',(8.15063612320803,-3.77898733749395,0.32));
#3283=CARTESIAN_POINT('',(9.16,-3.12999999999999,0.32));
#3284=CARTESIAN_POINT('',(9.00540375166259,-4.32,0.32));
#3285=CARTESIAN_POINT('',(9.00540375166259,-4.32,0.32));
#3286=CARTESIAN_POINT('',(10.04,-3.68,0.32));
#3287=CARTESIAN_POINT('',(9.16,-3.68,0.32));
#3288=CARTESIAN_POINT('',(9.16,-3.07,0.32));
#3289=CARTESIAN_POINT('',(8.64436819065119,-3.39591998586719,0.32));
#3290=CARTESIAN_POINT('',(8.64436819065119,-3.39591998586719,0.32));
#3291=CARTESIAN_POINT('',(6.64590467725424,-0.234188880029578,0.32));
#3292=CARTESIAN_POINT('',(5.64,-0.869999999999998,0.32));
#3293=CARTESIAN_POINT('',(10.44,-3.68,0.11618982020223));
#3294=CARTESIAN_POINT('',(10.04,-3.68,-0.319999999999999));
#3295=CARTESIAN_POINT('',(1.27,1.27,0.));
#3296=CARTESIAN_POINT('',(3.81,1.27,0.));
#3297=CARTESIAN_POINT('',(6.35,1.27,0.));
#3298=CARTESIAN_POINT('',(0.,0.,0.32));
#3299=CARTESIAN_POINT('',(4.7754037516626,-1.78,0.32));
#3300=CARTESIAN_POINT('',(4.7754037516626,-1.78,0.32));
#3301=CARTESIAN_POINT('',(5.84,-1.78,0.32));
#3302=CARTESIAN_POINT('',(5.84,-1.14,0.32));
#3303=CARTESIAN_POINT('',(5.84,-1.14,0.32));
#3304=CARTESIAN_POINT('',(5.84,-1.14,0.32));
#3305=CARTESIAN_POINT('',(4.96,-1.14,0.32));
#3306=CARTESIAN_POINT('',(4.96,-0.530000000000002,0.32));
#3307=CARTESIAN_POINT('',(4.45006074035236,-0.864756555529558,0.32));
#3308=CARTESIAN_POINT('',(4.45006074035236,-0.864756555529558,0.32));
#3309=CARTESIAN_POINT('',(4.02479953931261,-0.216950326098075,0.32));
#3310=CARTESIAN_POINT('',(3.03,-0.869999999999998,0.32));
#3311=CARTESIAN_POINT('',(3.03,0.32,0.32));
#3312=CARTESIAN_POINT('',(0.,0.32,0.32));
#3313=CARTESIAN_POINT('',(-6.7,0.32,0.32));
#3314=CARTESIAN_POINT('',(-6.7,0.32,0.32));
#3315=CARTESIAN_POINT('',(-6.7,-0.32,0.32));
#3316=CARTESIAN_POINT('',(-6.7,-0.32,0.32));
#3317=CARTESIAN_POINT('',(3.,-0.32,0.32));
#3318=CARTESIAN_POINT('',(3.,-0.900000000000001,0.32));
#3319=CARTESIAN_POINT('',(3.4834553719543,-0.579576993134802,0.32));
#3320=CARTESIAN_POINT('',(3.4834553719543,-0.579576993134802,0.32));
#3321=CARTESIAN_POINT('',(3.92974750630146,-1.25294415213489,0.32));
#3322=CARTESIAN_POINT('',(4.93,-0.59,0.32));
#3323=CARTESIAN_POINT('',(0.,0.,-0.32));
#3324=CARTESIAN_POINT('',(5.84,-1.14,-0.32));
#3325=CARTESIAN_POINT('',(5.84,-1.14,-0.32));
#3326=CARTESIAN_POINT('',(5.84,-1.78,-0.32));
#3327=CARTESIAN_POINT('',(4.7754037516626,-1.78,-0.32));
#3328=CARTESIAN_POINT('',(4.7754037516626,-1.78,-0.32));
#3329=CARTESIAN_POINT('',(4.93,-0.59,-0.32));
#3330=CARTESIAN_POINT('',(3.92974750630146,-1.25294415213489,-0.32));
#3331=CARTESIAN_POINT('',(3.4834553719543,-0.579576993134802,-0.32));
#3332=CARTESIAN_POINT('',(3.4834553719543,-0.579576993134802,-0.32));
#3333=CARTESIAN_POINT('',(3.,-0.900000000000001,-0.32));
#3334=CARTESIAN_POINT('',(3.,-0.32,-0.32));
#3335=CARTESIAN_POINT('',(-6.7,-0.32,-0.32));
#3336=CARTESIAN_POINT('',(-6.7,-0.32,-0.319999999999998));
#3337=CARTESIAN_POINT('',(-6.7,0.32,-0.319999999999998));
#3338=CARTESIAN_POINT('',(-6.69999999999999,0.32,-0.32));
#3339=CARTESIAN_POINT('',(0.,0.32,-0.32));
#3340=CARTESIAN_POINT('',(3.03,0.32,-0.32));
#3341=CARTESIAN_POINT('',(3.03,-0.869999999999998,-0.32));
#3342=CARTESIAN_POINT('',(4.02479953931261,-0.216950326098075,-0.32));
#3343=CARTESIAN_POINT('',(4.45006074035236,-0.864756555529558,-0.32));
#3344=CARTESIAN_POINT('',(4.45006074035236,-0.864756555529558,-0.32));
#3345=CARTESIAN_POINT('',(4.96,-0.530000000000002,-0.32));
#3346=CARTESIAN_POINT('',(4.96,-1.14,-0.32));
#3347=CARTESIAN_POINT('',(5.84,-1.14,-0.32));
#3348=CARTESIAN_POINT('',(5.84,-1.78,0.32));
#3349=CARTESIAN_POINT('',(6.05464543191771,-1.6706326898202,-0.2106326898202));
#3350=CARTESIAN_POINT('',(6.24,-1.57618982020223,-0.116189820202228));
#3351=CARTESIAN_POINT('',(6.24,-1.57618982020223,0.32));
#3352=CARTESIAN_POINT('',(6.24,-1.57618982020223,0.116189820202228));
#3353=CARTESIAN_POINT('',(5.84,-1.78,0.32));
#3354=CARTESIAN_POINT('',(5.84,-1.78,0.32));
#3355=CARTESIAN_POINT('',(6.24,-1.57618982020223,0.32));
#3356=CARTESIAN_POINT('',(6.24,-1.14,-0.116189820202228));
#3357=CARTESIAN_POINT('',(6.24,-1.34381017979777,-0.116189820202228));
#3358=CARTESIAN_POINT('',(6.24,-1.34381017979777,0.32));
#3359=CARTESIAN_POINT('',(6.24,-1.34381017979777,0.116189820202228));
#3360=CARTESIAN_POINT('',(6.24,-1.14,0.116189820202228));
#3361=CARTESIAN_POINT('',(6.24,-1.34381017979777,0.32));
#3362=CARTESIAN_POINT('',(6.38629086305534,-1.41834909755297,-0.041650902447028));
#3363=CARTESIAN_POINT('',(5.84,-1.14,0.32));
#3364=CARTESIAN_POINT('',(6.17164543113763,-1.30898178737317,0.151018212626828));
#3365=CARTESIAN_POINT('',(-7.1,0.116189820202227,0.32));
#3366=CARTESIAN_POINT('',(-7.1,0.32,0.116189820202228));
#3367=CARTESIAN_POINT('',(-7.1,0.116189820202227,0.116189820202228));
#3368=CARTESIAN_POINT('',(-7.1,-0.116189820202228,0.116189820202228));
#3369=CARTESIAN_POINT('',(-7.1,0.116189820202227,0.32));
#3370=CARTESIAN_POINT('',(-7.1,0.116189820202227,-0.116189820202227));
#3371=CARTESIAN_POINT('',(-7.1,0.32,-0.116189820202227));
#3372=CARTESIAN_POINT('',(-7.1,-0.116189820202228,-0.116189820202227));
#3373=CARTESIAN_POINT('',(-7.1,-0.116189820202228,0.32));
#3374=CARTESIAN_POINT('',(-7.1,-0.116189820202228,0.32));
#3375=CARTESIAN_POINT('',(-7.03164543113762,-0.151018212626827,0.151018212626827));
#3376=CARTESIAN_POINT('',(-7.24629086305534,-0.0416509024470277,-0.0416509024470273));
#3377=CARTESIAN_POINT('',(-6.7,-0.32,0.32));
#3378=CARTESIAN_POINT('',(-6.69999999999999,0.32,0.32));
#3379=CARTESIAN_POINT('',(-6.7,0.32,0.320000000000002));
#3380=CARTESIAN_POINT('',(-6.69999999999999,0.32,0.32));
#3381=CARTESIAN_POINT('',(-6.91464543191771,0.210632689820201,-0.2106326898202));
#3382=CARTESIAN_POINT('',(-6.7,-0.32,0.32));
#3383=CARTESIAN_POINT('',(3.,-0.32,0.32));
#3384=CARTESIAN_POINT('',(0.,0.32,0.32));
#3385=CARTESIAN_POINT('',(3.03,0.32,0.32));
#3386=CARTESIAN_POINT('',(-7.1,0.32,-0.116189820202227));
#3387=CARTESIAN_POINT('',(-6.7,0.32,0.32));
#3388=CARTESIAN_POINT('',(3.,-0.900000000000001,0.32));
#3389=CARTESIAN_POINT('',(3.4834553719543,-0.579576993134802,0.32));
#3390=CARTESIAN_POINT('',(3.4834553719543,-0.579576993134802,0.32));
#3391=CARTESIAN_POINT('',(3.92974750630146,-1.25294415213489,0.32));
#3392=CARTESIAN_POINT('',(4.93,-0.59,0.32));
#3393=CARTESIAN_POINT('',(4.7754037516626,-1.78,0.32));
#3394=CARTESIAN_POINT('',(4.7754037516626,-1.78,0.32));
#3395=CARTESIAN_POINT('',(5.84,-1.14,0.32));
#3396=CARTESIAN_POINT('',(4.96,-1.14,0.32));
#3397=CARTESIAN_POINT('',(4.96,-0.530000000000002,0.32));
#3398=CARTESIAN_POINT('',(4.45006074035236,-0.864756555529558,0.32));
#3399=CARTESIAN_POINT('',(4.45006074035236,-0.864756555529558,0.32));
#3400=CARTESIAN_POINT('',(4.02479953931261,-0.216950326098075,0.32));
#3401=CARTESIAN_POINT('',(3.03,-0.869999999999998,0.32));
#3402=CARTESIAN_POINT('',(6.24,-1.14,0.116189820202228));
#3403=CARTESIAN_POINT('',(5.84,-1.14,-0.32));
#3404=CARTESIAN_POINT('',(1.27,-1.27,0.));
#3405=CARTESIAN_POINT('',(3.81,-1.27,0.));
#3406=CARTESIAN_POINT('',(6.35,-1.27,0.));
#3407=MECHANICAL_DESIGN_GEOMETRIC_PRESENTATION_REPRESENTATION('',(#1997,
#1998,#1999,#2000,#2001,#2002,#2003,#2004,#2005,#2006,#2007,#2008,#2009,
#2010,#2011,#2012,#2013,#2014,#2015,#2016,#2017,#2018,#2019,#2020),#3408);
#3408=(
GEOMETRIC_REPRESENTATION_CONTEXT(3)
GLOBAL_UNCERTAINTY_ASSIGNED_CONTEXT((#3412))
GLOBAL_UNIT_ASSIGNED_CONTEXT((#3418,#3417,#3416))
REPRESENTATION_CONTEXT('BG066-06-A-0710-N-B','TOP_LEVEL_ASSEMBLY_PART')
);
#3409=(
GEOMETRIC_REPRESENTATION_CONTEXT(3)
GLOBAL_UNCERTAINTY_ASSIGNED_CONTEXT((#3413))
GLOBAL_UNIT_ASSIGNED_CONTEXT((#3418,#3417,#3416))
REPRESENTATION_CONTEXT('BG066-06-A-0710-N-B_H','COMPONENT_PART')
);
#3410=(
GEOMETRIC_REPRESENTATION_CONTEXT(3)
GLOBAL_UNCERTAINTY_ASSIGNED_CONTEXT((#3414))
GLOBAL_UNIT_ASSIGNED_CONTEXT((#3418,#3417,#3416))
REPRESENTATION_CONTEXT('BG066-06-A-0710-N-B_P1','COMPONENT_PART')
);
#3411=(
GEOMETRIC_REPRESENTATION_CONTEXT(3)
GLOBAL_UNCERTAINTY_ASSIGNED_CONTEXT((#3415))
GLOBAL_UNIT_ASSIGNED_CONTEXT((#3418,#3417,#3416))
REPRESENTATION_CONTEXT('BG066-06-A-0710-N-B_P2','COMPONENT_PART')
);
#3412=UNCERTAINTY_MEASURE_WITH_UNIT(LENGTH_MEASURE(1.E-5),#3418,
'DISTANCE_ACCURACY_VALUE','Maximum Tolerance applied to model');
#3413=UNCERTAINTY_MEASURE_WITH_UNIT(LENGTH_MEASURE(1.E-5),#3418,
'DISTANCE_ACCURACY_VALUE','Maximum Tolerance applied to model');
#3414=UNCERTAINTY_MEASURE_WITH_UNIT(LENGTH_MEASURE(1.E-5),#3418,
'DISTANCE_ACCURACY_VALUE','Maximum Tolerance applied to model');
#3415=UNCERTAINTY_MEASURE_WITH_UNIT(LENGTH_MEASURE(1.E-5),#3418,
'DISTANCE_ACCURACY_VALUE','Maximum Tolerance applied to model');
#3416=(
NAMED_UNIT(*)
SI_UNIT($,.STERADIAN.)
SOLID_ANGLE_UNIT()
);
#3417=(
NAMED_UNIT(*)
PLANE_ANGLE_UNIT()
SI_UNIT($,.RADIAN.)
);
#3418=(
LENGTH_UNIT()
NAMED_UNIT(*)
SI_UNIT(.MILLI.,.METRE.)
);
#3419=PRODUCT_DEFINITION_SHAPE('','',#3430);
#3420=PRODUCT_DEFINITION_SHAPE('','',#3431);
#3421=PRODUCT_DEFINITION_SHAPE(' ','NAUO PRDDFN',#25);
#3422=PRODUCT_DEFINITION_SHAPE('','',#3432);
#3423=PRODUCT_DEFINITION_SHAPE(' ','NAUO PRDDFN',#26);
#3424=PRODUCT_DEFINITION_SHAPE(' ','NAUO PRDDFN',#27);
#3425=PRODUCT_DEFINITION_SHAPE(' ','NAUO PRDDFN',#28);
#3426=PRODUCT_DEFINITION_SHAPE('','',#3433);
#3427=PRODUCT_DEFINITION_SHAPE(' ','NAUO PRDDFN',#29);
#3428=PRODUCT_DEFINITION_SHAPE(' ','NAUO PRDDFN',#30);
#3429=PRODUCT_DEFINITION_SHAPE(' ','NAUO PRDDFN',#31);
#3430=PRODUCT_DEFINITION('','',#3438,#3434);
#3431=PRODUCT_DEFINITION('','',#3439,#3435);
#3432=PRODUCT_DEFINITION('','',#3440,#3436);
#3433=PRODUCT_DEFINITION('','',#3441,#3437);
#3434=PRODUCT_DEFINITION_CONTEXT('',#3459,'design');
#3435=PRODUCT_DEFINITION_CONTEXT('',#3459,'design');
#3436=PRODUCT_DEFINITION_CONTEXT('',#3459,'design');
#3437=PRODUCT_DEFINITION_CONTEXT('',#3459,'design');
#3438=PRODUCT_DEFINITION_FORMATION_WITH_SPECIFIED_SOURCE('','',#3446,
 .NOT_KNOWN.);
#3439=PRODUCT_DEFINITION_FORMATION_WITH_SPECIFIED_SOURCE('','',#3447,
 .NOT_KNOWN.);
#3440=PRODUCT_DEFINITION_FORMATION_WITH_SPECIFIED_SOURCE('','',#3448,
 .NOT_KNOWN.);
#3441=PRODUCT_DEFINITION_FORMATION_WITH_SPECIFIED_SOURCE('','',#3449,
 .NOT_KNOWN.);
#3442=PRODUCT_RELATED_PRODUCT_CATEGORY('','',(#3446));
#3443=PRODUCT_RELATED_PRODUCT_CATEGORY('','',(#3447));
#3444=PRODUCT_RELATED_PRODUCT_CATEGORY('','',(#3448));
#3445=PRODUCT_RELATED_PRODUCT_CATEGORY('','',(#3449));
#3446=PRODUCT('BG066-06-A-0710-N-B','BG066-06-A-0710-N-B',
'BG066-06-A-0710-N-B',(#3454));
#3447=PRODUCT('BG066-06-A-0710-N-B_H','BG066-06-A-0710-N-B_H',
'BG066-06-A-0710-N-B_H',(#3455));
#3448=PRODUCT('BG066-06-A-0710-N-B_P1','BG066-06-A-0710-N-B_P1',
'BG066-06-A-0710-N-B_P1',(#3456));
#3449=PRODUCT('BG066-06-A-0710-N-B_P2','BG066-06-A-0710-N-B_P2',
'BG066-06-A-0710-N-B_P2',(#3457));
#3450=PRODUCT_CATEGORY('','');
#3451=PRODUCT_CATEGORY('','');
#3452=PRODUCT_CATEGORY('','');
#3453=PRODUCT_CATEGORY('','');
#3454=PRODUCT_CONTEXT('',#3459,'mechanical');
#3455=PRODUCT_CONTEXT('',#3459,'mechanical');
#3456=PRODUCT_CONTEXT('',#3459,'mechanical');
#3457=PRODUCT_CONTEXT('',#3459,'mechanical');
#3458=APPLICATION_PROTOCOL_DEFINITION('international standard',
'automotive_design',2010,#3459);
#3459=APPLICATION_CONTEXT(
'core data for automotive mechanical design processes');
ENDSEC;
END-ISO-10303-21;
