solid 
 facet normal -1.000000e+00  0.000000e+00  0.000000e+00
   outer loop
     vertex -1.000000e-01  8.260000e+00  1.595198e+00
     vertex -1.000000e-01  8.300000e+00  1.635198e+00
     vertex -1.000000e-01  8.298042e+00  1.622837e+00
   endloop
 endfacet
 facet normal -1.000000e+00  0.000000e+00  0.000000e+00
   outer loop
     vertex -1.000000e-01  8.260000e+00  1.595198e+00
     vertex -1.000000e-01  8.298042e+00  1.622837e+00
     vertex -1.000000e-01  8.292361e+00  1.611687e+00
   endloop
 endfacet
 facet normal -1.000000e+00  0.000000e+00  0.000000e+00
   outer loop
     vertex -1.000000e-01  8.260000e+00  1.595198e+00
     vertex -1.000000e-01  8.292361e+00  1.611687e+00
     vertex -1.000000e-01  8.283511e+00  1.602837e+00
   endloop
 endfacet
 facet normal -1.000000e+00  0.000000e+00  0.000000e+00
   outer loop
     vertex -1.000000e-01  8.260000e+00  1.595198e+00
     vertex -1.000000e-01  8.283511e+00  1.602837e+00
     vertex -1.000000e-01  8.272361e+00  1.597156e+00
   endloop
 endfacet
 facet normal -1.000000e+00  0.000000e+00  0.000000e+00
   outer loop
     vertex -1.000000e-01  8.292361e+00  3.178709e+00
     vertex -1.000000e-01  8.298042e+00  3.167559e+00
     vertex -1.000000e-01  8.300000e+00  3.155198e+00
   endloop
 endfacet
 facet normal -1.000000e+00  0.000000e+00  0.000000e+00
   outer loop
     vertex -1.000000e-01  6.707639e+00  1.611687e+00
     vertex -1.000000e-01  6.727639e+00  1.597156e+00
     vertex -1.000000e-01  6.716489e+00  1.602837e+00
   endloop
 endfacet
 facet normal -1.000000e+00  0.000000e+00  0.000000e+00
   outer loop
     vertex -1.000000e-01  6.707639e+00  1.611687e+00
     vertex -1.000000e-01  6.740000e+00  1.595198e+00
     vertex -1.000000e-01  6.727639e+00  1.597156e+00
   endloop
 endfacet
 facet normal -1.000000e+00  0.000000e+00  0.000000e+00
   outer loop
     vertex -1.000000e-01  8.272361e+00  3.193240e+00
     vertex -1.000000e-01  8.283511e+00  3.187559e+00
     vertex -1.000000e-01  8.292361e+00  3.178709e+00
   endloop
 endfacet
 facet normal -1.000000e+00  0.000000e+00  0.000000e+00
   outer loop
     vertex -1.000000e-01  8.260000e+00  3.195198e+00
     vertex -1.000000e-01  8.300000e+00  3.155198e+00
     vertex -1.000000e-01  8.300000e+00  1.635198e+00
   endloop
 endfacet
 facet normal -1.000000e+00  0.000000e+00  0.000000e+00
   outer loop
     vertex -1.000000e-01  8.260000e+00  3.195198e+00
     vertex -1.000000e-01  8.300000e+00  1.635198e+00
     vertex -1.000000e-01  8.260000e+00  1.595198e+00
   endloop
 endfacet
 facet normal -1.000000e+00  0.000000e+00  0.000000e+00
   outer loop
     vertex -1.000000e-01  8.260000e+00  3.195198e+00
     vertex -1.000000e-01  8.292361e+00  3.178709e+00
     vertex -1.000000e-01  8.300000e+00  3.155198e+00
   endloop
 endfacet
 facet normal -1.000000e+00  0.000000e+00  0.000000e+00
   outer loop
     vertex -1.000000e-01  8.260000e+00  3.195198e+00
     vertex -1.000000e-01  8.272361e+00  3.193240e+00
     vertex -1.000000e-01  8.292361e+00  3.178709e+00
   endloop
 endfacet
 facet normal -1.000000e+00  0.000000e+00  0.000000e+00
   outer loop
     vertex -1.000000e-01  6.700000e+00  1.635198e+00
     vertex -1.000000e-01  6.707639e+00  1.611687e+00
     vertex -1.000000e-01  6.701958e+00  1.622837e+00
   endloop
 endfacet
 facet normal -1.000000e+00  0.000000e+00  0.000000e+00
   outer loop
     vertex -1.000000e-01  6.700000e+00  1.635198e+00
     vertex -1.000000e-01  6.740000e+00  1.595198e+00
     vertex -1.000000e-01  6.707639e+00  1.611687e+00
   endloop
 endfacet
 facet normal -1.000000e+00  0.000000e+00  0.000000e+00
   outer loop
     vertex -1.000000e-01  6.700000e+00  3.155198e+00
     vertex -1.000000e-01  8.260000e+00  1.595198e+00
     vertex -1.000000e-01  6.740000e+00  1.595198e+00
   endloop
 endfacet
 facet normal -1.000000e+00  0.000000e+00  0.000000e+00
   outer loop
     vertex -1.000000e-01  6.700000e+00  3.155198e+00
     vertex -1.000000e-01  6.740000e+00  3.195198e+00
     vertex -1.000000e-01  8.260000e+00  3.195198e+00
   endloop
 endfacet
 facet normal -1.000000e+00  0.000000e+00  0.000000e+00
   outer loop
     vertex -1.000000e-01  6.700000e+00  3.155198e+00
     vertex -1.000000e-01  6.740000e+00  1.595198e+00
     vertex -1.000000e-01  6.700000e+00  1.635198e+00
   endloop
 endfacet
 facet normal -1.000000e+00  0.000000e+00  0.000000e+00
   outer loop
     vertex -1.000000e-01  6.700000e+00  3.155198e+00
     vertex -1.000000e-01  8.260000e+00  3.195198e+00
     vertex -1.000000e-01  8.260000e+00  1.595198e+00
   endloop
 endfacet
 facet normal -1.000000e+00  0.000000e+00 -0.000000e+00
   outer loop
     vertex -1.000000e-01  6.701958e+00  3.167559e+00
     vertex -1.000000e-01  6.740000e+00  3.195198e+00
     vertex -1.000000e-01  6.700000e+00  3.155198e+00
   endloop
 endfacet
 facet normal -1.000000e+00  0.000000e+00  0.000000e+00
   outer loop
     vertex -1.000000e-01  6.716489e+00  3.187559e+00
     vertex -1.000000e-01  6.701958e+00  3.167559e+00
     vertex -1.000000e-01  6.707639e+00  3.178709e+00
   endloop
 endfacet
 facet normal -1.000000e+00  0.000000e+00  0.000000e+00
   outer loop
     vertex -1.000000e-01  6.716489e+00  3.187559e+00
     vertex -1.000000e-01  6.727639e+00  3.193240e+00
     vertex -1.000000e-01  6.740000e+00  3.195198e+00
   endloop
 endfacet
 facet normal -1.000000e+00  0.000000e+00 -0.000000e+00
   outer loop
     vertex -1.000000e-01  6.716489e+00  3.187559e+00
     vertex -1.000000e-01  6.740000e+00  3.195198e+00
     vertex -1.000000e-01  6.701958e+00  3.167559e+00
   endloop
 endfacet
 facet normal  0.000000e+00 -1.000000e+00 -0.000000e+00
   outer loop
     vertex  3.000000e-01  6.700000e+00  3.155198e+00
     vertex -1.000000e-01  6.700000e+00  1.635198e+00
     vertex  3.000000e-01  6.700000e+00  1.635198e+00
   endloop
 endfacet
 facet normal -0.000000e+00 -1.000000e+00  0.000000e+00
   outer loop
     vertex  3.000000e-01  6.700000e+00  3.155198e+00
     vertex -1.000000e-01  6.700000e+00  3.155198e+00
     vertex -1.000000e-01  6.700000e+00  1.635198e+00
   endloop
 endfacet
 facet normal -0.000000e+00 -9.876883e-01 -1.564345e-01
   outer loop
     vertex  3.000000e-01  6.701958e+00  1.622837e+00
     vertex -1.000000e-01  6.700000e+00  1.635198e+00
     vertex -1.000000e-01  6.701958e+00  1.622837e+00
   endloop
 endfacet
 facet normal  0.000000e+00 -9.876883e-01 -1.564345e-01
   outer loop
     vertex  3.000000e-01  6.701958e+00  1.622837e+00
     vertex  3.000000e-01  6.700000e+00  1.635198e+00
     vertex -1.000000e-01  6.700000e+00  1.635198e+00
   endloop
 endfacet
 facet normal -0.000000e+00 -8.910065e-01 -4.539905e-01
   outer loop
     vertex  3.000000e-01  6.707639e+00  1.611687e+00
     vertex -1.000000e-01  6.701958e+00  1.622837e+00
     vertex -1.000000e-01  6.707639e+00  1.611687e+00
   endloop
 endfacet
 facet normal  0.000000e+00 -8.910065e-01 -4.539905e-01
   outer loop
     vertex  3.000000e-01  6.707639e+00  1.611687e+00
     vertex  3.000000e-01  6.701958e+00  1.622837e+00
     vertex -1.000000e-01  6.701958e+00  1.622837e+00
   endloop
 endfacet
 facet normal -0.000000e+00 -7.071068e-01 -7.071068e-01
   outer loop
     vertex  3.000000e-01  6.716489e+00  1.602837e+00
     vertex -1.000000e-01  6.707639e+00  1.611687e+00
     vertex -1.000000e-01  6.716489e+00  1.602837e+00
   endloop
 endfacet
 facet normal  0.000000e+00 -7.071068e-01 -7.071068e-01
   outer loop
     vertex  3.000000e-01  6.716489e+00  1.602837e+00
     vertex  3.000000e-01  6.707639e+00  1.611687e+00
     vertex -1.000000e-01  6.707639e+00  1.611687e+00
   endloop
 endfacet
 facet normal -0.000000e+00 -4.539905e-01 -8.910065e-01
   outer loop
     vertex  3.000000e-01  6.727639e+00  1.597156e+00
     vertex -1.000000e-01  6.716489e+00  1.602837e+00
     vertex -1.000000e-01  6.727639e+00  1.597156e+00
   endloop
 endfacet
 facet normal  0.000000e+00 -4.539905e-01 -8.910065e-01
   outer loop
     vertex  3.000000e-01  6.727639e+00  1.597156e+00
     vertex  3.000000e-01  6.716489e+00  1.602837e+00
     vertex -1.000000e-01  6.716489e+00  1.602837e+00
   endloop
 endfacet
 facet normal -0.000000e+00 -1.564345e-01 -9.876883e-01
   outer loop
     vertex  3.000000e-01  6.740000e+00  1.595198e+00
     vertex -1.000000e-01  6.727639e+00  1.597156e+00
     vertex -1.000000e-01  6.740000e+00  1.595198e+00
   endloop
 endfacet
 facet normal  0.000000e+00 -1.564345e-01 -9.876883e-01
   outer loop
     vertex  3.000000e-01  6.740000e+00  1.595198e+00
     vertex  3.000000e-01  6.727639e+00  1.597156e+00
     vertex -1.000000e-01  6.727639e+00  1.597156e+00
   endloop
 endfacet
 facet normal  0.000000e+00 -1.564345e-01  9.876883e-01
   outer loop
     vertex  3.000000e-01  6.727639e+00  3.193240e+00
     vertex  3.000000e-01  6.740000e+00  3.195198e+00
     vertex -1.000000e-01  6.740000e+00  3.195198e+00
   endloop
 endfacet
 facet normal  0.000000e+00 -1.564345e-01  9.876883e-01
   outer loop
     vertex  3.000000e-01  6.727639e+00  3.193240e+00
     vertex -1.000000e-01  6.740000e+00  3.195198e+00
     vertex -1.000000e-01  6.727639e+00  3.193240e+00
   endloop
 endfacet
 facet normal  0.000000e+00 -4.539905e-01  8.910065e-01
   outer loop
     vertex  3.000000e-01  6.716489e+00  3.187559e+00
     vertex -1.000000e-01  6.727639e+00  3.193240e+00
     vertex -1.000000e-01  6.716489e+00  3.187559e+00
   endloop
 endfacet
 facet normal  0.000000e+00 -4.539905e-01  8.910065e-01
   outer loop
     vertex  3.000000e-01  6.716489e+00  3.187559e+00
     vertex  3.000000e-01  6.727639e+00  3.193240e+00
     vertex -1.000000e-01  6.727639e+00  3.193240e+00
   endloop
 endfacet
 facet normal  0.000000e+00 -7.071068e-01  7.071068e-01
   outer loop
     vertex  3.000000e-01  6.707639e+00  3.178709e+00
     vertex -1.000000e-01  6.716489e+00  3.187559e+00
     vertex -1.000000e-01  6.707639e+00  3.178709e+00
   endloop
 endfacet
 facet normal  0.000000e+00 -7.071068e-01  7.071068e-01
   outer loop
     vertex  3.000000e-01  6.707639e+00  3.178709e+00
     vertex  3.000000e-01  6.716489e+00  3.187559e+00
     vertex -1.000000e-01  6.716489e+00  3.187559e+00
   endloop
 endfacet
 facet normal  0.000000e+00 -8.910065e-01  4.539905e-01
   outer loop
     vertex  3.000000e-01  6.701958e+00  3.167559e+00
     vertex -1.000000e-01  6.707639e+00  3.178709e+00
     vertex -1.000000e-01  6.701958e+00  3.167559e+00
   endloop
 endfacet
 facet normal  0.000000e+00 -8.910065e-01  4.539905e-01
   outer loop
     vertex  3.000000e-01  6.701958e+00  3.167559e+00
     vertex  3.000000e-01  6.707639e+00  3.178709e+00
     vertex -1.000000e-01  6.707639e+00  3.178709e+00
   endloop
 endfacet
 facet normal  0.000000e+00 -9.876883e-01  1.564345e-01
   outer loop
     vertex  3.000000e-01  6.700000e+00  3.155198e+00
     vertex -1.000000e-01  6.701958e+00  3.167559e+00
     vertex -1.000000e-01  6.700000e+00  3.155198e+00
   endloop
 endfacet
 facet normal  0.000000e+00 -9.876883e-01  1.564345e-01
   outer loop
     vertex  3.000000e-01  6.700000e+00  3.155198e+00
     vertex  3.000000e-01  6.701958e+00  3.167559e+00
     vertex -1.000000e-01  6.701958e+00  3.167559e+00
   endloop
 endfacet
 facet normal -0.000000e+00  0.000000e+00 -1.000000e+00
   outer loop
     vertex  3.000000e-01  8.260000e+00  1.595198e+00
     vertex -1.000000e-01  6.740000e+00  1.595198e+00
     vertex -1.000000e-01  8.260000e+00  1.595198e+00
   endloop
 endfacet
 facet normal  0.000000e+00 -0.000000e+00 -1.000000e+00
   outer loop
     vertex  3.000000e-01  8.260000e+00  1.595198e+00
     vertex  3.000000e-01  6.740000e+00  1.595198e+00
     vertex -1.000000e-01  6.740000e+00  1.595198e+00
   endloop
 endfacet
 facet normal  0.000000e+00  0.000000e+00  1.000000e+00
   outer loop
     vertex  3.000000e-01  8.260000e+00  3.195198e+00
     vertex -1.000000e-01  8.260000e+00  3.195198e+00
     vertex -1.000000e-01  6.740000e+00  3.195198e+00
   endloop
 endfacet
 facet normal  0.000000e+00  0.000000e+00  1.000000e+00
   outer loop
     vertex  3.000000e-01  8.260000e+00  3.195198e+00
     vertex -1.000000e-01  6.740000e+00  3.195198e+00
     vertex  3.000000e-01  6.740000e+00  3.195198e+00
   endloop
 endfacet
 facet normal  0.000000e+00  1.564345e-01 -9.876883e-01
   outer loop
     vertex  3.000000e-01  8.272361e+00  1.597156e+00
     vertex  3.000000e-01  8.260000e+00  1.595198e+00
     vertex -1.000000e-01  8.260000e+00  1.595198e+00
   endloop
 endfacet
 facet normal  0.000000e+00  1.564345e-01 -9.876883e-01
   outer loop
     vertex  3.000000e-01  8.272361e+00  1.597156e+00
     vertex -1.000000e-01  8.260000e+00  1.595198e+00
     vertex -1.000000e-01  8.272361e+00  1.597156e+00
   endloop
 endfacet
 facet normal  0.000000e+00  4.539905e-01 -8.910065e-01
   outer loop
     vertex  3.000000e-01  8.283511e+00  1.602837e+00
     vertex -1.000000e-01  8.272361e+00  1.597156e+00
     vertex -1.000000e-01  8.283511e+00  1.602837e+00
   endloop
 endfacet
 facet normal  0.000000e+00  4.539905e-01 -8.910065e-01
   outer loop
     vertex  3.000000e-01  8.283511e+00  1.602837e+00
     vertex  3.000000e-01  8.272361e+00  1.597156e+00
     vertex -1.000000e-01  8.272361e+00  1.597156e+00
   endloop
 endfacet
 facet normal  0.000000e+00  7.071068e-01 -7.071068e-01
   outer loop
     vertex  3.000000e-01  8.292361e+00  1.611687e+00
     vertex -1.000000e-01  8.283511e+00  1.602837e+00
     vertex -1.000000e-01  8.292361e+00  1.611687e+00
   endloop
 endfacet
 facet normal  0.000000e+00  7.071068e-01 -7.071068e-01
   outer loop
     vertex  3.000000e-01  8.292361e+00  1.611687e+00
     vertex  3.000000e-01  8.283511e+00  1.602837e+00
     vertex -1.000000e-01  8.283511e+00  1.602837e+00
   endloop
 endfacet
 facet normal  0.000000e+00  8.910065e-01 -4.539905e-01
   outer loop
     vertex  3.000000e-01  8.298042e+00  1.622837e+00
     vertex -1.000000e-01  8.292361e+00  1.611687e+00
     vertex -1.000000e-01  8.298042e+00  1.622837e+00
   endloop
 endfacet
 facet normal  0.000000e+00  8.910065e-01 -4.539905e-01
   outer loop
     vertex  3.000000e-01  8.298042e+00  1.622837e+00
     vertex  3.000000e-01  8.292361e+00  1.611687e+00
     vertex -1.000000e-01  8.292361e+00  1.611687e+00
   endloop
 endfacet
 facet normal  0.000000e+00  9.876883e-01 -1.564345e-01
   outer loop
     vertex  3.000000e-01  8.300000e+00  1.635198e+00
     vertex -1.000000e-01  8.298042e+00  1.622837e+00
     vertex -1.000000e-01  8.300000e+00  1.635198e+00
   endloop
 endfacet
 facet normal  0.000000e+00  9.876883e-01 -1.564345e-01
   outer loop
     vertex  3.000000e-01  8.300000e+00  1.635198e+00
     vertex  3.000000e-01  8.298042e+00  1.622837e+00
     vertex -1.000000e-01  8.298042e+00  1.622837e+00
   endloop
 endfacet
 facet normal  0.000000e+00  9.876883e-01  1.564345e-01
   outer loop
     vertex  3.000000e-01  8.298042e+00  3.167559e+00
     vertex -1.000000e-01  8.300000e+00  3.155198e+00
     vertex -1.000000e-01  8.298042e+00  3.167559e+00
   endloop
 endfacet
 facet normal  0.000000e+00  9.876883e-01  1.564345e-01
   outer loop
     vertex  3.000000e-01  8.298042e+00  3.167559e+00
     vertex  3.000000e-01  8.300000e+00  3.155198e+00
     vertex -1.000000e-01  8.300000e+00  3.155198e+00
   endloop
 endfacet
 facet normal  0.000000e+00  8.910065e-01  4.539905e-01
   outer loop
     vertex  3.000000e-01  8.292361e+00  3.178709e+00
     vertex -1.000000e-01  8.298042e+00  3.167559e+00
     vertex -1.000000e-01  8.292361e+00  3.178709e+00
   endloop
 endfacet
 facet normal  0.000000e+00  8.910065e-01  4.539905e-01
   outer loop
     vertex  3.000000e-01  8.292361e+00  3.178709e+00
     vertex  3.000000e-01  8.298042e+00  3.167559e+00
     vertex -1.000000e-01  8.298042e+00  3.167559e+00
   endloop
 endfacet
 facet normal  0.000000e+00  7.071068e-01  7.071068e-01
   outer loop
     vertex  3.000000e-01  8.283511e+00  3.187559e+00
     vertex -1.000000e-01  8.292361e+00  3.178709e+00
     vertex -1.000000e-01  8.283511e+00  3.187559e+00
   endloop
 endfacet
 facet normal  0.000000e+00  7.071068e-01  7.071068e-01
   outer loop
     vertex  3.000000e-01  8.283511e+00  3.187559e+00
     vertex  3.000000e-01  8.292361e+00  3.178709e+00
     vertex -1.000000e-01  8.292361e+00  3.178709e+00
   endloop
 endfacet
 facet normal  0.000000e+00  4.539905e-01  8.910065e-01
   outer loop
     vertex  3.000000e-01  8.272361e+00  3.193240e+00
     vertex -1.000000e-01  8.283511e+00  3.187559e+00
     vertex -1.000000e-01  8.272361e+00  3.193240e+00
   endloop
 endfacet
 facet normal  0.000000e+00  4.539905e-01  8.910065e-01
   outer loop
     vertex  3.000000e-01  8.272361e+00  3.193240e+00
     vertex  3.000000e-01  8.283511e+00  3.187559e+00
     vertex -1.000000e-01  8.283511e+00  3.187559e+00
   endloop
 endfacet
 facet normal  0.000000e+00  1.564345e-01  9.876883e-01
   outer loop
     vertex  3.000000e-01  8.260000e+00  3.195198e+00
     vertex -1.000000e-01  8.272361e+00  3.193240e+00
     vertex -1.000000e-01  8.260000e+00  3.195198e+00
   endloop
 endfacet
 facet normal  0.000000e+00  1.564345e-01  9.876883e-01
   outer loop
     vertex  3.000000e-01  8.260000e+00  3.195198e+00
     vertex  3.000000e-01  8.272361e+00  3.193240e+00
     vertex -1.000000e-01  8.272361e+00  3.193240e+00
   endloop
 endfacet
 facet normal  0.000000e+00  1.000000e+00  0.000000e+00
   outer loop
     vertex  3.000000e-01  8.300000e+00  3.155198e+00
     vertex  3.000000e-01  8.300000e+00  1.635198e+00
     vertex -1.000000e-01  8.300000e+00  1.635198e+00
   endloop
 endfacet
 facet normal  0.000000e+00  1.000000e+00  0.000000e+00
   outer loop
     vertex  3.000000e-01  8.300000e+00  3.155198e+00
     vertex -1.000000e-01  8.300000e+00  1.635198e+00
     vertex -1.000000e-01  8.300000e+00  3.155198e+00
   endloop
 endfacet
 facet normal  1.000000e+00  0.000000e+00  0.000000e+00
   outer loop
     vertex  3.000000e-01  8.243511e+00  1.642837e+00
     vertex  3.000000e-01  8.272361e+00  1.597156e+00
     vertex  3.000000e-01  8.283511e+00  1.602837e+00
   endloop
 endfacet
 facet normal  1.000000e+00  0.000000e+00  0.000000e+00
   outer loop
     vertex  3.000000e-01  8.243511e+00  1.642837e+00
     vertex  3.000000e-01  8.260000e+00  1.595198e+00
     vertex  3.000000e-01  8.272361e+00  1.597156e+00
   endloop
 endfacet
 facet normal  1.000000e+00  0.000000e+00  0.000000e+00
   outer loop
     vertex  3.000000e-01  8.252361e+00  1.651687e+00
     vertex  3.000000e-01  8.298042e+00  1.622837e+00
     vertex  3.000000e-01  8.300000e+00  1.635198e+00
   endloop
 endfacet
 facet normal  1.000000e+00  0.000000e+00  0.000000e+00
   outer loop
     vertex  3.000000e-01  8.252361e+00  1.651687e+00
     vertex  3.000000e-01  8.292361e+00  1.611687e+00
     vertex  3.000000e-01  8.298042e+00  1.622837e+00
   endloop
 endfacet
 facet normal  1.000000e+00  0.000000e+00  0.000000e+00
   outer loop
     vertex  3.000000e-01  8.252361e+00  1.651687e+00
     vertex  3.000000e-01  8.283511e+00  1.602837e+00
     vertex  3.000000e-01  8.292361e+00  1.611687e+00
   endloop
 endfacet
 facet normal  1.000000e+00  0.000000e+00  0.000000e+00
   outer loop
     vertex  3.000000e-01  8.252361e+00  1.651687e+00
     vertex  3.000000e-01  8.243511e+00  1.642837e+00
     vertex  3.000000e-01  8.283511e+00  1.602837e+00
   endloop
 endfacet
 facet normal  1.000000e+00 -0.000000e+00  0.000000e+00
   outer loop
     vertex  3.000000e-01  8.232361e+00  1.637156e+00
     vertex  3.000000e-01  8.260000e+00  1.595198e+00
     vertex  3.000000e-01  8.243511e+00  1.642837e+00
   endloop
 endfacet
 facet normal  1.000000e+00  0.000000e+00  0.000000e+00
   outer loop
     vertex  3.000000e-01  8.258042e+00  1.662837e+00
     vertex  3.000000e-01  8.252361e+00  1.651687e+00
     vertex  3.000000e-01  8.300000e+00  1.635198e+00
   endloop
 endfacet
 facet normal  1.000000e+00  0.000000e+00  0.000000e+00
   outer loop
     vertex  3.000000e-01  8.260000e+00  1.675198e+00
     vertex  3.000000e-01  8.258042e+00  1.662837e+00
     vertex  3.000000e-01  8.300000e+00  1.635198e+00
   endloop
 endfacet
 facet normal  1.000000e+00 -0.000000e+00  0.000000e+00
   outer loop
     vertex  3.000000e-01  8.220000e+00  1.635198e+00
     vertex  3.000000e-01  8.260000e+00  1.595198e+00
     vertex  3.000000e-01  8.232361e+00  1.637156e+00
   endloop
 endfacet
 facet normal  1.000000e+00  0.000000e+00  0.000000e+00
   outer loop
     vertex  3.000000e-01  8.300000e+00  3.155198e+00
     vertex  3.000000e-01  8.260000e+00  3.115198e+00
     vertex  3.000000e-01  8.260000e+00  1.675198e+00
   endloop
 endfacet
 facet normal  1.000000e+00  0.000000e+00  0.000000e+00
   outer loop
     vertex  3.000000e-01  8.300000e+00  3.155198e+00
     vertex  3.000000e-01  8.260000e+00  1.675198e+00
     vertex  3.000000e-01  8.300000e+00  1.635198e+00
   endloop
 endfacet
 facet normal  1.000000e+00  0.000000e+00  0.000000e+00
   outer loop
     vertex  3.000000e-01  6.740000e+00  1.595198e+00
     vertex  3.000000e-01  8.220000e+00  1.635198e+00
     vertex  3.000000e-01  6.780000e+00  1.635198e+00
   endloop
 endfacet
 facet normal  1.000000e+00  0.000000e+00  0.000000e+00
   outer loop
     vertex  3.000000e-01  6.740000e+00  1.595198e+00
     vertex  3.000000e-01  8.260000e+00  1.595198e+00
     vertex  3.000000e-01  8.220000e+00  1.635198e+00
   endloop
 endfacet
 facet normal  1.000000e+00 -0.000000e+00  0.000000e+00
   outer loop
     vertex  3.000000e-01  8.258042e+00  3.127559e+00
     vertex  3.000000e-01  8.260000e+00  3.115198e+00
     vertex  3.000000e-01  8.300000e+00  3.155198e+00
   endloop
 endfacet
 facet normal  1.000000e+00  0.000000e+00  0.000000e+00
   outer loop
     vertex  3.000000e-01  6.767639e+00  1.637156e+00
     vertex  3.000000e-01  6.740000e+00  1.595198e+00
     vertex  3.000000e-01  6.780000e+00  1.635198e+00
   endloop
 endfacet
 facet normal  1.000000e+00  0.000000e+00  0.000000e+00
   outer loop
     vertex  3.000000e-01  8.252361e+00  3.138709e+00
     vertex  3.000000e-01  8.300000e+00  3.155198e+00
     vertex  3.000000e-01  8.298042e+00  3.167559e+00
   endloop
 endfacet
 facet normal  1.000000e+00  0.000000e+00  0.000000e+00
   outer loop
     vertex  3.000000e-01  8.252361e+00  3.138709e+00
     vertex  3.000000e-01  8.298042e+00  3.167559e+00
     vertex  3.000000e-01  8.292361e+00  3.178709e+00
   endloop
 endfacet
 facet normal  1.000000e+00 -0.000000e+00  0.000000e+00
   outer loop
     vertex  3.000000e-01  8.252361e+00  3.138709e+00
     vertex  3.000000e-01  8.258042e+00  3.127559e+00
     vertex  3.000000e-01  8.300000e+00  3.155198e+00
   endloop
 endfacet
 facet normal  1.000000e+00  0.000000e+00  0.000000e+00
   outer loop
     vertex  3.000000e-01  6.756489e+00  1.642837e+00
     vertex  3.000000e-01  6.727639e+00  1.597156e+00
     vertex  3.000000e-01  6.740000e+00  1.595198e+00
   endloop
 endfacet
 facet normal  1.000000e+00  0.000000e+00  0.000000e+00
   outer loop
     vertex  3.000000e-01  6.756489e+00  1.642837e+00
     vertex  3.000000e-01  6.740000e+00  1.595198e+00
     vertex  3.000000e-01  6.767639e+00  1.637156e+00
   endloop
 endfacet
 facet normal  1.000000e+00 -0.000000e+00  0.000000e+00
   outer loop
     vertex  3.000000e-01  6.716489e+00  1.602837e+00
     vertex  3.000000e-01  6.727639e+00  1.597156e+00
     vertex  3.000000e-01  6.756489e+00  1.642837e+00
   endloop
 endfacet
 facet normal  1.000000e+00  0.000000e+00  0.000000e+00
   outer loop
     vertex  3.000000e-01  8.243511e+00  3.147559e+00
     vertex  3.000000e-01  8.292361e+00  3.178709e+00
     vertex  3.000000e-01  8.283511e+00  3.187559e+00
   endloop
 endfacet
 facet normal  1.000000e+00 -0.000000e+00  0.000000e+00
   outer loop
     vertex  3.000000e-01  8.243511e+00  3.147559e+00
     vertex  3.000000e-01  8.252361e+00  3.138709e+00
     vertex  3.000000e-01  8.292361e+00  3.178709e+00
   endloop
 endfacet
 facet normal  1.000000e+00 -0.000000e+00  0.000000e+00
   outer loop
     vertex  3.000000e-01  6.707639e+00  1.611687e+00
     vertex  3.000000e-01  6.716489e+00  1.602837e+00
     vertex  3.000000e-01  6.756489e+00  1.642837e+00
   endloop
 endfacet
 facet normal  1.000000e+00  0.000000e+00  0.000000e+00
   outer loop
     vertex  3.000000e-01  6.707639e+00  1.611687e+00
     vertex  3.000000e-01  6.756489e+00  1.642837e+00
     vertex  3.000000e-01  6.747639e+00  1.651687e+00
   endloop
 endfacet
 facet normal  1.000000e+00  0.000000e+00  0.000000e+00
   outer loop
     vertex  3.000000e-01  8.272361e+00  3.193240e+00
     vertex  3.000000e-01  8.243511e+00  3.147559e+00
     vertex  3.000000e-01  8.283511e+00  3.187559e+00
   endloop
 endfacet
 facet normal  1.000000e+00 -0.000000e+00  0.000000e+00
   outer loop
     vertex  3.000000e-01  6.701958e+00  1.622837e+00
     vertex  3.000000e-01  6.707639e+00  1.611687e+00
     vertex  3.000000e-01  6.747639e+00  1.651687e+00
   endloop
 endfacet
 facet normal  1.000000e+00  0.000000e+00  0.000000e+00
   outer loop
     vertex  3.000000e-01  8.260000e+00  3.195198e+00
     vertex  3.000000e-01  8.243511e+00  3.147559e+00
     vertex  3.000000e-01  8.272361e+00  3.193240e+00
   endloop
 endfacet
 facet normal  1.000000e+00  0.000000e+00  0.000000e+00
   outer loop
     vertex  3.000000e-01  8.260000e+00  3.195198e+00
     vertex  3.000000e-01  8.232361e+00  3.153240e+00
     vertex  3.000000e-01  8.243511e+00  3.147559e+00
   endloop
 endfacet
 facet normal  1.000000e+00  0.000000e+00  0.000000e+00
   outer loop
     vertex  3.000000e-01  8.260000e+00  3.195198e+00
     vertex  3.000000e-01  8.220000e+00  3.155198e+00
     vertex  3.000000e-01  8.232361e+00  3.153240e+00
   endloop
 endfacet
 facet normal  1.000000e+00 -0.000000e+00  0.000000e+00
   outer loop
     vertex  3.000000e-01  6.700000e+00  1.635198e+00
     vertex  3.000000e-01  6.701958e+00  1.622837e+00
     vertex  3.000000e-01  6.747639e+00  1.651687e+00
   endloop
 endfacet
 facet normal  1.000000e+00  0.000000e+00  0.000000e+00
   outer loop
     vertex  3.000000e-01  6.700000e+00  1.635198e+00
     vertex  3.000000e-01  6.741958e+00  1.662837e+00
     vertex  3.000000e-01  6.740000e+00  1.675198e+00
   endloop
 endfacet
 facet normal  1.000000e+00  0.000000e+00  0.000000e+00
   outer loop
     vertex  3.000000e-01  6.700000e+00  1.635198e+00
     vertex  3.000000e-01  6.747639e+00  1.651687e+00
     vertex  3.000000e-01  6.741958e+00  1.662837e+00
   endloop
 endfacet
 facet normal  1.000000e+00  0.000000e+00  0.000000e+00
   outer loop
     vertex  3.000000e-01  6.780000e+00  3.155198e+00
     vertex  3.000000e-01  8.220000e+00  3.155198e+00
     vertex  3.000000e-01  8.260000e+00  3.195198e+00
   endloop
 endfacet
 facet normal  1.000000e+00  0.000000e+00  0.000000e+00
   outer loop
     vertex  3.000000e-01  6.740000e+00  3.195198e+00
     vertex  3.000000e-01  6.756489e+00  3.147559e+00
     vertex  3.000000e-01  6.767639e+00  3.153240e+00
   endloop
 endfacet
 facet normal  1.000000e+00  0.000000e+00  0.000000e+00
   outer loop
     vertex  3.000000e-01  6.740000e+00  3.195198e+00
     vertex  3.000000e-01  6.767639e+00  3.153240e+00
     vertex  3.000000e-01  6.780000e+00  3.155198e+00
   endloop
 endfacet
 facet normal  1.000000e+00 -0.000000e+00  0.000000e+00
   outer loop
     vertex  3.000000e-01  6.740000e+00  3.195198e+00
     vertex  3.000000e-01  6.780000e+00  3.155198e+00
     vertex  3.000000e-01  8.260000e+00  3.195198e+00
   endloop
 endfacet
 facet normal  1.000000e+00  0.000000e+00  0.000000e+00
   outer loop
     vertex  3.000000e-01  6.700000e+00  3.155198e+00
     vertex  3.000000e-01  6.740000e+00  3.115198e+00
     vertex  3.000000e-01  6.741958e+00  3.127559e+00
   endloop
 endfacet
 facet normal  1.000000e+00  0.000000e+00  0.000000e+00
   outer loop
     vertex  3.000000e-01  6.700000e+00  3.155198e+00
     vertex  3.000000e-01  6.741958e+00  3.127559e+00
     vertex  3.000000e-01  6.747639e+00  3.138709e+00
   endloop
 endfacet
 facet normal  1.000000e+00  0.000000e+00  0.000000e+00
   outer loop
     vertex  3.000000e-01  6.701958e+00  3.167559e+00
     vertex  3.000000e-01  6.700000e+00  3.155198e+00
     vertex  3.000000e-01  6.747639e+00  3.138709e+00
   endloop
 endfacet
 facet normal  1.000000e+00 -0.000000e+00  0.000000e+00
   outer loop
     vertex  3.000000e-01  6.727639e+00  3.193240e+00
     vertex  3.000000e-01  6.756489e+00  3.147559e+00
     vertex  3.000000e-01  6.740000e+00  3.195198e+00
   endloop
 endfacet
 facet normal  1.000000e+00  0.000000e+00  0.000000e+00
   outer loop
     vertex  3.000000e-01  6.707639e+00  3.178709e+00
     vertex  3.000000e-01  6.701958e+00  3.167559e+00
     vertex  3.000000e-01  6.747639e+00  3.138709e+00
   endloop
 endfacet
 facet normal  1.000000e+00  0.000000e+00  0.000000e+00
   outer loop
     vertex  3.000000e-01  6.716489e+00  3.187559e+00
     vertex  3.000000e-01  6.747639e+00  3.138709e+00
     vertex  3.000000e-01  6.756489e+00  3.147559e+00
   endloop
 endfacet
 facet normal  1.000000e+00 -0.000000e+00  0.000000e+00
   outer loop
     vertex  3.000000e-01  6.716489e+00  3.187559e+00
     vertex  3.000000e-01  6.756489e+00  3.147559e+00
     vertex  3.000000e-01  6.727639e+00  3.193240e+00
   endloop
 endfacet
 facet normal  1.000000e+00  0.000000e+00  0.000000e+00
   outer loop
     vertex  3.000000e-01  6.716489e+00  3.187559e+00
     vertex  3.000000e-01  6.707639e+00  3.178709e+00
     vertex  3.000000e-01  6.747639e+00  3.138709e+00
   endloop
 endfacet
 facet normal  1.000000e+00  0.000000e+00  0.000000e+00
   outer loop
     vertex  3.000000e-01  6.700000e+00  3.155198e+00
     vertex  3.000000e-01  6.700000e+00  1.635198e+00
     vertex  3.000000e-01  6.740000e+00  1.675198e+00
   endloop
 endfacet
 facet normal  1.000000e+00  0.000000e+00  0.000000e+00
   outer loop
     vertex  3.000000e-01  6.700000e+00  3.155198e+00
     vertex  3.000000e-01  6.740000e+00  1.675198e+00
     vertex  3.000000e-01  6.740000e+00  3.115198e+00
   endloop
 endfacet
 facet normal -0.000000e+00 -9.876883e-01 -1.564345e-01
   outer loop
     vertex  2.700000e+00  6.741958e+00  1.662837e+00
     vertex  3.000000e-01  6.740000e+00  1.675198e+00
     vertex  3.000000e-01  6.741958e+00  1.662837e+00
   endloop
 endfacet
 facet normal  0.000000e+00 -9.876883e-01 -1.564345e-01
   outer loop
     vertex  2.700000e+00  6.741958e+00  1.662837e+00
     vertex  2.700000e+00  6.740000e+00  1.675198e+00
     vertex  3.000000e-01  6.740000e+00  1.675198e+00
   endloop
 endfacet
 facet normal -0.000000e+00 -8.910065e-01 -4.539905e-01
   outer loop
     vertex  2.700000e+00  6.747639e+00  1.651687e+00
     vertex  3.000000e-01  6.741958e+00  1.662837e+00
     vertex  3.000000e-01  6.747639e+00  1.651687e+00
   endloop
 endfacet
 facet normal  0.000000e+00 -8.910065e-01 -4.539905e-01
   outer loop
     vertex  2.700000e+00  6.747639e+00  1.651687e+00
     vertex  2.700000e+00  6.741958e+00  1.662837e+00
     vertex  3.000000e-01  6.741958e+00  1.662837e+00
   endloop
 endfacet
 facet normal -0.000000e+00 -7.071068e-01 -7.071068e-01
   outer loop
     vertex  2.700000e+00  6.756489e+00  1.642837e+00
     vertex  3.000000e-01  6.747639e+00  1.651687e+00
     vertex  3.000000e-01  6.756489e+00  1.642837e+00
   endloop
 endfacet
 facet normal  0.000000e+00 -7.071068e-01 -7.071068e-01
   outer loop
     vertex  2.700000e+00  6.756489e+00  1.642837e+00
     vertex  2.700000e+00  6.747639e+00  1.651687e+00
     vertex  3.000000e-01  6.747639e+00  1.651687e+00
   endloop
 endfacet
 facet normal -0.000000e+00 -4.539905e-01 -8.910065e-01
   outer loop
     vertex  2.700000e+00  6.767639e+00  1.637156e+00
     vertex  3.000000e-01  6.756489e+00  1.642837e+00
     vertex  3.000000e-01  6.767639e+00  1.637156e+00
   endloop
 endfacet
 facet normal  0.000000e+00 -4.539905e-01 -8.910065e-01
   outer loop
     vertex  2.700000e+00  6.767639e+00  1.637156e+00
     vertex  2.700000e+00  6.756489e+00  1.642837e+00
     vertex  3.000000e-01  6.756489e+00  1.642837e+00
   endloop
 endfacet
 facet normal -0.000000e+00 -1.564345e-01 -9.876883e-01
   outer loop
     vertex  2.700000e+00  6.780000e+00  1.635198e+00
     vertex  3.000000e-01  6.767639e+00  1.637156e+00
     vertex  3.000000e-01  6.780000e+00  1.635198e+00
   endloop
 endfacet
 facet normal  0.000000e+00 -1.564345e-01 -9.876883e-01
   outer loop
     vertex  2.700000e+00  6.780000e+00  1.635198e+00
     vertex  2.700000e+00  6.767639e+00  1.637156e+00
     vertex  3.000000e-01  6.767639e+00  1.637156e+00
   endloop
 endfacet
 facet normal -0.000000e+00  0.000000e+00 -1.000000e+00
   outer loop
     vertex  2.700000e+00  8.220000e+00  1.635198e+00
     vertex  3.000000e-01  6.780000e+00  1.635198e+00
     vertex  3.000000e-01  8.220000e+00  1.635198e+00
   endloop
 endfacet
 facet normal  0.000000e+00 -0.000000e+00 -1.000000e+00
   outer loop
     vertex  2.700000e+00  8.220000e+00  1.635198e+00
     vertex  2.700000e+00  6.780000e+00  1.635198e+00
     vertex  3.000000e-01  6.780000e+00  1.635198e+00
   endloop
 endfacet
 facet normal  0.000000e+00  1.564345e-01 -9.876883e-01
   outer loop
     vertex  2.700000e+00  8.232361e+00  1.637156e+00
     vertex  2.700000e+00  8.220000e+00  1.635198e+00
     vertex  3.000000e-01  8.220000e+00  1.635198e+00
   endloop
 endfacet
 facet normal  0.000000e+00  1.564345e-01 -9.876883e-01
   outer loop
     vertex  2.700000e+00  8.232361e+00  1.637156e+00
     vertex  3.000000e-01  8.220000e+00  1.635198e+00
     vertex  3.000000e-01  8.232361e+00  1.637156e+00
   endloop
 endfacet
 facet normal  0.000000e+00  4.539905e-01 -8.910065e-01
   outer loop
     vertex  2.700000e+00  8.243511e+00  1.642837e+00
     vertex  3.000000e-01  8.232361e+00  1.637156e+00
     vertex  3.000000e-01  8.243511e+00  1.642837e+00
   endloop
 endfacet
 facet normal  0.000000e+00  4.539905e-01 -8.910065e-01
   outer loop
     vertex  2.700000e+00  8.243511e+00  1.642837e+00
     vertex  2.700000e+00  8.232361e+00  1.637156e+00
     vertex  3.000000e-01  8.232361e+00  1.637156e+00
   endloop
 endfacet
 facet normal  0.000000e+00  7.071068e-01 -7.071068e-01
   outer loop
     vertex  2.700000e+00  8.252361e+00  1.651687e+00
     vertex  3.000000e-01  8.243511e+00  1.642837e+00
     vertex  3.000000e-01  8.252361e+00  1.651687e+00
   endloop
 endfacet
 facet normal  0.000000e+00  7.071068e-01 -7.071068e-01
   outer loop
     vertex  2.700000e+00  8.252361e+00  1.651687e+00
     vertex  2.700000e+00  8.243511e+00  1.642837e+00
     vertex  3.000000e-01  8.243511e+00  1.642837e+00
   endloop
 endfacet
 facet normal  0.000000e+00  8.910065e-01 -4.539905e-01
   outer loop
     vertex  2.700000e+00  8.258042e+00  1.662837e+00
     vertex  3.000000e-01  8.252361e+00  1.651687e+00
     vertex  3.000000e-01  8.258042e+00  1.662837e+00
   endloop
 endfacet
 facet normal  0.000000e+00  8.910065e-01 -4.539905e-01
   outer loop
     vertex  2.700000e+00  8.258042e+00  1.662837e+00
     vertex  2.700000e+00  8.252361e+00  1.651687e+00
     vertex  3.000000e-01  8.252361e+00  1.651687e+00
   endloop
 endfacet
 facet normal  0.000000e+00  9.876883e-01 -1.564345e-01
   outer loop
     vertex  2.700000e+00  8.260000e+00  1.675198e+00
     vertex  3.000000e-01  8.258042e+00  1.662837e+00
     vertex  3.000000e-01  8.260000e+00  1.675198e+00
   endloop
 endfacet
 facet normal  0.000000e+00  9.876883e-01 -1.564345e-01
   outer loop
     vertex  2.700000e+00  8.260000e+00  1.675198e+00
     vertex  2.700000e+00  8.258042e+00  1.662837e+00
     vertex  3.000000e-01  8.258042e+00  1.662837e+00
   endloop
 endfacet
 facet normal  0.000000e+00  1.000000e+00  0.000000e+00
   outer loop
     vertex  2.700000e+00  8.260000e+00  3.115198e+00
     vertex  2.700000e+00  8.260000e+00  1.675198e+00
     vertex  3.000000e-01  8.260000e+00  1.675198e+00
   endloop
 endfacet
 facet normal  0.000000e+00  1.000000e+00  0.000000e+00
   outer loop
     vertex  2.700000e+00  8.260000e+00  3.115198e+00
     vertex  3.000000e-01  8.260000e+00  1.675198e+00
     vertex  3.000000e-01  8.260000e+00  3.115198e+00
   endloop
 endfacet
 facet normal  0.000000e+00  9.876883e-01  1.564345e-01
   outer loop
     vertex  2.700000e+00  8.258042e+00  3.127559e+00
     vertex  3.000000e-01  8.260000e+00  3.115198e+00
     vertex  3.000000e-01  8.258042e+00  3.127559e+00
   endloop
 endfacet
 facet normal  0.000000e+00  9.876883e-01  1.564345e-01
   outer loop
     vertex  2.700000e+00  8.258042e+00  3.127559e+00
     vertex  2.700000e+00  8.260000e+00  3.115198e+00
     vertex  3.000000e-01  8.260000e+00  3.115198e+00
   endloop
 endfacet
 facet normal  0.000000e+00  8.910065e-01  4.539905e-01
   outer loop
     vertex  2.700000e+00  8.252361e+00  3.138709e+00
     vertex  3.000000e-01  8.258042e+00  3.127559e+00
     vertex  3.000000e-01  8.252361e+00  3.138709e+00
   endloop
 endfacet
 facet normal  0.000000e+00  8.910065e-01  4.539905e-01
   outer loop
     vertex  2.700000e+00  8.252361e+00  3.138709e+00
     vertex  2.700000e+00  8.258042e+00  3.127559e+00
     vertex  3.000000e-01  8.258042e+00  3.127559e+00
   endloop
 endfacet
 facet normal  0.000000e+00  7.071068e-01  7.071068e-01
   outer loop
     vertex  2.700000e+00  8.243511e+00  3.147559e+00
     vertex  3.000000e-01  8.252361e+00  3.138709e+00
     vertex  3.000000e-01  8.243511e+00  3.147559e+00
   endloop
 endfacet
 facet normal  0.000000e+00  7.071068e-01  7.071068e-01
   outer loop
     vertex  2.700000e+00  8.243511e+00  3.147559e+00
     vertex  2.700000e+00  8.252361e+00  3.138709e+00
     vertex  3.000000e-01  8.252361e+00  3.138709e+00
   endloop
 endfacet
 facet normal  0.000000e+00  4.539905e-01  8.910065e-01
   outer loop
     vertex  2.700000e+00  8.232361e+00  3.153240e+00
     vertex  3.000000e-01  8.243511e+00  3.147559e+00
     vertex  3.000000e-01  8.232361e+00  3.153240e+00
   endloop
 endfacet
 facet normal  0.000000e+00  4.539905e-01  8.910065e-01
   outer loop
     vertex  2.700000e+00  8.232361e+00  3.153240e+00
     vertex  2.700000e+00  8.243511e+00  3.147559e+00
     vertex  3.000000e-01  8.243511e+00  3.147559e+00
   endloop
 endfacet
 facet normal  0.000000e+00  1.564345e-01  9.876883e-01
   outer loop
     vertex  2.700000e+00  8.220000e+00  3.155198e+00
     vertex  3.000000e-01  8.232361e+00  3.153240e+00
     vertex  3.000000e-01  8.220000e+00  3.155198e+00
   endloop
 endfacet
 facet normal  0.000000e+00  1.564345e-01  9.876883e-01
   outer loop
     vertex  2.700000e+00  8.220000e+00  3.155198e+00
     vertex  2.700000e+00  8.232361e+00  3.153240e+00
     vertex  3.000000e-01  8.232361e+00  3.153240e+00
   endloop
 endfacet
 facet normal  0.000000e+00  0.000000e+00  1.000000e+00
   outer loop
     vertex  2.700000e+00  8.220000e+00  3.155198e+00
     vertex  3.000000e-01  8.220000e+00  3.155198e+00
     vertex  3.000000e-01  6.780000e+00  3.155198e+00
   endloop
 endfacet
 facet normal  0.000000e+00  0.000000e+00  1.000000e+00
   outer loop
     vertex  2.700000e+00  8.220000e+00  3.155198e+00
     vertex  3.000000e-01  6.780000e+00  3.155198e+00
     vertex  2.700000e+00  6.780000e+00  3.155198e+00
   endloop
 endfacet
 facet normal  0.000000e+00 -1.564345e-01  9.876883e-01
   outer loop
     vertex  2.700000e+00  6.767639e+00  3.153240e+00
     vertex  2.700000e+00  6.780000e+00  3.155198e+00
     vertex  3.000000e-01  6.780000e+00  3.155198e+00
   endloop
 endfacet
 facet normal  0.000000e+00 -1.564345e-01  9.876883e-01
   outer loop
     vertex  2.700000e+00  6.767639e+00  3.153240e+00
     vertex  3.000000e-01  6.780000e+00  3.155198e+00
     vertex  3.000000e-01  6.767639e+00  3.153240e+00
   endloop
 endfacet
 facet normal  0.000000e+00 -4.539905e-01  8.910065e-01
   outer loop
     vertex  2.700000e+00  6.756489e+00  3.147559e+00
     vertex  3.000000e-01  6.767639e+00  3.153240e+00
     vertex  3.000000e-01  6.756489e+00  3.147559e+00
   endloop
 endfacet
 facet normal  0.000000e+00 -4.539905e-01  8.910065e-01
   outer loop
     vertex  2.700000e+00  6.756489e+00  3.147559e+00
     vertex  2.700000e+00  6.767639e+00  3.153240e+00
     vertex  3.000000e-01  6.767639e+00  3.153240e+00
   endloop
 endfacet
 facet normal  0.000000e+00 -7.071068e-01  7.071068e-01
   outer loop
     vertex  2.700000e+00  6.747639e+00  3.138709e+00
     vertex  3.000000e-01  6.756489e+00  3.147559e+00
     vertex  3.000000e-01  6.747639e+00  3.138709e+00
   endloop
 endfacet
 facet normal  0.000000e+00 -7.071068e-01  7.071068e-01
   outer loop
     vertex  2.700000e+00  6.747639e+00  3.138709e+00
     vertex  2.700000e+00  6.756489e+00  3.147559e+00
     vertex  3.000000e-01  6.756489e+00  3.147559e+00
   endloop
 endfacet
 facet normal  0.000000e+00 -8.910065e-01  4.539905e-01
   outer loop
     vertex  2.700000e+00  6.741958e+00  3.127559e+00
     vertex  3.000000e-01  6.747639e+00  3.138709e+00
     vertex  3.000000e-01  6.741958e+00  3.127559e+00
   endloop
 endfacet
 facet normal  0.000000e+00 -8.910065e-01  4.539905e-01
   outer loop
     vertex  2.700000e+00  6.741958e+00  3.127559e+00
     vertex  2.700000e+00  6.747639e+00  3.138709e+00
     vertex  3.000000e-01  6.747639e+00  3.138709e+00
   endloop
 endfacet
 facet normal  0.000000e+00 -9.876883e-01  1.564345e-01
   outer loop
     vertex  2.700000e+00  6.740000e+00  3.115198e+00
     vertex  3.000000e-01  6.741958e+00  3.127559e+00
     vertex  3.000000e-01  6.740000e+00  3.115198e+00
   endloop
 endfacet
 facet normal  0.000000e+00 -9.876883e-01  1.564345e-01
   outer loop
     vertex  2.700000e+00  6.740000e+00  3.115198e+00
     vertex  2.700000e+00  6.741958e+00  3.127559e+00
     vertex  3.000000e-01  6.741958e+00  3.127559e+00
   endloop
 endfacet
 facet normal  0.000000e+00 -1.000000e+00 -0.000000e+00
   outer loop
     vertex  2.700000e+00  6.740000e+00  3.115198e+00
     vertex  3.000000e-01  6.740000e+00  1.675198e+00
     vertex  2.700000e+00  6.740000e+00  1.675198e+00
   endloop
 endfacet
 facet normal -0.000000e+00 -1.000000e+00  0.000000e+00
   outer loop
     vertex  2.700000e+00  6.740000e+00  3.115198e+00
     vertex  3.000000e-01  6.740000e+00  3.115198e+00
     vertex  3.000000e-01  6.740000e+00  1.675198e+00
   endloop
 endfacet
 facet normal -1.000000e+00  0.000000e+00  0.000000e+00
   outer loop
     vertex  2.700000e+00  8.243511e+00  1.642837e+00
     vertex  2.700000e+00  8.283511e+00  1.602837e+00
     vertex  2.700000e+00  8.272361e+00  1.597156e+00
   endloop
 endfacet
 facet normal -1.000000e+00  0.000000e+00  0.000000e+00
   outer loop
     vertex  2.700000e+00  8.243511e+00  1.642837e+00
     vertex  2.700000e+00  8.272361e+00  1.597156e+00
     vertex  2.700000e+00  8.260000e+00  1.595198e+00
   endloop
 endfacet
 facet normal -1.000000e+00  0.000000e+00  0.000000e+00
   outer loop
     vertex  2.700000e+00  8.252361e+00  1.651687e+00
     vertex  2.700000e+00  8.300000e+00  1.635198e+00
     vertex  2.700000e+00  8.298042e+00  1.622837e+00
   endloop
 endfacet
 facet normal -1.000000e+00  0.000000e+00  0.000000e+00
   outer loop
     vertex  2.700000e+00  8.252361e+00  1.651687e+00
     vertex  2.700000e+00  8.298042e+00  1.622837e+00
     vertex  2.700000e+00  8.292361e+00  1.611687e+00
   endloop
 endfacet
 facet normal -1.000000e+00  0.000000e+00  0.000000e+00
   outer loop
     vertex  2.700000e+00  8.252361e+00  1.651687e+00
     vertex  2.700000e+00  8.292361e+00  1.611687e+00
     vertex  2.700000e+00  8.283511e+00  1.602837e+00
   endloop
 endfacet
 facet normal -1.000000e+00  0.000000e+00 -0.000000e+00
   outer loop
     vertex  2.700000e+00  8.252361e+00  1.651687e+00
     vertex  2.700000e+00  8.283511e+00  1.602837e+00
     vertex  2.700000e+00  8.243511e+00  1.642837e+00
   endloop
 endfacet
 facet normal -1.000000e+00  0.000000e+00  0.000000e+00
   outer loop
     vertex  2.700000e+00  8.232361e+00  1.637156e+00
     vertex  2.700000e+00  8.243511e+00  1.642837e+00
     vertex  2.700000e+00  8.260000e+00  1.595198e+00
   endloop
 endfacet
 facet normal -1.000000e+00  0.000000e+00 -0.000000e+00
   outer loop
     vertex  2.700000e+00  8.258042e+00  1.662837e+00
     vertex  2.700000e+00  8.300000e+00  1.635198e+00
     vertex  2.700000e+00  8.252361e+00  1.651687e+00
   endloop
 endfacet
 facet normal -1.000000e+00  0.000000e+00 -0.000000e+00
   outer loop
     vertex  2.700000e+00  8.260000e+00  1.675198e+00
     vertex  2.700000e+00  8.300000e+00  1.635198e+00
     vertex  2.700000e+00  8.258042e+00  1.662837e+00
   endloop
 endfacet
 facet normal -1.000000e+00  0.000000e+00  0.000000e+00
   outer loop
     vertex  2.700000e+00  8.220000e+00  1.635198e+00
     vertex  2.700000e+00  8.232361e+00  1.637156e+00
     vertex  2.700000e+00  8.260000e+00  1.595198e+00
   endloop
 endfacet
 facet normal -1.000000e+00  0.000000e+00  0.000000e+00
   outer loop
     vertex  2.700000e+00  8.300000e+00  3.155198e+00
     vertex  2.700000e+00  8.260000e+00  1.675198e+00
     vertex  2.700000e+00  8.260000e+00  3.115198e+00
   endloop
 endfacet
 facet normal -1.000000e+00  0.000000e+00 -0.000000e+00
   outer loop
     vertex  2.700000e+00  8.300000e+00  3.155198e+00
     vertex  2.700000e+00  8.300000e+00  1.635198e+00
     vertex  2.700000e+00  8.260000e+00  1.675198e+00
   endloop
 endfacet
 facet normal -1.000000e+00  0.000000e+00  0.000000e+00
   outer loop
     vertex  2.700000e+00  6.740000e+00  1.595198e+00
     vertex  2.700000e+00  6.780000e+00  1.635198e+00
     vertex  2.700000e+00  8.220000e+00  1.635198e+00
   endloop
 endfacet
 facet normal -1.000000e+00  0.000000e+00  0.000000e+00
   outer loop
     vertex  2.700000e+00  6.740000e+00  1.595198e+00
     vertex  2.700000e+00  8.220000e+00  1.635198e+00
     vertex  2.700000e+00  8.260000e+00  1.595198e+00
   endloop
 endfacet
 facet normal -1.000000e+00  0.000000e+00  0.000000e+00
   outer loop
     vertex  2.700000e+00  8.258042e+00  3.127559e+00
     vertex  2.700000e+00  8.300000e+00  3.155198e+00
     vertex  2.700000e+00  8.260000e+00  3.115198e+00
   endloop
 endfacet
 facet normal -1.000000e+00  0.000000e+00 -0.000000e+00
   outer loop
     vertex  2.700000e+00  6.767639e+00  1.637156e+00
     vertex  2.700000e+00  6.780000e+00  1.635198e+00
     vertex  2.700000e+00  6.740000e+00  1.595198e+00
   endloop
 endfacet
 facet normal -1.000000e+00  0.000000e+00  0.000000e+00
   outer loop
     vertex  2.700000e+00  8.252361e+00  3.138709e+00
     vertex  2.700000e+00  8.298042e+00  3.167559e+00
     vertex  2.700000e+00  8.300000e+00  3.155198e+00
   endloop
 endfacet
 facet normal -1.000000e+00  0.000000e+00  0.000000e+00
   outer loop
     vertex  2.700000e+00  8.252361e+00  3.138709e+00
     vertex  2.700000e+00  8.292361e+00  3.178709e+00
     vertex  2.700000e+00  8.298042e+00  3.167559e+00
   endloop
 endfacet
 facet normal -1.000000e+00  0.000000e+00  0.000000e+00
   outer loop
     vertex  2.700000e+00  8.252361e+00  3.138709e+00
     vertex  2.700000e+00  8.300000e+00  3.155198e+00
     vertex  2.700000e+00  8.258042e+00  3.127559e+00
   endloop
 endfacet
 facet normal -1.000000e+00  0.000000e+00  0.000000e+00
   outer loop
     vertex  2.700000e+00  6.756489e+00  1.642837e+00
     vertex  2.700000e+00  6.740000e+00  1.595198e+00
     vertex  2.700000e+00  6.727639e+00  1.597156e+00
   endloop
 endfacet
 facet normal -1.000000e+00  0.000000e+00 -0.000000e+00
   outer loop
     vertex  2.700000e+00  6.756489e+00  1.642837e+00
     vertex  2.700000e+00  6.767639e+00  1.637156e+00
     vertex  2.700000e+00  6.740000e+00  1.595198e+00
   endloop
 endfacet
 facet normal -1.000000e+00  0.000000e+00  0.000000e+00
   outer loop
     vertex  2.700000e+00  6.716489e+00  1.602837e+00
     vertex  2.700000e+00  6.756489e+00  1.642837e+00
     vertex  2.700000e+00  6.727639e+00  1.597156e+00
   endloop
 endfacet
 facet normal -1.000000e+00  0.000000e+00  0.000000e+00
   outer loop
     vertex  2.700000e+00  8.243511e+00  3.147559e+00
     vertex  2.700000e+00  8.283511e+00  3.187559e+00
     vertex  2.700000e+00  8.292361e+00  3.178709e+00
   endloop
 endfacet
 facet normal -1.000000e+00  0.000000e+00  0.000000e+00
   outer loop
     vertex  2.700000e+00  8.243511e+00  3.147559e+00
     vertex  2.700000e+00  8.292361e+00  3.178709e+00
     vertex  2.700000e+00  8.252361e+00  3.138709e+00
   endloop
 endfacet
 facet normal -1.000000e+00  0.000000e+00  0.000000e+00
   outer loop
     vertex  2.700000e+00  6.707639e+00  1.611687e+00
     vertex  2.700000e+00  6.756489e+00  1.642837e+00
     vertex  2.700000e+00  6.716489e+00  1.602837e+00
   endloop
 endfacet
 facet normal -1.000000e+00  0.000000e+00  0.000000e+00
   outer loop
     vertex  2.700000e+00  6.707639e+00  1.611687e+00
     vertex  2.700000e+00  6.747639e+00  1.651687e+00
     vertex  2.700000e+00  6.756489e+00  1.642837e+00
   endloop
 endfacet
 facet normal -1.000000e+00  0.000000e+00 -0.000000e+00
   outer loop
     vertex  2.700000e+00  8.272361e+00  3.193240e+00
     vertex  2.700000e+00  8.283511e+00  3.187559e+00
     vertex  2.700000e+00  8.243511e+00  3.147559e+00
   endloop
 endfacet
 facet normal -1.000000e+00  0.000000e+00  0.000000e+00
   outer loop
     vertex  2.700000e+00  6.701958e+00  1.622837e+00
     vertex  2.700000e+00  6.747639e+00  1.651687e+00
     vertex  2.700000e+00  6.707639e+00  1.611687e+00
   endloop
 endfacet
 facet normal -1.000000e+00  0.000000e+00 -0.000000e+00
   outer loop
     vertex  2.700000e+00  8.260000e+00  3.195198e+00
     vertex  2.700000e+00  8.272361e+00  3.193240e+00
     vertex  2.700000e+00  8.243511e+00  3.147559e+00
   endloop
 endfacet
 facet normal -1.000000e+00  0.000000e+00  0.000000e+00
   outer loop
     vertex  2.700000e+00  8.260000e+00  3.195198e+00
     vertex  2.700000e+00  8.243511e+00  3.147559e+00
     vertex  2.700000e+00  8.232361e+00  3.153240e+00
   endloop
 endfacet
 facet normal -1.000000e+00  0.000000e+00  0.000000e+00
   outer loop
     vertex  2.700000e+00  8.260000e+00  3.195198e+00
     vertex  2.700000e+00  8.232361e+00  3.153240e+00
     vertex  2.700000e+00  8.220000e+00  3.155198e+00
   endloop
 endfacet
 facet normal -1.000000e+00  0.000000e+00  0.000000e+00
   outer loop
     vertex  2.700000e+00  6.700000e+00  1.635198e+00
     vertex  2.700000e+00  6.747639e+00  1.651687e+00
     vertex  2.700000e+00  6.701958e+00  1.622837e+00
   endloop
 endfacet
 facet normal -1.000000e+00  0.000000e+00  0.000000e+00
   outer loop
     vertex  2.700000e+00  6.700000e+00  1.635198e+00
     vertex  2.700000e+00  6.740000e+00  1.675198e+00
     vertex  2.700000e+00  6.741958e+00  1.662837e+00
   endloop
 endfacet
 facet normal -1.000000e+00  0.000000e+00  0.000000e+00
   outer loop
     vertex  2.700000e+00  6.700000e+00  1.635198e+00
     vertex  2.700000e+00  6.741958e+00  1.662837e+00
     vertex  2.700000e+00  6.747639e+00  1.651687e+00
   endloop
 endfacet
 facet normal -1.000000e+00  0.000000e+00  0.000000e+00
   outer loop
     vertex  2.700000e+00  6.780000e+00  3.155198e+00
     vertex  2.700000e+00  8.260000e+00  3.195198e+00
     vertex  2.700000e+00  8.220000e+00  3.155198e+00
   endloop
 endfacet
 facet normal -1.000000e+00  0.000000e+00  0.000000e+00
   outer loop
     vertex  2.700000e+00  6.740000e+00  3.195198e+00
     vertex  2.700000e+00  6.767639e+00  3.153240e+00
     vertex  2.700000e+00  6.756489e+00  3.147559e+00
   endloop
 endfacet
 facet normal -1.000000e+00  0.000000e+00  0.000000e+00
   outer loop
     vertex  2.700000e+00  6.740000e+00  3.195198e+00
     vertex  2.700000e+00  6.780000e+00  3.155198e+00
     vertex  2.700000e+00  6.767639e+00  3.153240e+00
   endloop
 endfacet
 facet normal -1.000000e+00  0.000000e+00  0.000000e+00
   outer loop
     vertex  2.700000e+00  6.740000e+00  3.195198e+00
     vertex  2.700000e+00  8.260000e+00  3.195198e+00
     vertex  2.700000e+00  6.780000e+00  3.155198e+00
   endloop
 endfacet
 facet normal -1.000000e+00  0.000000e+00  0.000000e+00
   outer loop
     vertex  2.700000e+00  6.700000e+00  3.155198e+00
     vertex  2.700000e+00  6.741958e+00  3.127559e+00
     vertex  2.700000e+00  6.740000e+00  3.115198e+00
   endloop
 endfacet
 facet normal -1.000000e+00  0.000000e+00  0.000000e+00
   outer loop
     vertex  2.700000e+00  6.700000e+00  3.155198e+00
     vertex  2.700000e+00  6.747639e+00  3.138709e+00
     vertex  2.700000e+00  6.741958e+00  3.127559e+00
   endloop
 endfacet
 facet normal -1.000000e+00  0.000000e+00 -0.000000e+00
   outer loop
     vertex  2.700000e+00  6.701958e+00  3.167559e+00
     vertex  2.700000e+00  6.747639e+00  3.138709e+00
     vertex  2.700000e+00  6.700000e+00  3.155198e+00
   endloop
 endfacet
 facet normal -1.000000e+00  0.000000e+00  0.000000e+00
   outer loop
     vertex  2.700000e+00  6.727639e+00  3.193240e+00
     vertex  2.700000e+00  6.740000e+00  3.195198e+00
     vertex  2.700000e+00  6.756489e+00  3.147559e+00
   endloop
 endfacet
 facet normal -1.000000e+00  0.000000e+00 -0.000000e+00
   outer loop
     vertex  2.700000e+00  6.707639e+00  3.178709e+00
     vertex  2.700000e+00  6.747639e+00  3.138709e+00
     vertex  2.700000e+00  6.701958e+00  3.167559e+00
   endloop
 endfacet
 facet normal -1.000000e+00  0.000000e+00  0.000000e+00
   outer loop
     vertex  2.700000e+00  6.716489e+00  3.187559e+00
     vertex  2.700000e+00  6.756489e+00  3.147559e+00
     vertex  2.700000e+00  6.747639e+00  3.138709e+00
   endloop
 endfacet
 facet normal -1.000000e+00  0.000000e+00  0.000000e+00
   outer loop
     vertex  2.700000e+00  6.716489e+00  3.187559e+00
     vertex  2.700000e+00  6.727639e+00  3.193240e+00
     vertex  2.700000e+00  6.756489e+00  3.147559e+00
   endloop
 endfacet
 facet normal -1.000000e+00  0.000000e+00 -0.000000e+00
   outer loop
     vertex  2.700000e+00  6.716489e+00  3.187559e+00
     vertex  2.700000e+00  6.747639e+00  3.138709e+00
     vertex  2.700000e+00  6.707639e+00  3.178709e+00
   endloop
 endfacet
 facet normal -1.000000e+00  0.000000e+00  0.000000e+00
   outer loop
     vertex  2.700000e+00  6.700000e+00  3.155198e+00
     vertex  2.700000e+00  6.740000e+00  1.675198e+00
     vertex  2.700000e+00  6.700000e+00  1.635198e+00
   endloop
 endfacet
 facet normal -1.000000e+00  0.000000e+00  0.000000e+00
   outer loop
     vertex  2.700000e+00  6.700000e+00  3.155198e+00
     vertex  2.700000e+00  6.740000e+00  3.115198e+00
     vertex  2.700000e+00  6.740000e+00  1.675198e+00
   endloop
 endfacet
 facet normal  0.000000e+00 -1.000000e+00 -0.000000e+00
   outer loop
     vertex  3.100000e+00  6.700000e+00  3.155198e+00
     vertex  2.700000e+00  6.700000e+00  1.635198e+00
     vertex  3.100000e+00  6.700000e+00  1.635198e+00
   endloop
 endfacet
 facet normal -0.000000e+00 -1.000000e+00  0.000000e+00
   outer loop
     vertex  3.100000e+00  6.700000e+00  3.155198e+00
     vertex  2.700000e+00  6.700000e+00  3.155198e+00
     vertex  2.700000e+00  6.700000e+00  1.635198e+00
   endloop
 endfacet
 facet normal -0.000000e+00 -9.876883e-01 -1.564345e-01
   outer loop
     vertex  3.100000e+00  6.701958e+00  1.622837e+00
     vertex  2.700000e+00  6.700000e+00  1.635198e+00
     vertex  2.700000e+00  6.701958e+00  1.622837e+00
   endloop
 endfacet
 facet normal  0.000000e+00 -9.876883e-01 -1.564345e-01
   outer loop
     vertex  3.100000e+00  6.701958e+00  1.622837e+00
     vertex  3.100000e+00  6.700000e+00  1.635198e+00
     vertex  2.700000e+00  6.700000e+00  1.635198e+00
   endloop
 endfacet
 facet normal -0.000000e+00 -8.910065e-01 -4.539905e-01
   outer loop
     vertex  3.100000e+00  6.707639e+00  1.611687e+00
     vertex  2.700000e+00  6.701958e+00  1.622837e+00
     vertex  2.700000e+00  6.707639e+00  1.611687e+00
   endloop
 endfacet
 facet normal  0.000000e+00 -8.910065e-01 -4.539905e-01
   outer loop
     vertex  3.100000e+00  6.707639e+00  1.611687e+00
     vertex  3.100000e+00  6.701958e+00  1.622837e+00
     vertex  2.700000e+00  6.701958e+00  1.622837e+00
   endloop
 endfacet
 facet normal -0.000000e+00 -7.071068e-01 -7.071068e-01
   outer loop
     vertex  3.100000e+00  6.716489e+00  1.602837e+00
     vertex  2.700000e+00  6.707639e+00  1.611687e+00
     vertex  2.700000e+00  6.716489e+00  1.602837e+00
   endloop
 endfacet
 facet normal  0.000000e+00 -7.071068e-01 -7.071068e-01
   outer loop
     vertex  3.100000e+00  6.716489e+00  1.602837e+00
     vertex  3.100000e+00  6.707639e+00  1.611687e+00
     vertex  2.700000e+00  6.707639e+00  1.611687e+00
   endloop
 endfacet
 facet normal -0.000000e+00 -4.539905e-01 -8.910065e-01
   outer loop
     vertex  3.100000e+00  6.727639e+00  1.597156e+00
     vertex  2.700000e+00  6.716489e+00  1.602837e+00
     vertex  2.700000e+00  6.727639e+00  1.597156e+00
   endloop
 endfacet
 facet normal  0.000000e+00 -4.539905e-01 -8.910065e-01
   outer loop
     vertex  3.100000e+00  6.727639e+00  1.597156e+00
     vertex  3.100000e+00  6.716489e+00  1.602837e+00
     vertex  2.700000e+00  6.716489e+00  1.602837e+00
   endloop
 endfacet
 facet normal -0.000000e+00 -1.564345e-01 -9.876883e-01
   outer loop
     vertex  3.100000e+00  6.740000e+00  1.595198e+00
     vertex  2.700000e+00  6.727639e+00  1.597156e+00
     vertex  2.700000e+00  6.740000e+00  1.595198e+00
   endloop
 endfacet
 facet normal  0.000000e+00 -1.564345e-01 -9.876883e-01
   outer loop
     vertex  3.100000e+00  6.740000e+00  1.595198e+00
     vertex  3.100000e+00  6.727639e+00  1.597156e+00
     vertex  2.700000e+00  6.727639e+00  1.597156e+00
   endloop
 endfacet
 facet normal  0.000000e+00 -1.564345e-01  9.876883e-01
   outer loop
     vertex  3.100000e+00  6.727639e+00  3.193240e+00
     vertex  3.100000e+00  6.740000e+00  3.195198e+00
     vertex  2.700000e+00  6.740000e+00  3.195198e+00
   endloop
 endfacet
 facet normal  0.000000e+00 -1.564345e-01  9.876883e-01
   outer loop
     vertex  3.100000e+00  6.727639e+00  3.193240e+00
     vertex  2.700000e+00  6.740000e+00  3.195198e+00
     vertex  2.700000e+00  6.727639e+00  3.193240e+00
   endloop
 endfacet
 facet normal  0.000000e+00 -4.539905e-01  8.910065e-01
   outer loop
     vertex  3.100000e+00  6.716489e+00  3.187559e+00
     vertex  2.700000e+00  6.727639e+00  3.193240e+00
     vertex  2.700000e+00  6.716489e+00  3.187559e+00
   endloop
 endfacet
 facet normal  0.000000e+00 -4.539905e-01  8.910065e-01
   outer loop
     vertex  3.100000e+00  6.716489e+00  3.187559e+00
     vertex  3.100000e+00  6.727639e+00  3.193240e+00
     vertex  2.700000e+00  6.727639e+00  3.193240e+00
   endloop
 endfacet
 facet normal  0.000000e+00 -7.071068e-01  7.071068e-01
   outer loop
     vertex  3.100000e+00  6.707639e+00  3.178709e+00
     vertex  2.700000e+00  6.716489e+00  3.187559e+00
     vertex  2.700000e+00  6.707639e+00  3.178709e+00
   endloop
 endfacet
 facet normal  0.000000e+00 -7.071068e-01  7.071068e-01
   outer loop
     vertex  3.100000e+00  6.707639e+00  3.178709e+00
     vertex  3.100000e+00  6.716489e+00  3.187559e+00
     vertex  2.700000e+00  6.716489e+00  3.187559e+00
   endloop
 endfacet
 facet normal  0.000000e+00 -8.910065e-01  4.539905e-01
   outer loop
     vertex  3.100000e+00  6.701958e+00  3.167559e+00
     vertex  2.700000e+00  6.707639e+00  3.178709e+00
     vertex  2.700000e+00  6.701958e+00  3.167559e+00
   endloop
 endfacet
 facet normal  0.000000e+00 -8.910065e-01  4.539905e-01
   outer loop
     vertex  3.100000e+00  6.701958e+00  3.167559e+00
     vertex  3.100000e+00  6.707639e+00  3.178709e+00
     vertex  2.700000e+00  6.707639e+00  3.178709e+00
   endloop
 endfacet
 facet normal  0.000000e+00 -9.876883e-01  1.564345e-01
   outer loop
     vertex  3.100000e+00  6.700000e+00  3.155198e+00
     vertex  2.700000e+00  6.701958e+00  3.167559e+00
     vertex  2.700000e+00  6.700000e+00  3.155198e+00
   endloop
 endfacet
 facet normal  0.000000e+00 -9.876883e-01  1.564345e-01
   outer loop
     vertex  3.100000e+00  6.700000e+00  3.155198e+00
     vertex  3.100000e+00  6.701958e+00  3.167559e+00
     vertex  2.700000e+00  6.701958e+00  3.167559e+00
   endloop
 endfacet
 facet normal -0.000000e+00  0.000000e+00 -1.000000e+00
   outer loop
     vertex  3.100000e+00  8.260000e+00  1.595198e+00
     vertex  2.700000e+00  6.740000e+00  1.595198e+00
     vertex  2.700000e+00  8.260000e+00  1.595198e+00
   endloop
 endfacet
 facet normal  0.000000e+00 -0.000000e+00 -1.000000e+00
   outer loop
     vertex  3.100000e+00  8.260000e+00  1.595198e+00
     vertex  3.100000e+00  6.740000e+00  1.595198e+00
     vertex  2.700000e+00  6.740000e+00  1.595198e+00
   endloop
 endfacet
 facet normal  0.000000e+00  0.000000e+00  1.000000e+00
   outer loop
     vertex  3.100000e+00  8.260000e+00  3.195198e+00
     vertex  2.700000e+00  8.260000e+00  3.195198e+00
     vertex  2.700000e+00  6.740000e+00  3.195198e+00
   endloop
 endfacet
 facet normal  0.000000e+00  0.000000e+00  1.000000e+00
   outer loop
     vertex  3.100000e+00  8.260000e+00  3.195198e+00
     vertex  2.700000e+00  6.740000e+00  3.195198e+00
     vertex  3.100000e+00  6.740000e+00  3.195198e+00
   endloop
 endfacet
 facet normal  0.000000e+00  1.564345e-01 -9.876883e-01
   outer loop
     vertex  3.100000e+00  8.272361e+00  1.597156e+00
     vertex  3.100000e+00  8.260000e+00  1.595198e+00
     vertex  2.700000e+00  8.260000e+00  1.595198e+00
   endloop
 endfacet
 facet normal  0.000000e+00  1.564345e-01 -9.876883e-01
   outer loop
     vertex  3.100000e+00  8.272361e+00  1.597156e+00
     vertex  2.700000e+00  8.260000e+00  1.595198e+00
     vertex  2.700000e+00  8.272361e+00  1.597156e+00
   endloop
 endfacet
 facet normal  0.000000e+00  4.539905e-01 -8.910065e-01
   outer loop
     vertex  3.100000e+00  8.283511e+00  1.602837e+00
     vertex  2.700000e+00  8.272361e+00  1.597156e+00
     vertex  2.700000e+00  8.283511e+00  1.602837e+00
   endloop
 endfacet
 facet normal  0.000000e+00  4.539905e-01 -8.910065e-01
   outer loop
     vertex  3.100000e+00  8.283511e+00  1.602837e+00
     vertex  3.100000e+00  8.272361e+00  1.597156e+00
     vertex  2.700000e+00  8.272361e+00  1.597156e+00
   endloop
 endfacet
 facet normal  0.000000e+00  7.071068e-01 -7.071068e-01
   outer loop
     vertex  3.100000e+00  8.292361e+00  1.611687e+00
     vertex  2.700000e+00  8.283511e+00  1.602837e+00
     vertex  2.700000e+00  8.292361e+00  1.611687e+00
   endloop
 endfacet
 facet normal  0.000000e+00  7.071068e-01 -7.071068e-01
   outer loop
     vertex  3.100000e+00  8.292361e+00  1.611687e+00
     vertex  3.100000e+00  8.283511e+00  1.602837e+00
     vertex  2.700000e+00  8.283511e+00  1.602837e+00
   endloop
 endfacet
 facet normal  0.000000e+00  8.910065e-01 -4.539905e-01
   outer loop
     vertex  3.100000e+00  8.298042e+00  1.622837e+00
     vertex  2.700000e+00  8.292361e+00  1.611687e+00
     vertex  2.700000e+00  8.298042e+00  1.622837e+00
   endloop
 endfacet
 facet normal  0.000000e+00  8.910065e-01 -4.539905e-01
   outer loop
     vertex  3.100000e+00  8.298042e+00  1.622837e+00
     vertex  3.100000e+00  8.292361e+00  1.611687e+00
     vertex  2.700000e+00  8.292361e+00  1.611687e+00
   endloop
 endfacet
 facet normal  0.000000e+00  9.876883e-01 -1.564345e-01
   outer loop
     vertex  3.100000e+00  8.300000e+00  1.635198e+00
     vertex  2.700000e+00  8.298042e+00  1.622837e+00
     vertex  2.700000e+00  8.300000e+00  1.635198e+00
   endloop
 endfacet
 facet normal  0.000000e+00  9.876883e-01 -1.564345e-01
   outer loop
     vertex  3.100000e+00  8.300000e+00  1.635198e+00
     vertex  3.100000e+00  8.298042e+00  1.622837e+00
     vertex  2.700000e+00  8.298042e+00  1.622837e+00
   endloop
 endfacet
 facet normal  0.000000e+00  9.876883e-01  1.564345e-01
   outer loop
     vertex  3.100000e+00  8.298042e+00  3.167559e+00
     vertex  2.700000e+00  8.300000e+00  3.155198e+00
     vertex  2.700000e+00  8.298042e+00  3.167559e+00
   endloop
 endfacet
 facet normal  0.000000e+00  9.876883e-01  1.564345e-01
   outer loop
     vertex  3.100000e+00  8.298042e+00  3.167559e+00
     vertex  3.100000e+00  8.300000e+00  3.155198e+00
     vertex  2.700000e+00  8.300000e+00  3.155198e+00
   endloop
 endfacet
 facet normal  0.000000e+00  8.910065e-01  4.539905e-01
   outer loop
     vertex  3.100000e+00  8.292361e+00  3.178709e+00
     vertex  2.700000e+00  8.298042e+00  3.167559e+00
     vertex  2.700000e+00  8.292361e+00  3.178709e+00
   endloop
 endfacet
 facet normal  0.000000e+00  8.910065e-01  4.539905e-01
   outer loop
     vertex  3.100000e+00  8.292361e+00  3.178709e+00
     vertex  3.100000e+00  8.298042e+00  3.167559e+00
     vertex  2.700000e+00  8.298042e+00  3.167559e+00
   endloop
 endfacet
 facet normal  0.000000e+00  7.071068e-01  7.071068e-01
   outer loop
     vertex  3.100000e+00  8.283511e+00  3.187559e+00
     vertex  2.700000e+00  8.292361e+00  3.178709e+00
     vertex  2.700000e+00  8.283511e+00  3.187559e+00
   endloop
 endfacet
 facet normal  0.000000e+00  7.071068e-01  7.071068e-01
   outer loop
     vertex  3.100000e+00  8.283511e+00  3.187559e+00
     vertex  3.100000e+00  8.292361e+00  3.178709e+00
     vertex  2.700000e+00  8.292361e+00  3.178709e+00
   endloop
 endfacet
 facet normal  0.000000e+00  4.539905e-01  8.910065e-01
   outer loop
     vertex  3.100000e+00  8.272361e+00  3.193240e+00
     vertex  2.700000e+00  8.283511e+00  3.187559e+00
     vertex  2.700000e+00  8.272361e+00  3.193240e+00
   endloop
 endfacet
 facet normal  0.000000e+00  4.539905e-01  8.910065e-01
   outer loop
     vertex  3.100000e+00  8.272361e+00  3.193240e+00
     vertex  3.100000e+00  8.283511e+00  3.187559e+00
     vertex  2.700000e+00  8.283511e+00  3.187559e+00
   endloop
 endfacet
 facet normal  0.000000e+00  1.564345e-01  9.876883e-01
   outer loop
     vertex  3.100000e+00  8.260000e+00  3.195198e+00
     vertex  2.700000e+00  8.272361e+00  3.193240e+00
     vertex  2.700000e+00  8.260000e+00  3.195198e+00
   endloop
 endfacet
 facet normal  0.000000e+00  1.564345e-01  9.876883e-01
   outer loop
     vertex  3.100000e+00  8.260000e+00  3.195198e+00
     vertex  3.100000e+00  8.272361e+00  3.193240e+00
     vertex  2.700000e+00  8.272361e+00  3.193240e+00
   endloop
 endfacet
 facet normal  0.000000e+00  1.000000e+00  0.000000e+00
   outer loop
     vertex  3.100000e+00  8.300000e+00  3.155198e+00
     vertex  3.100000e+00  8.300000e+00  1.635198e+00
     vertex  2.700000e+00  8.300000e+00  1.635198e+00
   endloop
 endfacet
 facet normal  0.000000e+00  1.000000e+00  0.000000e+00
   outer loop
     vertex  3.100000e+00  8.300000e+00  3.155198e+00
     vertex  2.700000e+00  8.300000e+00  1.635198e+00
     vertex  2.700000e+00  8.300000e+00  3.155198e+00
   endloop
 endfacet
 facet normal  1.000000e+00  0.000000e+00  0.000000e+00
   outer loop
     vertex  3.100000e+00  8.260000e+00  1.595198e+00
     vertex  3.100000e+00  8.298042e+00  1.622837e+00
     vertex  3.100000e+00  8.300000e+00  1.635198e+00
   endloop
 endfacet
 facet normal  1.000000e+00  0.000000e+00  0.000000e+00
   outer loop
     vertex  3.100000e+00  8.260000e+00  1.595198e+00
     vertex  3.100000e+00  8.292361e+00  1.611687e+00
     vertex  3.100000e+00  8.298042e+00  1.622837e+00
   endloop
 endfacet
 facet normal  1.000000e+00  0.000000e+00  0.000000e+00
   outer loop
     vertex  3.100000e+00  8.260000e+00  1.595198e+00
     vertex  3.100000e+00  8.283511e+00  1.602837e+00
     vertex  3.100000e+00  8.292361e+00  1.611687e+00
   endloop
 endfacet
 facet normal  1.000000e+00  0.000000e+00  0.000000e+00
   outer loop
     vertex  3.100000e+00  8.260000e+00  1.595198e+00
     vertex  3.100000e+00  8.272361e+00  1.597156e+00
     vertex  3.100000e+00  8.283511e+00  1.602837e+00
   endloop
 endfacet
 facet normal  1.000000e+00  0.000000e+00  0.000000e+00
   outer loop
     vertex  3.100000e+00  8.292361e+00  3.178709e+00
     vertex  3.100000e+00  8.300000e+00  3.155198e+00
     vertex  3.100000e+00  8.298042e+00  3.167559e+00
   endloop
 endfacet
 facet normal  1.000000e+00  0.000000e+00  0.000000e+00
   outer loop
     vertex  3.100000e+00  6.707639e+00  1.611687e+00
     vertex  3.100000e+00  6.716489e+00  1.602837e+00
     vertex  3.100000e+00  6.727639e+00  1.597156e+00
   endloop
 endfacet
 facet normal  1.000000e+00  0.000000e+00  0.000000e+00
   outer loop
     vertex  3.100000e+00  6.707639e+00  1.611687e+00
     vertex  3.100000e+00  6.727639e+00  1.597156e+00
     vertex  3.100000e+00  6.740000e+00  1.595198e+00
   endloop
 endfacet
 facet normal  1.000000e+00  0.000000e+00  0.000000e+00
   outer loop
     vertex  3.100000e+00  8.272361e+00  3.193240e+00
     vertex  3.100000e+00  8.292361e+00  3.178709e+00
     vertex  3.100000e+00  8.283511e+00  3.187559e+00
   endloop
 endfacet
 facet normal  1.000000e+00  0.000000e+00  0.000000e+00
   outer loop
     vertex  3.100000e+00  8.260000e+00  3.195198e+00
     vertex  3.100000e+00  8.300000e+00  1.635198e+00
     vertex  3.100000e+00  8.300000e+00  3.155198e+00
   endloop
 endfacet
 facet normal  1.000000e+00  0.000000e+00  0.000000e+00
   outer loop
     vertex  3.100000e+00  8.260000e+00  3.195198e+00
     vertex  3.100000e+00  8.260000e+00  1.595198e+00
     vertex  3.100000e+00  8.300000e+00  1.635198e+00
   endloop
 endfacet
 facet normal  1.000000e+00  0.000000e+00  0.000000e+00
   outer loop
     vertex  3.100000e+00  8.260000e+00  3.195198e+00
     vertex  3.100000e+00  8.300000e+00  3.155198e+00
     vertex  3.100000e+00  8.292361e+00  3.178709e+00
   endloop
 endfacet
 facet normal  1.000000e+00  0.000000e+00  0.000000e+00
   outer loop
     vertex  3.100000e+00  8.260000e+00  3.195198e+00
     vertex  3.100000e+00  8.292361e+00  3.178709e+00
     vertex  3.100000e+00  8.272361e+00  3.193240e+00
   endloop
 endfacet
 facet normal  1.000000e+00  0.000000e+00  0.000000e+00
   outer loop
     vertex  3.100000e+00  6.700000e+00  1.635198e+00
     vertex  3.100000e+00  6.701958e+00  1.622837e+00
     vertex  3.100000e+00  6.707639e+00  1.611687e+00
   endloop
 endfacet
 facet normal  1.000000e+00  0.000000e+00  0.000000e+00
   outer loop
     vertex  3.100000e+00  6.700000e+00  1.635198e+00
     vertex  3.100000e+00  6.707639e+00  1.611687e+00
     vertex  3.100000e+00  6.740000e+00  1.595198e+00
   endloop
 endfacet
 facet normal  1.000000e+00  0.000000e+00  0.000000e+00
   outer loop
     vertex  3.100000e+00  6.700000e+00  3.155198e+00
     vertex  3.100000e+00  6.740000e+00  1.595198e+00
     vertex  3.100000e+00  8.260000e+00  1.595198e+00
   endloop
 endfacet
 facet normal  1.000000e+00  0.000000e+00  0.000000e+00
   outer loop
     vertex  3.100000e+00  6.700000e+00  3.155198e+00
     vertex  3.100000e+00  8.260000e+00  3.195198e+00
     vertex  3.100000e+00  6.740000e+00  3.195198e+00
   endloop
 endfacet
 facet normal  1.000000e+00  0.000000e+00  0.000000e+00
   outer loop
     vertex  3.100000e+00  6.700000e+00  3.155198e+00
     vertex  3.100000e+00  6.700000e+00  1.635198e+00
     vertex  3.100000e+00  6.740000e+00  1.595198e+00
   endloop
 endfacet
 facet normal  1.000000e+00 -0.000000e+00  0.000000e+00
   outer loop
     vertex  3.100000e+00  6.700000e+00  3.155198e+00
     vertex  3.100000e+00  8.260000e+00  1.595198e+00
     vertex  3.100000e+00  8.260000e+00  3.195198e+00
   endloop
 endfacet
 facet normal  1.000000e+00 -0.000000e+00  0.000000e+00
   outer loop
     vertex  3.100000e+00  6.701958e+00  3.167559e+00
     vertex  3.100000e+00  6.700000e+00  3.155198e+00
     vertex  3.100000e+00  6.740000e+00  3.195198e+00
   endloop
 endfacet
 facet normal  1.000000e+00  0.000000e+00  0.000000e+00
   outer loop
     vertex  3.100000e+00  6.716489e+00  3.187559e+00
     vertex  3.100000e+00  6.707639e+00  3.178709e+00
     vertex  3.100000e+00  6.701958e+00  3.167559e+00
   endloop
 endfacet
 facet normal  1.000000e+00  0.000000e+00  0.000000e+00
   outer loop
     vertex  3.100000e+00  6.716489e+00  3.187559e+00
     vertex  3.100000e+00  6.740000e+00  3.195198e+00
     vertex  3.100000e+00  6.727639e+00  3.193240e+00
   endloop
 endfacet
 facet normal  1.000000e+00 -0.000000e+00  0.000000e+00
   outer loop
     vertex  3.100000e+00  6.716489e+00  3.187559e+00
     vertex  3.100000e+00  6.701958e+00  3.167559e+00
     vertex  3.100000e+00  6.740000e+00  3.195198e+00
   endloop
 endfacet
 facet normal  0.000000e+00  0.000000e+00 -1.000000e+00
   outer loop
     vertex  2.850000e+00  2.850000e+00  2.195198e+00
     vertex  2.950000e+00  2.950000e+00  2.195198e+00
     vertex  2.950000e+00  2.850000e+00  2.195198e+00
   endloop
 endfacet
 facet normal  0.000000e+00  0.000000e+00 -1.000000e+00
   outer loop
     vertex  2.850000e+00  2.850000e+00  2.195198e+00
     vertex  2.850000e+00  2.950000e+00  2.195198e+00
     vertex  2.950000e+00  2.950000e+00  2.195198e+00
   endloop
 endfacet
 facet normal  0.000000e+00  0.000000e+00  1.000000e+00
   outer loop
     vertex  2.850000e+00  2.850000e+00  2.295198e+00
     vertex  2.950000e+00  2.950000e+00  2.295198e+00
     vertex  2.850000e+00  2.950000e+00  2.295198e+00
   endloop
 endfacet
 facet normal  0.000000e+00  0.000000e+00  1.000000e+00
   outer loop
     vertex  2.850000e+00  2.850000e+00  2.295198e+00
     vertex  2.950000e+00  2.850000e+00  2.295198e+00
     vertex  2.950000e+00  2.950000e+00  2.295198e+00
   endloop
 endfacet
 facet normal  1.000000e+00  0.000000e+00  0.000000e+00
   outer loop
     vertex  2.950000e+00  2.950000e+00  2.295198e+00
     vertex  2.950000e+00  2.850000e+00  2.295198e+00
     vertex  2.950000e+00  2.850000e+00  2.195198e+00
   endloop
 endfacet
 facet normal  1.000000e+00  0.000000e+00  0.000000e+00
   outer loop
     vertex  2.950000e+00  2.950000e+00  2.295198e+00
     vertex  2.950000e+00  2.850000e+00  2.195198e+00
     vertex  2.950000e+00  2.950000e+00  2.195198e+00
   endloop
 endfacet
 facet normal  0.000000e+00 -1.000000e+00  0.000000e+00
   outer loop
     vertex  2.850000e+00  2.850000e+00  2.295198e+00
     vertex  2.950000e+00  2.850000e+00  2.195198e+00
     vertex  2.950000e+00  2.850000e+00  2.295198e+00
   endloop
 endfacet
 facet normal  0.000000e+00 -1.000000e+00  0.000000e+00
   outer loop
     vertex  2.850000e+00  2.850000e+00  2.295198e+00
     vertex  2.850000e+00  2.850000e+00  2.195198e+00
     vertex  2.950000e+00  2.850000e+00  2.195198e+00
   endloop
 endfacet
 facet normal -1.000000e+00 -0.000000e+00  0.000000e+00
   outer loop
     vertex  2.850000e+00  2.950000e+00  2.295198e+00
     vertex  2.850000e+00  2.850000e+00  2.195198e+00
     vertex  2.850000e+00  2.850000e+00  2.295198e+00
   endloop
 endfacet
 facet normal -1.000000e+00  0.000000e+00 -0.000000e+00
   outer loop
     vertex  2.850000e+00  2.950000e+00  2.295198e+00
     vertex  2.850000e+00  2.950000e+00  2.195198e+00
     vertex  2.850000e+00  2.850000e+00  2.195198e+00
   endloop
 endfacet
 facet normal  0.000000e+00  1.000000e+00 -0.000000e+00
   outer loop
     vertex  2.950000e+00  2.950000e+00  2.195198e+00
     vertex  2.850000e+00  2.950000e+00  2.295198e+00
     vertex  2.950000e+00  2.950000e+00  2.295198e+00
   endloop
 endfacet
 facet normal  0.000000e+00  1.000000e+00  0.000000e+00
   outer loop
     vertex  2.950000e+00  2.950000e+00  2.195198e+00
     vertex  2.850000e+00  2.950000e+00  2.195198e+00
     vertex  2.850000e+00  2.950000e+00  2.295198e+00
   endloop
 endfacet
 facet normal  0.000000e+00  0.000000e+00 -1.000000e+00
   outer loop
     vertex  2.850000e+00 -2.950000e+00  2.195198e+00
     vertex  2.850000e+00 -2.850000e+00  2.195198e+00
     vertex  2.950000e+00 -2.850000e+00  2.195198e+00
   endloop
 endfacet
 facet normal  0.000000e+00  0.000000e+00 -1.000000e+00
   outer loop
     vertex  2.850000e+00 -2.950000e+00  2.195198e+00
     vertex  2.950000e+00 -2.850000e+00  2.195198e+00
     vertex  2.950000e+00 -2.950000e+00  2.195198e+00
   endloop
 endfacet
 facet normal  0.000000e+00  0.000000e+00  1.000000e+00
   outer loop
     vertex  2.850000e+00 -2.950000e+00  2.295198e+00
     vertex  2.950000e+00 -2.950000e+00  2.295198e+00
     vertex  2.950000e+00 -2.850000e+00  2.295198e+00
   endloop
 endfacet
 facet normal  0.000000e+00  0.000000e+00  1.000000e+00
   outer loop
     vertex  2.850000e+00 -2.950000e+00  2.295198e+00
     vertex  2.950000e+00 -2.850000e+00  2.295198e+00
     vertex  2.850000e+00 -2.850000e+00  2.295198e+00
   endloop
 endfacet
 facet normal  0.000000e+00 -1.000000e+00  0.000000e+00
   outer loop
     vertex  2.850000e+00 -2.950000e+00  2.295198e+00
     vertex  2.950000e+00 -2.950000e+00  2.195198e+00
     vertex  2.950000e+00 -2.950000e+00  2.295198e+00
   endloop
 endfacet
 facet normal  0.000000e+00 -1.000000e+00  0.000000e+00
   outer loop
     vertex  2.850000e+00 -2.950000e+00  2.295198e+00
     vertex  2.850000e+00 -2.950000e+00  2.195198e+00
     vertex  2.950000e+00 -2.950000e+00  2.195198e+00
   endloop
 endfacet
 facet normal -1.000000e+00 -0.000000e+00  0.000000e+00
   outer loop
     vertex  2.850000e+00 -2.850000e+00  2.295198e+00
     vertex  2.850000e+00 -2.950000e+00  2.195198e+00
     vertex  2.850000e+00 -2.950000e+00  2.295198e+00
   endloop
 endfacet
 facet normal -1.000000e+00  0.000000e+00 -0.000000e+00
   outer loop
     vertex  2.850000e+00 -2.850000e+00  2.295198e+00
     vertex  2.850000e+00 -2.850000e+00  2.195198e+00
     vertex  2.850000e+00 -2.950000e+00  2.195198e+00
   endloop
 endfacet
 facet normal  0.000000e+00  1.000000e+00 -0.000000e+00
   outer loop
     vertex  2.950000e+00 -2.850000e+00  2.195198e+00
     vertex  2.850000e+00 -2.850000e+00  2.295198e+00
     vertex  2.950000e+00 -2.850000e+00  2.295198e+00
   endloop
 endfacet
 facet normal  0.000000e+00  1.000000e+00  0.000000e+00
   outer loop
     vertex  2.950000e+00 -2.850000e+00  2.195198e+00
     vertex  2.850000e+00 -2.850000e+00  2.195198e+00
     vertex  2.850000e+00 -2.850000e+00  2.295198e+00
   endloop
 endfacet
 facet normal  1.000000e+00 -0.000000e+00  0.000000e+00
   outer loop
     vertex  2.950000e+00 -2.950000e+00  2.295198e+00
     vertex  2.950000e+00 -2.850000e+00  2.195198e+00
     vertex  2.950000e+00 -2.850000e+00  2.295198e+00
   endloop
 endfacet
 facet normal  1.000000e+00  0.000000e+00  0.000000e+00
   outer loop
     vertex  2.950000e+00 -2.950000e+00  2.295198e+00
     vertex  2.950000e+00 -2.950000e+00  2.195198e+00
     vertex  2.950000e+00 -2.850000e+00  2.195198e+00
   endloop
 endfacet
 facet normal  0.000000e+00  0.000000e+00 -1.000000e+00
   outer loop
     vertex -2.950000e+00 -2.950000e+00  2.195198e+00
     vertex -2.850000e+00 -2.850000e+00  2.195198e+00
     vertex -2.850000e+00 -2.950000e+00  2.195198e+00
   endloop
 endfacet
 facet normal  0.000000e+00  0.000000e+00 -1.000000e+00
   outer loop
     vertex -2.950000e+00 -2.950000e+00  2.195198e+00
     vertex -2.950000e+00 -2.850000e+00  2.195198e+00
     vertex -2.850000e+00 -2.850000e+00  2.195198e+00
   endloop
 endfacet
 facet normal  0.000000e+00  0.000000e+00  1.000000e+00
   outer loop
     vertex -2.950000e+00 -2.950000e+00  2.295198e+00
     vertex -2.850000e+00 -2.950000e+00  2.295198e+00
     vertex -2.850000e+00 -2.850000e+00  2.295198e+00
   endloop
 endfacet
 facet normal  0.000000e+00  0.000000e+00  1.000000e+00
   outer loop
     vertex -2.950000e+00 -2.950000e+00  2.295198e+00
     vertex -2.850000e+00 -2.850000e+00  2.295198e+00
     vertex -2.950000e+00 -2.850000e+00  2.295198e+00
   endloop
 endfacet
 facet normal -1.000000e+00 -0.000000e+00  0.000000e+00
   outer loop
     vertex -2.950000e+00 -2.850000e+00  2.295198e+00
     vertex -2.950000e+00 -2.950000e+00  2.195198e+00
     vertex -2.950000e+00 -2.950000e+00  2.295198e+00
   endloop
 endfacet
 facet normal -1.000000e+00  0.000000e+00 -0.000000e+00
   outer loop
     vertex -2.950000e+00 -2.850000e+00  2.295198e+00
     vertex -2.950000e+00 -2.850000e+00  2.195198e+00
     vertex -2.950000e+00 -2.950000e+00  2.195198e+00
   endloop
 endfacet
 facet normal  0.000000e+00  1.000000e+00 -0.000000e+00
   outer loop
     vertex -2.850000e+00 -2.850000e+00  2.195198e+00
     vertex -2.950000e+00 -2.850000e+00  2.295198e+00
     vertex -2.850000e+00 -2.850000e+00  2.295198e+00
   endloop
 endfacet
 facet normal  0.000000e+00  1.000000e+00  0.000000e+00
   outer loop
     vertex -2.850000e+00 -2.850000e+00  2.195198e+00
     vertex -2.950000e+00 -2.850000e+00  2.195198e+00
     vertex -2.950000e+00 -2.850000e+00  2.295198e+00
   endloop
 endfacet
 facet normal  1.000000e+00  0.000000e+00  0.000000e+00
   outer loop
     vertex -2.850000e+00 -2.850000e+00  2.295198e+00
     vertex -2.850000e+00 -2.950000e+00  2.295198e+00
     vertex -2.850000e+00 -2.950000e+00  2.195198e+00
   endloop
 endfacet
 facet normal  1.000000e+00  0.000000e+00  0.000000e+00
   outer loop
     vertex -2.850000e+00 -2.850000e+00  2.295198e+00
     vertex -2.850000e+00 -2.950000e+00  2.195198e+00
     vertex -2.850000e+00 -2.850000e+00  2.195198e+00
   endloop
 endfacet
 facet normal  0.000000e+00 -1.000000e+00  0.000000e+00
   outer loop
     vertex -2.950000e+00 -2.950000e+00  2.295198e+00
     vertex -2.850000e+00 -2.950000e+00  2.195198e+00
     vertex -2.850000e+00 -2.950000e+00  2.295198e+00
   endloop
 endfacet
 facet normal  0.000000e+00 -1.000000e+00  0.000000e+00
   outer loop
     vertex -2.950000e+00 -2.950000e+00  2.295198e+00
     vertex -2.950000e+00 -2.950000e+00  2.195198e+00
     vertex -2.850000e+00 -2.950000e+00  2.195198e+00
   endloop
 endfacet
 facet normal  0.000000e+00  0.000000e+00 -1.000000e+00
   outer loop
     vertex -2.780000e+00  2.780000e+00  2.195198e+00
     vertex  2.780000e+00  3.000000e+00  2.195198e+00
     vertex  2.780000e+00  2.780000e+00  2.195198e+00
   endloop
 endfacet
 facet normal  0.000000e+00  0.000000e+00 -1.000000e+00
   outer loop
     vertex -2.780000e+00  2.780000e+00  2.195198e+00
     vertex -2.780000e+00  3.000000e+00  2.195198e+00
     vertex  2.780000e+00  3.000000e+00  2.195198e+00
   endloop
 endfacet
 facet normal  0.000000e+00  1.118210e-15 -1.000000e+00
   outer loop
     vertex  2.780000e+00 -2.780000e+00  2.195198e+00
     vertex  3.000000e+00  2.780000e+00  2.195198e+00
     vertex  3.000000e+00 -2.780000e+00  2.195198e+00
   endloop
 endfacet
 facet normal  0.000000e+00  1.118210e-15 -1.000000e+00
   outer loop
     vertex  2.780000e+00 -2.780000e+00  2.195198e+00
     vertex  2.780000e+00  2.780000e+00  2.195198e+00
     vertex  3.000000e+00  2.780000e+00  2.195198e+00
   endloop
 endfacet
 facet normal  0.000000e+00  1.118210e-15 -1.000000e+00
   outer loop
     vertex -2.780000e+00 -2.780000e+00  2.195198e+00
     vertex -3.000000e+00  2.780000e+00  2.195198e+00
     vertex -2.780000e+00  2.780000e+00  2.195198e+00
   endloop
 endfacet
 facet normal  0.000000e+00  1.118210e-15 -1.000000e+00
   outer loop
     vertex -2.780000e+00 -2.780000e+00  2.195198e+00
     vertex  2.780000e+00  2.780000e+00  2.195198e+00
     vertex  2.780000e+00 -2.780000e+00  2.195198e+00
   endloop
 endfacet
 facet normal  0.000000e+00  1.118210e-15 -1.000000e+00
   outer loop
     vertex -2.780000e+00 -2.780000e+00  2.195198e+00
     vertex -2.780000e+00  2.780000e+00  2.195198e+00
     vertex  2.780000e+00  2.780000e+00  2.195198e+00
   endloop
 endfacet
 facet normal  0.000000e+00  0.000000e+00 -1.000000e+00
   outer loop
     vertex -2.780000e+00 -3.000000e+00  2.195198e+00
     vertex  2.780000e+00 -2.780000e+00  2.195198e+00
     vertex  2.780000e+00 -3.000000e+00  2.195198e+00
   endloop
 endfacet
 facet normal  0.000000e+00  0.000000e+00 -1.000000e+00
   outer loop
     vertex -2.780000e+00 -3.000000e+00  2.195198e+00
     vertex -2.780000e+00 -2.780000e+00  2.195198e+00
     vertex  2.780000e+00 -2.780000e+00  2.195198e+00
   endloop
 endfacet
 facet normal  0.000000e+00  1.118210e-15 -1.000000e+00
   outer loop
     vertex -3.000000e+00 -2.780000e+00  2.195198e+00
     vertex -3.000000e+00  2.780000e+00  2.195198e+00
     vertex -2.780000e+00 -2.780000e+00  2.195198e+00
   endloop
 endfacet
 facet normal  0.000000e+00 -1.038338e-15  1.000000e+00
   outer loop
     vertex  2.780000e+00 -2.780000e+00  2.295198e+00
     vertex  3.000000e+00 -2.780000e+00  2.295198e+00
     vertex  3.000000e+00  2.780000e+00  2.295198e+00
   endloop
 endfacet
 facet normal  0.000000e+00 -1.038338e-15  1.000000e+00
   outer loop
     vertex  2.780000e+00 -2.780000e+00  2.295198e+00
     vertex  3.000000e+00  2.780000e+00  2.295198e+00
     vertex  2.780000e+00  2.780000e+00  2.295198e+00
   endloop
 endfacet
 facet normal  0.000000e+00  0.000000e+00  1.000000e+00
   outer loop
     vertex -2.780000e+00  2.780000e+00  2.295198e+00
     vertex  2.780000e+00  2.780000e+00  2.295198e+00
     vertex  2.780000e+00  3.000000e+00  2.295198e+00
   endloop
 endfacet
 facet normal  0.000000e+00  0.000000e+00  1.000000e+00
   outer loop
     vertex -2.780000e+00  2.780000e+00  2.295198e+00
     vertex  2.780000e+00  3.000000e+00  2.295198e+00
     vertex -2.780000e+00  3.000000e+00  2.295198e+00
   endloop
 endfacet
 facet normal  0.000000e+00 -1.038338e-15  1.000000e+00
   outer loop
     vertex -2.780000e+00 -2.780000e+00  2.295198e+00
     vertex  2.780000e+00 -2.780000e+00  2.295198e+00
     vertex  2.780000e+00  2.780000e+00  2.295198e+00
   endloop
 endfacet
 facet normal  0.000000e+00 -1.038338e-15  1.000000e+00
   outer loop
     vertex -2.780000e+00 -2.780000e+00  2.295198e+00
     vertex  2.780000e+00  2.780000e+00  2.295198e+00
     vertex -2.780000e+00  2.780000e+00  2.295198e+00
   endloop
 endfacet
 facet normal  0.000000e+00  0.000000e+00  1.000000e+00
   outer loop
     vertex -2.780000e+00 -3.000000e+00  2.295198e+00
     vertex  2.780000e+00 -3.000000e+00  2.295198e+00
     vertex  2.780000e+00 -2.780000e+00  2.295198e+00
   endloop
 endfacet
 facet normal  0.000000e+00  0.000000e+00  1.000000e+00
   outer loop
     vertex -2.780000e+00 -3.000000e+00  2.295198e+00
     vertex  2.780000e+00 -2.780000e+00  2.295198e+00
     vertex -2.780000e+00 -2.780000e+00  2.295198e+00
   endloop
 endfacet
 facet normal  0.000000e+00 -1.038338e-15  1.000000e+00
   outer loop
     vertex -3.000000e+00 -2.780000e+00  2.295198e+00
     vertex -2.780000e+00  2.780000e+00  2.295198e+00
     vertex -3.000000e+00  2.780000e+00  2.295198e+00
   endloop
 endfacet
 facet normal  0.000000e+00 -1.038338e-15  1.000000e+00
   outer loop
     vertex -3.000000e+00 -2.780000e+00  2.295198e+00
     vertex -2.780000e+00 -2.780000e+00  2.295198e+00
     vertex -2.780000e+00  2.780000e+00  2.295198e+00
   endloop
 endfacet
 facet normal  0.000000e+00 -1.000000e+00  0.000000e+00
   outer loop
     vertex -3.000000e+00 -2.780000e+00  2.295198e+00
     vertex -2.780000e+00 -2.780000e+00  2.195198e+00
     vertex -2.780000e+00 -2.780000e+00  2.295198e+00
   endloop
 endfacet
 facet normal  0.000000e+00 -1.000000e+00  0.000000e+00
   outer loop
     vertex -3.000000e+00 -2.780000e+00  2.295198e+00
     vertex -3.000000e+00 -2.780000e+00  2.195198e+00
     vertex -2.780000e+00 -2.780000e+00  2.195198e+00
   endloop
 endfacet
 facet normal -1.000000e+00  0.000000e+00  0.000000e+00
   outer loop
     vertex -3.000000e+00 -2.780000e+00  2.295198e+00
     vertex -3.000000e+00  2.780000e+00  2.295198e+00
     vertex -3.000000e+00  2.780000e+00  2.195198e+00
   endloop
 endfacet
 facet normal -1.000000e+00  0.000000e+00  0.000000e+00
   outer loop
     vertex -3.000000e+00 -2.780000e+00  2.295198e+00
     vertex -3.000000e+00  2.780000e+00  2.195198e+00
     vertex -3.000000e+00 -2.780000e+00  2.195198e+00
   endloop
 endfacet
 facet normal  0.000000e+00  1.000000e+00  0.000000e+00
   outer loop
     vertex -2.780000e+00  2.780000e+00  2.295198e+00
     vertex -3.000000e+00  2.780000e+00  2.195198e+00
     vertex -3.000000e+00  2.780000e+00  2.295198e+00
   endloop
 endfacet
 facet normal  0.000000e+00  1.000000e+00  0.000000e+00
   outer loop
     vertex -2.780000e+00  2.780000e+00  2.295198e+00
     vertex -2.780000e+00  2.780000e+00  2.195198e+00
     vertex -3.000000e+00  2.780000e+00  2.195198e+00
   endloop
 endfacet
 facet normal -1.000000e+00 -0.000000e+00  0.000000e+00
   outer loop
     vertex -2.780000e+00  3.000000e+00  2.295198e+00
     vertex -2.780000e+00  2.780000e+00  2.195198e+00
     vertex -2.780000e+00  2.780000e+00  2.295198e+00
   endloop
 endfacet
 facet normal -1.000000e+00  0.000000e+00 -0.000000e+00
   outer loop
     vertex -2.780000e+00  3.000000e+00  2.295198e+00
     vertex -2.780000e+00  3.000000e+00  2.195198e+00
     vertex -2.780000e+00  2.780000e+00  2.195198e+00
   endloop
 endfacet
 facet normal  0.000000e+00  1.000000e+00  0.000000e+00
   outer loop
     vertex  2.780000e+00  3.000000e+00  2.295198e+00
     vertex -2.780000e+00  3.000000e+00  2.195198e+00
     vertex -2.780000e+00  3.000000e+00  2.295198e+00
   endloop
 endfacet
 facet normal  0.000000e+00  1.000000e+00  0.000000e+00
   outer loop
     vertex  2.780000e+00  3.000000e+00  2.295198e+00
     vertex  2.780000e+00  3.000000e+00  2.195198e+00
     vertex -2.780000e+00  3.000000e+00  2.195198e+00
   endloop
 endfacet
 facet normal  1.000000e+00  0.000000e+00  0.000000e+00
   outer loop
     vertex  2.780000e+00  3.000000e+00  2.295198e+00
     vertex  2.780000e+00  2.780000e+00  2.295198e+00
     vertex  2.780000e+00  2.780000e+00  2.195198e+00
   endloop
 endfacet
 facet normal  1.000000e+00  0.000000e+00  0.000000e+00
   outer loop
     vertex  2.780000e+00  3.000000e+00  2.295198e+00
     vertex  2.780000e+00  2.780000e+00  2.195198e+00
     vertex  2.780000e+00  3.000000e+00  2.195198e+00
   endloop
 endfacet
 facet normal  0.000000e+00  1.000000e+00 -0.000000e+00
   outer loop
     vertex  3.000000e+00  2.780000e+00  2.195198e+00
     vertex  2.780000e+00  2.780000e+00  2.295198e+00
     vertex  3.000000e+00  2.780000e+00  2.295198e+00
   endloop
 endfacet
 facet normal  0.000000e+00  1.000000e+00  0.000000e+00
   outer loop
     vertex  3.000000e+00  2.780000e+00  2.195198e+00
     vertex  2.780000e+00  2.780000e+00  2.195198e+00
     vertex  2.780000e+00  2.780000e+00  2.295198e+00
   endloop
 endfacet
 facet normal  1.000000e+00  0.000000e+00  0.000000e+00
   outer loop
     vertex  3.000000e+00  2.780000e+00  2.295198e+00
     vertex  3.000000e+00 -2.780000e+00  2.295198e+00
     vertex  3.000000e+00 -2.780000e+00  2.195198e+00
   endloop
 endfacet
 facet normal  1.000000e+00  0.000000e+00  0.000000e+00
   outer loop
     vertex  3.000000e+00  2.780000e+00  2.295198e+00
     vertex  3.000000e+00 -2.780000e+00  2.195198e+00
     vertex  3.000000e+00  2.780000e+00  2.195198e+00
   endloop
 endfacet
 facet normal  0.000000e+00 -1.000000e+00  0.000000e+00
   outer loop
     vertex  2.780000e+00 -2.780000e+00  2.295198e+00
     vertex  3.000000e+00 -2.780000e+00  2.195198e+00
     vertex  3.000000e+00 -2.780000e+00  2.295198e+00
   endloop
 endfacet
 facet normal  0.000000e+00 -1.000000e+00  0.000000e+00
   outer loop
     vertex  2.780000e+00 -2.780000e+00  2.295198e+00
     vertex  2.780000e+00 -2.780000e+00  2.195198e+00
     vertex  3.000000e+00 -2.780000e+00  2.195198e+00
   endloop
 endfacet
 facet normal  1.000000e+00  0.000000e+00  0.000000e+00
   outer loop
     vertex  2.780000e+00 -2.780000e+00  2.295198e+00
     vertex  2.780000e+00 -3.000000e+00  2.295198e+00
     vertex  2.780000e+00 -3.000000e+00  2.195198e+00
   endloop
 endfacet
 facet normal  1.000000e+00  0.000000e+00  0.000000e+00
   outer loop
     vertex  2.780000e+00 -2.780000e+00  2.295198e+00
     vertex  2.780000e+00 -3.000000e+00  2.195198e+00
     vertex  2.780000e+00 -2.780000e+00  2.195198e+00
   endloop
 endfacet
 facet normal  0.000000e+00 -1.000000e+00  0.000000e+00
   outer loop
     vertex -2.780000e+00 -3.000000e+00  2.295198e+00
     vertex  2.780000e+00 -3.000000e+00  2.195198e+00
     vertex  2.780000e+00 -3.000000e+00  2.295198e+00
   endloop
 endfacet
 facet normal  0.000000e+00 -1.000000e+00  0.000000e+00
   outer loop
     vertex -2.780000e+00 -3.000000e+00  2.295198e+00
     vertex -2.780000e+00 -3.000000e+00  2.195198e+00
     vertex  2.780000e+00 -3.000000e+00  2.195198e+00
   endloop
 endfacet
 facet normal -1.000000e+00 -0.000000e+00  0.000000e+00
   outer loop
     vertex -2.780000e+00 -2.780000e+00  2.295198e+00
     vertex -2.780000e+00 -3.000000e+00  2.195198e+00
     vertex -2.780000e+00 -3.000000e+00  2.295198e+00
   endloop
 endfacet
 facet normal -1.000000e+00  0.000000e+00 -0.000000e+00
   outer loop
     vertex -2.780000e+00 -2.780000e+00  2.295198e+00
     vertex -2.780000e+00 -2.780000e+00  2.195198e+00
     vertex -2.780000e+00 -3.000000e+00  2.195198e+00
   endloop
 endfacet
 facet normal  0.000000e+00  0.000000e+00  1.000000e+00
   outer loop
     vertex -2.780000e+00  2.780000e+00  2.195198e+00
     vertex  2.780000e+00  3.000000e+00  2.195198e+00
     vertex -2.780000e+00  3.000000e+00  2.195198e+00
   endloop
 endfacet
 facet normal  0.000000e+00  0.000000e+00  1.000000e+00
   outer loop
     vertex -2.780000e+00  2.780000e+00  2.195198e+00
     vertex  2.780000e+00  2.780000e+00  2.195198e+00
     vertex  2.780000e+00  3.000000e+00  2.195198e+00
   endloop
 endfacet
 facet normal  0.000000e+00 -1.118210e-15  1.000000e+00
   outer loop
     vertex  2.780000e+00 -2.780000e+00  2.195198e+00
     vertex  3.000000e+00  2.780000e+00  2.195198e+00
     vertex  2.780000e+00  2.780000e+00  2.195198e+00
   endloop
 endfacet
 facet normal  0.000000e+00 -1.118210e-15  1.000000e+00
   outer loop
     vertex  2.780000e+00 -2.780000e+00  2.195198e+00
     vertex  3.000000e+00 -2.780000e+00  2.195198e+00
     vertex  3.000000e+00  2.780000e+00  2.195198e+00
   endloop
 endfacet
 facet normal -0.000000e+00  0.000000e+00  1.000000e+00
   outer loop
     vertex -2.780000e+00 -2.780000e+00  2.195198e+00
     vertex  2.780000e+00 -3.000000e+00  2.195198e+00
     vertex  2.780000e+00 -2.780000e+00  2.195198e+00
   endloop
 endfacet
 facet normal  0.000000e+00 -1.118210e-15  1.000000e+00
   outer loop
     vertex -2.780000e+00 -2.780000e+00  2.195198e+00
     vertex  2.780000e+00  2.780000e+00  2.195198e+00
     vertex -2.780000e+00  2.780000e+00  2.195198e+00
   endloop
 endfacet
 facet normal  0.000000e+00 -1.118210e-15  1.000000e+00
   outer loop
     vertex -2.780000e+00 -2.780000e+00  2.195198e+00
     vertex  2.780000e+00 -2.780000e+00  2.195198e+00
     vertex  2.780000e+00  2.780000e+00  2.195198e+00
   endloop
 endfacet
 facet normal  0.000000e+00  0.000000e+00  1.000000e+00
   outer loop
     vertex -2.780000e+00 -3.000000e+00  2.195198e+00
     vertex  2.780000e+00 -3.000000e+00  2.195198e+00
     vertex -2.780000e+00 -2.780000e+00  2.195198e+00
   endloop
 endfacet
 facet normal  0.000000e+00 -1.118210e-15  1.000000e+00
   outer loop
     vertex -3.000000e+00 -2.780000e+00  2.195198e+00
     vertex -2.780000e+00  2.780000e+00  2.195198e+00
     vertex -3.000000e+00  2.780000e+00  2.195198e+00
   endloop
 endfacet
 facet normal  0.000000e+00 -1.118210e-15  1.000000e+00
   outer loop
     vertex -3.000000e+00 -2.780000e+00  2.195198e+00
     vertex -2.780000e+00 -2.780000e+00  2.195198e+00
     vertex -2.780000e+00  2.780000e+00  2.195198e+00
   endloop
 endfacet
 facet normal  0.000000e+00  1.000000e+00  0.000000e+00
   outer loop
     vertex  3.000000e+00 -2.780000e+00  2.195198e+00
     vertex  2.780000e+00 -2.780000e+00  2.195198e+00
     vertex  2.780000e+00 -2.780000e+00  2.295198e+00
   endloop
 endfacet
 facet normal  0.000000e+00  1.000000e+00 -0.000000e+00
   outer loop
     vertex  3.000000e+00 -2.780000e+00  2.195198e+00
     vertex  2.780000e+00 -2.780000e+00  2.295198e+00
     vertex  3.000000e+00 -2.780000e+00  2.295198e+00
   endloop
 endfacet
 facet normal -1.000000e+00  0.000000e+00  0.000000e+00
   outer loop
     vertex  3.000000e+00  2.780000e+00  2.295198e+00
     vertex  3.000000e+00 -2.780000e+00  2.195198e+00
     vertex  3.000000e+00 -2.780000e+00  2.295198e+00
   endloop
 endfacet
 facet normal -1.000000e+00  0.000000e+00 -0.000000e+00
   outer loop
     vertex  3.000000e+00  2.780000e+00  2.295198e+00
     vertex  3.000000e+00  2.780000e+00  2.195198e+00
     vertex  3.000000e+00 -2.780000e+00  2.195198e+00
   endloop
 endfacet
 facet normal  0.000000e+00 -1.000000e+00  0.000000e+00
   outer loop
     vertex  2.780000e+00  2.780000e+00  2.295198e+00
     vertex  3.000000e+00  2.780000e+00  2.195198e+00
     vertex  3.000000e+00  2.780000e+00  2.295198e+00
   endloop
 endfacet
 facet normal  0.000000e+00 -1.000000e+00  0.000000e+00
   outer loop
     vertex  2.780000e+00  2.780000e+00  2.295198e+00
     vertex  2.780000e+00  2.780000e+00  2.195198e+00
     vertex  3.000000e+00  2.780000e+00  2.195198e+00
   endloop
 endfacet
 facet normal -1.000000e+00 -0.000000e+00  0.000000e+00
   outer loop
     vertex  2.780000e+00  3.000000e+00  2.295198e+00
     vertex  2.780000e+00  2.780000e+00  2.195198e+00
     vertex  2.780000e+00  2.780000e+00  2.295198e+00
   endloop
 endfacet
 facet normal -1.000000e+00  0.000000e+00 -0.000000e+00
   outer loop
     vertex  2.780000e+00  3.000000e+00  2.295198e+00
     vertex  2.780000e+00  3.000000e+00  2.195198e+00
     vertex  2.780000e+00  2.780000e+00  2.195198e+00
   endloop
 endfacet
 facet normal  0.000000e+00 -1.000000e+00  0.000000e+00
   outer loop
     vertex -2.780000e+00  3.000000e+00  2.295198e+00
     vertex  2.780000e+00  3.000000e+00  2.195198e+00
     vertex  2.780000e+00  3.000000e+00  2.295198e+00
   endloop
 endfacet
 facet normal  0.000000e+00 -1.000000e+00  0.000000e+00
   outer loop
     vertex -2.780000e+00  3.000000e+00  2.295198e+00
     vertex -2.780000e+00  3.000000e+00  2.195198e+00
     vertex  2.780000e+00  3.000000e+00  2.195198e+00
   endloop
 endfacet
 facet normal  1.000000e+00  0.000000e+00  0.000000e+00
   outer loop
     vertex -2.780000e+00  3.000000e+00  2.295198e+00
     vertex -2.780000e+00  2.780000e+00  2.195198e+00
     vertex -2.780000e+00  3.000000e+00  2.195198e+00
   endloop
 endfacet
 facet normal  1.000000e+00  0.000000e+00  0.000000e+00
   outer loop
     vertex -2.780000e+00  3.000000e+00  2.295198e+00
     vertex -2.780000e+00  2.780000e+00  2.295198e+00
     vertex -2.780000e+00  2.780000e+00  2.195198e+00
   endloop
 endfacet
 facet normal  0.000000e+00 -1.000000e+00  0.000000e+00
   outer loop
     vertex -3.000000e+00  2.780000e+00  2.295198e+00
     vertex -2.780000e+00  2.780000e+00  2.195198e+00
     vertex -2.780000e+00  2.780000e+00  2.295198e+00
   endloop
 endfacet
 facet normal  0.000000e+00 -1.000000e+00  0.000000e+00
   outer loop
     vertex -3.000000e+00  2.780000e+00  2.295198e+00
     vertex -3.000000e+00  2.780000e+00  2.195198e+00
     vertex -2.780000e+00  2.780000e+00  2.195198e+00
   endloop
 endfacet
 facet normal  1.000000e+00 -0.000000e+00  0.000000e+00
   outer loop
     vertex -3.000000e+00 -2.780000e+00  2.295198e+00
     vertex -3.000000e+00  2.780000e+00  2.195198e+00
     vertex -3.000000e+00  2.780000e+00  2.295198e+00
   endloop
 endfacet
 facet normal  1.000000e+00  0.000000e+00  0.000000e+00
   outer loop
     vertex -3.000000e+00 -2.780000e+00  2.295198e+00
     vertex -3.000000e+00 -2.780000e+00  2.195198e+00
     vertex -3.000000e+00  2.780000e+00  2.195198e+00
   endloop
 endfacet
 facet normal  0.000000e+00  1.000000e+00  0.000000e+00
   outer loop
     vertex -2.780000e+00 -2.780000e+00  2.195198e+00
     vertex -3.000000e+00 -2.780000e+00  2.195198e+00
     vertex -3.000000e+00 -2.780000e+00  2.295198e+00
   endloop
 endfacet
 facet normal  0.000000e+00  1.000000e+00 -0.000000e+00
   outer loop
     vertex -2.780000e+00 -2.780000e+00  2.195198e+00
     vertex -3.000000e+00 -2.780000e+00  2.295198e+00
     vertex -2.780000e+00 -2.780000e+00  2.295198e+00
   endloop
 endfacet
 facet normal  1.000000e+00  0.000000e+00  0.000000e+00
   outer loop
     vertex -2.780000e+00 -2.780000e+00  2.295198e+00
     vertex -2.780000e+00 -3.000000e+00  2.195198e+00
     vertex -2.780000e+00 -2.780000e+00  2.195198e+00
   endloop
 endfacet
 facet normal  1.000000e+00  0.000000e+00  0.000000e+00
   outer loop
     vertex -2.780000e+00 -2.780000e+00  2.295198e+00
     vertex -2.780000e+00 -3.000000e+00  2.295198e+00
     vertex -2.780000e+00 -3.000000e+00  2.195198e+00
   endloop
 endfacet
 facet normal  0.000000e+00  1.000000e+00  0.000000e+00
   outer loop
     vertex  2.780000e+00 -3.000000e+00  2.195198e+00
     vertex -2.780000e+00 -3.000000e+00  2.195198e+00
     vertex -2.780000e+00 -3.000000e+00  2.295198e+00
   endloop
 endfacet
 facet normal  0.000000e+00  1.000000e+00 -0.000000e+00
   outer loop
     vertex  2.780000e+00 -3.000000e+00  2.195198e+00
     vertex -2.780000e+00 -3.000000e+00  2.295198e+00
     vertex  2.780000e+00 -3.000000e+00  2.295198e+00
   endloop
 endfacet
 facet normal -1.000000e+00 -0.000000e+00  0.000000e+00
   outer loop
     vertex  2.780000e+00 -2.780000e+00  2.295198e+00
     vertex  2.780000e+00 -3.000000e+00  2.195198e+00
     vertex  2.780000e+00 -3.000000e+00  2.295198e+00
   endloop
 endfacet
 facet normal -1.000000e+00  0.000000e+00 -0.000000e+00
   outer loop
     vertex  2.780000e+00 -2.780000e+00  2.295198e+00
     vertex  2.780000e+00 -2.780000e+00  2.195198e+00
     vertex  2.780000e+00 -3.000000e+00  2.195198e+00
   endloop
 endfacet
 facet normal  0.000000e+00  0.000000e+00  1.000000e+00
   outer loop
     vertex  2.850000e+00  2.850000e+00  2.195198e+00
     vertex  2.950000e+00  2.950000e+00  2.195198e+00
     vertex  2.850000e+00  2.950000e+00  2.195198e+00
   endloop
 endfacet
 facet normal  0.000000e+00  0.000000e+00  1.000000e+00
   outer loop
     vertex  2.850000e+00  2.850000e+00  2.195198e+00
     vertex  2.950000e+00  2.850000e+00  2.195198e+00
     vertex  2.950000e+00  2.950000e+00  2.195198e+00
   endloop
 endfacet
 facet normal  1.000000e+00  0.000000e+00  0.000000e+00
   outer loop
     vertex  2.850000e+00  2.950000e+00  2.295198e+00
     vertex  2.850000e+00  2.850000e+00  2.195198e+00
     vertex  2.850000e+00  2.950000e+00  2.195198e+00
   endloop
 endfacet
 facet normal  1.000000e+00  0.000000e+00  0.000000e+00
   outer loop
     vertex  2.850000e+00  2.950000e+00  2.295198e+00
     vertex  2.850000e+00  2.850000e+00  2.295198e+00
     vertex  2.850000e+00  2.850000e+00  2.195198e+00
   endloop
 endfacet
 facet normal  0.000000e+00  1.000000e+00  0.000000e+00
   outer loop
     vertex  2.950000e+00  2.850000e+00  2.195198e+00
     vertex  2.850000e+00  2.850000e+00  2.195198e+00
     vertex  2.850000e+00  2.850000e+00  2.295198e+00
   endloop
 endfacet
 facet normal  0.000000e+00  1.000000e+00 -0.000000e+00
   outer loop
     vertex  2.950000e+00  2.850000e+00  2.195198e+00
     vertex  2.850000e+00  2.850000e+00  2.295198e+00
     vertex  2.950000e+00  2.850000e+00  2.295198e+00
   endloop
 endfacet
 facet normal -1.000000e+00 -0.000000e+00  0.000000e+00
   outer loop
     vertex  2.950000e+00  2.950000e+00  2.295198e+00
     vertex  2.950000e+00  2.850000e+00  2.195198e+00
     vertex  2.950000e+00  2.850000e+00  2.295198e+00
   endloop
 endfacet
 facet normal -1.000000e+00  0.000000e+00 -0.000000e+00
   outer loop
     vertex  2.950000e+00  2.950000e+00  2.295198e+00
     vertex  2.950000e+00  2.950000e+00  2.195198e+00
     vertex  2.950000e+00  2.850000e+00  2.195198e+00
   endloop
 endfacet
 facet normal  0.000000e+00 -1.000000e+00  0.000000e+00
   outer loop
     vertex  2.850000e+00  2.950000e+00  2.295198e+00
     vertex  2.950000e+00  2.950000e+00  2.195198e+00
     vertex  2.950000e+00  2.950000e+00  2.295198e+00
   endloop
 endfacet
 facet normal  0.000000e+00 -1.000000e+00  0.000000e+00
   outer loop
     vertex  2.850000e+00  2.950000e+00  2.295198e+00
     vertex  2.850000e+00  2.950000e+00  2.195198e+00
     vertex  2.950000e+00  2.950000e+00  2.195198e+00
   endloop
 endfacet
 facet normal  0.000000e+00  0.000000e+00  1.000000e+00
   outer loop
     vertex  2.850000e+00 -2.950000e+00  2.195198e+00
     vertex  2.950000e+00 -2.950000e+00  2.195198e+00
     vertex  2.950000e+00 -2.850000e+00  2.195198e+00
   endloop
 endfacet
 facet normal  0.000000e+00  0.000000e+00  1.000000e+00
   outer loop
     vertex  2.850000e+00 -2.950000e+00  2.195198e+00
     vertex  2.950000e+00 -2.850000e+00  2.195198e+00
     vertex  2.850000e+00 -2.850000e+00  2.195198e+00
   endloop
 endfacet
 facet normal  0.000000e+00 -1.000000e+00  0.000000e+00
   outer loop
     vertex  2.850000e+00 -2.850000e+00  2.295198e+00
     vertex  2.950000e+00 -2.850000e+00  2.195198e+00
     vertex  2.950000e+00 -2.850000e+00  2.295198e+00
   endloop
 endfacet
 facet normal  0.000000e+00 -1.000000e+00  0.000000e+00
   outer loop
     vertex  2.850000e+00 -2.850000e+00  2.295198e+00
     vertex  2.850000e+00 -2.850000e+00  2.195198e+00
     vertex  2.950000e+00 -2.850000e+00  2.195198e+00
   endloop
 endfacet
 facet normal  1.000000e+00  0.000000e+00  0.000000e+00
   outer loop
     vertex  2.850000e+00 -2.850000e+00  2.295198e+00
     vertex  2.850000e+00 -2.950000e+00  2.195198e+00
     vertex  2.850000e+00 -2.850000e+00  2.195198e+00
   endloop
 endfacet
 facet normal  1.000000e+00  0.000000e+00  0.000000e+00
   outer loop
     vertex  2.850000e+00 -2.850000e+00  2.295198e+00
     vertex  2.850000e+00 -2.950000e+00  2.295198e+00
     vertex  2.850000e+00 -2.950000e+00  2.195198e+00
   endloop
 endfacet
 facet normal  0.000000e+00  1.000000e+00  0.000000e+00
   outer loop
     vertex  2.950000e+00 -2.950000e+00  2.195198e+00
     vertex  2.850000e+00 -2.950000e+00  2.195198e+00
     vertex  2.850000e+00 -2.950000e+00  2.295198e+00
   endloop
 endfacet
 facet normal  0.000000e+00  1.000000e+00 -0.000000e+00
   outer loop
     vertex  2.950000e+00 -2.950000e+00  2.195198e+00
     vertex  2.850000e+00 -2.950000e+00  2.295198e+00
     vertex  2.950000e+00 -2.950000e+00  2.295198e+00
   endloop
 endfacet
 facet normal -1.000000e+00  0.000000e+00  0.000000e+00
   outer loop
     vertex  2.950000e+00 -2.950000e+00  2.295198e+00
     vertex  2.950000e+00 -2.850000e+00  2.195198e+00
     vertex  2.950000e+00 -2.950000e+00  2.195198e+00
   endloop
 endfacet
 facet normal -1.000000e+00  0.000000e+00  0.000000e+00
   outer loop
     vertex  2.950000e+00 -2.950000e+00  2.295198e+00
     vertex  2.950000e+00 -2.850000e+00  2.295198e+00
     vertex  2.950000e+00 -2.850000e+00  2.195198e+00
   endloop
 endfacet
 facet normal  0.000000e+00  0.000000e+00  1.000000e+00
   outer loop
     vertex -2.950000e+00  2.850000e+00  2.195198e+00
     vertex -2.850000e+00  2.850000e+00  2.195198e+00
     vertex -2.850000e+00  2.950000e+00  2.195198e+00
   endloop
 endfacet
 facet normal  0.000000e+00  0.000000e+00  1.000000e+00
   outer loop
     vertex -2.950000e+00  2.850000e+00  2.195198e+00
     vertex -2.850000e+00  2.950000e+00  2.195198e+00
     vertex -2.950000e+00  2.950000e+00  2.195198e+00
   endloop
 endfacet
 facet normal  0.000000e+00  1.000000e+00  0.000000e+00
   outer loop
     vertex -2.850000e+00  2.850000e+00  2.195198e+00
     vertex -2.950000e+00  2.850000e+00  2.195198e+00
     vertex -2.950000e+00  2.850000e+00  2.295198e+00
   endloop
 endfacet
 facet normal  0.000000e+00  1.000000e+00 -0.000000e+00
   outer loop
     vertex -2.850000e+00  2.850000e+00  2.195198e+00
     vertex -2.950000e+00  2.850000e+00  2.295198e+00
     vertex -2.850000e+00  2.850000e+00  2.295198e+00
   endloop
 endfacet
 facet normal -1.000000e+00 -0.000000e+00  0.000000e+00
   outer loop
     vertex -2.850000e+00  2.950000e+00  2.295198e+00
     vertex -2.850000e+00  2.850000e+00  2.195198e+00
     vertex -2.850000e+00  2.850000e+00  2.295198e+00
   endloop
 endfacet
 facet normal -1.000000e+00  0.000000e+00 -0.000000e+00
   outer loop
     vertex -2.850000e+00  2.950000e+00  2.295198e+00
     vertex -2.850000e+00  2.950000e+00  2.195198e+00
     vertex -2.850000e+00  2.850000e+00  2.195198e+00
   endloop
 endfacet
 facet normal  0.000000e+00 -1.000000e+00  0.000000e+00
   outer loop
     vertex -2.950000e+00  2.950000e+00  2.295198e+00
     vertex -2.850000e+00  2.950000e+00  2.195198e+00
     vertex -2.850000e+00  2.950000e+00  2.295198e+00
   endloop
 endfacet
 facet normal  0.000000e+00 -1.000000e+00  0.000000e+00
   outer loop
     vertex -2.950000e+00  2.950000e+00  2.295198e+00
     vertex -2.950000e+00  2.950000e+00  2.195198e+00
     vertex -2.850000e+00  2.950000e+00  2.195198e+00
   endloop
 endfacet
 facet normal  1.000000e+00  0.000000e+00  0.000000e+00
   outer loop
     vertex -2.950000e+00  2.950000e+00  2.295198e+00
     vertex -2.950000e+00  2.850000e+00  2.195198e+00
     vertex -2.950000e+00  2.950000e+00  2.195198e+00
   endloop
 endfacet
 facet normal  1.000000e+00  0.000000e+00  0.000000e+00
   outer loop
     vertex -2.950000e+00  2.950000e+00  2.295198e+00
     vertex -2.950000e+00  2.850000e+00  2.295198e+00
     vertex -2.950000e+00  2.850000e+00  2.195198e+00
   endloop
 endfacet
 facet normal  0.000000e+00  0.000000e+00  1.000000e+00
   outer loop
     vertex -2.950000e+00 -2.950000e+00  2.195198e+00
     vertex -2.850000e+00 -2.950000e+00  2.195198e+00
     vertex -2.850000e+00 -2.850000e+00  2.195198e+00
   endloop
 endfacet
 facet normal  0.000000e+00  0.000000e+00  1.000000e+00
   outer loop
     vertex -2.950000e+00 -2.950000e+00  2.195198e+00
     vertex -2.850000e+00 -2.850000e+00  2.195198e+00
     vertex -2.950000e+00 -2.850000e+00  2.195198e+00
   endloop
 endfacet
 facet normal -1.000000e+00 -0.000000e+00  0.000000e+00
   outer loop
     vertex -2.850000e+00 -2.850000e+00  2.295198e+00
     vertex -2.850000e+00 -2.950000e+00  2.195198e+00
     vertex -2.850000e+00 -2.950000e+00  2.295198e+00
   endloop
 endfacet
 facet normal -1.000000e+00  0.000000e+00 -0.000000e+00
   outer loop
     vertex -2.850000e+00 -2.850000e+00  2.295198e+00
     vertex -2.850000e+00 -2.850000e+00  2.195198e+00
     vertex -2.850000e+00 -2.950000e+00  2.195198e+00
   endloop
 endfacet
 facet normal  0.000000e+00 -1.000000e+00  0.000000e+00
   outer loop
     vertex -2.950000e+00 -2.850000e+00  2.295198e+00
     vertex -2.850000e+00 -2.850000e+00  2.195198e+00
     vertex -2.850000e+00 -2.850000e+00  2.295198e+00
   endloop
 endfacet
 facet normal  0.000000e+00 -1.000000e+00  0.000000e+00
   outer loop
     vertex -2.950000e+00 -2.850000e+00  2.295198e+00
     vertex -2.950000e+00 -2.850000e+00  2.195198e+00
     vertex -2.850000e+00 -2.850000e+00  2.195198e+00
   endloop
 endfacet
 facet normal  1.000000e+00  0.000000e+00  0.000000e+00
   outer loop
     vertex -2.950000e+00 -2.850000e+00  2.295198e+00
     vertex -2.950000e+00 -2.950000e+00  2.195198e+00
     vertex -2.950000e+00 -2.850000e+00  2.195198e+00
   endloop
 endfacet
 facet normal  1.000000e+00  0.000000e+00  0.000000e+00
   outer loop
     vertex -2.950000e+00 -2.850000e+00  2.295198e+00
     vertex -2.950000e+00 -2.950000e+00  2.295198e+00
     vertex -2.950000e+00 -2.950000e+00  2.195198e+00
   endloop
 endfacet
 facet normal  0.000000e+00  1.000000e+00  0.000000e+00
   outer loop
     vertex -2.850000e+00 -2.950000e+00  2.195198e+00
     vertex -2.950000e+00 -2.950000e+00  2.195198e+00
     vertex -2.950000e+00 -2.950000e+00  2.295198e+00
   endloop
 endfacet
 facet normal  0.000000e+00  1.000000e+00 -0.000000e+00
   outer loop
     vertex -2.850000e+00 -2.950000e+00  2.195198e+00
     vertex -2.950000e+00 -2.950000e+00  2.295198e+00
     vertex -2.850000e+00 -2.950000e+00  2.295198e+00
   endloop
 endfacet
 facet normal  0.000000e+00  9.356823e-16 -1.000000e+00
   outer loop
     vertex -3.085000e+00 -3.085000e+00  2.095198e+00
     vertex  3.085000e+00  3.085000e+00  2.095198e+00
     vertex  3.085000e+00 -3.085000e+00  2.095198e+00
   endloop
 endfacet
 facet normal  0.000000e+00  9.356823e-16 -1.000000e+00
   outer loop
     vertex -3.085000e+00 -3.085000e+00  2.095198e+00
     vertex -3.085000e+00  3.085000e+00  2.095198e+00
     vertex  3.085000e+00  3.085000e+00  2.095198e+00
   endloop
 endfacet
 facet normal  0.000000e+00  0.000000e+00  1.000000e+00
   outer loop
     vertex  3.000000e+00  2.780000e+00  2.295198e+00
     vertex  2.950000e+00  2.950000e+00  2.295198e+00
     vertex  2.950000e+00  2.850000e+00  2.295198e+00
   endloop
 endfacet
 facet normal  0.000000e+00 -0.000000e+00  1.000000e+00
   outer loop
     vertex  3.000000e+00  2.780000e+00  2.295198e+00
     vertex  3.085000e+00  3.085000e+00  2.295198e+00
     vertex  2.950000e+00  2.950000e+00  2.295198e+00
   endloop
 endfacet
 facet normal  0.000000e+00  0.000000e+00  1.000000e+00
   outer loop
     vertex  2.780000e+00  3.000000e+00  2.295198e+00
     vertex  2.850000e+00  2.950000e+00  2.295198e+00
     vertex  2.950000e+00  2.950000e+00  2.295198e+00
   endloop
 endfacet
 facet normal -0.000000e+00  0.000000e+00  1.000000e+00
   outer loop
     vertex  2.780000e+00  3.000000e+00  2.295198e+00
     vertex  2.950000e+00  2.950000e+00  2.295198e+00
     vertex  3.085000e+00  3.085000e+00  2.295198e+00
   endloop
 endfacet
 facet normal  0.000000e+00 -0.000000e+00  1.000000e+00
   outer loop
     vertex  2.850000e+00  2.850000e+00  2.295198e+00
     vertex  2.850000e+00  2.950000e+00  2.295198e+00
     vertex  2.780000e+00  3.000000e+00  2.295198e+00
   endloop
 endfacet
 facet normal -0.000000e+00  0.000000e+00  1.000000e+00
   outer loop
     vertex  2.850000e+00  2.850000e+00  2.295198e+00
     vertex  3.000000e+00  2.780000e+00  2.295198e+00
     vertex  2.950000e+00  2.850000e+00  2.295198e+00
   endloop
 endfacet
 facet normal  0.000000e+00  0.000000e+00  1.000000e+00
   outer loop
     vertex  2.780000e+00  2.780000e+00  2.295198e+00
     vertex  3.000000e+00  2.780000e+00  2.295198e+00
     vertex  2.850000e+00  2.850000e+00  2.295198e+00
   endloop
 endfacet
 facet normal  0.000000e+00  0.000000e+00  1.000000e+00
   outer loop
     vertex  2.780000e+00  2.780000e+00  2.295198e+00
     vertex  2.850000e+00  2.850000e+00  2.295198e+00
     vertex  2.780000e+00  3.000000e+00  2.295198e+00
   endloop
 endfacet
 facet normal  0.000000e+00  0.000000e+00  1.000000e+00
   outer loop
     vertex  2.850000e+00 -2.850000e+00  2.295198e+00
     vertex  2.950000e+00 -2.850000e+00  2.295198e+00
     vertex  3.000000e+00 -2.780000e+00  2.295198e+00
   endloop
 endfacet
 facet normal  0.000000e+00  0.000000e+00  1.000000e+00
   outer loop
     vertex -3.085000e+00  3.085000e+00  2.295198e+00
     vertex -2.780000e+00  3.000000e+00  2.295198e+00
     vertex  2.780000e+00  3.000000e+00  2.295198e+00
   endloop
 endfacet
 facet normal -0.000000e+00  0.000000e+00  1.000000e+00
   outer loop
     vertex -3.085000e+00  3.085000e+00  2.295198e+00
     vertex  2.780000e+00  3.000000e+00  2.295198e+00
     vertex  3.085000e+00  3.085000e+00  2.295198e+00
   endloop
 endfacet
 facet normal  0.000000e+00 -0.000000e+00  1.000000e+00
   outer loop
     vertex -2.950000e+00  2.950000e+00  2.295198e+00
     vertex -2.780000e+00  3.000000e+00  2.295198e+00
     vertex -3.085000e+00  3.085000e+00  2.295198e+00
   endloop
 endfacet
 facet normal  0.000000e+00  0.000000e+00  1.000000e+00
   outer loop
     vertex -2.950000e+00  2.950000e+00  2.295198e+00
     vertex -2.850000e+00  2.950000e+00  2.295198e+00
     vertex -2.780000e+00  3.000000e+00  2.295198e+00
   endloop
 endfacet
 facet normal  0.000000e+00  0.000000e+00  1.000000e+00
   outer loop
     vertex  2.950000e+00 -2.950000e+00  2.295198e+00
     vertex  3.000000e+00 -2.780000e+00  2.295198e+00
     vertex  2.950000e+00 -2.850000e+00  2.295198e+00
   endloop
 endfacet
 facet normal -0.000000e+00  0.000000e+00  1.000000e+00
   outer loop
     vertex  2.950000e+00 -2.950000e+00  2.295198e+00
     vertex  3.085000e+00 -3.085000e+00  2.295198e+00
     vertex  3.000000e+00 -2.780000e+00  2.295198e+00
   endloop
 endfacet
 facet normal -0.000000e+00  0.000000e+00  1.000000e+00
   outer loop
     vertex  2.780000e+00 -2.780000e+00  2.295198e+00
     vertex  2.850000e+00 -2.850000e+00  2.295198e+00
     vertex  3.000000e+00 -2.780000e+00  2.295198e+00
   endloop
 endfacet
 facet normal  0.000000e+00  0.000000e+00  1.000000e+00
   outer loop
     vertex -2.850000e+00  2.850000e+00  2.295198e+00
     vertex -2.780000e+00  3.000000e+00  2.295198e+00
     vertex -2.850000e+00  2.950000e+00  2.295198e+00
   endloop
 endfacet
 facet normal  0.000000e+00 -0.000000e+00  1.000000e+00
   outer loop
     vertex -2.780000e+00  2.780000e+00  2.295198e+00
     vertex -2.780000e+00  3.000000e+00  2.295198e+00
     vertex -2.850000e+00  2.850000e+00  2.295198e+00
   endloop
 endfacet
 facet normal  0.000000e+00  0.000000e+00  1.000000e+00
   outer loop
     vertex  2.780000e+00 -3.000000e+00  2.295198e+00
     vertex  2.950000e+00 -2.950000e+00  2.295198e+00
     vertex  2.850000e+00 -2.950000e+00  2.295198e+00
   endloop
 endfacet
 facet normal  0.000000e+00  0.000000e+00  1.000000e+00
   outer loop
     vertex  2.780000e+00 -3.000000e+00  2.295198e+00
     vertex  2.850000e+00 -2.950000e+00  2.295198e+00
     vertex  2.850000e+00 -2.850000e+00  2.295198e+00
   endloop
 endfacet
 facet normal -0.000000e+00  0.000000e+00  1.000000e+00
   outer loop
     vertex  2.780000e+00 -3.000000e+00  2.295198e+00
     vertex  3.085000e+00 -3.085000e+00  2.295198e+00
     vertex  2.950000e+00 -2.950000e+00  2.295198e+00
   endloop
 endfacet
 facet normal  0.000000e+00  0.000000e+00  1.000000e+00
   outer loop
     vertex  2.780000e+00 -3.000000e+00  2.295198e+00
     vertex  2.850000e+00 -2.850000e+00  2.295198e+00
     vertex  2.780000e+00 -2.780000e+00  2.295198e+00
   endloop
 endfacet
 facet normal  0.000000e+00  0.000000e+00  1.000000e+00
   outer loop
     vertex -3.000000e+00  2.780000e+00  2.295198e+00
     vertex -2.950000e+00  2.850000e+00  2.295198e+00
     vertex -2.950000e+00  2.950000e+00  2.295198e+00
   endloop
 endfacet
 facet normal  0.000000e+00  0.000000e+00  1.000000e+00
   outer loop
     vertex -3.000000e+00  2.780000e+00  2.295198e+00
     vertex -2.850000e+00  2.850000e+00  2.295198e+00
     vertex -2.950000e+00  2.850000e+00  2.295198e+00
   endloop
 endfacet
 facet normal  0.000000e+00  0.000000e+00  1.000000e+00
   outer loop
     vertex -3.000000e+00  2.780000e+00  2.295198e+00
     vertex -2.780000e+00  2.780000e+00  2.295198e+00
     vertex -2.850000e+00  2.850000e+00  2.295198e+00
   endloop
 endfacet
 facet normal  0.000000e+00 -0.000000e+00  1.000000e+00
   outer loop
     vertex -3.000000e+00  2.780000e+00  2.295198e+00
     vertex -2.950000e+00  2.950000e+00  2.295198e+00
     vertex -3.085000e+00  3.085000e+00  2.295198e+00
   endloop
 endfacet
 facet normal  0.000000e+00 -0.000000e+00  1.000000e+00
   outer loop
     vertex -2.780000e+00 -3.000000e+00  2.295198e+00
     vertex -2.780000e+00 -2.780000e+00  2.295198e+00
     vertex -2.850000e+00 -2.850000e+00  2.295198e+00
   endloop
 endfacet
 facet normal -0.000000e+00  0.000000e+00  1.000000e+00
   outer loop
     vertex -3.000000e+00 -2.780000e+00  2.295198e+00
     vertex -2.850000e+00 -2.850000e+00  2.295198e+00
     vertex -2.780000e+00 -2.780000e+00  2.295198e+00
   endloop
 endfacet
 facet normal -0.000000e+00  0.000000e+00  1.000000e+00
   outer loop
     vertex -2.850000e+00 -2.950000e+00  2.295198e+00
     vertex -2.780000e+00 -3.000000e+00  2.295198e+00
     vertex -2.850000e+00 -2.850000e+00  2.295198e+00
   endloop
 endfacet
 facet normal  0.000000e+00 -0.000000e+00  1.000000e+00
   outer loop
     vertex -2.950000e+00 -2.850000e+00  2.295198e+00
     vertex -2.850000e+00 -2.850000e+00  2.295198e+00
     vertex -3.000000e+00 -2.780000e+00  2.295198e+00
   endloop
 endfacet
 facet normal -0.000000e+00  0.000000e+00  1.000000e+00
   outer loop
     vertex -2.950000e+00 -2.950000e+00  2.295198e+00
     vertex -2.780000e+00 -3.000000e+00  2.295198e+00
     vertex -2.850000e+00 -2.950000e+00  2.295198e+00
   endloop
 endfacet
 facet normal  0.000000e+00 -0.000000e+00  1.000000e+00
   outer loop
     vertex -2.950000e+00 -2.950000e+00  2.295198e+00
     vertex -2.950000e+00 -2.850000e+00  2.295198e+00
     vertex -3.000000e+00 -2.780000e+00  2.295198e+00
   endloop
 endfacet
 facet normal  0.000000e+00  0.000000e+00  1.000000e+00
   outer loop
     vertex -3.085000e+00 -3.085000e+00  2.295198e+00
     vertex -2.780000e+00 -3.000000e+00  2.295198e+00
     vertex -2.950000e+00 -2.950000e+00  2.295198e+00
   endloop
 endfacet
 facet normal  0.000000e+00  0.000000e+00  1.000000e+00
   outer loop
     vertex -3.085000e+00 -3.085000e+00  2.295198e+00
     vertex -2.950000e+00 -2.950000e+00  2.295198e+00
     vertex -3.000000e+00 -2.780000e+00  2.295198e+00
   endloop
 endfacet
 facet normal  0.000000e+00  0.000000e+00  1.000000e+00
   outer loop
     vertex -3.085000e+00 -3.085000e+00  2.295198e+00
     vertex  3.085000e+00 -3.085000e+00  2.295198e+00
     vertex  2.780000e+00 -3.000000e+00  2.295198e+00
   endloop
 endfacet
 facet normal  0.000000e+00  0.000000e+00  1.000000e+00
   outer loop
     vertex -3.085000e+00 -3.085000e+00  2.295198e+00
     vertex  2.780000e+00 -3.000000e+00  2.295198e+00
     vertex -2.780000e+00 -3.000000e+00  2.295198e+00
   endloop
 endfacet
 facet normal  3.357448e-15 -9.356823e-16  1.000000e+00
   outer loop
     vertex  3.085000e+00 -3.085000e+00  2.295198e+00
     vertex  3.085000e+00  3.085000e+00  2.295198e+00
     vertex  3.000000e+00  2.780000e+00  2.295198e+00
   endloop
 endfacet
 facet normal -3.725801e-15 -1.038338e-15  1.000000e+00
   outer loop
     vertex  3.085000e+00 -3.085000e+00  2.295198e+00
     vertex  3.000000e+00  2.780000e+00  2.295198e+00
     vertex  3.000000e+00 -2.780000e+00  2.295198e+00
   endloop
 endfacet
 facet normal  3.357448e-15 -9.356823e-16  1.000000e+00
   outer loop
     vertex -3.085000e+00  3.085000e+00  2.295198e+00
     vertex -3.085000e+00 -3.085000e+00  2.295198e+00
     vertex -3.000000e+00 -2.780000e+00  2.295198e+00
   endloop
 endfacet
 facet normal -3.725801e-15 -1.038338e-15  1.000000e+00
   outer loop
     vertex -3.085000e+00  3.085000e+00  2.295198e+00
     vertex -3.000000e+00 -2.780000e+00  2.295198e+00
     vertex -3.000000e+00  2.780000e+00  2.295198e+00
   endloop
 endfacet
 facet normal -1.000000e+00  0.000000e+00  0.000000e+00
   outer loop
     vertex -3.085000e+00  3.085000e+00  2.295198e+00
     vertex -3.085000e+00 -3.085000e+00  2.095198e+00
     vertex -3.085000e+00 -3.085000e+00  2.295198e+00
   endloop
 endfacet
 facet normal -1.000000e+00  0.000000e+00 -0.000000e+00
   outer loop
     vertex -3.085000e+00  3.085000e+00  2.295198e+00
     vertex -3.085000e+00  3.085000e+00  2.095198e+00
     vertex -3.085000e+00 -3.085000e+00  2.095198e+00
   endloop
 endfacet
 facet normal  0.000000e+00  1.000000e+00  0.000000e+00
   outer loop
     vertex  3.085000e+00  3.085000e+00  2.295198e+00
     vertex -3.085000e+00  3.085000e+00  2.095198e+00
     vertex -3.085000e+00  3.085000e+00  2.295198e+00
   endloop
 endfacet
 facet normal  0.000000e+00  1.000000e+00  0.000000e+00
   outer loop
     vertex  3.085000e+00  3.085000e+00  2.295198e+00
     vertex  3.085000e+00  3.085000e+00  2.095198e+00
     vertex -3.085000e+00  3.085000e+00  2.095198e+00
   endloop
 endfacet
 facet normal  1.000000e+00  0.000000e+00  0.000000e+00
   outer loop
     vertex  3.085000e+00  3.085000e+00  2.295198e+00
     vertex  3.085000e+00 -3.085000e+00  2.295198e+00
     vertex  3.085000e+00 -3.085000e+00  2.095198e+00
   endloop
 endfacet
 facet normal  1.000000e+00  0.000000e+00  0.000000e+00
   outer loop
     vertex  3.085000e+00  3.085000e+00  2.295198e+00
     vertex  3.085000e+00 -3.085000e+00  2.095198e+00
     vertex  3.085000e+00  3.085000e+00  2.095198e+00
   endloop
 endfacet
 facet normal  0.000000e+00 -1.000000e+00  0.000000e+00
   outer loop
     vertex -3.085000e+00 -3.085000e+00  2.295198e+00
     vertex  3.085000e+00 -3.085000e+00  2.095198e+00
     vertex  3.085000e+00 -3.085000e+00  2.295198e+00
   endloop
 endfacet
 facet normal  0.000000e+00 -1.000000e+00  0.000000e+00
   outer loop
     vertex -3.085000e+00 -3.085000e+00  2.295198e+00
     vertex -3.085000e+00 -3.085000e+00  2.095198e+00
     vertex  3.085000e+00 -3.085000e+00  2.095198e+00
   endloop
 endfacet
 facet normal  0.000000e+00  0.000000e+00 -1.000000e+00
   outer loop
     vertex -2.950000e+00  2.850000e+00  2.195198e+00
     vertex -2.850000e+00  2.950000e+00  2.195198e+00
     vertex -2.850000e+00  2.850000e+00  2.195198e+00
   endloop
 endfacet
 facet normal  0.000000e+00  0.000000e+00 -1.000000e+00
   outer loop
     vertex -2.950000e+00  2.850000e+00  2.195198e+00
     vertex -2.950000e+00  2.950000e+00  2.195198e+00
     vertex -2.850000e+00  2.950000e+00  2.195198e+00
   endloop
 endfacet
 facet normal  0.000000e+00  0.000000e+00  1.000000e+00
   outer loop
     vertex -2.950000e+00  2.850000e+00  2.295198e+00
     vertex -2.850000e+00  2.850000e+00  2.295198e+00
     vertex -2.850000e+00  2.950000e+00  2.295198e+00
   endloop
 endfacet
 facet normal  0.000000e+00  0.000000e+00  1.000000e+00
   outer loop
     vertex -2.950000e+00  2.850000e+00  2.295198e+00
     vertex -2.850000e+00  2.950000e+00  2.295198e+00
     vertex -2.950000e+00  2.950000e+00  2.295198e+00
   endloop
 endfacet
 facet normal  0.000000e+00  1.000000e+00 -0.000000e+00
   outer loop
     vertex -2.850000e+00  2.950000e+00  2.195198e+00
     vertex -2.950000e+00  2.950000e+00  2.295198e+00
     vertex -2.850000e+00  2.950000e+00  2.295198e+00
   endloop
 endfacet
 facet normal  0.000000e+00  1.000000e+00  0.000000e+00
   outer loop
     vertex -2.850000e+00  2.950000e+00  2.195198e+00
     vertex -2.950000e+00  2.950000e+00  2.195198e+00
     vertex -2.950000e+00  2.950000e+00  2.295198e+00
   endloop
 endfacet
 facet normal  1.000000e+00  0.000000e+00  0.000000e+00
   outer loop
     vertex -2.850000e+00  2.950000e+00  2.295198e+00
     vertex -2.850000e+00  2.850000e+00  2.295198e+00
     vertex -2.850000e+00  2.850000e+00  2.195198e+00
   endloop
 endfacet
 facet normal  1.000000e+00  0.000000e+00  0.000000e+00
   outer loop
     vertex -2.850000e+00  2.950000e+00  2.295198e+00
     vertex -2.850000e+00  2.850000e+00  2.195198e+00
     vertex -2.850000e+00  2.950000e+00  2.195198e+00
   endloop
 endfacet
 facet normal  0.000000e+00 -1.000000e+00  0.000000e+00
   outer loop
     vertex -2.950000e+00  2.850000e+00  2.295198e+00
     vertex -2.850000e+00  2.850000e+00  2.195198e+00
     vertex -2.850000e+00  2.850000e+00  2.295198e+00
   endloop
 endfacet
 facet normal  0.000000e+00 -1.000000e+00  0.000000e+00
   outer loop
     vertex -2.950000e+00  2.850000e+00  2.295198e+00
     vertex -2.950000e+00  2.850000e+00  2.195198e+00
     vertex -2.850000e+00  2.850000e+00  2.195198e+00
   endloop
 endfacet
 facet normal -1.000000e+00 -0.000000e+00  0.000000e+00
   outer loop
     vertex -2.950000e+00  2.950000e+00  2.295198e+00
     vertex -2.950000e+00  2.850000e+00  2.195198e+00
     vertex -2.950000e+00  2.850000e+00  2.295198e+00
   endloop
 endfacet
 facet normal -1.000000e+00  0.000000e+00 -0.000000e+00
   outer loop
     vertex -2.950000e+00  2.950000e+00  2.295198e+00
     vertex -2.950000e+00  2.950000e+00  2.195198e+00
     vertex -2.950000e+00  2.850000e+00  2.195198e+00
   endloop
 endfacet
 facet normal  0.000000e+00  0.000000e+00 -1.000000e+00
   outer loop
     vertex  2.975882e+00  1.396593e+00  1.595198e+00
     vertex  3.000000e+00  1.386603e+00  1.595198e+00
     vertex  3.020711e+00  1.370711e+00  1.595198e+00
   endloop
 endfacet
 facet normal  0.000000e+00  0.000000e+00 -1.000000e+00
   outer loop
     vertex  1.325882e+00  3.046593e+00  1.595198e+00
     vertex  1.370711e+00  3.020711e+00  1.595198e+00
     vertex  1.386603e+00  3.000000e+00  1.595198e+00
   endloop
 endfacet
 facet normal  0.000000e+00  0.000000e+00 -1.000000e+00
   outer loop
     vertex  1.325882e+00  3.046593e+00  1.595198e+00
     vertex  1.350000e+00  3.036603e+00  1.595198e+00
     vertex  1.370711e+00  3.020711e+00  1.595198e+00
   endloop
 endfacet
 facet normal  0.000000e+00  0.000000e+00 -1.000000e+00
   outer loop
     vertex  1.300000e+00  3.050000e+00  1.595198e+00
     vertex  1.386603e+00  3.000000e+00  1.595198e+00
     vertex  1.396593e+00  2.975882e+00  1.595198e+00
   endloop
 endfacet
 facet normal  0.000000e+00  0.000000e+00 -1.000000e+00
   outer loop
     vertex  1.300000e+00  3.050000e+00  1.595198e+00
     vertex  1.325882e+00  3.046593e+00  1.595198e+00
     vertex  1.386603e+00  3.000000e+00  1.595198e+00
   endloop
 endfacet
 facet normal  0.000000e+00  0.000000e+00 -1.000000e+00
   outer loop
     vertex  3.050000e+00  1.300000e+00  1.595198e+00
     vertex  3.036603e+00  1.350000e+00  1.595198e+00
     vertex  3.046593e+00  1.325882e+00  1.595198e+00
   endloop
 endfacet
 facet normal  0.000000e+00  0.000000e+00 -1.000000e+00
   outer loop
     vertex  3.050000e+00  1.300000e+00  1.595198e+00
     vertex  3.020711e+00  1.370711e+00  1.595198e+00
     vertex  3.036603e+00  1.350000e+00  1.595198e+00
   endloop
 endfacet
 facet normal  0.000000e+00  0.000000e+00 -1.000000e+00
   outer loop
     vertex  3.050000e+00  1.300000e+00  1.595198e+00
     vertex  2.975882e+00  1.396593e+00  1.595198e+00
     vertex  3.020711e+00  1.370711e+00  1.595198e+00
   endloop
 endfacet
 facet normal  0.000000e+00  0.000000e+00 -1.000000e+00
   outer loop
     vertex  2.950000e+00  1.400000e+00  1.595198e+00
     vertex  2.975882e+00  1.396593e+00  1.595198e+00
     vertex  3.050000e+00  1.300000e+00  1.595198e+00
   endloop
 endfacet
 facet normal  0.000000e+00  0.000000e+00 -1.000000e+00
   outer loop
     vertex  1.400000e+00  2.950000e+00  1.595198e+00
     vertex  1.300000e+00  3.050000e+00  1.595198e+00
     vertex  1.396593e+00  2.975882e+00  1.595198e+00
   endloop
 endfacet
 facet normal  0.000000e+00  0.000000e+00 -1.000000e+00
   outer loop
     vertex  1.400000e+00  1.400000e+00  1.595198e+00
     vertex  2.950000e+00  1.400000e+00  1.595198e+00
     vertex  3.050000e+00  1.300000e+00  1.595198e+00
   endloop
 endfacet
 facet normal -1.432546e-16 -1.432546e-16 -1.000000e+00
   outer loop
     vertex  1.400000e+00  1.400000e+00  1.595198e+00
     vertex  1.300000e+00  3.050000e+00  1.595198e+00
     vertex  1.400000e+00  2.950000e+00  1.595198e+00
   endloop
 endfacet
 facet normal  0.000000e+00  0.000000e+00 -1.000000e+00
   outer loop
     vertex -1.370711e+00  3.020711e+00  1.595198e+00
     vertex -1.325882e+00  3.046593e+00  1.595198e+00
     vertex -1.300000e+00  3.050000e+00  1.595198e+00
   endloop
 endfacet
 facet normal  0.000000e+00  0.000000e+00 -1.000000e+00
   outer loop
     vertex -1.370711e+00  3.020711e+00  1.595198e+00
     vertex -1.350000e+00  3.036603e+00  1.595198e+00
     vertex -1.325882e+00  3.046593e+00  1.595198e+00
   endloop
 endfacet
 facet normal  0.000000e+00  0.000000e+00 -1.000000e+00
   outer loop
     vertex  3.020711e+00 -1.370711e+00  1.595198e+00
     vertex  3.046593e+00 -1.325882e+00  1.595198e+00
     vertex  3.036603e+00 -1.350000e+00  1.595198e+00
   endloop
 endfacet
 facet normal  0.000000e+00  0.000000e+00 -1.000000e+00
   outer loop
     vertex -1.396593e+00  2.975882e+00  1.595198e+00
     vertex -1.386603e+00  3.000000e+00  1.595198e+00
     vertex -1.370711e+00  3.020711e+00  1.595198e+00
   endloop
 endfacet
 facet normal  0.000000e+00  0.000000e+00 -1.000000e+00
   outer loop
     vertex  2.975882e+00 -1.396593e+00  1.595198e+00
     vertex  3.020711e+00 -1.370711e+00  1.595198e+00
     vertex  3.000000e+00 -1.386603e+00  1.595198e+00
   endloop
 endfacet
 facet normal  0.000000e+00  0.000000e+00 -1.000000e+00
   outer loop
     vertex  2.950000e+00 -1.400000e+00  1.595198e+00
     vertex  3.020711e+00 -1.370711e+00  1.595198e+00
     vertex  2.975882e+00 -1.396593e+00  1.595198e+00
   endloop
 endfacet
 facet normal  0.000000e+00  0.000000e+00 -1.000000e+00
   outer loop
     vertex  2.950000e+00 -1.400000e+00  1.595198e+00
     vertex  3.050000e+00 -1.300000e+00  1.595198e+00
     vertex  3.046593e+00 -1.325882e+00  1.595198e+00
   endloop
 endfacet
 facet normal  0.000000e+00  0.000000e+00 -1.000000e+00
   outer loop
     vertex  2.950000e+00 -1.400000e+00  1.595198e+00
     vertex  3.046593e+00 -1.325882e+00  1.595198e+00
     vertex  3.020711e+00 -1.370711e+00  1.595198e+00
   endloop
 endfacet
 facet normal  0.000000e+00  0.000000e+00 -1.000000e+00
   outer loop
     vertex -1.400000e+00  2.950000e+00  1.595198e+00
     vertex -1.396593e+00  2.975882e+00  1.595198e+00
     vertex -1.370711e+00  3.020711e+00  1.595198e+00
   endloop
 endfacet
 facet normal  0.000000e+00  0.000000e+00 -1.000000e+00
   outer loop
     vertex -1.400000e+00  2.950000e+00  1.595198e+00
     vertex -1.370711e+00  3.020711e+00  1.595198e+00
     vertex -1.300000e+00  3.050000e+00  1.595198e+00
   endloop
 endfacet
 facet normal  1.432546e-16 -1.432546e-16 -1.000000e+00
   outer loop
     vertex -1.400000e+00  1.400000e+00  1.595198e+00
     vertex -1.400000e+00  2.950000e+00  1.595198e+00
     vertex -1.300000e+00  3.050000e+00  1.595198e+00
   endloop
 endfacet
 facet normal  0.000000e+00 -1.345725e-16 -1.000000e+00
   outer loop
     vertex -1.400000e+00  1.400000e+00  1.595198e+00
     vertex -1.300000e+00  3.050000e+00  1.595198e+00
     vertex  1.300000e+00  3.050000e+00  1.595198e+00
   endloop
 endfacet
 facet normal  0.000000e+00 -1.345725e-16 -1.000000e+00
   outer loop
     vertex -1.400000e+00  1.400000e+00  1.595198e+00
     vertex  1.300000e+00  3.050000e+00  1.595198e+00
     vertex  1.400000e+00  1.400000e+00  1.595198e+00
   endloop
 endfacet
 facet normal  0.000000e+00  0.000000e+00 -1.000000e+00
   outer loop
     vertex  1.400000e+00 -1.400000e+00  1.595198e+00
     vertex  3.050000e+00 -1.300000e+00  1.595198e+00
     vertex  2.950000e+00 -1.400000e+00  1.595198e+00
   endloop
 endfacet
 facet normal  5.175865e-18 -8.540177e-17 -1.000000e+00
   outer loop
     vertex  1.400000e+00 -1.400000e+00  1.595198e+00
     vertex  3.050000e+00  1.300000e+00  1.595198e+00
     vertex  3.050000e+00 -1.300000e+00  1.595198e+00
   endloop
 endfacet
 facet normal -4.806160e-18 -7.930164e-17 -1.000000e+00
   outer loop
     vertex  1.400000e+00 -1.400000e+00  1.595198e+00
     vertex  1.400000e+00  1.400000e+00  1.595198e+00
     vertex  3.050000e+00  1.300000e+00  1.595198e+00
   endloop
 endfacet
 facet normal  5.643461e-14 -3.258254e-14 -1.000000e+00
   outer loop
     vertex  1.370711e+00 -3.020711e+00  1.595198e+00
     vertex  1.396593e+00 -2.975882e+00  1.595198e+00
     vertex  1.386603e+00 -3.000000e+00  1.595198e+00
   endloop
 endfacet
 facet normal  0.000000e+00  0.000000e+00 -1.000000e+00
   outer loop
     vertex -3.020711e+00  1.370711e+00  1.595198e+00
     vertex -2.975882e+00  1.396593e+00  1.595198e+00
     vertex -2.950000e+00  1.400000e+00  1.595198e+00
   endloop
 endfacet
 facet normal  0.000000e+00  0.000000e+00 -1.000000e+00
   outer loop
     vertex -3.020711e+00  1.370711e+00  1.595198e+00
     vertex -3.000000e+00  1.386603e+00  1.595198e+00
     vertex -2.975882e+00  1.396593e+00  1.595198e+00
   endloop
 endfacet
 facet normal  0.000000e+00  0.000000e+00 -1.000000e+00
   outer loop
     vertex  1.350000e+00 -3.036603e+00  1.595198e+00
     vertex  1.400000e+00 -2.950000e+00  1.595198e+00
     vertex  1.396593e+00 -2.975882e+00  1.595198e+00
   endloop
 endfacet
 facet normal  0.000000e+00  0.000000e+00 -1.000000e+00
   outer loop
     vertex  1.350000e+00 -3.036603e+00  1.595198e+00
     vertex  1.396593e+00 -2.975882e+00  1.595198e+00
     vertex  1.370711e+00 -3.020711e+00  1.595198e+00
   endloop
 endfacet
 facet normal  0.000000e+00  0.000000e+00 -1.000000e+00
   outer loop
     vertex -3.036603e+00  1.350000e+00  1.595198e+00
     vertex -3.020711e+00  1.370711e+00  1.595198e+00
     vertex -2.950000e+00  1.400000e+00  1.595198e+00
   endloop
 endfacet
 facet normal  0.000000e+00  0.000000e+00 -1.000000e+00
   outer loop
     vertex  1.300000e+00 -3.050000e+00  1.595198e+00
     vertex  1.350000e+00 -3.036603e+00  1.595198e+00
     vertex  1.325882e+00 -3.046593e+00  1.595198e+00
   endloop
 endfacet
 facet normal  1.432546e-16 -1.432546e-16 -1.000000e+00
   outer loop
     vertex  1.300000e+00 -3.050000e+00  1.595198e+00
     vertex  1.400000e+00 -1.400000e+00  1.595198e+00
     vertex  1.400000e+00 -2.950000e+00  1.595198e+00
   endloop
 endfacet
 facet normal  0.000000e+00  0.000000e+00 -1.000000e+00
   outer loop
     vertex  1.300000e+00 -3.050000e+00  1.595198e+00
     vertex  1.400000e+00 -2.950000e+00  1.595198e+00
     vertex  1.350000e+00 -3.036603e+00  1.595198e+00
   endloop
 endfacet
 facet normal  0.000000e+00  0.000000e+00 -1.000000e+00
   outer loop
     vertex -3.050000e+00  1.300000e+00  1.595198e+00
     vertex -2.950000e+00  1.400000e+00  1.595198e+00
     vertex -1.400000e+00  1.400000e+00  1.595198e+00
   endloop
 endfacet
 facet normal  0.000000e+00  0.000000e+00 -1.000000e+00
   outer loop
     vertex -3.050000e+00  1.300000e+00  1.595198e+00
     vertex -3.046593e+00  1.325882e+00  1.595198e+00
     vertex -3.036603e+00  1.350000e+00  1.595198e+00
   endloop
 endfacet
 facet normal  0.000000e+00  0.000000e+00 -1.000000e+00
   outer loop
     vertex -3.050000e+00  1.300000e+00  1.595198e+00
     vertex -3.036603e+00  1.350000e+00  1.595198e+00
     vertex -2.950000e+00  1.400000e+00  1.595198e+00
   endloop
 endfacet
 facet normal  0.000000e+00 -7.930164e-17 -1.000000e+00
   outer loop
     vertex -1.400000e+00 -1.400000e+00  1.595198e+00
     vertex  1.400000e+00  1.400000e+00  1.595198e+00
     vertex  1.400000e+00 -1.400000e+00  1.595198e+00
   endloop
 endfacet
 facet normal  0.000000e+00 -7.930164e-17 -1.000000e+00
   outer loop
     vertex -1.400000e+00 -1.400000e+00  1.595198e+00
     vertex -1.400000e+00  1.400000e+00  1.595198e+00
     vertex  1.400000e+00  1.400000e+00  1.595198e+00
   endloop
 endfacet
 facet normal  5.175865e-18 -8.540177e-17 -1.000000e+00
   outer loop
     vertex -3.050000e+00 -1.300000e+00  1.595198e+00
     vertex -3.050000e+00  1.300000e+00  1.595198e+00
     vertex -1.400000e+00  1.400000e+00  1.595198e+00
   endloop
 endfacet
 facet normal -4.806160e-18 -7.930164e-17 -1.000000e+00
   outer loop
     vertex -3.050000e+00 -1.300000e+00  1.595198e+00
     vertex -1.400000e+00  1.400000e+00  1.595198e+00
     vertex -1.400000e+00 -1.400000e+00  1.595198e+00
   endloop
 endfacet
 facet normal  0.000000e+00  0.000000e+00 -1.000000e+00
   outer loop
     vertex -2.950000e+00 -1.400000e+00  1.595198e+00
     vertex -3.050000e+00 -1.300000e+00  1.595198e+00
     vertex -1.400000e+00 -1.400000e+00  1.595198e+00
   endloop
 endfacet
 facet normal -1.432546e-16 -1.432546e-16 -1.000000e+00
   outer loop
     vertex -1.300000e+00 -3.050000e+00  1.595198e+00
     vertex -1.400000e+00 -2.950000e+00  1.595198e+00
     vertex -1.400000e+00 -1.400000e+00  1.595198e+00
   endloop
 endfacet
 facet normal  0.000000e+00 -1.345725e-16 -1.000000e+00
   outer loop
     vertex -1.300000e+00 -3.050000e+00  1.595198e+00
     vertex  1.400000e+00 -1.400000e+00  1.595198e+00
     vertex  1.300000e+00 -3.050000e+00  1.595198e+00
   endloop
 endfacet
 facet normal  0.000000e+00 -1.345725e-16 -1.000000e+00
   outer loop
     vertex -1.300000e+00 -3.050000e+00  1.595198e+00
     vertex -1.400000e+00 -1.400000e+00  1.595198e+00
     vertex  1.400000e+00 -1.400000e+00  1.595198e+00
   endloop
 endfacet
 facet normal -6.066371e-15 -6.066371e-15 -1.000000e+00
   outer loop
     vertex -1.386603e+00 -3.000000e+00  1.595198e+00
     vertex -1.400000e+00 -2.950000e+00  1.595198e+00
     vertex -1.300000e+00 -3.050000e+00  1.595198e+00
   endloop
 endfacet
 facet normal  3.258254e-14  4.289572e-15 -1.000000e+00
   outer loop
     vertex -1.386603e+00 -3.000000e+00  1.595198e+00
     vertex -1.396593e+00 -2.975882e+00  1.595198e+00
     vertex -1.400000e+00 -2.950000e+00  1.595198e+00
   endloop
 endfacet
 facet normal  0.000000e+00  0.000000e+00 -1.000000e+00
   outer loop
     vertex -1.370711e+00 -3.020711e+00  1.595198e+00
     vertex -1.325882e+00 -3.046593e+00  1.595198e+00
     vertex -1.350000e+00 -3.036603e+00  1.595198e+00
   endloop
 endfacet
 facet normal  0.000000e+00  0.000000e+00 -1.000000e+00
   outer loop
     vertex -1.370711e+00 -3.020711e+00  1.595198e+00
     vertex -1.300000e+00 -3.050000e+00  1.595198e+00
     vertex -1.325882e+00 -3.046593e+00  1.595198e+00
   endloop
 endfacet
 facet normal  6.510018e-15  1.571657e-14 -1.000000e+00
   outer loop
     vertex -1.370711e+00 -3.020711e+00  1.595198e+00
     vertex -1.386603e+00 -3.000000e+00  1.595198e+00
     vertex -1.300000e+00 -3.050000e+00  1.595198e+00
   endloop
 endfacet
 facet normal  0.000000e+00  0.000000e+00 -1.000000e+00
   outer loop
     vertex -3.020711e+00 -1.370711e+00  1.595198e+00
     vertex -3.046593e+00 -1.325882e+00  1.595198e+00
     vertex -3.050000e+00 -1.300000e+00  1.595198e+00
   endloop
 endfacet
 facet normal  0.000000e+00  0.000000e+00 -1.000000e+00
   outer loop
     vertex -3.020711e+00 -1.370711e+00  1.595198e+00
     vertex -3.036603e+00 -1.350000e+00  1.595198e+00
     vertex -3.046593e+00 -1.325882e+00  1.595198e+00
   endloop
 endfacet
 facet normal  0.000000e+00  0.000000e+00 -1.000000e+00
   outer loop
     vertex -3.020711e+00 -1.370711e+00  1.595198e+00
     vertex -2.975882e+00 -1.396593e+00  1.595198e+00
     vertex -3.000000e+00 -1.386603e+00  1.595198e+00
   endloop
 endfacet
 facet normal  0.000000e+00  0.000000e+00 -1.000000e+00
   outer loop
     vertex -3.020711e+00 -1.370711e+00  1.595198e+00
     vertex -2.950000e+00 -1.400000e+00  1.595198e+00
     vertex -2.975882e+00 -1.396593e+00  1.595198e+00
   endloop
 endfacet
 facet normal  0.000000e+00  0.000000e+00 -1.000000e+00
   outer loop
     vertex -3.020711e+00 -1.370711e+00  1.595198e+00
     vertex -3.050000e+00 -1.300000e+00  1.595198e+00
     vertex -2.950000e+00 -1.400000e+00  1.595198e+00
   endloop
 endfacet
 facet normal -1.305262e-01  9.914449e-01  1.152512e-15
   outer loop
     vertex -1.325882e+00  3.046593e+00  1.645198e+00
     vertex -1.300000e+00  3.050000e+00  1.645198e+00
     vertex -1.300000e+00  3.050000e+00  1.595198e+00
   endloop
 endfacet
 facet normal -1.305262e-01  9.914449e-01 -8.805799e-15
   outer loop
     vertex -1.325882e+00  3.046593e+00  1.645198e+00
     vertex -1.300000e+00  3.050000e+00  1.595198e+00
     vertex -1.325882e+00  3.046593e+00  1.595198e+00
   endloop
 endfacet
 facet normal -3.826834e-01  9.238795e-01 -9.905154e-15
   outer loop
     vertex -1.350000e+00  3.036603e+00  1.645198e+00
     vertex -1.325882e+00  3.046593e+00  1.595198e+00
     vertex -1.350000e+00  3.036603e+00  1.595198e+00
   endloop
 endfacet
 facet normal -3.826834e-01  9.238795e-01 -8.202566e-15
   outer loop
     vertex -1.350000e+00  3.036603e+00  1.645198e+00
     vertex -1.325882e+00  3.046593e+00  1.645198e+00
     vertex -1.325882e+00  3.046593e+00  1.595198e+00
   endloop
 endfacet
 facet normal -6.087614e-01  7.933533e-01 -9.749837e-15
   outer loop
     vertex -1.370711e+00  3.020711e+00  1.645198e+00
     vertex -1.350000e+00  3.036603e+00  1.595198e+00
     vertex -1.370711e+00  3.020711e+00  1.595198e+00
   endloop
 endfacet
 facet normal -6.087614e-01  7.933533e-01 -9.760015e-15
   outer loop
     vertex -1.370711e+00  3.020711e+00  1.645198e+00
     vertex -1.350000e+00  3.036603e+00  1.645198e+00
     vertex -1.350000e+00  3.036603e+00  1.595198e+00
   endloop
 endfacet
 facet normal -7.933533e-01  6.087614e-01 -1.245328e-14
   outer loop
     vertex -1.386603e+00  3.000000e+00  1.645198e+00
     vertex -1.370711e+00  3.020711e+00  1.595198e+00
     vertex -1.386603e+00  3.000000e+00  1.595198e+00
   endloop
 endfacet
 facet normal -7.933533e-01  6.087614e-01 -8.929375e-15
   outer loop
     vertex -1.386603e+00  3.000000e+00  1.645198e+00
     vertex -1.370711e+00  3.020711e+00  1.645198e+00
     vertex -1.370711e+00  3.020711e+00  1.595198e+00
   endloop
 endfacet
 facet normal -9.238795e-01  3.826834e-01 -8.205699e-15
   outer loop
     vertex -1.396593e+00  2.975882e+00  1.645198e+00
     vertex -1.386603e+00  3.000000e+00  1.595198e+00
     vertex -1.396593e+00  2.975882e+00  1.595198e+00
   endloop
 endfacet
 facet normal -9.238795e-01  3.826834e-01 -1.160819e-14
   outer loop
     vertex -1.396593e+00  2.975882e+00  1.645198e+00
     vertex -1.386603e+00  3.000000e+00  1.645198e+00
     vertex -1.386603e+00  3.000000e+00  1.595198e+00
   endloop
 endfacet
 facet normal -9.914449e-01  1.305262e-01  0.000000e+00
   outer loop
     vertex -1.400000e+00  2.950000e+00  1.645198e+00
     vertex -1.396593e+00  2.975882e+00  1.595198e+00
     vertex -1.400000e+00  2.950000e+00  1.595198e+00
   endloop
 endfacet
 facet normal -9.914449e-01  1.305262e-01 -8.804779e-15
   outer loop
     vertex -1.400000e+00  2.950000e+00  1.645198e+00
     vertex -1.396593e+00  2.975882e+00  1.645198e+00
     vertex -1.396593e+00  2.975882e+00  1.595198e+00
   endloop
 endfacet
 facet normal  0.000000e+00  1.000000e+00 -0.000000e+00
   outer loop
     vertex  1.300000e+00  3.050000e+00  1.595198e+00
     vertex -1.300000e+00  3.050000e+00  1.645198e+00
     vertex  1.300000e+00  3.050000e+00  1.645198e+00
   endloop
 endfacet
 facet normal  0.000000e+00  1.000000e+00  0.000000e+00
   outer loop
     vertex  1.300000e+00  3.050000e+00  1.595198e+00
     vertex -1.300000e+00  3.050000e+00  1.595198e+00
     vertex -1.300000e+00  3.050000e+00  1.645198e+00
   endloop
 endfacet
 facet normal  9.914449e-01  1.305262e-01 -4.402390e-15
   outer loop
     vertex  1.396593e+00  2.975882e+00  1.645198e+00
     vertex  1.400000e+00  2.950000e+00  1.645198e+00
     vertex  1.400000e+00  2.950000e+00  1.595198e+00
   endloop
 endfacet
 facet normal  9.914449e-01  1.305262e-01 -8.805799e-15
   outer loop
     vertex  1.396593e+00  2.975882e+00  1.645198e+00
     vertex  1.400000e+00  2.950000e+00  1.595198e+00
     vertex  1.396593e+00  2.975882e+00  1.595198e+00
   endloop
 endfacet
 facet normal  9.238795e-01  3.826834e-01 -7.501761e-15
   outer loop
     vertex  1.386603e+00  3.000000e+00  1.645198e+00
     vertex  1.396593e+00  2.975882e+00  1.595198e+00
     vertex  1.386603e+00  3.000000e+00  1.595198e+00
   endloop
 endfacet
 facet normal  9.238795e-01  3.826834e-01 -8.202566e-15
   outer loop
     vertex  1.386603e+00  3.000000e+00  1.645198e+00
     vertex  1.396593e+00  2.975882e+00  1.645198e+00
     vertex  1.396593e+00  2.975882e+00  1.595198e+00
   endloop
 endfacet
 facet normal  7.933533e-01  6.087614e-01 -1.245328e-14
   outer loop
     vertex  1.370711e+00  3.020711e+00  1.645198e+00
     vertex  1.386603e+00  3.000000e+00  1.595198e+00
     vertex  1.370711e+00  3.020711e+00  1.595198e+00
   endloop
 endfacet
 facet normal  7.933533e-01  6.087614e-01 -8.929375e-15
   outer loop
     vertex  1.370711e+00  3.020711e+00  1.645198e+00
     vertex  1.386603e+00  3.000000e+00  1.645198e+00
     vertex  1.386603e+00  3.000000e+00  1.595198e+00
   endloop
 endfacet
 facet normal  6.087614e-01  7.933533e-01 -2.703444e-15
   outer loop
     vertex  1.350000e+00  3.036603e+00  1.645198e+00
     vertex  1.370711e+00  3.020711e+00  1.595198e+00
     vertex  1.350000e+00  3.036603e+00  1.595198e+00
   endloop
 endfacet
 facet normal  6.087614e-01  7.933533e-01 -1.245959e-14
   outer loop
     vertex  1.350000e+00  3.036603e+00  1.645198e+00
     vertex  1.370711e+00  3.020711e+00  1.645198e+00
     vertex  1.370711e+00  3.020711e+00  1.595198e+00
   endloop
 endfacet
 facet normal  3.826834e-01  9.238795e-01 -8.205699e-15
   outer loop
     vertex  1.325882e+00  3.046593e+00  1.645198e+00
     vertex  1.350000e+00  3.036603e+00  1.595198e+00
     vertex  1.325882e+00  3.046593e+00  1.595198e+00
   endloop
 endfacet
 facet normal  3.826834e-01  9.238795e-01 -1.702811e-15
   outer loop
     vertex  1.325882e+00  3.046593e+00  1.645198e+00
     vertex  1.350000e+00  3.036603e+00  1.645198e+00
     vertex  1.350000e+00  3.036603e+00  1.595198e+00
   endloop
 endfacet
 facet normal  1.305262e-01  9.914449e-01  0.000000e+00
   outer loop
     vertex  1.300000e+00  3.050000e+00  1.645198e+00
     vertex  1.325882e+00  3.046593e+00  1.595198e+00
     vertex  1.300000e+00  3.050000e+00  1.595198e+00
   endloop
 endfacet
 facet normal  1.305262e-01  9.914449e-01 -8.804779e-15
   outer loop
     vertex  1.300000e+00  3.050000e+00  1.645198e+00
     vertex  1.325882e+00  3.046593e+00  1.645198e+00
     vertex  1.325882e+00  3.046593e+00  1.595198e+00
   endloop
 endfacet
 facet normal  1.000000e+00 -1.432546e-16 -4.440892e-15
   outer loop
     vertex  1.400000e+00  1.400000e+00  1.645198e+00
     vertex  1.400000e+00  2.950000e+00  1.595198e+00
     vertex  1.400000e+00  2.950000e+00  1.645198e+00
   endloop
 endfacet
 facet normal  1.000000e+00  0.000000e+00  0.000000e+00
   outer loop
     vertex  1.400000e+00  1.400000e+00  1.645198e+00
     vertex  1.400000e+00  1.400000e+00  1.595198e+00
     vertex  1.400000e+00  2.950000e+00  1.595198e+00
   endloop
 endfacet
 facet normal  0.000000e+00  1.000000e+00  0.000000e+00
   outer loop
     vertex  2.950000e+00  1.400000e+00  1.645198e+00
     vertex  1.400000e+00  1.400000e+00  1.595198e+00
     vertex  1.400000e+00  1.400000e+00  1.645198e+00
   endloop
 endfacet
 facet normal  0.000000e+00  1.000000e+00  0.000000e+00
   outer loop
     vertex  2.950000e+00  1.400000e+00  1.645198e+00
     vertex  2.950000e+00  1.400000e+00  1.595198e+00
     vertex  1.400000e+00  1.400000e+00  1.595198e+00
   endloop
 endfacet
 facet normal  9.914449e-01  1.305262e-01  0.000000e+00
   outer loop
     vertex  3.046593e+00  1.325882e+00  1.645198e+00
     vertex  3.050000e+00  1.300000e+00  1.645198e+00
     vertex  3.050000e+00  1.300000e+00  1.595198e+00
   endloop
 endfacet
 facet normal  9.914449e-01  1.305262e-01 -8.805799e-15
   outer loop
     vertex  3.046593e+00  1.325882e+00  1.645198e+00
     vertex  3.050000e+00  1.300000e+00  1.595198e+00
     vertex  3.046593e+00  1.325882e+00  1.595198e+00
   endloop
 endfacet
 facet normal  9.238795e-01  3.826834e-01 -8.205699e-15
   outer loop
     vertex  3.036603e+00  1.350000e+00  1.645198e+00
     vertex  3.046593e+00  1.325882e+00  1.595198e+00
     vertex  3.036603e+00  1.350000e+00  1.595198e+00
   endloop
 endfacet
 facet normal  9.238795e-01  3.826834e-01 -8.202566e-15
   outer loop
     vertex  3.036603e+00  1.350000e+00  1.645198e+00
     vertex  3.046593e+00  1.325882e+00  1.645198e+00
     vertex  3.046593e+00  1.325882e+00  1.595198e+00
   endloop
 endfacet
 facet normal  7.933533e-01  6.087614e-01 -2.703444e-15
   outer loop
     vertex  3.020711e+00  1.370711e+00  1.645198e+00
     vertex  3.036603e+00  1.350000e+00  1.595198e+00
     vertex  3.020711e+00  1.370711e+00  1.595198e+00
   endloop
 endfacet
 facet normal  7.933533e-01  6.087614e-01 -7.060436e-15
   outer loop
     vertex  3.020711e+00  1.370711e+00  1.645198e+00
     vertex  3.036603e+00  1.350000e+00  1.645198e+00
     vertex  3.036603e+00  1.350000e+00  1.595198e+00
   endloop
 endfacet
 facet normal  6.087614e-01  7.933533e-01 -3.523197e-15
   outer loop
     vertex  3.000000e+00  1.386603e+00  1.645198e+00
     vertex  3.020711e+00  1.370711e+00  1.595198e+00
     vertex  3.000000e+00  1.386603e+00  1.595198e+00
   endloop
 endfacet
 facet normal  6.087614e-01  7.933533e-01 -3.530218e-15
   outer loop
     vertex  3.000000e+00  1.386603e+00  1.645198e+00
     vertex  3.020711e+00  1.370711e+00  1.645198e+00
     vertex  3.020711e+00  1.370711e+00  1.595198e+00
   endloop
 endfacet
 facet normal  3.826834e-01  9.238795e-01 -7.501761e-15
   outer loop
     vertex  2.975882e+00  1.396593e+00  1.645198e+00
     vertex  3.000000e+00  1.386603e+00  1.595198e+00
     vertex  2.975882e+00  1.396593e+00  1.595198e+00
   endloop
 endfacet
 facet normal  3.826834e-01  9.238795e-01 -4.111666e-15
   outer loop
     vertex  2.975882e+00  1.396593e+00  1.645198e+00
     vertex  3.000000e+00  1.386603e+00  1.645198e+00
     vertex  3.000000e+00  1.386603e+00  1.595198e+00
   endloop
 endfacet
 facet normal  1.305262e-01  9.914449e-01  0.000000e+00
   outer loop
     vertex  2.950000e+00  1.400000e+00  1.645198e+00
     vertex  2.975882e+00  1.396593e+00  1.595198e+00
     vertex  2.950000e+00  1.400000e+00  1.595198e+00
   endloop
 endfacet
 facet normal  1.305262e-01  9.914449e-01 -5.565285e-15
   outer loop
     vertex  2.950000e+00  1.400000e+00  1.645198e+00
     vertex  2.975882e+00  1.396593e+00  1.645198e+00
     vertex  2.975882e+00  1.396593e+00  1.595198e+00
   endloop
 endfacet
 facet normal  1.000000e+00  0.000000e+00  0.000000e+00
   outer loop
     vertex  3.050000e+00  1.300000e+00  1.645198e+00
     vertex  3.050000e+00 -1.300000e+00  1.595198e+00
     vertex  3.050000e+00  1.300000e+00  1.595198e+00
   endloop
 endfacet
 facet normal  1.000000e+00  0.000000e+00  0.000000e+00
   outer loop
     vertex  3.050000e+00  1.300000e+00  1.645198e+00
     vertex  3.050000e+00 -1.300000e+00  1.645198e+00
     vertex  3.050000e+00 -1.300000e+00  1.595198e+00
   endloop
 endfacet
 facet normal  1.305262e-01 -9.914449e-01 -4.402390e-15
   outer loop
     vertex  2.975882e+00 -1.396593e+00  1.645198e+00
     vertex  2.950000e+00 -1.400000e+00  1.645198e+00
     vertex  2.950000e+00 -1.400000e+00  1.595198e+00
   endloop
 endfacet
 facet normal  1.305262e-01 -9.914449e-01 -4.402900e-15
   outer loop
     vertex  2.975882e+00 -1.396593e+00  1.645198e+00
     vertex  2.950000e+00 -1.400000e+00  1.595198e+00
     vertex  2.975882e+00 -1.396593e+00  1.595198e+00
   endloop
 endfacet
 facet normal  3.826834e-01 -9.238795e-01 -7.501761e-15
   outer loop
     vertex  3.000000e+00 -1.386603e+00  1.645198e+00
     vertex  2.975882e+00 -1.396593e+00  1.595198e+00
     vertex  3.000000e+00 -1.386603e+00  1.595198e+00
   endloop
 endfacet
 facet normal  3.826834e-01 -9.238795e-01 -4.111666e-15
   outer loop
     vertex  3.000000e+00 -1.386603e+00  1.645198e+00
     vertex  2.975882e+00 -1.396593e+00  1.645198e+00
     vertex  2.975882e+00 -1.396593e+00  1.595198e+00
   endloop
 endfacet
 facet normal  6.087614e-01 -7.933533e-01 -5.406888e-15
   outer loop
     vertex  3.020711e+00 -1.370711e+00  1.645198e+00
     vertex  3.000000e+00 -1.386603e+00  1.595198e+00
     vertex  3.020711e+00 -1.370711e+00  1.595198e+00
   endloop
 endfacet
 facet normal  6.087614e-01 -7.933533e-01 -8.929375e-15
   outer loop
     vertex  3.020711e+00 -1.370711e+00  1.645198e+00
     vertex  3.000000e+00 -1.386603e+00  1.645198e+00
     vertex  3.000000e+00 -1.386603e+00  1.595198e+00
   endloop
 endfacet
 facet normal  7.933533e-01 -6.087614e-01 -7.046393e-15
   outer loop
     vertex  3.036603e+00 -1.350000e+00  1.645198e+00
     vertex  3.020711e+00 -1.370711e+00  1.595198e+00
     vertex  3.036603e+00 -1.350000e+00  1.595198e+00
   endloop
 endfacet
 facet normal  7.933533e-01 -6.087614e-01 -7.018904e-15
   outer loop
     vertex  3.036603e+00 -1.350000e+00  1.645198e+00
     vertex  3.020711e+00 -1.370711e+00  1.645198e+00
     vertex  3.020711e+00 -1.370711e+00  1.595198e+00
   endloop
 endfacet
 facet normal  9.238795e-01 -3.826834e-01 -8.205699e-15
   outer loop
     vertex  3.046593e+00 -1.325882e+00  1.645198e+00
     vertex  3.036603e+00 -1.350000e+00  1.595198e+00
     vertex  3.046593e+00 -1.325882e+00  1.595198e+00
   endloop
 endfacet
 facet normal  9.238795e-01 -3.826834e-01 -8.223332e-15
   outer loop
     vertex  3.046593e+00 -1.325882e+00  1.645198e+00
     vertex  3.036603e+00 -1.350000e+00  1.645198e+00
     vertex  3.036603e+00 -1.350000e+00  1.595198e+00
   endloop
 endfacet
 facet normal  9.914449e-01 -1.305262e-01  0.000000e+00
   outer loop
     vertex  3.050000e+00 -1.300000e+00  1.645198e+00
     vertex  3.046593e+00 -1.325882e+00  1.595198e+00
     vertex  3.050000e+00 -1.300000e+00  1.595198e+00
   endloop
 endfacet
 facet normal  9.914449e-01 -1.305262e-01 -8.804779e-15
   outer loop
     vertex  3.050000e+00 -1.300000e+00  1.645198e+00
     vertex  3.046593e+00 -1.325882e+00  1.645198e+00
     vertex  3.046593e+00 -1.325882e+00  1.595198e+00
   endloop
 endfacet
 facet normal -1.432546e-16 -1.000000e+00 -4.440892e-15
   outer loop
     vertex  1.400000e+00 -1.400000e+00  1.645198e+00
     vertex  2.950000e+00 -1.400000e+00  1.595198e+00
     vertex  2.950000e+00 -1.400000e+00  1.645198e+00
   endloop
 endfacet
 facet normal  0.000000e+00 -1.000000e+00  0.000000e+00
   outer loop
     vertex  1.400000e+00 -1.400000e+00  1.645198e+00
     vertex  1.400000e+00 -1.400000e+00  1.595198e+00
     vertex  2.950000e+00 -1.400000e+00  1.595198e+00
   endloop
 endfacet
 facet normal  1.000000e+00  0.000000e+00 -0.000000e+00
   outer loop
     vertex  1.400000e+00 -1.400000e+00  1.595198e+00
     vertex  1.400000e+00 -1.400000e+00  1.645198e+00
     vertex  1.400000e+00 -2.950000e+00  1.645198e+00
   endloop
 endfacet
 facet normal  1.000000e+00  0.000000e+00  0.000000e+00
   outer loop
     vertex  1.400000e+00 -1.400000e+00  1.595198e+00
     vertex  1.400000e+00 -2.950000e+00  1.645198e+00
     vertex  1.400000e+00 -2.950000e+00  1.595198e+00
   endloop
 endfacet
 facet normal  1.305262e-01 -9.914449e-01  0.000000e+00
   outer loop
     vertex  1.325882e+00 -3.046593e+00  1.645198e+00
     vertex  1.300000e+00 -3.050000e+00  1.645198e+00
     vertex  1.300000e+00 -3.050000e+00  1.595198e+00
   endloop
 endfacet
 facet normal  1.305262e-01 -9.914449e-01 -8.805799e-15
   outer loop
     vertex  1.325882e+00 -3.046593e+00  1.645198e+00
     vertex  1.300000e+00 -3.050000e+00  1.595198e+00
     vertex  1.325882e+00 -3.046593e+00  1.595198e+00
   endloop
 endfacet
 facet normal  3.826834e-01 -9.238795e-01 -9.905154e-15
   outer loop
     vertex  1.350000e+00 -3.036603e+00  1.645198e+00
     vertex  1.325882e+00 -3.046593e+00  1.595198e+00
     vertex  1.350000e+00 -3.036603e+00  1.595198e+00
   endloop
 endfacet
 facet normal  3.826834e-01 -9.238795e-01 -8.202566e-15
   outer loop
     vertex  1.350000e+00 -3.036603e+00  1.645198e+00
     vertex  1.325882e+00 -3.046593e+00  1.645198e+00
     vertex  1.325882e+00 -3.046593e+00  1.595198e+00
   endloop
 endfacet
 facet normal  6.087614e-01 -7.933533e-01 -9.749837e-15
   outer loop
     vertex  1.370711e+00 -3.020711e+00  1.645198e+00
     vertex  1.350000e+00 -3.036603e+00  1.595198e+00
     vertex  1.370711e+00 -3.020711e+00  1.595198e+00
   endloop
 endfacet
 facet normal  6.087614e-01 -7.933533e-01 -9.760015e-15
   outer loop
     vertex  1.370711e+00 -3.020711e+00  1.645198e+00
     vertex  1.350000e+00 -3.036603e+00  1.645198e+00
     vertex  1.350000e+00 -3.036603e+00  1.595198e+00
   endloop
 endfacet
 facet normal  7.933533e-01 -6.087614e-01 -1.245328e-14
   outer loop
     vertex  1.386603e+00 -3.000000e+00  1.645198e+00
     vertex  1.370711e+00 -3.020711e+00  1.595198e+00
     vertex  1.386603e+00 -3.000000e+00  1.595198e+00
   endloop
 endfacet
 facet normal  7.933533e-01 -6.087614e-01 -8.929375e-15
   outer loop
     vertex  1.386603e+00 -3.000000e+00  1.645198e+00
     vertex  1.370711e+00 -3.020711e+00  1.645198e+00
     vertex  1.370711e+00 -3.020711e+00  1.595198e+00
   endloop
 endfacet
 facet normal  9.238795e-01 -3.826834e-01 -8.205699e-15
   outer loop
     vertex  1.396593e+00 -2.975882e+00  1.645198e+00
     vertex  1.386603e+00 -3.000000e+00  1.595198e+00
     vertex  1.396593e+00 -2.975882e+00  1.595198e+00
   endloop
 endfacet
 facet normal  9.238795e-01 -3.826834e-01 -1.160819e-14
   outer loop
     vertex  1.396593e+00 -2.975882e+00  1.645198e+00
     vertex  1.386603e+00 -3.000000e+00  1.645198e+00
     vertex  1.386603e+00 -3.000000e+00  1.595198e+00
   endloop
 endfacet
 facet normal  9.914449e-01 -1.305262e-01  0.000000e+00
   outer loop
     vertex  1.400000e+00 -2.950000e+00  1.645198e+00
     vertex  1.396593e+00 -2.975882e+00  1.595198e+00
     vertex  1.400000e+00 -2.950000e+00  1.595198e+00
   endloop
 endfacet
 facet normal  9.914449e-01 -1.305262e-01 -8.804779e-15
   outer loop
     vertex  1.400000e+00 -2.950000e+00  1.645198e+00
     vertex  1.396593e+00 -2.975882e+00  1.645198e+00
     vertex  1.396593e+00 -2.975882e+00  1.595198e+00
   endloop
 endfacet
 facet normal  0.000000e+00 -1.000000e+00  0.000000e+00
   outer loop
     vertex -1.300000e+00 -3.050000e+00  1.645198e+00
     vertex  1.300000e+00 -3.050000e+00  1.595198e+00
     vertex  1.300000e+00 -3.050000e+00  1.645198e+00
   endloop
 endfacet
 facet normal  0.000000e+00 -1.000000e+00  0.000000e+00
   outer loop
     vertex -1.300000e+00 -3.050000e+00  1.645198e+00
     vertex -1.300000e+00 -3.050000e+00  1.595198e+00
     vertex  1.300000e+00 -3.050000e+00  1.595198e+00
   endloop
 endfacet
 facet normal -9.914449e-01 -1.305262e-01 -4.402390e-15
   outer loop
     vertex -1.396593e+00 -2.975882e+00  1.645198e+00
     vertex -1.400000e+00 -2.950000e+00  1.645198e+00
     vertex -1.400000e+00 -2.950000e+00  1.595198e+00
   endloop
 endfacet
 facet normal -9.914449e-01 -1.305262e-01 -8.805799e-15
   outer loop
     vertex -1.396593e+00 -2.975882e+00  1.645198e+00
     vertex -1.400000e+00 -2.950000e+00  1.595198e+00
     vertex -1.396593e+00 -2.975882e+00  1.595198e+00
   endloop
 endfacet
 facet normal -9.238795e-01 -3.826834e-01 -1.160461e-14
   outer loop
     vertex -1.386603e+00 -3.000000e+00  1.645198e+00
     vertex -1.396593e+00 -2.975882e+00  1.595198e+00
     vertex -1.386603e+00 -3.000000e+00  1.595198e+00
   endloop
 endfacet
 facet normal -9.238795e-01 -3.826834e-01 -8.202566e-15
   outer loop
     vertex -1.386603e+00 -3.000000e+00  1.645198e+00
     vertex -1.396593e+00 -2.975882e+00  1.645198e+00
     vertex -1.396593e+00 -2.975882e+00  1.595198e+00
   endloop
 endfacet
 facet normal -7.933533e-01 -6.087614e-01 -8.930084e-15
   outer loop
     vertex -1.370711e+00 -3.020711e+00  1.645198e+00
     vertex -1.386603e+00 -3.000000e+00  1.595198e+00
     vertex -1.370711e+00 -3.020711e+00  1.595198e+00
   endloop
 endfacet
 facet normal -7.933533e-01 -6.087614e-01 -1.245959e-14
   outer loop
     vertex -1.370711e+00 -3.020711e+00  1.645198e+00
     vertex -1.386603e+00 -3.000000e+00  1.645198e+00
     vertex -1.386603e+00 -3.000000e+00  1.595198e+00
   endloop
 endfacet
 facet normal -6.087614e-01 -7.933533e-01 -9.749837e-15
   outer loop
     vertex -1.350000e+00 -3.036603e+00  1.645198e+00
     vertex -1.370711e+00 -3.020711e+00  1.595198e+00
     vertex -1.350000e+00 -3.036603e+00  1.595198e+00
   endloop
 endfacet
 facet normal -6.087614e-01 -7.933533e-01 -9.718483e-15
   outer loop
     vertex -1.350000e+00 -3.036603e+00  1.645198e+00
     vertex -1.370711e+00 -3.020711e+00  1.645198e+00
     vertex -1.370711e+00 -3.020711e+00  1.595198e+00
   endloop
 endfacet
 facet normal -3.826834e-01 -9.238795e-01 -8.205699e-15
   outer loop
     vertex -1.325882e+00 -3.046593e+00  1.645198e+00
     vertex -1.350000e+00 -3.036603e+00  1.595198e+00
     vertex -1.325882e+00 -3.046593e+00  1.595198e+00
   endloop
 endfacet
 facet normal -3.826834e-01 -9.238795e-01 -9.905377e-15
   outer loop
     vertex -1.325882e+00 -3.046593e+00  1.645198e+00
     vertex -1.350000e+00 -3.036603e+00  1.645198e+00
     vertex -1.350000e+00 -3.036603e+00  1.595198e+00
   endloop
 endfacet
 facet normal -1.305262e-01 -9.914449e-01 -0.000000e+00
   outer loop
     vertex -1.300000e+00 -3.050000e+00  1.645198e+00
     vertex -1.325882e+00 -3.046593e+00  1.595198e+00
     vertex -1.300000e+00 -3.050000e+00  1.595198e+00
   endloop
 endfacet
 facet normal -1.305262e-01 -9.914449e-01 -8.804779e-15
   outer loop
     vertex -1.300000e+00 -3.050000e+00  1.645198e+00
     vertex -1.325882e+00 -3.046593e+00  1.645198e+00
     vertex -1.325882e+00 -3.046593e+00  1.595198e+00
   endloop
 endfacet
 facet normal -1.000000e+00 -6.361781e-31 -4.440892e-15
   outer loop
     vertex -1.400000e+00 -2.950000e+00  1.645198e+00
     vertex -1.400000e+00 -1.400000e+00  1.595198e+00
     vertex -1.400000e+00 -2.950000e+00  1.595198e+00
   endloop
 endfacet
 facet normal -1.000000e+00  1.432546e-16  0.000000e+00
   outer loop
     vertex -1.400000e+00 -2.950000e+00  1.645198e+00
     vertex -1.400000e+00 -1.400000e+00  1.645198e+00
     vertex -1.400000e+00 -1.400000e+00  1.595198e+00
   endloop
 endfacet
 facet normal  0.000000e+00 -1.000000e+00  0.000000e+00
   outer loop
     vertex -2.950000e+00 -1.400000e+00  1.645198e+00
     vertex -1.400000e+00 -1.400000e+00  1.595198e+00
     vertex -1.400000e+00 -1.400000e+00  1.645198e+00
   endloop
 endfacet
 facet normal  0.000000e+00 -1.000000e+00  0.000000e+00
   outer loop
     vertex -2.950000e+00 -1.400000e+00  1.645198e+00
     vertex -2.950000e+00 -1.400000e+00  1.595198e+00
     vertex -1.400000e+00 -1.400000e+00  1.595198e+00
   endloop
 endfacet
 facet normal -9.914449e-01 -1.305262e-01  0.000000e+00
   outer loop
     vertex -3.046593e+00 -1.325882e+00  1.645198e+00
     vertex -3.050000e+00 -1.300000e+00  1.645198e+00
     vertex -3.050000e+00 -1.300000e+00  1.595198e+00
   endloop
 endfacet
 facet normal -9.914449e-01 -1.305262e-01 -8.805799e-15
   outer loop
     vertex -3.046593e+00 -1.325882e+00  1.645198e+00
     vertex -3.050000e+00 -1.300000e+00  1.595198e+00
     vertex -3.046593e+00 -1.325882e+00  1.595198e+00
   endloop
 endfacet
 facet normal -9.238795e-01 -3.826834e-01 -8.205699e-15
   outer loop
     vertex -3.036603e+00 -1.350000e+00  1.645198e+00
     vertex -3.046593e+00 -1.325882e+00  1.595198e+00
     vertex -3.036603e+00 -1.350000e+00  1.595198e+00
   endloop
 endfacet
 facet normal -9.238795e-01 -3.826834e-01 -8.202566e-15
   outer loop
     vertex -3.036603e+00 -1.350000e+00  1.645198e+00
     vertex -3.046593e+00 -1.325882e+00  1.645198e+00
     vertex -3.046593e+00 -1.325882e+00  1.595198e+00
   endloop
 endfacet
 facet normal -7.933533e-01 -6.087614e-01 -7.046393e-15
   outer loop
     vertex -3.020711e+00 -1.370711e+00  1.645198e+00
     vertex -3.036603e+00 -1.350000e+00  1.595198e+00
     vertex -3.020711e+00 -1.370711e+00  1.595198e+00
   endloop
 endfacet
 facet normal -7.933533e-01 -6.087614e-01 -7.060436e-15
   outer loop
     vertex -3.020711e+00 -1.370711e+00  1.645198e+00
     vertex -3.036603e+00 -1.350000e+00  1.645198e+00
     vertex -3.036603e+00 -1.350000e+00  1.595198e+00
   endloop
 endfacet
 facet normal -6.087614e-01 -7.933533e-01 -8.930084e-15
   outer loop
     vertex -3.000000e+00 -1.386603e+00  1.645198e+00
     vertex -3.020711e+00 -1.370711e+00  1.595198e+00
     vertex -3.000000e+00 -1.386603e+00  1.595198e+00
   endloop
 endfacet
 facet normal -6.087614e-01 -7.933533e-01 -5.399157e-15
   outer loop
     vertex -3.000000e+00 -1.386603e+00  1.645198e+00
     vertex -3.020711e+00 -1.370711e+00  1.645198e+00
     vertex -3.020711e+00 -1.370711e+00  1.595198e+00
   endloop
 endfacet
 facet normal -3.826834e-01 -9.238795e-01 -4.102849e-15
   outer loop
     vertex -2.975882e+00 -1.396593e+00  1.645198e+00
     vertex -3.000000e+00 -1.386603e+00  1.595198e+00
     vertex -2.975882e+00 -1.396593e+00  1.595198e+00
   endloop
 endfacet
 facet normal -3.826834e-01 -9.238795e-01 -7.496522e-15
   outer loop
     vertex -2.975882e+00 -1.396593e+00  1.645198e+00
     vertex -3.000000e+00 -1.386603e+00  1.645198e+00
     vertex -3.000000e+00 -1.386603e+00  1.595198e+00
   endloop
 endfacet
 facet normal -1.305262e-01 -9.914449e-01 -0.000000e+00
   outer loop
     vertex -2.950000e+00 -1.400000e+00  1.645198e+00
     vertex -2.975882e+00 -1.396593e+00  1.595198e+00
     vertex -2.950000e+00 -1.400000e+00  1.595198e+00
   endloop
 endfacet
 facet normal -1.305262e-01 -9.914449e-01 -4.402390e-15
   outer loop
     vertex -2.950000e+00 -1.400000e+00  1.645198e+00
     vertex -2.975882e+00 -1.396593e+00  1.645198e+00
     vertex -2.975882e+00 -1.396593e+00  1.595198e+00
   endloop
 endfacet
 facet normal -1.000000e+00 -0.000000e+00  0.000000e+00
   outer loop
     vertex -3.050000e+00  1.300000e+00  1.645198e+00
     vertex -3.050000e+00 -1.300000e+00  1.595198e+00
     vertex -3.050000e+00 -1.300000e+00  1.645198e+00
   endloop
 endfacet
 facet normal -1.000000e+00  0.000000e+00 -0.000000e+00
   outer loop
     vertex -3.050000e+00  1.300000e+00  1.645198e+00
     vertex -3.050000e+00  1.300000e+00  1.595198e+00
     vertex -3.050000e+00 -1.300000e+00  1.595198e+00
   endloop
 endfacet
 facet normal -1.305262e-01  9.914449e-01 -4.402390e-15
   outer loop
     vertex -2.975882e+00  1.396593e+00  1.645198e+00
     vertex -2.950000e+00  1.400000e+00  1.645198e+00
     vertex -2.950000e+00  1.400000e+00  1.595198e+00
   endloop
 endfacet
 facet normal -1.305262e-01  9.914449e-01 -4.402900e-15
   outer loop
     vertex -2.975882e+00  1.396593e+00  1.645198e+00
     vertex -2.950000e+00  1.400000e+00  1.595198e+00
     vertex -2.975882e+00  1.396593e+00  1.595198e+00
   endloop
 endfacet
 facet normal -3.826834e-01  9.238795e-01 -7.501761e-15
   outer loop
     vertex -3.000000e+00  1.386603e+00  1.645198e+00
     vertex -2.975882e+00  1.396593e+00  1.595198e+00
     vertex -3.000000e+00  1.386603e+00  1.595198e+00
   endloop
 endfacet
 facet normal -3.826834e-01  9.238795e-01 -4.111666e-15
   outer loop
     vertex -3.000000e+00  1.386603e+00  1.645198e+00
     vertex -2.975882e+00  1.396593e+00  1.645198e+00
     vertex -2.975882e+00  1.396593e+00  1.595198e+00
   endloop
 endfacet
 facet normal -6.087614e-01  7.933533e-01 -5.406888e-15
   outer loop
     vertex -3.020711e+00  1.370711e+00  1.645198e+00
     vertex -3.000000e+00  1.386603e+00  1.595198e+00
     vertex -3.020711e+00  1.370711e+00  1.595198e+00
   endloop
 endfacet
 facet normal -6.087614e-01  7.933533e-01 -8.929375e-15
   outer loop
     vertex -3.020711e+00  1.370711e+00  1.645198e+00
     vertex -3.000000e+00  1.386603e+00  1.645198e+00
     vertex -3.000000e+00  1.386603e+00  1.595198e+00
   endloop
 endfacet
 facet normal -7.933533e-01  6.087614e-01 -7.046393e-15
   outer loop
     vertex -3.036603e+00  1.350000e+00  1.645198e+00
     vertex -3.020711e+00  1.370711e+00  1.595198e+00
     vertex -3.036603e+00  1.350000e+00  1.595198e+00
   endloop
 endfacet
 facet normal -7.933533e-01  6.087614e-01 -7.018904e-15
   outer loop
     vertex -3.036603e+00  1.350000e+00  1.645198e+00
     vertex -3.020711e+00  1.370711e+00  1.645198e+00
     vertex -3.020711e+00  1.370711e+00  1.595198e+00
   endloop
 endfacet
 facet normal -9.238795e-01  3.826834e-01 -8.205699e-15
   outer loop
     vertex -3.046593e+00  1.325882e+00  1.645198e+00
     vertex -3.036603e+00  1.350000e+00  1.595198e+00
     vertex -3.046593e+00  1.325882e+00  1.595198e+00
   endloop
 endfacet
 facet normal -9.238795e-01  3.826834e-01 -8.223332e-15
   outer loop
     vertex -3.046593e+00  1.325882e+00  1.645198e+00
     vertex -3.036603e+00  1.350000e+00  1.645198e+00
     vertex -3.036603e+00  1.350000e+00  1.595198e+00
   endloop
 endfacet
 facet normal -9.914449e-01  1.305262e-01  0.000000e+00
   outer loop
     vertex -3.050000e+00  1.300000e+00  1.645198e+00
     vertex -3.046593e+00  1.325882e+00  1.595198e+00
     vertex -3.050000e+00  1.300000e+00  1.595198e+00
   endloop
 endfacet
 facet normal -9.914449e-01  1.305262e-01 -8.804779e-15
   outer loop
     vertex -3.050000e+00  1.300000e+00  1.645198e+00
     vertex -3.046593e+00  1.325882e+00  1.645198e+00
     vertex -3.046593e+00  1.325882e+00  1.595198e+00
   endloop
 endfacet
 facet normal  1.432546e-16  1.000000e+00 -0.000000e+00
   outer loop
     vertex -1.400000e+00  1.400000e+00  1.595198e+00
     vertex -2.950000e+00  1.400000e+00  1.645198e+00
     vertex -1.400000e+00  1.400000e+00  1.645198e+00
   endloop
 endfacet
 facet normal  0.000000e+00  1.000000e+00 -4.440892e-15
   outer loop
     vertex -1.400000e+00  1.400000e+00  1.595198e+00
     vertex -2.950000e+00  1.400000e+00  1.595198e+00
     vertex -2.950000e+00  1.400000e+00  1.645198e+00
   endloop
 endfacet
 facet normal -1.000000e+00 -0.000000e+00  0.000000e+00
   outer loop
     vertex -1.400000e+00  2.950000e+00  1.645198e+00
     vertex -1.400000e+00  1.400000e+00  1.595198e+00
     vertex -1.400000e+00  1.400000e+00  1.645198e+00
   endloop
 endfacet
 facet normal -1.000000e+00  0.000000e+00 -0.000000e+00
   outer loop
     vertex -1.400000e+00  2.950000e+00  1.645198e+00
     vertex -1.400000e+00  2.950000e+00  1.595198e+00
     vertex -1.400000e+00  1.400000e+00  1.595198e+00
   endloop
 endfacet
 facet normal  0.000000e+00  0.000000e+00  1.000000e+00
   outer loop
     vertex  1.386603e+00  3.000000e+00  1.645198e+00
     vertex  1.370711e+00  3.020711e+00  1.645198e+00
     vertex  1.350000e+00  3.036603e+00  1.645198e+00
   endloop
 endfacet
 facet normal -2.557094e-15 -3.366478e-16  1.000000e+00
   outer loop
     vertex  2.950000e+00  1.400000e+00  1.645198e+00
     vertex  3.050000e+00  1.300000e+00  1.645198e+00
     vertex  3.046593e+00  1.325882e+00  1.645198e+00
   endloop
 endfacet
 facet normal -3.369834e-15 -1.395831e-15  1.000000e+00
   outer loop
     vertex  2.950000e+00  1.400000e+00  1.645198e+00
     vertex  3.046593e+00  1.325882e+00  1.645198e+00
     vertex  3.036603e+00  1.350000e+00  1.645198e+00
   endloop
 endfacet
 facet normal  6.510018e-15  1.571657e-14  1.000000e+00
   outer loop
     vertex  2.950000e+00  1.400000e+00  1.645198e+00
     vertex  3.036603e+00  1.350000e+00  1.645198e+00
     vertex  3.020711e+00  1.370711e+00  1.645198e+00
   endloop
 endfacet
 facet normal  0.000000e+00  0.000000e+00  1.000000e+00
   outer loop
     vertex  2.950000e+00  1.400000e+00  1.645198e+00
     vertex  3.020711e+00  1.370711e+00  1.645198e+00
     vertex  3.000000e+00  1.386603e+00  1.645198e+00
   endloop
 endfacet
 facet normal  0.000000e+00  0.000000e+00  1.000000e+00
   outer loop
     vertex  2.950000e+00  1.400000e+00  1.645198e+00
     vertex  3.000000e+00  1.386603e+00  1.645198e+00
     vertex  2.975882e+00  1.396593e+00  1.645198e+00
   endloop
 endfacet
 facet normal  0.000000e+00  0.000000e+00  1.000000e+00
   outer loop
     vertex  1.400000e+00  2.950000e+00  1.645198e+00
     vertex  1.396593e+00  2.975882e+00  1.645198e+00
     vertex  1.386603e+00  3.000000e+00  1.645198e+00
   endloop
 endfacet
 facet normal  0.000000e+00  0.000000e+00  1.000000e+00
   outer loop
     vertex  1.400000e+00  2.950000e+00  1.645198e+00
     vertex  1.350000e+00  3.036603e+00  1.645198e+00
     vertex  1.325882e+00  3.046593e+00  1.645198e+00
   endloop
 endfacet
 facet normal  0.000000e+00  0.000000e+00  1.000000e+00
   outer loop
     vertex  1.400000e+00  2.950000e+00  1.645198e+00
     vertex  1.325882e+00  3.046593e+00  1.645198e+00
     vertex  1.300000e+00  3.050000e+00  1.645198e+00
   endloop
 endfacet
 facet normal  0.000000e+00  0.000000e+00  1.000000e+00
   outer loop
     vertex  1.400000e+00  2.950000e+00  1.645198e+00
     vertex  1.386603e+00  3.000000e+00  1.645198e+00
     vertex  1.350000e+00  3.036603e+00  1.645198e+00
   endloop
 endfacet
 facet normal -0.000000e+00  2.220446e-15  1.000000e+00
   outer loop
     vertex  1.400000e+00  1.400000e+00  1.645198e+00
     vertex  3.050000e+00  1.300000e+00  1.645198e+00
     vertex  2.950000e+00  1.400000e+00  1.645198e+00
   endloop
 endfacet
 facet normal  0.000000e+00 -0.000000e+00  1.000000e+00
   outer loop
     vertex  1.400000e+00  1.400000e+00  1.645198e+00
     vertex  1.400000e+00  2.950000e+00  1.645198e+00
     vertex  1.300000e+00  3.050000e+00  1.645198e+00
   endloop
 endfacet
 facet normal  0.000000e+00  0.000000e+00  1.000000e+00
   outer loop
     vertex  3.036603e+00 -1.350000e+00  1.645198e+00
     vertex  3.046593e+00 -1.325882e+00  1.645198e+00
     vertex  3.050000e+00 -1.300000e+00  1.645198e+00
   endloop
 endfacet
 facet normal  0.000000e+00  0.000000e+00  1.000000e+00
   outer loop
     vertex -1.370711e+00  3.020711e+00  1.645198e+00
     vertex -1.325882e+00  3.046593e+00  1.645198e+00
     vertex -1.350000e+00  3.036603e+00  1.645198e+00
   endloop
 endfacet
 facet normal  0.000000e+00  0.000000e+00  1.000000e+00
   outer loop
     vertex  2.975882e+00 -1.396593e+00  1.645198e+00
     vertex  3.000000e+00 -1.386603e+00  1.645198e+00
     vertex  3.020711e+00 -1.370711e+00  1.645198e+00
   endloop
 endfacet
 facet normal  0.000000e+00  0.000000e+00  1.000000e+00
   outer loop
     vertex  2.975882e+00 -1.396593e+00  1.645198e+00
     vertex  3.020711e+00 -1.370711e+00  1.645198e+00
     vertex  3.036603e+00 -1.350000e+00  1.645198e+00
   endloop
 endfacet
 facet normal  0.000000e+00  0.000000e+00  1.000000e+00
   outer loop
     vertex -1.396593e+00  2.975882e+00  1.645198e+00
     vertex -1.325882e+00  3.046593e+00  1.645198e+00
     vertex -1.370711e+00  3.020711e+00  1.645198e+00
   endloop
 endfacet
 facet normal  0.000000e+00  0.000000e+00  1.000000e+00
   outer loop
     vertex -1.396593e+00  2.975882e+00  1.645198e+00
     vertex -1.370711e+00  3.020711e+00  1.645198e+00
     vertex -1.386603e+00  3.000000e+00  1.645198e+00
   endloop
 endfacet
 facet normal  0.000000e+00  0.000000e+00  1.000000e+00
   outer loop
     vertex  2.950000e+00 -1.400000e+00  1.645198e+00
     vertex  2.975882e+00 -1.396593e+00  1.645198e+00
     vertex  3.036603e+00 -1.350000e+00  1.645198e+00
   endloop
 endfacet
 facet normal  0.000000e+00  0.000000e+00  1.000000e+00
   outer loop
     vertex  2.950000e+00 -1.400000e+00  1.645198e+00
     vertex  3.036603e+00 -1.350000e+00  1.645198e+00
     vertex  3.050000e+00 -1.300000e+00  1.645198e+00
   endloop
 endfacet
 facet normal  0.000000e+00  0.000000e+00  1.000000e+00
   outer loop
     vertex -1.400000e+00  2.950000e+00  1.645198e+00
     vertex -1.300000e+00  3.050000e+00  1.645198e+00
     vertex -1.325882e+00  3.046593e+00  1.645198e+00
   endloop
 endfacet
 facet normal  0.000000e+00  0.000000e+00  1.000000e+00
   outer loop
     vertex -1.400000e+00  2.950000e+00  1.645198e+00
     vertex -1.325882e+00  3.046593e+00  1.645198e+00
     vertex -1.396593e+00  2.975882e+00  1.645198e+00
   endloop
 endfacet
 facet normal -0.000000e+00  0.000000e+00  1.000000e+00
   outer loop
     vertex  1.400000e+00 -1.400000e+00  1.645198e+00
     vertex  2.950000e+00 -1.400000e+00  1.645198e+00
     vertex  3.050000e+00 -1.300000e+00  1.645198e+00
   endloop
 endfacet
 facet normal -5.175865e-18  8.540177e-17  1.000000e+00
   outer loop
     vertex  1.400000e+00 -1.400000e+00  1.645198e+00
     vertex  3.050000e+00 -1.300000e+00  1.645198e+00
     vertex  3.050000e+00  1.300000e+00  1.645198e+00
   endloop
 endfacet
 facet normal -1.249602e-16  1.586033e-16  1.000000e+00
   outer loop
     vertex  1.400000e+00 -1.400000e+00  1.645198e+00
     vertex  3.050000e+00  1.300000e+00  1.645198e+00
     vertex  1.400000e+00  1.400000e+00  1.645198e+00
   endloop
 endfacet
 facet normal  0.000000e+00  0.000000e+00  1.000000e+00
   outer loop
     vertex -1.400000e+00  1.400000e+00  1.645198e+00
     vertex  1.300000e+00  3.050000e+00  1.645198e+00
     vertex -1.300000e+00  3.050000e+00  1.645198e+00
   endloop
 endfacet
 facet normal  0.000000e+00  0.000000e+00  1.000000e+00
   outer loop
     vertex -1.400000e+00  1.400000e+00  1.645198e+00
     vertex -1.300000e+00  3.050000e+00  1.645198e+00
     vertex -1.400000e+00  2.950000e+00  1.645198e+00
   endloop
 endfacet
 facet normal  0.000000e+00  0.000000e+00  1.000000e+00
   outer loop
     vertex -1.400000e+00  1.400000e+00  1.645198e+00
     vertex  1.400000e+00  1.400000e+00  1.645198e+00
     vertex  1.300000e+00  3.050000e+00  1.645198e+00
   endloop
 endfacet
 facet normal  3.258254e-14 -4.289572e-15  1.000000e+00
   outer loop
     vertex  1.386603e+00 -3.000000e+00  1.645198e+00
     vertex  1.396593e+00 -2.975882e+00  1.645198e+00
     vertex  1.400000e+00 -2.950000e+00  1.645198e+00
   endloop
 endfacet
 facet normal  0.000000e+00  0.000000e+00  1.000000e+00
   outer loop
     vertex -3.000000e+00  1.386603e+00  1.645198e+00
     vertex -2.950000e+00  1.400000e+00  1.645198e+00
     vertex -2.975882e+00  1.396593e+00  1.645198e+00
   endloop
 endfacet
 facet normal -3.036209e-14  1.257639e-14  1.000000e+00
   outer loop
     vertex  1.370711e+00 -3.020711e+00  1.645198e+00
     vertex  1.386603e+00 -3.000000e+00  1.645198e+00
     vertex  1.400000e+00 -2.950000e+00  1.645198e+00
   endloop
 endfacet
 facet normal  0.000000e+00  0.000000e+00  1.000000e+00
   outer loop
     vertex  1.325882e+00 -3.046593e+00  1.645198e+00
     vertex  1.350000e+00 -3.036603e+00  1.645198e+00
     vertex  1.370711e+00 -3.020711e+00  1.645198e+00
   endloop
 endfacet
 facet normal  0.000000e+00  0.000000e+00  1.000000e+00
   outer loop
     vertex  1.325882e+00 -3.046593e+00  1.645198e+00
     vertex  1.370711e+00 -3.020711e+00  1.645198e+00
     vertex  1.400000e+00 -2.950000e+00  1.645198e+00
   endloop
 endfacet
 facet normal -6.823724e-15  8.892851e-15  1.000000e+00
   outer loop
     vertex -3.046593e+00  1.325882e+00  1.645198e+00
     vertex -3.000000e+00  1.386603e+00  1.645198e+00
     vertex -3.020711e+00  1.370711e+00  1.645198e+00
   endloop
 endfacet
 facet normal  3.036209e-14 -1.257639e-14  1.000000e+00
   outer loop
     vertex -3.046593e+00  1.325882e+00  1.645198e+00
     vertex -3.020711e+00  1.370711e+00  1.645198e+00
     vertex -3.036603e+00  1.350000e+00  1.645198e+00
   endloop
 endfacet
 facet normal -1.432546e-16  1.432546e-16  1.000000e+00
   outer loop
     vertex  1.300000e+00 -3.050000e+00  1.645198e+00
     vertex  1.400000e+00 -2.950000e+00  1.645198e+00
     vertex  1.400000e+00 -1.400000e+00  1.645198e+00
   endloop
 endfacet
 facet normal  0.000000e+00  0.000000e+00  1.000000e+00
   outer loop
     vertex  1.300000e+00 -3.050000e+00  1.645198e+00
     vertex  1.325882e+00 -3.046593e+00  1.645198e+00
     vertex  1.400000e+00 -2.950000e+00  1.645198e+00
   endloop
 endfacet
 facet normal  3.180891e-31  2.220446e-15  1.000000e+00
   outer loop
     vertex -3.050000e+00  1.300000e+00  1.645198e+00
     vertex -1.400000e+00  1.400000e+00  1.645198e+00
     vertex -2.950000e+00  1.400000e+00  1.645198e+00
   endloop
 endfacet
 facet normal -8.127397e-16  3.033186e-15  1.000000e+00
   outer loop
     vertex -3.050000e+00  1.300000e+00  1.645198e+00
     vertex -2.950000e+00  1.400000e+00  1.645198e+00
     vertex -3.000000e+00  1.386603e+00  1.645198e+00
   endloop
 endfacet
 facet normal  5.752666e-15 -7.573528e-16  1.000000e+00
   outer loop
     vertex -3.050000e+00  1.300000e+00  1.645198e+00
     vertex -3.000000e+00  1.386603e+00  1.645198e+00
     vertex -3.046593e+00  1.325882e+00  1.645198e+00
   endloop
 endfacet
 facet normal -0.000000e+00  1.586033e-16  1.000000e+00
   outer loop
     vertex -1.400000e+00 -1.400000e+00  1.645198e+00
     vertex  1.400000e+00 -1.400000e+00  1.645198e+00
     vertex  1.400000e+00  1.400000e+00  1.645198e+00
   endloop
 endfacet
 facet normal  0.000000e+00  1.586033e-16  1.000000e+00
   outer loop
     vertex -1.400000e+00 -1.400000e+00  1.645198e+00
     vertex  1.400000e+00  1.400000e+00  1.645198e+00
     vertex -1.400000e+00  1.400000e+00  1.645198e+00
   endloop
 endfacet
 facet normal -0.000000e+00  1.345725e-16  1.000000e+00
   outer loop
     vertex -1.300000e+00 -3.050000e+00  1.645198e+00
     vertex  1.300000e+00 -3.050000e+00  1.645198e+00
     vertex  1.400000e+00 -1.400000e+00  1.645198e+00
   endloop
 endfacet
 facet normal  0.000000e+00  1.345725e-16  1.000000e+00
   outer loop
     vertex -1.300000e+00 -3.050000e+00  1.645198e+00
     vertex  1.400000e+00 -1.400000e+00  1.645198e+00
     vertex -1.400000e+00 -1.400000e+00  1.645198e+00
   endloop
 endfacet
 facet normal  1.293966e-16  8.540177e-17  1.000000e+00
   outer loop
     vertex -3.050000e+00 -1.300000e+00  1.645198e+00
     vertex -1.400000e+00  1.400000e+00  1.645198e+00
     vertex -3.050000e+00  1.300000e+00  1.645198e+00
   endloop
 endfacet
 facet normal  9.612321e-18  1.586033e-16  1.000000e+00
   outer loop
     vertex -3.050000e+00 -1.300000e+00  1.645198e+00
     vertex -1.400000e+00 -1.400000e+00  1.645198e+00
     vertex -1.400000e+00  1.400000e+00  1.645198e+00
   endloop
 endfacet
 facet normal  0.000000e+00 -0.000000e+00  1.000000e+00
   outer loop
     vertex -2.950000e+00 -1.400000e+00  1.645198e+00
     vertex -1.400000e+00 -1.400000e+00  1.645198e+00
     vertex -3.050000e+00 -1.300000e+00  1.645198e+00
   endloop
 endfacet
 facet normal  1.432546e-16  1.432546e-16  1.000000e+00
   outer loop
     vertex -1.400000e+00 -2.950000e+00  1.645198e+00
     vertex -1.300000e+00 -3.050000e+00  1.645198e+00
     vertex -1.400000e+00 -1.400000e+00  1.645198e+00
   endloop
 endfacet
 facet normal -3.258254e-14 -4.289572e-15  1.000000e+00
   outer loop
     vertex -1.386603e+00 -3.000000e+00  1.645198e+00
     vertex -1.400000e+00 -2.950000e+00  1.645198e+00
     vertex -1.396593e+00 -2.975882e+00  1.645198e+00
   endloop
 endfacet
 facet normal  0.000000e+00  0.000000e+00  1.000000e+00
   outer loop
     vertex -1.350000e+00 -3.036603e+00  1.645198e+00
     vertex -1.325882e+00 -3.046593e+00  1.645198e+00
     vertex -1.300000e+00 -3.050000e+00  1.645198e+00
   endloop
 endfacet
 facet normal -0.000000e+00 -0.000000e+00  1.000000e+00
   outer loop
     vertex -1.350000e+00 -3.036603e+00  1.645198e+00
     vertex -1.300000e+00 -3.050000e+00  1.645198e+00
     vertex -1.400000e+00 -2.950000e+00  1.645198e+00
   endloop
 endfacet
 facet normal  1.435319e-14  8.286817e-15  1.000000e+00
   outer loop
     vertex -1.350000e+00 -3.036603e+00  1.645198e+00
     vertex -1.400000e+00 -2.950000e+00  1.645198e+00
     vertex -1.386603e+00 -3.000000e+00  1.645198e+00
   endloop
 endfacet
 facet normal  0.000000e+00  0.000000e+00  1.000000e+00
   outer loop
     vertex -3.000000e+00 -1.386603e+00  1.645198e+00
     vertex -2.975882e+00 -1.396593e+00  1.645198e+00
     vertex -2.950000e+00 -1.400000e+00  1.645198e+00
   endloop
 endfacet
 facet normal -2.000615e-14 -2.607252e-14  1.000000e+00
   outer loop
     vertex -1.370711e+00 -3.020711e+00  1.645198e+00
     vertex -1.350000e+00 -3.036603e+00  1.645198e+00
     vertex -1.386603e+00 -3.000000e+00  1.645198e+00
   endloop
 endfacet
 facet normal  0.000000e+00  0.000000e+00  1.000000e+00
   outer loop
     vertex -3.020711e+00 -1.370711e+00  1.645198e+00
     vertex -3.050000e+00 -1.300000e+00  1.645198e+00
     vertex -3.046593e+00 -1.325882e+00  1.645198e+00
   endloop
 endfacet
 facet normal  0.000000e+00  0.000000e+00  1.000000e+00
   outer loop
     vertex -3.020711e+00 -1.370711e+00  1.645198e+00
     vertex -3.046593e+00 -1.325882e+00  1.645198e+00
     vertex -3.036603e+00 -1.350000e+00  1.645198e+00
   endloop
 endfacet
 facet normal -0.000000e+00 -0.000000e+00  1.000000e+00
   outer loop
     vertex -3.020711e+00 -1.370711e+00  1.645198e+00
     vertex -2.950000e+00 -1.400000e+00  1.645198e+00
     vertex -3.050000e+00 -1.300000e+00  1.645198e+00
   endloop
 endfacet
 facet normal  0.000000e+00  0.000000e+00  1.000000e+00
   outer loop
     vertex -3.020711e+00 -1.370711e+00  1.645198e+00
     vertex -3.000000e+00 -1.386603e+00  1.645198e+00
     vertex -2.950000e+00 -1.400000e+00  1.645198e+00
   endloop
 endfacet
 facet normal  0.000000e+00  0.000000e+00 -1.000000e+00
   outer loop
     vertex -2.625000e+00  2.633494e+00  1.595198e+00
     vertex -2.533494e+00  2.725000e+00  1.595198e+00
     vertex -2.573223e+00  2.673223e+00  1.595198e+00
   endloop
 endfacet
 facet normal  0.000000e+00  0.000000e+00 -1.000000e+00
   outer loop
     vertex -2.625000e+00  2.633494e+00  1.595198e+00
     vertex -2.508519e+00  2.785295e+00  1.595198e+00
     vertex -2.533494e+00  2.725000e+00  1.595198e+00
   endloop
 endfacet
 facet normal  0.000000e+00  0.000000e+00 -1.000000e+00
   outer loop
     vertex -2.625000e+00  2.633494e+00  1.595198e+00
     vertex -2.500000e+00  2.850000e+00  1.595198e+00
     vertex -2.508519e+00  2.785295e+00  1.595198e+00
   endloop
 endfacet
 facet normal  0.000000e+00  0.000000e+00 -1.000000e+00
   outer loop
     vertex -2.625000e+00  2.633494e+00  1.595198e+00
     vertex -2.508519e+00  2.914705e+00  1.595198e+00
     vertex -2.500000e+00  2.850000e+00  1.595198e+00
   endloop
 endfacet
 facet normal  0.000000e+00  0.000000e+00 -1.000000e+00
   outer loop
     vertex -2.625000e+00  2.633494e+00  1.595198e+00
     vertex -2.533494e+00  2.975000e+00  1.595198e+00
     vertex -2.508519e+00  2.914705e+00  1.595198e+00
   endloop
 endfacet
 facet normal  0.000000e+00  0.000000e+00 -1.000000e+00
   outer loop
     vertex -2.625000e+00  2.633494e+00  1.595198e+00
     vertex -2.573223e+00  3.026777e+00  1.595198e+00
     vertex -2.533494e+00  2.975000e+00  1.595198e+00
   endloop
 endfacet
 facet normal  0.000000e+00  0.000000e+00 -1.000000e+00
   outer loop
     vertex -2.685295e+00  2.608519e+00  1.595198e+00
     vertex -2.625000e+00  3.066506e+00  1.595198e+00
     vertex -2.573223e+00  3.026777e+00  1.595198e+00
   endloop
 endfacet
 facet normal  0.000000e+00  0.000000e+00 -1.000000e+00
   outer loop
     vertex -2.685295e+00  2.608519e+00  1.595198e+00
     vertex -2.573223e+00  3.026777e+00  1.595198e+00
     vertex -2.625000e+00  2.633494e+00  1.595198e+00
   endloop
 endfacet
 facet normal  0.000000e+00  0.000000e+00 -1.000000e+00
   outer loop
     vertex -2.750000e+00  2.600000e+00  1.595198e+00
     vertex -2.685295e+00  3.091481e+00  1.595198e+00
     vertex -2.625000e+00  3.066506e+00  1.595198e+00
   endloop
 endfacet
 facet normal  0.000000e+00  0.000000e+00 -1.000000e+00
   outer loop
     vertex -2.750000e+00  2.600000e+00  1.595198e+00
     vertex -2.750000e+00  3.100000e+00  1.595198e+00
     vertex -2.685295e+00  3.091481e+00  1.595198e+00
   endloop
 endfacet
 facet normal  0.000000e+00  0.000000e+00 -1.000000e+00
   outer loop
     vertex -2.750000e+00  2.600000e+00  1.595198e+00
     vertex -2.625000e+00  3.066506e+00  1.595198e+00
     vertex -2.685295e+00  2.608519e+00  1.595198e+00
   endloop
 endfacet
 facet normal  0.000000e+00  0.000000e+00 -1.000000e+00
   outer loop
     vertex -3.090000e+00  2.600000e+00  1.595198e+00
     vertex -3.090000e+00  3.100000e+00  1.595198e+00
     vertex -2.750000e+00  3.100000e+00  1.595198e+00
   endloop
 endfacet
 facet normal  0.000000e+00  0.000000e+00 -1.000000e+00
   outer loop
     vertex -3.090000e+00  2.600000e+00  1.595198e+00
     vertex -2.750000e+00  3.100000e+00  1.595198e+00
     vertex -2.750000e+00  2.600000e+00  1.595198e+00
   endloop
 endfacet
 facet normal -1.000000e+00 -0.000000e+00  0.000000e+00
   outer loop
     vertex -3.090000e+00  3.100000e+00  1.645198e+00
     vertex -3.090000e+00  2.600000e+00  1.595198e+00
     vertex -3.090000e+00  2.600000e+00  1.645198e+00
   endloop
 endfacet
 facet normal -1.000000e+00  0.000000e+00 -0.000000e+00
   outer loop
     vertex -3.090000e+00  3.100000e+00  1.645198e+00
     vertex -3.090000e+00  3.100000e+00  1.595198e+00
     vertex -3.090000e+00  2.600000e+00  1.595198e+00
   endloop
 endfacet
 facet normal -1.306145e-15  1.000000e+00  0.000000e+00
   outer loop
     vertex -2.750000e+00  3.100000e+00  1.645198e+00
     vertex -3.090000e+00  3.100000e+00  1.595198e+00
     vertex -3.090000e+00  3.100000e+00  1.645198e+00
   endloop
 endfacet
 facet normal  0.000000e+00  1.000000e+00 -8.881784e-15
   outer loop
     vertex -2.750000e+00  3.100000e+00  1.645198e+00
     vertex -2.750000e+00  3.100000e+00  1.595198e+00
     vertex -3.090000e+00  3.100000e+00  1.595198e+00
   endloop
 endfacet
 facet normal  1.305262e-01 -9.914449e-01  0.000000e+00
   outer loop
     vertex -2.685295e+00  2.608519e+00  1.645198e+00
     vertex -2.750000e+00  2.600000e+00  1.645198e+00
     vertex -2.750000e+00  2.600000e+00  1.595198e+00
   endloop
 endfacet
 facet normal  1.305262e-01 -9.914449e-01  0.000000e+00
   outer loop
     vertex -2.685295e+00  2.608519e+00  1.645198e+00
     vertex -2.750000e+00  2.600000e+00  1.595198e+00
     vertex -2.685295e+00  2.608519e+00  1.595198e+00
   endloop
 endfacet
 facet normal  3.826834e-01 -9.238795e-01  0.000000e+00
   outer loop
     vertex -2.625000e+00  2.633494e+00  1.645198e+00
     vertex -2.685295e+00  2.608519e+00  1.595198e+00
     vertex -2.625000e+00  2.633494e+00  1.595198e+00
   endloop
 endfacet
 facet normal  3.826834e-01 -9.238795e-01  0.000000e+00
   outer loop
     vertex -2.625000e+00  2.633494e+00  1.645198e+00
     vertex -2.685295e+00  2.608519e+00  1.645198e+00
     vertex -2.685295e+00  2.608519e+00  1.595198e+00
   endloop
 endfacet
 facet normal  6.087614e-01 -7.933533e-01  0.000000e+00
   outer loop
     vertex -2.573223e+00  2.673223e+00  1.645198e+00
     vertex -2.625000e+00  2.633494e+00  1.595198e+00
     vertex -2.573223e+00  2.673223e+00  1.595198e+00
   endloop
 endfacet
 facet normal  6.087614e-01 -7.933533e-01  0.000000e+00
   outer loop
     vertex -2.573223e+00  2.673223e+00  1.645198e+00
     vertex -2.625000e+00  2.633494e+00  1.645198e+00
     vertex -2.625000e+00  2.633494e+00  1.595198e+00
   endloop
 endfacet
 facet normal  7.933533e-01 -6.087614e-01  0.000000e+00
   outer loop
     vertex -2.533494e+00  2.725000e+00  1.645198e+00
     vertex -2.573223e+00  2.673223e+00  1.595198e+00
     vertex -2.533494e+00  2.725000e+00  1.595198e+00
   endloop
 endfacet
 facet normal  7.933533e-01 -6.087614e-01  0.000000e+00
   outer loop
     vertex -2.533494e+00  2.725000e+00  1.645198e+00
     vertex -2.573223e+00  2.673223e+00  1.645198e+00
     vertex -2.573223e+00  2.673223e+00  1.595198e+00
   endloop
 endfacet
 facet normal  9.238795e-01 -3.826834e-01  0.000000e+00
   outer loop
     vertex -2.508519e+00  2.785295e+00  1.645198e+00
     vertex -2.533494e+00  2.725000e+00  1.595198e+00
     vertex -2.508519e+00  2.785295e+00  1.595198e+00
   endloop
 endfacet
 facet normal  9.238795e-01 -3.826834e-01  0.000000e+00
   outer loop
     vertex -2.508519e+00  2.785295e+00  1.645198e+00
     vertex -2.533494e+00  2.725000e+00  1.645198e+00
     vertex -2.533494e+00  2.725000e+00  1.595198e+00
   endloop
 endfacet
 facet normal  9.914449e-01 -1.305262e-01  0.000000e+00
   outer loop
     vertex -2.500000e+00  2.850000e+00  1.645198e+00
     vertex -2.508519e+00  2.785295e+00  1.595198e+00
     vertex -2.500000e+00  2.850000e+00  1.595198e+00
   endloop
 endfacet
 facet normal  9.914449e-01 -1.305262e-01  0.000000e+00
   outer loop
     vertex -2.500000e+00  2.850000e+00  1.645198e+00
     vertex -2.508519e+00  2.785295e+00  1.645198e+00
     vertex -2.508519e+00  2.785295e+00  1.595198e+00
   endloop
 endfacet
 facet normal  9.914449e-01  1.305262e-01  0.000000e+00
   outer loop
     vertex -2.508519e+00  2.914705e+00  1.645198e+00
     vertex -2.500000e+00  2.850000e+00  1.595198e+00
     vertex -2.508519e+00  2.914705e+00  1.595198e+00
   endloop
 endfacet
 facet normal  9.914449e-01  1.305262e-01  0.000000e+00
   outer loop
     vertex -2.508519e+00  2.914705e+00  1.645198e+00
     vertex -2.500000e+00  2.850000e+00  1.645198e+00
     vertex -2.500000e+00  2.850000e+00  1.595198e+00
   endloop
 endfacet
 facet normal  9.238795e-01  3.826834e-01  0.000000e+00
   outer loop
     vertex -2.533494e+00  2.975000e+00  1.645198e+00
     vertex -2.508519e+00  2.914705e+00  1.595198e+00
     vertex -2.533494e+00  2.975000e+00  1.595198e+00
   endloop
 endfacet
 facet normal  9.238795e-01  3.826834e-01  0.000000e+00
   outer loop
     vertex -2.533494e+00  2.975000e+00  1.645198e+00
     vertex -2.508519e+00  2.914705e+00  1.645198e+00
     vertex -2.508519e+00  2.914705e+00  1.595198e+00
   endloop
 endfacet
 facet normal  7.933533e-01  6.087614e-01  0.000000e+00
   outer loop
     vertex -2.573223e+00  3.026777e+00  1.645198e+00
     vertex -2.533494e+00  2.975000e+00  1.595198e+00
     vertex -2.573223e+00  3.026777e+00  1.595198e+00
   endloop
 endfacet
 facet normal  7.933533e-01  6.087614e-01  0.000000e+00
   outer loop
     vertex -2.573223e+00  3.026777e+00  1.645198e+00
     vertex -2.533494e+00  2.975000e+00  1.645198e+00
     vertex -2.533494e+00  2.975000e+00  1.595198e+00
   endloop
 endfacet
 facet normal  6.087614e-01  7.933533e-01  0.000000e+00
   outer loop
     vertex -2.625000e+00  3.066506e+00  1.645198e+00
     vertex -2.573223e+00  3.026777e+00  1.595198e+00
     vertex -2.625000e+00  3.066506e+00  1.595198e+00
   endloop
 endfacet
 facet normal  6.087614e-01  7.933533e-01  0.000000e+00
   outer loop
     vertex -2.625000e+00  3.066506e+00  1.645198e+00
     vertex -2.573223e+00  3.026777e+00  1.645198e+00
     vertex -2.573223e+00  3.026777e+00  1.595198e+00
   endloop
 endfacet
 facet normal  3.826834e-01  9.238795e-01  0.000000e+00
   outer loop
     vertex -2.685295e+00  3.091481e+00  1.645198e+00
     vertex -2.625000e+00  3.066506e+00  1.595198e+00
     vertex -2.685295e+00  3.091481e+00  1.595198e+00
   endloop
 endfacet
 facet normal  3.826834e-01  9.238795e-01  0.000000e+00
   outer loop
     vertex -2.685295e+00  3.091481e+00  1.645198e+00
     vertex -2.625000e+00  3.066506e+00  1.645198e+00
     vertex -2.625000e+00  3.066506e+00  1.595198e+00
   endloop
 endfacet
 facet normal  1.305262e-01  9.914449e-01 -8.805799e-15
   outer loop
     vertex -2.750000e+00  3.100000e+00  1.645198e+00
     vertex -2.685295e+00  3.091481e+00  1.595198e+00
     vertex -2.750000e+00  3.100000e+00  1.595198e+00
   endloop
 endfacet
 facet normal  1.305262e-01  9.914449e-01  0.000000e+00
   outer loop
     vertex -2.750000e+00  3.100000e+00  1.645198e+00
     vertex -2.685295e+00  3.091481e+00  1.645198e+00
     vertex -2.685295e+00  3.091481e+00  1.595198e+00
   endloop
 endfacet
 facet normal  0.000000e+00 -1.000000e+00  0.000000e+00
   outer loop
     vertex -3.090000e+00  2.600000e+00  1.645198e+00
     vertex -2.750000e+00  2.600000e+00  1.595198e+00
     vertex -2.750000e+00  2.600000e+00  1.645198e+00
   endloop
 endfacet
 facet normal  0.000000e+00 -1.000000e+00  0.000000e+00
   outer loop
     vertex -3.090000e+00  2.600000e+00  1.645198e+00
     vertex -3.090000e+00  2.600000e+00  1.595198e+00
     vertex -2.750000e+00  2.600000e+00  1.595198e+00
   endloop
 endfacet
 facet normal  0.000000e+00  0.000000e+00  1.000000e+00
   outer loop
     vertex -2.750000e+00  3.100000e+00  1.645198e+00
     vertex -2.625000e+00  3.066506e+00  1.645198e+00
     vertex -2.685295e+00  3.091481e+00  1.645198e+00
   endloop
 endfacet
 facet normal  0.000000e+00  0.000000e+00  1.000000e+00
   outer loop
     vertex -2.625000e+00  2.633494e+00  1.645198e+00
     vertex -2.573223e+00  2.673223e+00  1.645198e+00
     vertex -2.533494e+00  2.725000e+00  1.645198e+00
   endloop
 endfacet
 facet normal  0.000000e+00  0.000000e+00  1.000000e+00
   outer loop
     vertex -2.625000e+00  2.633494e+00  1.645198e+00
     vertex -2.533494e+00  2.725000e+00  1.645198e+00
     vertex -2.508519e+00  2.785295e+00  1.645198e+00
   endloop
 endfacet
 facet normal  0.000000e+00  0.000000e+00  1.000000e+00
   outer loop
     vertex -2.625000e+00  2.633494e+00  1.645198e+00
     vertex -2.508519e+00  2.785295e+00  1.645198e+00
     vertex -2.500000e+00  2.850000e+00  1.645198e+00
   endloop
 endfacet
 facet normal  0.000000e+00  0.000000e+00  1.000000e+00
   outer loop
     vertex -2.625000e+00  2.633494e+00  1.645198e+00
     vertex -2.500000e+00  2.850000e+00  1.645198e+00
     vertex -2.508519e+00  2.914705e+00  1.645198e+00
   endloop
 endfacet
 facet normal  0.000000e+00  0.000000e+00  1.000000e+00
   outer loop
     vertex -2.750000e+00  2.600000e+00  1.645198e+00
     vertex -2.685295e+00  2.608519e+00  1.645198e+00
     vertex -2.625000e+00  2.633494e+00  1.645198e+00
   endloop
 endfacet
 facet normal  0.000000e+00  0.000000e+00  1.000000e+00
   outer loop
     vertex -2.750000e+00  2.600000e+00  1.645198e+00
     vertex -2.508519e+00  2.914705e+00  1.645198e+00
     vertex -2.533494e+00  2.975000e+00  1.645198e+00
   endloop
 endfacet
 facet normal  0.000000e+00  0.000000e+00  1.000000e+00
   outer loop
     vertex -2.750000e+00  2.600000e+00  1.645198e+00
     vertex -2.533494e+00  2.975000e+00  1.645198e+00
     vertex -2.573223e+00  3.026777e+00  1.645198e+00
   endloop
 endfacet
 facet normal  0.000000e+00  0.000000e+00  1.000000e+00
   outer loop
     vertex -2.750000e+00  2.600000e+00  1.645198e+00
     vertex -2.573223e+00  3.026777e+00  1.645198e+00
     vertex -2.625000e+00  3.066506e+00  1.645198e+00
   endloop
 endfacet
 facet normal  0.000000e+00  0.000000e+00  1.000000e+00
   outer loop
     vertex -2.750000e+00  2.600000e+00  1.645198e+00
     vertex -2.625000e+00  3.066506e+00  1.645198e+00
     vertex -2.750000e+00  3.100000e+00  1.645198e+00
   endloop
 endfacet
 facet normal  0.000000e+00  0.000000e+00  1.000000e+00
   outer loop
     vertex -2.750000e+00  2.600000e+00  1.645198e+00
     vertex -2.625000e+00  2.633494e+00  1.645198e+00
     vertex -2.508519e+00  2.914705e+00  1.645198e+00
   endloop
 endfacet
 facet normal  0.000000e+00  0.000000e+00  1.000000e+00
   outer loop
     vertex -3.090000e+00  2.600000e+00  1.645198e+00
     vertex -2.750000e+00  3.100000e+00  1.645198e+00
     vertex -3.090000e+00  3.100000e+00  1.645198e+00
   endloop
 endfacet
 facet normal  0.000000e+00  0.000000e+00  1.000000e+00
   outer loop
     vertex -3.090000e+00  2.600000e+00  1.645198e+00
     vertex -2.750000e+00  2.600000e+00  1.645198e+00
     vertex -2.750000e+00  3.100000e+00  1.645198e+00
   endloop
 endfacet
 facet normal  0.000000e+00  0.000000e+00 -1.000000e+00
   outer loop
     vertex  3.026777e+00  2.573223e+00  1.595198e+00
     vertex  3.091481e+00  2.685295e+00  1.595198e+00
     vertex  3.066506e+00  2.625000e+00  1.595198e+00
   endloop
 endfacet
 facet normal  0.000000e+00  0.000000e+00 -1.000000e+00
   outer loop
     vertex  2.600000e+00  2.750000e+00  1.595198e+00
     vertex  2.600000e+00  3.090000e+00  1.595198e+00
     vertex  3.100000e+00  3.090000e+00  1.595198e+00
   endloop
 endfacet
 facet normal  0.000000e+00  0.000000e+00 -1.000000e+00
   outer loop
     vertex  2.600000e+00  2.750000e+00  1.595198e+00
     vertex  3.100000e+00  3.090000e+00  1.595198e+00
     vertex  3.100000e+00  2.750000e+00  1.595198e+00
   endloop
 endfacet
 facet normal  0.000000e+00  0.000000e+00 -1.000000e+00
   outer loop
     vertex  2.608519e+00  2.685295e+00  1.595198e+00
     vertex  3.100000e+00  2.750000e+00  1.595198e+00
     vertex  3.091481e+00  2.685295e+00  1.595198e+00
   endloop
 endfacet
 facet normal  0.000000e+00  0.000000e+00 -1.000000e+00
   outer loop
     vertex  2.608519e+00  2.685295e+00  1.595198e+00
     vertex  2.600000e+00  2.750000e+00  1.595198e+00
     vertex  3.100000e+00  2.750000e+00  1.595198e+00
   endloop
 endfacet
 facet normal  0.000000e+00  0.000000e+00 -1.000000e+00
   outer loop
     vertex  2.785295e+00  2.508519e+00  1.595198e+00
     vertex  2.914705e+00  2.508519e+00  1.595198e+00
     vertex  2.850000e+00  2.500000e+00  1.595198e+00
   endloop
 endfacet
 facet normal  0.000000e+00  0.000000e+00 -1.000000e+00
   outer loop
     vertex  2.785295e+00  2.508519e+00  1.595198e+00
     vertex  2.975000e+00  2.533494e+00  1.595198e+00
     vertex  2.914705e+00  2.508519e+00  1.595198e+00
   endloop
 endfacet
 facet normal  0.000000e+00  0.000000e+00 -1.000000e+00
   outer loop
     vertex  2.673223e+00  2.573223e+00  1.595198e+00
     vertex  2.633494e+00  2.625000e+00  1.595198e+00
     vertex  2.608519e+00  2.685295e+00  1.595198e+00
   endloop
 endfacet
 facet normal  0.000000e+00  0.000000e+00 -1.000000e+00
   outer loop
     vertex  2.673223e+00  2.573223e+00  1.595198e+00
     vertex  2.785295e+00  2.508519e+00  1.595198e+00
     vertex  2.725000e+00  2.533494e+00  1.595198e+00
   endloop
 endfacet
 facet normal  0.000000e+00  0.000000e+00 -1.000000e+00
   outer loop
     vertex  2.673223e+00  2.573223e+00  1.595198e+00
     vertex  3.026777e+00  2.573223e+00  1.595198e+00
     vertex  2.975000e+00  2.533494e+00  1.595198e+00
   endloop
 endfacet
 facet normal  0.000000e+00  0.000000e+00 -1.000000e+00
   outer loop
     vertex  2.673223e+00  2.573223e+00  1.595198e+00
     vertex  2.608519e+00  2.685295e+00  1.595198e+00
     vertex  3.091481e+00  2.685295e+00  1.595198e+00
   endloop
 endfacet
 facet normal  0.000000e+00  0.000000e+00 -1.000000e+00
   outer loop
     vertex  2.673223e+00  2.573223e+00  1.595198e+00
     vertex  3.091481e+00  2.685295e+00  1.595198e+00
     vertex  3.026777e+00  2.573223e+00  1.595198e+00
   endloop
 endfacet
 facet normal  0.000000e+00  0.000000e+00 -1.000000e+00
   outer loop
     vertex  2.673223e+00  2.573223e+00  1.595198e+00
     vertex  2.975000e+00  2.533494e+00  1.595198e+00
     vertex  2.785295e+00  2.508519e+00  1.595198e+00
   endloop
 endfacet
 facet normal  0.000000e+00  1.000000e+00 -0.000000e+00
   outer loop
     vertex  3.100000e+00  3.090000e+00  1.595198e+00
     vertex  2.600000e+00  3.090000e+00  1.645198e+00
     vertex  3.100000e+00  3.090000e+00  1.645198e+00
   endloop
 endfacet
 facet normal  0.000000e+00  1.000000e+00  0.000000e+00
   outer loop
     vertex  3.100000e+00  3.090000e+00  1.595198e+00
     vertex  2.600000e+00  3.090000e+00  1.595198e+00
     vertex  2.600000e+00  3.090000e+00  1.645198e+00
   endloop
 endfacet
 facet normal  1.000000e+00  1.306145e-15  0.000000e+00
   outer loop
     vertex  3.100000e+00  2.750000e+00  1.645198e+00
     vertex  3.100000e+00  3.090000e+00  1.595198e+00
     vertex  3.100000e+00  3.090000e+00  1.645198e+00
   endloop
 endfacet
 facet normal  1.000000e+00  0.000000e+00 -8.881784e-15
   outer loop
     vertex  3.100000e+00  2.750000e+00  1.645198e+00
     vertex  3.100000e+00  2.750000e+00  1.595198e+00
     vertex  3.100000e+00  3.090000e+00  1.595198e+00
   endloop
 endfacet
 facet normal -9.914449e-01 -1.305262e-01  0.000000e+00
   outer loop
     vertex  2.608519e+00  2.685295e+00  1.645198e+00
     vertex  2.600000e+00  2.750000e+00  1.645198e+00
     vertex  2.600000e+00  2.750000e+00  1.595198e+00
   endloop
 endfacet
 facet normal -9.914449e-01 -1.305262e-01 -0.000000e+00
   outer loop
     vertex  2.608519e+00  2.685295e+00  1.645198e+00
     vertex  2.600000e+00  2.750000e+00  1.595198e+00
     vertex  2.608519e+00  2.685295e+00  1.595198e+00
   endloop
 endfacet
 facet normal -9.238795e-01 -3.826834e-01 -0.000000e+00
   outer loop
     vertex  2.633494e+00  2.625000e+00  1.645198e+00
     vertex  2.608519e+00  2.685295e+00  1.595198e+00
     vertex  2.633494e+00  2.625000e+00  1.595198e+00
   endloop
 endfacet
 facet normal -9.238795e-01 -3.826834e-01  0.000000e+00
   outer loop
     vertex  2.633494e+00  2.625000e+00  1.645198e+00
     vertex  2.608519e+00  2.685295e+00  1.645198e+00
     vertex  2.608519e+00  2.685295e+00  1.595198e+00
   endloop
 endfacet
 facet normal -7.933533e-01 -6.087614e-01 -0.000000e+00
   outer loop
     vertex  2.673223e+00  2.573223e+00  1.645198e+00
     vertex  2.633494e+00  2.625000e+00  1.595198e+00
     vertex  2.673223e+00  2.573223e+00  1.595198e+00
   endloop
 endfacet
 facet normal -7.933533e-01 -6.087614e-01  0.000000e+00
   outer loop
     vertex  2.673223e+00  2.573223e+00  1.645198e+00
     vertex  2.633494e+00  2.625000e+00  1.645198e+00
     vertex  2.633494e+00  2.625000e+00  1.595198e+00
   endloop
 endfacet
 facet normal -6.087614e-01 -7.933533e-01 -0.000000e+00
   outer loop
     vertex  2.725000e+00  2.533494e+00  1.645198e+00
     vertex  2.673223e+00  2.573223e+00  1.595198e+00
     vertex  2.725000e+00  2.533494e+00  1.595198e+00
   endloop
 endfacet
 facet normal -6.087614e-01 -7.933533e-01  0.000000e+00
   outer loop
     vertex  2.725000e+00  2.533494e+00  1.645198e+00
     vertex  2.673223e+00  2.573223e+00  1.645198e+00
     vertex  2.673223e+00  2.573223e+00  1.595198e+00
   endloop
 endfacet
 facet normal -3.826834e-01 -9.238795e-01 -0.000000e+00
   outer loop
     vertex  2.785295e+00  2.508519e+00  1.645198e+00
     vertex  2.725000e+00  2.533494e+00  1.595198e+00
     vertex  2.785295e+00  2.508519e+00  1.595198e+00
   endloop
 endfacet
 facet normal -3.826834e-01 -9.238795e-01  0.000000e+00
   outer loop
     vertex  2.785295e+00  2.508519e+00  1.645198e+00
     vertex  2.725000e+00  2.533494e+00  1.645198e+00
     vertex  2.725000e+00  2.533494e+00  1.595198e+00
   endloop
 endfacet
 facet normal -1.305262e-01 -9.914449e-01 -0.000000e+00
   outer loop
     vertex  2.850000e+00  2.500000e+00  1.645198e+00
     vertex  2.785295e+00  2.508519e+00  1.595198e+00
     vertex  2.850000e+00  2.500000e+00  1.595198e+00
   endloop
 endfacet
 facet normal -1.305262e-01 -9.914449e-01  0.000000e+00
   outer loop
     vertex  2.850000e+00  2.500000e+00  1.645198e+00
     vertex  2.785295e+00  2.508519e+00  1.645198e+00
     vertex  2.785295e+00  2.508519e+00  1.595198e+00
   endloop
 endfacet
 facet normal  1.305262e-01 -9.914449e-01  0.000000e+00
   outer loop
     vertex  2.914705e+00  2.508519e+00  1.645198e+00
     vertex  2.850000e+00  2.500000e+00  1.595198e+00
     vertex  2.914705e+00  2.508519e+00  1.595198e+00
   endloop
 endfacet
 facet normal  1.305262e-01 -9.914449e-01  0.000000e+00
   outer loop
     vertex  2.914705e+00  2.508519e+00  1.645198e+00
     vertex  2.850000e+00  2.500000e+00  1.645198e+00
     vertex  2.850000e+00  2.500000e+00  1.595198e+00
   endloop
 endfacet
 facet normal  3.826834e-01 -9.238795e-01  0.000000e+00
   outer loop
     vertex  2.975000e+00  2.533494e+00  1.645198e+00
     vertex  2.914705e+00  2.508519e+00  1.595198e+00
     vertex  2.975000e+00  2.533494e+00  1.595198e+00
   endloop
 endfacet
 facet normal  3.826834e-01 -9.238795e-01  0.000000e+00
   outer loop
     vertex  2.975000e+00  2.533494e+00  1.645198e+00
     vertex  2.914705e+00  2.508519e+00  1.645198e+00
     vertex  2.914705e+00  2.508519e+00  1.595198e+00
   endloop
 endfacet
 facet normal  6.087614e-01 -7.933533e-01  0.000000e+00
   outer loop
     vertex  3.026777e+00  2.573223e+00  1.645198e+00
     vertex  2.975000e+00  2.533494e+00  1.595198e+00
     vertex  3.026777e+00  2.573223e+00  1.595198e+00
   endloop
 endfacet
 facet normal  6.087614e-01 -7.933533e-01  0.000000e+00
   outer loop
     vertex  3.026777e+00  2.573223e+00  1.645198e+00
     vertex  2.975000e+00  2.533494e+00  1.645198e+00
     vertex  2.975000e+00  2.533494e+00  1.595198e+00
   endloop
 endfacet
 facet normal  7.933533e-01 -6.087614e-01  0.000000e+00
   outer loop
     vertex  3.066506e+00  2.625000e+00  1.645198e+00
     vertex  3.026777e+00  2.573223e+00  1.595198e+00
     vertex  3.066506e+00  2.625000e+00  1.595198e+00
   endloop
 endfacet
 facet normal  7.933533e-01 -6.087614e-01  0.000000e+00
   outer loop
     vertex  3.066506e+00  2.625000e+00  1.645198e+00
     vertex  3.026777e+00  2.573223e+00  1.645198e+00
     vertex  3.026777e+00  2.573223e+00  1.595198e+00
   endloop
 endfacet
 facet normal  9.238795e-01 -3.826834e-01  0.000000e+00
   outer loop
     vertex  3.091481e+00  2.685295e+00  1.645198e+00
     vertex  3.066506e+00  2.625000e+00  1.595198e+00
     vertex  3.091481e+00  2.685295e+00  1.595198e+00
   endloop
 endfacet
 facet normal  9.238795e-01 -3.826834e-01  0.000000e+00
   outer loop
     vertex  3.091481e+00  2.685295e+00  1.645198e+00
     vertex  3.066506e+00  2.625000e+00  1.645198e+00
     vertex  3.066506e+00  2.625000e+00  1.595198e+00
   endloop
 endfacet
 facet normal  9.914449e-01 -1.305262e-01 -8.805799e-15
   outer loop
     vertex  3.100000e+00  2.750000e+00  1.645198e+00
     vertex  3.091481e+00  2.685295e+00  1.595198e+00
     vertex  3.100000e+00  2.750000e+00  1.595198e+00
   endloop
 endfacet
 facet normal  9.914449e-01 -1.305262e-01  0.000000e+00
   outer loop
     vertex  3.100000e+00  2.750000e+00  1.645198e+00
     vertex  3.091481e+00  2.685295e+00  1.645198e+00
     vertex  3.091481e+00  2.685295e+00  1.595198e+00
   endloop
 endfacet
 facet normal -1.000000e+00 -0.000000e+00  0.000000e+00
   outer loop
     vertex  2.600000e+00  3.090000e+00  1.645198e+00
     vertex  2.600000e+00  2.750000e+00  1.595198e+00
     vertex  2.600000e+00  2.750000e+00  1.645198e+00
   endloop
 endfacet
 facet normal -1.000000e+00  0.000000e+00 -0.000000e+00
   outer loop
     vertex  2.600000e+00  3.090000e+00  1.645198e+00
     vertex  2.600000e+00  3.090000e+00  1.595198e+00
     vertex  2.600000e+00  2.750000e+00  1.595198e+00
   endloop
 endfacet
 facet normal  0.000000e+00  0.000000e+00  1.000000e+00
   outer loop
     vertex  3.026777e+00  2.573223e+00  1.645198e+00
     vertex  3.066506e+00  2.625000e+00  1.645198e+00
     vertex  3.091481e+00  2.685295e+00  1.645198e+00
   endloop
 endfacet
 facet normal  0.000000e+00  0.000000e+00  1.000000e+00
   outer loop
     vertex  2.600000e+00  2.750000e+00  1.645198e+00
     vertex  3.100000e+00  2.750000e+00  1.645198e+00
     vertex  3.100000e+00  3.090000e+00  1.645198e+00
   endloop
 endfacet
 facet normal  0.000000e+00  0.000000e+00  1.000000e+00
   outer loop
     vertex  2.600000e+00  2.750000e+00  1.645198e+00
     vertex  3.100000e+00  3.090000e+00  1.645198e+00
     vertex  2.600000e+00  3.090000e+00  1.645198e+00
   endloop
 endfacet
 facet normal  0.000000e+00  0.000000e+00  1.000000e+00
   outer loop
     vertex  2.608519e+00  2.685295e+00  1.645198e+00
     vertex  3.091481e+00  2.685295e+00  1.645198e+00
     vertex  3.100000e+00  2.750000e+00  1.645198e+00
   endloop
 endfacet
 facet normal  0.000000e+00 -0.000000e+00  1.000000e+00
   outer loop
     vertex  2.608519e+00  2.685295e+00  1.645198e+00
     vertex  3.100000e+00  2.750000e+00  1.645198e+00
     vertex  2.600000e+00  2.750000e+00  1.645198e+00
   endloop
 endfacet
 facet normal -0.000000e+00  0.000000e+00  1.000000e+00
   outer loop
     vertex  2.785295e+00  2.508519e+00  1.645198e+00
     vertex  2.850000e+00  2.500000e+00  1.645198e+00
     vertex  2.914705e+00  2.508519e+00  1.645198e+00
   endloop
 endfacet
 facet normal  0.000000e+00  0.000000e+00  1.000000e+00
   outer loop
     vertex  2.785295e+00  2.508519e+00  1.645198e+00
     vertex  2.914705e+00  2.508519e+00  1.645198e+00
     vertex  2.975000e+00  2.533494e+00  1.645198e+00
   endloop
 endfacet
 facet normal  0.000000e+00  0.000000e+00  1.000000e+00
   outer loop
     vertex  2.673223e+00  2.573223e+00  1.645198e+00
     vertex  2.608519e+00  2.685295e+00  1.645198e+00
     vertex  2.633494e+00  2.625000e+00  1.645198e+00
   endloop
 endfacet
 facet normal  0.000000e+00  0.000000e+00  1.000000e+00
   outer loop
     vertex  2.673223e+00  2.573223e+00  1.645198e+00
     vertex  2.725000e+00  2.533494e+00  1.645198e+00
     vertex  2.785295e+00  2.508519e+00  1.645198e+00
   endloop
 endfacet
 facet normal -0.000000e+00  0.000000e+00  1.000000e+00
   outer loop
     vertex  2.673223e+00  2.573223e+00  1.645198e+00
     vertex  2.975000e+00  2.533494e+00  1.645198e+00
     vertex  3.026777e+00  2.573223e+00  1.645198e+00
   endloop
 endfacet
 facet normal  0.000000e+00  0.000000e+00  1.000000e+00
   outer loop
     vertex  2.673223e+00  2.573223e+00  1.645198e+00
     vertex  3.026777e+00  2.573223e+00  1.645198e+00
     vertex  3.091481e+00  2.685295e+00  1.645198e+00
   endloop
 endfacet
 facet normal  0.000000e+00 -0.000000e+00  1.000000e+00
   outer loop
     vertex  2.673223e+00  2.573223e+00  1.645198e+00
     vertex  3.091481e+00  2.685295e+00  1.645198e+00
     vertex  2.608519e+00  2.685295e+00  1.645198e+00
   endloop
 endfacet
 facet normal  0.000000e+00  0.000000e+00  1.000000e+00
   outer loop
     vertex  2.673223e+00  2.573223e+00  1.645198e+00
     vertex  2.785295e+00  2.508519e+00  1.645198e+00
     vertex  2.975000e+00  2.533494e+00  1.645198e+00
   endloop
 endfacet
 facet normal  9.914449e-01  1.305262e-01  8.805799e-15
   outer loop
     vertex -2.608519e+00 -2.685295e+00  1.645198e+00
     vertex -2.600000e+00 -2.750000e+00  1.595198e+00
     vertex -2.608519e+00 -2.685295e+00  1.595198e+00
   endloop
 endfacet
 facet normal  9.914449e-01  1.305262e-01  0.000000e+00
   outer loop
     vertex -2.608519e+00 -2.685295e+00  1.645198e+00
     vertex -2.600000e+00 -2.750000e+00  1.645198e+00
     vertex -2.600000e+00 -2.750000e+00  1.595198e+00
   endloop
 endfacet
 facet normal  9.238795e-01  3.826834e-01  1.160461e-14
   outer loop
     vertex -2.633494e+00 -2.625000e+00  1.645198e+00
     vertex -2.608519e+00 -2.685295e+00  1.595198e+00
     vertex -2.633494e+00 -2.625000e+00  1.595198e+00
   endloop
 endfacet
 facet normal  9.238795e-01  3.826834e-01  8.173493e-15
   outer loop
     vertex -2.633494e+00 -2.625000e+00  1.645198e+00
     vertex -2.608519e+00 -2.685295e+00  1.645198e+00
     vertex -2.608519e+00 -2.685295e+00  1.595198e+00
   endloop
 endfacet
 facet normal  7.933533e-01  6.087614e-01  1.245328e-14
   outer loop
     vertex -2.673223e+00 -2.573223e+00  1.645198e+00
     vertex -2.633494e+00 -2.625000e+00  1.595198e+00
     vertex -2.673223e+00 -2.573223e+00  1.595198e+00
   endloop
 endfacet
 facet normal  7.933533e-01  6.087614e-01  1.235992e-14
   outer loop
     vertex -2.673223e+00 -2.573223e+00  1.645198e+00
     vertex -2.633494e+00 -2.625000e+00  1.645198e+00
     vertex -2.633494e+00 -2.625000e+00  1.595198e+00
   endloop
 endfacet
 facet normal  6.087614e-01  7.933533e-01  1.245328e-14
   outer loop
     vertex -2.725000e+00 -2.533494e+00  1.645198e+00
     vertex -2.673223e+00 -2.573223e+00  1.595198e+00
     vertex -2.725000e+00 -2.533494e+00  1.595198e+00
   endloop
 endfacet
 facet normal  6.087614e-01  7.933533e-01  1.249282e-14
   outer loop
     vertex -2.725000e+00 -2.533494e+00  1.645198e+00
     vertex -2.673223e+00 -2.573223e+00  1.645198e+00
     vertex -2.673223e+00 -2.573223e+00  1.595198e+00
   endloop
 endfacet
 facet normal  3.826834e-01  9.238795e-01  1.160461e-14
   outer loop
     vertex -2.785295e+00 -2.508519e+00  1.645198e+00
     vertex -2.725000e+00 -2.533494e+00  1.595198e+00
     vertex -2.785295e+00 -2.508519e+00  1.595198e+00
   endloop
 endfacet
 facet normal  3.826834e-01  9.238795e-01  1.162895e-14
   outer loop
     vertex -2.785295e+00 -2.508519e+00  1.645198e+00
     vertex -2.725000e+00 -2.533494e+00  1.645198e+00
     vertex -2.725000e+00 -2.533494e+00  1.595198e+00
   endloop
 endfacet
 facet normal  1.305262e-01  9.914449e-01  8.805799e-15
   outer loop
     vertex -2.850000e+00 -2.500000e+00  1.645198e+00
     vertex -2.785295e+00 -2.508519e+00  1.595198e+00
     vertex -2.850000e+00 -2.500000e+00  1.595198e+00
   endloop
 endfacet
 facet normal  1.305262e-01  9.914449e-01  9.967675e-15
   outer loop
     vertex -2.850000e+00 -2.500000e+00  1.645198e+00
     vertex -2.785295e+00 -2.508519e+00  1.645198e+00
     vertex -2.785295e+00 -2.508519e+00  1.595198e+00
   endloop
 endfacet
 facet normal  0.000000e+00  0.000000e+00 -1.000000e+00
   outer loop
     vertex -2.608519e+00 -2.685295e+00  1.595198e+00
     vertex -2.673223e+00 -2.573223e+00  1.595198e+00
     vertex -2.633494e+00 -2.625000e+00  1.595198e+00
   endloop
 endfacet
 facet normal  0.000000e+00  0.000000e+00 -1.000000e+00
   outer loop
     vertex -2.914705e+00 -2.508519e+00  1.595198e+00
     vertex -2.850000e+00 -2.500000e+00  1.595198e+00
     vertex -2.785295e+00 -2.508519e+00  1.595198e+00
   endloop
 endfacet
 facet normal  0.000000e+00  0.000000e+00 -1.000000e+00
   outer loop
     vertex -3.091481e+00 -2.685295e+00  1.595198e+00
     vertex -2.725000e+00 -2.533494e+00  1.595198e+00
     vertex -2.673223e+00 -2.573223e+00  1.595198e+00
   endloop
 endfacet
 facet normal  0.000000e+00  0.000000e+00 -1.000000e+00
   outer loop
     vertex -3.091481e+00 -2.685295e+00  1.595198e+00
     vertex -2.785295e+00 -2.508519e+00  1.595198e+00
     vertex -2.725000e+00 -2.533494e+00  1.595198e+00
   endloop
 endfacet
 facet normal  0.000000e+00  0.000000e+00 -1.000000e+00
   outer loop
     vertex -3.091481e+00 -2.685295e+00  1.595198e+00
     vertex -2.975000e+00 -2.533494e+00  1.595198e+00
     vertex -2.914705e+00 -2.508519e+00  1.595198e+00
   endloop
 endfacet
 facet normal  0.000000e+00  0.000000e+00 -1.000000e+00
   outer loop
     vertex -3.091481e+00 -2.685295e+00  1.595198e+00
     vertex -3.026777e+00 -2.573223e+00  1.595198e+00
     vertex -2.975000e+00 -2.533494e+00  1.595198e+00
   endloop
 endfacet
 facet normal  0.000000e+00  0.000000e+00 -1.000000e+00
   outer loop
     vertex -3.091481e+00 -2.685295e+00  1.595198e+00
     vertex -3.066506e+00 -2.625000e+00  1.595198e+00
     vertex -3.026777e+00 -2.573223e+00  1.595198e+00
   endloop
 endfacet
 facet normal  0.000000e+00  0.000000e+00 -1.000000e+00
   outer loop
     vertex -3.091481e+00 -2.685295e+00  1.595198e+00
     vertex -2.673223e+00 -2.573223e+00  1.595198e+00
     vertex -2.608519e+00 -2.685295e+00  1.595198e+00
   endloop
 endfacet
 facet normal  0.000000e+00  0.000000e+00 -1.000000e+00
   outer loop
     vertex -3.091481e+00 -2.685295e+00  1.595198e+00
     vertex -2.914705e+00 -2.508519e+00  1.595198e+00
     vertex -2.785295e+00 -2.508519e+00  1.595198e+00
   endloop
 endfacet
 facet normal  0.000000e+00  0.000000e+00 -1.000000e+00
   outer loop
     vertex -3.100000e+00 -2.750000e+00  1.595198e+00
     vertex -2.608519e+00 -2.685295e+00  1.595198e+00
     vertex -2.600000e+00 -2.750000e+00  1.595198e+00
   endloop
 endfacet
 facet normal  0.000000e+00  0.000000e+00 -1.000000e+00
   outer loop
     vertex -3.100000e+00 -2.750000e+00  1.595198e+00
     vertex -3.091481e+00 -2.685295e+00  1.595198e+00
     vertex -2.608519e+00 -2.685295e+00  1.595198e+00
   endloop
 endfacet
 facet normal  0.000000e+00  0.000000e+00 -1.000000e+00
   outer loop
     vertex -3.100000e+00 -3.090000e+00  1.595198e+00
     vertex -2.600000e+00 -2.750000e+00  1.595198e+00
     vertex -2.600000e+00 -3.090000e+00  1.595198e+00
   endloop
 endfacet
 facet normal  0.000000e+00  0.000000e+00 -1.000000e+00
   outer loop
     vertex -3.100000e+00 -3.090000e+00  1.595198e+00
     vertex -3.100000e+00 -2.750000e+00  1.595198e+00
     vertex -2.600000e+00 -2.750000e+00  1.595198e+00
   endloop
 endfacet
 facet normal  1.000000e+00  0.000000e+00 -0.000000e+00
   outer loop
     vertex -2.600000e+00 -2.750000e+00  1.595198e+00
     vertex -2.600000e+00 -2.750000e+00  1.645198e+00
     vertex -2.600000e+00 -3.090000e+00  1.645198e+00
   endloop
 endfacet
 facet normal  1.000000e+00  0.000000e+00  0.000000e+00
   outer loop
     vertex -2.600000e+00 -2.750000e+00  1.595198e+00
     vertex -2.600000e+00 -3.090000e+00  1.645198e+00
     vertex -2.600000e+00 -3.090000e+00  1.595198e+00
   endloop
 endfacet
 facet normal  0.000000e+00 -1.000000e+00  0.000000e+00
   outer loop
     vertex -3.100000e+00 -3.090000e+00  1.645198e+00
     vertex -2.600000e+00 -3.090000e+00  1.595198e+00
     vertex -2.600000e+00 -3.090000e+00  1.645198e+00
   endloop
 endfacet
 facet normal  0.000000e+00 -1.000000e+00  0.000000e+00
   outer loop
     vertex -3.100000e+00 -3.090000e+00  1.645198e+00
     vertex -3.100000e+00 -3.090000e+00  1.595198e+00
     vertex -2.600000e+00 -3.090000e+00  1.595198e+00
   endloop
 endfacet
 facet normal -1.000000e+00  0.000000e+00  0.000000e+00
   outer loop
     vertex -3.100000e+00 -3.090000e+00  1.645198e+00
     vertex -3.100000e+00 -2.750000e+00  1.595198e+00
     vertex -3.100000e+00 -3.090000e+00  1.595198e+00
   endloop
 endfacet
 facet normal -1.000000e+00  0.000000e+00  0.000000e+00
   outer loop
     vertex -3.100000e+00 -3.090000e+00  1.645198e+00
     vertex -3.100000e+00 -2.750000e+00  1.645198e+00
     vertex -3.100000e+00 -2.750000e+00  1.595198e+00
   endloop
 endfacet
 facet normal -1.305262e-01  9.914449e-01  8.804779e-15
   outer loop
     vertex -2.914705e+00 -2.508519e+00  1.645198e+00
     vertex -2.850000e+00 -2.500000e+00  1.645198e+00
     vertex -2.850000e+00 -2.500000e+00  1.595198e+00
   endloop
 endfacet
 facet normal -1.305262e-01  9.914449e-01  9.965105e-15
   outer loop
     vertex -2.914705e+00 -2.508519e+00  1.645198e+00
     vertex -2.850000e+00 -2.500000e+00  1.595198e+00
     vertex -2.914705e+00 -2.508519e+00  1.595198e+00
   endloop
 endfacet
 facet normal -3.826834e-01  9.238795e-01  8.205699e-15
   outer loop
     vertex -2.975000e+00 -2.533494e+00  1.645198e+00
     vertex -2.914705e+00 -2.508519e+00  1.595198e+00
     vertex -2.975000e+00 -2.533494e+00  1.595198e+00
   endloop
 endfacet
 facet normal -3.826834e-01  9.238795e-01  1.156250e-14
   outer loop
     vertex -2.975000e+00 -2.533494e+00  1.645198e+00
     vertex -2.914705e+00 -2.508519e+00  1.645198e+00
     vertex -2.914705e+00 -2.508519e+00  1.595198e+00
   endloop
 endfacet
 facet normal -6.087614e-01  7.933533e-01  1.245328e-14
   outer loop
     vertex -3.026777e+00 -2.573223e+00  1.645198e+00
     vertex -2.975000e+00 -2.533494e+00  1.595198e+00
     vertex -3.026777e+00 -2.573223e+00  1.595198e+00
   endloop
 endfacet
 facet normal -6.087614e-01  7.933533e-01  7.043823e-15
   outer loop
     vertex -3.026777e+00 -2.573223e+00  1.645198e+00
     vertex -2.975000e+00 -2.533494e+00  1.645198e+00
     vertex -2.975000e+00 -2.533494e+00  1.595198e+00
   endloop
 endfacet
 facet normal -7.933533e-01  6.087614e-01  7.046393e-15
   outer loop
     vertex -3.066506e+00 -2.625000e+00  1.645198e+00
     vertex -3.026777e+00 -2.573223e+00  1.595198e+00
     vertex -3.066506e+00 -2.625000e+00  1.595198e+00
   endloop
 endfacet
 facet normal -7.933533e-01  6.087614e-01  1.235992e-14
   outer loop
     vertex -3.066506e+00 -2.625000e+00  1.645198e+00
     vertex -3.026777e+00 -2.573223e+00  1.645198e+00
     vertex -3.026777e+00 -2.573223e+00  1.595198e+00
   endloop
 endfacet
 facet normal -9.238795e-01  3.826834e-01  1.160461e-14
   outer loop
     vertex -3.091481e+00 -2.685295e+00  1.645198e+00
     vertex -3.066506e+00 -2.625000e+00  1.595198e+00
     vertex -3.091481e+00 -2.685295e+00  1.595198e+00
   endloop
 endfacet
 facet normal -9.238795e-01  3.826834e-01  8.239944e-15
   outer loop
     vertex -3.091481e+00 -2.685295e+00  1.645198e+00
     vertex -3.066506e+00 -2.625000e+00  1.645198e+00
     vertex -3.066506e+00 -2.625000e+00  1.595198e+00
   endloop
 endfacet
 facet normal -9.914449e-01  1.305262e-01  0.000000e+00
   outer loop
     vertex -3.100000e+00 -2.750000e+00  1.645198e+00
     vertex -3.091481e+00 -2.685295e+00  1.595198e+00
     vertex -3.100000e+00 -2.750000e+00  1.595198e+00
   endloop
 endfacet
 facet normal -9.914449e-01  1.305262e-01  9.967675e-15
   outer loop
     vertex -3.100000e+00 -2.750000e+00  1.645198e+00
     vertex -3.091481e+00 -2.685295e+00  1.645198e+00
     vertex -3.091481e+00 -2.685295e+00  1.595198e+00
   endloop
 endfacet
 facet normal  1.042901e-14  8.002459e-15  1.000000e+00
   outer loop
     vertex -2.608519e+00 -2.685295e+00  1.645198e+00
     vertex -2.633494e+00 -2.625000e+00  1.645198e+00
     vertex -2.673223e+00 -2.573223e+00  1.645198e+00
   endloop
 endfacet
 facet normal  3.934776e-16  5.127900e-16  1.000000e+00
   outer loop
     vertex -3.091481e+00 -2.685295e+00  1.645198e+00
     vertex -2.673223e+00 -2.573223e+00  1.645198e+00
     vertex -2.725000e+00 -2.533494e+00  1.645198e+00
   endloop
 endfacet
 facet normal  3.029411e-16  7.313646e-16  1.000000e+00
   outer loop
     vertex -3.091481e+00 -2.685295e+00  1.645198e+00
     vertex -2.725000e+00 -2.533494e+00  1.645198e+00
     vertex -2.785295e+00 -2.508519e+00  1.645198e+00
   endloop
 endfacet
 facet normal  1.346591e-16  1.022838e-15  1.000000e+00
   outer loop
     vertex -3.091481e+00 -2.685295e+00  1.645198e+00
     vertex -2.785295e+00 -2.508519e+00  1.645198e+00
     vertex -2.850000e+00 -2.500000e+00  1.645198e+00
   endloop
 endfacet
 facet normal -1.904367e-16  1.446511e-15  1.000000e+00
   outer loop
     vertex -3.091481e+00 -2.685295e+00  1.645198e+00
     vertex -2.850000e+00 -2.500000e+00  1.645198e+00
     vertex -2.914705e+00 -2.508519e+00  1.645198e+00
   endloop
 endfacet
 facet normal -8.881784e-16  2.144252e-15  1.000000e+00
   outer loop
     vertex -3.091481e+00 -2.685295e+00  1.645198e+00
     vertex -2.914705e+00 -2.508519e+00  1.645198e+00
     vertex -2.975000e+00 -2.533494e+00  1.645198e+00
   endloop
 endfacet
 facet normal -2.729490e-15  3.557140e-15  1.000000e+00
   outer loop
     vertex -3.091481e+00 -2.685295e+00  1.645198e+00
     vertex -2.975000e+00 -2.533494e+00  1.645198e+00
     vertex -3.026777e+00 -2.573223e+00  1.645198e+00
   endloop
 endfacet
 facet normal -1.042901e-14  8.002459e-15  1.000000e+00
   outer loop
     vertex -3.091481e+00 -2.685295e+00  1.645198e+00
     vertex -3.026777e+00 -2.573223e+00  1.645198e+00
     vertex -3.066506e+00 -2.625000e+00  1.645198e+00
   endloop
 endfacet
 facet normal  0.000000e+00  0.000000e+00  1.000000e+00
   outer loop
     vertex -3.100000e+00 -2.750000e+00  1.645198e+00
     vertex -2.600000e+00 -2.750000e+00  1.645198e+00
     vertex -2.608519e+00 -2.685295e+00  1.645198e+00
   endloop
 endfacet
 facet normal -2.424132e-16  1.841311e-15  1.000000e+00
   outer loop
     vertex -3.100000e+00 -2.750000e+00  1.645198e+00
     vertex -2.608519e+00 -2.685295e+00  1.645198e+00
     vertex -2.673223e+00 -2.573223e+00  1.645198e+00
   endloop
 endfacet
 facet normal  5.502915e-16 -7.244725e-17  1.000000e+00
   outer loop
     vertex -3.100000e+00 -2.750000e+00  1.645198e+00
     vertex -2.673223e+00 -2.573223e+00  1.645198e+00
     vertex -3.091481e+00 -2.685295e+00  1.645198e+00
   endloop
 endfacet
 facet normal  0.000000e+00  0.000000e+00  1.000000e+00
   outer loop
     vertex -3.100000e+00 -3.090000e+00  1.645198e+00
     vertex -2.600000e+00 -3.090000e+00  1.645198e+00
     vertex -2.600000e+00 -2.750000e+00  1.645198e+00
   endloop
 endfacet
 facet normal  0.000000e+00  0.000000e+00  1.000000e+00
   outer loop
     vertex -3.100000e+00 -3.090000e+00  1.645198e+00
     vertex -2.600000e+00 -2.750000e+00  1.645198e+00
     vertex -3.100000e+00 -2.750000e+00  1.645198e+00
   endloop
 endfacet
 facet normal  0.000000e+00  0.000000e+00 -1.000000e+00
   outer loop
     vertex  2.508519e+00 -2.785295e+00  1.595198e+00
     vertex  2.533494e+00 -2.725000e+00  1.595198e+00
     vertex  2.573223e+00 -2.673223e+00  1.595198e+00
   endloop
 endfacet
 facet normal  0.000000e+00  0.000000e+00 -1.000000e+00
   outer loop
     vertex  2.750000e+00 -3.100000e+00  1.595198e+00
     vertex  3.090000e+00 -2.600000e+00  1.595198e+00
     vertex  3.090000e+00 -3.100000e+00  1.595198e+00
   endloop
 endfacet
 facet normal  0.000000e+00  0.000000e+00 -1.000000e+00
   outer loop
     vertex  2.750000e+00 -3.100000e+00  1.595198e+00
     vertex  2.750000e+00 -2.600000e+00  1.595198e+00
     vertex  3.090000e+00 -2.600000e+00  1.595198e+00
   endloop
 endfacet
 facet normal  0.000000e+00  0.000000e+00 -1.000000e+00
   outer loop
     vertex  2.573223e+00 -3.026777e+00  1.595198e+00
     vertex  2.685295e+00 -2.608519e+00  1.595198e+00
     vertex  2.750000e+00 -2.600000e+00  1.595198e+00
   endloop
 endfacet
 facet normal  0.000000e+00  0.000000e+00 -1.000000e+00
   outer loop
     vertex  2.573223e+00 -3.026777e+00  1.595198e+00
     vertex  2.625000e+00 -2.633494e+00  1.595198e+00
     vertex  2.685295e+00 -2.608519e+00  1.595198e+00
   endloop
 endfacet
 facet normal  0.000000e+00  0.000000e+00 -1.000000e+00
   outer loop
     vertex  2.573223e+00 -3.026777e+00  1.595198e+00
     vertex  2.573223e+00 -2.673223e+00  1.595198e+00
     vertex  2.625000e+00 -2.633494e+00  1.595198e+00
   endloop
 endfacet
 facet normal  0.000000e+00  0.000000e+00 -1.000000e+00
   outer loop
     vertex  2.573223e+00 -3.026777e+00  1.595198e+00
     vertex  2.500000e+00 -2.850000e+00  1.595198e+00
     vertex  2.508519e+00 -2.785295e+00  1.595198e+00
   endloop
 endfacet
 facet normal  0.000000e+00  0.000000e+00 -1.000000e+00
   outer loop
     vertex  2.573223e+00 -3.026777e+00  1.595198e+00
     vertex  2.508519e+00 -2.914705e+00  1.595198e+00
     vertex  2.500000e+00 -2.850000e+00  1.595198e+00
   endloop
 endfacet
 facet normal  0.000000e+00  0.000000e+00 -1.000000e+00
   outer loop
     vertex  2.573223e+00 -3.026777e+00  1.595198e+00
     vertex  2.533494e+00 -2.975000e+00  1.595198e+00
     vertex  2.508519e+00 -2.914705e+00  1.595198e+00
   endloop
 endfacet
 facet normal  0.000000e+00  0.000000e+00 -1.000000e+00
   outer loop
     vertex  2.573223e+00 -3.026777e+00  1.595198e+00
     vertex  2.685295e+00 -3.091481e+00  1.595198e+00
     vertex  2.625000e+00 -3.066506e+00  1.595198e+00
   endloop
 endfacet
 facet normal  0.000000e+00  0.000000e+00 -1.000000e+00
   outer loop
     vertex  2.573223e+00 -3.026777e+00  1.595198e+00
     vertex  2.750000e+00 -3.100000e+00  1.595198e+00
     vertex  2.685295e+00 -3.091481e+00  1.595198e+00
   endloop
 endfacet
 facet normal  0.000000e+00  0.000000e+00 -1.000000e+00
   outer loop
     vertex  2.573223e+00 -3.026777e+00  1.595198e+00
     vertex  2.508519e+00 -2.785295e+00  1.595198e+00
     vertex  2.573223e+00 -2.673223e+00  1.595198e+00
   endloop
 endfacet
 facet normal  0.000000e+00  0.000000e+00 -1.000000e+00
   outer loop
     vertex  2.573223e+00 -3.026777e+00  1.595198e+00
     vertex  2.750000e+00 -2.600000e+00  1.595198e+00
     vertex  2.750000e+00 -3.100000e+00  1.595198e+00
   endloop
 endfacet
 facet normal  1.000000e+00  0.000000e+00  0.000000e+00
   outer loop
     vertex  3.090000e+00 -2.600000e+00  1.645198e+00
     vertex  3.090000e+00 -3.100000e+00  1.595198e+00
     vertex  3.090000e+00 -2.600000e+00  1.595198e+00
   endloop
 endfacet
 facet normal  1.000000e+00  0.000000e+00  0.000000e+00
   outer loop
     vertex  3.090000e+00 -2.600000e+00  1.645198e+00
     vertex  3.090000e+00 -3.100000e+00  1.645198e+00
     vertex  3.090000e+00 -3.100000e+00  1.595198e+00
   endloop
 endfacet
 facet normal  1.306145e-15 -1.000000e+00  0.000000e+00
   outer loop
     vertex  2.750000e+00 -3.100000e+00  1.645198e+00
     vertex  3.090000e+00 -3.100000e+00  1.595198e+00
     vertex  3.090000e+00 -3.100000e+00  1.645198e+00
   endloop
 endfacet
 facet normal  0.000000e+00 -1.000000e+00 -8.881784e-15
   outer loop
     vertex  2.750000e+00 -3.100000e+00  1.645198e+00
     vertex  2.750000e+00 -3.100000e+00  1.595198e+00
     vertex  3.090000e+00 -3.100000e+00  1.595198e+00
   endloop
 endfacet
 facet normal -1.305262e-01  9.914449e-01  0.000000e+00
   outer loop
     vertex  2.685295e+00 -2.608519e+00  1.645198e+00
     vertex  2.750000e+00 -2.600000e+00  1.645198e+00
     vertex  2.750000e+00 -2.600000e+00  1.595198e+00
   endloop
 endfacet
 facet normal -1.305262e-01  9.914449e-01  0.000000e+00
   outer loop
     vertex  2.685295e+00 -2.608519e+00  1.645198e+00
     vertex  2.750000e+00 -2.600000e+00  1.595198e+00
     vertex  2.685295e+00 -2.608519e+00  1.595198e+00
   endloop
 endfacet
 facet normal -3.826834e-01  9.238795e-01  0.000000e+00
   outer loop
     vertex  2.625000e+00 -2.633494e+00  1.645198e+00
     vertex  2.685295e+00 -2.608519e+00  1.595198e+00
     vertex  2.625000e+00 -2.633494e+00  1.595198e+00
   endloop
 endfacet
 facet normal -3.826834e-01  9.238795e-01  0.000000e+00
   outer loop
     vertex  2.625000e+00 -2.633494e+00  1.645198e+00
     vertex  2.685295e+00 -2.608519e+00  1.645198e+00
     vertex  2.685295e+00 -2.608519e+00  1.595198e+00
   endloop
 endfacet
 facet normal -6.087614e-01  7.933533e-01  0.000000e+00
   outer loop
     vertex  2.573223e+00 -2.673223e+00  1.645198e+00
     vertex  2.625000e+00 -2.633494e+00  1.595198e+00
     vertex  2.573223e+00 -2.673223e+00  1.595198e+00
   endloop
 endfacet
 facet normal -6.087614e-01  7.933533e-01  0.000000e+00
   outer loop
     vertex  2.573223e+00 -2.673223e+00  1.645198e+00
     vertex  2.625000e+00 -2.633494e+00  1.645198e+00
     vertex  2.625000e+00 -2.633494e+00  1.595198e+00
   endloop
 endfacet
 facet normal -7.933533e-01  6.087614e-01  0.000000e+00
   outer loop
     vertex  2.533494e+00 -2.725000e+00  1.645198e+00
     vertex  2.573223e+00 -2.673223e+00  1.595198e+00
     vertex  2.533494e+00 -2.725000e+00  1.595198e+00
   endloop
 endfacet
 facet normal -7.933533e-01  6.087614e-01  0.000000e+00
   outer loop
     vertex  2.533494e+00 -2.725000e+00  1.645198e+00
     vertex  2.573223e+00 -2.673223e+00  1.645198e+00
     vertex  2.573223e+00 -2.673223e+00  1.595198e+00
   endloop
 endfacet
 facet normal -9.238795e-01  3.826834e-01  0.000000e+00
   outer loop
     vertex  2.508519e+00 -2.785295e+00  1.645198e+00
     vertex  2.533494e+00 -2.725000e+00  1.595198e+00
     vertex  2.508519e+00 -2.785295e+00  1.595198e+00
   endloop
 endfacet
 facet normal -9.238795e-01  3.826834e-01  0.000000e+00
   outer loop
     vertex  2.508519e+00 -2.785295e+00  1.645198e+00
     vertex  2.533494e+00 -2.725000e+00  1.645198e+00
     vertex  2.533494e+00 -2.725000e+00  1.595198e+00
   endloop
 endfacet
 facet normal -9.914449e-01  1.305262e-01  0.000000e+00
   outer loop
     vertex  2.500000e+00 -2.850000e+00  1.645198e+00
     vertex  2.508519e+00 -2.785295e+00  1.595198e+00
     vertex  2.500000e+00 -2.850000e+00  1.595198e+00
   endloop
 endfacet
 facet normal -9.914449e-01  1.305262e-01  0.000000e+00
   outer loop
     vertex  2.500000e+00 -2.850000e+00  1.645198e+00
     vertex  2.508519e+00 -2.785295e+00  1.645198e+00
     vertex  2.508519e+00 -2.785295e+00  1.595198e+00
   endloop
 endfacet
 facet normal -9.914449e-01 -1.305262e-01 -0.000000e+00
   outer loop
     vertex  2.508519e+00 -2.914705e+00  1.645198e+00
     vertex  2.500000e+00 -2.850000e+00  1.595198e+00
     vertex  2.508519e+00 -2.914705e+00  1.595198e+00
   endloop
 endfacet
 facet normal -9.914449e-01 -1.305262e-01  0.000000e+00
   outer loop
     vertex  2.508519e+00 -2.914705e+00  1.645198e+00
     vertex  2.500000e+00 -2.850000e+00  1.645198e+00
     vertex  2.500000e+00 -2.850000e+00  1.595198e+00
   endloop
 endfacet
 facet normal -9.238795e-01 -3.826834e-01 -0.000000e+00
   outer loop
     vertex  2.533494e+00 -2.975000e+00  1.645198e+00
     vertex  2.508519e+00 -2.914705e+00  1.595198e+00
     vertex  2.533494e+00 -2.975000e+00  1.595198e+00
   endloop
 endfacet
 facet normal -9.238795e-01 -3.826834e-01  0.000000e+00
   outer loop
     vertex  2.533494e+00 -2.975000e+00  1.645198e+00
     vertex  2.508519e+00 -2.914705e+00  1.645198e+00
     vertex  2.508519e+00 -2.914705e+00  1.595198e+00
   endloop
 endfacet
 facet normal -7.933533e-01 -6.087614e-01 -0.000000e+00
   outer loop
     vertex  2.573223e+00 -3.026777e+00  1.645198e+00
     vertex  2.533494e+00 -2.975000e+00  1.595198e+00
     vertex  2.573223e+00 -3.026777e+00  1.595198e+00
   endloop
 endfacet
 facet normal -7.933533e-01 -6.087614e-01  0.000000e+00
   outer loop
     vertex  2.573223e+00 -3.026777e+00  1.645198e+00
     vertex  2.533494e+00 -2.975000e+00  1.645198e+00
     vertex  2.533494e+00 -2.975000e+00  1.595198e+00
   endloop
 endfacet
 facet normal -6.087614e-01 -7.933533e-01 -0.000000e+00
   outer loop
     vertex  2.625000e+00 -3.066506e+00  1.645198e+00
     vertex  2.573223e+00 -3.026777e+00  1.595198e+00
     vertex  2.625000e+00 -3.066506e+00  1.595198e+00
   endloop
 endfacet
 facet normal -6.087614e-01 -7.933533e-01  0.000000e+00
   outer loop
     vertex  2.625000e+00 -3.066506e+00  1.645198e+00
     vertex  2.573223e+00 -3.026777e+00  1.645198e+00
     vertex  2.573223e+00 -3.026777e+00  1.595198e+00
   endloop
 endfacet
 facet normal -3.826834e-01 -9.238795e-01 -0.000000e+00
   outer loop
     vertex  2.685295e+00 -3.091481e+00  1.645198e+00
     vertex  2.625000e+00 -3.066506e+00  1.595198e+00
     vertex  2.685295e+00 -3.091481e+00  1.595198e+00
   endloop
 endfacet
 facet normal -3.826834e-01 -9.238795e-01  0.000000e+00
   outer loop
     vertex  2.685295e+00 -3.091481e+00  1.645198e+00
     vertex  2.625000e+00 -3.066506e+00  1.645198e+00
     vertex  2.625000e+00 -3.066506e+00  1.595198e+00
   endloop
 endfacet
 facet normal -1.305262e-01 -9.914449e-01 -8.805799e-15
   outer loop
     vertex  2.750000e+00 -3.100000e+00  1.645198e+00
     vertex  2.685295e+00 -3.091481e+00  1.595198e+00
     vertex  2.750000e+00 -3.100000e+00  1.595198e+00
   endloop
 endfacet
 facet normal -1.305262e-01 -9.914449e-01  0.000000e+00
   outer loop
     vertex  2.750000e+00 -3.100000e+00  1.645198e+00
     vertex  2.685295e+00 -3.091481e+00  1.645198e+00
     vertex  2.685295e+00 -3.091481e+00  1.595198e+00
   endloop
 endfacet
 facet normal  0.000000e+00  1.000000e+00 -0.000000e+00
   outer loop
     vertex  3.090000e+00 -2.600000e+00  1.595198e+00
     vertex  2.750000e+00 -2.600000e+00  1.645198e+00
     vertex  3.090000e+00 -2.600000e+00  1.645198e+00
   endloop
 endfacet
 facet normal  0.000000e+00  1.000000e+00  0.000000e+00
   outer loop
     vertex  3.090000e+00 -2.600000e+00  1.595198e+00
     vertex  2.750000e+00 -2.600000e+00  1.595198e+00
     vertex  2.750000e+00 -2.600000e+00  1.645198e+00
   endloop
 endfacet
 facet normal -5.852373e-16  4.445319e-15  1.000000e+00
   outer loop
     vertex  2.573223e+00 -2.673223e+00  1.645198e+00
     vertex  2.750000e+00 -2.600000e+00  1.645198e+00
     vertex  2.685295e+00 -2.608519e+00  1.645198e+00
   endloop
 endfacet
 facet normal -5.030556e-15  1.214484e-14  1.000000e+00
   outer loop
     vertex  2.573223e+00 -2.673223e+00  1.645198e+00
     vertex  2.685295e+00 -2.608519e+00  1.645198e+00
     vertex  2.625000e+00 -2.633494e+00  1.645198e+00
   endloop
 endfacet
 facet normal -5.800448e-31  4.440892e-16  1.000000e+00
   outer loop
     vertex  2.750000e+00 -3.100000e+00  1.645198e+00
     vertex  3.090000e+00 -3.100000e+00  1.645198e+00
     vertex  3.090000e+00 -2.600000e+00  1.645198e+00
   endloop
 endfacet
 facet normal  0.000000e+00  4.440892e-16  1.000000e+00
   outer loop
     vertex  2.750000e+00 -3.100000e+00  1.645198e+00
     vertex  3.090000e+00 -2.600000e+00  1.645198e+00
     vertex  2.750000e+00 -2.600000e+00  1.645198e+00
   endloop
 endfacet
 facet normal  0.000000e+00  0.000000e+00  1.000000e+00
   outer loop
     vertex  2.500000e+00 -2.850000e+00  1.645198e+00
     vertex  2.573223e+00 -2.673223e+00  1.645198e+00
     vertex  2.533494e+00 -2.725000e+00  1.645198e+00
   endloop
 endfacet
 facet normal  0.000000e+00  0.000000e+00  1.000000e+00
   outer loop
     vertex  2.500000e+00 -2.850000e+00  1.645198e+00
     vertex  2.533494e+00 -2.725000e+00  1.645198e+00
     vertex  2.508519e+00 -2.785295e+00  1.645198e+00
   endloop
 endfacet
 facet normal  0.000000e+00  0.000000e+00  1.000000e+00
   outer loop
     vertex  2.573223e+00 -3.026777e+00  1.645198e+00
     vertex  2.500000e+00 -2.850000e+00  1.645198e+00
     vertex  2.508519e+00 -2.914705e+00  1.645198e+00
   endloop
 endfacet
 facet normal  0.000000e+00  0.000000e+00  1.000000e+00
   outer loop
     vertex  2.573223e+00 -3.026777e+00  1.645198e+00
     vertex  2.508519e+00 -2.914705e+00  1.645198e+00
     vertex  2.533494e+00 -2.975000e+00  1.645198e+00
   endloop
 endfacet
 facet normal  0.000000e+00  0.000000e+00  1.000000e+00
   outer loop
     vertex  2.573223e+00 -3.026777e+00  1.645198e+00
     vertex  2.625000e+00 -3.066506e+00  1.645198e+00
     vertex  2.685295e+00 -3.091481e+00  1.645198e+00
   endloop
 endfacet
 facet normal  0.000000e+00  0.000000e+00  1.000000e+00
   outer loop
     vertex  2.573223e+00 -3.026777e+00  1.645198e+00
     vertex  2.685295e+00 -3.091481e+00  1.645198e+00
     vertex  2.750000e+00 -3.100000e+00  1.645198e+00
   endloop
 endfacet
 facet normal  1.256074e-15 -0.000000e+00  1.000000e+00
   outer loop
     vertex  2.573223e+00 -3.026777e+00  1.645198e+00
     vertex  2.750000e+00 -2.600000e+00  1.645198e+00
     vertex  2.573223e+00 -2.673223e+00  1.645198e+00
   endloop
 endfacet
 facet normal  0.000000e+00 -0.000000e+00  1.000000e+00
   outer loop
     vertex  2.573223e+00 -3.026777e+00  1.645198e+00
     vertex  2.573223e+00 -2.673223e+00  1.645198e+00
     vertex  2.500000e+00 -2.850000e+00  1.645198e+00
   endloop
 endfacet
 facet normal  1.839478e-16  4.440892e-16  1.000000e+00
   outer loop
     vertex  2.573223e+00 -3.026777e+00  1.645198e+00
     vertex  2.750000e+00 -3.100000e+00  1.645198e+00
     vertex  2.750000e+00 -2.600000e+00  1.645198e+00
   endloop
 endfacet
 facet normal -1.305262e-01  9.914449e-01  0.000000e+00
   outer loop
     vertex -3.221530e+00  3.143748e+00  2.295198e+00
     vertex -3.250000e+00  3.140000e+00  2.195198e+00
     vertex -3.250000e+00  3.140000e+00  2.295198e+00
   endloop
 endfacet
 facet normal -1.305262e-01  9.914449e-01  0.000000e+00
   outer loop
     vertex -3.221530e+00  3.143748e+00  2.295198e+00
     vertex -3.221530e+00  3.143748e+00  2.195198e+00
     vertex -3.250000e+00  3.140000e+00  2.195198e+00
   endloop
 endfacet
 facet normal -3.826834e-01  9.238795e-01  0.000000e+00
   outer loop
     vertex -3.195000e+00  3.154737e+00  2.295198e+00
     vertex -3.195000e+00  3.154737e+00  2.195198e+00
     vertex -3.221530e+00  3.143748e+00  2.195198e+00
   endloop
 endfacet
 facet normal -3.826834e-01  9.238795e-01  0.000000e+00
   outer loop
     vertex -3.195000e+00  3.154737e+00  2.295198e+00
     vertex -3.221530e+00  3.143748e+00  2.195198e+00
     vertex -3.221530e+00  3.143748e+00  2.295198e+00
   endloop
 endfacet
 facet normal -6.087614e-01  7.933533e-01  0.000000e+00
   outer loop
     vertex -3.172218e+00  3.172218e+00  2.295198e+00
     vertex -3.172218e+00  3.172218e+00  2.195198e+00
     vertex -3.195000e+00  3.154737e+00  2.195198e+00
   endloop
 endfacet
 facet normal -6.087614e-01  7.933533e-01  0.000000e+00
   outer loop
     vertex -3.172218e+00  3.172218e+00  2.295198e+00
     vertex -3.195000e+00  3.154737e+00  2.195198e+00
     vertex -3.195000e+00  3.154737e+00  2.295198e+00
   endloop
 endfacet
 facet normal -7.933533e-01  6.087614e-01  0.000000e+00
   outer loop
     vertex -3.154737e+00  3.195000e+00  2.295198e+00
     vertex -3.154737e+00  3.195000e+00  2.195198e+00
     vertex -3.172218e+00  3.172218e+00  2.195198e+00
   endloop
 endfacet
 facet normal -7.933533e-01  6.087614e-01  0.000000e+00
   outer loop
     vertex -3.154737e+00  3.195000e+00  2.295198e+00
     vertex -3.172218e+00  3.172218e+00  2.195198e+00
     vertex -3.172218e+00  3.172218e+00  2.295198e+00
   endloop
 endfacet
 facet normal -9.238795e-01  3.826834e-01  0.000000e+00
   outer loop
     vertex -3.143748e+00  3.221530e+00  2.295198e+00
     vertex -3.143748e+00  3.221530e+00  2.195198e+00
     vertex -3.154737e+00  3.195000e+00  2.195198e+00
   endloop
 endfacet
 facet normal -9.238795e-01  3.826834e-01  0.000000e+00
   outer loop
     vertex -3.143748e+00  3.221530e+00  2.295198e+00
     vertex -3.154737e+00  3.195000e+00  2.195198e+00
     vertex -3.154737e+00  3.195000e+00  2.295198e+00
   endloop
 endfacet
 facet normal -9.914449e-01  1.305262e-01  0.000000e+00
   outer loop
     vertex -3.140000e+00  3.250000e+00  2.295198e+00
     vertex -3.140000e+00  3.250000e+00  2.195198e+00
     vertex -3.143748e+00  3.221530e+00  2.195198e+00
   endloop
 endfacet
 facet normal -9.914449e-01  1.305262e-01  0.000000e+00
   outer loop
     vertex -3.140000e+00  3.250000e+00  2.295198e+00
     vertex -3.143748e+00  3.221530e+00  2.195198e+00
     vertex -3.143748e+00  3.221530e+00  2.295198e+00
   endloop
 endfacet
 facet normal -9.914449e-01 -1.305262e-01 -0.000000e+00
   outer loop
     vertex -3.143748e+00  3.278470e+00  2.295198e+00
     vertex -3.143748e+00  3.278470e+00  2.195198e+00
     vertex -3.140000e+00  3.250000e+00  2.195198e+00
   endloop
 endfacet
 facet normal -9.914449e-01 -1.305262e-01  0.000000e+00
   outer loop
     vertex -3.143748e+00  3.278470e+00  2.295198e+00
     vertex -3.140000e+00  3.250000e+00  2.195198e+00
     vertex -3.140000e+00  3.250000e+00  2.295198e+00
   endloop
 endfacet
 facet normal -9.238795e-01 -3.826834e-01 -0.000000e+00
   outer loop
     vertex -3.154737e+00  3.305000e+00  2.295198e+00
     vertex -3.154737e+00  3.305000e+00  2.195198e+00
     vertex -3.143748e+00  3.278470e+00  2.195198e+00
   endloop
 endfacet
 facet normal -9.238795e-01 -3.826834e-01  0.000000e+00
   outer loop
     vertex -3.154737e+00  3.305000e+00  2.295198e+00
     vertex -3.143748e+00  3.278470e+00  2.195198e+00
     vertex -3.143748e+00  3.278470e+00  2.295198e+00
   endloop
 endfacet
 facet normal -7.933533e-01 -6.087614e-01 -0.000000e+00
   outer loop
     vertex -3.172218e+00  3.327782e+00  2.295198e+00
     vertex -3.172218e+00  3.327782e+00  2.195198e+00
     vertex -3.154737e+00  3.305000e+00  2.195198e+00
   endloop
 endfacet
 facet normal -7.933533e-01 -6.087614e-01  0.000000e+00
   outer loop
     vertex -3.172218e+00  3.327782e+00  2.295198e+00
     vertex -3.154737e+00  3.305000e+00  2.195198e+00
     vertex -3.154737e+00  3.305000e+00  2.295198e+00
   endloop
 endfacet
 facet normal -6.087614e-01 -7.933533e-01 -0.000000e+00
   outer loop
     vertex -3.195000e+00  3.345263e+00  2.295198e+00
     vertex -3.195000e+00  3.345263e+00  2.195198e+00
     vertex -3.172218e+00  3.327782e+00  2.195198e+00
   endloop
 endfacet
 facet normal -6.087614e-01 -7.933533e-01  0.000000e+00
   outer loop
     vertex -3.195000e+00  3.345263e+00  2.295198e+00
     vertex -3.172218e+00  3.327782e+00  2.195198e+00
     vertex -3.172218e+00  3.327782e+00  2.295198e+00
   endloop
 endfacet
 facet normal -3.826834e-01 -9.238795e-01 -0.000000e+00
   outer loop
     vertex -3.221530e+00  3.356252e+00  2.295198e+00
     vertex -3.221530e+00  3.356252e+00  2.195198e+00
     vertex -3.195000e+00  3.345263e+00  2.195198e+00
   endloop
 endfacet
 facet normal -3.826834e-01 -9.238795e-01  0.000000e+00
   outer loop
     vertex -3.221530e+00  3.356252e+00  2.295198e+00
     vertex -3.195000e+00  3.345263e+00  2.195198e+00
     vertex -3.195000e+00  3.345263e+00  2.295198e+00
   endloop
 endfacet
 facet normal -1.305262e-01 -9.914449e-01 -0.000000e+00
   outer loop
     vertex -3.250000e+00  3.360000e+00  2.295198e+00
     vertex -3.250000e+00  3.360000e+00  2.195198e+00
     vertex -3.221530e+00  3.356252e+00  2.195198e+00
   endloop
 endfacet
 facet normal -1.305262e-01 -9.914449e-01  0.000000e+00
   outer loop
     vertex -3.250000e+00  3.360000e+00  2.295198e+00
     vertex -3.221530e+00  3.356252e+00  2.195198e+00
     vertex -3.221530e+00  3.356252e+00  2.295198e+00
   endloop
 endfacet
 facet normal  0.000000e+00  1.439511e-16  1.000000e+00
   outer loop
     vertex -3.085000e+00 -3.085000e+00  2.095198e+00
     vertex  3.085000e+00  3.085000e+00  2.095198e+00
     vertex -3.085000e+00  3.085000e+00  2.095198e+00
   endloop
 endfacet
 facet normal -0.000000e+00  1.439511e-16  1.000000e+00
   outer loop
     vertex -3.085000e+00 -3.085000e+00  2.095198e+00
     vertex  3.085000e+00 -3.085000e+00  2.095198e+00
     vertex  3.085000e+00  3.085000e+00  2.095198e+00
   endloop
 endfacet
 facet normal  0.000000e+00 -1.000000e+00  0.000000e+00
   outer loop
     vertex -3.085000e+00  3.085000e+00  2.295198e+00
     vertex  3.085000e+00  3.085000e+00  2.095198e+00
     vertex  3.085000e+00  3.085000e+00  2.295198e+00
   endloop
 endfacet
 facet normal  0.000000e+00 -1.000000e+00  0.000000e+00
   outer loop
     vertex -3.085000e+00  3.085000e+00  2.295198e+00
     vertex -3.085000e+00  3.085000e+00  2.095198e+00
     vertex  3.085000e+00  3.085000e+00  2.095198e+00
   endloop
 endfacet
 facet normal  1.000000e+00  0.000000e+00  0.000000e+00
   outer loop
     vertex -3.085000e+00  3.085000e+00  2.295198e+00
     vertex -3.085000e+00 -3.085000e+00  2.095198e+00
     vertex -3.085000e+00  3.085000e+00  2.095198e+00
   endloop
 endfacet
 facet normal  1.000000e+00  0.000000e+00  0.000000e+00
   outer loop
     vertex -3.085000e+00  3.085000e+00  2.295198e+00
     vertex -3.085000e+00 -3.085000e+00  2.295198e+00
     vertex -3.085000e+00 -3.085000e+00  2.095198e+00
   endloop
 endfacet
 facet normal  0.000000e+00  1.000000e+00  0.000000e+00
   outer loop
     vertex  3.085000e+00 -3.085000e+00  2.095198e+00
     vertex -3.085000e+00 -3.085000e+00  2.095198e+00
     vertex -3.085000e+00 -3.085000e+00  2.295198e+00
   endloop
 endfacet
 facet normal  0.000000e+00  1.000000e+00 -0.000000e+00
   outer loop
     vertex  3.085000e+00 -3.085000e+00  2.095198e+00
     vertex -3.085000e+00 -3.085000e+00  2.295198e+00
     vertex  3.085000e+00 -3.085000e+00  2.295198e+00
   endloop
 endfacet
 facet normal -1.000000e+00 -0.000000e+00  0.000000e+00
   outer loop
     vertex  3.085000e+00  3.085000e+00  2.295198e+00
     vertex  3.085000e+00 -3.085000e+00  2.095198e+00
     vertex  3.085000e+00 -3.085000e+00  2.295198e+00
   endloop
 endfacet
 facet normal -1.000000e+00  0.000000e+00 -0.000000e+00
   outer loop
     vertex  3.085000e+00  3.085000e+00  2.295198e+00
     vertex  3.085000e+00  3.085000e+00  2.095198e+00
     vertex  3.085000e+00 -3.085000e+00  2.095198e+00
   endloop
 endfacet
 facet normal  0.000000e+00 -1.268826e-16 -1.000000e+00
   outer loop
     vertex  3.500000e+00 -3.500000e+00  1.645198e+00
     vertex -3.500000e+00  3.500000e+00  1.645198e+00
     vertex  3.500000e+00  3.500000e+00  1.645198e+00
   endloop
 endfacet
 facet normal  0.000000e+00 -1.268826e-16 -1.000000e+00
   outer loop
     vertex -3.500000e+00 -3.500000e+00  1.645198e+00
     vertex -3.500000e+00  3.500000e+00  1.645198e+00
     vertex  3.500000e+00 -3.500000e+00  1.645198e+00
   endloop
 endfacet
 facet normal -0.000000e+00  0.000000e+00  1.000000e+00
   outer loop
     vertex -3.172218e+00  3.327782e+00  2.295198e+00
     vertex  3.085000e+00  3.085000e+00  2.295198e+00
     vertex  3.500000e+00  3.500000e+00  2.295198e+00
   endloop
 endfacet
 facet normal -0.000000e+00  0.000000e+00  1.000000e+00
   outer loop
     vertex -3.195000e+00  3.345263e+00  2.295198e+00
     vertex -3.172218e+00  3.327782e+00  2.295198e+00
     vertex  3.500000e+00  3.500000e+00  2.295198e+00
   endloop
 endfacet
 facet normal -0.000000e+00 -0.000000e+00  1.000000e+00
   outer loop
     vertex -3.154737e+00  3.305000e+00  2.295198e+00
     vertex  3.085000e+00  3.085000e+00  2.295198e+00
     vertex -3.172218e+00  3.327782e+00  2.295198e+00
   endloop
 endfacet
 facet normal -0.000000e+00 -0.000000e+00  1.000000e+00
   outer loop
     vertex -3.143748e+00  3.278470e+00  2.295198e+00
     vertex  3.085000e+00  3.085000e+00  2.295198e+00
     vertex -3.154737e+00  3.305000e+00  2.295198e+00
   endloop
 endfacet
 facet normal -7.197556e-17  7.197556e-17  1.000000e+00
   outer loop
     vertex  3.085000e+00 -3.085000e+00  2.295198e+00
     vertex  3.500000e+00  3.500000e+00  2.295198e+00
     vertex  3.085000e+00  3.085000e+00  2.295198e+00
   endloop
 endfacet
 facet normal  6.344132e-17  6.344132e-17  1.000000e+00
   outer loop
     vertex  3.500000e+00 -3.500000e+00  2.295198e+00
     vertex  3.500000e+00  3.500000e+00  2.295198e+00
     vertex  3.085000e+00 -3.085000e+00  2.295198e+00
   endloop
 endfacet
 facet normal  0.000000e+00  0.000000e+00  1.000000e+00
   outer loop
     vertex -3.085000e+00  3.085000e+00  2.295198e+00
     vertex -3.143748e+00  3.221530e+00  2.295198e+00
     vertex -3.154737e+00  3.195000e+00  2.295198e+00
   endloop
 endfacet
 facet normal  0.000000e+00  0.000000e+00  1.000000e+00
   outer loop
     vertex -3.085000e+00  3.085000e+00  2.295198e+00
     vertex -3.140000e+00  3.250000e+00  2.295198e+00
     vertex -3.143748e+00  3.221530e+00  2.295198e+00
   endloop
 endfacet
 facet normal  0.000000e+00  0.000000e+00  1.000000e+00
   outer loop
     vertex -3.085000e+00  3.085000e+00  2.295198e+00
     vertex -3.143748e+00  3.278470e+00  2.295198e+00
     vertex -3.140000e+00  3.250000e+00  2.295198e+00
   endloop
 endfacet
 facet normal  0.000000e+00 -0.000000e+00  1.000000e+00
   outer loop
     vertex -3.085000e+00  3.085000e+00  2.295198e+00
     vertex  3.085000e+00  3.085000e+00  2.295198e+00
     vertex -3.143748e+00  3.278470e+00  2.295198e+00
   endloop
 endfacet
 facet normal -0.000000e+00  0.000000e+00  1.000000e+00
   outer loop
     vertex -3.172218e+00  3.172218e+00  2.295198e+00
     vertex -3.085000e+00  3.085000e+00  2.295198e+00
     vertex -3.154737e+00  3.195000e+00  2.295198e+00
   endloop
 endfacet
 facet normal  0.000000e+00  0.000000e+00  1.000000e+00
   outer loop
     vertex -3.500000e+00  3.500000e+00  2.295198e+00
     vertex -3.278470e+00  3.356252e+00  2.295198e+00
     vertex -3.250000e+00  3.360000e+00  2.295198e+00
   endloop
 endfacet
 facet normal  0.000000e+00  0.000000e+00  1.000000e+00
   outer loop
     vertex -3.500000e+00  3.500000e+00  2.295198e+00
     vertex -3.305000e+00  3.345263e+00  2.295198e+00
     vertex -3.278470e+00  3.356252e+00  2.295198e+00
   endloop
 endfacet
 facet normal  0.000000e+00  0.000000e+00  1.000000e+00
   outer loop
     vertex -3.500000e+00  3.500000e+00  2.295198e+00
     vertex -3.327782e+00  3.327782e+00  2.295198e+00
     vertex -3.305000e+00  3.345263e+00  2.295198e+00
   endloop
 endfacet
 facet normal  0.000000e+00  0.000000e+00  1.000000e+00
   outer loop
     vertex -3.500000e+00  3.500000e+00  2.295198e+00
     vertex -3.221530e+00  3.356252e+00  2.295198e+00
     vertex -3.195000e+00  3.345263e+00  2.295198e+00
   endloop
 endfacet
 facet normal  0.000000e+00  0.000000e+00  1.000000e+00
   outer loop
     vertex -3.500000e+00  3.500000e+00  2.295198e+00
     vertex -3.250000e+00  3.360000e+00  2.295198e+00
     vertex -3.221530e+00  3.356252e+00  2.295198e+00
   endloop
 endfacet
 facet normal -0.000000e+00  0.000000e+00  1.000000e+00
   outer loop
     vertex -3.500000e+00  3.500000e+00  2.295198e+00
     vertex -3.195000e+00  3.345263e+00  2.295198e+00
     vertex  3.500000e+00  3.500000e+00  2.295198e+00
   endloop
 endfacet
 facet normal  0.000000e+00 -0.000000e+00  1.000000e+00
   outer loop
     vertex -3.345263e+00  3.305000e+00  2.295198e+00
     vertex -3.327782e+00  3.327782e+00  2.295198e+00
     vertex -3.500000e+00  3.500000e+00  2.295198e+00
   endloop
 endfacet
 facet normal -0.000000e+00  0.000000e+00  1.000000e+00
   outer loop
     vertex -3.195000e+00  3.154737e+00  2.295198e+00
     vertex -3.085000e+00  3.085000e+00  2.295198e+00
     vertex -3.172218e+00  3.172218e+00  2.295198e+00
   endloop
 endfacet
 facet normal  0.000000e+00 -0.000000e+00  1.000000e+00
   outer loop
     vertex -3.356252e+00  3.278470e+00  2.295198e+00
     vertex -3.345263e+00  3.305000e+00  2.295198e+00
     vertex -3.500000e+00  3.500000e+00  2.295198e+00
   endloop
 endfacet
 facet normal -0.000000e+00  0.000000e+00  1.000000e+00
   outer loop
     vertex -3.221530e+00  3.143748e+00  2.295198e+00
     vertex -3.085000e+00  3.085000e+00  2.295198e+00
     vertex -3.195000e+00  3.154737e+00  2.295198e+00
   endloop
 endfacet
 facet normal -0.000000e+00  0.000000e+00  1.000000e+00
   outer loop
     vertex -3.250000e+00  3.140000e+00  2.295198e+00
     vertex -3.085000e+00  3.085000e+00  2.295198e+00
     vertex -3.221530e+00  3.143748e+00  2.295198e+00
   endloop
 endfacet
 facet normal  0.000000e+00 -0.000000e+00  1.000000e+00
   outer loop
     vertex -3.360000e+00  3.250000e+00  2.295198e+00
     vertex -3.356252e+00  3.278470e+00  2.295198e+00
     vertex -3.500000e+00  3.500000e+00  2.295198e+00
   endloop
 endfacet
 facet normal  0.000000e+00  0.000000e+00  1.000000e+00
   outer loop
     vertex -3.356252e+00  3.221530e+00  2.295198e+00
     vertex -3.360000e+00  3.250000e+00  2.295198e+00
     vertex -3.500000e+00  3.500000e+00  2.295198e+00
   endloop
 endfacet
 facet normal  0.000000e+00  0.000000e+00  1.000000e+00
   outer loop
     vertex -3.278470e+00  3.143748e+00  2.295198e+00
     vertex -3.085000e+00  3.085000e+00  2.295198e+00
     vertex -3.250000e+00  3.140000e+00  2.295198e+00
   endloop
 endfacet
 facet normal  0.000000e+00  0.000000e+00  1.000000e+00
   outer loop
     vertex -3.345263e+00  3.195000e+00  2.295198e+00
     vertex -3.356252e+00  3.221530e+00  2.295198e+00
     vertex -3.500000e+00  3.500000e+00  2.295198e+00
   endloop
 endfacet
 facet normal  5.613010e-17  7.315017e-17  1.000000e+00
   outer loop
     vertex -3.085000e+00 -3.085000e+00  2.295198e+00
     vertex -3.305000e+00  3.154737e+00  2.295198e+00
     vertex -3.327782e+00  3.172218e+00  2.295198e+00
   endloop
 endfacet
 facet normal  2.991697e-17  7.222595e-17  1.000000e+00
   outer loop
     vertex -3.085000e+00 -3.085000e+00  2.295198e+00
     vertex -3.278470e+00  3.143748e+00  2.295198e+00
     vertex -3.305000e+00  3.154737e+00  2.295198e+00
   endloop
 endfacet
 facet normal  2.185574e-17  7.197556e-17  1.000000e+00
   outer loop
     vertex -3.085000e+00 -3.085000e+00  2.295198e+00
     vertex -3.085000e+00  3.085000e+00  2.295198e+00
     vertex -3.278470e+00  3.143748e+00  2.295198e+00
   endloop
 endfacet
 facet normal  8.391722e-17  6.439195e-17  1.000000e+00
   outer loop
     vertex -3.500000e+00 -3.500000e+00  2.295198e+00
     vertex -3.327782e+00  3.172218e+00  2.295198e+00
     vertex -3.345263e+00  3.195000e+00  2.295198e+00
   endloop
 endfacet
 facet normal -6.832142e-17  6.832142e-17  1.000000e+00
   outer loop
     vertex -3.500000e+00 -3.500000e+00  2.295198e+00
     vertex -3.085000e+00 -3.085000e+00  2.295198e+00
     vertex -3.327782e+00  3.172218e+00  2.295198e+00
   endloop
 endfacet
 facet normal  1.250481e-16  6.344132e-17  1.000000e+00
   outer loop
     vertex -3.500000e+00 -3.500000e+00  2.295198e+00
     vertex -3.345263e+00  3.195000e+00  2.295198e+00
     vertex -3.500000e+00  3.500000e+00  2.295198e+00
   endloop
 endfacet
 facet normal  0.000000e+00  0.000000e+00  1.000000e+00
   outer loop
     vertex -3.500000e+00 -3.500000e+00  2.295198e+00
     vertex  3.500000e+00 -3.500000e+00  2.295198e+00
     vertex  3.085000e+00 -3.085000e+00  2.295198e+00
   endloop
 endfacet
 facet normal  0.000000e+00  0.000000e+00  1.000000e+00
   outer loop
     vertex -3.500000e+00 -3.500000e+00  2.295198e+00
     vertex  3.085000e+00 -3.085000e+00  2.295198e+00
     vertex -3.085000e+00 -3.085000e+00  2.295198e+00
   endloop
 endfacet
 facet normal  0.000000e+00 -1.000000e+00 -6.832142e-16
   outer loop
     vertex -3.500000e+00 -3.500000e+00  2.295198e+00
     vertex  3.500000e+00 -3.500000e+00  1.645198e+00
     vertex  3.500000e+00 -3.500000e+00  2.295198e+00
   endloop
 endfacet
 facet normal  0.000000e+00 -1.000000e+00 -6.832142e-16
   outer loop
     vertex -3.500000e+00 -3.500000e+00  2.295198e+00
     vertex -3.500000e+00 -3.500000e+00  1.645198e+00
     vertex  3.500000e+00 -3.500000e+00  1.645198e+00
   endloop
 endfacet
 facet normal -1.000000e+00 -0.000000e+00  0.000000e+00
   outer loop
     vertex -3.500000e+00  3.500000e+00  2.295198e+00
     vertex -3.500000e+00 -3.500000e+00  1.645198e+00
     vertex -3.500000e+00 -3.500000e+00  2.295198e+00
   endloop
 endfacet
 facet normal -1.000000e+00  0.000000e+00 -0.000000e+00
   outer loop
     vertex -3.500000e+00  3.500000e+00  2.295198e+00
     vertex -3.500000e+00  3.500000e+00  1.645198e+00
     vertex -3.500000e+00 -3.500000e+00  1.645198e+00
   endloop
 endfacet
 facet normal  0.000000e+00  1.000000e+00  6.832142e-16
   outer loop
     vertex  3.500000e+00  3.500000e+00  2.295198e+00
     vertex -3.500000e+00  3.500000e+00  1.645198e+00
     vertex -3.500000e+00  3.500000e+00  2.295198e+00
   endloop
 endfacet
 facet normal  0.000000e+00  1.000000e+00  6.832142e-16
   outer loop
     vertex  3.500000e+00  3.500000e+00  2.295198e+00
     vertex  3.500000e+00  3.500000e+00  1.645198e+00
     vertex -3.500000e+00  3.500000e+00  1.645198e+00
   endloop
 endfacet
 facet normal  1.000000e+00  0.000000e+00  0.000000e+00
   outer loop
     vertex  3.500000e+00  3.500000e+00  2.295198e+00
     vertex  3.500000e+00 -3.500000e+00  2.295198e+00
     vertex  3.500000e+00 -3.500000e+00  1.645198e+00
   endloop
 endfacet
 facet normal  1.000000e+00  0.000000e+00  0.000000e+00
   outer loop
     vertex  3.500000e+00  3.500000e+00  2.295198e+00
     vertex  3.500000e+00 -3.500000e+00  1.645198e+00
     vertex  3.500000e+00  3.500000e+00  1.645198e+00
   endloop
 endfacet
 facet normal  1.305262e-01 -9.914449e-01  0.000000e+00
   outer loop
     vertex -3.278470e+00  3.356252e+00  2.295198e+00
     vertex -3.250000e+00  3.360000e+00  2.195198e+00
     vertex -3.250000e+00  3.360000e+00  2.295198e+00
   endloop
 endfacet
 facet normal  1.305262e-01 -9.914449e-01  0.000000e+00
   outer loop
     vertex -3.278470e+00  3.356252e+00  2.295198e+00
     vertex -3.278470e+00  3.356252e+00  2.195198e+00
     vertex -3.250000e+00  3.360000e+00  2.195198e+00
   endloop
 endfacet
 facet normal  3.826834e-01 -9.238795e-01  0.000000e+00
   outer loop
     vertex -3.305000e+00  3.345263e+00  2.295198e+00
     vertex -3.305000e+00  3.345263e+00  2.195198e+00
     vertex -3.278470e+00  3.356252e+00  2.195198e+00
   endloop
 endfacet
 facet normal  3.826834e-01 -9.238795e-01  0.000000e+00
   outer loop
     vertex -3.305000e+00  3.345263e+00  2.295198e+00
     vertex -3.278470e+00  3.356252e+00  2.195198e+00
     vertex -3.278470e+00  3.356252e+00  2.295198e+00
   endloop
 endfacet
 facet normal  6.087614e-01 -7.933533e-01  0.000000e+00
   outer loop
     vertex -3.327782e+00  3.327782e+00  2.295198e+00
     vertex -3.327782e+00  3.327782e+00  2.195198e+00
     vertex -3.305000e+00  3.345263e+00  2.195198e+00
   endloop
 endfacet
 facet normal  6.087614e-01 -7.933533e-01  0.000000e+00
   outer loop
     vertex -3.327782e+00  3.327782e+00  2.295198e+00
     vertex -3.305000e+00  3.345263e+00  2.195198e+00
     vertex -3.305000e+00  3.345263e+00  2.295198e+00
   endloop
 endfacet
 facet normal  7.933533e-01 -6.087614e-01  0.000000e+00
   outer loop
     vertex -3.345263e+00  3.305000e+00  2.295198e+00
     vertex -3.345263e+00  3.305000e+00  2.195198e+00
     vertex -3.327782e+00  3.327782e+00  2.195198e+00
   endloop
 endfacet
 facet normal  7.933533e-01 -6.087614e-01  0.000000e+00
   outer loop
     vertex -3.345263e+00  3.305000e+00  2.295198e+00
     vertex -3.327782e+00  3.327782e+00  2.195198e+00
     vertex -3.327782e+00  3.327782e+00  2.295198e+00
   endloop
 endfacet
 facet normal  9.238795e-01 -3.826834e-01  0.000000e+00
   outer loop
     vertex -3.356252e+00  3.278470e+00  2.295198e+00
     vertex -3.356252e+00  3.278470e+00  2.195198e+00
     vertex -3.345263e+00  3.305000e+00  2.195198e+00
   endloop
 endfacet
 facet normal  9.238795e-01 -3.826834e-01  0.000000e+00
   outer loop
     vertex -3.356252e+00  3.278470e+00  2.295198e+00
     vertex -3.345263e+00  3.305000e+00  2.195198e+00
     vertex -3.345263e+00  3.305000e+00  2.295198e+00
   endloop
 endfacet
 facet normal  9.914449e-01 -1.305262e-01  0.000000e+00
   outer loop
     vertex -3.360000e+00  3.250000e+00  2.295198e+00
     vertex -3.360000e+00  3.250000e+00  2.195198e+00
     vertex -3.356252e+00  3.278470e+00  2.195198e+00
   endloop
 endfacet
 facet normal  9.914449e-01 -1.305262e-01  0.000000e+00
   outer loop
     vertex -3.360000e+00  3.250000e+00  2.295198e+00
     vertex -3.356252e+00  3.278470e+00  2.195198e+00
     vertex -3.356252e+00  3.278470e+00  2.295198e+00
   endloop
 endfacet
 facet normal  9.914449e-01  1.305262e-01  0.000000e+00
   outer loop
     vertex -3.356252e+00  3.221530e+00  2.295198e+00
     vertex -3.356252e+00  3.221530e+00  2.195198e+00
     vertex -3.360000e+00  3.250000e+00  2.195198e+00
   endloop
 endfacet
 facet normal  9.914449e-01  1.305262e-01  0.000000e+00
   outer loop
     vertex -3.356252e+00  3.221530e+00  2.295198e+00
     vertex -3.360000e+00  3.250000e+00  2.195198e+00
     vertex -3.360000e+00  3.250000e+00  2.295198e+00
   endloop
 endfacet
 facet normal  9.238795e-01  3.826834e-01  0.000000e+00
   outer loop
     vertex -3.345263e+00  3.195000e+00  2.295198e+00
     vertex -3.345263e+00  3.195000e+00  2.195198e+00
     vertex -3.356252e+00  3.221530e+00  2.195198e+00
   endloop
 endfacet
 facet normal  9.238795e-01  3.826834e-01  0.000000e+00
   outer loop
     vertex -3.345263e+00  3.195000e+00  2.295198e+00
     vertex -3.356252e+00  3.221530e+00  2.195198e+00
     vertex -3.356252e+00  3.221530e+00  2.295198e+00
   endloop
 endfacet
 facet normal  7.933533e-01  6.087614e-01  0.000000e+00
   outer loop
     vertex -3.327782e+00  3.172218e+00  2.295198e+00
     vertex -3.327782e+00  3.172218e+00  2.195198e+00
     vertex -3.345263e+00  3.195000e+00  2.195198e+00
   endloop
 endfacet
 facet normal  7.933533e-01  6.087614e-01  0.000000e+00
   outer loop
     vertex -3.327782e+00  3.172218e+00  2.295198e+00
     vertex -3.345263e+00  3.195000e+00  2.195198e+00
     vertex -3.345263e+00  3.195000e+00  2.295198e+00
   endloop
 endfacet
 facet normal  6.087614e-01  7.933533e-01  0.000000e+00
   outer loop
     vertex -3.305000e+00  3.154737e+00  2.295198e+00
     vertex -3.305000e+00  3.154737e+00  2.195198e+00
     vertex -3.327782e+00  3.172218e+00  2.195198e+00
   endloop
 endfacet
 facet normal  6.087614e-01  7.933533e-01  0.000000e+00
   outer loop
     vertex -3.305000e+00  3.154737e+00  2.295198e+00
     vertex -3.327782e+00  3.172218e+00  2.195198e+00
     vertex -3.327782e+00  3.172218e+00  2.295198e+00
   endloop
 endfacet
 facet normal  3.826834e-01  9.238795e-01  0.000000e+00
   outer loop
     vertex -3.278470e+00  3.143748e+00  2.295198e+00
     vertex -3.278470e+00  3.143748e+00  2.195198e+00
     vertex -3.305000e+00  3.154737e+00  2.195198e+00
   endloop
 endfacet
 facet normal  3.826834e-01  9.238795e-01  0.000000e+00
   outer loop
     vertex -3.278470e+00  3.143748e+00  2.295198e+00
     vertex -3.305000e+00  3.154737e+00  2.195198e+00
     vertex -3.305000e+00  3.154737e+00  2.295198e+00
   endloop
 endfacet
 facet normal  1.305262e-01  9.914449e-01  0.000000e+00
   outer loop
     vertex -3.250000e+00  3.140000e+00  2.295198e+00
     vertex -3.250000e+00  3.140000e+00  2.195198e+00
     vertex -3.278470e+00  3.143748e+00  2.195198e+00
   endloop
 endfacet
 facet normal  1.305262e-01  9.914449e-01  0.000000e+00
   outer loop
     vertex -3.250000e+00  3.140000e+00  2.295198e+00
     vertex -3.278470e+00  3.143748e+00  2.195198e+00
     vertex -3.278470e+00  3.143748e+00  2.295198e+00
   endloop
 endfacet
 facet normal  0.000000e+00  0.000000e+00  1.000000e+00
   outer loop
     vertex -3.327782e+00  3.327782e+00  2.195198e+00
     vertex -3.250000e+00  3.360000e+00  2.195198e+00
     vertex -3.278470e+00  3.356252e+00  2.195198e+00
   endloop
 endfacet
 facet normal  0.000000e+00  0.000000e+00  1.000000e+00
   outer loop
     vertex -3.327782e+00  3.327782e+00  2.195198e+00
     vertex -3.278470e+00  3.356252e+00  2.195198e+00
     vertex -3.305000e+00  3.345263e+00  2.195198e+00
   endloop
 endfacet
 facet normal  0.000000e+00  0.000000e+00  1.000000e+00
   outer loop
     vertex -3.327782e+00  3.327782e+00  2.195198e+00
     vertex -3.345263e+00  3.305000e+00  2.195198e+00
     vertex -3.356252e+00  3.278470e+00  2.195198e+00
   endloop
 endfacet
 facet normal  0.000000e+00  0.000000e+00  1.000000e+00
   outer loop
     vertex -3.327782e+00  3.327782e+00  2.195198e+00
     vertex -3.356252e+00  3.278470e+00  2.195198e+00
     vertex -3.360000e+00  3.250000e+00  2.195198e+00
   endloop
 endfacet
 facet normal  0.000000e+00  0.000000e+00  1.000000e+00
   outer loop
     vertex -3.327782e+00  3.327782e+00  2.195198e+00
     vertex -3.360000e+00  3.250000e+00  2.195198e+00
     vertex -3.356252e+00  3.221530e+00  2.195198e+00
   endloop
 endfacet
 facet normal  0.000000e+00  0.000000e+00  1.000000e+00
   outer loop
     vertex -3.327782e+00  3.327782e+00  2.195198e+00
     vertex -3.356252e+00  3.221530e+00  2.195198e+00
     vertex -3.345263e+00  3.195000e+00  2.195198e+00
   endloop
 endfacet
 facet normal  0.000000e+00  0.000000e+00  1.000000e+00
   outer loop
     vertex -3.327782e+00  3.327782e+00  2.195198e+00
     vertex -3.345263e+00  3.195000e+00  2.195198e+00
     vertex -3.327782e+00  3.172218e+00  2.195198e+00
   endloop
 endfacet
 facet normal  0.000000e+00  0.000000e+00  1.000000e+00
   outer loop
     vertex -3.327782e+00  3.327782e+00  2.195198e+00
     vertex -3.327782e+00  3.172218e+00  2.195198e+00
     vertex -3.305000e+00  3.154737e+00  2.195198e+00
   endloop
 endfacet
 facet normal  0.000000e+00  0.000000e+00  1.000000e+00
   outer loop
     vertex -3.327782e+00  3.327782e+00  2.195198e+00
     vertex -3.305000e+00  3.154737e+00  2.195198e+00
     vertex -3.278470e+00  3.143748e+00  2.195198e+00
   endloop
 endfacet
 facet normal  0.000000e+00  0.000000e+00  1.000000e+00
   outer loop
     vertex -3.327782e+00  3.327782e+00  2.195198e+00
     vertex -3.278470e+00  3.143748e+00  2.195198e+00
     vertex -3.250000e+00  3.140000e+00  2.195198e+00
   endloop
 endfacet
 facet normal  0.000000e+00  0.000000e+00  1.000000e+00
   outer loop
     vertex -3.327782e+00  3.327782e+00  2.195198e+00
     vertex -3.250000e+00  3.140000e+00  2.195198e+00
     vertex -3.221530e+00  3.143748e+00  2.195198e+00
   endloop
 endfacet
 facet normal  0.000000e+00  0.000000e+00  1.000000e+00
   outer loop
     vertex -3.327782e+00  3.327782e+00  2.195198e+00
     vertex -3.221530e+00  3.143748e+00  2.195198e+00
     vertex -3.195000e+00  3.154737e+00  2.195198e+00
   endloop
 endfacet
 facet normal  0.000000e+00  0.000000e+00  1.000000e+00
   outer loop
     vertex -3.327782e+00  3.327782e+00  2.195198e+00
     vertex -3.195000e+00  3.154737e+00  2.195198e+00
     vertex -3.172218e+00  3.172218e+00  2.195198e+00
   endloop
 endfacet
 facet normal  0.000000e+00  0.000000e+00  1.000000e+00
   outer loop
     vertex -3.327782e+00  3.327782e+00  2.195198e+00
     vertex -3.172218e+00  3.172218e+00  2.195198e+00
     vertex -3.154737e+00  3.195000e+00  2.195198e+00
   endloop
 endfacet
 facet normal  0.000000e+00  0.000000e+00  1.000000e+00
   outer loop
     vertex -3.327782e+00  3.327782e+00  2.195198e+00
     vertex -3.154737e+00  3.195000e+00  2.195198e+00
     vertex -3.143748e+00  3.221530e+00  2.195198e+00
   endloop
 endfacet
 facet normal  0.000000e+00  0.000000e+00  1.000000e+00
   outer loop
     vertex -3.327782e+00  3.327782e+00  2.195198e+00
     vertex -3.143748e+00  3.221530e+00  2.195198e+00
     vertex -3.140000e+00  3.250000e+00  2.195198e+00
   endloop
 endfacet
 facet normal  0.000000e+00  0.000000e+00  1.000000e+00
   outer loop
     vertex -3.327782e+00  3.327782e+00  2.195198e+00
     vertex -3.140000e+00  3.250000e+00  2.195198e+00
     vertex -3.143748e+00  3.278470e+00  2.195198e+00
   endloop
 endfacet
 facet normal  0.000000e+00  0.000000e+00  1.000000e+00
   outer loop
     vertex -3.327782e+00  3.327782e+00  2.195198e+00
     vertex -3.143748e+00  3.278470e+00  2.195198e+00
     vertex -3.154737e+00  3.305000e+00  2.195198e+00
   endloop
 endfacet
 facet normal  0.000000e+00  0.000000e+00  1.000000e+00
   outer loop
     vertex -3.327782e+00  3.327782e+00  2.195198e+00
     vertex -3.154737e+00  3.305000e+00  2.195198e+00
     vertex -3.172218e+00  3.327782e+00  2.195198e+00
   endloop
 endfacet
 facet normal -0.000000e+00  0.000000e+00  1.000000e+00
   outer loop
     vertex -3.327782e+00  3.327782e+00  2.195198e+00
     vertex -3.172218e+00  3.327782e+00  2.195198e+00
     vertex -3.195000e+00  3.345263e+00  2.195198e+00
   endloop
 endfacet
 facet normal  0.000000e+00  0.000000e+00  1.000000e+00
   outer loop
     vertex -3.327782e+00  3.327782e+00  2.195198e+00
     vertex -3.195000e+00  3.345263e+00  2.195198e+00
     vertex -3.221530e+00  3.356252e+00  2.195198e+00
   endloop
 endfacet
 facet normal  0.000000e+00  0.000000e+00  1.000000e+00
   outer loop
     vertex -3.327782e+00  3.327782e+00  2.195198e+00
     vertex -3.221530e+00  3.356252e+00  2.195198e+00
     vertex -3.250000e+00  3.360000e+00  2.195198e+00
   endloop
 endfacet
 facet normal -1.305262e-01  9.914449e-01  5.796527e-16
   outer loop
     vertex -3.278470e+00  3.356252e+00  2.295198e+00
     vertex -3.250000e+00  3.360000e+00  2.195198e+00
     vertex -3.278470e+00  3.356252e+00  2.195198e+00
   endloop
 endfacet
 facet normal -1.305262e-01  9.914449e-01  0.000000e+00
   outer loop
     vertex -3.278470e+00  3.356252e+00  2.295198e+00
     vertex -3.250000e+00  3.360000e+00  2.295198e+00
     vertex -3.250000e+00  3.360000e+00  2.195198e+00
   endloop
 endfacet
 facet normal -3.826834e-01  9.238795e-01 -2.403393e-15
   outer loop
     vertex -3.305000e+00  3.345263e+00  2.295198e+00
     vertex -3.278470e+00  3.356252e+00  2.195198e+00
     vertex -3.305000e+00  3.345263e+00  2.195198e+00
   endloop
 endfacet
 facet normal -3.826834e-01  9.238795e-01  1.699035e-15
   outer loop
     vertex -3.305000e+00  3.345263e+00  2.295198e+00
     vertex -3.278470e+00  3.356252e+00  2.295198e+00
     vertex -3.278470e+00  3.356252e+00  2.195198e+00
   endloop
 endfacet
 facet normal -6.087614e-01  7.933533e-01 -3.523197e-15
   outer loop
     vertex -3.327782e+00  3.327782e+00  2.295198e+00
     vertex -3.305000e+00  3.345263e+00  2.195198e+00
     vertex -3.327782e+00  3.327782e+00  2.195198e+00
   endloop
 endfacet
 facet normal -6.087614e-01  7.933533e-01 -8.306395e-16
   outer loop
     vertex -3.327782e+00  3.327782e+00  2.295198e+00
     vertex -3.305000e+00  3.345263e+00  2.295198e+00
     vertex -3.305000e+00  3.345263e+00  2.195198e+00
   endloop
 endfacet
 facet normal -7.933533e-01  6.087614e-01 -2.703444e-15
   outer loop
     vertex -3.345263e+00  3.305000e+00  2.295198e+00
     vertex -3.327782e+00  3.327782e+00  2.195198e+00
     vertex -3.345263e+00  3.305000e+00  2.195198e+00
   endloop
 endfacet
 facet normal -7.933533e-01  6.087614e-01 -2.699579e-15
   outer loop
     vertex -3.345263e+00  3.305000e+00  2.295198e+00
     vertex -3.327782e+00  3.327782e+00  2.295198e+00
     vertex -3.327782e+00  3.327782e+00  2.195198e+00
   endloop
 endfacet
 facet normal -9.238795e-01  3.826834e-01  0.000000e+00
   outer loop
     vertex -3.356252e+00  3.278470e+00  2.295198e+00
     vertex -3.345263e+00  3.305000e+00  2.195198e+00
     vertex -3.356252e+00  3.278470e+00  2.195198e+00
   endloop
 endfacet
 facet normal -9.238795e-01  3.826834e-01 -1.699035e-15
   outer loop
     vertex -3.356252e+00  3.278470e+00  2.295198e+00
     vertex -3.345263e+00  3.305000e+00  2.295198e+00
     vertex -3.345263e+00  3.305000e+00  2.195198e+00
   endloop
 endfacet
 facet normal -9.914449e-01  1.305262e-01  0.000000e+00
   outer loop
     vertex -3.360000e+00  3.250000e+00  2.295198e+00
     vertex -3.356252e+00  3.278470e+00  2.195198e+00
     vertex -3.360000e+00  3.250000e+00  2.195198e+00
   endloop
 endfacet
 facet normal -9.914449e-01  1.305262e-01  0.000000e+00
   outer loop
     vertex -3.360000e+00  3.250000e+00  2.295198e+00
     vertex -3.356252e+00  3.278470e+00  2.295198e+00
     vertex -3.356252e+00  3.278470e+00  2.195198e+00
   endloop
 endfacet
 facet normal -9.914449e-01 -1.305262e-01 -0.000000e+00
   outer loop
     vertex -3.356252e+00  3.221530e+00  2.295198e+00
     vertex -3.360000e+00  3.250000e+00  2.195198e+00
     vertex -3.356252e+00  3.221530e+00  2.195198e+00
   endloop
 endfacet
 facet normal -9.914449e-01 -1.305262e-01  0.000000e+00
   outer loop
     vertex -3.356252e+00  3.221530e+00  2.295198e+00
     vertex -3.360000e+00  3.250000e+00  2.295198e+00
     vertex -3.360000e+00  3.250000e+00  2.195198e+00
   endloop
 endfacet
 facet normal -9.238795e-01 -3.826834e-01 -0.000000e+00
   outer loop
     vertex -3.345263e+00  3.195000e+00  2.295198e+00
     vertex -3.356252e+00  3.221530e+00  2.195198e+00
     vertex -3.345263e+00  3.195000e+00  2.195198e+00
   endloop
 endfacet
 facet normal -9.238795e-01 -3.826834e-01  0.000000e+00
   outer loop
     vertex -3.345263e+00  3.195000e+00  2.295198e+00
     vertex -3.356252e+00  3.221530e+00  2.295198e+00
     vertex -3.356252e+00  3.221530e+00  2.195198e+00
   endloop
 endfacet
 facet normal -7.933533e-01 -6.087614e-01 -2.703444e-15
   outer loop
     vertex -3.327782e+00  3.172218e+00  2.295198e+00
     vertex -3.345263e+00  3.195000e+00  2.195198e+00
     vertex -3.327782e+00  3.172218e+00  2.195198e+00
   endloop
 endfacet
 facet normal -7.933533e-01 -6.087614e-01  0.000000e+00
   outer loop
     vertex -3.327782e+00  3.172218e+00  2.295198e+00
     vertex -3.345263e+00  3.195000e+00  2.295198e+00
     vertex -3.345263e+00  3.195000e+00  2.195198e+00
   endloop
 endfacet
 facet normal -6.087614e-01 -7.933533e-01  2.703444e-15
   outer loop
     vertex -3.305000e+00  3.154737e+00  2.295198e+00
     vertex -3.327782e+00  3.172218e+00  2.195198e+00
     vertex -3.305000e+00  3.154737e+00  2.195198e+00
   endloop
 endfacet
 facet normal -6.087614e-01 -7.933533e-01 -3.530218e-15
   outer loop
     vertex -3.305000e+00  3.154737e+00  2.295198e+00
     vertex -3.327782e+00  3.172218e+00  2.295198e+00
     vertex -3.327782e+00  3.172218e+00  2.195198e+00
   endloop
 endfacet
 facet normal -3.826834e-01 -9.238795e-01 -0.000000e+00
   outer loop
     vertex -3.278470e+00  3.143748e+00  2.295198e+00
     vertex -3.305000e+00  3.154737e+00  2.195198e+00
     vertex -3.278470e+00  3.143748e+00  2.195198e+00
   endloop
 endfacet
 facet normal -3.826834e-01 -9.238795e-01  1.699035e-15
   outer loop
     vertex -3.278470e+00  3.143748e+00  2.295198e+00
     vertex -3.305000e+00  3.154737e+00  2.295198e+00
     vertex -3.305000e+00  3.154737e+00  2.195198e+00
   endloop
 endfacet
 facet normal -1.305262e-01 -9.914449e-01 -0.000000e+00
   outer loop
     vertex -3.250000e+00  3.140000e+00  2.295198e+00
     vertex -3.278470e+00  3.143748e+00  2.195198e+00
     vertex -3.250000e+00  3.140000e+00  2.195198e+00
   endloop
 endfacet
 facet normal -1.305262e-01 -9.914449e-01  0.000000e+00
   outer loop
     vertex -3.250000e+00  3.140000e+00  2.295198e+00
     vertex -3.278470e+00  3.143748e+00  2.295198e+00
     vertex -3.278470e+00  3.143748e+00  2.195198e+00
   endloop
 endfacet
 facet normal  1.305262e-01 -9.914449e-01  0.000000e+00
   outer loop
     vertex -3.221530e+00  3.143748e+00  2.295198e+00
     vertex -3.250000e+00  3.140000e+00  2.295198e+00
     vertex -3.250000e+00  3.140000e+00  2.195198e+00
   endloop
 endfacet
 facet normal  1.305262e-01 -9.914449e-01  0.000000e+00
   outer loop
     vertex -3.221530e+00  3.143748e+00  2.295198e+00
     vertex -3.250000e+00  3.140000e+00  2.195198e+00
     vertex -3.221530e+00  3.143748e+00  2.195198e+00
   endloop
 endfacet
 facet normal  3.826834e-01 -9.238795e-01 -1.699456e-15
   outer loop
     vertex -3.195000e+00  3.154737e+00  2.295198e+00
     vertex -3.221530e+00  3.143748e+00  2.195198e+00
     vertex -3.195000e+00  3.154737e+00  2.195198e+00
   endloop
 endfacet
 facet normal  3.826834e-01 -9.238795e-01  0.000000e+00
   outer loop
     vertex -3.195000e+00  3.154737e+00  2.295198e+00
     vertex -3.221530e+00  3.143748e+00  2.295198e+00
     vertex -3.221530e+00  3.143748e+00  2.195198e+00
   endloop
 endfacet
 facet normal  6.087614e-01 -7.933533e-01  3.523197e-15
   outer loop
     vertex -3.172218e+00  3.172218e+00  2.295198e+00
     vertex -3.195000e+00  3.154737e+00  2.195198e+00
     vertex -3.172218e+00  3.172218e+00  2.195198e+00
   endloop
 endfacet
 facet normal  6.087614e-01 -7.933533e-01 -2.718457e-15
   outer loop
     vertex -3.172218e+00  3.172218e+00  2.295198e+00
     vertex -3.195000e+00  3.154737e+00  2.295198e+00
     vertex -3.195000e+00  3.154737e+00  2.195198e+00
   endloop
 endfacet
 facet normal  7.933533e-01 -6.087614e-01  0.000000e+00
   outer loop
     vertex -3.154737e+00  3.195000e+00  2.295198e+00
     vertex -3.172218e+00  3.172218e+00  2.195198e+00
     vertex -3.154737e+00  3.195000e+00  2.195198e+00
   endloop
 endfacet
 facet normal  7.933533e-01 -6.087614e-01  2.699579e-15
   outer loop
     vertex -3.154737e+00  3.195000e+00  2.295198e+00
     vertex -3.172218e+00  3.172218e+00  2.295198e+00
     vertex -3.172218e+00  3.172218e+00  2.195198e+00
   endloop
 endfacet
 facet normal  9.238795e-01 -3.826834e-01  0.000000e+00
   outer loop
     vertex -3.143748e+00  3.221530e+00  2.295198e+00
     vertex -3.154737e+00  3.195000e+00  2.195198e+00
     vertex -3.143748e+00  3.221530e+00  2.195198e+00
   endloop
 endfacet
 facet normal  9.238795e-01 -3.826834e-01  0.000000e+00
   outer loop
     vertex -3.143748e+00  3.221530e+00  2.295198e+00
     vertex -3.154737e+00  3.195000e+00  2.295198e+00
     vertex -3.154737e+00  3.195000e+00  2.195198e+00
   endloop
 endfacet
 facet normal  9.914449e-01 -1.305262e-01  0.000000e+00
   outer loop
     vertex -3.140000e+00  3.250000e+00  2.295198e+00
     vertex -3.143748e+00  3.221530e+00  2.195198e+00
     vertex -3.140000e+00  3.250000e+00  2.195198e+00
   endloop
 endfacet
 facet normal  9.914449e-01 -1.305262e-01  0.000000e+00
   outer loop
     vertex -3.140000e+00  3.250000e+00  2.295198e+00
     vertex -3.143748e+00  3.221530e+00  2.295198e+00
     vertex -3.143748e+00  3.221530e+00  2.195198e+00
   endloop
 endfacet
 facet normal  9.914449e-01  1.305262e-01  0.000000e+00
   outer loop
     vertex -3.143748e+00  3.278470e+00  2.295198e+00
     vertex -3.140000e+00  3.250000e+00  2.195198e+00
     vertex -3.143748e+00  3.278470e+00  2.195198e+00
   endloop
 endfacet
 facet normal  9.914449e-01  1.305262e-01  0.000000e+00
   outer loop
     vertex -3.143748e+00  3.278470e+00  2.295198e+00
     vertex -3.140000e+00  3.250000e+00  2.295198e+00
     vertex -3.140000e+00  3.250000e+00  2.195198e+00
   endloop
 endfacet
 facet normal  9.238795e-01  3.826834e-01  1.699456e-15
   outer loop
     vertex -3.154737e+00  3.305000e+00  2.295198e+00
     vertex -3.143748e+00  3.278470e+00  2.195198e+00
     vertex -3.154737e+00  3.305000e+00  2.195198e+00
   endloop
 endfacet
 facet normal  9.238795e-01  3.826834e-01  0.000000e+00
   outer loop
     vertex -3.154737e+00  3.305000e+00  2.295198e+00
     vertex -3.143748e+00  3.278470e+00  2.295198e+00
     vertex -3.143748e+00  3.278470e+00  2.195198e+00
   endloop
 endfacet
 facet normal  7.933533e-01  6.087614e-01  2.703444e-15
   outer loop
     vertex -3.172218e+00  3.327782e+00  2.295198e+00
     vertex -3.154737e+00  3.305000e+00  2.195198e+00
     vertex -3.172218e+00  3.327782e+00  2.195198e+00
   endloop
 endfacet
 facet normal  7.933533e-01  6.087614e-01  2.699579e-15
   outer loop
     vertex -3.172218e+00  3.327782e+00  2.295198e+00
     vertex -3.154737e+00  3.305000e+00  2.295198e+00
     vertex -3.154737e+00  3.305000e+00  2.195198e+00
   endloop
 endfacet
 facet normal  6.087614e-01  7.933533e-01  8.197528e-16
   outer loop
     vertex -3.195000e+00  3.345263e+00  2.295198e+00
     vertex -3.172218e+00  3.327782e+00  2.195198e+00
     vertex -3.195000e+00  3.345263e+00  2.195198e+00
   endloop
 endfacet
 facet normal  6.087614e-01  7.933533e-01  3.530218e-15
   outer loop
     vertex -3.195000e+00  3.345263e+00  2.295198e+00
     vertex -3.172218e+00  3.327782e+00  2.295198e+00
     vertex -3.172218e+00  3.327782e+00  2.195198e+00
   endloop
 endfacet
 facet normal  3.826834e-01  9.238795e-01 -1.699456e-15
   outer loop
     vertex -3.221530e+00  3.356252e+00  2.295198e+00
     vertex -3.195000e+00  3.345263e+00  2.195198e+00
     vertex -3.221530e+00  3.356252e+00  2.195198e+00
   endloop
 endfacet
 facet normal  3.826834e-01  9.238795e-01  2.397528e-15
   outer loop
     vertex -3.221530e+00  3.356252e+00  2.295198e+00
     vertex -3.195000e+00  3.345263e+00  2.295198e+00
     vertex -3.195000e+00  3.345263e+00  2.195198e+00
   endloop
 endfacet
 facet normal  1.305262e-01  9.914449e-01  0.000000e+00
   outer loop
     vertex -3.250000e+00  3.360000e+00  2.295198e+00
     vertex -3.221530e+00  3.356252e+00  2.195198e+00
     vertex -3.250000e+00  3.360000e+00  2.195198e+00
   endloop
 endfacet
 facet normal  1.305262e-01  9.914449e-01 -5.757842e-16
   outer loop
     vertex -3.250000e+00  3.360000e+00  2.295198e+00
     vertex -3.221530e+00  3.356252e+00  2.295198e+00
     vertex -3.221530e+00  3.356252e+00  2.195198e+00
   endloop
 endfacet
 facet normal  0.000000e+00  0.000000e+00  1.000000e+00
   outer loop
     vertex -3.327782e+00  3.327782e+00  2.295198e+00
     vertex -3.250000e+00  3.360000e+00  2.295198e+00
     vertex -3.278470e+00  3.356252e+00  2.295198e+00
   endloop
 endfacet
 facet normal  0.000000e+00  0.000000e+00  1.000000e+00
   outer loop
     vertex -3.327782e+00  3.327782e+00  2.295198e+00
     vertex -3.278470e+00  3.356252e+00  2.295198e+00
     vertex -3.305000e+00  3.345263e+00  2.295198e+00
   endloop
 endfacet
 facet normal  0.000000e+00  0.000000e+00  1.000000e+00
   outer loop
     vertex -3.327782e+00  3.327782e+00  2.295198e+00
     vertex -3.345263e+00  3.305000e+00  2.295198e+00
     vertex -3.356252e+00  3.278470e+00  2.295198e+00
   endloop
 endfacet
 facet normal  0.000000e+00  0.000000e+00  1.000000e+00
   outer loop
     vertex -3.327782e+00  3.327782e+00  2.295198e+00
     vertex -3.356252e+00  3.278470e+00  2.295198e+00
     vertex -3.360000e+00  3.250000e+00  2.295198e+00
   endloop
 endfacet
 facet normal  0.000000e+00  0.000000e+00  1.000000e+00
   outer loop
     vertex -3.327782e+00  3.327782e+00  2.295198e+00
     vertex -3.360000e+00  3.250000e+00  2.295198e+00
     vertex -3.356252e+00  3.221530e+00  2.295198e+00
   endloop
 endfacet
 facet normal  0.000000e+00  0.000000e+00  1.000000e+00
   outer loop
     vertex -3.327782e+00  3.327782e+00  2.295198e+00
     vertex -3.356252e+00  3.221530e+00  2.295198e+00
     vertex -3.345263e+00  3.195000e+00  2.295198e+00
   endloop
 endfacet
 facet normal  0.000000e+00  0.000000e+00  1.000000e+00
   outer loop
     vertex -3.327782e+00  3.327782e+00  2.295198e+00
     vertex -3.345263e+00  3.195000e+00  2.295198e+00
     vertex -3.327782e+00  3.172218e+00  2.295198e+00
   endloop
 endfacet
 facet normal  0.000000e+00  0.000000e+00  1.000000e+00
   outer loop
     vertex -3.327782e+00  3.327782e+00  2.295198e+00
     vertex -3.327782e+00  3.172218e+00  2.295198e+00
     vertex -3.305000e+00  3.154737e+00  2.295198e+00
   endloop
 endfacet
 facet normal  0.000000e+00  0.000000e+00  1.000000e+00
   outer loop
     vertex -3.327782e+00  3.327782e+00  2.295198e+00
     vertex -3.305000e+00  3.154737e+00  2.295198e+00
     vertex -3.278470e+00  3.143748e+00  2.295198e+00
   endloop
 endfacet
 facet normal  0.000000e+00  0.000000e+00  1.000000e+00
   outer loop
     vertex -3.327782e+00  3.327782e+00  2.295198e+00
     vertex -3.278470e+00  3.143748e+00  2.295198e+00
     vertex -3.250000e+00  3.140000e+00  2.295198e+00
   endloop
 endfacet
 facet normal  0.000000e+00  0.000000e+00  1.000000e+00
   outer loop
     vertex -3.327782e+00  3.327782e+00  2.295198e+00
     vertex -3.250000e+00  3.140000e+00  2.295198e+00
     vertex -3.221530e+00  3.143748e+00  2.295198e+00
   endloop
 endfacet
 facet normal  0.000000e+00  0.000000e+00  1.000000e+00
   outer loop
     vertex -3.327782e+00  3.327782e+00  2.295198e+00
     vertex -3.221530e+00  3.143748e+00  2.295198e+00
     vertex -3.195000e+00  3.154737e+00  2.295198e+00
   endloop
 endfacet
 facet normal  0.000000e+00  0.000000e+00  1.000000e+00
   outer loop
     vertex -3.327782e+00  3.327782e+00  2.295198e+00
     vertex -3.195000e+00  3.154737e+00  2.295198e+00
     vertex -3.172218e+00  3.172218e+00  2.295198e+00
   endloop
 endfacet
 facet normal  0.000000e+00  0.000000e+00  1.000000e+00
   outer loop
     vertex -3.327782e+00  3.327782e+00  2.295198e+00
     vertex -3.172218e+00  3.172218e+00  2.295198e+00
     vertex -3.154737e+00  3.195000e+00  2.295198e+00
   endloop
 endfacet
 facet normal  0.000000e+00  0.000000e+00  1.000000e+00
   outer loop
     vertex -3.327782e+00  3.327782e+00  2.295198e+00
     vertex -3.154737e+00  3.195000e+00  2.295198e+00
     vertex -3.143748e+00  3.221530e+00  2.295198e+00
   endloop
 endfacet
 facet normal  0.000000e+00  0.000000e+00  1.000000e+00
   outer loop
     vertex -3.327782e+00  3.327782e+00  2.295198e+00
     vertex -3.143748e+00  3.221530e+00  2.295198e+00
     vertex -3.140000e+00  3.250000e+00  2.295198e+00
   endloop
 endfacet
 facet normal  0.000000e+00  0.000000e+00  1.000000e+00
   outer loop
     vertex -3.327782e+00  3.327782e+00  2.295198e+00
     vertex -3.140000e+00  3.250000e+00  2.295198e+00
     vertex -3.143748e+00  3.278470e+00  2.295198e+00
   endloop
 endfacet
 facet normal  0.000000e+00  0.000000e+00  1.000000e+00
   outer loop
     vertex -3.327782e+00  3.327782e+00  2.295198e+00
     vertex -3.143748e+00  3.278470e+00  2.295198e+00
     vertex -3.154737e+00  3.305000e+00  2.295198e+00
   endloop
 endfacet
 facet normal  0.000000e+00  0.000000e+00  1.000000e+00
   outer loop
     vertex -3.327782e+00  3.327782e+00  2.295198e+00
     vertex -3.154737e+00  3.305000e+00  2.295198e+00
     vertex -3.172218e+00  3.327782e+00  2.295198e+00
   endloop
 endfacet
 facet normal -0.000000e+00  0.000000e+00  1.000000e+00
   outer loop
     vertex -3.327782e+00  3.327782e+00  2.295198e+00
     vertex -3.172218e+00  3.327782e+00  2.295198e+00
     vertex -3.195000e+00  3.345263e+00  2.295198e+00
   endloop
 endfacet
 facet normal  0.000000e+00  0.000000e+00  1.000000e+00
   outer loop
     vertex -3.327782e+00  3.327782e+00  2.295198e+00
     vertex -3.195000e+00  3.345263e+00  2.295198e+00
     vertex -3.221530e+00  3.356252e+00  2.295198e+00
   endloop
 endfacet
 facet normal  0.000000e+00  0.000000e+00  1.000000e+00
   outer loop
     vertex -3.327782e+00  3.327782e+00  2.295198e+00
     vertex -3.221530e+00  3.356252e+00  2.295198e+00
     vertex -3.250000e+00  3.360000e+00  2.295198e+00
   endloop
 endfacet
 facet normal  0.000000e+00  0.000000e+00 -1.000000e+00
   outer loop
     vertex -3.327782e+00  3.327782e+00  2.195198e+00
     vertex -3.250000e+00  3.140000e+00  2.195198e+00
     vertex -3.278470e+00  3.143748e+00  2.195198e+00
   endloop
 endfacet
 facet normal  0.000000e+00  0.000000e+00 -1.000000e+00
   outer loop
     vertex -3.327782e+00  3.327782e+00  2.195198e+00
     vertex -3.278470e+00  3.143748e+00  2.195198e+00
     vertex -3.305000e+00  3.154737e+00  2.195198e+00
   endloop
 endfacet
 facet normal  0.000000e+00  0.000000e+00 -1.000000e+00
   outer loop
     vertex -3.327782e+00  3.327782e+00  2.195198e+00
     vertex -3.305000e+00  3.154737e+00  2.195198e+00
     vertex -3.327782e+00  3.172218e+00  2.195198e+00
   endloop
 endfacet
 facet normal  0.000000e+00 -0.000000e+00 -1.000000e+00
   outer loop
     vertex -3.327782e+00  3.327782e+00  2.195198e+00
     vertex -3.327782e+00  3.172218e+00  2.195198e+00
     vertex -3.345263e+00  3.195000e+00  2.195198e+00
   endloop
 endfacet
 facet normal  0.000000e+00  0.000000e+00 -1.000000e+00
   outer loop
     vertex -3.327782e+00  3.327782e+00  2.195198e+00
     vertex -3.345263e+00  3.195000e+00  2.195198e+00
     vertex -3.356252e+00  3.221530e+00  2.195198e+00
   endloop
 endfacet
 facet normal  0.000000e+00  0.000000e+00 -1.000000e+00
   outer loop
     vertex -3.327782e+00  3.327782e+00  2.195198e+00
     vertex -3.356252e+00  3.221530e+00  2.195198e+00
     vertex -3.360000e+00  3.250000e+00  2.195198e+00
   endloop
 endfacet
 facet normal  0.000000e+00  0.000000e+00 -1.000000e+00
   outer loop
     vertex -3.327782e+00  3.327782e+00  2.195198e+00
     vertex -3.360000e+00  3.250000e+00  2.195198e+00
     vertex -3.356252e+00  3.278470e+00  2.195198e+00
   endloop
 endfacet
 facet normal  0.000000e+00  0.000000e+00 -1.000000e+00
   outer loop
     vertex -3.327782e+00  3.327782e+00  2.195198e+00
     vertex -3.356252e+00  3.278470e+00  2.195198e+00
     vertex -3.345263e+00  3.305000e+00  2.195198e+00
   endloop
 endfacet
 facet normal  0.000000e+00  0.000000e+00 -1.000000e+00
   outer loop
     vertex -3.327782e+00  3.327782e+00  2.195198e+00
     vertex -3.305000e+00  3.345263e+00  2.195198e+00
     vertex -3.278470e+00  3.356252e+00  2.195198e+00
   endloop
 endfacet
 facet normal  0.000000e+00  0.000000e+00 -1.000000e+00
   outer loop
     vertex -3.327782e+00  3.327782e+00  2.195198e+00
     vertex -3.278470e+00  3.356252e+00  2.195198e+00
     vertex -3.250000e+00  3.360000e+00  2.195198e+00
   endloop
 endfacet
 facet normal  0.000000e+00  0.000000e+00 -1.000000e+00
   outer loop
     vertex -3.327782e+00  3.327782e+00  2.195198e+00
     vertex -3.250000e+00  3.360000e+00  2.195198e+00
     vertex -3.221530e+00  3.356252e+00  2.195198e+00
   endloop
 endfacet
 facet normal  0.000000e+00  0.000000e+00 -1.000000e+00
   outer loop
     vertex -3.327782e+00  3.327782e+00  2.195198e+00
     vertex -3.221530e+00  3.356252e+00  2.195198e+00
     vertex -3.195000e+00  3.345263e+00  2.195198e+00
   endloop
 endfacet
 facet normal  0.000000e+00  0.000000e+00 -1.000000e+00
   outer loop
     vertex -3.327782e+00  3.327782e+00  2.195198e+00
     vertex -3.195000e+00  3.345263e+00  2.195198e+00
     vertex -3.172218e+00  3.327782e+00  2.195198e+00
   endloop
 endfacet
 facet normal  0.000000e+00  0.000000e+00 -1.000000e+00
   outer loop
     vertex -3.327782e+00  3.327782e+00  2.195198e+00
     vertex -3.172218e+00  3.327782e+00  2.195198e+00
     vertex -3.154737e+00  3.305000e+00  2.195198e+00
   endloop
 endfacet
 facet normal  0.000000e+00  0.000000e+00 -1.000000e+00
   outer loop
     vertex -3.327782e+00  3.327782e+00  2.195198e+00
     vertex -3.154737e+00  3.305000e+00  2.195198e+00
     vertex -3.143748e+00  3.278470e+00  2.195198e+00
   endloop
 endfacet
 facet normal  0.000000e+00  0.000000e+00 -1.000000e+00
   outer loop
     vertex -3.327782e+00  3.327782e+00  2.195198e+00
     vertex -3.143748e+00  3.278470e+00  2.195198e+00
     vertex -3.140000e+00  3.250000e+00  2.195198e+00
   endloop
 endfacet
 facet normal  0.000000e+00  0.000000e+00 -1.000000e+00
   outer loop
     vertex -3.327782e+00  3.327782e+00  2.195198e+00
     vertex -3.140000e+00  3.250000e+00  2.195198e+00
     vertex -3.143748e+00  3.221530e+00  2.195198e+00
   endloop
 endfacet
 facet normal  0.000000e+00  0.000000e+00 -1.000000e+00
   outer loop
     vertex -3.327782e+00  3.327782e+00  2.195198e+00
     vertex -3.143748e+00  3.221530e+00  2.195198e+00
     vertex -3.154737e+00  3.195000e+00  2.195198e+00
   endloop
 endfacet
 facet normal  0.000000e+00  0.000000e+00 -1.000000e+00
   outer loop
     vertex -3.327782e+00  3.327782e+00  2.195198e+00
     vertex -3.154737e+00  3.195000e+00  2.195198e+00
     vertex -3.172218e+00  3.172218e+00  2.195198e+00
   endloop
 endfacet
 facet normal  0.000000e+00  0.000000e+00 -1.000000e+00
   outer loop
     vertex -3.327782e+00  3.327782e+00  2.195198e+00
     vertex -3.172218e+00  3.172218e+00  2.195198e+00
     vertex -3.195000e+00  3.154737e+00  2.195198e+00
   endloop
 endfacet
 facet normal  0.000000e+00  0.000000e+00 -1.000000e+00
   outer loop
     vertex -3.327782e+00  3.327782e+00  2.195198e+00
     vertex -3.195000e+00  3.154737e+00  2.195198e+00
     vertex -3.221530e+00  3.143748e+00  2.195198e+00
   endloop
 endfacet
 facet normal  0.000000e+00  0.000000e+00 -1.000000e+00
   outer loop
     vertex -3.327782e+00  3.327782e+00  2.195198e+00
     vertex -3.221530e+00  3.143748e+00  2.195198e+00
     vertex -3.250000e+00  3.140000e+00  2.195198e+00
   endloop
 endfacet
 facet normal  0.000000e+00 -9.914449e-01  1.305262e-01
   outer loop
     vertex -1.750000e+00 -7.209907e+00  2.419946e+00
     vertex -1.350000e+00 -7.200000e+00  2.495198e+00
     vertex -1.750000e+00 -7.200000e+00  2.495198e+00
   endloop
 endfacet
 facet normal  0.000000e+00 -9.914449e-01  1.305262e-01
   outer loop
     vertex -1.750000e+00 -7.209907e+00  2.419946e+00
     vertex -1.350000e+00 -7.209907e+00  2.419946e+00
     vertex -1.350000e+00 -7.200000e+00  2.495198e+00
   endloop
 endfacet
 facet normal  0.000000e+00 -9.848078e-01 -1.736482e-01
   outer loop
     vertex -1.750000e+00 -7.200000e+00  2.495198e+00
     vertex -1.350000e+00 -7.213180e+00  2.569946e+00
     vertex -1.750000e+00 -7.213180e+00  2.569946e+00
   endloop
 endfacet
 facet normal  0.000000e+00 -9.848078e-01 -1.736482e-01
   outer loop
     vertex -1.750000e+00 -7.200000e+00  2.495198e+00
     vertex -1.350000e+00 -7.200000e+00  2.495198e+00
     vertex -1.350000e+00 -7.213180e+00  2.569946e+00
   endloop
 endfacet
 facet normal  0.000000e+00  0.000000e+00  1.000000e+00
   outer loop
     vertex -1.750000e+00 -7.213180e+00  2.569946e+00
     vertex -1.350000e+00 -7.075000e+00  2.569946e+00
     vertex -1.750000e+00 -7.075000e+00  2.569946e+00
   endloop
 endfacet
 facet normal  0.000000e+00  0.000000e+00  1.000000e+00
   outer loop
     vertex -1.750000e+00 -7.213180e+00  2.569946e+00
     vertex -1.350000e+00 -7.213180e+00  2.569946e+00
     vertex -1.350000e+00 -7.075000e+00  2.569946e+00
   endloop
 endfacet
 facet normal  0.000000e+00  9.914449e-01  1.305262e-01
   outer loop
     vertex -1.350000e+00 -6.905963e+00  2.440239e+00
     vertex -1.350000e+00 -6.900000e+00  2.394946e+00
     vertex -1.750000e+00 -6.900000e+00  2.394946e+00
   endloop
 endfacet
 facet normal -2.201450e-15  9.914449e-01  1.305262e-01
   outer loop
     vertex -1.350000e+00 -6.905963e+00  2.440239e+00
     vertex -1.750000e+00 -6.900000e+00  2.394946e+00
     vertex -1.750000e+00 -6.905963e+00  2.440239e+00
   endloop
 endfacet
 facet normal -2.051425e-15  9.238795e-01  3.826834e-01
   outer loop
     vertex -1.350000e+00 -6.923446e+00  2.482446e+00
     vertex -1.750000e+00 -6.905963e+00  2.440239e+00
     vertex -1.750000e+00 -6.923446e+00  2.482446e+00
   endloop
 endfacet
 facet normal -2.052866e-15  9.238795e-01  3.826834e-01
   outer loop
     vertex -1.350000e+00 -6.923446e+00  2.482446e+00
     vertex -1.350000e+00 -6.905963e+00  2.440239e+00
     vertex -1.750000e+00 -6.905963e+00  2.440239e+00
   endloop
 endfacet
 facet normal  0.000000e+00  7.933533e-01  6.087614e-01
   outer loop
     vertex -1.350000e+00 -6.951256e+00  2.518690e+00
     vertex -1.750000e+00 -6.923446e+00  2.482446e+00
     vertex -1.750000e+00 -6.951256e+00  2.518690e+00
   endloop
 endfacet
 facet normal -1.768076e-15  7.933533e-01  6.087614e-01
   outer loop
     vertex -1.350000e+00 -6.951256e+00  2.518690e+00
     vertex -1.350000e+00 -6.923446e+00  2.482446e+00
     vertex -1.750000e+00 -6.923446e+00  2.482446e+00
   endloop
 endfacet
 facet normal  0.000000e+00  6.087614e-01  7.933533e-01
   outer loop
     vertex -1.350000e+00 -6.987500e+00  2.546501e+00
     vertex -1.750000e+00 -6.951256e+00  2.518690e+00
     vertex -1.750000e+00 -6.987500e+00  2.546501e+00
   endloop
 endfacet
 facet normal  0.000000e+00  6.087614e-01  7.933533e-01
   outer loop
     vertex -1.350000e+00 -6.987500e+00  2.546501e+00
     vertex -1.350000e+00 -6.951256e+00  2.518690e+00
     vertex -1.750000e+00 -6.951256e+00  2.518690e+00
   endloop
 endfacet
 facet normal  0.000000e+00  3.826834e-01  9.238795e-01
   outer loop
     vertex -1.350000e+00 -7.029707e+00  2.563983e+00
     vertex -1.750000e+00 -6.987500e+00  2.546501e+00
     vertex -1.750000e+00 -7.029707e+00  2.563983e+00
   endloop
 endfacet
 facet normal  0.000000e+00  3.826834e-01  9.238795e-01
   outer loop
     vertex -1.350000e+00 -7.029707e+00  2.563983e+00
     vertex -1.350000e+00 -6.987500e+00  2.546501e+00
     vertex -1.750000e+00 -6.987500e+00  2.546501e+00
   endloop
 endfacet
 facet normal  0.000000e+00  1.305262e-01  9.914449e-01
   outer loop
     vertex -1.350000e+00 -7.075000e+00  2.569946e+00
     vertex -1.750000e+00 -7.029707e+00  2.563983e+00
     vertex -1.750000e+00 -7.075000e+00  2.569946e+00
   endloop
 endfacet
 facet normal  0.000000e+00  1.305262e-01  9.914449e-01
   outer loop
     vertex -1.350000e+00 -7.075000e+00  2.569946e+00
     vertex -1.350000e+00 -7.029707e+00  2.563983e+00
     vertex -1.750000e+00 -7.029707e+00  2.563983e+00
   endloop
 endfacet
 facet normal  0.000000e+00  1.000000e+00  0.000000e+00
   outer loop
     vertex -1.350000e+00 -6.900000e+00  2.394946e+00
     vertex -1.750000e+00 -6.900000e+00  1.793782e+00
     vertex -1.750000e+00 -6.900000e+00  2.394946e+00
   endloop
 endfacet
 facet normal  0.000000e+00  1.000000e+00  0.000000e+00
   outer loop
     vertex -1.350000e+00 -6.900000e+00  2.394946e+00
     vertex -1.350000e+00 -6.900000e+00  1.793782e+00
     vertex -1.750000e+00 -6.900000e+00  1.793782e+00
   endloop
 endfacet
 facet normal  1.356674e-16  9.695879e-01  2.447433e-01
   outer loop
     vertex -1.350000e+00 -6.897005e+00  1.781917e+00
     vertex -1.750000e+00 -6.900000e+00  1.793782e+00
     vertex -1.350000e+00 -6.900000e+00  1.793782e+00
   endloop
 endfacet
 facet normal  1.358598e-16  9.695879e-01  2.447433e-01
   outer loop
     vertex -1.350000e+00 -6.897005e+00  1.781917e+00
     vertex -1.750000e+00 -6.897005e+00  1.781917e+00
     vertex -1.750000e+00 -6.900000e+00  1.793782e+00
   endloop
 endfacet
 facet normal  3.750279e-16  7.372773e-01  6.755902e-01
   outer loop
     vertex -1.350000e+00 -6.888738e+00  1.772895e+00
     vertex -1.750000e+00 -6.888738e+00  1.772895e+00
     vertex -1.750000e+00 -6.897005e+00  1.781917e+00
   endloop
 endfacet
 facet normal  3.765462e-16  7.372773e-01  6.755902e-01
   outer loop
     vertex -1.350000e+00 -6.888738e+00  1.772895e+00
     vertex -1.750000e+00 -6.897005e+00  1.781917e+00
     vertex -1.350000e+00 -6.897005e+00  1.781917e+00
   endloop
 endfacet
 facet normal -2.046703e-16  3.283172e-01  9.445675e-01
   outer loop
     vertex -1.350000e+00 -6.877179e+00  1.768877e+00
     vertex -1.750000e+00 -6.877179e+00  1.768877e+00
     vertex -1.750000e+00 -6.888738e+00  1.772895e+00
   endloop
 endfacet
 facet normal  5.246729e-16  3.283172e-01  9.445675e-01
   outer loop
     vertex -1.350000e+00 -6.877179e+00  1.768877e+00
     vertex -1.750000e+00 -6.888738e+00  1.772895e+00
     vertex -1.350000e+00 -6.888738e+00  1.772895e+00
   endloop
 endfacet
 facet normal  5.533281e-16  8.715574e-02  9.961947e-01
   outer loop
     vertex -1.750000e+00 -6.877179e+00  1.768877e+00
     vertex -1.350000e+00 -6.600000e+00  1.744627e+00
     vertex -1.750000e+00 -6.600000e+00  1.744627e+00
   endloop
 endfacet
 facet normal  3.594745e-16  8.715574e-02  9.961947e-01
   outer loop
     vertex -1.750000e+00 -6.877179e+00  1.768877e+00
     vertex -1.350000e+00 -6.877179e+00  1.768877e+00
     vertex -1.350000e+00 -6.600000e+00  1.744627e+00
   endloop
 endfacet
 facet normal -1.011922e-16  9.961947e-01 -8.715574e-02
   outer loop
     vertex -1.750000e+00 -6.600000e+00  1.744627e+00
     vertex -1.350000e+00 -6.613073e+00  1.595198e+00
     vertex -1.750000e+00 -6.613073e+00  1.595198e+00
   endloop
 endfacet
 facet normal -4.838116e-17  9.961947e-01 -8.715574e-02
   outer loop
     vertex -1.750000e+00 -6.600000e+00  1.744627e+00
     vertex -1.350000e+00 -6.600000e+00  1.744627e+00
     vertex -1.350000e+00 -6.613073e+00  1.595198e+00
   endloop
 endfacet
 facet normal -5.533281e-16 -8.715574e-02 -9.961947e-01
   outer loop
     vertex -1.750000e+00 -6.613073e+00  1.595198e+00
     vertex -1.350000e+00 -6.890252e+00  1.619448e+00
     vertex -1.750000e+00 -6.890252e+00  1.619448e+00
   endloop
 endfacet
 facet normal -1.105998e-15 -8.715574e-02 -9.961947e-01
   outer loop
     vertex -1.750000e+00 -6.613073e+00  1.595198e+00
     vertex -1.350000e+00 -6.613073e+00  1.595198e+00
     vertex -1.350000e+00 -6.890252e+00  1.619448e+00
   endloop
 endfacet
 facet normal -6.908229e-17 -9.923679e-01 -1.233128e-01
   outer loop
     vertex -1.350000e+00 -7.044678e+00  1.750952e+00
     vertex -1.350000e+00 -7.050000e+00  1.793782e+00
     vertex -1.750000e+00 -7.050000e+00  1.793782e+00
   endloop
 endfacet
 facet normal -6.845236e-17 -9.923679e-01 -1.233128e-01
   outer loop
     vertex -1.350000e+00 -7.044678e+00  1.750952e+00
     vertex -1.750000e+00 -7.050000e+00  1.793782e+00
     vertex -1.750000e+00 -7.044678e+00  1.750952e+00
   endloop
 endfacet
 facet normal -2.011935e-16 -9.320079e-01 -3.624380e-01
   outer loop
     vertex -1.350000e+00 -7.029035e+00  1.710727e+00
     vertex -1.750000e+00 -7.044678e+00  1.750952e+00
     vertex -1.750000e+00 -7.029035e+00  1.710727e+00
   endloop
 endfacet
 facet normal -2.009667e-16 -9.320079e-01 -3.624380e-01
   outer loop
     vertex -1.350000e+00 -7.029035e+00  1.710727e+00
     vertex -1.350000e+00 -7.044678e+00  1.750952e+00
     vertex -1.750000e+00 -7.044678e+00  1.750952e+00
   endloop
 endfacet
 facet normal -6.433945e-16 -8.149593e-01 -5.795183e-01
   outer loop
     vertex -1.350000e+00 -7.004024e+00  1.675554e+00
     vertex -1.750000e+00 -7.029035e+00  1.710727e+00
     vertex -1.750000e+00 -7.004024e+00  1.675554e+00
   endloop
 endfacet
 facet normal -3.202906e-16 -8.149593e-01 -5.795183e-01
   outer loop
     vertex -1.350000e+00 -7.004024e+00  1.675554e+00
     vertex -1.350000e+00 -7.029035e+00  1.710727e+00
     vertex -1.750000e+00 -7.029035e+00  1.710727e+00
   endloop
 endfacet
 facet normal  1.016973e-15 -6.483414e-01 -7.613497e-01
   outer loop
     vertex -1.350000e+00 -6.971164e+00  1.647572e+00
     vertex -1.750000e+00 -7.004024e+00  1.675554e+00
     vertex -1.750000e+00 -6.971164e+00  1.647572e+00
   endloop
 endfacet
 facet normal -8.478281e-16 -6.483414e-01 -7.613497e-01
   outer loop
     vertex -1.350000e+00 -6.971164e+00  1.647572e+00
     vertex -1.350000e+00 -7.004024e+00  1.675554e+00
     vertex -1.750000e+00 -7.004024e+00  1.675554e+00
   endloop
 endfacet
 facet normal  4.842138e-16 -4.422887e-01 -8.968727e-01
   outer loop
     vertex -1.350000e+00 -6.932456e+00  1.628483e+00
     vertex -1.750000e+00 -6.971164e+00  1.647572e+00
     vertex -1.750000e+00 -6.932456e+00  1.628483e+00
   endloop
 endfacet
 facet normal  4.835760e-16 -4.422887e-01 -8.968727e-01
   outer loop
     vertex -1.350000e+00 -6.932456e+00  1.628483e+00
     vertex -1.350000e+00 -6.971164e+00  1.647572e+00
     vertex -1.750000e+00 -6.971164e+00  1.647572e+00
   endloop
 endfacet
 facet normal -5.428126e-16 -2.093341e-01 -9.778442e-01
   outer loop
     vertex -1.350000e+00 -6.890252e+00  1.619448e+00
     vertex -1.750000e+00 -6.932456e+00  1.628483e+00
     vertex -1.750000e+00 -6.890252e+00  1.619448e+00
   endloop
 endfacet
 facet normal -7.536250e-17 -2.093341e-01 -9.778442e-01
   outer loop
     vertex -1.350000e+00 -6.890252e+00  1.619448e+00
     vertex -1.350000e+00 -6.932456e+00  1.628483e+00
     vertex -1.750000e+00 -6.932456e+00  1.628483e+00
   endloop
 endfacet
 facet normal  0.000000e+00 -1.000000e+00  0.000000e+00
   outer loop
     vertex -1.750000e+00 -7.050000e+00  1.793782e+00
     vertex -1.350000e+00 -7.050000e+00  2.394946e+00
     vertex -1.750000e+00 -7.050000e+00  2.394946e+00
   endloop
 endfacet
 facet normal  0.000000e+00 -1.000000e+00  0.000000e+00
   outer loop
     vertex -1.750000e+00 -7.050000e+00  1.793782e+00
     vertex -1.350000e+00 -7.050000e+00  1.793782e+00
     vertex -1.350000e+00 -7.050000e+00  2.394946e+00
   endloop
 endfacet
 facet normal  0.000000e+00 -9.659258e-01 -2.588190e-01
   outer loop
     vertex -1.350000e+00 -7.053349e+00  2.407446e+00
     vertex -1.750000e+00 -7.050000e+00  2.394946e+00
     vertex -1.350000e+00 -7.050000e+00  2.394946e+00
   endloop
 endfacet
 facet normal -0.000000e+00 -9.659258e-01 -2.588190e-01
   outer loop
     vertex -1.350000e+00 -7.053349e+00  2.407446e+00
     vertex -1.750000e+00 -7.053349e+00  2.407446e+00
     vertex -1.750000e+00 -7.050000e+00  2.394946e+00
   endloop
 endfacet
 facet normal -0.000000e+00 -7.071068e-01 -7.071068e-01
   outer loop
     vertex -1.350000e+00 -7.062500e+00  2.416597e+00
     vertex -1.750000e+00 -7.062500e+00  2.416597e+00
     vertex -1.750000e+00 -7.053349e+00  2.407446e+00
   endloop
 endfacet
 facet normal  0.000000e+00 -7.071068e-01 -7.071068e-01
   outer loop
     vertex -1.350000e+00 -7.062500e+00  2.416597e+00
     vertex -1.750000e+00 -7.053349e+00  2.407446e+00
     vertex -1.350000e+00 -7.053349e+00  2.407446e+00
   endloop
 endfacet
 facet normal -0.000000e+00 -2.588190e-01 -9.659258e-01
   outer loop
     vertex -1.350000e+00 -7.075000e+00  2.419946e+00
     vertex -1.750000e+00 -7.075000e+00  2.419946e+00
     vertex -1.750000e+00 -7.062500e+00  2.416597e+00
   endloop
 endfacet
 facet normal  0.000000e+00 -2.588190e-01 -9.659258e-01
   outer loop
     vertex -1.350000e+00 -7.075000e+00  2.419946e+00
     vertex -1.750000e+00 -7.062500e+00  2.416597e+00
     vertex -1.350000e+00 -7.062500e+00  2.416597e+00
   endloop
 endfacet
 facet normal  0.000000e+00  0.000000e+00 -1.000000e+00
   outer loop
     vertex -1.750000e+00 -7.209907e+00  2.419946e+00
     vertex -1.750000e+00 -7.075000e+00  2.419946e+00
     vertex -1.350000e+00 -7.075000e+00  2.419946e+00
   endloop
 endfacet
 facet normal  0.000000e+00  0.000000e+00 -1.000000e+00
   outer loop
     vertex -1.750000e+00 -7.209907e+00  2.419946e+00
     vertex -1.350000e+00 -7.075000e+00  2.419946e+00
     vertex -1.350000e+00 -7.209907e+00  2.419946e+00
   endloop
 endfacet
 facet normal -1.000000e+00  0.000000e+00  0.000000e+00
   outer loop
     vertex -1.750000e+00 -6.888738e+00  1.772895e+00
     vertex -1.750000e+00 -6.932456e+00  1.628483e+00
     vertex -1.750000e+00 -6.971164e+00  1.647572e+00
   endloop
 endfacet
 facet normal -1.000000e+00  8.662862e-15 -5.697654e-15
   outer loop
     vertex -1.750000e+00 -6.888738e+00  1.772895e+00
     vertex -1.750000e+00 -6.971164e+00  1.647572e+00
     vertex -1.750000e+00 -7.004024e+00  1.675554e+00
   endloop
 endfacet
 facet normal -1.000000e+00  2.431320e-15  1.728914e-15
   outer loop
     vertex -1.750000e+00 -6.897005e+00  1.781917e+00
     vertex -1.750000e+00 -7.004024e+00  1.675554e+00
     vertex -1.750000e+00 -7.029035e+00  1.710727e+00
   endloop
 endfacet
 facet normal -1.000000e+00  2.780519e-15  1.081285e-15
   outer loop
     vertex -1.750000e+00 -6.897005e+00  1.781917e+00
     vertex -1.750000e+00 -7.029035e+00  1.710727e+00
     vertex -1.750000e+00 -7.044678e+00  1.750952e+00
   endloop
 endfacet
 facet normal -1.000000e+00  2.171771e-15  1.990062e-15
   outer loop
     vertex -1.750000e+00 -6.897005e+00  1.781917e+00
     vertex -1.750000e+00 -6.888738e+00  1.772895e+00
     vertex -1.750000e+00 -7.004024e+00  1.675554e+00
   endloop
 endfacet
 facet normal -1.000000e+00  0.000000e+00  0.000000e+00
   outer loop
     vertex -1.750000e+00 -6.877179e+00  1.768877e+00
     vertex -1.750000e+00 -6.890252e+00  1.619448e+00
     vertex -1.750000e+00 -6.932456e+00  1.628483e+00
   endloop
 endfacet
 facet normal -1.000000e+00 -0.000000e+00  0.000000e+00
   outer loop
     vertex -1.750000e+00 -6.877179e+00  1.768877e+00
     vertex -1.750000e+00 -6.932456e+00  1.628483e+00
     vertex -1.750000e+00 -6.888738e+00  1.772895e+00
   endloop
 endfacet
 facet normal -1.000000e+00  2.960595e-15  3.678870e-16
   outer loop
     vertex -1.750000e+00 -6.900000e+00  1.793782e+00
     vertex -1.750000e+00 -7.044678e+00  1.750952e+00
     vertex -1.750000e+00 -7.050000e+00  1.793782e+00
   endloop
 endfacet
 facet normal -1.000000e+00  2.856080e-15  7.209317e-16
   outer loop
     vertex -1.750000e+00 -6.900000e+00  1.793782e+00
     vertex -1.750000e+00 -6.897005e+00  1.781917e+00
     vertex -1.750000e+00 -7.044678e+00  1.750952e+00
   endloop
 endfacet
 facet normal -1.000000e+00  0.000000e+00  0.000000e+00
   outer loop
     vertex -1.750000e+00 -6.600000e+00  1.744627e+00
     vertex -1.750000e+00 -6.613073e+00  1.595198e+00
     vertex -1.750000e+00 -6.890252e+00  1.619448e+00
   endloop
 endfacet
 facet normal -1.000000e+00 -0.000000e+00  0.000000e+00
   outer loop
     vertex -1.750000e+00 -6.600000e+00  1.744627e+00
     vertex -1.750000e+00 -6.890252e+00  1.619448e+00
     vertex -1.750000e+00 -6.877179e+00  1.768877e+00
   endloop
 endfacet
 facet normal -1.000000e+00  0.000000e+00  0.000000e+00
   outer loop
     vertex -1.750000e+00 -7.075000e+00  2.419946e+00
     vertex -1.750000e+00 -7.209907e+00  2.419946e+00
     vertex -1.750000e+00 -7.200000e+00  2.495198e+00
   endloop
 endfacet
 facet normal -1.000000e+00  1.480297e-15  3.693578e-16
   outer loop
     vertex -1.750000e+00 -6.900000e+00  2.394946e+00
     vertex -1.750000e+00 -7.050000e+00  1.793782e+00
     vertex -1.750000e+00 -7.050000e+00  2.394946e+00
   endloop
 endfacet
 facet normal -1.000000e+00  2.960595e-15  0.000000e+00
   outer loop
     vertex -1.750000e+00 -6.900000e+00  2.394946e+00
     vertex -1.750000e+00 -6.900000e+00  1.793782e+00
     vertex -1.750000e+00 -7.050000e+00  1.793782e+00
   endloop
 endfacet
 facet normal -1.000000e+00 -0.000000e+00  0.000000e+00
   outer loop
     vertex -1.750000e+00 -7.075000e+00  2.569946e+00
     vertex -1.750000e+00 -7.200000e+00  2.495198e+00
     vertex -1.750000e+00 -7.213180e+00  2.569946e+00
   endloop
 endfacet
 facet normal -1.000000e+00  0.000000e+00 -0.000000e+00
   outer loop
     vertex -1.750000e+00 -7.075000e+00  2.569946e+00
     vertex -1.750000e+00 -7.075000e+00  2.419946e+00
     vertex -1.750000e+00 -7.200000e+00  2.495198e+00
   endloop
 endfacet
 facet normal -1.000000e+00  0.000000e+00  0.000000e+00
   outer loop
     vertex -1.750000e+00 -7.029707e+00  2.563983e+00
     vertex -1.750000e+00 -7.062500e+00  2.416597e+00
     vertex -1.750000e+00 -7.075000e+00  2.419946e+00
   endloop
 endfacet
 facet normal -1.000000e+00 -0.000000e+00  0.000000e+00
   outer loop
     vertex -1.750000e+00 -7.029707e+00  2.563983e+00
     vertex -1.750000e+00 -7.075000e+00  2.419946e+00
     vertex -1.750000e+00 -7.075000e+00  2.569946e+00
   endloop
 endfacet
 facet normal -1.000000e+00  1.421783e-15  3.809656e-16
   outer loop
     vertex -1.750000e+00 -6.905963e+00  2.440239e+00
     vertex -1.750000e+00 -7.050000e+00  2.394946e+00
     vertex -1.750000e+00 -7.053349e+00  2.407446e+00
   endloop
 endfacet
 facet normal -1.000000e+00  1.480297e-15  1.948848e-16
   outer loop
     vertex -1.750000e+00 -6.905963e+00  2.440239e+00
     vertex -1.750000e+00 -6.900000e+00  2.394946e+00
     vertex -1.750000e+00 -7.050000e+00  2.394946e+00
   endloop
 endfacet
 facet normal -1.000000e+00  4.816949e-15 -1.071767e-15
   outer loop
     vertex -1.750000e+00 -6.987500e+00  2.546501e+00
     vertex -1.750000e+00 -7.062500e+00  2.416597e+00
     vertex -1.750000e+00 -7.029707e+00  2.563983e+00
   endloop
 endfacet
 facet normal -1.000000e+00  1.379418e-15  5.713735e-16
   outer loop
     vertex -1.750000e+00 -6.923446e+00  2.482446e+00
     vertex -1.750000e+00 -6.905963e+00  2.440239e+00
     vertex -1.750000e+00 -7.053349e+00  2.407446e+00
   endloop
 endfacet
 facet normal -1.000000e+00  1.040817e-15  1.040817e-15
   outer loop
     vertex -1.750000e+00 -6.951256e+00  2.518690e+00
     vertex -1.750000e+00 -7.053349e+00  2.407446e+00
     vertex -1.750000e+00 -7.062500e+00  2.416597e+00
   endloop
 endfacet
 facet normal -1.000000e+00  1.184533e-15  9.089239e-16
   outer loop
     vertex -1.750000e+00 -6.951256e+00  2.518690e+00
     vertex -1.750000e+00 -6.923446e+00  2.482446e+00
     vertex -1.750000e+00 -7.053349e+00  2.407446e+00
   endloop
 endfacet
 facet normal -1.000000e+00  9.089239e-16  1.184533e-15
   outer loop
     vertex -1.750000e+00 -6.951256e+00  2.518690e+00
     vertex -1.750000e+00 -7.062500e+00  2.416597e+00
     vertex -1.750000e+00 -6.987500e+00  2.546501e+00
   endloop
 endfacet
 facet normal  1.000000e+00  8.662862e-15 -5.697654e-15
   outer loop
     vertex -1.350000e+00 -6.888738e+00  1.772895e+00
     vertex -1.350000e+00 -6.971164e+00  1.647572e+00
     vertex -1.350000e+00 -6.932456e+00  1.628483e+00
   endloop
 endfacet
 facet normal  1.000000e+00 -4.331431e-15  2.848827e-15
   outer loop
     vertex -1.350000e+00 -6.888738e+00  1.772895e+00
     vertex -1.350000e+00 -7.004024e+00  1.675554e+00
     vertex -1.350000e+00 -6.971164e+00  1.647572e+00
   endloop
 endfacet
 facet normal  1.000000e+00 -1.215660e-15 -8.644570e-16
   outer loop
     vertex -1.350000e+00 -6.897005e+00  1.781917e+00
     vertex -1.350000e+00 -7.029035e+00  1.710727e+00
     vertex -1.350000e+00 -7.004024e+00  1.675554e+00
   endloop
 endfacet
 facet normal  1.000000e+00 -1.390259e-15 -5.406423e-16
   outer loop
     vertex -1.350000e+00 -6.897005e+00  1.781917e+00
     vertex -1.350000e+00 -7.044678e+00  1.750952e+00
     vertex -1.350000e+00 -7.029035e+00  1.710727e+00
   endloop
 endfacet
 facet normal  1.000000e+00 -1.085886e-15 -9.950309e-16
   outer loop
     vertex -1.350000e+00 -6.897005e+00  1.781917e+00
     vertex -1.350000e+00 -7.004024e+00  1.675554e+00
     vertex -1.350000e+00 -6.888738e+00  1.772895e+00
   endloop
 endfacet
 facet normal  1.000000e+00 -6.245199e-16 -2.917265e-15
   outer loop
     vertex -1.350000e+00 -6.877179e+00  1.768877e+00
     vertex -1.350000e+00 -6.932456e+00  1.628483e+00
     vertex -1.350000e+00 -6.890252e+00  1.619448e+00
   endloop
 endfacet
 facet normal  1.000000e+00 -9.671121e-16 -2.782379e-15
   outer loop
     vertex -1.350000e+00 -6.877179e+00  1.768877e+00
     vertex -1.350000e+00 -6.888738e+00  1.772895e+00
     vertex -1.350000e+00 -6.932456e+00  1.628483e+00
   endloop
 endfacet
 facet normal  1.000000e+00 -1.480297e-15 -1.839435e-16
   outer loop
     vertex -1.350000e+00 -6.900000e+00  1.793782e+00
     vertex -1.350000e+00 -7.050000e+00  1.793782e+00
     vertex -1.350000e+00 -7.044678e+00  1.750952e+00
   endloop
 endfacet
 facet normal  1.000000e+00 -1.428040e-15 -3.604658e-16
   outer loop
     vertex -1.350000e+00 -6.900000e+00  1.793782e+00
     vertex -1.350000e+00 -7.044678e+00  1.750952e+00
     vertex -1.350000e+00 -6.897005e+00  1.781917e+00
   endloop
 endfacet
 facet normal  1.000000e+00  0.000000e+00  0.000000e+00
   outer loop
     vertex -1.350000e+00 -6.600000e+00  1.744627e+00
     vertex -1.350000e+00 -6.890252e+00  1.619448e+00
     vertex -1.350000e+00 -6.613073e+00  1.595198e+00
   endloop
 endfacet
 facet normal  1.000000e+00  1.331972e-15 -3.088436e-15
   outer loop
     vertex -1.350000e+00 -6.600000e+00  1.744627e+00
     vertex -1.350000e+00 -6.877179e+00  1.768877e+00
     vertex -1.350000e+00 -6.890252e+00  1.619448e+00
   endloop
 endfacet
 facet normal  1.000000e+00  0.000000e+00  0.000000e+00
   outer loop
     vertex -1.350000e+00 -7.075000e+00  2.419946e+00
     vertex -1.350000e+00 -7.200000e+00  2.495198e+00
     vertex -1.350000e+00 -7.209907e+00  2.419946e+00
   endloop
 endfacet
 facet normal  1.000000e+00  0.000000e+00  0.000000e+00
   outer loop
     vertex -1.350000e+00 -7.075000e+00  2.569946e+00
     vertex -1.350000e+00 -7.213180e+00  2.569946e+00
     vertex -1.350000e+00 -7.200000e+00  2.495198e+00
   endloop
 endfacet
 facet normal  1.000000e+00  0.000000e+00  0.000000e+00
   outer loop
     vertex -1.350000e+00 -7.075000e+00  2.569946e+00
     vertex -1.350000e+00 -7.200000e+00  2.495198e+00
     vertex -1.350000e+00 -7.075000e+00  2.419946e+00
   endloop
 endfacet
 facet normal  1.000000e+00 -1.480297e-15  0.000000e+00
   outer loop
     vertex -1.350000e+00 -6.900000e+00  2.394946e+00
     vertex -1.350000e+00 -7.050000e+00  2.394946e+00
     vertex -1.350000e+00 -7.050000e+00  1.793782e+00
   endloop
 endfacet
 facet normal  1.000000e+00 -1.480297e-15  0.000000e+00
   outer loop
     vertex -1.350000e+00 -6.900000e+00  2.394946e+00
     vertex -1.350000e+00 -7.050000e+00  1.793782e+00
     vertex -1.350000e+00 -6.900000e+00  1.793782e+00
   endloop
 endfacet
 facet normal  1.000000e+00  0.000000e+00  0.000000e+00
   outer loop
     vertex -1.350000e+00 -7.029707e+00  2.563983e+00
     vertex -1.350000e+00 -7.075000e+00  2.419946e+00
     vertex -1.350000e+00 -7.062500e+00  2.416597e+00
   endloop
 endfacet
 facet normal  1.000000e+00  0.000000e+00  0.000000e+00
   outer loop
     vertex -1.350000e+00 -7.029707e+00  2.563983e+00
     vertex -1.350000e+00 -7.075000e+00  2.569946e+00
     vertex -1.350000e+00 -7.075000e+00  2.419946e+00
   endloop
 endfacet
 facet normal  1.000000e+00 -1.421783e-15 -3.809656e-16
   outer loop
     vertex -1.350000e+00 -6.905963e+00  2.440239e+00
     vertex -1.350000e+00 -7.053349e+00  2.407446e+00
     vertex -1.350000e+00 -7.050000e+00  2.394946e+00
   endloop
 endfacet
 facet normal  1.000000e+00 -1.480297e-15 -1.948848e-16
   outer loop
     vertex -1.350000e+00 -6.905963e+00  2.440239e+00
     vertex -1.350000e+00 -7.050000e+00  2.394946e+00
     vertex -1.350000e+00 -6.900000e+00  2.394946e+00
   endloop
 endfacet
 facet normal  1.000000e+00 -4.816949e-15  1.071767e-15
   outer loop
     vertex -1.350000e+00 -6.987500e+00  2.546501e+00
     vertex -1.350000e+00 -7.029707e+00  2.563983e+00
     vertex -1.350000e+00 -7.062500e+00  2.416597e+00
   endloop
 endfacet
 facet normal  1.000000e+00 -1.379418e-15 -5.713735e-16
   outer loop
     vertex -1.350000e+00 -6.923446e+00  2.482446e+00
     vertex -1.350000e+00 -7.053349e+00  2.407446e+00
     vertex -1.350000e+00 -6.905963e+00  2.440239e+00
   endloop
 endfacet
 facet normal  1.000000e+00 -1.040817e-15 -1.040817e-15
   outer loop
     vertex -1.350000e+00 -6.951256e+00  2.518690e+00
     vertex -1.350000e+00 -7.062500e+00  2.416597e+00
     vertex -1.350000e+00 -7.053349e+00  2.407446e+00
   endloop
 endfacet
 facet normal  1.000000e+00 -9.089239e-16 -1.184533e-15
   outer loop
     vertex -1.350000e+00 -6.951256e+00  2.518690e+00
     vertex -1.350000e+00 -6.987500e+00  2.546501e+00
     vertex -1.350000e+00 -7.062500e+00  2.416597e+00
   endloop
 endfacet
 facet normal  1.000000e+00 -1.184533e-15 -9.089239e-16
   outer loop
     vertex -1.350000e+00 -6.951256e+00  2.518690e+00
     vertex -1.350000e+00 -7.053349e+00  2.407446e+00
     vertex -1.350000e+00 -6.923446e+00  2.482446e+00
   endloop
 endfacet
 facet normal  0.000000e+00 -9.914449e-01  1.305262e-01
   outer loop
     vertex -2.700000e+00 -7.209907e+00  2.419946e+00
     vertex -2.300000e+00 -7.200000e+00  2.495198e+00
     vertex -2.700000e+00 -7.200000e+00  2.495198e+00
   endloop
 endfacet
 facet normal  0.000000e+00 -9.914449e-01  1.305262e-01
   outer loop
     vertex -2.700000e+00 -7.209907e+00  2.419946e+00
     vertex -2.300000e+00 -7.209907e+00  2.419946e+00
     vertex -2.300000e+00 -7.200000e+00  2.495198e+00
   endloop
 endfacet
 facet normal  0.000000e+00 -9.848078e-01 -1.736482e-01
   outer loop
     vertex -2.700000e+00 -7.200000e+00  2.495198e+00
     vertex -2.300000e+00 -7.213180e+00  2.569946e+00
     vertex -2.700000e+00 -7.213180e+00  2.569946e+00
   endloop
 endfacet
 facet normal  0.000000e+00 -9.848078e-01 -1.736482e-01
   outer loop
     vertex -2.700000e+00 -7.200000e+00  2.495198e+00
     vertex -2.300000e+00 -7.200000e+00  2.495198e+00
     vertex -2.300000e+00 -7.213180e+00  2.569946e+00
   endloop
 endfacet
 facet normal  0.000000e+00  0.000000e+00  1.000000e+00
   outer loop
     vertex -2.700000e+00 -7.213180e+00  2.569946e+00
     vertex -2.300000e+00 -7.075000e+00  2.569946e+00
     vertex -2.700000e+00 -7.075000e+00  2.569946e+00
   endloop
 endfacet
 facet normal  0.000000e+00  0.000000e+00  1.000000e+00
   outer loop
     vertex -2.700000e+00 -7.213180e+00  2.569946e+00
     vertex -2.300000e+00 -7.213180e+00  2.569946e+00
     vertex -2.300000e+00 -7.075000e+00  2.569946e+00
   endloop
 endfacet
 facet normal  0.000000e+00  9.914449e-01  1.305262e-01
   outer loop
     vertex -2.300000e+00 -6.905963e+00  2.440239e+00
     vertex -2.300000e+00 -6.900000e+00  2.394946e+00
     vertex -2.700000e+00 -6.900000e+00  2.394946e+00
   endloop
 endfacet
 facet normal  0.000000e+00  9.914449e-01  1.305262e-01
   outer loop
     vertex -2.300000e+00 -6.905963e+00  2.440239e+00
     vertex -2.700000e+00 -6.900000e+00  2.394946e+00
     vertex -2.700000e+00 -6.905963e+00  2.440239e+00
   endloop
 endfacet
 facet normal  0.000000e+00  9.238795e-01  3.826834e-01
   outer loop
     vertex -2.300000e+00 -6.923446e+00  2.482446e+00
     vertex -2.700000e+00 -6.905963e+00  2.440239e+00
     vertex -2.700000e+00 -6.923446e+00  2.482446e+00
   endloop
 endfacet
 facet normal  0.000000e+00  9.238795e-01  3.826834e-01
   outer loop
     vertex -2.300000e+00 -6.923446e+00  2.482446e+00
     vertex -2.300000e+00 -6.905963e+00  2.440239e+00
     vertex -2.700000e+00 -6.905963e+00  2.440239e+00
   endloop
 endfacet
 facet normal  0.000000e+00  7.933533e-01  6.087614e-01
   outer loop
     vertex -2.300000e+00 -6.951256e+00  2.518690e+00
     vertex -2.700000e+00 -6.923446e+00  2.482446e+00
     vertex -2.700000e+00 -6.951256e+00  2.518690e+00
   endloop
 endfacet
 facet normal  0.000000e+00  7.933533e-01  6.087614e-01
   outer loop
     vertex -2.300000e+00 -6.951256e+00  2.518690e+00
     vertex -2.300000e+00 -6.923446e+00  2.482446e+00
     vertex -2.700000e+00 -6.923446e+00  2.482446e+00
   endloop
 endfacet
 facet normal  0.000000e+00  6.087614e-01  7.933533e-01
   outer loop
     vertex -2.300000e+00 -6.987500e+00  2.546501e+00
     vertex -2.700000e+00 -6.951256e+00  2.518690e+00
     vertex -2.700000e+00 -6.987500e+00  2.546501e+00
   endloop
 endfacet
 facet normal  0.000000e+00  6.087614e-01  7.933533e-01
   outer loop
     vertex -2.300000e+00 -6.987500e+00  2.546501e+00
     vertex -2.300000e+00 -6.951256e+00  2.518690e+00
     vertex -2.700000e+00 -6.951256e+00  2.518690e+00
   endloop
 endfacet
 facet normal  0.000000e+00  3.826834e-01  9.238795e-01
   outer loop
     vertex -2.300000e+00 -7.029707e+00  2.563983e+00
     vertex -2.700000e+00 -6.987500e+00  2.546501e+00
     vertex -2.700000e+00 -7.029707e+00  2.563983e+00
   endloop
 endfacet
 facet normal  0.000000e+00  3.826834e-01  9.238795e-01
   outer loop
     vertex -2.300000e+00 -7.029707e+00  2.563983e+00
     vertex -2.300000e+00 -6.987500e+00  2.546501e+00
     vertex -2.700000e+00 -6.987500e+00  2.546501e+00
   endloop
 endfacet
 facet normal  0.000000e+00  1.305262e-01  9.914449e-01
   outer loop
     vertex -2.300000e+00 -7.075000e+00  2.569946e+00
     vertex -2.700000e+00 -7.029707e+00  2.563983e+00
     vertex -2.700000e+00 -7.075000e+00  2.569946e+00
   endloop
 endfacet
 facet normal  0.000000e+00  1.305262e-01  9.914449e-01
   outer loop
     vertex -2.300000e+00 -7.075000e+00  2.569946e+00
     vertex -2.300000e+00 -7.029707e+00  2.563983e+00
     vertex -2.700000e+00 -7.029707e+00  2.563983e+00
   endloop
 endfacet
 facet normal  0.000000e+00  1.000000e+00  0.000000e+00
   outer loop
     vertex -2.300000e+00 -6.900000e+00  2.394946e+00
     vertex -2.700000e+00 -6.900000e+00  1.793782e+00
     vertex -2.700000e+00 -6.900000e+00  2.394946e+00
   endloop
 endfacet
 facet normal  0.000000e+00  1.000000e+00  0.000000e+00
   outer loop
     vertex -2.300000e+00 -6.900000e+00  2.394946e+00
     vertex -2.300000e+00 -6.900000e+00  1.793782e+00
     vertex -2.700000e+00 -6.900000e+00  1.793782e+00
   endloop
 endfacet
 facet normal  0.000000e+00  9.695879e-01  2.447433e-01
   outer loop
     vertex -2.300000e+00 -6.897005e+00  1.781917e+00
     vertex -2.700000e+00 -6.900000e+00  1.793782e+00
     vertex -2.300000e+00 -6.900000e+00  1.793782e+00
   endloop
 endfacet
 facet normal  0.000000e+00  9.695879e-01  2.447433e-01
   outer loop
     vertex -2.300000e+00 -6.897005e+00  1.781917e+00
     vertex -2.700000e+00 -6.897005e+00  1.781917e+00
     vertex -2.700000e+00 -6.900000e+00  1.793782e+00
   endloop
 endfacet
 facet normal  0.000000e+00  7.372773e-01  6.755902e-01
   outer loop
     vertex -2.300000e+00 -6.888738e+00  1.772895e+00
     vertex -2.700000e+00 -6.888738e+00  1.772895e+00
     vertex -2.700000e+00 -6.897005e+00  1.781917e+00
   endloop
 endfacet
 facet normal  0.000000e+00  7.372773e-01  6.755902e-01
   outer loop
     vertex -2.300000e+00 -6.888738e+00  1.772895e+00
     vertex -2.700000e+00 -6.897005e+00  1.781917e+00
     vertex -2.300000e+00 -6.897005e+00  1.781917e+00
   endloop
 endfacet
 facet normal  5.243403e-16  3.283172e-01  9.445675e-01
   outer loop
     vertex -2.300000e+00 -6.877179e+00  1.768877e+00
     vertex -2.700000e+00 -6.877179e+00  1.768877e+00
     vertex -2.700000e+00 -6.888738e+00  1.772895e+00
   endloop
 endfacet
 facet normal  0.000000e+00  3.283172e-01  9.445675e-01
   outer loop
     vertex -2.300000e+00 -6.877179e+00  1.768877e+00
     vertex -2.700000e+00 -6.888738e+00  1.772895e+00
     vertex -2.300000e+00 -6.888738e+00  1.772895e+00
   endloop
 endfacet
 facet normal  0.000000e+00  8.715574e-02  9.961947e-01
   outer loop
     vertex -2.700000e+00 -6.877179e+00  1.768877e+00
     vertex -2.300000e+00 -6.600000e+00  1.744627e+00
     vertex -2.700000e+00 -6.600000e+00  1.744627e+00
   endloop
 endfacet
 facet normal  5.529991e-16  8.715574e-02  9.961947e-01
   outer loop
     vertex -2.700000e+00 -6.877179e+00  1.768877e+00
     vertex -2.300000e+00 -6.877179e+00  1.768877e+00
     vertex -2.300000e+00 -6.600000e+00  1.744627e+00
   endloop
 endfacet
 facet normal  0.000000e+00  9.961947e-01 -8.715574e-02
   outer loop
     vertex -2.700000e+00 -6.600000e+00  1.744627e+00
     vertex -2.300000e+00 -6.613073e+00  1.595198e+00
     vertex -2.700000e+00 -6.613073e+00  1.595198e+00
   endloop
 endfacet
 facet normal  0.000000e+00  9.961947e-01 -8.715574e-02
   outer loop
     vertex -2.700000e+00 -6.600000e+00  1.744627e+00
     vertex -2.300000e+00 -6.600000e+00  1.744627e+00
     vertex -2.300000e+00 -6.613073e+00  1.595198e+00
   endloop
 endfacet
 facet normal  0.000000e+00 -8.715574e-02 -9.961947e-01
   outer loop
     vertex -2.700000e+00 -6.613073e+00  1.595198e+00
     vertex -2.300000e+00 -6.890252e+00  1.619448e+00
     vertex -2.700000e+00 -6.890252e+00  1.619448e+00
   endloop
 endfacet
 facet normal  0.000000e+00 -8.715574e-02 -9.961947e-01
   outer loop
     vertex -2.700000e+00 -6.613073e+00  1.595198e+00
     vertex -2.300000e+00 -6.613073e+00  1.595198e+00
     vertex -2.300000e+00 -6.890252e+00  1.619448e+00
   endloop
 endfacet
 facet normal  0.000000e+00 -9.923679e-01 -1.233128e-01
   outer loop
     vertex -2.300000e+00 -7.044678e+00  1.750952e+00
     vertex -2.300000e+00 -7.050000e+00  1.793782e+00
     vertex -2.700000e+00 -7.050000e+00  1.793782e+00
   endloop
 endfacet
 facet normal -6.845236e-17 -9.923679e-01 -1.233128e-01
   outer loop
     vertex -2.300000e+00 -7.044678e+00  1.750952e+00
     vertex -2.700000e+00 -7.050000e+00  1.793782e+00
     vertex -2.700000e+00 -7.044678e+00  1.750952e+00
   endloop
 endfacet
 facet normal -2.011935e-16 -9.320079e-01 -3.624380e-01
   outer loop
     vertex -2.300000e+00 -7.029035e+00  1.710727e+00
     vertex -2.700000e+00 -7.044678e+00  1.750952e+00
     vertex -2.700000e+00 -7.029035e+00  1.710727e+00
   endloop
 endfacet
 facet normal -2.009667e-16 -9.320079e-01 -3.624380e-01
   outer loop
     vertex -2.300000e+00 -7.029035e+00  1.710727e+00
     vertex -2.300000e+00 -7.044678e+00  1.750952e+00
     vertex -2.700000e+00 -7.044678e+00  1.750952e+00
   endloop
 endfacet
 facet normal -0.000000e+00 -8.149593e-01 -5.795183e-01
   outer loop
     vertex -2.300000e+00 -7.004024e+00  1.675554e+00
     vertex -2.700000e+00 -7.029035e+00  1.710727e+00
     vertex -2.700000e+00 -7.004024e+00  1.675554e+00
   endloop
 endfacet
 facet normal -3.202906e-16 -8.149593e-01 -5.795183e-01
   outer loop
     vertex -2.300000e+00 -7.004024e+00  1.675554e+00
     vertex -2.300000e+00 -7.029035e+00  1.710727e+00
     vertex -2.700000e+00 -7.029035e+00  1.710727e+00
   endloop
 endfacet
 facet normal -0.000000e+00 -6.483414e-01 -7.613497e-01
   outer loop
     vertex -2.300000e+00 -6.971164e+00  1.647572e+00
     vertex -2.700000e+00 -7.004024e+00  1.675554e+00
     vertex -2.700000e+00 -6.971164e+00  1.647572e+00
   endloop
 endfacet
 facet normal  0.000000e+00 -6.483414e-01 -7.613497e-01
   outer loop
     vertex -2.300000e+00 -6.971164e+00  1.647572e+00
     vertex -2.300000e+00 -7.004024e+00  1.675554e+00
     vertex -2.700000e+00 -7.004024e+00  1.675554e+00
   endloop
 endfacet
 facet normal -0.000000e+00 -4.422887e-01 -8.968727e-01
   outer loop
     vertex -2.300000e+00 -6.932456e+00  1.628483e+00
     vertex -2.700000e+00 -6.971164e+00  1.647572e+00
     vertex -2.700000e+00 -6.932456e+00  1.628483e+00
   endloop
 endfacet
 facet normal  0.000000e+00 -4.422887e-01 -8.968727e-01
   outer loop
     vertex -2.300000e+00 -6.932456e+00  1.628483e+00
     vertex -2.300000e+00 -6.971164e+00  1.647572e+00
     vertex -2.700000e+00 -6.971164e+00  1.647572e+00
   endloop
 endfacet
 facet normal -0.000000e+00 -2.093341e-01 -9.778442e-01
   outer loop
     vertex -2.300000e+00 -6.890252e+00  1.619448e+00
     vertex -2.700000e+00 -6.932456e+00  1.628483e+00
     vertex -2.700000e+00 -6.890252e+00  1.619448e+00
   endloop
 endfacet
 facet normal  0.000000e+00 -2.093341e-01 -9.778442e-01
   outer loop
     vertex -2.300000e+00 -6.890252e+00  1.619448e+00
     vertex -2.300000e+00 -6.932456e+00  1.628483e+00
     vertex -2.700000e+00 -6.932456e+00  1.628483e+00
   endloop
 endfacet
 facet normal  0.000000e+00 -1.000000e+00  0.000000e+00
   outer loop
     vertex -2.700000e+00 -7.050000e+00  1.793782e+00
     vertex -2.300000e+00 -7.050000e+00  2.394946e+00
     vertex -2.700000e+00 -7.050000e+00  2.394946e+00
   endloop
 endfacet
 facet normal  0.000000e+00 -1.000000e+00  0.000000e+00
   outer loop
     vertex -2.700000e+00 -7.050000e+00  1.793782e+00
     vertex -2.300000e+00 -7.050000e+00  1.793782e+00
     vertex -2.300000e+00 -7.050000e+00  2.394946e+00
   endloop
 endfacet
 facet normal  0.000000e+00 -9.659258e-01 -2.588190e-01
   outer loop
     vertex -2.300000e+00 -7.053349e+00  2.407446e+00
     vertex -2.700000e+00 -7.050000e+00  2.394946e+00
     vertex -2.300000e+00 -7.050000e+00  2.394946e+00
   endloop
 endfacet
 facet normal -0.000000e+00 -9.659258e-01 -2.588190e-01
   outer loop
     vertex -2.300000e+00 -7.053349e+00  2.407446e+00
     vertex -2.700000e+00 -7.053349e+00  2.407446e+00
     vertex -2.700000e+00 -7.050000e+00  2.394946e+00
   endloop
 endfacet
 facet normal -0.000000e+00 -7.071068e-01 -7.071068e-01
   outer loop
     vertex -2.300000e+00 -7.062500e+00  2.416597e+00
     vertex -2.700000e+00 -7.062500e+00  2.416597e+00
     vertex -2.700000e+00 -7.053349e+00  2.407446e+00
   endloop
 endfacet
 facet normal  0.000000e+00 -7.071068e-01 -7.071068e-01
   outer loop
     vertex -2.300000e+00 -7.062500e+00  2.416597e+00
     vertex -2.700000e+00 -7.053349e+00  2.407446e+00
     vertex -2.300000e+00 -7.053349e+00  2.407446e+00
   endloop
 endfacet
 facet normal -0.000000e+00 -2.588190e-01 -9.659258e-01
   outer loop
     vertex -2.300000e+00 -7.075000e+00  2.419946e+00
     vertex -2.700000e+00 -7.075000e+00  2.419946e+00
     vertex -2.700000e+00 -7.062500e+00  2.416597e+00
   endloop
 endfacet
 facet normal  0.000000e+00 -2.588190e-01 -9.659258e-01
   outer loop
     vertex -2.300000e+00 -7.075000e+00  2.419946e+00
     vertex -2.700000e+00 -7.062500e+00  2.416597e+00
     vertex -2.300000e+00 -7.062500e+00  2.416597e+00
   endloop
 endfacet
 facet normal  0.000000e+00  0.000000e+00 -1.000000e+00
   outer loop
     vertex -2.700000e+00 -7.209907e+00  2.419946e+00
     vertex -2.700000e+00 -7.075000e+00  2.419946e+00
     vertex -2.300000e+00 -7.075000e+00  2.419946e+00
   endloop
 endfacet
 facet normal  0.000000e+00  0.000000e+00 -1.000000e+00
   outer loop
     vertex -2.700000e+00 -7.209907e+00  2.419946e+00
     vertex -2.300000e+00 -7.075000e+00  2.419946e+00
     vertex -2.300000e+00 -7.209907e+00  2.419946e+00
   endloop
 endfacet
 facet normal -1.000000e+00  0.000000e+00  0.000000e+00
   outer loop
     vertex -2.700000e+00 -6.888738e+00  1.772895e+00
     vertex -2.700000e+00 -6.932456e+00  1.628483e+00
     vertex -2.700000e+00 -6.971164e+00  1.647572e+00
   endloop
 endfacet
 facet normal -1.000000e+00  0.000000e+00  0.000000e+00
   outer loop
     vertex -2.700000e+00 -6.888738e+00  1.772895e+00
     vertex -2.700000e+00 -6.971164e+00  1.647572e+00
     vertex -2.700000e+00 -7.004024e+00  1.675554e+00
   endloop
 endfacet
 facet normal -1.000000e+00  0.000000e+00  0.000000e+00
   outer loop
     vertex -2.700000e+00 -6.897005e+00  1.781917e+00
     vertex -2.700000e+00 -7.004024e+00  1.675554e+00
     vertex -2.700000e+00 -7.029035e+00  1.710727e+00
   endloop
 endfacet
 facet normal -1.000000e+00  0.000000e+00  0.000000e+00
   outer loop
     vertex -2.700000e+00 -6.897005e+00  1.781917e+00
     vertex -2.700000e+00 -7.029035e+00  1.710727e+00
     vertex -2.700000e+00 -7.044678e+00  1.750952e+00
   endloop
 endfacet
 facet normal -1.000000e+00  0.000000e+00 -0.000000e+00
   outer loop
     vertex -2.700000e+00 -6.897005e+00  1.781917e+00
     vertex -2.700000e+00 -6.888738e+00  1.772895e+00
     vertex -2.700000e+00 -7.004024e+00  1.675554e+00
   endloop
 endfacet
 facet normal -1.000000e+00  0.000000e+00  0.000000e+00
   outer loop
     vertex -2.700000e+00 -6.877179e+00  1.768877e+00
     vertex -2.700000e+00 -6.890252e+00  1.619448e+00
     vertex -2.700000e+00 -6.932456e+00  1.628483e+00
   endloop
 endfacet
 facet normal -1.000000e+00 -0.000000e+00  0.000000e+00
   outer loop
     vertex -2.700000e+00 -6.877179e+00  1.768877e+00
     vertex -2.700000e+00 -6.932456e+00  1.628483e+00
     vertex -2.700000e+00 -6.888738e+00  1.772895e+00
   endloop
 endfacet
 facet normal -1.000000e+00 -0.000000e+00  0.000000e+00
   outer loop
     vertex -2.700000e+00 -6.900000e+00  1.793782e+00
     vertex -2.700000e+00 -7.044678e+00  1.750952e+00
     vertex -2.700000e+00 -7.050000e+00  1.793782e+00
   endloop
 endfacet
 facet normal -1.000000e+00  0.000000e+00 -0.000000e+00
   outer loop
     vertex -2.700000e+00 -6.900000e+00  1.793782e+00
     vertex -2.700000e+00 -6.897005e+00  1.781917e+00
     vertex -2.700000e+00 -7.044678e+00  1.750952e+00
   endloop
 endfacet
 facet normal -1.000000e+00  0.000000e+00  0.000000e+00
   outer loop
     vertex -2.700000e+00 -6.600000e+00  1.744627e+00
     vertex -2.700000e+00 -6.613073e+00  1.595198e+00
     vertex -2.700000e+00 -6.890252e+00  1.619448e+00
   endloop
 endfacet
 facet normal -1.000000e+00 -0.000000e+00  0.000000e+00
   outer loop
     vertex -2.700000e+00 -6.600000e+00  1.744627e+00
     vertex -2.700000e+00 -6.890252e+00  1.619448e+00
     vertex -2.700000e+00 -6.877179e+00  1.768877e+00
   endloop
 endfacet
 facet normal -1.000000e+00  0.000000e+00  0.000000e+00
   outer loop
     vertex -2.700000e+00 -7.075000e+00  2.419946e+00
     vertex -2.700000e+00 -7.209907e+00  2.419946e+00
     vertex -2.700000e+00 -7.200000e+00  2.495198e+00
   endloop
 endfacet
 facet normal -1.000000e+00 -0.000000e+00 -7.387155e-16
   outer loop
     vertex -2.700000e+00 -6.900000e+00  2.394946e+00
     vertex -2.700000e+00 -7.050000e+00  1.793782e+00
     vertex -2.700000e+00 -7.050000e+00  2.394946e+00
   endloop
 endfacet
 facet normal -1.000000e+00  0.000000e+00 -7.387155e-16
   outer loop
     vertex -2.700000e+00 -6.900000e+00  2.394946e+00
     vertex -2.700000e+00 -6.900000e+00  1.793782e+00
     vertex -2.700000e+00 -7.050000e+00  1.793782e+00
   endloop
 endfacet
 facet normal -1.000000e+00 -0.000000e+00  0.000000e+00
   outer loop
     vertex -2.700000e+00 -7.075000e+00  2.569946e+00
     vertex -2.700000e+00 -7.200000e+00  2.495198e+00
     vertex -2.700000e+00 -7.213180e+00  2.569946e+00
   endloop
 endfacet
 facet normal -1.000000e+00  0.000000e+00 -0.000000e+00
   outer loop
     vertex -2.700000e+00 -7.075000e+00  2.569946e+00
     vertex -2.700000e+00 -7.075000e+00  2.419946e+00
     vertex -2.700000e+00 -7.200000e+00  2.495198e+00
   endloop
 endfacet
 facet normal -1.000000e+00  0.000000e+00  0.000000e+00
   outer loop
     vertex -2.700000e+00 -7.029707e+00  2.563983e+00
     vertex -2.700000e+00 -7.062500e+00  2.416597e+00
     vertex -2.700000e+00 -7.075000e+00  2.419946e+00
   endloop
 endfacet
 facet normal -1.000000e+00 -0.000000e+00  0.000000e+00
   outer loop
     vertex -2.700000e+00 -7.029707e+00  2.563983e+00
     vertex -2.700000e+00 -7.075000e+00  2.419946e+00
     vertex -2.700000e+00 -7.075000e+00  2.569946e+00
   endloop
 endfacet
 facet normal -1.000000e+00  0.000000e+00  0.000000e+00
   outer loop
     vertex -2.700000e+00 -6.905963e+00  2.440239e+00
     vertex -2.700000e+00 -7.050000e+00  2.394946e+00
     vertex -2.700000e+00 -7.053349e+00  2.407446e+00
   endloop
 endfacet
 facet normal -1.000000e+00  0.000000e+00 -0.000000e+00
   outer loop
     vertex -2.700000e+00 -6.905963e+00  2.440239e+00
     vertex -2.700000e+00 -6.900000e+00  2.394946e+00
     vertex -2.700000e+00 -7.050000e+00  2.394946e+00
   endloop
 endfacet
 facet normal -1.000000e+00 -0.000000e+00  0.000000e+00
   outer loop
     vertex -2.700000e+00 -6.987500e+00  2.546501e+00
     vertex -2.700000e+00 -7.062500e+00  2.416597e+00
     vertex -2.700000e+00 -7.029707e+00  2.563983e+00
   endloop
 endfacet
 facet normal -1.000000e+00  0.000000e+00 -0.000000e+00
   outer loop
     vertex -2.700000e+00 -6.923446e+00  2.482446e+00
     vertex -2.700000e+00 -6.905963e+00  2.440239e+00
     vertex -2.700000e+00 -7.053349e+00  2.407446e+00
   endloop
 endfacet
 facet normal -1.000000e+00  0.000000e+00  0.000000e+00
   outer loop
     vertex -2.700000e+00 -6.951256e+00  2.518690e+00
     vertex -2.700000e+00 -7.053349e+00  2.407446e+00
     vertex -2.700000e+00 -7.062500e+00  2.416597e+00
   endloop
 endfacet
 facet normal -1.000000e+00  0.000000e+00 -0.000000e+00
   outer loop
     vertex -2.700000e+00 -6.951256e+00  2.518690e+00
     vertex -2.700000e+00 -6.923446e+00  2.482446e+00
     vertex -2.700000e+00 -7.053349e+00  2.407446e+00
   endloop
 endfacet
 facet normal -1.000000e+00 -0.000000e+00  0.000000e+00
   outer loop
     vertex -2.700000e+00 -6.951256e+00  2.518690e+00
     vertex -2.700000e+00 -7.062500e+00  2.416597e+00
     vertex -2.700000e+00 -6.987500e+00  2.546501e+00
   endloop
 endfacet
 facet normal  1.000000e+00  0.000000e+00  0.000000e+00
   outer loop
     vertex -2.300000e+00 -6.888738e+00  1.772895e+00
     vertex -2.300000e+00 -6.971164e+00  1.647572e+00
     vertex -2.300000e+00 -6.932456e+00  1.628483e+00
   endloop
 endfacet
 facet normal  1.000000e+00  0.000000e+00  0.000000e+00
   outer loop
     vertex -2.300000e+00 -6.888738e+00  1.772895e+00
     vertex -2.300000e+00 -7.004024e+00  1.675554e+00
     vertex -2.300000e+00 -6.971164e+00  1.647572e+00
   endloop
 endfacet
 facet normal  1.000000e+00  0.000000e+00  0.000000e+00
   outer loop
     vertex -2.300000e+00 -6.897005e+00  1.781917e+00
     vertex -2.300000e+00 -7.029035e+00  1.710727e+00
     vertex -2.300000e+00 -7.004024e+00  1.675554e+00
   endloop
 endfacet
 facet normal  1.000000e+00  0.000000e+00  0.000000e+00
   outer loop
     vertex -2.300000e+00 -6.897005e+00  1.781917e+00
     vertex -2.300000e+00 -7.044678e+00  1.750952e+00
     vertex -2.300000e+00 -7.029035e+00  1.710727e+00
   endloop
 endfacet
 facet normal  1.000000e+00  0.000000e+00  0.000000e+00
   outer loop
     vertex -2.300000e+00 -6.897005e+00  1.781917e+00
     vertex -2.300000e+00 -7.004024e+00  1.675554e+00
     vertex -2.300000e+00 -6.888738e+00  1.772895e+00
   endloop
 endfacet
 facet normal  1.000000e+00  0.000000e+00  0.000000e+00
   outer loop
     vertex -2.300000e+00 -6.877179e+00  1.768877e+00
     vertex -2.300000e+00 -6.932456e+00  1.628483e+00
     vertex -2.300000e+00 -6.890252e+00  1.619448e+00
   endloop
 endfacet
 facet normal  1.000000e+00  0.000000e+00  0.000000e+00
   outer loop
     vertex -2.300000e+00 -6.877179e+00  1.768877e+00
     vertex -2.300000e+00 -6.888738e+00  1.772895e+00
     vertex -2.300000e+00 -6.932456e+00  1.628483e+00
   endloop
 endfacet
 facet normal  1.000000e+00  0.000000e+00  0.000000e+00
   outer loop
     vertex -2.300000e+00 -6.900000e+00  1.793782e+00
     vertex -2.300000e+00 -7.050000e+00  1.793782e+00
     vertex -2.300000e+00 -7.044678e+00  1.750952e+00
   endloop
 endfacet
 facet normal  1.000000e+00  0.000000e+00  0.000000e+00
   outer loop
     vertex -2.300000e+00 -6.900000e+00  1.793782e+00
     vertex -2.300000e+00 -7.044678e+00  1.750952e+00
     vertex -2.300000e+00 -6.897005e+00  1.781917e+00
   endloop
 endfacet
 facet normal  1.000000e+00  0.000000e+00  0.000000e+00
   outer loop
     vertex -2.300000e+00 -6.600000e+00  1.744627e+00
     vertex -2.300000e+00 -6.890252e+00  1.619448e+00
     vertex -2.300000e+00 -6.613073e+00  1.595198e+00
   endloop
 endfacet
 facet normal  1.000000e+00  0.000000e+00  0.000000e+00
   outer loop
     vertex -2.300000e+00 -6.600000e+00  1.744627e+00
     vertex -2.300000e+00 -6.877179e+00  1.768877e+00
     vertex -2.300000e+00 -6.890252e+00  1.619448e+00
   endloop
 endfacet
 facet normal  1.000000e+00  0.000000e+00  0.000000e+00
   outer loop
     vertex -2.300000e+00 -7.075000e+00  2.419946e+00
     vertex -2.300000e+00 -7.200000e+00  2.495198e+00
     vertex -2.300000e+00 -7.209907e+00  2.419946e+00
   endloop
 endfacet
 facet normal  1.000000e+00  0.000000e+00  0.000000e+00
   outer loop
     vertex -2.300000e+00 -6.900000e+00  2.394946e+00
     vertex -2.300000e+00 -7.050000e+00  2.394946e+00
     vertex -2.300000e+00 -7.050000e+00  1.793782e+00
   endloop
 endfacet
 facet normal  1.000000e+00  0.000000e+00  0.000000e+00
   outer loop
     vertex -2.300000e+00 -6.900000e+00  2.394946e+00
     vertex -2.300000e+00 -7.050000e+00  1.793782e+00
     vertex -2.300000e+00 -6.900000e+00  1.793782e+00
   endloop
 endfacet
 facet normal  1.000000e+00  0.000000e+00  0.000000e+00
   outer loop
     vertex -2.300000e+00 -7.075000e+00  2.569946e+00
     vertex -2.300000e+00 -7.213180e+00  2.569946e+00
     vertex -2.300000e+00 -7.200000e+00  2.495198e+00
   endloop
 endfacet
 facet normal  1.000000e+00  0.000000e+00  0.000000e+00
   outer loop
     vertex -2.300000e+00 -7.075000e+00  2.569946e+00
     vertex -2.300000e+00 -7.200000e+00  2.495198e+00
     vertex -2.300000e+00 -7.075000e+00  2.419946e+00
   endloop
 endfacet
 facet normal  1.000000e+00  0.000000e+00  0.000000e+00
   outer loop
     vertex -2.300000e+00 -7.029707e+00  2.563983e+00
     vertex -2.300000e+00 -7.075000e+00  2.419946e+00
     vertex -2.300000e+00 -7.062500e+00  2.416597e+00
   endloop
 endfacet
 facet normal  1.000000e+00  0.000000e+00  0.000000e+00
   outer loop
     vertex -2.300000e+00 -7.029707e+00  2.563983e+00
     vertex -2.300000e+00 -7.075000e+00  2.569946e+00
     vertex -2.300000e+00 -7.075000e+00  2.419946e+00
   endloop
 endfacet
 facet normal  1.000000e+00  0.000000e+00  0.000000e+00
   outer loop
     vertex -2.300000e+00 -6.905963e+00  2.440239e+00
     vertex -2.300000e+00 -7.053349e+00  2.407446e+00
     vertex -2.300000e+00 -7.050000e+00  2.394946e+00
   endloop
 endfacet
 facet normal  1.000000e+00  0.000000e+00  0.000000e+00
   outer loop
     vertex -2.300000e+00 -6.905963e+00  2.440239e+00
     vertex -2.300000e+00 -7.050000e+00  2.394946e+00
     vertex -2.300000e+00 -6.900000e+00  2.394946e+00
   endloop
 endfacet
 facet normal  1.000000e+00  0.000000e+00  0.000000e+00
   outer loop
     vertex -2.300000e+00 -6.987500e+00  2.546501e+00
     vertex -2.300000e+00 -7.029707e+00  2.563983e+00
     vertex -2.300000e+00 -7.062500e+00  2.416597e+00
   endloop
 endfacet
 facet normal  1.000000e+00  0.000000e+00  0.000000e+00
   outer loop
     vertex -2.300000e+00 -6.923446e+00  2.482446e+00
     vertex -2.300000e+00 -7.053349e+00  2.407446e+00
     vertex -2.300000e+00 -6.905963e+00  2.440239e+00
   endloop
 endfacet
 facet normal  1.000000e+00  0.000000e+00  0.000000e+00
   outer loop
     vertex -2.300000e+00 -6.951256e+00  2.518690e+00
     vertex -2.300000e+00 -7.062500e+00  2.416597e+00
     vertex -2.300000e+00 -7.053349e+00  2.407446e+00
   endloop
 endfacet
 facet normal  1.000000e+00  0.000000e+00  0.000000e+00
   outer loop
     vertex -2.300000e+00 -6.951256e+00  2.518690e+00
     vertex -2.300000e+00 -7.053349e+00  2.407446e+00
     vertex -2.300000e+00 -6.923446e+00  2.482446e+00
   endloop
 endfacet
 facet normal  1.000000e+00  0.000000e+00  0.000000e+00
   outer loop
     vertex -2.300000e+00 -6.951256e+00  2.518690e+00
     vertex -2.300000e+00 -6.987500e+00  2.546501e+00
     vertex -2.300000e+00 -7.062500e+00  2.416597e+00
   endloop
 endfacet
 facet normal  0.000000e+00 -9.914449e-01  1.305262e-01
   outer loop
     vertex -3.650000e+00 -7.209907e+00  2.419946e+00
     vertex -3.250000e+00 -7.200000e+00  2.495198e+00
     vertex -3.650000e+00 -7.200000e+00  2.495198e+00
   endloop
 endfacet
 facet normal  0.000000e+00 -9.914449e-01  1.305262e-01
   outer loop
     vertex -3.650000e+00 -7.209907e+00  2.419946e+00
     vertex -3.250000e+00 -7.209907e+00  2.419946e+00
     vertex -3.250000e+00 -7.200000e+00  2.495198e+00
   endloop
 endfacet
 facet normal  0.000000e+00 -9.848078e-01 -1.736482e-01
   outer loop
     vertex -3.650000e+00 -7.200000e+00  2.495198e+00
     vertex -3.250000e+00 -7.213180e+00  2.569946e+00
     vertex -3.650000e+00 -7.213180e+00  2.569946e+00
   endloop
 endfacet
 facet normal  0.000000e+00 -9.848078e-01 -1.736482e-01
   outer loop
     vertex -3.650000e+00 -7.200000e+00  2.495198e+00
     vertex -3.250000e+00 -7.200000e+00  2.495198e+00
     vertex -3.250000e+00 -7.213180e+00  2.569946e+00
   endloop
 endfacet
 facet normal  0.000000e+00  0.000000e+00  1.000000e+00
   outer loop
     vertex -3.650000e+00 -7.213180e+00  2.569946e+00
     vertex -3.250000e+00 -7.075000e+00  2.569946e+00
     vertex -3.650000e+00 -7.075000e+00  2.569946e+00
   endloop
 endfacet
 facet normal  0.000000e+00  0.000000e+00  1.000000e+00
   outer loop
     vertex -3.650000e+00 -7.213180e+00  2.569946e+00
     vertex -3.250000e+00 -7.213180e+00  2.569946e+00
     vertex -3.250000e+00 -7.075000e+00  2.569946e+00
   endloop
 endfacet
 facet normal -2.201195e-15  9.914449e-01  1.305262e-01
   outer loop
     vertex -3.250000e+00 -6.905963e+00  2.440239e+00
     vertex -3.250000e+00 -6.900000e+00  2.394946e+00
     vertex -3.650000e+00 -6.900000e+00  2.394946e+00
   endloop
 endfacet
 facet normal  0.000000e+00  9.914449e-01  1.305262e-01
   outer loop
     vertex -3.250000e+00 -6.905963e+00  2.440239e+00
     vertex -3.650000e+00 -6.900000e+00  2.394946e+00
     vertex -3.650000e+00 -6.905963e+00  2.440239e+00
   endloop
 endfacet
 facet normal  0.000000e+00  9.238795e-01  3.826834e-01
   outer loop
     vertex -3.250000e+00 -6.923446e+00  2.482446e+00
     vertex -3.650000e+00 -6.905963e+00  2.440239e+00
     vertex -3.650000e+00 -6.923446e+00  2.482446e+00
   endloop
 endfacet
 facet normal  0.000000e+00  9.238795e-01  3.826834e-01
   outer loop
     vertex -3.250000e+00 -6.923446e+00  2.482446e+00
     vertex -3.250000e+00 -6.905963e+00  2.440239e+00
     vertex -3.650000e+00 -6.905963e+00  2.440239e+00
   endloop
 endfacet
 facet normal -1.761598e-15  7.933533e-01  6.087614e-01
   outer loop
     vertex -3.250000e+00 -6.951256e+00  2.518690e+00
     vertex -3.650000e+00 -6.923446e+00  2.482446e+00
     vertex -3.650000e+00 -6.951256e+00  2.518690e+00
   endloop
 endfacet
 facet normal  0.000000e+00  7.933533e-01  6.087614e-01
   outer loop
     vertex -3.250000e+00 -6.951256e+00  2.518690e+00
     vertex -3.250000e+00 -6.923446e+00  2.482446e+00
     vertex -3.650000e+00 -6.923446e+00  2.482446e+00
   endloop
 endfacet
 facet normal  0.000000e+00  6.087614e-01  7.933533e-01
   outer loop
     vertex -3.250000e+00 -6.987500e+00  2.546501e+00
     vertex -3.650000e+00 -6.951256e+00  2.518690e+00
     vertex -3.650000e+00 -6.987500e+00  2.546501e+00
   endloop
 endfacet
 facet normal -1.352756e-15  6.087614e-01  7.933533e-01
   outer loop
     vertex -3.250000e+00 -6.987500e+00  2.546501e+00
     vertex -3.250000e+00 -6.951256e+00  2.518690e+00
     vertex -3.650000e+00 -6.951256e+00  2.518690e+00
   endloop
 endfacet
 facet normal  0.000000e+00  3.826834e-01  9.238795e-01
   outer loop
     vertex -3.250000e+00 -7.029707e+00  2.563983e+00
     vertex -3.650000e+00 -6.987500e+00  2.546501e+00
     vertex -3.650000e+00 -7.029707e+00  2.563983e+00
   endloop
 endfacet
 facet normal  0.000000e+00  3.826834e-01  9.238795e-01
   outer loop
     vertex -3.250000e+00 -7.029707e+00  2.563983e+00
     vertex -3.250000e+00 -6.987500e+00  2.546501e+00
     vertex -3.650000e+00 -6.987500e+00  2.546501e+00
   endloop
 endfacet
 facet normal  0.000000e+00  1.305262e-01  9.914449e-01
   outer loop
     vertex -3.250000e+00 -7.075000e+00  2.569946e+00
     vertex -3.650000e+00 -7.029707e+00  2.563983e+00
     vertex -3.650000e+00 -7.075000e+00  2.569946e+00
   endloop
 endfacet
 facet normal  0.000000e+00  1.305262e-01  9.914449e-01
   outer loop
     vertex -3.250000e+00 -7.075000e+00  2.569946e+00
     vertex -3.250000e+00 -7.029707e+00  2.563983e+00
     vertex -3.650000e+00 -7.029707e+00  2.563983e+00
   endloop
 endfacet
 facet normal -2.220446e-15  1.000000e+00 -1.640278e-30
   outer loop
     vertex -3.250000e+00 -6.900000e+00  2.394946e+00
     vertex -3.650000e+00 -6.900000e+00  1.793782e+00
     vertex -3.650000e+00 -6.900000e+00  2.394946e+00
   endloop
 endfacet
 facet normal -2.220446e-15  1.000000e+00 -1.640278e-30
   outer loop
     vertex -3.250000e+00 -6.900000e+00  2.394946e+00
     vertex -3.250000e+00 -6.900000e+00  1.793782e+00
     vertex -3.650000e+00 -6.900000e+00  1.793782e+00
   endloop
 endfacet
 facet normal -2.017014e-15  9.695879e-01  2.447433e-01
   outer loop
     vertex -3.250000e+00 -6.897005e+00  1.781917e+00
     vertex -3.650000e+00 -6.900000e+00  1.793782e+00
     vertex -3.250000e+00 -6.900000e+00  1.793782e+00
   endloop
 endfacet
 facet normal -2.017058e-15  9.695879e-01  2.447433e-01
   outer loop
     vertex -3.250000e+00 -6.897005e+00  1.781917e+00
     vertex -3.650000e+00 -6.897005e+00  1.781917e+00
     vertex -3.650000e+00 -6.900000e+00  1.793782e+00
   endloop
 endfacet
 facet normal -1.262057e-15  7.372773e-01  6.755902e-01
   outer loop
     vertex -3.250000e+00 -6.888738e+00  1.772895e+00
     vertex -3.650000e+00 -6.888738e+00  1.772895e+00
     vertex -3.650000e+00 -6.897005e+00  1.781917e+00
   endloop
 endfacet
 facet normal -1.259769e-15  7.372773e-01  6.755902e-01
   outer loop
     vertex -3.250000e+00 -6.888738e+00  1.772895e+00
     vertex -3.650000e+00 -6.897005e+00  1.781917e+00
     vertex -3.250000e+00 -6.897005e+00  1.781917e+00
   endloop
 endfacet
 facet normal  5.243403e-16  3.283172e-01  9.445675e-01
   outer loop
     vertex -3.250000e+00 -6.877179e+00  1.768877e+00
     vertex -3.650000e+00 -6.877179e+00  1.768877e+00
     vertex -3.650000e+00 -6.888738e+00  1.772895e+00
   endloop
 endfacet
 facet normal -2.048855e-16  3.283172e-01  9.445675e-01
   outer loop
     vertex -3.250000e+00 -6.877179e+00  1.768877e+00
     vertex -3.650000e+00 -6.888738e+00  1.772895e+00
     vertex -3.250000e+00 -6.888738e+00  1.772895e+00
   endloop
 endfacet
 facet normal  3.584942e-16  8.715574e-02  9.961947e-01
   outer loop
     vertex -3.650000e+00 -6.877179e+00  1.768877e+00
     vertex -3.250000e+00 -6.600000e+00  1.744627e+00
     vertex -3.650000e+00 -6.600000e+00  1.744627e+00
   endloop
 endfacet
 facet normal  5.529991e-16  8.715574e-02  9.961947e-01
   outer loop
     vertex -3.650000e+00 -6.877179e+00  1.768877e+00
     vertex -3.250000e+00 -6.877179e+00  1.768877e+00
     vertex -3.250000e+00 -6.600000e+00  1.744627e+00
   endloop
 endfacet
 facet normal -2.312965e-15  9.961947e-01 -8.715574e-02
   outer loop
     vertex -3.650000e+00 -6.600000e+00  1.744627e+00
     vertex -3.250000e+00 -6.613073e+00  1.595198e+00
     vertex -3.650000e+00 -6.613073e+00  1.595198e+00
   endloop
 endfacet
 facet normal -2.260378e-15  9.961947e-01 -8.715574e-02
   outer loop
     vertex -3.650000e+00 -6.600000e+00  1.744627e+00
     vertex -3.250000e+00 -6.600000e+00  1.744627e+00
     vertex -3.250000e+00 -6.613073e+00  1.595198e+00
   endloop
 endfacet
 facet normal -5.533281e-16 -8.715574e-02 -9.961947e-01
   outer loop
     vertex -3.650000e+00 -6.613073e+00  1.595198e+00
     vertex -3.250000e+00 -6.890252e+00  1.619448e+00
     vertex -3.650000e+00 -6.890252e+00  1.619448e+00
   endloop
 endfacet
 facet normal -9.124737e-16 -8.715574e-02 -9.961947e-01
   outer loop
     vertex -3.650000e+00 -6.613073e+00  1.595198e+00
     vertex -3.250000e+00 -6.613073e+00  1.595198e+00
     vertex -3.250000e+00 -6.890252e+00  1.619448e+00
   endloop
 endfacet
 facet normal -6.908229e-17 -9.923679e-01 -1.233128e-01
   outer loop
     vertex -3.250000e+00 -7.044678e+00  1.750952e+00
     vertex -3.250000e+00 -7.050000e+00  1.793782e+00
     vertex -3.650000e+00 -7.050000e+00  1.793782e+00
   endloop
 endfacet
 facet normal -6.845236e-17 -9.923679e-01 -1.233128e-01
   outer loop
     vertex -3.250000e+00 -7.044678e+00  1.750952e+00
     vertex -3.650000e+00 -7.050000e+00  1.793782e+00
     vertex -3.650000e+00 -7.044678e+00  1.750952e+00
   endloop
 endfacet
 facet normal -2.011935e-16 -9.320079e-01 -3.624380e-01
   outer loop
     vertex -3.250000e+00 -7.029035e+00  1.710727e+00
     vertex -3.650000e+00 -7.044678e+00  1.750952e+00
     vertex -3.650000e+00 -7.029035e+00  1.710727e+00
   endloop
 endfacet
 facet normal -2.009667e-16 -9.320079e-01 -3.624380e-01
   outer loop
     vertex -3.250000e+00 -7.029035e+00  1.710727e+00
     vertex -3.250000e+00 -7.044678e+00  1.750952e+00
     vertex -3.650000e+00 -7.044678e+00  1.750952e+00
   endloop
 endfacet
 facet normal -3.216973e-16 -8.149593e-01 -5.795183e-01
   outer loop
     vertex -3.250000e+00 -7.004024e+00  1.675554e+00
     vertex -3.650000e+00 -7.029035e+00  1.710727e+00
     vertex -3.650000e+00 -7.004024e+00  1.675554e+00
   endloop
 endfacet
 facet normal -3.202906e-16 -8.149593e-01 -5.795183e-01
   outer loop
     vertex -3.250000e+00 -7.004024e+00  1.675554e+00
     vertex -3.250000e+00 -7.029035e+00  1.710727e+00
     vertex -3.650000e+00 -7.029035e+00  1.710727e+00
   endloop
 endfacet
 facet normal -4.226340e-16 -6.483414e-01 -7.613497e-01
   outer loop
     vertex -3.250000e+00 -6.971164e+00  1.647572e+00
     vertex -3.650000e+00 -7.004024e+00  1.675554e+00
     vertex -3.650000e+00 -6.971164e+00  1.647572e+00
   endloop
 endfacet
 facet normal -4.270541e-16 -6.483414e-01 -7.613497e-01
   outer loop
     vertex -3.250000e+00 -6.971164e+00  1.647572e+00
     vertex -3.250000e+00 -7.004024e+00  1.675554e+00
     vertex -3.650000e+00 -7.004024e+00  1.675554e+00
   endloop
 endfacet
 facet normal -9.957288e-16 -4.422887e-01 -8.968727e-01
   outer loop
     vertex -3.250000e+00 -6.932456e+00  1.628483e+00
     vertex -3.650000e+00 -6.971164e+00  1.647572e+00
     vertex -3.650000e+00 -6.932456e+00  1.628483e+00
   endloop
 endfacet
 facet normal -4.961364e-16 -4.422887e-01 -8.968727e-01
   outer loop
     vertex -3.250000e+00 -6.932456e+00  1.628483e+00
     vertex -3.250000e+00 -6.971164e+00  1.647572e+00
     vertex -3.650000e+00 -6.971164e+00  1.647572e+00
   endloop
 endfacet
 facet normal -5.428126e-16 -2.093341e-01 -9.778442e-01
   outer loop
     vertex -3.250000e+00 -6.890252e+00  1.619448e+00
     vertex -3.650000e+00 -6.932456e+00  1.628483e+00
     vertex -3.650000e+00 -6.890252e+00  1.619448e+00
   endloop
 endfacet
 facet normal -1.083336e-15 -2.093341e-01 -9.778442e-01
   outer loop
     vertex -3.250000e+00 -6.890252e+00  1.619448e+00
     vertex -3.250000e+00 -6.932456e+00  1.628483e+00
     vertex -3.650000e+00 -6.932456e+00  1.628483e+00
   endloop
 endfacet
 facet normal  0.000000e+00 -1.000000e+00  1.477431e-15
   outer loop
     vertex -3.650000e+00 -7.050000e+00  1.793782e+00
     vertex -3.250000e+00 -7.050000e+00  2.394946e+00
     vertex -3.650000e+00 -7.050000e+00  2.394946e+00
   endloop
 endfacet
 facet normal  8.201390e-31 -1.000000e+00  1.477431e-15
   outer loop
     vertex -3.650000e+00 -7.050000e+00  1.793782e+00
     vertex -3.250000e+00 -7.050000e+00  1.793782e+00
     vertex -3.250000e+00 -7.050000e+00  2.394946e+00
   endloop
 endfacet
 facet normal  0.000000e+00 -9.659258e-01 -2.588190e-01
   outer loop
     vertex -3.250000e+00 -7.053349e+00  2.407446e+00
     vertex -3.650000e+00 -7.050000e+00  2.394946e+00
     vertex -3.250000e+00 -7.050000e+00  2.394946e+00
   endloop
 endfacet
 facet normal -0.000000e+00 -9.659258e-01 -2.588190e-01
   outer loop
     vertex -3.250000e+00 -7.053349e+00  2.407446e+00
     vertex -3.650000e+00 -7.053349e+00  2.407446e+00
     vertex -3.650000e+00 -7.050000e+00  2.394946e+00
   endloop
 endfacet
 facet normal -0.000000e+00 -7.071068e-01 -7.071068e-01
   outer loop
     vertex -3.250000e+00 -7.062500e+00  2.416597e+00
     vertex -3.650000e+00 -7.062500e+00  2.416597e+00
     vertex -3.650000e+00 -7.053349e+00  2.407446e+00
   endloop
 endfacet
 facet normal  0.000000e+00 -7.071068e-01 -7.071068e-01
   outer loop
     vertex -3.250000e+00 -7.062500e+00  2.416597e+00
     vertex -3.650000e+00 -7.053349e+00  2.407446e+00
     vertex -3.250000e+00 -7.053349e+00  2.407446e+00
   endloop
 endfacet
 facet normal -0.000000e+00 -2.588190e-01 -9.659258e-01
   outer loop
     vertex -3.250000e+00 -7.075000e+00  2.419946e+00
     vertex -3.650000e+00 -7.075000e+00  2.419946e+00
     vertex -3.650000e+00 -7.062500e+00  2.416597e+00
   endloop
 endfacet
 facet normal  0.000000e+00 -2.588190e-01 -9.659258e-01
   outer loop
     vertex -3.250000e+00 -7.075000e+00  2.419946e+00
     vertex -3.650000e+00 -7.062500e+00  2.416597e+00
     vertex -3.250000e+00 -7.062500e+00  2.416597e+00
   endloop
 endfacet
 facet normal  0.000000e+00  0.000000e+00 -1.000000e+00
   outer loop
     vertex -3.650000e+00 -7.209907e+00  2.419946e+00
     vertex -3.650000e+00 -7.075000e+00  2.419946e+00
     vertex -3.250000e+00 -7.075000e+00  2.419946e+00
   endloop
 endfacet
 facet normal  0.000000e+00  0.000000e+00 -1.000000e+00
   outer loop
     vertex -3.650000e+00 -7.209907e+00  2.419946e+00
     vertex -3.250000e+00 -7.075000e+00  2.419946e+00
     vertex -3.250000e+00 -7.209907e+00  2.419946e+00
   endloop
 endfacet
 facet normal -1.000000e+00 -8.662862e-15  5.697654e-15
   outer loop
     vertex -3.650000e+00 -6.888738e+00  1.772895e+00
     vertex -3.650000e+00 -6.932456e+00  1.628483e+00
     vertex -3.650000e+00 -6.971164e+00  1.647572e+00
   endloop
 endfacet
 facet normal -1.000000e+00  0.000000e+00  0.000000e+00
   outer loop
     vertex -3.650000e+00 -6.888738e+00  1.772895e+00
     vertex -3.650000e+00 -6.971164e+00  1.647572e+00
     vertex -3.650000e+00 -7.004024e+00  1.675554e+00
   endloop
 endfacet
 facet normal -1.000000e+00  0.000000e+00  0.000000e+00
   outer loop
     vertex -3.650000e+00 -6.897005e+00  1.781917e+00
     vertex -3.650000e+00 -7.004024e+00  1.675554e+00
     vertex -3.650000e+00 -7.029035e+00  1.710727e+00
   endloop
 endfacet
 facet normal -1.000000e+00  0.000000e+00  0.000000e+00
   outer loop
     vertex -3.650000e+00 -6.897005e+00  1.781917e+00
     vertex -3.650000e+00 -7.029035e+00  1.710727e+00
     vertex -3.650000e+00 -7.044678e+00  1.750952e+00
   endloop
 endfacet
 facet normal -1.000000e+00  0.000000e+00 -0.000000e+00
   outer loop
     vertex -3.650000e+00 -6.897005e+00  1.781917e+00
     vertex -3.650000e+00 -6.888738e+00  1.772895e+00
     vertex -3.650000e+00 -7.004024e+00  1.675554e+00
   endloop
 endfacet
 facet normal -1.000000e+00  6.245199e-16  2.917265e-15
   outer loop
     vertex -3.650000e+00 -6.877179e+00  1.768877e+00
     vertex -3.650000e+00 -6.890252e+00  1.619448e+00
     vertex -3.650000e+00 -6.932456e+00  1.628483e+00
   endloop
 endfacet
 facet normal -1.000000e+00  9.671121e-16  2.782379e-15
   outer loop
     vertex -3.650000e+00 -6.877179e+00  1.768877e+00
     vertex -3.650000e+00 -6.932456e+00  1.628483e+00
     vertex -3.650000e+00 -6.888738e+00  1.772895e+00
   endloop
 endfacet
 facet normal -1.000000e+00 -0.000000e+00  0.000000e+00
   outer loop
     vertex -3.650000e+00 -6.900000e+00  1.793782e+00
     vertex -3.650000e+00 -7.044678e+00  1.750952e+00
     vertex -3.650000e+00 -7.050000e+00  1.793782e+00
   endloop
 endfacet
 facet normal -1.000000e+00  0.000000e+00 -0.000000e+00
   outer loop
     vertex -3.650000e+00 -6.900000e+00  1.793782e+00
     vertex -3.650000e+00 -6.897005e+00  1.781917e+00
     vertex -3.650000e+00 -7.044678e+00  1.750952e+00
   endloop
 endfacet
 facet normal -1.000000e+00  0.000000e+00  0.000000e+00
   outer loop
     vertex -3.650000e+00 -6.600000e+00  1.744627e+00
     vertex -3.650000e+00 -6.613073e+00  1.595198e+00
     vertex -3.650000e+00 -6.890252e+00  1.619448e+00
   endloop
 endfacet
 facet normal -1.000000e+00 -1.331972e-15  3.088436e-15
   outer loop
     vertex -3.650000e+00 -6.600000e+00  1.744627e+00
     vertex -3.650000e+00 -6.890252e+00  1.619448e+00
     vertex -3.650000e+00 -6.877179e+00  1.768877e+00
   endloop
 endfacet
 facet normal -1.000000e+00  0.000000e+00  0.000000e+00
   outer loop
     vertex -3.650000e+00 -7.075000e+00  2.419946e+00
     vertex -3.650000e+00 -7.209907e+00  2.419946e+00
     vertex -3.650000e+00 -7.200000e+00  2.495198e+00
   endloop
 endfacet
 facet normal -1.000000e+00 -0.000000e+00 -7.387155e-16
   outer loop
     vertex -3.650000e+00 -6.900000e+00  2.394946e+00
     vertex -3.650000e+00 -7.050000e+00  1.793782e+00
     vertex -3.650000e+00 -7.050000e+00  2.394946e+00
   endloop
 endfacet
 facet normal -1.000000e+00  0.000000e+00 -7.387155e-16
   outer loop
     vertex -3.650000e+00 -6.900000e+00  2.394946e+00
     vertex -3.650000e+00 -6.900000e+00  1.793782e+00
     vertex -3.650000e+00 -7.050000e+00  1.793782e+00
   endloop
 endfacet
 facet normal -1.000000e+00 -0.000000e+00  0.000000e+00
   outer loop
     vertex -3.650000e+00 -7.075000e+00  2.569946e+00
     vertex -3.650000e+00 -7.200000e+00  2.495198e+00
     vertex -3.650000e+00 -7.213180e+00  2.569946e+00
   endloop
 endfacet
 facet normal -1.000000e+00  0.000000e+00 -0.000000e+00
   outer loop
     vertex -3.650000e+00 -7.075000e+00  2.569946e+00
     vertex -3.650000e+00 -7.075000e+00  2.419946e+00
     vertex -3.650000e+00 -7.200000e+00  2.495198e+00
   endloop
 endfacet
 facet normal -1.000000e+00  0.000000e+00  0.000000e+00
   outer loop
     vertex -3.650000e+00 -6.905963e+00  2.440239e+00
     vertex -3.650000e+00 -7.050000e+00  2.394946e+00
     vertex -3.650000e+00 -7.053349e+00  2.407446e+00
   endloop
 endfacet
 facet normal -1.000000e+00  0.000000e+00 -0.000000e+00
   outer loop
     vertex -3.650000e+00 -6.905963e+00  2.440239e+00
     vertex -3.650000e+00 -6.900000e+00  2.394946e+00
     vertex -3.650000e+00 -7.050000e+00  2.394946e+00
   endloop
 endfacet
 facet normal -1.000000e+00  0.000000e+00  0.000000e+00
   outer loop
     vertex -3.650000e+00 -7.029707e+00  2.563983e+00
     vertex -3.650000e+00 -7.062500e+00  2.416597e+00
     vertex -3.650000e+00 -7.075000e+00  2.419946e+00
   endloop
 endfacet
 facet normal -1.000000e+00 -0.000000e+00  0.000000e+00
   outer loop
     vertex -3.650000e+00 -7.029707e+00  2.563983e+00
     vertex -3.650000e+00 -7.075000e+00  2.419946e+00
     vertex -3.650000e+00 -7.075000e+00  2.569946e+00
   endloop
 endfacet
 facet normal -1.000000e+00 -0.000000e+00  0.000000e+00
   outer loop
     vertex -3.650000e+00 -6.987500e+00  2.546501e+00
     vertex -3.650000e+00 -7.062500e+00  2.416597e+00
     vertex -3.650000e+00 -7.029707e+00  2.563983e+00
   endloop
 endfacet
 facet normal -1.000000e+00  0.000000e+00 -0.000000e+00
   outer loop
     vertex -3.650000e+00 -6.923446e+00  2.482446e+00
     vertex -3.650000e+00 -6.905963e+00  2.440239e+00
     vertex -3.650000e+00 -7.053349e+00  2.407446e+00
   endloop
 endfacet
 facet normal -1.000000e+00  0.000000e+00  0.000000e+00
   outer loop
     vertex -3.650000e+00 -6.951256e+00  2.518690e+00
     vertex -3.650000e+00 -7.053349e+00  2.407446e+00
     vertex -3.650000e+00 -7.062500e+00  2.416597e+00
   endloop
 endfacet
 facet normal -1.000000e+00  0.000000e+00 -0.000000e+00
   outer loop
     vertex -3.650000e+00 -6.951256e+00  2.518690e+00
     vertex -3.650000e+00 -6.923446e+00  2.482446e+00
     vertex -3.650000e+00 -7.053349e+00  2.407446e+00
   endloop
 endfacet
 facet normal -1.000000e+00 -0.000000e+00  0.000000e+00
   outer loop
     vertex -3.650000e+00 -6.951256e+00  2.518690e+00
     vertex -3.650000e+00 -7.062500e+00  2.416597e+00
     vertex -3.650000e+00 -6.987500e+00  2.546501e+00
   endloop
 endfacet
 facet normal  1.000000e+00  0.000000e+00  0.000000e+00
   outer loop
     vertex -3.250000e+00 -6.888738e+00  1.772895e+00
     vertex -3.250000e+00 -6.971164e+00  1.647572e+00
     vertex -3.250000e+00 -6.932456e+00  1.628483e+00
   endloop
 endfacet
 facet normal  1.000000e+00  0.000000e+00  0.000000e+00
   outer loop
     vertex -3.250000e+00 -6.888738e+00  1.772895e+00
     vertex -3.250000e+00 -7.004024e+00  1.675554e+00
     vertex -3.250000e+00 -6.971164e+00  1.647572e+00
   endloop
 endfacet
 facet normal  1.000000e+00  0.000000e+00  0.000000e+00
   outer loop
     vertex -3.250000e+00 -6.897005e+00  1.781917e+00
     vertex -3.250000e+00 -7.029035e+00  1.710727e+00
     vertex -3.250000e+00 -7.004024e+00  1.675554e+00
   endloop
 endfacet
 facet normal  1.000000e+00  0.000000e+00  0.000000e+00
   outer loop
     vertex -3.250000e+00 -6.897005e+00  1.781917e+00
     vertex -3.250000e+00 -7.044678e+00  1.750952e+00
     vertex -3.250000e+00 -7.029035e+00  1.710727e+00
   endloop
 endfacet
 facet normal  1.000000e+00  0.000000e+00  0.000000e+00
   outer loop
     vertex -3.250000e+00 -6.897005e+00  1.781917e+00
     vertex -3.250000e+00 -7.004024e+00  1.675554e+00
     vertex -3.250000e+00 -6.888738e+00  1.772895e+00
   endloop
 endfacet
 facet normal  1.000000e+00  0.000000e+00  0.000000e+00
   outer loop
     vertex -3.250000e+00 -6.877179e+00  1.768877e+00
     vertex -3.250000e+00 -6.932456e+00  1.628483e+00
     vertex -3.250000e+00 -6.890252e+00  1.619448e+00
   endloop
 endfacet
 facet normal  1.000000e+00  0.000000e+00  0.000000e+00
   outer loop
     vertex -3.250000e+00 -6.877179e+00  1.768877e+00
     vertex -3.250000e+00 -6.888738e+00  1.772895e+00
     vertex -3.250000e+00 -6.932456e+00  1.628483e+00
   endloop
 endfacet
 facet normal  1.000000e+00  0.000000e+00  0.000000e+00
   outer loop
     vertex -3.250000e+00 -6.900000e+00  1.793782e+00
     vertex -3.250000e+00 -7.050000e+00  1.793782e+00
     vertex -3.250000e+00 -7.044678e+00  1.750952e+00
   endloop
 endfacet
 facet normal  1.000000e+00  0.000000e+00  0.000000e+00
   outer loop
     vertex -3.250000e+00 -6.900000e+00  1.793782e+00
     vertex -3.250000e+00 -7.044678e+00  1.750952e+00
     vertex -3.250000e+00 -6.897005e+00  1.781917e+00
   endloop
 endfacet
 facet normal  1.000000e+00  0.000000e+00  0.000000e+00
   outer loop
     vertex -3.250000e+00 -6.600000e+00  1.744627e+00
     vertex -3.250000e+00 -6.890252e+00  1.619448e+00
     vertex -3.250000e+00 -6.613073e+00  1.595198e+00
   endloop
 endfacet
 facet normal  1.000000e+00  0.000000e+00  0.000000e+00
   outer loop
     vertex -3.250000e+00 -6.600000e+00  1.744627e+00
     vertex -3.250000e+00 -6.877179e+00  1.768877e+00
     vertex -3.250000e+00 -6.890252e+00  1.619448e+00
   endloop
 endfacet
 facet normal  1.000000e+00  0.000000e+00  0.000000e+00
   outer loop
     vertex -3.250000e+00 -7.075000e+00  2.419946e+00
     vertex -3.250000e+00 -7.200000e+00  2.495198e+00
     vertex -3.250000e+00 -7.209907e+00  2.419946e+00
   endloop
 endfacet
 facet normal  1.000000e+00  0.000000e+00  7.387155e-16
   outer loop
     vertex -3.250000e+00 -6.900000e+00  2.394946e+00
     vertex -3.250000e+00 -7.050000e+00  2.394946e+00
     vertex -3.250000e+00 -7.050000e+00  1.793782e+00
   endloop
 endfacet
 facet normal  1.000000e+00  0.000000e+00  7.387155e-16
   outer loop
     vertex -3.250000e+00 -6.900000e+00  2.394946e+00
     vertex -3.250000e+00 -7.050000e+00  1.793782e+00
     vertex -3.250000e+00 -6.900000e+00  1.793782e+00
   endloop
 endfacet
 facet normal  1.000000e+00  0.000000e+00  0.000000e+00
   outer loop
     vertex -3.250000e+00 -7.075000e+00  2.569946e+00
     vertex -3.250000e+00 -7.213180e+00  2.569946e+00
     vertex -3.250000e+00 -7.200000e+00  2.495198e+00
   endloop
 endfacet
 facet normal  1.000000e+00  0.000000e+00  0.000000e+00
   outer loop
     vertex -3.250000e+00 -7.075000e+00  2.569946e+00
     vertex -3.250000e+00 -7.200000e+00  2.495198e+00
     vertex -3.250000e+00 -7.075000e+00  2.419946e+00
   endloop
 endfacet
 facet normal  1.000000e+00  0.000000e+00  0.000000e+00
   outer loop
     vertex -3.250000e+00 -7.029707e+00  2.563983e+00
     vertex -3.250000e+00 -7.075000e+00  2.419946e+00
     vertex -3.250000e+00 -7.062500e+00  2.416597e+00
   endloop
 endfacet
 facet normal  1.000000e+00  0.000000e+00  0.000000e+00
   outer loop
     vertex -3.250000e+00 -7.029707e+00  2.563983e+00
     vertex -3.250000e+00 -7.075000e+00  2.569946e+00
     vertex -3.250000e+00 -7.075000e+00  2.419946e+00
   endloop
 endfacet
 facet normal  1.000000e+00  0.000000e+00  0.000000e+00
   outer loop
     vertex -3.250000e+00 -6.905963e+00  2.440239e+00
     vertex -3.250000e+00 -7.053349e+00  2.407446e+00
     vertex -3.250000e+00 -7.050000e+00  2.394946e+00
   endloop
 endfacet
 facet normal  1.000000e+00  0.000000e+00  0.000000e+00
   outer loop
     vertex -3.250000e+00 -6.905963e+00  2.440239e+00
     vertex -3.250000e+00 -7.050000e+00  2.394946e+00
     vertex -3.250000e+00 -6.900000e+00  2.394946e+00
   endloop
 endfacet
 facet normal  1.000000e+00  0.000000e+00  0.000000e+00
   outer loop
     vertex -3.250000e+00 -6.987500e+00  2.546501e+00
     vertex -3.250000e+00 -7.029707e+00  2.563983e+00
     vertex -3.250000e+00 -7.062500e+00  2.416597e+00
   endloop
 endfacet
 facet normal  1.000000e+00  0.000000e+00  0.000000e+00
   outer loop
     vertex -3.250000e+00 -6.923446e+00  2.482446e+00
     vertex -3.250000e+00 -7.053349e+00  2.407446e+00
     vertex -3.250000e+00 -6.905963e+00  2.440239e+00
   endloop
 endfacet
 facet normal  1.000000e+00  0.000000e+00  0.000000e+00
   outer loop
     vertex -3.250000e+00 -6.951256e+00  2.518690e+00
     vertex -3.250000e+00 -7.062500e+00  2.416597e+00
     vertex -3.250000e+00 -7.053349e+00  2.407446e+00
   endloop
 endfacet
 facet normal  1.000000e+00  0.000000e+00  0.000000e+00
   outer loop
     vertex -3.250000e+00 -6.951256e+00  2.518690e+00
     vertex -3.250000e+00 -7.053349e+00  2.407446e+00
     vertex -3.250000e+00 -6.923446e+00  2.482446e+00
   endloop
 endfacet
 facet normal  1.000000e+00  0.000000e+00  0.000000e+00
   outer loop
     vertex -3.250000e+00 -6.951256e+00  2.518690e+00
     vertex -3.250000e+00 -6.987500e+00  2.546501e+00
     vertex -3.250000e+00 -7.062500e+00  2.416597e+00
   endloop
 endfacet
 facet normal -9.914449e-01 -1.305262e-01  0.000000e+00
   outer loop
     vertex -1.217185e+00 -7.464412e+00  3.045198e+00
     vertex -1.212500e+00 -7.500000e+00  3.025198e+00
     vertex -1.212500e+00 -7.500000e+00  3.045198e+00
   endloop
 endfacet
 facet normal -9.914449e-01 -1.305262e-01 -0.000000e+00
   outer loop
     vertex -1.217185e+00 -7.464412e+00  3.045198e+00
     vertex -1.217185e+00 -7.464412e+00  3.025198e+00
     vertex -1.212500e+00 -7.500000e+00  3.025198e+00
   endloop
 endfacet
 facet normal -9.238795e-01 -3.826834e-01 -0.000000e+00
   outer loop
     vertex -1.230922e+00 -7.431250e+00  3.045198e+00
     vertex -1.230922e+00 -7.431250e+00  3.025198e+00
     vertex -1.217185e+00 -7.464412e+00  3.025198e+00
   endloop
 endfacet
 facet normal -9.238795e-01 -3.826834e-01  0.000000e+00
   outer loop
     vertex -1.230922e+00 -7.431250e+00  3.045198e+00
     vertex -1.217185e+00 -7.464412e+00  3.025198e+00
     vertex -1.217185e+00 -7.464412e+00  3.045198e+00
   endloop
 endfacet
 facet normal -7.933533e-01 -6.087614e-01 -0.000000e+00
   outer loop
     vertex -1.252773e+00 -7.402773e+00  3.045198e+00
     vertex -1.252773e+00 -7.402773e+00  3.025198e+00
     vertex -1.230922e+00 -7.431250e+00  3.025198e+00
   endloop
 endfacet
 facet normal -7.933533e-01 -6.087614e-01  0.000000e+00
   outer loop
     vertex -1.252773e+00 -7.402773e+00  3.045198e+00
     vertex -1.230922e+00 -7.431250e+00  3.025198e+00
     vertex -1.230922e+00 -7.431250e+00  3.045198e+00
   endloop
 endfacet
 facet normal -6.087614e-01 -7.933533e-01 -0.000000e+00
   outer loop
     vertex -1.281250e+00 -7.380922e+00  3.045198e+00
     vertex -1.281250e+00 -7.380922e+00  3.025198e+00
     vertex -1.252773e+00 -7.402773e+00  3.025198e+00
   endloop
 endfacet
 facet normal -6.087614e-01 -7.933533e-01  0.000000e+00
   outer loop
     vertex -1.281250e+00 -7.380922e+00  3.045198e+00
     vertex -1.252773e+00 -7.402773e+00  3.025198e+00
     vertex -1.252773e+00 -7.402773e+00  3.045198e+00
   endloop
 endfacet
 facet normal -3.826834e-01 -9.238795e-01 -0.000000e+00
   outer loop
     vertex -1.314412e+00 -7.367185e+00  3.045198e+00
     vertex -1.314412e+00 -7.367185e+00  3.025198e+00
     vertex -1.281250e+00 -7.380922e+00  3.025198e+00
   endloop
 endfacet
 facet normal -3.826834e-01 -9.238795e-01  0.000000e+00
   outer loop
     vertex -1.314412e+00 -7.367185e+00  3.045198e+00
     vertex -1.281250e+00 -7.380922e+00  3.025198e+00
     vertex -1.281250e+00 -7.380922e+00  3.045198e+00
   endloop
 endfacet
 facet normal -1.305262e-01 -9.914449e-01 -0.000000e+00
   outer loop
     vertex -1.350000e+00 -7.362500e+00  3.045198e+00
     vertex -1.350000e+00 -7.362500e+00  3.025198e+00
     vertex -1.314412e+00 -7.367185e+00  3.025198e+00
   endloop
 endfacet
 facet normal -1.305262e-01 -9.914449e-01  0.000000e+00
   outer loop
     vertex -1.350000e+00 -7.362500e+00  3.045198e+00
     vertex -1.314412e+00 -7.367185e+00  3.025198e+00
     vertex -1.314412e+00 -7.367185e+00  3.045198e+00
   endloop
 endfacet
 facet normal  1.305262e-01 -9.914449e-01  0.000000e+00
   outer loop
     vertex -1.385588e+00 -7.367185e+00  3.045198e+00
     vertex -1.385588e+00 -7.367185e+00  3.025198e+00
     vertex -1.350000e+00 -7.362500e+00  3.025198e+00
   endloop
 endfacet
 facet normal  1.305262e-01 -9.914449e-01  0.000000e+00
   outer loop
     vertex -1.385588e+00 -7.367185e+00  3.045198e+00
     vertex -1.350000e+00 -7.362500e+00  3.025198e+00
     vertex -1.350000e+00 -7.362500e+00  3.045198e+00
   endloop
 endfacet
 facet normal  3.826834e-01 -9.238795e-01  0.000000e+00
   outer loop
     vertex -1.418750e+00 -7.380922e+00  3.045198e+00
     vertex -1.418750e+00 -7.380922e+00  3.025198e+00
     vertex -1.385588e+00 -7.367185e+00  3.025198e+00
   endloop
 endfacet
 facet normal  3.826834e-01 -9.238795e-01  0.000000e+00
   outer loop
     vertex -1.418750e+00 -7.380922e+00  3.045198e+00
     vertex -1.385588e+00 -7.367185e+00  3.025198e+00
     vertex -1.385588e+00 -7.367185e+00  3.045198e+00
   endloop
 endfacet
 facet normal  6.087614e-01 -7.933533e-01  0.000000e+00
   outer loop
     vertex -1.447227e+00 -7.402773e+00  3.045198e+00
     vertex -1.447227e+00 -7.402773e+00  3.025198e+00
     vertex -1.418750e+00 -7.380922e+00  3.025198e+00
   endloop
 endfacet
 facet normal  6.087614e-01 -7.933533e-01  0.000000e+00
   outer loop
     vertex -1.447227e+00 -7.402773e+00  3.045198e+00
     vertex -1.418750e+00 -7.380922e+00  3.025198e+00
     vertex -1.418750e+00 -7.380922e+00  3.045198e+00
   endloop
 endfacet
 facet normal  7.933533e-01 -6.087614e-01  0.000000e+00
   outer loop
     vertex -1.469078e+00 -7.431250e+00  3.045198e+00
     vertex -1.469078e+00 -7.431250e+00  3.025198e+00
     vertex -1.447227e+00 -7.402773e+00  3.025198e+00
   endloop
 endfacet
 facet normal  7.933533e-01 -6.087614e-01  0.000000e+00
   outer loop
     vertex -1.469078e+00 -7.431250e+00  3.045198e+00
     vertex -1.447227e+00 -7.402773e+00  3.025198e+00
     vertex -1.447227e+00 -7.402773e+00  3.045198e+00
   endloop
 endfacet
 facet normal  9.238795e-01 -3.826834e-01  0.000000e+00
   outer loop
     vertex -1.482815e+00 -7.464412e+00  3.045198e+00
     vertex -1.482815e+00 -7.464412e+00  3.025198e+00
     vertex -1.469078e+00 -7.431250e+00  3.025198e+00
   endloop
 endfacet
 facet normal  9.238795e-01 -3.826834e-01  0.000000e+00
   outer loop
     vertex -1.482815e+00 -7.464412e+00  3.045198e+00
     vertex -1.469078e+00 -7.431250e+00  3.025198e+00
     vertex -1.469078e+00 -7.431250e+00  3.045198e+00
   endloop
 endfacet
 facet normal  9.914449e-01 -1.305262e-01  0.000000e+00
   outer loop
     vertex -1.487500e+00 -7.500000e+00  3.045198e+00
     vertex -1.487500e+00 -7.500000e+00  3.025198e+00
     vertex -1.482815e+00 -7.464412e+00  3.025198e+00
   endloop
 endfacet
 facet normal  9.914449e-01 -1.305262e-01  0.000000e+00
   outer loop
     vertex -1.487500e+00 -7.500000e+00  3.045198e+00
     vertex -1.482815e+00 -7.464412e+00  3.025198e+00
     vertex -1.482815e+00 -7.464412e+00  3.045198e+00
   endloop
 endfacet
 facet normal -1.643240e-16  0.000000e+00 -1.000000e+00
   outer loop
     vertex -1.148739e+00 -8.701261e+00  1.745198e+00
     vertex -3.851261e+00 -7.298739e+00  1.745198e+00
     vertex -1.148739e+00 -7.298739e+00  1.745198e+00
   endloop
 endfacet
 facet normal -1.643240e-16  0.000000e+00 -1.000000e+00
   outer loop
     vertex -1.148739e+00 -8.701261e+00  1.745198e+00
     vertex -3.851261e+00 -8.701261e+00  1.745198e+00
     vertex -3.851261e+00 -7.298739e+00  1.745198e+00
   endloop
 endfacet
 facet normal  0.000000e+00 -0.000000e+00  1.000000e+00
   outer loop
     vertex -1.230922e+00 -7.431250e+00  3.045198e+00
     vertex -1.146980e+00 -7.296980e+00  3.045198e+00
     vertex -1.252773e+00 -7.402773e+00  3.045198e+00
   endloop
 endfacet
 facet normal -0.000000e+00  0.000000e+00  1.000000e+00
   outer loop
     vertex -1.281250e+00 -7.380922e+00  3.045198e+00
     vertex -1.252773e+00 -7.402773e+00  3.045198e+00
     vertex -1.146980e+00 -7.296980e+00  3.045198e+00
   endloop
 endfacet
 facet normal -0.000000e+00  0.000000e+00  1.000000e+00
   outer loop
     vertex -1.314412e+00 -7.367185e+00  3.045198e+00
     vertex -1.281250e+00 -7.380922e+00  3.045198e+00
     vertex -1.146980e+00 -7.296980e+00  3.045198e+00
   endloop
 endfacet
 facet normal  0.000000e+00 -0.000000e+00  1.000000e+00
   outer loop
     vertex -1.217185e+00 -7.464412e+00  3.045198e+00
     vertex -1.146980e+00 -7.296980e+00  3.045198e+00
     vertex -1.230922e+00 -7.431250e+00  3.045198e+00
   endloop
 endfacet
 facet normal -0.000000e+00  0.000000e+00  1.000000e+00
   outer loop
     vertex -1.350000e+00 -7.362500e+00  3.045198e+00
     vertex -1.314412e+00 -7.367185e+00  3.045198e+00
     vertex -1.146980e+00 -7.296980e+00  3.045198e+00
   endloop
 endfacet
 facet normal  0.000000e+00 -0.000000e+00  1.000000e+00
   outer loop
     vertex -1.212500e+00 -7.500000e+00  3.045198e+00
     vertex -1.146980e+00 -7.296980e+00  3.045198e+00
     vertex -1.217185e+00 -7.464412e+00  3.045198e+00
   endloop
 endfacet
 facet normal  0.000000e+00  0.000000e+00  1.000000e+00
   outer loop
     vertex -1.385588e+00 -7.367185e+00  3.045198e+00
     vertex -1.350000e+00 -7.362500e+00  3.045198e+00
     vertex -1.146980e+00 -7.296980e+00  3.045198e+00
   endloop
 endfacet
 facet normal  0.000000e+00  0.000000e+00  1.000000e+00
   outer loop
     vertex -1.217185e+00 -7.535588e+00  3.045198e+00
     vertex -1.146980e+00 -7.296980e+00  3.045198e+00
     vertex -1.212500e+00 -7.500000e+00  3.045198e+00
   endloop
 endfacet
 facet normal  0.000000e+00  0.000000e+00  1.000000e+00
   outer loop
     vertex -1.146980e+00 -8.703020e+00  3.045198e+00
     vertex -1.418750e+00 -7.619078e+00  3.045198e+00
     vertex -1.447227e+00 -7.597227e+00  3.045198e+00
   endloop
 endfacet
 facet normal  0.000000e+00  0.000000e+00  1.000000e+00
   outer loop
     vertex -1.146980e+00 -8.703020e+00  3.045198e+00
     vertex -1.385588e+00 -7.632815e+00  3.045198e+00
     vertex -1.418750e+00 -7.619078e+00  3.045198e+00
   endloop
 endfacet
 facet normal  0.000000e+00  0.000000e+00  1.000000e+00
   outer loop
     vertex -1.146980e+00 -8.703020e+00  3.045198e+00
     vertex -1.350000e+00 -7.637500e+00  3.045198e+00
     vertex -1.385588e+00 -7.632815e+00  3.045198e+00
   endloop
 endfacet
 facet normal  0.000000e+00  0.000000e+00  1.000000e+00
   outer loop
     vertex -1.146980e+00 -8.703020e+00  3.045198e+00
     vertex -1.314412e+00 -7.632815e+00  3.045198e+00
     vertex -1.350000e+00 -7.637500e+00  3.045198e+00
   endloop
 endfacet
 facet normal  0.000000e+00  0.000000e+00  1.000000e+00
   outer loop
     vertex -1.146980e+00 -8.703020e+00  3.045198e+00
     vertex -1.281250e+00 -7.619078e+00  3.045198e+00
     vertex -1.314412e+00 -7.632815e+00  3.045198e+00
   endloop
 endfacet
 facet normal  0.000000e+00  0.000000e+00  1.000000e+00
   outer loop
     vertex -1.146980e+00 -8.703020e+00  3.045198e+00
     vertex -1.252773e+00 -7.597227e+00  3.045198e+00
     vertex -1.281250e+00 -7.619078e+00  3.045198e+00
   endloop
 endfacet
 facet normal  0.000000e+00  0.000000e+00  1.000000e+00
   outer loop
     vertex -1.146980e+00 -8.703020e+00  3.045198e+00
     vertex -1.230922e+00 -7.568750e+00  3.045198e+00
     vertex -1.252773e+00 -7.597227e+00  3.045198e+00
   endloop
 endfacet
 facet normal  0.000000e+00  0.000000e+00  1.000000e+00
   outer loop
     vertex -1.146980e+00 -8.703020e+00  3.045198e+00
     vertex -1.217185e+00 -7.535588e+00  3.045198e+00
     vertex -1.230922e+00 -7.568750e+00  3.045198e+00
   endloop
 endfacet
 facet normal  0.000000e+00  0.000000e+00  1.000000e+00
   outer loop
     vertex -1.146980e+00 -8.703020e+00  3.045198e+00
     vertex -1.146980e+00 -7.296980e+00  3.045198e+00
     vertex -1.217185e+00 -7.535588e+00  3.045198e+00
   endloop
 endfacet
 facet normal  1.898797e-16  2.499814e-17  1.000000e+00
   outer loop
     vertex -3.853020e+00 -7.296980e+00  3.045198e+00
     vertex -1.482815e+00 -7.535588e+00  3.045198e+00
     vertex -1.487500e+00 -7.500000e+00  3.045198e+00
   endloop
 endfacet
 facet normal  1.684119e-16 -4.065822e-16  1.000000e+00
   outer loop
     vertex -3.853020e+00 -7.296980e+00  3.045198e+00
     vertex -1.418750e+00 -7.380922e+00  3.045198e+00
     vertex -1.385588e+00 -7.367185e+00  3.045198e+00
   endloop
 endfacet
 facet normal  1.745864e-16 -2.275254e-16  1.000000e+00
   outer loop
     vertex -3.853020e+00 -7.296980e+00  3.045198e+00
     vertex -1.447227e+00 -7.402773e+00  3.045198e+00
     vertex -1.418750e+00 -7.380922e+00  3.045198e+00
   endloop
 endfacet
 facet normal  1.785663e-16 -1.370188e-16  1.000000e+00
   outer loop
     vertex -3.853020e+00 -7.296980e+00  3.045198e+00
     vertex -1.469078e+00 -7.431250e+00  3.045198e+00
     vertex -1.447227e+00 -7.402773e+00  3.045198e+00
   endloop
 endfacet
 facet normal  1.820367e-16 -7.540208e-17  1.000000e+00
   outer loop
     vertex -3.853020e+00 -7.296980e+00  3.045198e+00
     vertex -1.482815e+00 -7.464412e+00  3.045198e+00
     vertex -1.469078e+00 -7.431250e+00  3.045198e+00
   endloop
 endfacet
 facet normal  1.856368e-16 -2.443954e-17  1.000000e+00
   outer loop
     vertex -3.853020e+00 -7.296980e+00  3.045198e+00
     vertex -1.487500e+00 -7.500000e+00  3.045198e+00
     vertex -1.482815e+00 -7.464412e+00  3.045198e+00
   endloop
 endfacet
 facet normal  1.641103e-16 -5.577638e-16  1.000000e+00
   outer loop
     vertex -3.853020e+00 -7.296980e+00  3.045198e+00
     vertex -1.385588e+00 -7.367185e+00  3.045198e+00
     vertex -1.146980e+00 -7.296980e+00  3.045198e+00
   endloop
 endfacet
 facet normal  1.556148e-16  6.445777e-17  1.000000e+00
   outer loop
     vertex -3.853020e+00 -8.703020e+00  3.045198e+00
     vertex -1.469078e+00 -7.568750e+00  3.045198e+00
     vertex -1.482815e+00 -7.535588e+00  3.045198e+00
   endloop
 endfacet
 facet normal  1.364624e-16  1.047113e-16  1.000000e+00
   outer loop
     vertex -3.853020e+00 -8.703020e+00  3.045198e+00
     vertex -1.447227e+00 -7.597227e+00  3.045198e+00
     vertex -1.469078e+00 -7.568750e+00  3.045198e+00
   endloop
 endfacet
 facet normal  1.641103e-16  4.455960e-17  1.000000e+00
   outer loop
     vertex -3.853020e+00 -8.703020e+00  3.045198e+00
     vertex -1.146980e+00 -8.703020e+00  3.045198e+00
     vertex -1.447227e+00 -7.597227e+00  3.045198e+00
   endloop
 endfacet
 facet normal  1.873632e-16  1.183550e-31  1.000000e+00
   outer loop
     vertex -3.853020e+00 -8.703020e+00  3.045198e+00
     vertex -1.482815e+00 -7.535588e+00  3.045198e+00
     vertex -3.853020e+00 -7.296980e+00  3.045198e+00
   endloop
 endfacet
 facet normal  2.659148e-17 -9.848078e-01  1.736482e-01
   outer loop
     vertex -3.950000e+00 -8.800000e+00  2.495198e+00
     vertex -1.050000e+00 -8.800000e+00  2.495198e+00
     vertex -1.146980e+00 -8.703020e+00  3.045198e+00
   endloop
 endfacet
 facet normal  2.754838e-17 -9.848078e-01  1.736482e-01
   outer loop
     vertex -3.950000e+00 -8.800000e+00  2.495198e+00
     vertex -1.146980e+00 -8.703020e+00  3.045198e+00
     vertex -3.853020e+00 -8.703020e+00  3.045198e+00
   endloop
 endfacet
 facet normal  9.848078e-01  2.733391e-16  1.736482e-01
   outer loop
     vertex -1.050000e+00 -8.800000e+00  2.495198e+00
     vertex -1.050000e+00 -7.200000e+00  2.495198e+00
     vertex -1.146980e+00 -7.296980e+00  3.045198e+00
   endloop
 endfacet
 facet normal  9.848078e-01  3.181147e-16  1.736482e-01
   outer loop
     vertex -1.050000e+00 -8.800000e+00  2.495198e+00
     vertex -1.146980e+00 -7.296980e+00  3.045198e+00
     vertex -1.146980e+00 -8.703020e+00  3.045198e+00
   endloop
 endfacet
 facet normal -9.848078e-01 -5.466781e-16  1.736482e-01
   outer loop
     vertex -3.950000e+00 -7.200000e+00  2.495198e+00
     vertex -3.950000e+00 -8.800000e+00  2.495198e+00
     vertex -3.853020e+00 -8.703020e+00  3.045198e+00
   endloop
 endfacet
 facet normal -9.848078e-01 -6.185564e-16  1.736482e-01
   outer loop
     vertex -3.950000e+00 -7.200000e+00  2.495198e+00
     vertex -3.853020e+00 -8.703020e+00  3.045198e+00
     vertex -3.853020e+00 -7.296980e+00  3.045198e+00
   endloop
 endfacet
 facet normal  2.659148e-17  9.848078e-01  1.736482e-01
   outer loop
     vertex -1.050000e+00 -7.200000e+00  2.495198e+00
     vertex -3.950000e+00 -7.200000e+00  2.495198e+00
     vertex -3.853020e+00 -7.296980e+00  3.045198e+00
   endloop
 endfacet
 facet normal  2.754838e-17  9.848078e-01  1.736482e-01
   outer loop
     vertex -1.050000e+00 -7.200000e+00  2.495198e+00
     vertex -3.853020e+00 -7.296980e+00  3.045198e+00
     vertex -1.146980e+00 -7.296980e+00  3.045198e+00
   endloop
 endfacet
 facet normal -9.914449e-01 -0.000000e+00 -1.305262e-01
   outer loop
     vertex -3.851261e+00 -7.298739e+00  1.745198e+00
     vertex -3.851261e+00 -8.701261e+00  1.745198e+00
     vertex -3.950000e+00 -8.800000e+00  2.495198e+00
   endloop
 endfacet
 facet normal -9.914449e-01 -5.503625e-16 -1.305262e-01
   outer loop
     vertex -3.851261e+00 -7.298739e+00  1.745198e+00
     vertex -3.950000e+00 -8.800000e+00  2.495198e+00
     vertex -3.950000e+00 -7.200000e+00  2.495198e+00
   endloop
 endfacet
 facet normal -2.144859e-17 -9.914449e-01 -1.305262e-01
   outer loop
     vertex -3.851261e+00 -8.701261e+00  1.745198e+00
     vertex -1.148739e+00 -8.701261e+00  1.745198e+00
     vertex -1.050000e+00 -8.800000e+00  2.495198e+00
   endloop
 endfacet
 facet normal -1.897802e-17 -9.914449e-01 -1.305262e-01
   outer loop
     vertex -3.851261e+00 -8.701261e+00  1.745198e+00
     vertex -1.050000e+00 -8.800000e+00  2.495198e+00
     vertex -3.950000e+00 -8.800000e+00  2.495198e+00
   endloop
 endfacet
 facet normal -1.998803e-17  9.914449e-01 -1.305262e-01
   outer loop
     vertex -1.050000e+00 -7.200000e+00  2.495198e+00
     vertex -3.851261e+00 -7.298739e+00  1.745198e+00
     vertex -3.950000e+00 -7.200000e+00  2.495198e+00
   endloop
 endfacet
 facet normal -3.472850e-16  9.914449e-01 -1.305262e-01
   outer loop
     vertex -1.148739e+00 -7.298739e+00  1.745198e+00
     vertex -3.851261e+00 -7.298739e+00  1.745198e+00
     vertex -1.050000e+00 -7.200000e+00  2.495198e+00
   endloop
 endfacet
 facet normal  9.914449e-01  0.000000e+00 -1.305262e-01
   outer loop
     vertex -1.148739e+00 -8.701261e+00  1.745198e+00
     vertex -1.148739e+00 -7.298739e+00  1.745198e+00
     vertex -1.050000e+00 -7.200000e+00  2.495198e+00
   endloop
 endfacet
 facet normal  9.914449e-01  2.751812e-16 -1.305262e-01
   outer loop
     vertex -1.148739e+00 -8.701261e+00  1.745198e+00
     vertex -1.050000e+00 -7.200000e+00  2.495198e+00
     vertex -1.050000e+00 -8.800000e+00  2.495198e+00
   endloop
 endfacet
 facet normal  9.914449e-01  1.305262e-01  0.000000e+00
   outer loop
     vertex -1.482815e+00 -7.535588e+00  3.045198e+00
     vertex -1.487500e+00 -7.500000e+00  3.025198e+00
     vertex -1.487500e+00 -7.500000e+00  3.045198e+00
   endloop
 endfacet
 facet normal  9.914449e-01  1.305262e-01  0.000000e+00
   outer loop
     vertex -1.482815e+00 -7.535588e+00  3.045198e+00
     vertex -1.482815e+00 -7.535588e+00  3.025198e+00
     vertex -1.487500e+00 -7.500000e+00  3.025198e+00
   endloop
 endfacet
 facet normal  9.238795e-01  3.826834e-01 -2.051425e-14
   outer loop
     vertex -1.469078e+00 -7.568750e+00  3.045198e+00
     vertex -1.469078e+00 -7.568750e+00  3.025198e+00
     vertex -1.482815e+00 -7.535588e+00  3.025198e+00
   endloop
 endfacet
 facet normal  9.238795e-01  3.826834e-01  0.000000e+00
   outer loop
     vertex -1.469078e+00 -7.568750e+00  3.045198e+00
     vertex -1.482815e+00 -7.535588e+00  3.025198e+00
     vertex -1.482815e+00 -7.535588e+00  3.045198e+00
   endloop
 endfacet
 facet normal  7.933533e-01  6.087614e-01  0.000000e+00
   outer loop
     vertex -1.447227e+00 -7.597227e+00  3.045198e+00
     vertex -1.447227e+00 -7.597227e+00  3.025198e+00
     vertex -1.469078e+00 -7.568750e+00  3.025198e+00
   endloop
 endfacet
 facet normal  7.933533e-01  6.087614e-01 -1.766997e-14
   outer loop
     vertex -1.447227e+00 -7.597227e+00  3.045198e+00
     vertex -1.469078e+00 -7.568750e+00  3.025198e+00
     vertex -1.469078e+00 -7.568750e+00  3.045198e+00
   endloop
 endfacet
 facet normal  6.087614e-01  7.933533e-01  0.000000e+00
   outer loop
     vertex -1.418750e+00 -7.619078e+00  3.045198e+00
     vertex -1.418750e+00 -7.619078e+00  3.025198e+00
     vertex -1.447227e+00 -7.597227e+00  3.025198e+00
   endloop
 endfacet
 facet normal  6.087614e-01  7.933533e-01  0.000000e+00
   outer loop
     vertex -1.418750e+00 -7.619078e+00  3.045198e+00
     vertex -1.447227e+00 -7.597227e+00  3.025198e+00
     vertex -1.447227e+00 -7.597227e+00  3.045198e+00
   endloop
 endfacet
 facet normal  3.826834e-01  9.238795e-01  0.000000e+00
   outer loop
     vertex -1.385588e+00 -7.632815e+00  3.045198e+00
     vertex -1.385588e+00 -7.632815e+00  3.025198e+00
     vertex -1.418750e+00 -7.619078e+00  3.025198e+00
   endloop
 endfacet
 facet normal  3.826834e-01  9.238795e-01  0.000000e+00
   outer loop
     vertex -1.385588e+00 -7.632815e+00  3.045198e+00
     vertex -1.418750e+00 -7.619078e+00  3.025198e+00
     vertex -1.418750e+00 -7.619078e+00  3.045198e+00
   endloop
 endfacet
 facet normal  1.305262e-01  9.914449e-01  0.000000e+00
   outer loop
     vertex -1.350000e+00 -7.637500e+00  3.045198e+00
     vertex -1.350000e+00 -7.637500e+00  3.025198e+00
     vertex -1.385588e+00 -7.632815e+00  3.025198e+00
   endloop
 endfacet
 facet normal  1.305262e-01  9.914449e-01  0.000000e+00
   outer loop
     vertex -1.350000e+00 -7.637500e+00  3.045198e+00
     vertex -1.385588e+00 -7.632815e+00  3.025198e+00
     vertex -1.385588e+00 -7.632815e+00  3.045198e+00
   endloop
 endfacet
 facet normal -1.305262e-01  9.914449e-01  0.000000e+00
   outer loop
     vertex -1.314412e+00 -7.632815e+00  3.045198e+00
     vertex -1.314412e+00 -7.632815e+00  3.025198e+00
     vertex -1.350000e+00 -7.637500e+00  3.025198e+00
   endloop
 endfacet
 facet normal -1.305262e-01  9.914449e-01  0.000000e+00
   outer loop
     vertex -1.314412e+00 -7.632815e+00  3.045198e+00
     vertex -1.350000e+00 -7.637500e+00  3.025198e+00
     vertex -1.350000e+00 -7.637500e+00  3.045198e+00
   endloop
 endfacet
 facet normal -3.826834e-01  9.238795e-01  0.000000e+00
   outer loop
     vertex -1.281250e+00 -7.619078e+00  3.045198e+00
     vertex -1.281250e+00 -7.619078e+00  3.025198e+00
     vertex -1.314412e+00 -7.632815e+00  3.025198e+00
   endloop
 endfacet
 facet normal -3.826834e-01  9.238795e-01  0.000000e+00
   outer loop
     vertex -1.281250e+00 -7.619078e+00  3.045198e+00
     vertex -1.314412e+00 -7.632815e+00  3.025198e+00
     vertex -1.314412e+00 -7.632815e+00  3.045198e+00
   endloop
 endfacet
 facet normal -6.087614e-01  7.933533e-01  0.000000e+00
   outer loop
     vertex -1.252773e+00 -7.597227e+00  3.045198e+00
     vertex -1.252773e+00 -7.597227e+00  3.025198e+00
     vertex -1.281250e+00 -7.619078e+00  3.025198e+00
   endloop
 endfacet
 facet normal -6.087614e-01  7.933533e-01  0.000000e+00
   outer loop
     vertex -1.252773e+00 -7.597227e+00  3.045198e+00
     vertex -1.281250e+00 -7.619078e+00  3.025198e+00
     vertex -1.281250e+00 -7.619078e+00  3.045198e+00
   endloop
 endfacet
 facet normal -7.933533e-01  6.087614e-01  1.761598e-14
   outer loop
     vertex -1.230922e+00 -7.568750e+00  3.045198e+00
     vertex -1.230922e+00 -7.568750e+00  3.025198e+00
     vertex -1.252773e+00 -7.597227e+00  3.025198e+00
   endloop
 endfacet
 facet normal -7.933533e-01  6.087614e-01  0.000000e+00
   outer loop
     vertex -1.230922e+00 -7.568750e+00  3.045198e+00
     vertex -1.252773e+00 -7.597227e+00  3.025198e+00
     vertex -1.252773e+00 -7.597227e+00  3.045198e+00
   endloop
 endfacet
 facet normal -9.238795e-01  3.826834e-01  0.000000e+00
   outer loop
     vertex -1.217185e+00 -7.535588e+00  3.045198e+00
     vertex -1.217185e+00 -7.535588e+00  3.025198e+00
     vertex -1.230922e+00 -7.568750e+00  3.025198e+00
   endloop
 endfacet
 facet normal -9.238795e-01  3.826834e-01  2.053945e-14
   outer loop
     vertex -1.217185e+00 -7.535588e+00  3.045198e+00
     vertex -1.230922e+00 -7.568750e+00  3.025198e+00
     vertex -1.230922e+00 -7.568750e+00  3.045198e+00
   endloop
 endfacet
 facet normal -9.914449e-01  1.305262e-01  0.000000e+00
   outer loop
     vertex -1.212500e+00 -7.500000e+00  3.045198e+00
     vertex -1.212500e+00 -7.500000e+00  3.025198e+00
     vertex -1.217185e+00 -7.535588e+00  3.025198e+00
   endloop
 endfacet
 facet normal -9.914449e-01  1.305262e-01  0.000000e+00
   outer loop
     vertex -1.212500e+00 -7.500000e+00  3.045198e+00
     vertex -1.217185e+00 -7.535588e+00  3.025198e+00
     vertex -1.217185e+00 -7.535588e+00  3.045198e+00
   endloop
 endfacet
 facet normal  0.000000e+00  0.000000e+00  1.000000e+00
   outer loop
     vertex -1.447227e+00 -7.597227e+00  3.025198e+00
     vertex -1.487500e+00 -7.500000e+00  3.025198e+00
     vertex -1.482815e+00 -7.535588e+00  3.025198e+00
   endloop
 endfacet
 facet normal  0.000000e+00  0.000000e+00  1.000000e+00
   outer loop
     vertex -1.447227e+00 -7.597227e+00  3.025198e+00
     vertex -1.482815e+00 -7.535588e+00  3.025198e+00
     vertex -1.469078e+00 -7.568750e+00  3.025198e+00
   endloop
 endfacet
 facet normal  0.000000e+00  0.000000e+00  1.000000e+00
   outer loop
     vertex -1.447227e+00 -7.597227e+00  3.025198e+00
     vertex -1.418750e+00 -7.619078e+00  3.025198e+00
     vertex -1.385588e+00 -7.632815e+00  3.025198e+00
   endloop
 endfacet
 facet normal  0.000000e+00  0.000000e+00  1.000000e+00
   outer loop
     vertex -1.447227e+00 -7.597227e+00  3.025198e+00
     vertex -1.385588e+00 -7.632815e+00  3.025198e+00
     vertex -1.350000e+00 -7.637500e+00  3.025198e+00
   endloop
 endfacet
 facet normal  0.000000e+00  0.000000e+00  1.000000e+00
   outer loop
     vertex -1.447227e+00 -7.597227e+00  3.025198e+00
     vertex -1.350000e+00 -7.637500e+00  3.025198e+00
     vertex -1.314412e+00 -7.632815e+00  3.025198e+00
   endloop
 endfacet
 facet normal  0.000000e+00  0.000000e+00  1.000000e+00
   outer loop
     vertex -1.447227e+00 -7.597227e+00  3.025198e+00
     vertex -1.314412e+00 -7.632815e+00  3.025198e+00
     vertex -1.281250e+00 -7.619078e+00  3.025198e+00
   endloop
 endfacet
 facet normal -0.000000e+00  0.000000e+00  1.000000e+00
   outer loop
     vertex -1.447227e+00 -7.597227e+00  3.025198e+00
     vertex -1.281250e+00 -7.619078e+00  3.025198e+00
     vertex -1.252773e+00 -7.597227e+00  3.025198e+00
   endloop
 endfacet
 facet normal  0.000000e+00  0.000000e+00  1.000000e+00
   outer loop
     vertex -1.447227e+00 -7.597227e+00  3.025198e+00
     vertex -1.252773e+00 -7.597227e+00  3.025198e+00
     vertex -1.230922e+00 -7.568750e+00  3.025198e+00
   endloop
 endfacet
 facet normal  0.000000e+00  0.000000e+00  1.000000e+00
   outer loop
     vertex -1.447227e+00 -7.597227e+00  3.025198e+00
     vertex -1.230922e+00 -7.568750e+00  3.025198e+00
     vertex -1.217185e+00 -7.535588e+00  3.025198e+00
   endloop
 endfacet
 facet normal  0.000000e+00  0.000000e+00  1.000000e+00
   outer loop
     vertex -1.447227e+00 -7.597227e+00  3.025198e+00
     vertex -1.217185e+00 -7.535588e+00  3.025198e+00
     vertex -1.212500e+00 -7.500000e+00  3.025198e+00
   endloop
 endfacet
 facet normal  0.000000e+00  0.000000e+00  1.000000e+00
   outer loop
     vertex -1.447227e+00 -7.597227e+00  3.025198e+00
     vertex -1.212500e+00 -7.500000e+00  3.025198e+00
     vertex -1.217185e+00 -7.464412e+00  3.025198e+00
   endloop
 endfacet
 facet normal  0.000000e+00  0.000000e+00  1.000000e+00
   outer loop
     vertex -1.447227e+00 -7.597227e+00  3.025198e+00
     vertex -1.217185e+00 -7.464412e+00  3.025198e+00
     vertex -1.230922e+00 -7.431250e+00  3.025198e+00
   endloop
 endfacet
 facet normal  0.000000e+00  0.000000e+00  1.000000e+00
   outer loop
     vertex -1.447227e+00 -7.597227e+00  3.025198e+00
     vertex -1.230922e+00 -7.431250e+00  3.025198e+00
     vertex -1.252773e+00 -7.402773e+00  3.025198e+00
   endloop
 endfacet
 facet normal  0.000000e+00  0.000000e+00  1.000000e+00
   outer loop
     vertex -1.447227e+00 -7.597227e+00  3.025198e+00
     vertex -1.252773e+00 -7.402773e+00  3.025198e+00
     vertex -1.281250e+00 -7.380922e+00  3.025198e+00
   endloop
 endfacet
 facet normal  0.000000e+00  0.000000e+00  1.000000e+00
   outer loop
     vertex -1.447227e+00 -7.597227e+00  3.025198e+00
     vertex -1.281250e+00 -7.380922e+00  3.025198e+00
     vertex -1.314412e+00 -7.367185e+00  3.025198e+00
   endloop
 endfacet
 facet normal  0.000000e+00  0.000000e+00  1.000000e+00
   outer loop
     vertex -1.447227e+00 -7.597227e+00  3.025198e+00
     vertex -1.314412e+00 -7.367185e+00  3.025198e+00
     vertex -1.350000e+00 -7.362500e+00  3.025198e+00
   endloop
 endfacet
 facet normal  0.000000e+00  0.000000e+00  1.000000e+00
   outer loop
     vertex -1.447227e+00 -7.597227e+00  3.025198e+00
     vertex -1.350000e+00 -7.362500e+00  3.025198e+00
     vertex -1.385588e+00 -7.367185e+00  3.025198e+00
   endloop
 endfacet
 facet normal  0.000000e+00  0.000000e+00  1.000000e+00
   outer loop
     vertex -1.447227e+00 -7.597227e+00  3.025198e+00
     vertex -1.385588e+00 -7.367185e+00  3.025198e+00
     vertex -1.418750e+00 -7.380922e+00  3.025198e+00
   endloop
 endfacet
 facet normal  0.000000e+00 -0.000000e+00  1.000000e+00
   outer loop
     vertex -1.447227e+00 -7.597227e+00  3.025198e+00
     vertex -1.418750e+00 -7.380922e+00  3.025198e+00
     vertex -1.447227e+00 -7.402773e+00  3.025198e+00
   endloop
 endfacet
 facet normal  0.000000e+00  0.000000e+00  1.000000e+00
   outer loop
     vertex -1.447227e+00 -7.597227e+00  3.025198e+00
     vertex -1.447227e+00 -7.402773e+00  3.025198e+00
     vertex -1.469078e+00 -7.431250e+00  3.025198e+00
   endloop
 endfacet
 facet normal  0.000000e+00  0.000000e+00  1.000000e+00
   outer loop
     vertex -1.447227e+00 -7.597227e+00  3.025198e+00
     vertex -1.469078e+00 -7.431250e+00  3.025198e+00
     vertex -1.482815e+00 -7.464412e+00  3.025198e+00
   endloop
 endfacet
 facet normal  0.000000e+00  0.000000e+00  1.000000e+00
   outer loop
     vertex -1.447227e+00 -7.597227e+00  3.025198e+00
     vertex -1.482815e+00 -7.464412e+00  3.025198e+00
     vertex -1.487500e+00 -7.500000e+00  3.025198e+00
   endloop
 endfacet
 facet normal -9.914449e-01 -1.305262e-01 -0.000000e+00
   outer loop
     vertex -1.482815e+00 -7.535588e+00  3.045198e+00
     vertex -1.487500e+00 -7.500000e+00  3.025198e+00
     vertex -1.482815e+00 -7.535588e+00  3.025198e+00
   endloop
 endfacet
 facet normal -9.914449e-01 -1.305262e-01  0.000000e+00
   outer loop
     vertex -1.482815e+00 -7.535588e+00  3.045198e+00
     vertex -1.487500e+00 -7.500000e+00  3.045198e+00
     vertex -1.487500e+00 -7.500000e+00  3.025198e+00
   endloop
 endfacet
 facet normal -9.238795e-01 -3.826834e-01  2.051425e-14
   outer loop
     vertex -1.469078e+00 -7.568750e+00  3.045198e+00
     vertex -1.482815e+00 -7.535588e+00  3.025198e+00
     vertex -1.469078e+00 -7.568750e+00  3.025198e+00
   endloop
 endfacet
 facet normal -9.238795e-01 -3.826834e-01  0.000000e+00
   outer loop
     vertex -1.469078e+00 -7.568750e+00  3.045198e+00
     vertex -1.482815e+00 -7.535588e+00  3.045198e+00
     vertex -1.482815e+00 -7.535588e+00  3.025198e+00
   endloop
 endfacet
 facet normal -7.933533e-01 -6.087614e-01 -0.000000e+00
   outer loop
     vertex -1.447227e+00 -7.597227e+00  3.045198e+00
     vertex -1.469078e+00 -7.568750e+00  3.025198e+00
     vertex -1.447227e+00 -7.597227e+00  3.025198e+00
   endloop
 endfacet
 facet normal -7.933533e-01 -6.087614e-01  1.766997e-14
   outer loop
     vertex -1.447227e+00 -7.597227e+00  3.045198e+00
     vertex -1.469078e+00 -7.568750e+00  3.045198e+00
     vertex -1.469078e+00 -7.568750e+00  3.025198e+00
   endloop
 endfacet
 facet normal -6.087614e-01 -7.933533e-01 -0.000000e+00
   outer loop
     vertex -1.418750e+00 -7.619078e+00  3.045198e+00
     vertex -1.447227e+00 -7.597227e+00  3.025198e+00
     vertex -1.418750e+00 -7.619078e+00  3.025198e+00
   endloop
 endfacet
 facet normal -6.087614e-01 -7.933533e-01  0.000000e+00
   outer loop
     vertex -1.418750e+00 -7.619078e+00  3.045198e+00
     vertex -1.447227e+00 -7.597227e+00  3.045198e+00
     vertex -1.447227e+00 -7.597227e+00  3.025198e+00
   endloop
 endfacet
 facet normal -3.826834e-01 -9.238795e-01 -0.000000e+00
   outer loop
     vertex -1.385588e+00 -7.632815e+00  3.045198e+00
     vertex -1.418750e+00 -7.619078e+00  3.025198e+00
     vertex -1.385588e+00 -7.632815e+00  3.025198e+00
   endloop
 endfacet
 facet normal -3.826834e-01 -9.238795e-01  0.000000e+00
   outer loop
     vertex -1.385588e+00 -7.632815e+00  3.045198e+00
     vertex -1.418750e+00 -7.619078e+00  3.045198e+00
     vertex -1.418750e+00 -7.619078e+00  3.025198e+00
   endloop
 endfacet
 facet normal -1.305262e-01 -9.914449e-01 -0.000000e+00
   outer loop
     vertex -1.350000e+00 -7.637500e+00  3.045198e+00
     vertex -1.385588e+00 -7.632815e+00  3.025198e+00
     vertex -1.350000e+00 -7.637500e+00  3.025198e+00
   endloop
 endfacet
 facet normal -1.305262e-01 -9.914449e-01  0.000000e+00
   outer loop
     vertex -1.350000e+00 -7.637500e+00  3.045198e+00
     vertex -1.385588e+00 -7.632815e+00  3.045198e+00
     vertex -1.385588e+00 -7.632815e+00  3.025198e+00
   endloop
 endfacet
 facet normal  1.305262e-01 -9.914449e-01  0.000000e+00
   outer loop
     vertex -1.314412e+00 -7.632815e+00  3.045198e+00
     vertex -1.350000e+00 -7.637500e+00  3.025198e+00
     vertex -1.314412e+00 -7.632815e+00  3.025198e+00
   endloop
 endfacet
 facet normal  1.305262e-01 -9.914449e-01  0.000000e+00
   outer loop
     vertex -1.314412e+00 -7.632815e+00  3.045198e+00
     vertex -1.350000e+00 -7.637500e+00  3.045198e+00
     vertex -1.350000e+00 -7.637500e+00  3.025198e+00
   endloop
 endfacet
 facet normal  3.826834e-01 -9.238795e-01  0.000000e+00
   outer loop
     vertex -1.281250e+00 -7.619078e+00  3.045198e+00
     vertex -1.314412e+00 -7.632815e+00  3.025198e+00
     vertex -1.281250e+00 -7.619078e+00  3.025198e+00
   endloop
 endfacet
 facet normal  3.826834e-01 -9.238795e-01  0.000000e+00
   outer loop
     vertex -1.281250e+00 -7.619078e+00  3.045198e+00
     vertex -1.314412e+00 -7.632815e+00  3.045198e+00
     vertex -1.314412e+00 -7.632815e+00  3.025198e+00
   endloop
 endfacet
 facet normal  6.087614e-01 -7.933533e-01  0.000000e+00
   outer loop
     vertex -1.252773e+00 -7.597227e+00  3.045198e+00
     vertex -1.281250e+00 -7.619078e+00  3.025198e+00
     vertex -1.252773e+00 -7.597227e+00  3.025198e+00
   endloop
 endfacet
 facet normal  6.087614e-01 -7.933533e-01  0.000000e+00
   outer loop
     vertex -1.252773e+00 -7.597227e+00  3.045198e+00
     vertex -1.281250e+00 -7.619078e+00  3.045198e+00
     vertex -1.281250e+00 -7.619078e+00  3.025198e+00
   endloop
 endfacet
 facet normal  7.933533e-01 -6.087614e-01 -1.761598e-14
   outer loop
     vertex -1.230922e+00 -7.568750e+00  3.045198e+00
     vertex -1.252773e+00 -7.597227e+00  3.025198e+00
     vertex -1.230922e+00 -7.568750e+00  3.025198e+00
   endloop
 endfacet
 facet normal  7.933533e-01 -6.087614e-01  0.000000e+00
   outer loop
     vertex -1.230922e+00 -7.568750e+00  3.045198e+00
     vertex -1.252773e+00 -7.597227e+00  3.045198e+00
     vertex -1.252773e+00 -7.597227e+00  3.025198e+00
   endloop
 endfacet
 facet normal  9.238795e-01 -3.826834e-01  0.000000e+00
   outer loop
     vertex -1.217185e+00 -7.535588e+00  3.045198e+00
     vertex -1.230922e+00 -7.568750e+00  3.025198e+00
     vertex -1.217185e+00 -7.535588e+00  3.025198e+00
   endloop
 endfacet
 facet normal  9.238795e-01 -3.826834e-01 -2.053945e-14
   outer loop
     vertex -1.217185e+00 -7.535588e+00  3.045198e+00
     vertex -1.230922e+00 -7.568750e+00  3.045198e+00
     vertex -1.230922e+00 -7.568750e+00  3.025198e+00
   endloop
 endfacet
 facet normal  9.914449e-01 -1.305262e-01  0.000000e+00
   outer loop
     vertex -1.212500e+00 -7.500000e+00  3.045198e+00
     vertex -1.217185e+00 -7.535588e+00  3.025198e+00
     vertex -1.212500e+00 -7.500000e+00  3.025198e+00
   endloop
 endfacet
 facet normal  9.914449e-01 -1.305262e-01  0.000000e+00
   outer loop
     vertex -1.212500e+00 -7.500000e+00  3.045198e+00
     vertex -1.217185e+00 -7.535588e+00  3.045198e+00
     vertex -1.217185e+00 -7.535588e+00  3.025198e+00
   endloop
 endfacet
 facet normal  9.914449e-01  1.305262e-01  0.000000e+00
   outer loop
     vertex -1.217185e+00 -7.464412e+00  3.045198e+00
     vertex -1.212500e+00 -7.500000e+00  3.045198e+00
     vertex -1.212500e+00 -7.500000e+00  3.025198e+00
   endloop
 endfacet
 facet normal  9.914449e-01  1.305262e-01  0.000000e+00
   outer loop
     vertex -1.217185e+00 -7.464412e+00  3.045198e+00
     vertex -1.212500e+00 -7.500000e+00  3.025198e+00
     vertex -1.217185e+00 -7.464412e+00  3.025198e+00
   endloop
 endfacet
 facet normal  9.238795e-01  3.826834e-01  0.000000e+00
   outer loop
     vertex -1.230922e+00 -7.431250e+00  3.045198e+00
     vertex -1.217185e+00 -7.464412e+00  3.025198e+00
     vertex -1.230922e+00 -7.431250e+00  3.025198e+00
   endloop
 endfacet
 facet normal  9.238795e-01  3.826834e-01  0.000000e+00
   outer loop
     vertex -1.230922e+00 -7.431250e+00  3.045198e+00
     vertex -1.217185e+00 -7.464412e+00  3.045198e+00
     vertex -1.217185e+00 -7.464412e+00  3.025198e+00
   endloop
 endfacet
 facet normal  7.933533e-01  6.087614e-01  0.000000e+00
   outer loop
     vertex -1.252773e+00 -7.402773e+00  3.045198e+00
     vertex -1.230922e+00 -7.431250e+00  3.025198e+00
     vertex -1.252773e+00 -7.402773e+00  3.025198e+00
   endloop
 endfacet
 facet normal  7.933533e-01  6.087614e-01  0.000000e+00
   outer loop
     vertex -1.252773e+00 -7.402773e+00  3.045198e+00
     vertex -1.230922e+00 -7.431250e+00  3.045198e+00
     vertex -1.230922e+00 -7.431250e+00  3.025198e+00
   endloop
 endfacet
 facet normal  6.087614e-01  7.933533e-01  0.000000e+00
   outer loop
     vertex -1.281250e+00 -7.380922e+00  3.045198e+00
     vertex -1.252773e+00 -7.402773e+00  3.025198e+00
     vertex -1.281250e+00 -7.380922e+00  3.025198e+00
   endloop
 endfacet
 facet normal  6.087614e-01  7.933533e-01  0.000000e+00
   outer loop
     vertex -1.281250e+00 -7.380922e+00  3.045198e+00
     vertex -1.252773e+00 -7.402773e+00  3.045198e+00
     vertex -1.252773e+00 -7.402773e+00  3.025198e+00
   endloop
 endfacet
 facet normal  3.826834e-01  9.238795e-01  0.000000e+00
   outer loop
     vertex -1.314412e+00 -7.367185e+00  3.045198e+00
     vertex -1.281250e+00 -7.380922e+00  3.025198e+00
     vertex -1.314412e+00 -7.367185e+00  3.025198e+00
   endloop
 endfacet
 facet normal  3.826834e-01  9.238795e-01  0.000000e+00
   outer loop
     vertex -1.314412e+00 -7.367185e+00  3.045198e+00
     vertex -1.281250e+00 -7.380922e+00  3.045198e+00
     vertex -1.281250e+00 -7.380922e+00  3.025198e+00
   endloop
 endfacet
 facet normal  1.305262e-01  9.914449e-01  0.000000e+00
   outer loop
     vertex -1.350000e+00 -7.362500e+00  3.045198e+00
     vertex -1.314412e+00 -7.367185e+00  3.025198e+00
     vertex -1.350000e+00 -7.362500e+00  3.025198e+00
   endloop
 endfacet
 facet normal  1.305262e-01  9.914449e-01  0.000000e+00
   outer loop
     vertex -1.350000e+00 -7.362500e+00  3.045198e+00
     vertex -1.314412e+00 -7.367185e+00  3.045198e+00
     vertex -1.314412e+00 -7.367185e+00  3.025198e+00
   endloop
 endfacet
 facet normal -1.305262e-01  9.914449e-01  0.000000e+00
   outer loop
     vertex -1.385588e+00 -7.367185e+00  3.045198e+00
     vertex -1.350000e+00 -7.362500e+00  3.025198e+00
     vertex -1.385588e+00 -7.367185e+00  3.025198e+00
   endloop
 endfacet
 facet normal -1.305262e-01  9.914449e-01  0.000000e+00
   outer loop
     vertex -1.385588e+00 -7.367185e+00  3.045198e+00
     vertex -1.350000e+00 -7.362500e+00  3.045198e+00
     vertex -1.350000e+00 -7.362500e+00  3.025198e+00
   endloop
 endfacet
 facet normal -3.826834e-01  9.238795e-01  0.000000e+00
   outer loop
     vertex -1.418750e+00 -7.380922e+00  3.045198e+00
     vertex -1.385588e+00 -7.367185e+00  3.025198e+00
     vertex -1.418750e+00 -7.380922e+00  3.025198e+00
   endloop
 endfacet
 facet normal -3.826834e-01  9.238795e-01  0.000000e+00
   outer loop
     vertex -1.418750e+00 -7.380922e+00  3.045198e+00
     vertex -1.385588e+00 -7.367185e+00  3.045198e+00
     vertex -1.385588e+00 -7.367185e+00  3.025198e+00
   endloop
 endfacet
 facet normal -6.087614e-01  7.933533e-01  0.000000e+00
   outer loop
     vertex -1.447227e+00 -7.402773e+00  3.045198e+00
     vertex -1.418750e+00 -7.380922e+00  3.025198e+00
     vertex -1.447227e+00 -7.402773e+00  3.025198e+00
   endloop
 endfacet
 facet normal -6.087614e-01  7.933533e-01  0.000000e+00
   outer loop
     vertex -1.447227e+00 -7.402773e+00  3.045198e+00
     vertex -1.418750e+00 -7.380922e+00  3.045198e+00
     vertex -1.418750e+00 -7.380922e+00  3.025198e+00
   endloop
 endfacet
 facet normal -7.933533e-01  6.087614e-01  0.000000e+00
   outer loop
     vertex -1.469078e+00 -7.431250e+00  3.045198e+00
     vertex -1.447227e+00 -7.402773e+00  3.025198e+00
     vertex -1.469078e+00 -7.431250e+00  3.025198e+00
   endloop
 endfacet
 facet normal -7.933533e-01  6.087614e-01  0.000000e+00
   outer loop
     vertex -1.469078e+00 -7.431250e+00  3.045198e+00
     vertex -1.447227e+00 -7.402773e+00  3.045198e+00
     vertex -1.447227e+00 -7.402773e+00  3.025198e+00
   endloop
 endfacet
 facet normal -9.238795e-01  3.826834e-01  0.000000e+00
   outer loop
     vertex -1.482815e+00 -7.464412e+00  3.045198e+00
     vertex -1.469078e+00 -7.431250e+00  3.025198e+00
     vertex -1.482815e+00 -7.464412e+00  3.025198e+00
   endloop
 endfacet
 facet normal -9.238795e-01  3.826834e-01  0.000000e+00
   outer loop
     vertex -1.482815e+00 -7.464412e+00  3.045198e+00
     vertex -1.469078e+00 -7.431250e+00  3.045198e+00
     vertex -1.469078e+00 -7.431250e+00  3.025198e+00
   endloop
 endfacet
 facet normal -9.914449e-01  1.305262e-01  0.000000e+00
   outer loop
     vertex -1.487500e+00 -7.500000e+00  3.045198e+00
     vertex -1.482815e+00 -7.464412e+00  3.025198e+00
     vertex -1.487500e+00 -7.500000e+00  3.025198e+00
   endloop
 endfacet
 facet normal -9.914449e-01  1.305262e-01  0.000000e+00
   outer loop
     vertex -1.487500e+00 -7.500000e+00  3.045198e+00
     vertex -1.482815e+00 -7.464412e+00  3.045198e+00
     vertex -1.482815e+00 -7.464412e+00  3.025198e+00
   endloop
 endfacet
 facet normal  0.000000e+00  0.000000e+00 -1.000000e+00
   outer loop
     vertex -1.447227e+00 -7.597227e+00  3.025198e+00
     vertex -1.217185e+00 -7.464412e+00  3.025198e+00
     vertex -1.212500e+00 -7.500000e+00  3.025198e+00
   endloop
 endfacet
 facet normal  0.000000e+00  0.000000e+00 -1.000000e+00
   outer loop
     vertex -1.447227e+00 -7.597227e+00  3.025198e+00
     vertex -1.230922e+00 -7.431250e+00  3.025198e+00
     vertex -1.217185e+00 -7.464412e+00  3.025198e+00
   endloop
 endfacet
 facet normal  0.000000e+00  0.000000e+00 -1.000000e+00
   outer loop
     vertex -1.447227e+00 -7.597227e+00  3.025198e+00
     vertex -1.252773e+00 -7.402773e+00  3.025198e+00
     vertex -1.230922e+00 -7.431250e+00  3.025198e+00
   endloop
 endfacet
 facet normal  0.000000e+00  0.000000e+00 -1.000000e+00
   outer loop
     vertex -1.447227e+00 -7.597227e+00  3.025198e+00
     vertex -1.281250e+00 -7.380922e+00  3.025198e+00
     vertex -1.252773e+00 -7.402773e+00  3.025198e+00
   endloop
 endfacet
 facet normal  0.000000e+00  0.000000e+00 -1.000000e+00
   outer loop
     vertex -1.447227e+00 -7.597227e+00  3.025198e+00
     vertex -1.314412e+00 -7.367185e+00  3.025198e+00
     vertex -1.281250e+00 -7.380922e+00  3.025198e+00
   endloop
 endfacet
 facet normal  0.000000e+00  0.000000e+00 -1.000000e+00
   outer loop
     vertex -1.447227e+00 -7.597227e+00  3.025198e+00
     vertex -1.350000e+00 -7.362500e+00  3.025198e+00
     vertex -1.314412e+00 -7.367185e+00  3.025198e+00
   endloop
 endfacet
 facet normal  0.000000e+00  0.000000e+00 -1.000000e+00
   outer loop
     vertex -1.447227e+00 -7.597227e+00  3.025198e+00
     vertex -1.385588e+00 -7.367185e+00  3.025198e+00
     vertex -1.350000e+00 -7.362500e+00  3.025198e+00
   endloop
 endfacet
 facet normal  0.000000e+00  0.000000e+00 -1.000000e+00
   outer loop
     vertex -1.447227e+00 -7.597227e+00  3.025198e+00
     vertex -1.418750e+00 -7.380922e+00  3.025198e+00
     vertex -1.385588e+00 -7.367185e+00  3.025198e+00
   endloop
 endfacet
 facet normal  0.000000e+00  0.000000e+00 -1.000000e+00
   outer loop
     vertex -1.447227e+00 -7.597227e+00  3.025198e+00
     vertex -1.447227e+00 -7.402773e+00  3.025198e+00
     vertex -1.418750e+00 -7.380922e+00  3.025198e+00
   endloop
 endfacet
 facet normal  0.000000e+00  0.000000e+00 -1.000000e+00
   outer loop
     vertex -1.447227e+00 -7.597227e+00  3.025198e+00
     vertex -1.469078e+00 -7.431250e+00  3.025198e+00
     vertex -1.447227e+00 -7.402773e+00  3.025198e+00
   endloop
 endfacet
 facet normal  0.000000e+00  0.000000e+00 -1.000000e+00
   outer loop
     vertex -1.447227e+00 -7.597227e+00  3.025198e+00
     vertex -1.482815e+00 -7.464412e+00  3.025198e+00
     vertex -1.469078e+00 -7.431250e+00  3.025198e+00
   endloop
 endfacet
 facet normal  0.000000e+00  0.000000e+00 -1.000000e+00
   outer loop
     vertex -1.447227e+00 -7.597227e+00  3.025198e+00
     vertex -1.487500e+00 -7.500000e+00  3.025198e+00
     vertex -1.482815e+00 -7.464412e+00  3.025198e+00
   endloop
 endfacet
 facet normal  0.000000e+00  0.000000e+00 -1.000000e+00
   outer loop
     vertex -1.447227e+00 -7.597227e+00  3.025198e+00
     vertex -1.482815e+00 -7.535588e+00  3.025198e+00
     vertex -1.487500e+00 -7.500000e+00  3.025198e+00
   endloop
 endfacet
 facet normal  0.000000e+00  0.000000e+00 -1.000000e+00
   outer loop
     vertex -1.447227e+00 -7.597227e+00  3.025198e+00
     vertex -1.469078e+00 -7.568750e+00  3.025198e+00
     vertex -1.482815e+00 -7.535588e+00  3.025198e+00
   endloop
 endfacet
 facet normal  0.000000e+00  0.000000e+00 -1.000000e+00
   outer loop
     vertex -1.447227e+00 -7.597227e+00  3.025198e+00
     vertex -1.385588e+00 -7.632815e+00  3.025198e+00
     vertex -1.418750e+00 -7.619078e+00  3.025198e+00
   endloop
 endfacet
 facet normal  0.000000e+00  0.000000e+00 -1.000000e+00
   outer loop
     vertex -1.447227e+00 -7.597227e+00  3.025198e+00
     vertex -1.350000e+00 -7.637500e+00  3.025198e+00
     vertex -1.385588e+00 -7.632815e+00  3.025198e+00
   endloop
 endfacet
 facet normal  0.000000e+00  0.000000e+00 -1.000000e+00
   outer loop
     vertex -1.447227e+00 -7.597227e+00  3.025198e+00
     vertex -1.314412e+00 -7.632815e+00  3.025198e+00
     vertex -1.350000e+00 -7.637500e+00  3.025198e+00
   endloop
 endfacet
 facet normal  0.000000e+00  0.000000e+00 -1.000000e+00
   outer loop
     vertex -1.447227e+00 -7.597227e+00  3.025198e+00
     vertex -1.281250e+00 -7.619078e+00  3.025198e+00
     vertex -1.314412e+00 -7.632815e+00  3.025198e+00
   endloop
 endfacet
 facet normal  0.000000e+00  0.000000e+00 -1.000000e+00
   outer loop
     vertex -1.447227e+00 -7.597227e+00  3.025198e+00
     vertex -1.252773e+00 -7.597227e+00  3.025198e+00
     vertex -1.281250e+00 -7.619078e+00  3.025198e+00
   endloop
 endfacet
 facet normal  0.000000e+00  0.000000e+00 -1.000000e+00
   outer loop
     vertex -1.447227e+00 -7.597227e+00  3.025198e+00
     vertex -1.230922e+00 -7.568750e+00  3.025198e+00
     vertex -1.252773e+00 -7.597227e+00  3.025198e+00
   endloop
 endfacet
 facet normal  0.000000e+00  0.000000e+00 -1.000000e+00
   outer loop
     vertex -1.447227e+00 -7.597227e+00  3.025198e+00
     vertex -1.217185e+00 -7.535588e+00  3.025198e+00
     vertex -1.230922e+00 -7.568750e+00  3.025198e+00
   endloop
 endfacet
 facet normal  0.000000e+00  0.000000e+00 -1.000000e+00
   outer loop
     vertex -1.447227e+00 -7.597227e+00  3.025198e+00
     vertex -1.212500e+00 -7.500000e+00  3.025198e+00
     vertex -1.217185e+00 -7.535588e+00  3.025198e+00
   endloop
 endfacet
 facet normal  0.000000e+00  0.000000e+00  1.000000e+00
   outer loop
     vertex -1.447227e+00 -7.597227e+00  3.045198e+00
     vertex -1.487500e+00 -7.500000e+00  3.045198e+00
     vertex -1.482815e+00 -7.535588e+00  3.045198e+00
   endloop
 endfacet
 facet normal  0.000000e+00  0.000000e+00  1.000000e+00
   outer loop
     vertex -1.447227e+00 -7.597227e+00  3.045198e+00
     vertex -1.482815e+00 -7.535588e+00  3.045198e+00
     vertex -1.469078e+00 -7.568750e+00  3.045198e+00
   endloop
 endfacet
 facet normal  0.000000e+00  0.000000e+00  1.000000e+00
   outer loop
     vertex -1.447227e+00 -7.597227e+00  3.045198e+00
     vertex -1.418750e+00 -7.619078e+00  3.045198e+00
     vertex -1.385588e+00 -7.632815e+00  3.045198e+00
   endloop
 endfacet
 facet normal  0.000000e+00  0.000000e+00  1.000000e+00
   outer loop
     vertex -1.447227e+00 -7.597227e+00  3.045198e+00
     vertex -1.385588e+00 -7.632815e+00  3.045198e+00
     vertex -1.350000e+00 -7.637500e+00  3.045198e+00
   endloop
 endfacet
 facet normal  0.000000e+00  0.000000e+00  1.000000e+00
   outer loop
     vertex -1.447227e+00 -7.597227e+00  3.045198e+00
     vertex -1.350000e+00 -7.637500e+00  3.045198e+00
     vertex -1.314412e+00 -7.632815e+00  3.045198e+00
   endloop
 endfacet
 facet normal  0.000000e+00  0.000000e+00  1.000000e+00
   outer loop
     vertex -1.447227e+00 -7.597227e+00  3.045198e+00
     vertex -1.314412e+00 -7.632815e+00  3.045198e+00
     vertex -1.281250e+00 -7.619078e+00  3.045198e+00
   endloop
 endfacet
 facet normal -0.000000e+00  0.000000e+00  1.000000e+00
   outer loop
     vertex -1.447227e+00 -7.597227e+00  3.045198e+00
     vertex -1.281250e+00 -7.619078e+00  3.045198e+00
     vertex -1.252773e+00 -7.597227e+00  3.045198e+00
   endloop
 endfacet
 facet normal  0.000000e+00  0.000000e+00  1.000000e+00
   outer loop
     vertex -1.447227e+00 -7.597227e+00  3.045198e+00
     vertex -1.252773e+00 -7.597227e+00  3.045198e+00
     vertex -1.230922e+00 -7.568750e+00  3.045198e+00
   endloop
 endfacet
 facet normal  0.000000e+00  0.000000e+00  1.000000e+00
   outer loop
     vertex -1.447227e+00 -7.597227e+00  3.045198e+00
     vertex -1.230922e+00 -7.568750e+00  3.045198e+00
     vertex -1.217185e+00 -7.535588e+00  3.045198e+00
   endloop
 endfacet
 facet normal  0.000000e+00  0.000000e+00  1.000000e+00
   outer loop
     vertex -1.447227e+00 -7.597227e+00  3.045198e+00
     vertex -1.217185e+00 -7.535588e+00  3.045198e+00
     vertex -1.212500e+00 -7.500000e+00  3.045198e+00
   endloop
 endfacet
 facet normal  0.000000e+00  0.000000e+00  1.000000e+00
   outer loop
     vertex -1.447227e+00 -7.597227e+00  3.045198e+00
     vertex -1.212500e+00 -7.500000e+00  3.045198e+00
     vertex -1.217185e+00 -7.464412e+00  3.045198e+00
   endloop
 endfacet
 facet normal  0.000000e+00  0.000000e+00  1.000000e+00
   outer loop
     vertex -1.447227e+00 -7.597227e+00  3.045198e+00
     vertex -1.217185e+00 -7.464412e+00  3.045198e+00
     vertex -1.230922e+00 -7.431250e+00  3.045198e+00
   endloop
 endfacet
 facet normal  0.000000e+00  0.000000e+00  1.000000e+00
   outer loop
     vertex -1.447227e+00 -7.597227e+00  3.045198e+00
     vertex -1.230922e+00 -7.431250e+00  3.045198e+00
     vertex -1.252773e+00 -7.402773e+00  3.045198e+00
   endloop
 endfacet
 facet normal  0.000000e+00  0.000000e+00  1.000000e+00
   outer loop
     vertex -1.447227e+00 -7.597227e+00  3.045198e+00
     vertex -1.252773e+00 -7.402773e+00  3.045198e+00
     vertex -1.281250e+00 -7.380922e+00  3.045198e+00
   endloop
 endfacet
 facet normal  0.000000e+00  0.000000e+00  1.000000e+00
   outer loop
     vertex -1.447227e+00 -7.597227e+00  3.045198e+00
     vertex -1.281250e+00 -7.380922e+00  3.045198e+00
     vertex -1.314412e+00 -7.367185e+00  3.045198e+00
   endloop
 endfacet
 facet normal  0.000000e+00  0.000000e+00  1.000000e+00
   outer loop
     vertex -1.447227e+00 -7.597227e+00  3.045198e+00
     vertex -1.314412e+00 -7.367185e+00  3.045198e+00
     vertex -1.350000e+00 -7.362500e+00  3.045198e+00
   endloop
 endfacet
 facet normal  0.000000e+00  0.000000e+00  1.000000e+00
   outer loop
     vertex -1.447227e+00 -7.597227e+00  3.045198e+00
     vertex -1.350000e+00 -7.362500e+00  3.045198e+00
     vertex -1.385588e+00 -7.367185e+00  3.045198e+00
   endloop
 endfacet
 facet normal  0.000000e+00  0.000000e+00  1.000000e+00
   outer loop
     vertex -1.447227e+00 -7.597227e+00  3.045198e+00
     vertex -1.385588e+00 -7.367185e+00  3.045198e+00
     vertex -1.418750e+00 -7.380922e+00  3.045198e+00
   endloop
 endfacet
 facet normal  0.000000e+00 -0.000000e+00  1.000000e+00
   outer loop
     vertex -1.447227e+00 -7.597227e+00  3.045198e+00
     vertex -1.418750e+00 -7.380922e+00  3.045198e+00
     vertex -1.447227e+00 -7.402773e+00  3.045198e+00
   endloop
 endfacet
 facet normal  0.000000e+00  0.000000e+00  1.000000e+00
   outer loop
     vertex -1.447227e+00 -7.597227e+00  3.045198e+00
     vertex -1.447227e+00 -7.402773e+00  3.045198e+00
     vertex -1.469078e+00 -7.431250e+00  3.045198e+00
   endloop
 endfacet
 facet normal  0.000000e+00  0.000000e+00  1.000000e+00
   outer loop
     vertex -1.447227e+00 -7.597227e+00  3.045198e+00
     vertex -1.469078e+00 -7.431250e+00  3.045198e+00
     vertex -1.482815e+00 -7.464412e+00  3.045198e+00
   endloop
 endfacet
 facet normal  0.000000e+00  0.000000e+00  1.000000e+00
   outer loop
     vertex -1.447227e+00 -7.597227e+00  3.045198e+00
     vertex -1.482815e+00 -7.464412e+00  3.045198e+00
     vertex -1.487500e+00 -7.500000e+00  3.045198e+00
   endloop
 endfacet
 facet normal  0.000000e+00 -1.305262e-01  9.914449e-01
   outer loop
     vertex -1.350000e+00 -8.970293e+00  2.563983e+00
     vertex -1.350000e+00 -8.925000e+00  2.569946e+00
     vertex -1.750000e+00 -8.925000e+00  2.569946e+00
   endloop
 endfacet
 facet normal  0.000000e+00 -1.305262e-01  9.914449e-01
   outer loop
     vertex -1.350000e+00 -8.970293e+00  2.563983e+00
     vertex -1.750000e+00 -8.925000e+00  2.569946e+00
     vertex -1.750000e+00 -8.970293e+00  2.563983e+00
   endloop
 endfacet
 facet normal  0.000000e+00 -3.826834e-01  9.238795e-01
   outer loop
     vertex -1.350000e+00 -9.012500e+00  2.546501e+00
     vertex -1.750000e+00 -8.970293e+00  2.563983e+00
     vertex -1.750000e+00 -9.012500e+00  2.546501e+00
   endloop
 endfacet
 facet normal  0.000000e+00 -3.826834e-01  9.238795e-01
   outer loop
     vertex -1.350000e+00 -9.012500e+00  2.546501e+00
     vertex -1.350000e+00 -8.970293e+00  2.563983e+00
     vertex -1.750000e+00 -8.970293e+00  2.563983e+00
   endloop
 endfacet
 facet normal  0.000000e+00 -6.087614e-01  7.933533e-01
   outer loop
     vertex -1.350000e+00 -9.048744e+00  2.518690e+00
     vertex -1.750000e+00 -9.012500e+00  2.546501e+00
     vertex -1.750000e+00 -9.048744e+00  2.518690e+00
   endloop
 endfacet
 facet normal  0.000000e+00 -6.087614e-01  7.933533e-01
   outer loop
     vertex -1.350000e+00 -9.048744e+00  2.518690e+00
     vertex -1.350000e+00 -9.012500e+00  2.546501e+00
     vertex -1.750000e+00 -9.012500e+00  2.546501e+00
   endloop
 endfacet
 facet normal  0.000000e+00 -7.933533e-01  6.087614e-01
   outer loop
     vertex -1.350000e+00 -9.076554e+00  2.482446e+00
     vertex -1.750000e+00 -9.048744e+00  2.518690e+00
     vertex -1.750000e+00 -9.076554e+00  2.482446e+00
   endloop
 endfacet
 facet normal  0.000000e+00 -7.933533e-01  6.087614e-01
   outer loop
     vertex -1.350000e+00 -9.076554e+00  2.482446e+00
     vertex -1.350000e+00 -9.048744e+00  2.518690e+00
     vertex -1.750000e+00 -9.048744e+00  2.518690e+00
   endloop
 endfacet
 facet normal  0.000000e+00 -9.238795e-01  3.826834e-01
   outer loop
     vertex -1.350000e+00 -9.094037e+00  2.440239e+00
     vertex -1.750000e+00 -9.076554e+00  2.482446e+00
     vertex -1.750000e+00 -9.094037e+00  2.440239e+00
   endloop
 endfacet
 facet normal  0.000000e+00 -9.238795e-01  3.826834e-01
   outer loop
     vertex -1.350000e+00 -9.094037e+00  2.440239e+00
     vertex -1.350000e+00 -9.076554e+00  2.482446e+00
     vertex -1.750000e+00 -9.076554e+00  2.482446e+00
   endloop
 endfacet
 facet normal  0.000000e+00 -9.914449e-01  1.305262e-01
   outer loop
     vertex -1.350000e+00 -9.100000e+00  2.394946e+00
     vertex -1.750000e+00 -9.094037e+00  2.440239e+00
     vertex -1.750000e+00 -9.100000e+00  2.394946e+00
   endloop
 endfacet
 facet normal  0.000000e+00 -9.914449e-01  1.305262e-01
   outer loop
     vertex -1.350000e+00 -9.100000e+00  2.394946e+00
     vertex -1.350000e+00 -9.094037e+00  2.440239e+00
     vertex -1.750000e+00 -9.094037e+00  2.440239e+00
   endloop
 endfacet
 facet normal  0.000000e+00  0.000000e+00  1.000000e+00
   outer loop
     vertex -1.750000e+00 -8.925000e+00  2.569946e+00
     vertex -1.350000e+00 -8.786820e+00  2.569946e+00
     vertex -1.750000e+00 -8.786820e+00  2.569946e+00
   endloop
 endfacet
 facet normal  0.000000e+00  0.000000e+00  1.000000e+00
   outer loop
     vertex -1.750000e+00 -8.925000e+00  2.569946e+00
     vertex -1.350000e+00 -8.925000e+00  2.569946e+00
     vertex -1.350000e+00 -8.786820e+00  2.569946e+00
   endloop
 endfacet
 facet normal  0.000000e+00  9.848078e-01 -1.736482e-01
   outer loop
     vertex -1.750000e+00 -8.786820e+00  2.569946e+00
     vertex -1.350000e+00 -8.800000e+00  2.495198e+00
     vertex -1.750000e+00 -8.800000e+00  2.495198e+00
   endloop
 endfacet
 facet normal  0.000000e+00  9.848078e-01 -1.736482e-01
   outer loop
     vertex -1.750000e+00 -8.786820e+00  2.569946e+00
     vertex -1.350000e+00 -8.786820e+00  2.569946e+00
     vertex -1.350000e+00 -8.800000e+00  2.495198e+00
   endloop
 endfacet
 facet normal  0.000000e+00  9.914449e-01  1.305262e-01
   outer loop
     vertex -1.750000e+00 -8.800000e+00  2.495198e+00
     vertex -1.350000e+00 -8.790093e+00  2.419946e+00
     vertex -1.750000e+00 -8.790093e+00  2.419946e+00
   endloop
 endfacet
 facet normal -0.000000e+00  9.914449e-01  1.305262e-01
   outer loop
     vertex -1.750000e+00 -8.800000e+00  2.495198e+00
     vertex -1.350000e+00 -8.800000e+00  2.495198e+00
     vertex -1.350000e+00 -8.790093e+00  2.419946e+00
   endloop
 endfacet
 facet normal  0.000000e+00  0.000000e+00 -1.000000e+00
   outer loop
     vertex -1.750000e+00 -8.925000e+00  2.419946e+00
     vertex -1.750000e+00 -8.790093e+00  2.419946e+00
     vertex -1.350000e+00 -8.790093e+00  2.419946e+00
   endloop
 endfacet
 facet normal  0.000000e+00  0.000000e+00 -1.000000e+00
   outer loop
     vertex -1.750000e+00 -8.925000e+00  2.419946e+00
     vertex -1.350000e+00 -8.790093e+00  2.419946e+00
     vertex -1.350000e+00 -8.925000e+00  2.419946e+00
   endloop
 endfacet
 facet normal  0.000000e+00  2.588190e-01 -9.659258e-01
   outer loop
     vertex -1.350000e+00 -8.937500e+00  2.416597e+00
     vertex -1.750000e+00 -8.925000e+00  2.419946e+00
     vertex -1.350000e+00 -8.925000e+00  2.419946e+00
   endloop
 endfacet
 facet normal  0.000000e+00  2.588190e-01 -9.659258e-01
   outer loop
     vertex -1.350000e+00 -8.937500e+00  2.416597e+00
     vertex -1.750000e+00 -8.937500e+00  2.416597e+00
     vertex -1.750000e+00 -8.925000e+00  2.419946e+00
   endloop
 endfacet
 facet normal  0.000000e+00  7.071068e-01 -7.071068e-01
   outer loop
     vertex -1.350000e+00 -8.946651e+00  2.407446e+00
     vertex -1.750000e+00 -8.946651e+00  2.407446e+00
     vertex -1.750000e+00 -8.937500e+00  2.416597e+00
   endloop
 endfacet
 facet normal  0.000000e+00  7.071068e-01 -7.071068e-01
   outer loop
     vertex -1.350000e+00 -8.946651e+00  2.407446e+00
     vertex -1.750000e+00 -8.937500e+00  2.416597e+00
     vertex -1.350000e+00 -8.937500e+00  2.416597e+00
   endloop
 endfacet
 facet normal  0.000000e+00  9.659258e-01 -2.588190e-01
   outer loop
     vertex -1.350000e+00 -8.950000e+00  2.394946e+00
     vertex -1.750000e+00 -8.950000e+00  2.394946e+00
     vertex -1.750000e+00 -8.946651e+00  2.407446e+00
   endloop
 endfacet
 facet normal  0.000000e+00  9.659258e-01 -2.588190e-01
   outer loop
     vertex -1.350000e+00 -8.950000e+00  2.394946e+00
     vertex -1.750000e+00 -8.946651e+00  2.407446e+00
     vertex -1.350000e+00 -8.946651e+00  2.407446e+00
   endloop
 endfacet
 facet normal  0.000000e+00  1.000000e+00  0.000000e+00
   outer loop
     vertex -1.750000e+00 -8.950000e+00  2.394946e+00
     vertex -1.350000e+00 -8.950000e+00  1.793782e+00
     vertex -1.750000e+00 -8.950000e+00  1.793782e+00
   endloop
 endfacet
 facet normal -0.000000e+00  1.000000e+00  0.000000e+00
   outer loop
     vertex -1.750000e+00 -8.950000e+00  2.394946e+00
     vertex -1.350000e+00 -8.950000e+00  2.394946e+00
     vertex -1.350000e+00 -8.950000e+00  1.793782e+00
   endloop
 endfacet
 facet normal -5.432380e-16  2.093341e-01 -9.778442e-01
   outer loop
     vertex -1.350000e+00 -9.067544e+00  1.628483e+00
     vertex -1.350000e+00 -9.109748e+00  1.619448e+00
     vertex -1.750000e+00 -9.109748e+00  1.619448e+00
   endloop
 endfacet
 facet normal -5.428126e-16  2.093341e-01 -9.778442e-01
   outer loop
     vertex -1.350000e+00 -9.067544e+00  1.628483e+00
     vertex -1.750000e+00 -9.109748e+00  1.619448e+00
     vertex -1.750000e+00 -9.067544e+00  1.628483e+00
   endloop
 endfacet
 facet normal -4.978644e-16  4.422887e-01 -8.968727e-01
   outer loop
     vertex -1.350000e+00 -9.028836e+00  1.647572e+00
     vertex -1.750000e+00 -9.067544e+00  1.628483e+00
     vertex -1.750000e+00 -9.028836e+00  1.647572e+00
   endloop
 endfacet
 facet normal -5.024166e-16  4.422887e-01 -8.968727e-01
   outer loop
     vertex -1.350000e+00 -9.028836e+00  1.647572e+00
     vertex -1.350000e+00 -9.067544e+00  1.628483e+00
     vertex -1.750000e+00 -9.067544e+00  1.628483e+00
   endloop
 endfacet
 facet normal -4.226340e-16  6.483414e-01 -7.613497e-01
   outer loop
     vertex -1.350000e+00 -8.995976e+00  1.675554e+00
     vertex -1.750000e+00 -9.028836e+00  1.647572e+00
     vertex -1.750000e+00 -8.995976e+00  1.675554e+00
   endloop
 endfacet
 facet normal -4.207739e-16  6.483414e-01 -7.613497e-01
   outer loop
     vertex -1.350000e+00 -8.995976e+00  1.675554e+00
     vertex -1.350000e+00 -9.028836e+00  1.647572e+00
     vertex -1.750000e+00 -9.028836e+00  1.647572e+00
   endloop
 endfacet
 facet normal -3.216973e-16  8.149593e-01 -5.795183e-01
   outer loop
     vertex -1.350000e+00 -8.970965e+00  1.710727e+00
     vertex -1.750000e+00 -8.995976e+00  1.675554e+00
     vertex -1.750000e+00 -8.970965e+00  1.710727e+00
   endloop
 endfacet
 facet normal -3.202906e-16  8.149593e-01 -5.795183e-01
   outer loop
     vertex -1.350000e+00 -8.970965e+00  1.710727e+00
     vertex -1.350000e+00 -8.995976e+00  1.675554e+00
     vertex -1.750000e+00 -8.995976e+00  1.675554e+00
   endloop
 endfacet
 facet normal -4.023871e-16  9.320079e-01 -3.624380e-01
   outer loop
     vertex -1.350000e+00 -8.955322e+00  1.750952e+00
     vertex -1.750000e+00 -8.970965e+00  1.710727e+00
     vertex -1.750000e+00 -8.955322e+00  1.750952e+00
   endloop
 endfacet
 facet normal -2.009667e-16  9.320079e-01 -3.624380e-01
   outer loop
     vertex -1.350000e+00 -8.955322e+00  1.750952e+00
     vertex -1.350000e+00 -8.970965e+00  1.710727e+00
     vertex -1.750000e+00 -8.970965e+00  1.710727e+00
   endloop
 endfacet
 facet normal -6.845236e-17  9.923679e-01 -1.233128e-01
   outer loop
     vertex -1.350000e+00 -8.950000e+00  1.793782e+00
     vertex -1.750000e+00 -8.955322e+00  1.750952e+00
     vertex -1.750000e+00 -8.950000e+00  1.793782e+00
   endloop
 endfacet
 facet normal -1.365945e-16  9.923679e-01 -1.233128e-01
   outer loop
     vertex -1.350000e+00 -8.950000e+00  1.793782e+00
     vertex -1.350000e+00 -8.955322e+00  1.750952e+00
     vertex -1.750000e+00 -8.955322e+00  1.750952e+00
   endloop
 endfacet
 facet normal -5.533281e-16  8.715574e-02 -9.961947e-01
   outer loop
     vertex -1.750000e+00 -9.109748e+00  1.619448e+00
     vertex -1.350000e+00 -9.386927e+00  1.595198e+00
     vertex -1.750000e+00 -9.386927e+00  1.595198e+00
   endloop
 endfacet
 facet normal -5.529991e-16  8.715574e-02 -9.961947e-01
   outer loop
     vertex -1.750000e+00 -9.109748e+00  1.619448e+00
     vertex -1.350000e+00 -9.109748e+00  1.619448e+00
     vertex -1.350000e+00 -9.386927e+00  1.595198e+00
   endloop
 endfacet
 facet normal -5.059610e-17 -9.961947e-01 -8.715574e-02
   outer loop
     vertex -1.750000e+00 -9.386927e+00  1.595198e+00
     vertex -1.350000e+00 -9.400000e+00  1.744627e+00
     vertex -1.750000e+00 -9.400000e+00  1.744627e+00
   endloop
 endfacet
 facet normal -4.838116e-17 -9.961947e-01 -8.715574e-02
   outer loop
     vertex -1.750000e+00 -9.386927e+00  1.595198e+00
     vertex -1.350000e+00 -9.386927e+00  1.595198e+00
     vertex -1.350000e+00 -9.400000e+00  1.744627e+00
   endloop
 endfacet
 facet normal  5.533281e-16 -8.715574e-02  9.961947e-01
   outer loop
     vertex -1.750000e+00 -9.400000e+00  1.744627e+00
     vertex -1.350000e+00 -9.122821e+00  1.768877e+00
     vertex -1.750000e+00 -9.122821e+00  1.768877e+00
   endloop
 endfacet
 facet normal  5.529991e-16 -8.715574e-02  9.961947e-01
   outer loop
     vertex -1.750000e+00 -9.400000e+00  1.744627e+00
     vertex -1.350000e+00 -9.400000e+00  1.744627e+00
     vertex -1.350000e+00 -9.122821e+00  1.768877e+00
   endloop
 endfacet
 facet normal  5.246729e-16 -3.283172e-01  9.445675e-01
   outer loop
     vertex -1.350000e+00 -9.111262e+00  1.772895e+00
     vertex -1.750000e+00 -9.122821e+00  1.768877e+00
     vertex -1.350000e+00 -9.122821e+00  1.768877e+00
   endloop
 endfacet
 facet normal  1.048681e-15 -3.283172e-01  9.445675e-01
   outer loop
     vertex -1.350000e+00 -9.111262e+00  1.772895e+00
     vertex -1.750000e+00 -9.111262e+00  1.772895e+00
     vertex -1.750000e+00 -9.122821e+00  1.768877e+00
   endloop
 endfacet
 facet normal  3.750279e-16 -7.372773e-01  6.755902e-01
   outer loop
     vertex -1.350000e+00 -9.102995e+00  1.781917e+00
     vertex -1.750000e+00 -9.102995e+00  1.781917e+00
     vertex -1.750000e+00 -9.111262e+00  1.772895e+00
   endloop
 endfacet
 facet normal  7.503237e-16 -7.372773e-01  6.755902e-01
   outer loop
     vertex -1.350000e+00 -9.102995e+00  1.781917e+00
     vertex -1.750000e+00 -9.111262e+00  1.772895e+00
     vertex -1.350000e+00 -9.111262e+00  1.772895e+00
   endloop
 endfacet
 facet normal  1.358598e-16 -9.695879e-01  2.447433e-01
   outer loop
     vertex -1.350000e+00 -9.100000e+00  1.793782e+00
     vertex -1.750000e+00 -9.100000e+00  1.793782e+00
     vertex -1.750000e+00 -9.102995e+00  1.781917e+00
   endloop
 endfacet
 facet normal  1.356674e-16 -9.695879e-01  2.447433e-01
   outer loop
     vertex -1.350000e+00 -9.100000e+00  1.793782e+00
     vertex -1.750000e+00 -9.102995e+00  1.781917e+00
     vertex -1.350000e+00 -9.102995e+00  1.781917e+00
   endloop
 endfacet
 facet normal  0.000000e+00 -1.000000e+00  0.000000e+00
   outer loop
     vertex -1.750000e+00 -9.100000e+00  1.793782e+00
     vertex -1.350000e+00 -9.100000e+00  2.394946e+00
     vertex -1.750000e+00 -9.100000e+00  2.394946e+00
   endloop
 endfacet
 facet normal  0.000000e+00 -1.000000e+00  0.000000e+00
   outer loop
     vertex -1.750000e+00 -9.100000e+00  1.793782e+00
     vertex -1.350000e+00 -9.100000e+00  1.793782e+00
     vertex -1.350000e+00 -9.100000e+00  2.394946e+00
   endloop
 endfacet
 facet normal -1.000000e+00 -1.848038e-15  2.810221e-15
   outer loop
     vertex -1.750000e+00 -9.122821e+00  1.768877e+00
     vertex -1.750000e+00 -9.386927e+00  1.595198e+00
     vertex -1.750000e+00 -9.400000e+00  1.744627e+00
   endloop
 endfacet
 facet normal -1.000000e+00  0.000000e+00 -0.000000e+00
   outer loop
     vertex -1.750000e+00 -9.122821e+00  1.768877e+00
     vertex -1.750000e+00 -9.109748e+00  1.619448e+00
     vertex -1.750000e+00 -9.386927e+00  1.595198e+00
   endloop
 endfacet
 facet normal -1.000000e+00  0.000000e+00  0.000000e+00
   outer loop
     vertex -1.750000e+00 -9.122821e+00  1.768877e+00
     vertex -1.750000e+00 -9.067544e+00  1.628483e+00
     vertex -1.750000e+00 -9.109748e+00  1.619448e+00
   endloop
 endfacet
 facet normal -1.000000e+00  0.000000e+00  0.000000e+00
   outer loop
     vertex -1.750000e+00 -9.111262e+00  1.772895e+00
     vertex -1.750000e+00 -9.028836e+00  1.647572e+00
     vertex -1.750000e+00 -9.067544e+00  1.628483e+00
   endloop
 endfacet
 facet normal -1.000000e+00  0.000000e+00 -0.000000e+00
   outer loop
     vertex -1.750000e+00 -9.111262e+00  1.772895e+00
     vertex -1.750000e+00 -9.067544e+00  1.628483e+00
     vertex -1.750000e+00 -9.122821e+00  1.768877e+00
   endloop
 endfacet
 facet normal -1.000000e+00  2.171771e-15 -1.990062e-15
   outer loop
     vertex -1.750000e+00 -8.995976e+00  1.675554e+00
     vertex -1.750000e+00 -9.111262e+00  1.772895e+00
     vertex -1.750000e+00 -9.102995e+00  1.781917e+00
   endloop
 endfacet
 facet normal -1.000000e+00  8.662862e-15  5.697654e-15
   outer loop
     vertex -1.750000e+00 -8.995976e+00  1.675554e+00
     vertex -1.750000e+00 -9.028836e+00  1.647572e+00
     vertex -1.750000e+00 -9.111262e+00  1.772895e+00
   endloop
 endfacet
 facet normal -1.000000e+00  2.431320e-15 -1.728914e-15
   outer loop
     vertex -1.750000e+00 -8.970965e+00  1.710727e+00
     vertex -1.750000e+00 -8.995976e+00  1.675554e+00
     vertex -1.750000e+00 -9.102995e+00  1.781917e+00
   endloop
 endfacet
 facet normal -1.000000e+00  2.856080e-15 -7.209317e-16
   outer loop
     vertex -1.750000e+00 -8.955322e+00  1.750952e+00
     vertex -1.750000e+00 -9.102995e+00  1.781917e+00
     vertex -1.750000e+00 -9.100000e+00  1.793782e+00
   endloop
 endfacet
 facet normal -1.000000e+00  2.780519e-15 -1.081285e-15
   outer loop
     vertex -1.750000e+00 -8.955322e+00  1.750952e+00
     vertex -1.750000e+00 -8.970965e+00  1.710727e+00
     vertex -1.750000e+00 -9.102995e+00  1.781917e+00
   endloop
 endfacet
 facet normal -1.000000e+00  2.960595e-15 -3.678870e-16
   outer loop
     vertex -1.750000e+00 -8.950000e+00  1.793782e+00
     vertex -1.750000e+00 -8.955322e+00  1.750952e+00
     vertex -1.750000e+00 -9.100000e+00  1.793782e+00
   endloop
 endfacet
 facet normal -1.000000e+00  1.480297e-15  7.387155e-16
   outer loop
     vertex -1.750000e+00 -8.950000e+00  2.394946e+00
     vertex -1.750000e+00 -9.100000e+00  1.793782e+00
     vertex -1.750000e+00 -9.100000e+00  2.394946e+00
   endloop
 endfacet
 facet normal -1.000000e+00  1.480297e-15 -1.948848e-16
   outer loop
     vertex -1.750000e+00 -8.950000e+00  2.394946e+00
     vertex -1.750000e+00 -9.100000e+00  2.394946e+00
     vertex -1.750000e+00 -9.094037e+00  2.440239e+00
   endloop
 endfacet
 facet normal -1.000000e+00  2.960595e-15  3.693578e-16
   outer loop
     vertex -1.750000e+00 -8.950000e+00  2.394946e+00
     vertex -1.750000e+00 -8.950000e+00  1.793782e+00
     vertex -1.750000e+00 -9.100000e+00  1.793782e+00
   endloop
 endfacet
 facet normal -1.000000e+00  1.379418e-15 -5.713735e-16
   outer loop
     vertex -1.750000e+00 -8.946651e+00  2.407446e+00
     vertex -1.750000e+00 -9.094037e+00  2.440239e+00
     vertex -1.750000e+00 -9.076554e+00  2.482446e+00
   endloop
 endfacet
 facet normal -1.000000e+00  1.421783e-15 -3.809656e-16
   outer loop
     vertex -1.750000e+00 -8.946651e+00  2.407446e+00
     vertex -1.750000e+00 -8.950000e+00  2.394946e+00
     vertex -1.750000e+00 -9.094037e+00  2.440239e+00
   endloop
 endfacet
 facet normal -1.000000e+00  1.184533e-15 -9.089239e-16
   outer loop
     vertex -1.750000e+00 -9.048744e+00  2.518690e+00
     vertex -1.750000e+00 -8.946651e+00  2.407446e+00
     vertex -1.750000e+00 -9.076554e+00  2.482446e+00
   endloop
 endfacet
 facet normal -1.000000e+00  1.040817e-15 -1.040817e-15
   outer loop
     vertex -1.750000e+00 -8.937500e+00  2.416597e+00
     vertex -1.750000e+00 -8.946651e+00  2.407446e+00
     vertex -1.750000e+00 -9.048744e+00  2.518690e+00
   endloop
 endfacet
 facet normal -1.000000e+00  9.089239e-16 -1.184533e-15
   outer loop
     vertex -1.750000e+00 -9.012500e+00  2.546501e+00
     vertex -1.750000e+00 -8.937500e+00  2.416597e+00
     vertex -1.750000e+00 -9.048744e+00  2.518690e+00
   endloop
 endfacet
 facet normal -1.000000e+00  0.000000e+00  0.000000e+00
   outer loop
     vertex -1.750000e+00 -8.970293e+00  2.563983e+00
     vertex -1.750000e+00 -8.925000e+00  2.419946e+00
     vertex -1.750000e+00 -8.937500e+00  2.416597e+00
   endloop
 endfacet
 facet normal -1.000000e+00  4.816949e-15  1.071767e-15
   outer loop
     vertex -1.750000e+00 -8.970293e+00  2.563983e+00
     vertex -1.750000e+00 -8.937500e+00  2.416597e+00
     vertex -1.750000e+00 -9.012500e+00  2.546501e+00
   endloop
 endfacet
 facet normal -1.000000e+00  0.000000e+00 -0.000000e+00
   outer loop
     vertex -1.750000e+00 -8.925000e+00  2.569946e+00
     vertex -1.750000e+00 -8.925000e+00  2.419946e+00
     vertex -1.750000e+00 -8.970293e+00  2.563983e+00
   endloop
 endfacet
 facet normal -1.000000e+00  0.000000e+00 -0.000000e+00
   outer loop
     vertex -1.750000e+00 -8.800000e+00  2.495198e+00
     vertex -1.750000e+00 -8.790093e+00  2.419946e+00
     vertex -1.750000e+00 -8.925000e+00  2.419946e+00
   endloop
 endfacet
 facet normal -1.000000e+00 -0.000000e+00  0.000000e+00
   outer loop
     vertex -1.750000e+00 -8.800000e+00  2.495198e+00
     vertex -1.750000e+00 -8.925000e+00  2.419946e+00
     vertex -1.750000e+00 -8.925000e+00  2.569946e+00
   endloop
 endfacet
 facet normal -1.000000e+00 -0.000000e+00  0.000000e+00
   outer loop
     vertex -1.750000e+00 -8.786820e+00  2.569946e+00
     vertex -1.750000e+00 -8.800000e+00  2.495198e+00
     vertex -1.750000e+00 -8.925000e+00  2.569946e+00
   endloop
 endfacet
 facet normal  1.000000e+00  0.000000e+00  0.000000e+00
   outer loop
     vertex -1.350000e+00 -9.122821e+00  1.768877e+00
     vertex -1.350000e+00 -9.400000e+00  1.744627e+00
     vertex -1.350000e+00 -9.386927e+00  1.595198e+00
   endloop
 endfacet
 facet normal  1.000000e+00  0.000000e+00  0.000000e+00
   outer loop
     vertex -1.350000e+00 -9.122821e+00  1.768877e+00
     vertex -1.350000e+00 -9.386927e+00  1.595198e+00
     vertex -1.350000e+00 -9.109748e+00  1.619448e+00
   endloop
 endfacet
 facet normal  1.000000e+00  0.000000e+00  0.000000e+00
   outer loop
     vertex -1.350000e+00 -9.122821e+00  1.768877e+00
     vertex -1.350000e+00 -9.109748e+00  1.619448e+00
     vertex -1.350000e+00 -9.067544e+00  1.628483e+00
   endloop
 endfacet
 facet normal  1.000000e+00  0.000000e+00  0.000000e+00
   outer loop
     vertex -1.350000e+00 -9.111262e+00  1.772895e+00
     vertex -1.350000e+00 -9.067544e+00  1.628483e+00
     vertex -1.350000e+00 -9.028836e+00  1.647572e+00
   endloop
 endfacet
 facet normal  1.000000e+00  0.000000e+00  0.000000e+00
   outer loop
     vertex -1.350000e+00 -9.111262e+00  1.772895e+00
     vertex -1.350000e+00 -9.122821e+00  1.768877e+00
     vertex -1.350000e+00 -9.067544e+00  1.628483e+00
   endloop
 endfacet
 facet normal  1.000000e+00 -1.085886e-15  9.950309e-16
   outer loop
     vertex -1.350000e+00 -8.995976e+00  1.675554e+00
     vertex -1.350000e+00 -9.102995e+00  1.781917e+00
     vertex -1.350000e+00 -9.111262e+00  1.772895e+00
   endloop
 endfacet
 facet normal  1.000000e+00 -4.331431e-15 -2.848827e-15
   outer loop
     vertex -1.350000e+00 -8.995976e+00  1.675554e+00
     vertex -1.350000e+00 -9.111262e+00  1.772895e+00
     vertex -1.350000e+00 -9.028836e+00  1.647572e+00
   endloop
 endfacet
 facet normal  1.000000e+00 -1.215660e-15  8.644570e-16
   outer loop
     vertex -1.350000e+00 -8.970965e+00  1.710727e+00
     vertex -1.350000e+00 -9.102995e+00  1.781917e+00
     vertex -1.350000e+00 -8.995976e+00  1.675554e+00
   endloop
 endfacet
 facet normal  1.000000e+00 -1.428040e-15  3.604658e-16
   outer loop
     vertex -1.350000e+00 -8.955322e+00  1.750952e+00
     vertex -1.350000e+00 -9.100000e+00  1.793782e+00
     vertex -1.350000e+00 -9.102995e+00  1.781917e+00
   endloop
 endfacet
 facet normal  1.000000e+00 -1.390259e-15  5.406423e-16
   outer loop
     vertex -1.350000e+00 -8.955322e+00  1.750952e+00
     vertex -1.350000e+00 -9.102995e+00  1.781917e+00
     vertex -1.350000e+00 -8.970965e+00  1.710727e+00
   endloop
 endfacet
 facet normal  1.000000e+00 -1.480297e-15  1.839435e-16
   outer loop
     vertex -1.350000e+00 -8.950000e+00  1.793782e+00
     vertex -1.350000e+00 -9.100000e+00  1.793782e+00
     vertex -1.350000e+00 -8.955322e+00  1.750952e+00
   endloop
 endfacet
 facet normal  1.000000e+00 -1.480297e-15  1.948848e-16
   outer loop
     vertex -1.350000e+00 -8.950000e+00  2.394946e+00
     vertex -1.350000e+00 -9.094037e+00  2.440239e+00
     vertex -1.350000e+00 -9.100000e+00  2.394946e+00
   endloop
 endfacet
 facet normal  1.000000e+00 -1.480297e-15  0.000000e+00
   outer loop
     vertex -1.350000e+00 -8.950000e+00  2.394946e+00
     vertex -1.350000e+00 -9.100000e+00  2.394946e+00
     vertex -1.350000e+00 -9.100000e+00  1.793782e+00
   endloop
 endfacet
 facet normal  1.000000e+00 -1.480297e-15  0.000000e+00
   outer loop
     vertex -1.350000e+00 -8.950000e+00  2.394946e+00
     vertex -1.350000e+00 -9.100000e+00  1.793782e+00
     vertex -1.350000e+00 -8.950000e+00  1.793782e+00
   endloop
 endfacet
 facet normal  1.000000e+00 -1.379418e-15  5.713735e-16
   outer loop
     vertex -1.350000e+00 -8.946651e+00  2.407446e+00
     vertex -1.350000e+00 -9.076554e+00  2.482446e+00
     vertex -1.350000e+00 -9.094037e+00  2.440239e+00
   endloop
 endfacet
 facet normal  1.000000e+00 -1.421783e-15  3.809656e-16
   outer loop
     vertex -1.350000e+00 -8.946651e+00  2.407446e+00
     vertex -1.350000e+00 -9.094037e+00  2.440239e+00
     vertex -1.350000e+00 -8.950000e+00  2.394946e+00
   endloop
 endfacet
 facet normal  1.000000e+00 -1.184533e-15  9.089239e-16
   outer loop
     vertex -1.350000e+00 -9.048744e+00  2.518690e+00
     vertex -1.350000e+00 -9.076554e+00  2.482446e+00
     vertex -1.350000e+00 -8.946651e+00  2.407446e+00
   endloop
 endfacet
 facet normal  1.000000e+00 -1.040817e-15  1.040817e-15
   outer loop
     vertex -1.350000e+00 -8.937500e+00  2.416597e+00
     vertex -1.350000e+00 -9.048744e+00  2.518690e+00
     vertex -1.350000e+00 -8.946651e+00  2.407446e+00
   endloop
 endfacet
 facet normal  1.000000e+00 -9.089239e-16  1.184533e-15
   outer loop
     vertex -1.350000e+00 -9.012500e+00  2.546501e+00
     vertex -1.350000e+00 -9.048744e+00  2.518690e+00
     vertex -1.350000e+00 -8.937500e+00  2.416597e+00
   endloop
 endfacet
 facet normal  1.000000e+00  0.000000e+00  0.000000e+00
   outer loop
     vertex -1.350000e+00 -8.970293e+00  2.563983e+00
     vertex -1.350000e+00 -8.937500e+00  2.416597e+00
     vertex -1.350000e+00 -8.925000e+00  2.419946e+00
   endloop
 endfacet
 facet normal  1.000000e+00 -4.816949e-15 -1.071767e-15
   outer loop
     vertex -1.350000e+00 -8.970293e+00  2.563983e+00
     vertex -1.350000e+00 -9.012500e+00  2.546501e+00
     vertex -1.350000e+00 -8.937500e+00  2.416597e+00
   endloop
 endfacet
 facet normal  1.000000e+00  0.000000e+00  0.000000e+00
   outer loop
     vertex -1.350000e+00 -8.925000e+00  2.569946e+00
     vertex -1.350000e+00 -8.970293e+00  2.563983e+00
     vertex -1.350000e+00 -8.925000e+00  2.419946e+00
   endloop
 endfacet
 facet normal  1.000000e+00  0.000000e+00  0.000000e+00
   outer loop
     vertex -1.350000e+00 -8.800000e+00  2.495198e+00
     vertex -1.350000e+00 -8.925000e+00  2.419946e+00
     vertex -1.350000e+00 -8.790093e+00  2.419946e+00
   endloop
 endfacet
 facet normal  1.000000e+00  0.000000e+00  0.000000e+00
   outer loop
     vertex -1.350000e+00 -8.800000e+00  2.495198e+00
     vertex -1.350000e+00 -8.925000e+00  2.569946e+00
     vertex -1.350000e+00 -8.925000e+00  2.419946e+00
   endloop
 endfacet
 facet normal  1.000000e+00  0.000000e+00  0.000000e+00
   outer loop
     vertex -1.350000e+00 -8.786820e+00  2.569946e+00
     vertex -1.350000e+00 -8.925000e+00  2.569946e+00
     vertex -1.350000e+00 -8.800000e+00  2.495198e+00
   endloop
 endfacet
 facet normal  0.000000e+00 -1.305262e-01  9.914449e-01
   outer loop
     vertex -3.250000e+00 -8.970293e+00  2.563983e+00
     vertex -3.250000e+00 -8.925000e+00  2.569946e+00
     vertex -3.650000e+00 -8.925000e+00  2.569946e+00
   endloop
 endfacet
 facet normal  0.000000e+00 -1.305262e-01  9.914449e-01
   outer loop
     vertex -3.250000e+00 -8.970293e+00  2.563983e+00
     vertex -3.650000e+00 -8.925000e+00  2.569946e+00
     vertex -3.650000e+00 -8.970293e+00  2.563983e+00
   endloop
 endfacet
 facet normal  0.000000e+00 -3.826834e-01  9.238795e-01
   outer loop
     vertex -3.250000e+00 -9.012500e+00  2.546501e+00
     vertex -3.650000e+00 -8.970293e+00  2.563983e+00
     vertex -3.650000e+00 -9.012500e+00  2.546501e+00
   endloop
 endfacet
 facet normal  0.000000e+00 -3.826834e-01  9.238795e-01
   outer loop
     vertex -3.250000e+00 -9.012500e+00  2.546501e+00
     vertex -3.250000e+00 -8.970293e+00  2.563983e+00
     vertex -3.650000e+00 -8.970293e+00  2.563983e+00
   endloop
 endfacet
 facet normal  0.000000e+00 -6.087614e-01  7.933533e-01
   outer loop
     vertex -3.250000e+00 -9.048744e+00  2.518690e+00
     vertex -3.650000e+00 -9.012500e+00  2.546501e+00
     vertex -3.650000e+00 -9.048744e+00  2.518690e+00
   endloop
 endfacet
 facet normal  0.000000e+00 -6.087614e-01  7.933533e-01
   outer loop
     vertex -3.250000e+00 -9.048744e+00  2.518690e+00
     vertex -3.250000e+00 -9.012500e+00  2.546501e+00
     vertex -3.650000e+00 -9.012500e+00  2.546501e+00
   endloop
 endfacet
 facet normal  0.000000e+00 -7.933533e-01  6.087614e-01
   outer loop
     vertex -3.250000e+00 -9.076554e+00  2.482446e+00
     vertex -3.650000e+00 -9.048744e+00  2.518690e+00
     vertex -3.650000e+00 -9.076554e+00  2.482446e+00
   endloop
 endfacet
 facet normal  0.000000e+00 -7.933533e-01  6.087614e-01
   outer loop
     vertex -3.250000e+00 -9.076554e+00  2.482446e+00
     vertex -3.250000e+00 -9.048744e+00  2.518690e+00
     vertex -3.650000e+00 -9.048744e+00  2.518690e+00
   endloop
 endfacet
 facet normal  4.102849e-15 -9.238795e-01  3.826834e-01
   outer loop
     vertex -3.250000e+00 -9.094037e+00  2.440239e+00
     vertex -3.650000e+00 -9.076554e+00  2.482446e+00
     vertex -3.650000e+00 -9.094037e+00  2.440239e+00
   endloop
 endfacet
 facet normal  0.000000e+00 -9.238795e-01  3.826834e-01
   outer loop
     vertex -3.250000e+00 -9.094037e+00  2.440239e+00
     vertex -3.250000e+00 -9.076554e+00  2.482446e+00
     vertex -3.650000e+00 -9.076554e+00  2.482446e+00
   endloop
 endfacet
 facet normal  0.000000e+00 -9.914449e-01  1.305262e-01
   outer loop
     vertex -3.250000e+00 -9.100000e+00  2.394946e+00
     vertex -3.650000e+00 -9.094037e+00  2.440239e+00
     vertex -3.650000e+00 -9.100000e+00  2.394946e+00
   endloop
 endfacet
 facet normal  4.402390e-15 -9.914449e-01  1.305262e-01
   outer loop
     vertex -3.250000e+00 -9.100000e+00  2.394946e+00
     vertex -3.250000e+00 -9.094037e+00  2.440239e+00
     vertex -3.650000e+00 -9.094037e+00  2.440239e+00
   endloop
 endfacet
 facet normal  0.000000e+00  3.213843e-15  1.000000e+00
   outer loop
     vertex -3.650000e+00 -8.925000e+00  2.569946e+00
     vertex -3.250000e+00 -8.786820e+00  2.569946e+00
     vertex -3.650000e+00 -8.786820e+00  2.569946e+00
   endloop
 endfacet
 facet normal -0.000000e+00  3.213843e-15  1.000000e+00
   outer loop
     vertex -3.650000e+00 -8.925000e+00  2.569946e+00
     vertex -3.250000e+00 -8.925000e+00  2.569946e+00
     vertex -3.250000e+00 -8.786820e+00  2.569946e+00
   endloop
 endfacet
 facet normal  0.000000e+00  9.848078e-01 -1.736482e-01
   outer loop
     vertex -3.650000e+00 -8.786820e+00  2.569946e+00
     vertex -3.250000e+00 -8.800000e+00  2.495198e+00
     vertex -3.650000e+00 -8.800000e+00  2.495198e+00
   endloop
 endfacet
 facet normal  0.000000e+00  9.848078e-01 -1.736482e-01
   outer loop
     vertex -3.650000e+00 -8.786820e+00  2.569946e+00
     vertex -3.250000e+00 -8.786820e+00  2.569946e+00
     vertex -3.250000e+00 -8.800000e+00  2.495198e+00
   endloop
 endfacet
 facet normal  0.000000e+00  9.914449e-01  1.305262e-01
   outer loop
     vertex -3.650000e+00 -8.800000e+00  2.495198e+00
     vertex -3.250000e+00 -8.790093e+00  2.419946e+00
     vertex -3.650000e+00 -8.790093e+00  2.419946e+00
   endloop
 endfacet
 facet normal -0.000000e+00  9.914449e-01  1.305262e-01
   outer loop
     vertex -3.650000e+00 -8.800000e+00  2.495198e+00
     vertex -3.250000e+00 -8.800000e+00  2.495198e+00
     vertex -3.250000e+00 -8.790093e+00  2.419946e+00
   endloop
 endfacet
 facet normal  0.000000e+00  0.000000e+00 -1.000000e+00
   outer loop
     vertex -3.650000e+00 -8.925000e+00  2.419946e+00
     vertex -3.650000e+00 -8.790093e+00  2.419946e+00
     vertex -3.250000e+00 -8.790093e+00  2.419946e+00
   endloop
 endfacet
 facet normal  0.000000e+00  0.000000e+00 -1.000000e+00
   outer loop
     vertex -3.650000e+00 -8.925000e+00  2.419946e+00
     vertex -3.250000e+00 -8.790093e+00  2.419946e+00
     vertex -3.250000e+00 -8.925000e+00  2.419946e+00
   endloop
 endfacet
 facet normal  0.000000e+00  2.588190e-01 -9.659258e-01
   outer loop
     vertex -3.250000e+00 -8.937500e+00  2.416597e+00
     vertex -3.650000e+00 -8.925000e+00  2.419946e+00
     vertex -3.250000e+00 -8.925000e+00  2.419946e+00
   endloop
 endfacet
 facet normal  0.000000e+00  2.588190e-01 -9.659258e-01
   outer loop
     vertex -3.250000e+00 -8.937500e+00  2.416597e+00
     vertex -3.650000e+00 -8.937500e+00  2.416597e+00
     vertex -3.650000e+00 -8.925000e+00  2.419946e+00
   endloop
 endfacet
 facet normal  0.000000e+00  7.071068e-01 -7.071068e-01
   outer loop
     vertex -3.250000e+00 -8.946651e+00  2.407446e+00
     vertex -3.650000e+00 -8.946651e+00  2.407446e+00
     vertex -3.650000e+00 -8.937500e+00  2.416597e+00
   endloop
 endfacet
 facet normal  0.000000e+00  7.071068e-01 -7.071068e-01
   outer loop
     vertex -3.250000e+00 -8.946651e+00  2.407446e+00
     vertex -3.650000e+00 -8.937500e+00  2.416597e+00
     vertex -3.250000e+00 -8.937500e+00  2.416597e+00
   endloop
 endfacet
 facet normal  0.000000e+00  9.659258e-01 -2.588190e-01
   outer loop
     vertex -3.250000e+00 -8.950000e+00  2.394946e+00
     vertex -3.650000e+00 -8.950000e+00  2.394946e+00
     vertex -3.650000e+00 -8.946651e+00  2.407446e+00
   endloop
 endfacet
 facet normal  0.000000e+00  9.659258e-01 -2.588190e-01
   outer loop
     vertex -3.250000e+00 -8.950000e+00  2.394946e+00
     vertex -3.650000e+00 -8.946651e+00  2.407446e+00
     vertex -3.250000e+00 -8.946651e+00  2.407446e+00
   endloop
 endfacet
 facet normal  0.000000e+00  1.000000e+00  0.000000e+00
   outer loop
     vertex -3.650000e+00 -8.950000e+00  2.394946e+00
     vertex -3.250000e+00 -8.950000e+00  1.793782e+00
     vertex -3.650000e+00 -8.950000e+00  1.793782e+00
   endloop
 endfacet
 facet normal -0.000000e+00  1.000000e+00  0.000000e+00
   outer loop
     vertex -3.650000e+00 -8.950000e+00  2.394946e+00
     vertex -3.250000e+00 -8.950000e+00  2.394946e+00
     vertex -3.250000e+00 -8.950000e+00  1.793782e+00
   endloop
 endfacet
 facet normal -5.432380e-16  2.093341e-01 -9.778442e-01
   outer loop
     vertex -3.250000e+00 -9.067544e+00  1.628483e+00
     vertex -3.250000e+00 -9.109748e+00  1.619448e+00
     vertex -3.650000e+00 -9.109748e+00  1.619448e+00
   endloop
 endfacet
 facet normal -5.428126e-16  2.093341e-01 -9.778442e-01
   outer loop
     vertex -3.250000e+00 -9.067544e+00  1.628483e+00
     vertex -3.650000e+00 -9.109748e+00  1.619448e+00
     vertex -3.650000e+00 -9.067544e+00  1.628483e+00
   endloop
 endfacet
 facet normal -4.978644e-16  4.422887e-01 -8.968727e-01
   outer loop
     vertex -3.250000e+00 -9.028836e+00  1.647572e+00
     vertex -3.650000e+00 -9.067544e+00  1.628483e+00
     vertex -3.650000e+00 -9.028836e+00  1.647572e+00
   endloop
 endfacet
 facet normal -5.024166e-16  4.422887e-01 -8.968727e-01
   outer loop
     vertex -3.250000e+00 -9.028836e+00  1.647572e+00
     vertex -3.250000e+00 -9.067544e+00  1.628483e+00
     vertex -3.650000e+00 -9.067544e+00  1.628483e+00
   endloop
 endfacet
 facet normal -4.226340e-16  6.483414e-01 -7.613497e-01
   outer loop
     vertex -3.250000e+00 -8.995976e+00  1.675554e+00
     vertex -3.650000e+00 -9.028836e+00  1.647572e+00
     vertex -3.650000e+00 -8.995976e+00  1.675554e+00
   endloop
 endfacet
 facet normal -4.207739e-16  6.483414e-01 -7.613497e-01
   outer loop
     vertex -3.250000e+00 -8.995976e+00  1.675554e+00
     vertex -3.250000e+00 -9.028836e+00  1.647572e+00
     vertex -3.650000e+00 -9.028836e+00  1.647572e+00
   endloop
 endfacet
 facet normal -3.216973e-16  8.149593e-01 -5.795183e-01
   outer loop
     vertex -3.250000e+00 -8.970965e+00  1.710727e+00
     vertex -3.650000e+00 -8.995976e+00  1.675554e+00
     vertex -3.650000e+00 -8.970965e+00  1.710727e+00
   endloop
 endfacet
 facet normal -3.202906e-16  8.149593e-01 -5.795183e-01
   outer loop
     vertex -3.250000e+00 -8.970965e+00  1.710727e+00
     vertex -3.250000e+00 -8.995976e+00  1.675554e+00
     vertex -3.650000e+00 -8.995976e+00  1.675554e+00
   endloop
 endfacet
 facet normal -4.023871e-16  9.320079e-01 -3.624380e-01
   outer loop
     vertex -3.250000e+00 -8.955322e+00  1.750952e+00
     vertex -3.650000e+00 -8.970965e+00  1.710727e+00
     vertex -3.650000e+00 -8.955322e+00  1.750952e+00
   endloop
 endfacet
 facet normal -2.009667e-16  9.320079e-01 -3.624380e-01
   outer loop
     vertex -3.250000e+00 -8.955322e+00  1.750952e+00
     vertex -3.250000e+00 -8.970965e+00  1.710727e+00
     vertex -3.650000e+00 -8.970965e+00  1.710727e+00
   endloop
 endfacet
 facet normal -6.845236e-17  9.923679e-01 -1.233128e-01
   outer loop
     vertex -3.250000e+00 -8.950000e+00  1.793782e+00
     vertex -3.650000e+00 -8.955322e+00  1.750952e+00
     vertex -3.650000e+00 -8.950000e+00  1.793782e+00
   endloop
 endfacet
 facet normal -1.365945e-16  9.923679e-01 -1.233128e-01
   outer loop
     vertex -3.250000e+00 -8.950000e+00  1.793782e+00
     vertex -3.250000e+00 -8.955322e+00  1.750952e+00
     vertex -3.650000e+00 -8.955322e+00  1.750952e+00
   endloop
 endfacet
 facet normal -5.533281e-16  8.715574e-02 -9.961947e-01
   outer loop
     vertex -3.650000e+00 -9.109748e+00  1.619448e+00
     vertex -3.250000e+00 -9.386927e+00  1.595198e+00
     vertex -3.650000e+00 -9.386927e+00  1.595198e+00
   endloop
 endfacet
 facet normal -5.529991e-16  8.715574e-02 -9.961947e-01
   outer loop
     vertex -3.650000e+00 -9.109748e+00  1.619448e+00
     vertex -3.250000e+00 -9.109748e+00  1.619448e+00
     vertex -3.250000e+00 -9.386927e+00  1.595198e+00
   endloop
 endfacet
 facet normal -5.059610e-17 -9.961947e-01 -8.715574e-02
   outer loop
     vertex -3.650000e+00 -9.386927e+00  1.595198e+00
     vertex -3.250000e+00 -9.400000e+00  1.744627e+00
     vertex -3.650000e+00 -9.400000e+00  1.744627e+00
   endloop
 endfacet
 facet normal -4.838116e-17 -9.961947e-01 -8.715574e-02
   outer loop
     vertex -3.650000e+00 -9.386927e+00  1.595198e+00
     vertex -3.250000e+00 -9.386927e+00  1.595198e+00
     vertex -3.250000e+00 -9.400000e+00  1.744627e+00
   endloop
 endfacet
 facet normal  5.533281e-16 -8.715574e-02  9.961947e-01
   outer loop
     vertex -3.650000e+00 -9.400000e+00  1.744627e+00
     vertex -3.250000e+00 -9.122821e+00  1.768877e+00
     vertex -3.650000e+00 -9.122821e+00  1.768877e+00
   endloop
 endfacet
 facet normal  5.529991e-16 -8.715574e-02  9.961947e-01
   outer loop
     vertex -3.650000e+00 -9.400000e+00  1.744627e+00
     vertex -3.250000e+00 -9.400000e+00  1.744627e+00
     vertex -3.250000e+00 -9.122821e+00  1.768877e+00
   endloop
 endfacet
 facet normal  5.246729e-16 -3.283172e-01  9.445675e-01
   outer loop
     vertex -3.250000e+00 -9.111262e+00  1.772895e+00
     vertex -3.650000e+00 -9.122821e+00  1.768877e+00
     vertex -3.250000e+00 -9.122821e+00  1.768877e+00
   endloop
 endfacet
 facet normal  1.982361e-15 -3.283172e-01  9.445675e-01
   outer loop
     vertex -3.250000e+00 -9.111262e+00  1.772895e+00
     vertex -3.650000e+00 -9.111262e+00  1.772895e+00
     vertex -3.650000e+00 -9.122821e+00  1.768877e+00
   endloop
 endfacet
 facet normal  3.750279e-16 -7.372773e-01  6.755902e-01
   outer loop
     vertex -3.250000e+00 -9.102995e+00  1.781917e+00
     vertex -3.650000e+00 -9.102995e+00  1.781917e+00
     vertex -3.650000e+00 -9.111262e+00  1.772895e+00
   endloop
 endfacet
 facet normal  1.358598e-16 -9.695879e-01  2.447433e-01
   outer loop
     vertex -3.250000e+00 -9.102995e+00  1.781917e+00
     vertex -3.650000e+00 -9.100000e+00  1.793782e+00
     vertex -3.650000e+00 -9.102995e+00  1.781917e+00
   endloop
 endfacet
 facet normal  3.649176e-15 -7.372773e-01  6.755902e-01
   outer loop
     vertex -3.250000e+00 -9.102995e+00  1.781917e+00
     vertex -3.650000e+00 -9.111262e+00  1.772895e+00
     vertex -3.250000e+00 -9.111262e+00  1.772895e+00
   endloop
 endfacet
 facet normal  4.441695e-15 -9.695879e-01  2.447433e-01
   outer loop
     vertex -3.250000e+00 -9.100000e+00  1.793782e+00
     vertex -3.650000e+00 -9.100000e+00  1.793782e+00
     vertex -3.250000e+00 -9.102995e+00  1.781917e+00
   endloop
 endfacet
 facet normal  0.000000e+00 -1.000000e+00  2.954862e-15
   outer loop
     vertex -3.650000e+00 -9.100000e+00  1.793782e+00
     vertex -3.250000e+00 -9.100000e+00  2.394946e+00
     vertex -3.650000e+00 -9.100000e+00  2.394946e+00
   endloop
 endfacet
 facet normal  4.440892e-15 -1.000000e+00  0.000000e+00
   outer loop
     vertex -3.650000e+00 -9.100000e+00  1.793782e+00
     vertex -3.250000e+00 -9.100000e+00  1.793782e+00
     vertex -3.250000e+00 -9.100000e+00  2.394946e+00
   endloop
 endfacet
 facet normal -1.000000e+00  0.000000e+00  0.000000e+00
   outer loop
     vertex -3.650000e+00 -9.122821e+00  1.768877e+00
     vertex -3.650000e+00 -9.386927e+00  1.595198e+00
     vertex -3.650000e+00 -9.400000e+00  1.744627e+00
   endloop
 endfacet
 facet normal -1.000000e+00  0.000000e+00 -0.000000e+00
   outer loop
     vertex -3.650000e+00 -9.122821e+00  1.768877e+00
     vertex -3.650000e+00 -9.109748e+00  1.619448e+00
     vertex -3.650000e+00 -9.386927e+00  1.595198e+00
   endloop
 endfacet
 facet normal -1.000000e+00  0.000000e+00  0.000000e+00
   outer loop
     vertex -3.650000e+00 -9.122821e+00  1.768877e+00
     vertex -3.650000e+00 -9.067544e+00  1.628483e+00
     vertex -3.650000e+00 -9.109748e+00  1.619448e+00
   endloop
 endfacet
 facet normal -1.000000e+00  0.000000e+00  0.000000e+00
   outer loop
     vertex -3.650000e+00 -9.111262e+00  1.772895e+00
     vertex -3.650000e+00 -9.028836e+00  1.647572e+00
     vertex -3.650000e+00 -9.067544e+00  1.628483e+00
   endloop
 endfacet
 facet normal -1.000000e+00  0.000000e+00 -0.000000e+00
   outer loop
     vertex -3.650000e+00 -9.111262e+00  1.772895e+00
     vertex -3.650000e+00 -9.067544e+00  1.628483e+00
     vertex -3.650000e+00 -9.122821e+00  1.768877e+00
   endloop
 endfacet
 facet normal -1.000000e+00  0.000000e+00  0.000000e+00
   outer loop
     vertex -3.650000e+00 -8.995976e+00  1.675554e+00
     vertex -3.650000e+00 -9.111262e+00  1.772895e+00
     vertex -3.650000e+00 -9.102995e+00  1.781917e+00
   endloop
 endfacet
 facet normal -1.000000e+00 -0.000000e+00  0.000000e+00
   outer loop
     vertex -3.650000e+00 -8.995976e+00  1.675554e+00
     vertex -3.650000e+00 -9.028836e+00  1.647572e+00
     vertex -3.650000e+00 -9.111262e+00  1.772895e+00
   endloop
 endfacet
 facet normal -1.000000e+00 -0.000000e+00  0.000000e+00
   outer loop
     vertex -3.650000e+00 -8.970965e+00  1.710727e+00
     vertex -3.650000e+00 -8.995976e+00  1.675554e+00
     vertex -3.650000e+00 -9.102995e+00  1.781917e+00
   endloop
 endfacet
 facet normal -1.000000e+00  0.000000e+00  0.000000e+00
   outer loop
     vertex -3.650000e+00 -8.955322e+00  1.750952e+00
     vertex -3.650000e+00 -9.102995e+00  1.781917e+00
     vertex -3.650000e+00 -9.100000e+00  1.793782e+00
   endloop
 endfacet
 facet normal -1.000000e+00 -0.000000e+00  0.000000e+00
   outer loop
     vertex -3.650000e+00 -8.955322e+00  1.750952e+00
     vertex -3.650000e+00 -8.970965e+00  1.710727e+00
     vertex -3.650000e+00 -9.102995e+00  1.781917e+00
   endloop
 endfacet
 facet normal -1.000000e+00 -0.000000e+00  0.000000e+00
   outer loop
     vertex -3.650000e+00 -8.950000e+00  1.793782e+00
     vertex -3.650000e+00 -8.955322e+00  1.750952e+00
     vertex -3.650000e+00 -9.100000e+00  1.793782e+00
   endloop
 endfacet
 facet normal -1.000000e+00 -0.000000e+00  0.000000e+00
   outer loop
     vertex -3.650000e+00 -8.950000e+00  2.394946e+00
     vertex -3.650000e+00 -9.100000e+00  1.793782e+00
     vertex -3.650000e+00 -9.100000e+00  2.394946e+00
   endloop
 endfacet
 facet normal -1.000000e+00  0.000000e+00  0.000000e+00
   outer loop
     vertex -3.650000e+00 -8.950000e+00  2.394946e+00
     vertex -3.650000e+00 -9.100000e+00  2.394946e+00
     vertex -3.650000e+00 -9.094037e+00  2.440239e+00
   endloop
 endfacet
 facet normal -1.000000e+00  0.000000e+00 -0.000000e+00
   outer loop
     vertex -3.650000e+00 -8.950000e+00  2.394946e+00
     vertex -3.650000e+00 -8.950000e+00  1.793782e+00
     vertex -3.650000e+00 -9.100000e+00  1.793782e+00
   endloop
 endfacet
 facet normal -1.000000e+00  0.000000e+00  0.000000e+00
   outer loop
     vertex -3.650000e+00 -8.946651e+00  2.407446e+00
     vertex -3.650000e+00 -9.094037e+00  2.440239e+00
     vertex -3.650000e+00 -9.076554e+00  2.482446e+00
   endloop
 endfacet
 facet normal -1.000000e+00 -0.000000e+00  0.000000e+00
   outer loop
     vertex -3.650000e+00 -8.946651e+00  2.407446e+00
     vertex -3.650000e+00 -8.950000e+00  2.394946e+00
     vertex -3.650000e+00 -9.094037e+00  2.440239e+00
   endloop
 endfacet
 facet normal -1.000000e+00  0.000000e+00 -0.000000e+00
   outer loop
     vertex -3.650000e+00 -9.048744e+00  2.518690e+00
     vertex -3.650000e+00 -8.946651e+00  2.407446e+00
     vertex -3.650000e+00 -9.076554e+00  2.482446e+00
   endloop
 endfacet
 facet normal -1.000000e+00 -0.000000e+00  0.000000e+00
   outer loop
     vertex -3.650000e+00 -8.937500e+00  2.416597e+00
     vertex -3.650000e+00 -8.946651e+00  2.407446e+00
     vertex -3.650000e+00 -9.048744e+00  2.518690e+00
   endloop
 endfacet
 facet normal -1.000000e+00  0.000000e+00 -0.000000e+00
   outer loop
     vertex -3.650000e+00 -9.012500e+00  2.546501e+00
     vertex -3.650000e+00 -8.937500e+00  2.416597e+00
     vertex -3.650000e+00 -9.048744e+00  2.518690e+00
   endloop
 endfacet
 facet normal -1.000000e+00  0.000000e+00  0.000000e+00
   outer loop
     vertex -3.650000e+00 -8.970293e+00  2.563983e+00
     vertex -3.650000e+00 -8.925000e+00  2.419946e+00
     vertex -3.650000e+00 -8.937500e+00  2.416597e+00
   endloop
 endfacet
 facet normal -1.000000e+00  0.000000e+00 -0.000000e+00
   outer loop
     vertex -3.650000e+00 -8.970293e+00  2.563983e+00
     vertex -3.650000e+00 -8.937500e+00  2.416597e+00
     vertex -3.650000e+00 -9.012500e+00  2.546501e+00
   endloop
 endfacet
 facet normal -1.000000e+00  0.000000e+00 -0.000000e+00
   outer loop
     vertex -3.650000e+00 -8.925000e+00  2.569946e+00
     vertex -3.650000e+00 -8.925000e+00  2.419946e+00
     vertex -3.650000e+00 -8.970293e+00  2.563983e+00
   endloop
 endfacet
 facet normal -1.000000e+00  0.000000e+00 -0.000000e+00
   outer loop
     vertex -3.650000e+00 -8.800000e+00  2.495198e+00
     vertex -3.650000e+00 -8.790093e+00  2.419946e+00
     vertex -3.650000e+00 -8.925000e+00  2.419946e+00
   endloop
 endfacet
 facet normal -1.000000e+00 -0.000000e+00  0.000000e+00
   outer loop
     vertex -3.650000e+00 -8.800000e+00  2.495198e+00
     vertex -3.650000e+00 -8.925000e+00  2.419946e+00
     vertex -3.650000e+00 -8.925000e+00  2.569946e+00
   endloop
 endfacet
 facet normal -1.000000e+00 -0.000000e+00  0.000000e+00
   outer loop
     vertex -3.650000e+00 -8.786820e+00  2.569946e+00
     vertex -3.650000e+00 -8.800000e+00  2.495198e+00
     vertex -3.650000e+00 -8.925000e+00  2.569946e+00
   endloop
 endfacet
 facet normal  1.000000e+00  0.000000e+00  0.000000e+00
   outer loop
     vertex -3.250000e+00 -9.122821e+00  1.768877e+00
     vertex -3.250000e+00 -9.400000e+00  1.744627e+00
     vertex -3.250000e+00 -9.386927e+00  1.595198e+00
   endloop
 endfacet
 facet normal  1.000000e+00  0.000000e+00  0.000000e+00
   outer loop
     vertex -3.250000e+00 -9.122821e+00  1.768877e+00
     vertex -3.250000e+00 -9.386927e+00  1.595198e+00
     vertex -3.250000e+00 -9.109748e+00  1.619448e+00
   endloop
 endfacet
 facet normal  1.000000e+00  0.000000e+00  0.000000e+00
   outer loop
     vertex -3.250000e+00 -9.122821e+00  1.768877e+00
     vertex -3.250000e+00 -9.109748e+00  1.619448e+00
     vertex -3.250000e+00 -9.067544e+00  1.628483e+00
   endloop
 endfacet
 facet normal  1.000000e+00  0.000000e+00  0.000000e+00
   outer loop
     vertex -3.250000e+00 -9.111262e+00  1.772895e+00
     vertex -3.250000e+00 -9.067544e+00  1.628483e+00
     vertex -3.250000e+00 -9.028836e+00  1.647572e+00
   endloop
 endfacet
 facet normal  1.000000e+00  0.000000e+00  0.000000e+00
   outer loop
     vertex -3.250000e+00 -9.111262e+00  1.772895e+00
     vertex -3.250000e+00 -9.122821e+00  1.768877e+00
     vertex -3.250000e+00 -9.067544e+00  1.628483e+00
   endloop
 endfacet
 facet normal  1.000000e+00  0.000000e+00  0.000000e+00
   outer loop
     vertex -3.250000e+00 -8.995976e+00  1.675554e+00
     vertex -3.250000e+00 -9.102995e+00  1.781917e+00
     vertex -3.250000e+00 -9.111262e+00  1.772895e+00
   endloop
 endfacet
 facet normal  1.000000e+00  0.000000e+00  0.000000e+00
   outer loop
     vertex -3.250000e+00 -8.995976e+00  1.675554e+00
     vertex -3.250000e+00 -9.111262e+00  1.772895e+00
     vertex -3.250000e+00 -9.028836e+00  1.647572e+00
   endloop
 endfacet
 facet normal  1.000000e+00  0.000000e+00  0.000000e+00
   outer loop
     vertex -3.250000e+00 -8.970965e+00  1.710727e+00
     vertex -3.250000e+00 -9.102995e+00  1.781917e+00
     vertex -3.250000e+00 -8.995976e+00  1.675554e+00
   endloop
 endfacet
 facet normal  1.000000e+00  0.000000e+00  0.000000e+00
   outer loop
     vertex -3.250000e+00 -8.955322e+00  1.750952e+00
     vertex -3.250000e+00 -9.100000e+00  1.793782e+00
     vertex -3.250000e+00 -9.102995e+00  1.781917e+00
   endloop
 endfacet
 facet normal  1.000000e+00  0.000000e+00  0.000000e+00
   outer loop
     vertex -3.250000e+00 -8.955322e+00  1.750952e+00
     vertex -3.250000e+00 -9.102995e+00  1.781917e+00
     vertex -3.250000e+00 -8.970965e+00  1.710727e+00
   endloop
 endfacet
 facet normal  1.000000e+00  0.000000e+00  0.000000e+00
   outer loop
     vertex -3.250000e+00 -8.950000e+00  1.793782e+00
     vertex -3.250000e+00 -9.100000e+00  1.793782e+00
     vertex -3.250000e+00 -8.955322e+00  1.750952e+00
   endloop
 endfacet
 facet normal  1.000000e+00  0.000000e+00  0.000000e+00
   outer loop
     vertex -3.250000e+00 -8.950000e+00  2.394946e+00
     vertex -3.250000e+00 -9.094037e+00  2.440239e+00
     vertex -3.250000e+00 -9.100000e+00  2.394946e+00
   endloop
 endfacet
 facet normal  1.000000e+00  0.000000e+00  0.000000e+00
   outer loop
     vertex -3.250000e+00 -8.950000e+00  2.394946e+00
     vertex -3.250000e+00 -9.100000e+00  2.394946e+00
     vertex -3.250000e+00 -9.100000e+00  1.793782e+00
   endloop
 endfacet
 facet normal  1.000000e+00  0.000000e+00  0.000000e+00
   outer loop
     vertex -3.250000e+00 -8.950000e+00  2.394946e+00
     vertex -3.250000e+00 -9.100000e+00  1.793782e+00
     vertex -3.250000e+00 -8.950000e+00  1.793782e+00
   endloop
 endfacet
 facet normal  1.000000e+00  0.000000e+00  0.000000e+00
   outer loop
     vertex -3.250000e+00 -8.946651e+00  2.407446e+00
     vertex -3.250000e+00 -9.076554e+00  2.482446e+00
     vertex -3.250000e+00 -9.094037e+00  2.440239e+00
   endloop
 endfacet
 facet normal  1.000000e+00  0.000000e+00  0.000000e+00
   outer loop
     vertex -3.250000e+00 -8.946651e+00  2.407446e+00
     vertex -3.250000e+00 -9.094037e+00  2.440239e+00
     vertex -3.250000e+00 -8.950000e+00  2.394946e+00
   endloop
 endfacet
 facet normal  1.000000e+00  0.000000e+00  0.000000e+00
   outer loop
     vertex -3.250000e+00 -9.048744e+00  2.518690e+00
     vertex -3.250000e+00 -9.076554e+00  2.482446e+00
     vertex -3.250000e+00 -8.946651e+00  2.407446e+00
   endloop
 endfacet
 facet normal  1.000000e+00  0.000000e+00  0.000000e+00
   outer loop
     vertex -3.250000e+00 -8.937500e+00  2.416597e+00
     vertex -3.250000e+00 -9.048744e+00  2.518690e+00
     vertex -3.250000e+00 -8.946651e+00  2.407446e+00
   endloop
 endfacet
 facet normal  1.000000e+00  0.000000e+00  0.000000e+00
   outer loop
     vertex -3.250000e+00 -9.012500e+00  2.546501e+00
     vertex -3.250000e+00 -9.048744e+00  2.518690e+00
     vertex -3.250000e+00 -8.937500e+00  2.416597e+00
   endloop
 endfacet
 facet normal  1.000000e+00  0.000000e+00  0.000000e+00
   outer loop
     vertex -3.250000e+00 -8.970293e+00  2.563983e+00
     vertex -3.250000e+00 -8.937500e+00  2.416597e+00
     vertex -3.250000e+00 -8.925000e+00  2.419946e+00
   endloop
 endfacet
 facet normal  1.000000e+00  0.000000e+00  0.000000e+00
   outer loop
     vertex -3.250000e+00 -8.970293e+00  2.563983e+00
     vertex -3.250000e+00 -9.012500e+00  2.546501e+00
     vertex -3.250000e+00 -8.937500e+00  2.416597e+00
   endloop
 endfacet
 facet normal  1.000000e+00  0.000000e+00  0.000000e+00
   outer loop
     vertex -3.250000e+00 -8.925000e+00  2.569946e+00
     vertex -3.250000e+00 -8.970293e+00  2.563983e+00
     vertex -3.250000e+00 -8.925000e+00  2.419946e+00
   endloop
 endfacet
 facet normal  1.000000e+00  0.000000e+00  0.000000e+00
   outer loop
     vertex -3.250000e+00 -8.800000e+00  2.495198e+00
     vertex -3.250000e+00 -8.925000e+00  2.419946e+00
     vertex -3.250000e+00 -8.790093e+00  2.419946e+00
   endloop
 endfacet
 facet normal  1.000000e+00  0.000000e+00  0.000000e+00
   outer loop
     vertex -3.250000e+00 -8.800000e+00  2.495198e+00
     vertex -3.250000e+00 -8.925000e+00  2.569946e+00
     vertex -3.250000e+00 -8.925000e+00  2.419946e+00
   endloop
 endfacet
 facet normal  1.000000e+00  0.000000e+00  0.000000e+00
   outer loop
     vertex -3.250000e+00 -8.786820e+00  2.569946e+00
     vertex -3.250000e+00 -8.925000e+00  2.569946e+00
     vertex -3.250000e+00 -8.800000e+00  2.495198e+00
   endloop
 endfacet
 facet normal -1.000000e+00  0.000000e+00  0.000000e+00
   outer loop
     vertex  4.000000e-01 -8.800000e+00  2.090198e+00
     vertex  4.000000e-01 -7.200000e+00  1.650198e+00
     vertex  4.000000e-01 -8.800000e+00  1.650198e+00
   endloop
 endfacet
 facet normal -1.000000e+00  0.000000e+00  0.000000e+00
   outer loop
     vertex  4.000000e-01 -8.800000e+00  2.090198e+00
     vertex  4.000000e-01 -7.200000e+00  2.090198e+00
     vertex  4.000000e-01 -7.200000e+00  1.650198e+00
   endloop
 endfacet
 facet normal -0.000000e+00 -1.000000e+00  0.000000e+00
   outer loop
     vertex  4.550000e-01 -8.800000e+00  1.650198e+00
     vertex  4.000000e-01 -8.800000e+00  1.650198e+00
     vertex  4.018741e-01 -8.800000e+00  1.635963e+00
   endloop
 endfacet
 facet normal  0.000000e+00 -1.000000e+00  0.000000e+00
   outer loop
     vertex  4.550000e-01 -8.800000e+00  1.650198e+00
     vertex  4.018741e-01 -8.800000e+00  1.635963e+00
     vertex  4.073686e-01 -8.800000e+00  1.622698e+00
   endloop
 endfacet
 facet normal  0.000000e+00 -1.000000e+00  0.000000e+00
   outer loop
     vertex  4.550000e-01 -8.800000e+00  1.650198e+00
     vertex  4.073686e-01 -8.800000e+00  1.622698e+00
     vertex  4.161091e-01 -8.800000e+00  1.611307e+00
   endloop
 endfacet
 facet normal  0.000000e+00 -1.000000e+00  0.000000e+00
   outer loop
     vertex  4.550000e-01 -8.800000e+00  1.650198e+00
     vertex  4.161091e-01 -8.800000e+00  1.611307e+00
     vertex  4.275000e-01 -8.800000e+00  1.602567e+00
   endloop
 endfacet
 facet normal  0.000000e+00 -1.000000e+00  0.000000e+00
   outer loop
     vertex  4.550000e-01 -8.800000e+00  1.650198e+00
     vertex  4.275000e-01 -8.800000e+00  1.602567e+00
     vertex  4.407650e-01 -8.800000e+00  1.597072e+00
   endloop
 endfacet
 facet normal  0.000000e+00 -1.000000e+00 -0.000000e+00
   outer loop
     vertex  4.550000e-01 -8.800000e+00  1.650198e+00
     vertex  4.407650e-01 -8.800000e+00  1.597072e+00
     vertex  4.550000e-01 -8.800000e+00  1.595198e+00
   endloop
 endfacet
 facet normal  0.000000e+00 -1.000000e+00  0.000000e+00
   outer loop
     vertex  7.450000e-01 -8.800000e+00  1.595198e+00
     vertex  4.550000e-01 -8.800000e+00  1.650198e+00
     vertex  4.550000e-01 -8.800000e+00  1.595198e+00
   endloop
 endfacet
 facet normal  0.000000e+00 -1.000000e+00  0.000000e+00
   outer loop
     vertex  8.000000e-01 -8.800000e+00  1.650198e+00
     vertex  7.926314e-01 -8.800000e+00  1.622698e+00
     vertex  7.981259e-01 -8.800000e+00  1.635963e+00
   endloop
 endfacet
 facet normal  0.000000e+00 -1.000000e+00  0.000000e+00
   outer loop
     vertex  8.000000e-01 -8.800000e+00  1.650198e+00
     vertex  7.838909e-01 -8.800000e+00  1.611307e+00
     vertex  7.926314e-01 -8.800000e+00  1.622698e+00
   endloop
 endfacet
 facet normal  0.000000e+00 -1.000000e+00  0.000000e+00
   outer loop
     vertex  8.000000e-01 -8.800000e+00  1.650198e+00
     vertex  7.725000e-01 -8.800000e+00  1.602567e+00
     vertex  7.838909e-01 -8.800000e+00  1.611307e+00
   endloop
 endfacet
 facet normal  0.000000e+00 -1.000000e+00  0.000000e+00
   outer loop
     vertex  8.000000e-01 -8.800000e+00  1.650198e+00
     vertex  7.592350e-01 -8.800000e+00  1.597072e+00
     vertex  7.725000e-01 -8.800000e+00  1.602567e+00
   endloop
 endfacet
 facet normal  0.000000e+00 -1.000000e+00  0.000000e+00
   outer loop
     vertex  8.000000e-01 -8.800000e+00  1.650198e+00
     vertex  7.450000e-01 -8.800000e+00  1.595198e+00
     vertex  7.592350e-01 -8.800000e+00  1.597072e+00
   endloop
 endfacet
 facet normal -0.000000e+00 -1.000000e+00  0.000000e+00
   outer loop
     vertex  8.000000e-01 -8.800000e+00  1.650198e+00
     vertex  4.550000e-01 -8.800000e+00  1.650198e+00
     vertex  7.450000e-01 -8.800000e+00  1.595198e+00
   endloop
 endfacet
 facet normal -0.000000e+00 -1.000000e+00  0.000000e+00
   outer loop
     vertex  4.550000e-01 -8.800000e+00  2.090198e+00
     vertex  4.000000e-01 -8.800000e+00  2.090198e+00
     vertex  4.000000e-01 -8.800000e+00  1.650198e+00
   endloop
 endfacet
 facet normal  0.000000e+00 -1.000000e+00  0.000000e+00
   outer loop
     vertex  4.550000e-01 -8.800000e+00  2.090198e+00
     vertex  4.018741e-01 -8.800000e+00  2.104433e+00
     vertex  4.000000e-01 -8.800000e+00  2.090198e+00
   endloop
 endfacet
 facet normal  0.000000e+00 -1.000000e+00  0.000000e+00
   outer loop
     vertex  4.550000e-01 -8.800000e+00  2.090198e+00
     vertex  4.073686e-01 -8.800000e+00  2.117698e+00
     vertex  4.018741e-01 -8.800000e+00  2.104433e+00
   endloop
 endfacet
 facet normal  0.000000e+00 -1.000000e+00  0.000000e+00
   outer loop
     vertex  4.550000e-01 -8.800000e+00  2.090198e+00
     vertex  4.161091e-01 -8.800000e+00  2.129089e+00
     vertex  4.073686e-01 -8.800000e+00  2.117698e+00
   endloop
 endfacet
 facet normal  0.000000e+00 -1.000000e+00 -0.000000e+00
   outer loop
     vertex  4.550000e-01 -8.800000e+00  2.090198e+00
     vertex  4.000000e-01 -8.800000e+00  1.650198e+00
     vertex  4.550000e-01 -8.800000e+00  1.650198e+00
   endloop
 endfacet
 facet normal  0.000000e+00 -1.000000e+00 -0.000000e+00
   outer loop
     vertex  4.275000e-01 -8.800000e+00  2.137829e+00
     vertex  4.161091e-01 -8.800000e+00  2.129089e+00
     vertex  4.550000e-01 -8.800000e+00  2.090198e+00
   endloop
 endfacet
 facet normal  0.000000e+00 -1.000000e+00 -0.000000e+00
   outer loop
     vertex  4.407650e-01 -8.800000e+00  2.143324e+00
     vertex  4.275000e-01 -8.800000e+00  2.137829e+00
     vertex  4.550000e-01 -8.800000e+00  2.090198e+00
   endloop
 endfacet
 facet normal  0.000000e+00 -1.000000e+00 -0.000000e+00
   outer loop
     vertex  4.550000e-01 -8.800000e+00  2.145198e+00
     vertex  4.407650e-01 -8.800000e+00  2.143324e+00
     vertex  4.550000e-01 -8.800000e+00  2.090198e+00
   endloop
 endfacet
 facet normal  0.000000e+00 -1.000000e+00 -0.000000e+00
   outer loop
     vertex  7.450000e-01 -8.800000e+00  2.145198e+00
     vertex  4.550000e-01 -8.800000e+00  2.090198e+00
     vertex  8.000000e-01 -8.800000e+00  2.090198e+00
   endloop
 endfacet
 facet normal -0.000000e+00 -1.000000e+00  0.000000e+00
   outer loop
     vertex  7.450000e-01 -8.800000e+00  2.145198e+00
     vertex  4.550000e-01 -8.800000e+00  2.145198e+00
     vertex  4.550000e-01 -8.800000e+00  2.090198e+00
   endloop
 endfacet
 facet normal  0.000000e+00 -1.000000e+00  0.000000e+00
   outer loop
     vertex  7.838909e-01 -8.800000e+00  2.129089e+00
     vertex  8.000000e-01 -8.800000e+00  2.090198e+00
     vertex  7.981259e-01 -8.800000e+00  2.104433e+00
   endloop
 endfacet
 facet normal  0.000000e+00 -1.000000e+00  0.000000e+00
   outer loop
     vertex  7.838909e-01 -8.800000e+00  2.129089e+00
     vertex  7.981259e-01 -8.800000e+00  2.104433e+00
     vertex  7.926314e-01 -8.800000e+00  2.117698e+00
   endloop
 endfacet
 facet normal  0.000000e+00 -1.000000e+00  0.000000e+00
   outer loop
     vertex  7.838909e-01 -8.800000e+00  2.129089e+00
     vertex  7.725000e-01 -8.800000e+00  2.137829e+00
     vertex  7.592350e-01 -8.800000e+00  2.143324e+00
   endloop
 endfacet
 facet normal  0.000000e+00 -1.000000e+00  0.000000e+00
   outer loop
     vertex  7.838909e-01 -8.800000e+00  2.129089e+00
     vertex  7.592350e-01 -8.800000e+00  2.143324e+00
     vertex  7.450000e-01 -8.800000e+00  2.145198e+00
   endloop
 endfacet
 facet normal -0.000000e+00 -1.000000e+00 -0.000000e+00
   outer loop
     vertex  7.838909e-01 -8.800000e+00  2.129089e+00
     vertex  7.450000e-01 -8.800000e+00  2.145198e+00
     vertex  8.000000e-01 -8.800000e+00  2.090198e+00
   endloop
 endfacet
 facet normal -1.305262e-01  0.000000e+00 -9.914449e-01
   outer loop
     vertex  4.407650e-01 -7.200000e+00  1.597072e+00
     vertex  4.550000e-01 -7.200000e+00  1.595198e+00
     vertex  4.550000e-01 -8.800000e+00  1.595198e+00
   endloop
 endfacet
 facet normal -1.305262e-01 -0.000000e+00 -9.914449e-01
   outer loop
     vertex  4.407650e-01 -7.200000e+00  1.597072e+00
     vertex  4.550000e-01 -8.800000e+00  1.595198e+00
     vertex  4.407650e-01 -8.800000e+00  1.597072e+00
   endloop
 endfacet
 facet normal -3.826834e-01 -0.000000e+00 -9.238795e-01
   outer loop
     vertex  4.275000e-01 -7.200000e+00  1.602567e+00
     vertex  4.407650e-01 -8.800000e+00  1.597072e+00
     vertex  4.275000e-01 -8.800000e+00  1.602567e+00
   endloop
 endfacet
 facet normal -3.826834e-01  0.000000e+00 -9.238795e-01
   outer loop
     vertex  4.275000e-01 -7.200000e+00  1.602567e+00
     vertex  4.407650e-01 -7.200000e+00  1.597072e+00
     vertex  4.407650e-01 -8.800000e+00  1.597072e+00
   endloop
 endfacet
 facet normal -6.087614e-01 -0.000000e+00 -7.933533e-01
   outer loop
     vertex  4.161091e-01 -7.200000e+00  1.611307e+00
     vertex  4.275000e-01 -8.800000e+00  1.602567e+00
     vertex  4.161091e-01 -8.800000e+00  1.611307e+00
   endloop
 endfacet
 facet normal -6.087614e-01  0.000000e+00 -7.933533e-01
   outer loop
     vertex  4.161091e-01 -7.200000e+00  1.611307e+00
     vertex  4.275000e-01 -7.200000e+00  1.602567e+00
     vertex  4.275000e-01 -8.800000e+00  1.602567e+00
   endloop
 endfacet
 facet normal -7.933533e-01 -0.000000e+00 -6.087614e-01
   outer loop
     vertex  4.073686e-01 -7.200000e+00  1.622698e+00
     vertex  4.161091e-01 -8.800000e+00  1.611307e+00
     vertex  4.073686e-01 -8.800000e+00  1.622698e+00
   endloop
 endfacet
 facet normal -7.933533e-01  0.000000e+00 -6.087614e-01
   outer loop
     vertex  4.073686e-01 -7.200000e+00  1.622698e+00
     vertex  4.161091e-01 -7.200000e+00  1.611307e+00
     vertex  4.161091e-01 -8.800000e+00  1.611307e+00
   endloop
 endfacet
 facet normal -9.238795e-01 -0.000000e+00 -3.826834e-01
   outer loop
     vertex  4.018741e-01 -7.200000e+00  1.635963e+00
     vertex  4.073686e-01 -8.800000e+00  1.622698e+00
     vertex  4.018741e-01 -8.800000e+00  1.635963e+00
   endloop
 endfacet
 facet normal -9.238795e-01  0.000000e+00 -3.826834e-01
   outer loop
     vertex  4.018741e-01 -7.200000e+00  1.635963e+00
     vertex  4.073686e-01 -7.200000e+00  1.622698e+00
     vertex  4.073686e-01 -8.800000e+00  1.622698e+00
   endloop
 endfacet
 facet normal -9.914449e-01 -0.000000e+00 -1.305262e-01
   outer loop
     vertex  4.000000e-01 -7.200000e+00  1.650198e+00
     vertex  4.018741e-01 -8.800000e+00  1.635963e+00
     vertex  4.000000e-01 -8.800000e+00  1.650198e+00
   endloop
 endfacet
 facet normal -9.914449e-01  0.000000e+00 -1.305262e-01
   outer loop
     vertex  4.000000e-01 -7.200000e+00  1.650198e+00
     vertex  4.018741e-01 -7.200000e+00  1.635963e+00
     vertex  4.018741e-01 -8.800000e+00  1.635963e+00
   endloop
 endfacet
 facet normal -9.914449e-01  0.000000e+00  1.305262e-01
   outer loop
     vertex  4.018741e-01 -7.200000e+00  2.104433e+00
     vertex  4.000000e-01 -8.800000e+00  2.090198e+00
     vertex  4.018741e-01 -8.800000e+00  2.104433e+00
   endloop
 endfacet
 facet normal -9.914449e-01  0.000000e+00  1.305262e-01
   outer loop
     vertex  4.018741e-01 -7.200000e+00  2.104433e+00
     vertex  4.000000e-01 -7.200000e+00  2.090198e+00
     vertex  4.000000e-01 -8.800000e+00  2.090198e+00
   endloop
 endfacet
 facet normal -9.238795e-01  0.000000e+00  3.826834e-01
   outer loop
     vertex  4.073686e-01 -7.200000e+00  2.117698e+00
     vertex  4.018741e-01 -8.800000e+00  2.104433e+00
     vertex  4.073686e-01 -8.800000e+00  2.117698e+00
   endloop
 endfacet
 facet normal -9.238795e-01  0.000000e+00  3.826834e-01
   outer loop
     vertex  4.073686e-01 -7.200000e+00  2.117698e+00
     vertex  4.018741e-01 -7.200000e+00  2.104433e+00
     vertex  4.018741e-01 -8.800000e+00  2.104433e+00
   endloop
 endfacet
 facet normal -7.933533e-01  0.000000e+00  6.087614e-01
   outer loop
     vertex  4.161091e-01 -7.200000e+00  2.129089e+00
     vertex  4.073686e-01 -8.800000e+00  2.117698e+00
     vertex  4.161091e-01 -8.800000e+00  2.129089e+00
   endloop
 endfacet
 facet normal -7.933533e-01  0.000000e+00  6.087614e-01
   outer loop
     vertex  4.161091e-01 -7.200000e+00  2.129089e+00
     vertex  4.073686e-01 -7.200000e+00  2.117698e+00
     vertex  4.073686e-01 -8.800000e+00  2.117698e+00
   endloop
 endfacet
 facet normal -6.087614e-01  0.000000e+00  7.933533e-01
   outer loop
     vertex  4.275000e-01 -7.200000e+00  2.137829e+00
     vertex  4.161091e-01 -8.800000e+00  2.129089e+00
     vertex  4.275000e-01 -8.800000e+00  2.137829e+00
   endloop
 endfacet
 facet normal -6.087614e-01  0.000000e+00  7.933533e-01
   outer loop
     vertex  4.275000e-01 -7.200000e+00  2.137829e+00
     vertex  4.161091e-01 -7.200000e+00  2.129089e+00
     vertex  4.161091e-01 -8.800000e+00  2.129089e+00
   endloop
 endfacet
 facet normal -3.826834e-01  0.000000e+00  9.238795e-01
   outer loop
     vertex  4.407650e-01 -7.200000e+00  2.143324e+00
     vertex  4.275000e-01 -8.800000e+00  2.137829e+00
     vertex  4.407650e-01 -8.800000e+00  2.143324e+00
   endloop
 endfacet
 facet normal -3.826834e-01  0.000000e+00  9.238795e-01
   outer loop
     vertex  4.407650e-01 -7.200000e+00  2.143324e+00
     vertex  4.275000e-01 -7.200000e+00  2.137829e+00
     vertex  4.275000e-01 -8.800000e+00  2.137829e+00
   endloop
 endfacet
 facet normal -1.305262e-01  0.000000e+00  9.914449e-01
   outer loop
     vertex  4.550000e-01 -7.200000e+00  2.145198e+00
     vertex  4.407650e-01 -8.800000e+00  2.143324e+00
     vertex  4.550000e-01 -8.800000e+00  2.145198e+00
   endloop
 endfacet
 facet normal -1.305262e-01  0.000000e+00  9.914449e-01
   outer loop
     vertex  4.550000e-01 -7.200000e+00  2.145198e+00
     vertex  4.407650e-01 -7.200000e+00  2.143324e+00
     vertex  4.407650e-01 -8.800000e+00  2.143324e+00
   endloop
 endfacet
 facet normal  0.000000e+00  1.000000e+00  0.000000e+00
   outer loop
     vertex  4.550000e-01 -7.200000e+00  1.650198e+00
     vertex  4.018741e-01 -7.200000e+00  1.635963e+00
     vertex  4.000000e-01 -7.200000e+00  1.650198e+00
   endloop
 endfacet
 facet normal  0.000000e+00  1.000000e+00  0.000000e+00
   outer loop
     vertex  4.550000e-01 -7.200000e+00  1.650198e+00
     vertex  4.073686e-01 -7.200000e+00  1.622698e+00
     vertex  4.018741e-01 -7.200000e+00  1.635963e+00
   endloop
 endfacet
 facet normal  0.000000e+00  1.000000e+00  0.000000e+00
   outer loop
     vertex  4.550000e-01 -7.200000e+00  1.650198e+00
     vertex  4.161091e-01 -7.200000e+00  1.611307e+00
     vertex  4.073686e-01 -7.200000e+00  1.622698e+00
   endloop
 endfacet
 facet normal  0.000000e+00  1.000000e+00  0.000000e+00
   outer loop
     vertex  4.550000e-01 -7.200000e+00  1.650198e+00
     vertex  4.275000e-01 -7.200000e+00  1.602567e+00
     vertex  4.161091e-01 -7.200000e+00  1.611307e+00
   endloop
 endfacet
 facet normal  0.000000e+00  1.000000e+00  0.000000e+00
   outer loop
     vertex  4.550000e-01 -7.200000e+00  1.650198e+00
     vertex  4.407650e-01 -7.200000e+00  1.597072e+00
     vertex  4.275000e-01 -7.200000e+00  1.602567e+00
   endloop
 endfacet
 facet normal  0.000000e+00  1.000000e+00  0.000000e+00
   outer loop
     vertex  4.550000e-01 -7.200000e+00  1.650198e+00
     vertex  4.550000e-01 -7.200000e+00  1.595198e+00
     vertex  4.407650e-01 -7.200000e+00  1.597072e+00
   endloop
 endfacet
 facet normal  0.000000e+00  1.000000e+00  0.000000e+00
   outer loop
     vertex  7.450000e-01 -7.200000e+00  1.595198e+00
     vertex  4.550000e-01 -7.200000e+00  1.595198e+00
     vertex  4.550000e-01 -7.200000e+00  1.650198e+00
   endloop
 endfacet
 facet normal  0.000000e+00  1.000000e+00  0.000000e+00
   outer loop
     vertex  8.000000e-01 -7.200000e+00  1.650198e+00
     vertex  7.981259e-01 -7.200000e+00  1.635963e+00
     vertex  7.926314e-01 -7.200000e+00  1.622698e+00
   endloop
 endfacet
 facet normal  0.000000e+00  1.000000e+00  0.000000e+00
   outer loop
     vertex  8.000000e-01 -7.200000e+00  1.650198e+00
     vertex  7.926314e-01 -7.200000e+00  1.622698e+00
     vertex  7.838909e-01 -7.200000e+00  1.611307e+00
   endloop
 endfacet
 facet normal  0.000000e+00  1.000000e+00  0.000000e+00
   outer loop
     vertex  8.000000e-01 -7.200000e+00  1.650198e+00
     vertex  7.838909e-01 -7.200000e+00  1.611307e+00
     vertex  7.725000e-01 -7.200000e+00  1.602567e+00
   endloop
 endfacet
 facet normal  0.000000e+00  1.000000e+00  0.000000e+00
   outer loop
     vertex  8.000000e-01 -7.200000e+00  1.650198e+00
     vertex  7.725000e-01 -7.200000e+00  1.602567e+00
     vertex  7.592350e-01 -7.200000e+00  1.597072e+00
   endloop
 endfacet
 facet normal  0.000000e+00  1.000000e+00  0.000000e+00
   outer loop
     vertex  8.000000e-01 -7.200000e+00  1.650198e+00
     vertex  7.592350e-01 -7.200000e+00  1.597072e+00
     vertex  7.450000e-01 -7.200000e+00  1.595198e+00
   endloop
 endfacet
 facet normal  0.000000e+00  1.000000e+00  0.000000e+00
   outer loop
     vertex  8.000000e-01 -7.200000e+00  1.650198e+00
     vertex  7.450000e-01 -7.200000e+00  1.595198e+00
     vertex  4.550000e-01 -7.200000e+00  1.650198e+00
   endloop
 endfacet
 facet normal  0.000000e+00  1.000000e+00  0.000000e+00
   outer loop
     vertex  4.550000e-01 -7.200000e+00  2.090198e+00
     vertex  4.000000e-01 -7.200000e+00  1.650198e+00
     vertex  4.000000e-01 -7.200000e+00  2.090198e+00
   endloop
 endfacet
 facet normal  0.000000e+00  1.000000e+00  0.000000e+00
   outer loop
     vertex  4.550000e-01 -7.200000e+00  2.090198e+00
     vertex  4.000000e-01 -7.200000e+00  2.090198e+00
     vertex  4.018741e-01 -7.200000e+00  2.104433e+00
   endloop
 endfacet
 facet normal  0.000000e+00  1.000000e+00  0.000000e+00
   outer loop
     vertex  4.550000e-01 -7.200000e+00  2.090198e+00
     vertex  4.018741e-01 -7.200000e+00  2.104433e+00
     vertex  4.073686e-01 -7.200000e+00  2.117698e+00
   endloop
 endfacet
 facet normal  0.000000e+00  1.000000e+00  0.000000e+00
   outer loop
     vertex  4.550000e-01 -7.200000e+00  2.090198e+00
     vertex  4.073686e-01 -7.200000e+00  2.117698e+00
     vertex  4.161091e-01 -7.200000e+00  2.129089e+00
   endloop
 endfacet
 facet normal  0.000000e+00  1.000000e+00  0.000000e+00
   outer loop
     vertex  4.550000e-01 -7.200000e+00  2.090198e+00
     vertex  4.550000e-01 -7.200000e+00  1.650198e+00
     vertex  4.000000e-01 -7.200000e+00  1.650198e+00
   endloop
 endfacet
 facet normal  0.000000e+00  1.000000e+00  0.000000e+00
   outer loop
     vertex  4.275000e-01 -7.200000e+00  2.137829e+00
     vertex  4.550000e-01 -7.200000e+00  2.090198e+00
     vertex  4.161091e-01 -7.200000e+00  2.129089e+00
   endloop
 endfacet
 facet normal  0.000000e+00  1.000000e+00  0.000000e+00
   outer loop
     vertex  4.407650e-01 -7.200000e+00  2.143324e+00
     vertex  4.550000e-01 -7.200000e+00  2.090198e+00
     vertex  4.275000e-01 -7.200000e+00  2.137829e+00
   endloop
 endfacet
 facet normal  0.000000e+00  1.000000e+00  0.000000e+00
   outer loop
     vertex  4.550000e-01 -7.200000e+00  2.145198e+00
     vertex  4.550000e-01 -7.200000e+00  2.090198e+00
     vertex  4.407650e-01 -7.200000e+00  2.143324e+00
   endloop
 endfacet
 facet normal  0.000000e+00  1.000000e+00  0.000000e+00
   outer loop
     vertex  7.450000e-01 -7.200000e+00  2.145198e+00
     vertex  8.000000e-01 -7.200000e+00  2.090198e+00
     vertex  4.550000e-01 -7.200000e+00  2.090198e+00
   endloop
 endfacet
 facet normal  0.000000e+00  1.000000e+00  0.000000e+00
   outer loop
     vertex  7.450000e-01 -7.200000e+00  2.145198e+00
     vertex  4.550000e-01 -7.200000e+00  2.090198e+00
     vertex  4.550000e-01 -7.200000e+00  2.145198e+00
   endloop
 endfacet
 facet normal  0.000000e+00  1.000000e+00  0.000000e+00
   outer loop
     vertex  7.838909e-01 -7.200000e+00  2.129089e+00
     vertex  7.981259e-01 -7.200000e+00  2.104433e+00
     vertex  8.000000e-01 -7.200000e+00  2.090198e+00
   endloop
 endfacet
 facet normal  0.000000e+00  1.000000e+00  0.000000e+00
   outer loop
     vertex  7.838909e-01 -7.200000e+00  2.129089e+00
     vertex  7.926314e-01 -7.200000e+00  2.117698e+00
     vertex  7.981259e-01 -7.200000e+00  2.104433e+00
   endloop
 endfacet
 facet normal  0.000000e+00  1.000000e+00  0.000000e+00
   outer loop
     vertex  7.838909e-01 -7.200000e+00  2.129089e+00
     vertex  7.592350e-01 -7.200000e+00  2.143324e+00
     vertex  7.725000e-01 -7.200000e+00  2.137829e+00
   endloop
 endfacet
 facet normal  0.000000e+00  1.000000e+00  0.000000e+00
   outer loop
     vertex  7.838909e-01 -7.200000e+00  2.129089e+00
     vertex  7.450000e-01 -7.200000e+00  2.145198e+00
     vertex  7.592350e-01 -7.200000e+00  2.143324e+00
   endloop
 endfacet
 facet normal  0.000000e+00  1.000000e+00  0.000000e+00
   outer loop
     vertex  7.838909e-01 -7.200000e+00  2.129089e+00
     vertex  8.000000e-01 -7.200000e+00  2.090198e+00
     vertex  7.450000e-01 -7.200000e+00  2.145198e+00
   endloop
 endfacet
 facet normal -0.000000e+00  0.000000e+00 -1.000000e+00
   outer loop
     vertex  7.450000e-01 -7.200000e+00  1.595198e+00
     vertex  4.550000e-01 -8.800000e+00  1.595198e+00
     vertex  4.550000e-01 -7.200000e+00  1.595198e+00
   endloop
 endfacet
 facet normal  0.000000e+00 -0.000000e+00 -1.000000e+00
   outer loop
     vertex  7.450000e-01 -7.200000e+00  1.595198e+00
     vertex  7.450000e-01 -8.800000e+00  1.595198e+00
     vertex  4.550000e-01 -8.800000e+00  1.595198e+00
   endloop
 endfacet
 facet normal  9.914449e-01  0.000000e+00 -1.305262e-01
   outer loop
     vertex  7.981259e-01 -7.200000e+00  1.635963e+00
     vertex  8.000000e-01 -8.800000e+00  1.650198e+00
     vertex  7.981259e-01 -8.800000e+00  1.635963e+00
   endloop
 endfacet
 facet normal  9.914449e-01  0.000000e+00 -1.305262e-01
   outer loop
     vertex  7.981259e-01 -7.200000e+00  1.635963e+00
     vertex  8.000000e-01 -7.200000e+00  1.650198e+00
     vertex  8.000000e-01 -8.800000e+00  1.650198e+00
   endloop
 endfacet
 facet normal  9.238795e-01  0.000000e+00 -3.826834e-01
   outer loop
     vertex  7.926314e-01 -7.200000e+00  1.622698e+00
     vertex  7.981259e-01 -8.800000e+00  1.635963e+00
     vertex  7.926314e-01 -8.800000e+00  1.622698e+00
   endloop
 endfacet
 facet normal  9.238795e-01  0.000000e+00 -3.826834e-01
   outer loop
     vertex  7.926314e-01 -7.200000e+00  1.622698e+00
     vertex  7.981259e-01 -7.200000e+00  1.635963e+00
     vertex  7.981259e-01 -8.800000e+00  1.635963e+00
   endloop
 endfacet
 facet normal  7.933533e-01  0.000000e+00 -6.087614e-01
   outer loop
     vertex  7.838909e-01 -7.200000e+00  1.611307e+00
     vertex  7.926314e-01 -8.800000e+00  1.622698e+00
     vertex  7.838909e-01 -8.800000e+00  1.611307e+00
   endloop
 endfacet
 facet normal  7.933533e-01  0.000000e+00 -6.087614e-01
   outer loop
     vertex  7.838909e-01 -7.200000e+00  1.611307e+00
     vertex  7.926314e-01 -7.200000e+00  1.622698e+00
     vertex  7.926314e-01 -8.800000e+00  1.622698e+00
   endloop
 endfacet
 facet normal  6.087614e-01  0.000000e+00 -7.933533e-01
   outer loop
     vertex  7.725000e-01 -7.200000e+00  1.602567e+00
     vertex  7.838909e-01 -8.800000e+00  1.611307e+00
     vertex  7.725000e-01 -8.800000e+00  1.602567e+00
   endloop
 endfacet
 facet normal  6.087614e-01  0.000000e+00 -7.933533e-01
   outer loop
     vertex  7.725000e-01 -7.200000e+00  1.602567e+00
     vertex  7.838909e-01 -7.200000e+00  1.611307e+00
     vertex  7.838909e-01 -8.800000e+00  1.611307e+00
   endloop
 endfacet
 facet normal  3.826834e-01  0.000000e+00 -9.238795e-01
   outer loop
     vertex  7.592350e-01 -7.200000e+00  1.597072e+00
     vertex  7.725000e-01 -8.800000e+00  1.602567e+00
     vertex  7.592350e-01 -8.800000e+00  1.597072e+00
   endloop
 endfacet
 facet normal  3.826834e-01  0.000000e+00 -9.238795e-01
   outer loop
     vertex  7.592350e-01 -7.200000e+00  1.597072e+00
     vertex  7.725000e-01 -7.200000e+00  1.602567e+00
     vertex  7.725000e-01 -8.800000e+00  1.602567e+00
   endloop
 endfacet
 facet normal  1.305262e-01  0.000000e+00 -9.914449e-01
   outer loop
     vertex  7.450000e-01 -7.200000e+00  1.595198e+00
     vertex  7.592350e-01 -8.800000e+00  1.597072e+00
     vertex  7.450000e-01 -8.800000e+00  1.595198e+00
   endloop
 endfacet
 facet normal  1.305262e-01  0.000000e+00 -9.914449e-01
   outer loop
     vertex  7.450000e-01 -7.200000e+00  1.595198e+00
     vertex  7.592350e-01 -7.200000e+00  1.597072e+00
     vertex  7.592350e-01 -8.800000e+00  1.597072e+00
   endloop
 endfacet
 facet normal  0.000000e+00 -1.000000e+00 -0.000000e+00
   outer loop
     vertex  8.000000e-01 -8.800000e+00  2.090198e+00
     vertex  4.550000e-01 -8.800000e+00  1.650198e+00
     vertex  8.000000e-01 -8.800000e+00  1.650198e+00
   endloop
 endfacet
 facet normal -0.000000e+00 -1.000000e+00  0.000000e+00
   outer loop
     vertex  8.000000e-01 -8.800000e+00  2.090198e+00
     vertex  4.550000e-01 -8.800000e+00  2.090198e+00
     vertex  4.550000e-01 -8.800000e+00  1.650198e+00
   endloop
 endfacet
 facet normal  0.000000e+00 -1.000000e+00 -0.000000e+00
   outer loop
     vertex  3.200000e+00 -8.800000e+00  2.090198e+00
     vertex  8.000000e-01 -8.800000e+00  1.650198e+00
     vertex  3.200000e+00 -8.800000e+00  1.650198e+00
   endloop
 endfacet
 facet normal -0.000000e+00 -1.000000e+00  0.000000e+00
   outer loop
     vertex  3.200000e+00 -8.800000e+00  2.090198e+00
     vertex  8.000000e-01 -8.800000e+00  2.090198e+00
     vertex  8.000000e-01 -8.800000e+00  1.650198e+00
   endloop
 endfacet
 facet normal  0.000000e+00 -1.000000e+00 -0.000000e+00
   outer loop
     vertex  3.545000e+00 -8.800000e+00  2.090198e+00
     vertex  3.200000e+00 -8.800000e+00  1.650198e+00
     vertex  3.545000e+00 -8.800000e+00  1.650198e+00
   endloop
 endfacet
 facet normal -0.000000e+00 -1.000000e+00  0.000000e+00
   outer loop
     vertex  3.545000e+00 -8.800000e+00  2.090198e+00
     vertex  3.200000e+00 -8.800000e+00  2.090198e+00
     vertex  3.200000e+00 -8.800000e+00  1.650198e+00
   endloop
 endfacet
 facet normal  0.000000e+00  0.000000e+00  1.000000e+00
   outer loop
     vertex  7.450000e-01 -7.200000e+00  2.145198e+00
     vertex  4.550000e-01 -7.200000e+00  2.145198e+00
     vertex  4.550000e-01 -8.800000e+00  2.145198e+00
   endloop
 endfacet
 facet normal  0.000000e+00  0.000000e+00  1.000000e+00
   outer loop
     vertex  7.450000e-01 -7.200000e+00  2.145198e+00
     vertex  4.550000e-01 -8.800000e+00  2.145198e+00
     vertex  7.450000e-01 -8.800000e+00  2.145198e+00
   endloop
 endfacet
 facet normal  1.305262e-01  0.000000e+00  9.914449e-01
   outer loop
     vertex  7.592350e-01 -7.200000e+00  2.143324e+00
     vertex  7.450000e-01 -7.200000e+00  2.145198e+00
     vertex  7.450000e-01 -8.800000e+00  2.145198e+00
   endloop
 endfacet
 facet normal  1.305262e-01  0.000000e+00  9.914449e-01
   outer loop
     vertex  7.592350e-01 -7.200000e+00  2.143324e+00
     vertex  7.450000e-01 -8.800000e+00  2.145198e+00
     vertex  7.592350e-01 -8.800000e+00  2.143324e+00
   endloop
 endfacet
 facet normal  3.826834e-01  0.000000e+00  9.238795e-01
   outer loop
     vertex  7.725000e-01 -7.200000e+00  2.137829e+00
     vertex  7.592350e-01 -8.800000e+00  2.143324e+00
     vertex  7.725000e-01 -8.800000e+00  2.137829e+00
   endloop
 endfacet
 facet normal  3.826834e-01  0.000000e+00  9.238795e-01
   outer loop
     vertex  7.725000e-01 -7.200000e+00  2.137829e+00
     vertex  7.592350e-01 -7.200000e+00  2.143324e+00
     vertex  7.592350e-01 -8.800000e+00  2.143324e+00
   endloop
 endfacet
 facet normal  6.087614e-01  0.000000e+00  7.933533e-01
   outer loop
     vertex  7.838909e-01 -7.200000e+00  2.129089e+00
     vertex  7.725000e-01 -8.800000e+00  2.137829e+00
     vertex  7.838909e-01 -8.800000e+00  2.129089e+00
   endloop
 endfacet
 facet normal  6.087614e-01  0.000000e+00  7.933533e-01
   outer loop
     vertex  7.838909e-01 -7.200000e+00  2.129089e+00
     vertex  7.725000e-01 -7.200000e+00  2.137829e+00
     vertex  7.725000e-01 -8.800000e+00  2.137829e+00
   endloop
 endfacet
 facet normal  7.933533e-01  0.000000e+00  6.087614e-01
   outer loop
     vertex  7.926314e-01 -7.200000e+00  2.117698e+00
     vertex  7.838909e-01 -8.800000e+00  2.129089e+00
     vertex  7.926314e-01 -8.800000e+00  2.117698e+00
   endloop
 endfacet
 facet normal  7.933533e-01  0.000000e+00  6.087614e-01
   outer loop
     vertex  7.926314e-01 -7.200000e+00  2.117698e+00
     vertex  7.838909e-01 -7.200000e+00  2.129089e+00
     vertex  7.838909e-01 -8.800000e+00  2.129089e+00
   endloop
 endfacet
 facet normal  9.238795e-01  0.000000e+00  3.826834e-01
   outer loop
     vertex  7.981259e-01 -7.200000e+00  2.104433e+00
     vertex  7.926314e-01 -8.800000e+00  2.117698e+00
     vertex  7.981259e-01 -8.800000e+00  2.104433e+00
   endloop
 endfacet
 facet normal  9.238795e-01  0.000000e+00  3.826834e-01
   outer loop
     vertex  7.981259e-01 -7.200000e+00  2.104433e+00
     vertex  7.926314e-01 -7.200000e+00  2.117698e+00
     vertex  7.926314e-01 -8.800000e+00  2.117698e+00
   endloop
 endfacet
 facet normal  9.914449e-01  0.000000e+00  1.305262e-01
   outer loop
     vertex  8.000000e-01 -7.200000e+00  2.090198e+00
     vertex  7.981259e-01 -8.800000e+00  2.104433e+00
     vertex  8.000000e-01 -8.800000e+00  2.090198e+00
   endloop
 endfacet
 facet normal  9.914449e-01  0.000000e+00  1.305262e-01
   outer loop
     vertex  8.000000e-01 -7.200000e+00  2.090198e+00
     vertex  7.981259e-01 -7.200000e+00  2.104433e+00
     vertex  7.981259e-01 -8.800000e+00  2.104433e+00
   endloop
 endfacet
 facet normal  0.000000e+00  1.000000e+00  0.000000e+00
   outer loop
     vertex  8.000000e-01 -7.200000e+00  2.090198e+00
     vertex  8.000000e-01 -7.200000e+00  1.650198e+00
     vertex  4.550000e-01 -7.200000e+00  1.650198e+00
   endloop
 endfacet
 facet normal  0.000000e+00  1.000000e+00  0.000000e+00
   outer loop
     vertex  8.000000e-01 -7.200000e+00  2.090198e+00
     vertex  4.550000e-01 -7.200000e+00  1.650198e+00
     vertex  4.550000e-01 -7.200000e+00  2.090198e+00
   endloop
 endfacet
 facet normal  0.000000e+00  1.000000e+00  0.000000e+00
   outer loop
     vertex  3.200000e+00 -7.200000e+00  2.090198e+00
     vertex  3.200000e+00 -7.200000e+00  1.650198e+00
     vertex  8.000000e-01 -7.200000e+00  1.650198e+00
   endloop
 endfacet
 facet normal  0.000000e+00  1.000000e+00  0.000000e+00
   outer loop
     vertex  3.200000e+00 -7.200000e+00  2.090198e+00
     vertex  8.000000e-01 -7.200000e+00  1.650198e+00
     vertex  8.000000e-01 -7.200000e+00  2.090198e+00
   endloop
 endfacet
 facet normal  0.000000e+00  1.000000e+00  0.000000e+00
   outer loop
     vertex  3.545000e+00 -7.200000e+00  2.090198e+00
     vertex  3.545000e+00 -7.200000e+00  1.650198e+00
     vertex  3.200000e+00 -7.200000e+00  1.650198e+00
   endloop
 endfacet
 facet normal  0.000000e+00  1.000000e+00  0.000000e+00
   outer loop
     vertex  3.545000e+00 -7.200000e+00  2.090198e+00
     vertex  3.200000e+00 -7.200000e+00  1.650198e+00
     vertex  3.200000e+00 -7.200000e+00  2.090198e+00
   endloop
 endfacet
 facet normal -0.000000e+00  0.000000e+00 -1.000000e+00
   outer loop
     vertex  3.200000e+00 -7.200000e+00  1.650198e+00
     vertex  8.000000e-01 -8.800000e+00  1.650198e+00
     vertex  8.000000e-01 -7.200000e+00  1.650198e+00
   endloop
 endfacet
 facet normal  0.000000e+00 -0.000000e+00 -1.000000e+00
   outer loop
     vertex  3.200000e+00 -7.200000e+00  1.650198e+00
     vertex  3.200000e+00 -8.800000e+00  1.650198e+00
     vertex  8.000000e-01 -8.800000e+00  1.650198e+00
   endloop
 endfacet
 facet normal  0.000000e+00 -1.000000e+00  0.000000e+00
   outer loop
     vertex  3.200000e+00 -8.800000e+00  1.650198e+00
     vertex  3.201874e+00 -8.800000e+00  1.635963e+00
     vertex  3.207369e+00 -8.800000e+00  1.622698e+00
   endloop
 endfacet
 facet normal  0.000000e+00 -1.000000e+00  0.000000e+00
   outer loop
     vertex  3.200000e+00 -8.800000e+00  1.650198e+00
     vertex  3.207369e+00 -8.800000e+00  1.622698e+00
     vertex  3.216109e+00 -8.800000e+00  1.611307e+00
   endloop
 endfacet
 facet normal  0.000000e+00 -1.000000e+00  0.000000e+00
   outer loop
     vertex  3.200000e+00 -8.800000e+00  1.650198e+00
     vertex  3.216109e+00 -8.800000e+00  1.611307e+00
     vertex  3.227500e+00 -8.800000e+00  1.602567e+00
   endloop
 endfacet
 facet normal  0.000000e+00 -1.000000e+00  0.000000e+00
   outer loop
     vertex  3.200000e+00 -8.800000e+00  1.650198e+00
     vertex  3.227500e+00 -8.800000e+00  1.602567e+00
     vertex  3.240765e+00 -8.800000e+00  1.597072e+00
   endloop
 endfacet
 facet normal  0.000000e+00 -1.000000e+00  0.000000e+00
   outer loop
     vertex  3.200000e+00 -8.800000e+00  1.650198e+00
     vertex  3.240765e+00 -8.800000e+00  1.597072e+00
     vertex  3.255000e+00 -8.800000e+00  1.595198e+00
   endloop
 endfacet
 facet normal  0.000000e+00 -1.000000e+00 -0.000000e+00
   outer loop
     vertex  3.545000e+00 -8.800000e+00  1.650198e+00
     vertex  3.255000e+00 -8.800000e+00  1.595198e+00
     vertex  3.545000e+00 -8.800000e+00  1.595198e+00
   endloop
 endfacet
 facet normal  0.000000e+00 -1.000000e+00  0.000000e+00
   outer loop
     vertex  3.545000e+00 -8.800000e+00  1.650198e+00
     vertex  3.559235e+00 -8.800000e+00  1.597072e+00
     vertex  3.572500e+00 -8.800000e+00  1.602567e+00
   endloop
 endfacet
 facet normal  0.000000e+00 -1.000000e+00  0.000000e+00
   outer loop
     vertex  3.545000e+00 -8.800000e+00  1.650198e+00
     vertex  3.545000e+00 -8.800000e+00  1.595198e+00
     vertex  3.559235e+00 -8.800000e+00  1.597072e+00
   endloop
 endfacet
 facet normal -0.000000e+00 -1.000000e+00  0.000000e+00
   outer loop
     vertex  3.545000e+00 -8.800000e+00  1.650198e+00
     vertex  3.200000e+00 -8.800000e+00  1.650198e+00
     vertex  3.255000e+00 -8.800000e+00  1.595198e+00
   endloop
 endfacet
 facet normal -0.000000e+00 -1.000000e+00  0.000000e+00
   outer loop
     vertex  3.583891e+00 -8.800000e+00  1.611307e+00
     vertex  3.545000e+00 -8.800000e+00  1.650198e+00
     vertex  3.572500e+00 -8.800000e+00  1.602567e+00
   endloop
 endfacet
 facet normal -0.000000e+00 -1.000000e+00  0.000000e+00
   outer loop
     vertex  3.592631e+00 -8.800000e+00  1.622698e+00
     vertex  3.545000e+00 -8.800000e+00  1.650198e+00
     vertex  3.583891e+00 -8.800000e+00  1.611307e+00
   endloop
 endfacet
 facet normal -0.000000e+00 -1.000000e+00  0.000000e+00
   outer loop
     vertex  3.598126e+00 -8.800000e+00  1.635963e+00
     vertex  3.545000e+00 -8.800000e+00  1.650198e+00
     vertex  3.592631e+00 -8.800000e+00  1.622698e+00
   endloop
 endfacet
 facet normal -0.000000e+00 -1.000000e+00  0.000000e+00
   outer loop
     vertex  3.600000e+00 -8.800000e+00  1.650198e+00
     vertex  3.545000e+00 -8.800000e+00  1.650198e+00
     vertex  3.598126e+00 -8.800000e+00  1.635963e+00
   endloop
 endfacet
 facet normal  0.000000e+00 -1.000000e+00  0.000000e+00
   outer loop
     vertex  3.227500e+00 -8.800000e+00  2.137829e+00
     vertex  3.216109e+00 -8.800000e+00  2.129089e+00
     vertex  3.207369e+00 -8.800000e+00  2.117698e+00
   endloop
 endfacet
 facet normal  0.000000e+00 -1.000000e+00  0.000000e+00
   outer loop
     vertex  3.240765e+00 -8.800000e+00  2.143324e+00
     vertex  3.227500e+00 -8.800000e+00  2.137829e+00
     vertex  3.207369e+00 -8.800000e+00  2.117698e+00
   endloop
 endfacet
 facet normal  0.000000e+00 -1.000000e+00  0.000000e+00
   outer loop
     vertex  3.255000e+00 -8.800000e+00  2.145198e+00
     vertex  3.201874e+00 -8.800000e+00  2.104433e+00
     vertex  3.200000e+00 -8.800000e+00  2.090198e+00
   endloop
 endfacet
 facet normal  0.000000e+00 -1.000000e+00  0.000000e+00
   outer loop
     vertex  3.255000e+00 -8.800000e+00  2.145198e+00
     vertex  3.207369e+00 -8.800000e+00  2.117698e+00
     vertex  3.201874e+00 -8.800000e+00  2.104433e+00
   endloop
 endfacet
 facet normal  0.000000e+00 -1.000000e+00  0.000000e+00
   outer loop
     vertex  3.255000e+00 -8.800000e+00  2.145198e+00
     vertex  3.240765e+00 -8.800000e+00  2.143324e+00
     vertex  3.207369e+00 -8.800000e+00  2.117698e+00
   endloop
 endfacet
 facet normal  0.000000e+00 -1.000000e+00  0.000000e+00
   outer loop
     vertex  3.545000e+00 -8.800000e+00  2.090198e+00
     vertex  3.255000e+00 -8.800000e+00  2.145198e+00
     vertex  3.200000e+00 -8.800000e+00  2.090198e+00
   endloop
 endfacet
 facet normal -0.000000e+00 -1.000000e+00 -0.000000e+00
   outer loop
     vertex  3.545000e+00 -8.800000e+00  2.145198e+00
     vertex  3.255000e+00 -8.800000e+00  2.145198e+00
     vertex  3.545000e+00 -8.800000e+00  2.090198e+00
   endloop
 endfacet
 facet normal -0.000000e+00 -1.000000e+00  0.000000e+00
   outer loop
     vertex  3.600000e+00 -8.800000e+00  2.090198e+00
     vertex  3.545000e+00 -8.800000e+00  2.090198e+00
     vertex  3.545000e+00 -8.800000e+00  1.650198e+00
   endloop
 endfacet
 facet normal  0.000000e+00 -1.000000e+00 -0.000000e+00
   outer loop
     vertex  3.600000e+00 -8.800000e+00  2.090198e+00
     vertex  3.545000e+00 -8.800000e+00  1.650198e+00
     vertex  3.600000e+00 -8.800000e+00  1.650198e+00
   endloop
 endfacet
 facet normal  0.000000e+00 -1.000000e+00 -0.000000e+00
   outer loop
     vertex  3.598126e+00 -8.800000e+00  2.104433e+00
     vertex  3.545000e+00 -8.800000e+00  2.090198e+00
     vertex  3.600000e+00 -8.800000e+00  2.090198e+00
   endloop
 endfacet
 facet normal -0.000000e+00 -1.000000e+00  0.000000e+00
   outer loop
     vertex  3.559235e+00 -8.800000e+00  2.143324e+00
     vertex  3.545000e+00 -8.800000e+00  2.145198e+00
     vertex  3.545000e+00 -8.800000e+00  2.090198e+00
   endloop
 endfacet
 facet normal  0.000000e+00 -1.000000e+00 -0.000000e+00
   outer loop
     vertex  3.592631e+00 -8.800000e+00  2.117698e+00
     vertex  3.545000e+00 -8.800000e+00  2.090198e+00
     vertex  3.598126e+00 -8.800000e+00  2.104433e+00
   endloop
 endfacet
 facet normal -0.000000e+00 -1.000000e+00  0.000000e+00
   outer loop
     vertex  3.572500e+00 -8.800000e+00  2.137829e+00
     vertex  3.559235e+00 -8.800000e+00  2.143324e+00
     vertex  3.545000e+00 -8.800000e+00  2.090198e+00
   endloop
 endfacet
 facet normal  0.000000e+00 -1.000000e+00 -0.000000e+00
   outer loop
     vertex  3.583891e+00 -8.800000e+00  2.129089e+00
     vertex  3.545000e+00 -8.800000e+00  2.090198e+00
     vertex  3.592631e+00 -8.800000e+00  2.117698e+00
   endloop
 endfacet
 facet normal -0.000000e+00 -1.000000e+00  0.000000e+00
   outer loop
     vertex  3.583891e+00 -8.800000e+00  2.129089e+00
     vertex  3.572500e+00 -8.800000e+00  2.137829e+00
     vertex  3.545000e+00 -8.800000e+00  2.090198e+00
   endloop
 endfacet
 facet normal  0.000000e+00 -1.000000e+00 -0.000000e+00
   outer loop
     vertex  3.200000e+00 -8.800000e+00  2.145198e+00
     vertex  8.000000e-01 -8.800000e+00  2.090198e+00
     vertex  3.200000e+00 -8.800000e+00  2.090198e+00
   endloop
 endfacet
 facet normal -0.000000e+00 -1.000000e+00  0.000000e+00
   outer loop
     vertex  3.200000e+00 -8.800000e+00  2.145198e+00
     vertex  8.000000e-01 -8.800000e+00  2.145198e+00
     vertex  8.000000e-01 -8.800000e+00  2.090198e+00
   endloop
 endfacet
 facet normal -1.000000e+00  0.000000e+00  0.000000e+00
   outer loop
     vertex  8.000000e-01 -8.800000e+00  2.145198e+00
     vertex  8.000000e-01 -7.200000e+00  2.090198e+00
     vertex  8.000000e-01 -8.800000e+00  2.090198e+00
   endloop
 endfacet
 facet normal -1.000000e+00  0.000000e+00  0.000000e+00
   outer loop
     vertex  8.000000e-01 -8.800000e+00  2.145198e+00
     vertex  8.000000e-01 -7.200000e+00  2.145198e+00
     vertex  8.000000e-01 -7.200000e+00  2.090198e+00
   endloop
 endfacet
 facet normal  0.000000e+00  1.000000e+00  0.000000e+00
   outer loop
     vertex  3.200000e+00 -7.200000e+00  1.650198e+00
     vertex  3.207369e+00 -7.200000e+00  1.622698e+00
     vertex  3.201874e+00 -7.200000e+00  1.635963e+00
   endloop
 endfacet
 facet normal  0.000000e+00  1.000000e+00  0.000000e+00
   outer loop
     vertex  3.200000e+00 -7.200000e+00  1.650198e+00
     vertex  3.216109e+00 -7.200000e+00  1.611307e+00
     vertex  3.207369e+00 -7.200000e+00  1.622698e+00
   endloop
 endfacet
 facet normal  0.000000e+00  1.000000e+00  0.000000e+00
   outer loop
     vertex  3.200000e+00 -7.200000e+00  1.650198e+00
     vertex  3.227500e+00 -7.200000e+00  1.602567e+00
     vertex  3.216109e+00 -7.200000e+00  1.611307e+00
   endloop
 endfacet
 facet normal  0.000000e+00  1.000000e+00  0.000000e+00
   outer loop
     vertex  3.200000e+00 -7.200000e+00  1.650198e+00
     vertex  3.240765e+00 -7.200000e+00  1.597072e+00
     vertex  3.227500e+00 -7.200000e+00  1.602567e+00
   endloop
 endfacet
 facet normal  0.000000e+00  1.000000e+00  0.000000e+00
   outer loop
     vertex  3.200000e+00 -7.200000e+00  1.650198e+00
     vertex  3.255000e+00 -7.200000e+00  1.595198e+00
     vertex  3.240765e+00 -7.200000e+00  1.597072e+00
   endloop
 endfacet
 facet normal  0.000000e+00  1.000000e+00  0.000000e+00
   outer loop
     vertex  3.545000e+00 -7.200000e+00  1.650198e+00
     vertex  3.545000e+00 -7.200000e+00  1.595198e+00
     vertex  3.255000e+00 -7.200000e+00  1.595198e+00
   endloop
 endfacet
 facet normal  0.000000e+00  1.000000e+00  0.000000e+00
   outer loop
     vertex  3.545000e+00 -7.200000e+00  1.650198e+00
     vertex  3.572500e+00 -7.200000e+00  1.602567e+00
     vertex  3.559235e+00 -7.200000e+00  1.597072e+00
   endloop
 endfacet
 facet normal  0.000000e+00  1.000000e+00  0.000000e+00
   outer loop
     vertex  3.545000e+00 -7.200000e+00  1.650198e+00
     vertex  3.559235e+00 -7.200000e+00  1.597072e+00
     vertex  3.545000e+00 -7.200000e+00  1.595198e+00
   endloop
 endfacet
 facet normal  0.000000e+00  1.000000e+00  0.000000e+00
   outer loop
     vertex  3.545000e+00 -7.200000e+00  1.650198e+00
     vertex  3.255000e+00 -7.200000e+00  1.595198e+00
     vertex  3.200000e+00 -7.200000e+00  1.650198e+00
   endloop
 endfacet
 facet normal  0.000000e+00  1.000000e+00  0.000000e+00
   outer loop
     vertex  3.583891e+00 -7.200000e+00  1.611307e+00
     vertex  3.572500e+00 -7.200000e+00  1.602567e+00
     vertex  3.545000e+00 -7.200000e+00  1.650198e+00
   endloop
 endfacet
 facet normal  0.000000e+00  1.000000e+00  0.000000e+00
   outer loop
     vertex  3.592631e+00 -7.200000e+00  1.622698e+00
     vertex  3.583891e+00 -7.200000e+00  1.611307e+00
     vertex  3.545000e+00 -7.200000e+00  1.650198e+00
   endloop
 endfacet
 facet normal  0.000000e+00  1.000000e+00  0.000000e+00
   outer loop
     vertex  3.598126e+00 -7.200000e+00  1.635963e+00
     vertex  3.592631e+00 -7.200000e+00  1.622698e+00
     vertex  3.545000e+00 -7.200000e+00  1.650198e+00
   endloop
 endfacet
 facet normal  0.000000e+00  1.000000e+00  0.000000e+00
   outer loop
     vertex  3.600000e+00 -7.200000e+00  1.650198e+00
     vertex  3.598126e+00 -7.200000e+00  1.635963e+00
     vertex  3.545000e+00 -7.200000e+00  1.650198e+00
   endloop
 endfacet
 facet normal  0.000000e+00  1.000000e+00  0.000000e+00
   outer loop
     vertex  3.227500e+00 -7.200000e+00  2.137829e+00
     vertex  3.207369e+00 -7.200000e+00  2.117698e+00
     vertex  3.216109e+00 -7.200000e+00  2.129089e+00
   endloop
 endfacet
 facet normal  0.000000e+00  1.000000e+00  0.000000e+00
   outer loop
     vertex  3.240765e+00 -7.200000e+00  2.143324e+00
     vertex  3.207369e+00 -7.200000e+00  2.117698e+00
     vertex  3.227500e+00 -7.200000e+00  2.137829e+00
   endloop
 endfacet
 facet normal  0.000000e+00  1.000000e+00  0.000000e+00
   outer loop
     vertex  3.255000e+00 -7.200000e+00  2.145198e+00
     vertex  3.200000e+00 -7.200000e+00  2.090198e+00
     vertex  3.201874e+00 -7.200000e+00  2.104433e+00
   endloop
 endfacet
 facet normal  0.000000e+00  1.000000e+00  0.000000e+00
   outer loop
     vertex  3.255000e+00 -7.200000e+00  2.145198e+00
     vertex  3.201874e+00 -7.200000e+00  2.104433e+00
     vertex  3.207369e+00 -7.200000e+00  2.117698e+00
   endloop
 endfacet
 facet normal  0.000000e+00  1.000000e+00  0.000000e+00
   outer loop
     vertex  3.255000e+00 -7.200000e+00  2.145198e+00
     vertex  3.207369e+00 -7.200000e+00  2.117698e+00
     vertex  3.240765e+00 -7.200000e+00  2.143324e+00
   endloop
 endfacet
 facet normal  0.000000e+00  1.000000e+00  0.000000e+00
   outer loop
     vertex  3.545000e+00 -7.200000e+00  2.090198e+00
     vertex  3.200000e+00 -7.200000e+00  2.090198e+00
     vertex  3.255000e+00 -7.200000e+00  2.145198e+00
   endloop
 endfacet
 facet normal  0.000000e+00  1.000000e+00  0.000000e+00
   outer loop
     vertex  3.545000e+00 -7.200000e+00  2.145198e+00
     vertex  3.545000e+00 -7.200000e+00  2.090198e+00
     vertex  3.255000e+00 -7.200000e+00  2.145198e+00
   endloop
 endfacet
 facet normal  0.000000e+00  1.000000e+00  0.000000e+00
   outer loop
     vertex  3.600000e+00 -7.200000e+00  2.090198e+00
     vertex  3.545000e+00 -7.200000e+00  1.650198e+00
     vertex  3.545000e+00 -7.200000e+00  2.090198e+00
   endloop
 endfacet
 facet normal  0.000000e+00  1.000000e+00  0.000000e+00
   outer loop
     vertex  3.600000e+00 -7.200000e+00  2.090198e+00
     vertex  3.600000e+00 -7.200000e+00  1.650198e+00
     vertex  3.545000e+00 -7.200000e+00  1.650198e+00
   endloop
 endfacet
 facet normal  0.000000e+00  1.000000e+00  0.000000e+00
   outer loop
     vertex  3.598126e+00 -7.200000e+00  2.104433e+00
     vertex  3.600000e+00 -7.200000e+00  2.090198e+00
     vertex  3.545000e+00 -7.200000e+00  2.090198e+00
   endloop
 endfacet
 facet normal  0.000000e+00  1.000000e+00  0.000000e+00
   outer loop
     vertex  3.559235e+00 -7.200000e+00  2.143324e+00
     vertex  3.545000e+00 -7.200000e+00  2.090198e+00
     vertex  3.545000e+00 -7.200000e+00  2.145198e+00
   endloop
 endfacet
 facet normal  0.000000e+00  1.000000e+00  0.000000e+00
   outer loop
     vertex  3.592631e+00 -7.200000e+00  2.117698e+00
     vertex  3.598126e+00 -7.200000e+00  2.104433e+00
     vertex  3.545000e+00 -7.200000e+00  2.090198e+00
   endloop
 endfacet
 facet normal  0.000000e+00  1.000000e+00  0.000000e+00
   outer loop
     vertex  3.572500e+00 -7.200000e+00  2.137829e+00
     vertex  3.545000e+00 -7.200000e+00  2.090198e+00
     vertex  3.559235e+00 -7.200000e+00  2.143324e+00
   endloop
 endfacet
 facet normal  0.000000e+00  1.000000e+00  0.000000e+00
   outer loop
     vertex  3.583891e+00 -7.200000e+00  2.129089e+00
     vertex  3.592631e+00 -7.200000e+00  2.117698e+00
     vertex  3.545000e+00 -7.200000e+00  2.090198e+00
   endloop
 endfacet
 facet normal  0.000000e+00  1.000000e+00  0.000000e+00
   outer loop
     vertex  3.583891e+00 -7.200000e+00  2.129089e+00
     vertex  3.545000e+00 -7.200000e+00  2.090198e+00
     vertex  3.572500e+00 -7.200000e+00  2.137829e+00
   endloop
 endfacet
 facet normal  0.000000e+00  1.000000e+00  0.000000e+00
   outer loop
     vertex  3.200000e+00 -7.200000e+00  2.145198e+00
     vertex  3.200000e+00 -7.200000e+00  2.090198e+00
     vertex  8.000000e-01 -7.200000e+00  2.090198e+00
   endloop
 endfacet
 facet normal  0.000000e+00  1.000000e+00  0.000000e+00
   outer loop
     vertex  3.200000e+00 -7.200000e+00  2.145198e+00
     vertex  8.000000e-01 -7.200000e+00  2.090198e+00
     vertex  8.000000e-01 -7.200000e+00  2.145198e+00
   endloop
 endfacet
 facet normal -1.305262e-01  0.000000e+00 -9.914449e-01
   outer loop
     vertex  3.240765e+00 -7.200000e+00  1.597072e+00
     vertex  3.255000e+00 -7.200000e+00  1.595198e+00
     vertex  3.255000e+00 -8.800000e+00  1.595198e+00
   endloop
 endfacet
 facet normal -1.305262e-01 -0.000000e+00 -9.914449e-01
   outer loop
     vertex  3.240765e+00 -7.200000e+00  1.597072e+00
     vertex  3.255000e+00 -8.800000e+00  1.595198e+00
     vertex  3.240765e+00 -8.800000e+00  1.597072e+00
   endloop
 endfacet
 facet normal -3.826834e-01 -0.000000e+00 -9.238795e-01
   outer loop
     vertex  3.227500e+00 -7.200000e+00  1.602567e+00
     vertex  3.240765e+00 -8.800000e+00  1.597072e+00
     vertex  3.227500e+00 -8.800000e+00  1.602567e+00
   endloop
 endfacet
 facet normal -3.826834e-01  0.000000e+00 -9.238795e-01
   outer loop
     vertex  3.227500e+00 -7.200000e+00  1.602567e+00
     vertex  3.240765e+00 -7.200000e+00  1.597072e+00
     vertex  3.240765e+00 -8.800000e+00  1.597072e+00
   endloop
 endfacet
 facet normal -6.087614e-01 -0.000000e+00 -7.933533e-01
   outer loop
     vertex  3.216109e+00 -7.200000e+00  1.611307e+00
     vertex  3.227500e+00 -8.800000e+00  1.602567e+00
     vertex  3.216109e+00 -8.800000e+00  1.611307e+00
   endloop
 endfacet
 facet normal -6.087614e-01  0.000000e+00 -7.933533e-01
   outer loop
     vertex  3.216109e+00 -7.200000e+00  1.611307e+00
     vertex  3.227500e+00 -7.200000e+00  1.602567e+00
     vertex  3.227500e+00 -8.800000e+00  1.602567e+00
   endloop
 endfacet
 facet normal -7.933533e-01 -0.000000e+00 -6.087614e-01
   outer loop
     vertex  3.207369e+00 -7.200000e+00  1.622698e+00
     vertex  3.216109e+00 -8.800000e+00  1.611307e+00
     vertex  3.207369e+00 -8.800000e+00  1.622698e+00
   endloop
 endfacet
 facet normal -7.933533e-01  0.000000e+00 -6.087614e-01
   outer loop
     vertex  3.207369e+00 -7.200000e+00  1.622698e+00
     vertex  3.216109e+00 -7.200000e+00  1.611307e+00
     vertex  3.216109e+00 -8.800000e+00  1.611307e+00
   endloop
 endfacet
 facet normal -9.238795e-01 -0.000000e+00 -3.826834e-01
   outer loop
     vertex  3.201874e+00 -7.200000e+00  1.635963e+00
     vertex  3.207369e+00 -8.800000e+00  1.622698e+00
     vertex  3.201874e+00 -8.800000e+00  1.635963e+00
   endloop
 endfacet
 facet normal -9.238795e-01  0.000000e+00 -3.826834e-01
   outer loop
     vertex  3.201874e+00 -7.200000e+00  1.635963e+00
     vertex  3.207369e+00 -7.200000e+00  1.622698e+00
     vertex  3.207369e+00 -8.800000e+00  1.622698e+00
   endloop
 endfacet
 facet normal -9.914449e-01 -0.000000e+00 -1.305262e-01
   outer loop
     vertex  3.200000e+00 -7.200000e+00  1.650198e+00
     vertex  3.201874e+00 -8.800000e+00  1.635963e+00
     vertex  3.200000e+00 -8.800000e+00  1.650198e+00
   endloop
 endfacet
 facet normal -9.914449e-01  0.000000e+00 -1.305262e-01
   outer loop
     vertex  3.200000e+00 -7.200000e+00  1.650198e+00
     vertex  3.201874e+00 -7.200000e+00  1.635963e+00
     vertex  3.201874e+00 -8.800000e+00  1.635963e+00
   endloop
 endfacet
 facet normal -0.000000e+00  0.000000e+00 -1.000000e+00
   outer loop
     vertex  3.545000e+00 -7.200000e+00  1.595198e+00
     vertex  3.255000e+00 -8.800000e+00  1.595198e+00
     vertex  3.255000e+00 -7.200000e+00  1.595198e+00
   endloop
 endfacet
 facet normal  0.000000e+00 -0.000000e+00 -1.000000e+00
   outer loop
     vertex  3.545000e+00 -7.200000e+00  1.595198e+00
     vertex  3.545000e+00 -8.800000e+00  1.595198e+00
     vertex  3.255000e+00 -8.800000e+00  1.595198e+00
   endloop
 endfacet
 facet normal  9.914449e-01  0.000000e+00 -1.305262e-01
   outer loop
     vertex  3.598126e+00 -7.200000e+00  1.635963e+00
     vertex  3.600000e+00 -8.800000e+00  1.650198e+00
     vertex  3.598126e+00 -8.800000e+00  1.635963e+00
   endloop
 endfacet
 facet normal  9.914449e-01  0.000000e+00 -1.305262e-01
   outer loop
     vertex  3.598126e+00 -7.200000e+00  1.635963e+00
     vertex  3.600000e+00 -7.200000e+00  1.650198e+00
     vertex  3.600000e+00 -8.800000e+00  1.650198e+00
   endloop
 endfacet
 facet normal  9.238795e-01  0.000000e+00 -3.826834e-01
   outer loop
     vertex  3.592631e+00 -7.200000e+00  1.622698e+00
     vertex  3.598126e+00 -8.800000e+00  1.635963e+00
     vertex  3.592631e+00 -8.800000e+00  1.622698e+00
   endloop
 endfacet
 facet normal  9.238795e-01  0.000000e+00 -3.826834e-01
   outer loop
     vertex  3.592631e+00 -7.200000e+00  1.622698e+00
     vertex  3.598126e+00 -7.200000e+00  1.635963e+00
     vertex  3.598126e+00 -8.800000e+00  1.635963e+00
   endloop
 endfacet
 facet normal  7.933533e-01  0.000000e+00 -6.087614e-01
   outer loop
     vertex  3.583891e+00 -7.200000e+00  1.611307e+00
     vertex  3.592631e+00 -8.800000e+00  1.622698e+00
     vertex  3.583891e+00 -8.800000e+00  1.611307e+00
   endloop
 endfacet
 facet normal  7.933533e-01  0.000000e+00 -6.087614e-01
   outer loop
     vertex  3.583891e+00 -7.200000e+00  1.611307e+00
     vertex  3.592631e+00 -7.200000e+00  1.622698e+00
     vertex  3.592631e+00 -8.800000e+00  1.622698e+00
   endloop
 endfacet
 facet normal  6.087614e-01  0.000000e+00 -7.933533e-01
   outer loop
     vertex  3.572500e+00 -7.200000e+00  1.602567e+00
     vertex  3.583891e+00 -8.800000e+00  1.611307e+00
     vertex  3.572500e+00 -8.800000e+00  1.602567e+00
   endloop
 endfacet
 facet normal  6.087614e-01  0.000000e+00 -7.933533e-01
   outer loop
     vertex  3.572500e+00 -7.200000e+00  1.602567e+00
     vertex  3.583891e+00 -7.200000e+00  1.611307e+00
     vertex  3.583891e+00 -8.800000e+00  1.611307e+00
   endloop
 endfacet
 facet normal  3.826834e-01  0.000000e+00 -9.238795e-01
   outer loop
     vertex  3.559235e+00 -7.200000e+00  1.597072e+00
     vertex  3.572500e+00 -8.800000e+00  1.602567e+00
     vertex  3.559235e+00 -8.800000e+00  1.597072e+00
   endloop
 endfacet
 facet normal  3.826834e-01  0.000000e+00 -9.238795e-01
   outer loop
     vertex  3.559235e+00 -7.200000e+00  1.597072e+00
     vertex  3.572500e+00 -7.200000e+00  1.602567e+00
     vertex  3.572500e+00 -8.800000e+00  1.602567e+00
   endloop
 endfacet
 facet normal  1.305262e-01  0.000000e+00 -9.914449e-01
   outer loop
     vertex  3.545000e+00 -7.200000e+00  1.595198e+00
     vertex  3.559235e+00 -8.800000e+00  1.597072e+00
     vertex  3.545000e+00 -8.800000e+00  1.595198e+00
   endloop
 endfacet
 facet normal  1.305262e-01  0.000000e+00 -9.914449e-01
   outer loop
     vertex  3.545000e+00 -7.200000e+00  1.595198e+00
     vertex  3.559235e+00 -7.200000e+00  1.597072e+00
     vertex  3.559235e+00 -8.800000e+00  1.597072e+00
   endloop
 endfacet
 facet normal  1.000000e+00  0.000000e+00  0.000000e+00
   outer loop
     vertex  3.600000e+00 -8.800000e+00  2.090198e+00
     vertex  3.600000e+00 -8.800000e+00  1.650198e+00
     vertex  3.600000e+00 -7.200000e+00  1.650198e+00
   endloop
 endfacet
 facet normal  1.000000e+00 -0.000000e+00  0.000000e+00
   outer loop
     vertex  3.600000e+00 -8.800000e+00  2.090198e+00
     vertex  3.600000e+00 -7.200000e+00  1.650198e+00
     vertex  3.600000e+00 -7.200000e+00  2.090198e+00
   endloop
 endfacet
 facet normal  1.305262e-01  0.000000e+00  9.914449e-01
   outer loop
     vertex  3.559235e+00 -7.200000e+00  2.143324e+00
     vertex  3.545000e+00 -7.200000e+00  2.145198e+00
     vertex  3.545000e+00 -8.800000e+00  2.145198e+00
   endloop
 endfacet
 facet normal  1.305262e-01  0.000000e+00  9.914449e-01
   outer loop
     vertex  3.559235e+00 -7.200000e+00  2.143324e+00
     vertex  3.545000e+00 -8.800000e+00  2.145198e+00
     vertex  3.559235e+00 -8.800000e+00  2.143324e+00
   endloop
 endfacet
 facet normal  3.826834e-01  0.000000e+00  9.238795e-01
   outer loop
     vertex  3.572500e+00 -7.200000e+00  2.137829e+00
     vertex  3.559235e+00 -8.800000e+00  2.143324e+00
     vertex  3.572500e+00 -8.800000e+00  2.137829e+00
   endloop
 endfacet
 facet normal  3.826834e-01  0.000000e+00  9.238795e-01
   outer loop
     vertex  3.572500e+00 -7.200000e+00  2.137829e+00
     vertex  3.559235e+00 -7.200000e+00  2.143324e+00
     vertex  3.559235e+00 -8.800000e+00  2.143324e+00
   endloop
 endfacet
 facet normal  6.087614e-01  0.000000e+00  7.933533e-01
   outer loop
     vertex  3.583891e+00 -7.200000e+00  2.129089e+00
     vertex  3.572500e+00 -8.800000e+00  2.137829e+00
     vertex  3.583891e+00 -8.800000e+00  2.129089e+00
   endloop
 endfacet
 facet normal  6.087614e-01  0.000000e+00  7.933533e-01
   outer loop
     vertex  3.583891e+00 -7.200000e+00  2.129089e+00
     vertex  3.572500e+00 -7.200000e+00  2.137829e+00
     vertex  3.572500e+00 -8.800000e+00  2.137829e+00
   endloop
 endfacet
 facet normal  7.933533e-01  0.000000e+00  6.087614e-01
   outer loop
     vertex  3.592631e+00 -7.200000e+00  2.117698e+00
     vertex  3.583891e+00 -8.800000e+00  2.129089e+00
     vertex  3.592631e+00 -8.800000e+00  2.117698e+00
   endloop
 endfacet
 facet normal  7.933533e-01  0.000000e+00  6.087614e-01
   outer loop
     vertex  3.592631e+00 -7.200000e+00  2.117698e+00
     vertex  3.583891e+00 -7.200000e+00  2.129089e+00
     vertex  3.583891e+00 -8.800000e+00  2.129089e+00
   endloop
 endfacet
 facet normal  9.238795e-01  0.000000e+00  3.826834e-01
   outer loop
     vertex  3.598126e+00 -7.200000e+00  2.104433e+00
     vertex  3.592631e+00 -8.800000e+00  2.117698e+00
     vertex  3.598126e+00 -8.800000e+00  2.104433e+00
   endloop
 endfacet
 facet normal  9.238795e-01  0.000000e+00  3.826834e-01
   outer loop
     vertex  3.598126e+00 -7.200000e+00  2.104433e+00
     vertex  3.592631e+00 -7.200000e+00  2.117698e+00
     vertex  3.592631e+00 -8.800000e+00  2.117698e+00
   endloop
 endfacet
 facet normal  9.914449e-01  0.000000e+00  1.305262e-01
   outer loop
     vertex  3.600000e+00 -7.200000e+00  2.090198e+00
     vertex  3.598126e+00 -8.800000e+00  2.104433e+00
     vertex  3.600000e+00 -8.800000e+00  2.090198e+00
   endloop
 endfacet
 facet normal  9.914449e-01  0.000000e+00  1.305262e-01
   outer loop
     vertex  3.600000e+00 -7.200000e+00  2.090198e+00
     vertex  3.598126e+00 -7.200000e+00  2.104433e+00
     vertex  3.598126e+00 -8.800000e+00  2.104433e+00
   endloop
 endfacet
 facet normal  0.000000e+00  0.000000e+00  1.000000e+00
   outer loop
     vertex  3.545000e+00 -7.200000e+00  2.145198e+00
     vertex  3.255000e+00 -7.200000e+00  2.145198e+00
     vertex  3.255000e+00 -8.800000e+00  2.145198e+00
   endloop
 endfacet
 facet normal  0.000000e+00  0.000000e+00  1.000000e+00
   outer loop
     vertex  3.545000e+00 -7.200000e+00  2.145198e+00
     vertex  3.255000e+00 -8.800000e+00  2.145198e+00
     vertex  3.545000e+00 -8.800000e+00  2.145198e+00
   endloop
 endfacet
 facet normal -9.914449e-01  0.000000e+00  1.305262e-01
   outer loop
     vertex  3.201874e+00 -7.200000e+00  2.104433e+00
     vertex  3.200000e+00 -8.800000e+00  2.090198e+00
     vertex  3.201874e+00 -8.800000e+00  2.104433e+00
   endloop
 endfacet
 facet normal -9.914449e-01  0.000000e+00  1.305262e-01
   outer loop
     vertex  3.201874e+00 -7.200000e+00  2.104433e+00
     vertex  3.200000e+00 -7.200000e+00  2.090198e+00
     vertex  3.200000e+00 -8.800000e+00  2.090198e+00
   endloop
 endfacet
 facet normal -9.238795e-01  0.000000e+00  3.826834e-01
   outer loop
     vertex  3.207369e+00 -7.200000e+00  2.117698e+00
     vertex  3.201874e+00 -8.800000e+00  2.104433e+00
     vertex  3.207369e+00 -8.800000e+00  2.117698e+00
   endloop
 endfacet
 facet normal -9.238795e-01  0.000000e+00  3.826834e-01
   outer loop
     vertex  3.207369e+00 -7.200000e+00  2.117698e+00
     vertex  3.201874e+00 -7.200000e+00  2.104433e+00
     vertex  3.201874e+00 -8.800000e+00  2.104433e+00
   endloop
 endfacet
 facet normal -7.933533e-01  0.000000e+00  6.087614e-01
   outer loop
     vertex  3.216109e+00 -7.200000e+00  2.129089e+00
     vertex  3.207369e+00 -8.800000e+00  2.117698e+00
     vertex  3.216109e+00 -8.800000e+00  2.129089e+00
   endloop
 endfacet
 facet normal -7.933533e-01  0.000000e+00  6.087614e-01
   outer loop
     vertex  3.216109e+00 -7.200000e+00  2.129089e+00
     vertex  3.207369e+00 -7.200000e+00  2.117698e+00
     vertex  3.207369e+00 -8.800000e+00  2.117698e+00
   endloop
 endfacet
 facet normal -6.087614e-01  0.000000e+00  7.933533e-01
   outer loop
     vertex  3.227500e+00 -7.200000e+00  2.137829e+00
     vertex  3.216109e+00 -8.800000e+00  2.129089e+00
     vertex  3.227500e+00 -8.800000e+00  2.137829e+00
   endloop
 endfacet
 facet normal -6.087614e-01  0.000000e+00  7.933533e-01
   outer loop
     vertex  3.227500e+00 -7.200000e+00  2.137829e+00
     vertex  3.216109e+00 -7.200000e+00  2.129089e+00
     vertex  3.216109e+00 -8.800000e+00  2.129089e+00
   endloop
 endfacet
 facet normal -3.826834e-01  0.000000e+00  9.238795e-01
   outer loop
     vertex  3.240765e+00 -7.200000e+00  2.143324e+00
     vertex  3.227500e+00 -8.800000e+00  2.137829e+00
     vertex  3.240765e+00 -8.800000e+00  2.143324e+00
   endloop
 endfacet
 facet normal -3.826834e-01  0.000000e+00  9.238795e-01
   outer loop
     vertex  3.240765e+00 -7.200000e+00  2.143324e+00
     vertex  3.227500e+00 -7.200000e+00  2.137829e+00
     vertex  3.227500e+00 -8.800000e+00  2.137829e+00
   endloop
 endfacet
 facet normal -1.305262e-01  0.000000e+00  9.914449e-01
   outer loop
     vertex  3.255000e+00 -7.200000e+00  2.145198e+00
     vertex  3.240765e+00 -8.800000e+00  2.143324e+00
     vertex  3.255000e+00 -8.800000e+00  2.145198e+00
   endloop
 endfacet
 facet normal -1.305262e-01  0.000000e+00  9.914449e-01
   outer loop
     vertex  3.255000e+00 -7.200000e+00  2.145198e+00
     vertex  3.240765e+00 -7.200000e+00  2.143324e+00
     vertex  3.240765e+00 -8.800000e+00  2.143324e+00
   endloop
 endfacet
 facet normal  1.000000e+00  0.000000e+00  0.000000e+00
   outer loop
     vertex  3.200000e+00 -8.800000e+00  2.145198e+00
     vertex  3.200000e+00 -8.800000e+00  2.090198e+00
     vertex  3.200000e+00 -7.200000e+00  2.090198e+00
   endloop
 endfacet
 facet normal  1.000000e+00 -0.000000e+00  0.000000e+00
   outer loop
     vertex  3.200000e+00 -8.800000e+00  2.145198e+00
     vertex  3.200000e+00 -7.200000e+00  2.090198e+00
     vertex  3.200000e+00 -7.200000e+00  2.145198e+00
   endloop
 endfacet
 facet normal  0.000000e+00  0.000000e+00  1.000000e+00
   outer loop
     vertex  3.200000e+00 -7.200000e+00  2.145198e+00
     vertex  8.000000e-01 -7.200000e+00  2.145198e+00
     vertex  8.000000e-01 -8.800000e+00  2.145198e+00
   endloop
 endfacet
 facet normal  0.000000e+00  0.000000e+00  1.000000e+00
   outer loop
     vertex  3.200000e+00 -7.200000e+00  2.145198e+00
     vertex  8.000000e-01 -8.800000e+00  2.145198e+00
     vertex  3.200000e+00 -8.800000e+00  2.145198e+00
   endloop
 endfacet
 facet normal  0.000000e+00 -1.000000e+00  0.000000e+00
   outer loop
     vertex -1.100000e+01 -1.100000e+01  0.000000e+00
     vertex  1.100000e+01 -1.100000e+01  0.000000e+00
     vertex  1.100000e+01 -1.100000e+01  1.510198e+00
   endloop
 endfacet
 facet normal  0.000000e+00 -1.000000e+00  0.000000e+00
   outer loop
     vertex -1.100000e+01 -1.100000e+01  0.000000e+00
     vertex  1.100000e+01 -1.100000e+01  1.510198e+00
     vertex -1.100000e+01 -1.100000e+01  1.510198e+00
   endloop
 endfacet
 facet normal  1.000000e+00  0.000000e+00  0.000000e+00
   outer loop
     vertex  1.100000e+01 -1.100000e+01  0.000000e+00
     vertex  1.100000e+01  1.100000e+01  0.000000e+00
     vertex  1.100000e+01  1.100000e+01  1.510198e+00
   endloop
 endfacet
 facet normal  1.000000e+00  0.000000e+00  0.000000e+00
   outer loop
     vertex  1.100000e+01 -1.100000e+01  0.000000e+00
     vertex  1.100000e+01  1.100000e+01  1.510198e+00
     vertex  1.100000e+01 -1.100000e+01  1.510198e+00
   endloop
 endfacet
 facet normal -1.000000e+00  0.000000e+00  0.000000e+00
   outer loop
     vertex -1.100000e+01  1.100000e+01  0.000000e+00
     vertex -1.100000e+01 -1.100000e+01  0.000000e+00
     vertex -1.100000e+01 -1.100000e+01  1.510198e+00
   endloop
 endfacet
 facet normal -1.000000e+00  0.000000e+00  0.000000e+00
   outer loop
     vertex -1.100000e+01  1.100000e+01  0.000000e+00
     vertex -1.100000e+01 -1.100000e+01  1.510198e+00
     vertex -1.100000e+01  1.100000e+01  1.510198e+00
   endloop
 endfacet
 facet normal  0.000000e+00 -0.000000e+00 -1.000000e+00
   outer loop
     vertex -9.385641e+00 -8.800000e+00  0.000000e+00
     vertex -9.131371e+00 -9.131371e+00  0.000000e+00
     vertex -1.100000e+01 -1.100000e+01  0.000000e+00
   endloop
 endfacet
 facet normal -0.000000e+00  0.000000e+00 -1.000000e+00
   outer loop
     vertex -8.800000e+00 -9.385641e+00  0.000000e+00
     vertex -1.100000e+01 -1.100000e+01  0.000000e+00
     vertex -9.131371e+00 -9.131371e+00  0.000000e+00
   endloop
 endfacet
 facet normal  0.000000e+00 -0.000000e+00 -1.000000e+00
   outer loop
     vertex -9.545481e+00 -8.414110e+00  0.000000e+00
     vertex -9.385641e+00 -8.800000e+00  0.000000e+00
     vertex -1.100000e+01 -1.100000e+01  0.000000e+00
   endloop
 endfacet
 facet normal -0.000000e+00  0.000000e+00 -1.000000e+00
   outer loop
     vertex -8.414110e+00 -9.545481e+00  0.000000e+00
     vertex -1.100000e+01 -1.100000e+01  0.000000e+00
     vertex -8.800000e+00 -9.385641e+00  0.000000e+00
   endloop
 endfacet
 facet normal -0.000000e+00  0.000000e+00 -1.000000e+00
   outer loop
     vertex -8.000000e+00 -9.600000e+00  0.000000e+00
     vertex -1.100000e+01 -1.100000e+01  0.000000e+00
     vertex -8.414110e+00 -9.545481e+00  0.000000e+00
   endloop
 endfacet
 facet normal  0.000000e+00 -0.000000e+00 -1.000000e+00
   outer loop
     vertex -9.600000e+00 -8.000000e+00  0.000000e+00
     vertex -9.545481e+00 -8.414110e+00  0.000000e+00
     vertex -1.100000e+01 -1.100000e+01  0.000000e+00
   endloop
 endfacet
 facet normal  0.000000e+00  0.000000e+00 -1.000000e+00
   outer loop
     vertex -9.545481e+00 -7.585890e+00  0.000000e+00
     vertex -9.600000e+00 -8.000000e+00  0.000000e+00
     vertex -1.100000e+01 -1.100000e+01  0.000000e+00
   endloop
 endfacet
 facet normal  0.000000e+00  0.000000e+00 -1.000000e+00
   outer loop
     vertex -7.585890e+00 -9.545481e+00  0.000000e+00
     vertex -1.100000e+01 -1.100000e+01  0.000000e+00
     vertex -8.000000e+00 -9.600000e+00  0.000000e+00
   endloop
 endfacet
 facet normal  0.000000e+00 -0.000000e+00 -1.000000e+00
   outer loop
     vertex -8.853553e+00 -2.933553e+00  0.000000e+00
     vertex -8.800000e+00 -6.614359e+00  0.000000e+00
     vertex -9.131371e+00 -6.868629e+00  0.000000e+00
   endloop
 endfacet
 facet normal -0.000000e+00  0.000000e+00 -1.000000e+00
   outer loop
     vertex -8.750000e+00 -3.013013e+00  0.000000e+00
     vertex -8.800000e+00 -6.614359e+00  0.000000e+00
     vertex -8.853553e+00 -2.933553e+00  0.000000e+00
   endloop
 endfacet
 facet normal  0.000000e+00  0.000000e+00 -1.000000e+00
   outer loop
     vertex -8.933013e+00 -2.830000e+00  0.000000e+00
     vertex -9.131371e+00 -6.868629e+00  0.000000e+00
     vertex -9.385641e+00 -7.200000e+00  0.000000e+00
   endloop
 endfacet
 facet normal  0.000000e+00 -0.000000e+00 -1.000000e+00
   outer loop
     vertex -8.933013e+00 -2.830000e+00  0.000000e+00
     vertex -8.853553e+00 -2.933553e+00  0.000000e+00
     vertex -9.131371e+00 -6.868629e+00  0.000000e+00
   endloop
 endfacet
 facet normal  0.000000e+00  0.000000e+00 -1.000000e+00
   outer loop
     vertex -8.982963e+00 -2.709410e+00  0.000000e+00
     vertex -9.385641e+00 -7.200000e+00  0.000000e+00
     vertex -9.545481e+00 -7.585890e+00  0.000000e+00
   endloop
 endfacet
 facet normal  0.000000e+00 -0.000000e+00 -1.000000e+00
   outer loop
     vertex -8.982963e+00 -2.709410e+00  0.000000e+00
     vertex -8.933013e+00 -2.830000e+00  0.000000e+00
     vertex -9.385641e+00 -7.200000e+00  0.000000e+00
   endloop
 endfacet
 facet normal  0.000000e+00 -0.000000e+00 -1.000000e+00
   outer loop
     vertex -8.629410e+00 -3.062963e+00  0.000000e+00
     vertex -8.414110e+00 -6.454519e+00  0.000000e+00
     vertex -8.800000e+00 -6.614359e+00  0.000000e+00
   endloop
 endfacet
 facet normal -0.000000e+00  0.000000e+00 -1.000000e+00
   outer loop
     vertex -8.629410e+00 -3.062963e+00  0.000000e+00
     vertex -8.800000e+00 -6.614359e+00  0.000000e+00
     vertex -8.750000e+00 -3.013013e+00  0.000000e+00
   endloop
 endfacet
 facet normal  0.000000e+00  0.000000e+00 -1.000000e+00
   outer loop
     vertex -8.500000e+00 -3.080000e+00  0.000000e+00
     vertex -8.000000e+00 -6.400000e+00  0.000000e+00
     vertex -8.414110e+00 -6.454519e+00  0.000000e+00
   endloop
 endfacet
 facet normal -0.000000e+00 -0.000000e+00 -1.000000e+00
   outer loop
     vertex -8.500000e+00 -3.080000e+00  0.000000e+00
     vertex -8.414110e+00 -6.454519e+00  0.000000e+00
     vertex -8.629410e+00 -3.062963e+00  0.000000e+00
   endloop
 endfacet
 facet normal  0.000000e+00  0.000000e+00 -1.000000e+00
   outer loop
     vertex -9.000000e+00 -2.580000e+00  0.000000e+00
     vertex -9.545481e+00 -7.585890e+00  0.000000e+00
     vertex -1.100000e+01 -1.100000e+01  0.000000e+00
   endloop
 endfacet
 facet normal  0.000000e+00 -0.000000e+00 -1.000000e+00
   outer loop
     vertex -9.000000e+00 -2.580000e+00  0.000000e+00
     vertex -8.982963e+00 -2.709410e+00  0.000000e+00
     vertex -9.545481e+00 -7.585890e+00  0.000000e+00
   endloop
 endfacet
 facet normal  0.000000e+00 -0.000000e+00 -1.000000e+00
   outer loop
     vertex -8.370590e+00 -3.062963e+00  0.000000e+00
     vertex -8.000000e+00 -6.400000e+00  0.000000e+00
     vertex -8.500000e+00 -3.080000e+00  0.000000e+00
   endloop
 endfacet
 facet normal  0.000000e+00  0.000000e+00 -1.000000e+00
   outer loop
     vertex -8.250000e+00 -3.013013e+00  0.000000e+00
     vertex -7.585890e+00 -6.454519e+00  0.000000e+00
     vertex -8.000000e+00 -6.400000e+00  0.000000e+00
   endloop
 endfacet
 facet normal  0.000000e+00 -0.000000e+00 -1.000000e+00
   outer loop
     vertex -8.250000e+00 -3.013013e+00  0.000000e+00
     vertex -8.000000e+00 -6.400000e+00  0.000000e+00
     vertex -8.370590e+00 -3.062963e+00  0.000000e+00
   endloop
 endfacet
 facet normal  0.000000e+00 -0.000000e+00 -1.000000e+00
   outer loop
     vertex -8.146447e+00 -2.933553e+00  0.000000e+00
     vertex -7.585890e+00 -6.454519e+00  0.000000e+00
     vertex -8.250000e+00 -3.013013e+00  0.000000e+00
   endloop
 endfacet
 facet normal  0.000000e+00  0.000000e+00 -1.000000e+00
   outer loop
     vertex -8.146447e+00 -2.933553e+00  0.000000e+00
     vertex -7.200000e+00 -6.614359e+00  0.000000e+00
     vertex -7.585890e+00 -6.454519e+00  0.000000e+00
   endloop
 endfacet
 facet normal  0.000000e+00 -0.000000e+00 -1.000000e+00
   outer loop
     vertex -8.066987e+00 -2.830000e+00  0.000000e+00
     vertex -7.200000e+00 -6.614359e+00  0.000000e+00
     vertex -8.146447e+00 -2.933553e+00  0.000000e+00
   endloop
 endfacet
 facet normal  0.000000e+00  0.000000e+00 -1.000000e+00
   outer loop
     vertex -8.066987e+00 -2.830000e+00  0.000000e+00
     vertex -6.868629e+00 -6.868629e+00  0.000000e+00
     vertex -7.200000e+00 -6.614359e+00  0.000000e+00
   endloop
 endfacet
 facet normal  0.000000e+00 -0.000000e+00 -1.000000e+00
   outer loop
     vertex -8.017037e+00 -2.709410e+00  0.000000e+00
     vertex -6.868629e+00 -6.868629e+00  0.000000e+00
     vertex -8.066987e+00 -2.830000e+00  0.000000e+00
   endloop
 endfacet
 facet normal  0.000000e+00  0.000000e+00 -1.000000e+00
   outer loop
     vertex -8.000000e+00 -2.580000e+00  0.000000e+00
     vertex -6.614359e+00 -7.200000e+00  0.000000e+00
     vertex -6.868629e+00 -6.868629e+00  0.000000e+00
   endloop
 endfacet
 facet normal  0.000000e+00 -0.000000e+00 -1.000000e+00
   outer loop
     vertex -8.000000e+00 -2.580000e+00  0.000000e+00
     vertex -6.868629e+00 -6.868629e+00  0.000000e+00
     vertex -8.017037e+00 -2.709410e+00  0.000000e+00
   endloop
 endfacet
 facet normal -0.000000e+00  0.000000e+00 -1.000000e+00
   outer loop
     vertex -8.750000e+00 -4.730127e-01  0.000000e+00
     vertex -8.853553e+00 -2.226447e+00  0.000000e+00
     vertex -8.853553e+00 -3.935534e-01  0.000000e+00
   endloop
 endfacet
 facet normal  0.000000e+00 -0.000000e+00 -1.000000e+00
   outer loop
     vertex -8.750000e+00 -4.730127e-01  0.000000e+00
     vertex -8.750000e+00 -2.146987e+00  0.000000e+00
     vertex -8.853553e+00 -2.226447e+00  0.000000e+00
   endloop
 endfacet
 facet normal  0.000000e+00  0.000000e+00 -1.000000e+00
   outer loop
     vertex -8.750000e+00 -4.730127e-01  0.000000e+00
     vertex -8.629410e+00 -2.097037e+00  0.000000e+00
     vertex -8.750000e+00 -2.146987e+00  0.000000e+00
   endloop
 endfacet
 facet normal  0.000000e+00  0.000000e+00 -1.000000e+00
   outer loop
     vertex -8.933013e+00 -2.900000e-01  0.000000e+00
     vertex -8.853553e+00 -3.935534e-01  0.000000e+00
     vertex -8.853553e+00 -2.226447e+00  0.000000e+00
   endloop
 endfacet
 facet normal  0.000000e+00 -0.000000e+00 -1.000000e+00
   outer loop
     vertex -8.933013e+00 -2.900000e-01  0.000000e+00
     vertex -8.933013e+00 -2.330000e+00  0.000000e+00
     vertex -8.982963e+00 -2.450590e+00  0.000000e+00
   endloop
 endfacet
 facet normal  0.000000e+00  0.000000e+00 -1.000000e+00
   outer loop
     vertex -8.933013e+00 -2.900000e-01  0.000000e+00
     vertex -8.853553e+00 -2.226447e+00  0.000000e+00
     vertex -8.933013e+00 -2.330000e+00  0.000000e+00
   endloop
 endfacet
 facet normal  0.000000e+00  0.000000e+00 -1.000000e+00
   outer loop
     vertex -8.982963e+00 -1.694095e-01  0.000000e+00
     vertex -8.933013e+00 -2.900000e-01  0.000000e+00
     vertex -8.982963e+00 -2.450590e+00  0.000000e+00
   endloop
 endfacet
 facet normal -0.000000e+00 -0.000000e+00 -1.000000e+00
   outer loop
     vertex -8.629410e+00 -5.229629e-01  0.000000e+00
     vertex -8.629410e+00 -2.097037e+00  0.000000e+00
     vertex -8.750000e+00 -4.730127e-01  0.000000e+00
   endloop
 endfacet
 facet normal  0.000000e+00 -0.000000e+00 -1.000000e+00
   outer loop
     vertex -8.500000e+00 -5.400000e-01  0.000000e+00
     vertex -8.500000e+00 -2.080000e+00  0.000000e+00
     vertex -8.629410e+00 -2.097037e+00  0.000000e+00
   endloop
 endfacet
 facet normal -0.000000e+00  0.000000e+00 -1.000000e+00
   outer loop
     vertex -8.500000e+00 -5.400000e-01  0.000000e+00
     vertex -8.629410e+00 -2.097037e+00  0.000000e+00
     vertex -8.629410e+00 -5.229629e-01  0.000000e+00
   endloop
 endfacet
 facet normal  0.000000e+00 -0.000000e+00 -1.000000e+00
   outer loop
     vertex -9.000000e+00 -4.000000e-02  0.000000e+00
     vertex -9.000000e+00 -2.580000e+00  0.000000e+00
     vertex -1.100000e+01 -1.100000e+01  0.000000e+00
   endloop
 endfacet
 facet normal  0.000000e+00  0.000000e+00 -1.000000e+00
   outer loop
     vertex -9.000000e+00 -4.000000e-02  0.000000e+00
     vertex -8.982963e+00 -2.450590e+00  0.000000e+00
     vertex -9.000000e+00 -2.580000e+00  0.000000e+00
   endloop
 endfacet
 facet normal  0.000000e+00  0.000000e+00 -1.000000e+00
   outer loop
     vertex -9.000000e+00 -4.000000e-02  0.000000e+00
     vertex -8.982963e+00 -1.694095e-01  0.000000e+00
     vertex -8.982963e+00 -2.450590e+00  0.000000e+00
   endloop
 endfacet
 facet normal  0.000000e+00  0.000000e+00 -1.000000e+00
   outer loop
     vertex -8.370590e+00 -5.229629e-01  0.000000e+00
     vertex -8.370590e+00 -2.097037e+00  0.000000e+00
     vertex -8.500000e+00 -2.080000e+00  0.000000e+00
   endloop
 endfacet
 facet normal  0.000000e+00  0.000000e+00 -1.000000e+00
   outer loop
     vertex -8.370590e+00 -5.229629e-01  0.000000e+00
     vertex -8.500000e+00 -2.080000e+00  0.000000e+00
     vertex -8.500000e+00 -5.400000e-01  0.000000e+00
   endloop
 endfacet
 facet normal  0.000000e+00  0.000000e+00 -1.000000e+00
   outer loop
     vertex -8.250000e+00 -4.730127e-01  0.000000e+00
     vertex -8.370590e+00 -2.097037e+00  0.000000e+00
     vertex -8.370590e+00 -5.229629e-01  0.000000e+00
   endloop
 endfacet
 facet normal  0.000000e+00 -0.000000e+00 -1.000000e+00
   outer loop
     vertex -8.250000e+00 -4.730127e-01  0.000000e+00
     vertex -8.250000e+00 -2.146987e+00  0.000000e+00
     vertex -8.370590e+00 -2.097037e+00  0.000000e+00
   endloop
 endfacet
 facet normal  0.000000e+00 -0.000000e+00 -1.000000e+00
   outer loop
     vertex -8.146447e+00 -3.935534e-01  0.000000e+00
     vertex -8.146447e+00 -2.226447e+00  0.000000e+00
     vertex -8.250000e+00 -2.146987e+00  0.000000e+00
   endloop
 endfacet
 facet normal  0.000000e+00  0.000000e+00 -1.000000e+00
   outer loop
     vertex -8.146447e+00 -3.935534e-01  0.000000e+00
     vertex -8.250000e+00 -2.146987e+00  0.000000e+00
     vertex -8.250000e+00 -4.730127e-01  0.000000e+00
   endloop
 endfacet
 facet normal  0.000000e+00 -0.000000e+00 -1.000000e+00
   outer loop
     vertex -8.066987e+00 -2.900000e-01  0.000000e+00
     vertex -8.066987e+00 -2.330000e+00  0.000000e+00
     vertex -8.146447e+00 -2.226447e+00  0.000000e+00
   endloop
 endfacet
 facet normal  0.000000e+00  0.000000e+00 -1.000000e+00
   outer loop
     vertex -8.066987e+00 -2.900000e-01  0.000000e+00
     vertex -8.017037e+00 -2.450590e+00  0.000000e+00
     vertex -8.066987e+00 -2.330000e+00  0.000000e+00
   endloop
 endfacet
 facet normal  0.000000e+00  0.000000e+00 -1.000000e+00
   outer loop
     vertex -8.066987e+00 -2.900000e-01  0.000000e+00
     vertex -8.146447e+00 -2.226447e+00  0.000000e+00
     vertex -8.146447e+00 -3.935534e-01  0.000000e+00
   endloop
 endfacet
 facet normal  0.000000e+00 -0.000000e+00 -1.000000e+00
   outer loop
     vertex -8.017037e+00 -1.694095e-01  0.000000e+00
     vertex -8.017037e+00 -2.450590e+00  0.000000e+00
     vertex -8.066987e+00 -2.900000e-01  0.000000e+00
   endloop
 endfacet
 facet normal  0.000000e+00 -0.000000e+00 -1.000000e+00
   outer loop
     vertex -8.750000e+00  2.066987e+00  0.000000e+00
     vertex -8.750000e+00  3.930127e-01  0.000000e+00
     vertex -8.853553e+00  3.135534e-01  0.000000e+00
   endloop
 endfacet
 facet normal -0.000000e+00  0.000000e+00 -1.000000e+00
   outer loop
     vertex -8.750000e+00  2.066987e+00  0.000000e+00
     vertex -8.853553e+00  3.135534e-01  0.000000e+00
     vertex -8.853553e+00  2.146447e+00  0.000000e+00
   endloop
 endfacet
 facet normal  0.000000e+00 -0.000000e+00 -1.000000e+00
   outer loop
     vertex -8.933013e+00  2.250000e+00  0.000000e+00
     vertex -8.933013e+00  2.100000e-01  0.000000e+00
     vertex -8.982963e+00  8.940952e-02  0.000000e+00
   endloop
 endfacet
 facet normal  0.000000e+00  0.000000e+00 -1.000000e+00
   outer loop
     vertex -8.933013e+00  2.250000e+00  0.000000e+00
     vertex -8.853553e+00  3.135534e-01  0.000000e+00
     vertex -8.933013e+00  2.100000e-01  0.000000e+00
   endloop
 endfacet
 facet normal  0.000000e+00  0.000000e+00 -1.000000e+00
   outer loop
     vertex -8.933013e+00  2.250000e+00  0.000000e+00
     vertex -8.853553e+00  2.146447e+00  0.000000e+00
     vertex -8.853553e+00  3.135534e-01  0.000000e+00
   endloop
 endfacet
 facet normal  0.000000e+00 -0.000000e+00 -1.000000e+00
   outer loop
     vertex -8.629410e+00  2.017037e+00  0.000000e+00
     vertex -8.629410e+00  4.429629e-01  0.000000e+00
     vertex -8.750000e+00  3.930127e-01  0.000000e+00
   endloop
 endfacet
 facet normal -0.000000e+00  0.000000e+00 -1.000000e+00
   outer loop
     vertex -8.629410e+00  2.017037e+00  0.000000e+00
     vertex -8.750000e+00  3.930127e-01  0.000000e+00
     vertex -8.750000e+00  2.066987e+00  0.000000e+00
   endloop
 endfacet
 facet normal  0.000000e+00  0.000000e+00 -1.000000e+00
   outer loop
     vertex -8.982963e+00  2.370590e+00  0.000000e+00
     vertex -8.933013e+00  2.250000e+00  0.000000e+00
     vertex -8.982963e+00  8.940952e-02  0.000000e+00
   endloop
 endfacet
 facet normal  0.000000e+00 -0.000000e+00 -1.000000e+00
   outer loop
     vertex -8.500000e+00  2.000000e+00  0.000000e+00
     vertex -8.500000e+00  4.600000e-01  0.000000e+00
     vertex -8.629410e+00  4.429629e-01  0.000000e+00
   endloop
 endfacet
 facet normal -0.000000e+00  0.000000e+00 -1.000000e+00
   outer loop
     vertex -8.500000e+00  2.000000e+00  0.000000e+00
     vertex -8.629410e+00  4.429629e-01  0.000000e+00
     vertex -8.629410e+00  2.017037e+00  0.000000e+00
   endloop
 endfacet
 facet normal  0.000000e+00  0.000000e+00 -1.000000e+00
   outer loop
     vertex -9.000000e+00  2.500000e+00  0.000000e+00
     vertex -8.982963e+00  2.370590e+00  0.000000e+00
     vertex -8.982963e+00  8.940952e-02  0.000000e+00
   endloop
 endfacet
 facet normal  0.000000e+00  0.000000e+00 -1.000000e+00
   outer loop
     vertex -9.000000e+00  2.500000e+00  0.000000e+00
     vertex -8.982963e+00  8.940952e-02  0.000000e+00
     vertex -9.000000e+00 -4.000000e-02  0.000000e+00
   endloop
 endfacet
 facet normal  0.000000e+00  0.000000e+00 -1.000000e+00
   outer loop
     vertex -8.370590e+00  2.017037e+00  0.000000e+00
     vertex -8.500000e+00  4.600000e-01  0.000000e+00
     vertex -8.500000e+00  2.000000e+00  0.000000e+00
   endloop
 endfacet
 facet normal  0.000000e+00  0.000000e+00 -1.000000e+00
   outer loop
     vertex -8.370590e+00  2.017037e+00  0.000000e+00
     vertex -8.370590e+00  4.429629e-01  0.000000e+00
     vertex -8.500000e+00  4.600000e-01  0.000000e+00
   endloop
 endfacet
 facet normal  0.000000e+00 -0.000000e+00 -1.000000e+00
   outer loop
     vertex -8.250000e+00  2.066987e+00  0.000000e+00
     vertex -8.250000e+00  3.930127e-01  0.000000e+00
     vertex -8.370590e+00  4.429629e-01  0.000000e+00
   endloop
 endfacet
 facet normal  0.000000e+00  0.000000e+00 -1.000000e+00
   outer loop
     vertex -8.250000e+00  2.066987e+00  0.000000e+00
     vertex -8.370590e+00  4.429629e-01  0.000000e+00
     vertex -8.370590e+00  2.017037e+00  0.000000e+00
   endloop
 endfacet
 facet normal  0.000000e+00  0.000000e+00 -1.000000e+00
   outer loop
     vertex -8.146447e+00  2.146447e+00  0.000000e+00
     vertex -8.250000e+00  3.930127e-01  0.000000e+00
     vertex -8.250000e+00  2.066987e+00  0.000000e+00
   endloop
 endfacet
 facet normal  0.000000e+00 -0.000000e+00 -1.000000e+00
   outer loop
     vertex -8.146447e+00  2.146447e+00  0.000000e+00
     vertex -8.146447e+00  3.135534e-01  0.000000e+00
     vertex -8.250000e+00  3.930127e-01  0.000000e+00
   endloop
 endfacet
 facet normal  0.000000e+00 -0.000000e+00 -1.000000e+00
   outer loop
     vertex -8.066987e+00  2.250000e+00  0.000000e+00
     vertex -8.066987e+00  2.100000e-01  0.000000e+00
     vertex -8.146447e+00  3.135534e-01  0.000000e+00
   endloop
 endfacet
 facet normal  0.000000e+00  0.000000e+00 -1.000000e+00
   outer loop
     vertex -8.066987e+00  2.250000e+00  0.000000e+00
     vertex -8.146447e+00  3.135534e-01  0.000000e+00
     vertex -8.146447e+00  2.146447e+00  0.000000e+00
   endloop
 endfacet
 facet normal  0.000000e+00 -0.000000e+00 -1.000000e+00
   outer loop
     vertex -8.017037e+00  2.370590e+00  0.000000e+00
     vertex -8.017037e+00  8.940952e-02  0.000000e+00
     vertex -8.066987e+00  2.100000e-01  0.000000e+00
   endloop
 endfacet
 facet normal  0.000000e+00  0.000000e+00 -1.000000e+00
   outer loop
     vertex -8.017037e+00  2.370590e+00  0.000000e+00
     vertex -8.066987e+00  2.100000e-01  0.000000e+00
     vertex -8.066987e+00  2.250000e+00  0.000000e+00
   endloop
 endfacet
 facet normal  0.000000e+00  0.000000e+00 -1.000000e+00
   outer loop
     vertex -9.131371e+00  6.868629e+00  0.000000e+00
     vertex -8.853553e+00  2.853553e+00  0.000000e+00
     vertex -8.933013e+00  2.750000e+00  0.000000e+00
   endloop
 endfacet
 facet normal  0.000000e+00  0.000000e+00 -1.000000e+00
   outer loop
     vertex  7.200000e+00 -9.385641e+00  0.000000e+00
     vertex -7.200000e+00 -9.385641e+00  0.000000e+00
     vertex -6.868629e+00 -9.131371e+00  0.000000e+00
   endloop
 endfacet
 facet normal  0.000000e+00  0.000000e+00 -1.000000e+00
   outer loop
     vertex  7.200000e+00 -9.385641e+00  0.000000e+00
     vertex -6.868629e+00 -9.131371e+00  0.000000e+00
     vertex  6.868629e+00 -9.131371e+00  0.000000e+00
   endloop
 endfacet
 facet normal -0.000000e+00  0.000000e+00 -1.000000e+00
   outer loop
     vertex  6.614359e+00 -8.800000e+00  0.000000e+00
     vertex -6.868629e+00 -9.131371e+00  0.000000e+00
     vertex -6.614359e+00 -8.800000e+00  0.000000e+00
   endloop
 endfacet
 facet normal  0.000000e+00 -0.000000e+00 -1.000000e+00
   outer loop
     vertex  6.614359e+00 -8.800000e+00  0.000000e+00
     vertex  6.868629e+00 -9.131371e+00  0.000000e+00
     vertex -6.868629e+00 -9.131371e+00  0.000000e+00
   endloop
 endfacet
 facet normal  0.000000e+00  0.000000e+00 -1.000000e+00
   outer loop
     vertex -9.385641e+00  7.200000e+00  0.000000e+00
     vertex -9.131371e+00  6.868629e+00  0.000000e+00
     vertex -8.933013e+00  2.750000e+00  0.000000e+00
   endloop
 endfacet
 facet normal  0.000000e+00  0.000000e+00 -1.000000e+00
   outer loop
     vertex -9.385641e+00  7.200000e+00  0.000000e+00
     vertex -8.933013e+00  2.750000e+00  0.000000e+00
     vertex -8.982963e+00  2.629410e+00  0.000000e+00
   endloop
 endfacet
 facet normal -0.000000e+00  0.000000e+00 -1.000000e+00
   outer loop
     vertex -8.800000e+00  6.614359e+00  0.000000e+00
     vertex -8.853553e+00  2.853553e+00  0.000000e+00
     vertex -9.131371e+00  6.868629e+00  0.000000e+00
   endloop
 endfacet
 facet normal  0.000000e+00 -0.000000e+00 -1.000000e+00
   outer loop
     vertex -8.800000e+00  6.614359e+00  0.000000e+00
     vertex -8.750000e+00  2.933013e+00  0.000000e+00
     vertex -8.853553e+00  2.853553e+00  0.000000e+00
   endloop
 endfacet
 facet normal  0.000000e+00  0.000000e+00 -1.000000e+00
   outer loop
     vertex -8.800000e+00  6.614359e+00  0.000000e+00
     vertex -8.629410e+00  2.982963e+00  0.000000e+00
     vertex -8.750000e+00  2.933013e+00  0.000000e+00
   endloop
 endfacet
 facet normal  0.000000e+00  0.000000e+00 -1.000000e+00
   outer loop
     vertex -9.545481e+00  7.585890e+00  0.000000e+00
     vertex -9.385641e+00  7.200000e+00  0.000000e+00
     vertex -8.982963e+00  2.629410e+00  0.000000e+00
   endloop
 endfacet
 facet normal  0.000000e+00  0.000000e+00 -1.000000e+00
   outer loop
     vertex -9.545481e+00  7.585890e+00  0.000000e+00
     vertex -8.982963e+00  2.629410e+00  0.000000e+00
     vertex -9.000000e+00  2.500000e+00  0.000000e+00
   endloop
 endfacet
 facet normal  0.000000e+00  0.000000e+00 -1.000000e+00
   outer loop
     vertex  7.585890e+00 -9.545481e+00  0.000000e+00
     vertex -7.585890e+00 -9.545481e+00  0.000000e+00
     vertex -7.200000e+00 -9.385641e+00  0.000000e+00
   endloop
 endfacet
 facet normal  0.000000e+00  0.000000e+00 -1.000000e+00
   outer loop
     vertex  7.585890e+00 -9.545481e+00  0.000000e+00
     vertex -7.200000e+00 -9.385641e+00  0.000000e+00
     vertex  7.200000e+00 -9.385641e+00  0.000000e+00
   endloop
 endfacet
 facet normal -0.000000e+00  0.000000e+00 -1.000000e+00
   outer loop
     vertex  6.454519e+00 -8.414110e+00  0.000000e+00
     vertex -6.614359e+00 -8.800000e+00  0.000000e+00
     vertex -6.454519e+00 -8.414110e+00  0.000000e+00
   endloop
 endfacet
 facet normal  0.000000e+00 -0.000000e+00 -1.000000e+00
   outer loop
     vertex  6.454519e+00 -8.414110e+00  0.000000e+00
     vertex  6.614359e+00 -8.800000e+00  0.000000e+00
     vertex -6.614359e+00 -8.800000e+00  0.000000e+00
   endloop
 endfacet
 facet normal  0.000000e+00  0.000000e+00 -1.000000e+00
   outer loop
     vertex -8.414110e+00  6.454519e+00  0.000000e+00
     vertex -8.500000e+00  3.000000e+00  0.000000e+00
     vertex -8.629410e+00  2.982963e+00  0.000000e+00
   endloop
 endfacet
 facet normal -0.000000e+00  0.000000e+00 -1.000000e+00
   outer loop
     vertex -8.414110e+00  6.454519e+00  0.000000e+00
     vertex -8.629410e+00  2.982963e+00  0.000000e+00
     vertex -8.800000e+00  6.614359e+00  0.000000e+00
   endloop
 endfacet
 facet normal  0.000000e+00  0.000000e+00 -1.000000e+00
   outer loop
     vertex  6.400000e+00 -8.000000e+00  0.000000e+00
     vertex -6.400000e+00 -8.000000e+00  0.000000e+00
     vertex -6.454519e+00 -7.585890e+00  0.000000e+00
   endloop
 endfacet
 facet normal -0.000000e+00  0.000000e+00 -1.000000e+00
   outer loop
     vertex  6.400000e+00 -8.000000e+00  0.000000e+00
     vertex -6.454519e+00 -8.414110e+00  0.000000e+00
     vertex -6.400000e+00 -8.000000e+00  0.000000e+00
   endloop
 endfacet
 facet normal  0.000000e+00 -0.000000e+00 -1.000000e+00
   outer loop
     vertex  6.400000e+00 -8.000000e+00  0.000000e+00
     vertex  6.454519e+00 -8.414110e+00  0.000000e+00
     vertex -6.454519e+00 -8.414110e+00  0.000000e+00
   endloop
 endfacet
 facet normal -0.000000e+00  0.000000e+00 -1.000000e+00
   outer loop
     vertex -8.000000e+00  6.400000e+00  0.000000e+00
     vertex -8.500000e+00  3.000000e+00  0.000000e+00
     vertex -8.414110e+00  6.454519e+00  0.000000e+00
   endloop
 endfacet
 facet normal  0.000000e+00  0.000000e+00 -1.000000e+00
   outer loop
     vertex -8.000000e+00  6.400000e+00  0.000000e+00
     vertex -8.370590e+00  2.982963e+00  0.000000e+00
     vertex -8.500000e+00  3.000000e+00  0.000000e+00
   endloop
 endfacet
 facet normal  0.000000e+00  0.000000e+00 -1.000000e+00
   outer loop
     vertex -8.000000e+00  6.400000e+00  0.000000e+00
     vertex -8.250000e+00  2.933013e+00  0.000000e+00
     vertex -8.370590e+00  2.982963e+00  0.000000e+00
   endloop
 endfacet
 facet normal -0.000000e+00  0.000000e+00 -1.000000e+00
   outer loop
     vertex  6.454519e+00 -7.585890e+00  0.000000e+00
     vertex  6.400000e+00 -8.000000e+00  0.000000e+00
     vertex -6.454519e+00 -7.585890e+00  0.000000e+00
   endloop
 endfacet
 facet normal  0.000000e+00  0.000000e+00 -1.000000e+00
   outer loop
     vertex -7.585890e+00  6.454519e+00  0.000000e+00
     vertex -8.250000e+00  2.933013e+00  0.000000e+00
     vertex -8.000000e+00  6.400000e+00  0.000000e+00
   endloop
 endfacet
 facet normal  0.000000e+00  0.000000e+00 -1.000000e+00
   outer loop
     vertex -7.585890e+00  6.454519e+00  0.000000e+00
     vertex -8.146447e+00  2.853553e+00  0.000000e+00
     vertex -8.250000e+00  2.933013e+00  0.000000e+00
   endloop
 endfacet
 facet normal  0.000000e+00  0.000000e+00 -1.000000e+00
   outer loop
     vertex  6.614359e+00 -7.200000e+00  0.000000e+00
     vertex -6.454519e+00 -7.585890e+00  0.000000e+00
     vertex -6.614359e+00 -7.200000e+00  0.000000e+00
   endloop
 endfacet
 facet normal  0.000000e+00  0.000000e+00 -1.000000e+00
   outer loop
     vertex  6.614359e+00 -7.200000e+00  0.000000e+00
     vertex  6.454519e+00 -7.585890e+00  0.000000e+00
     vertex -6.454519e+00 -7.585890e+00  0.000000e+00
   endloop
 endfacet
 facet normal  0.000000e+00  0.000000e+00 -1.000000e+00
   outer loop
     vertex -7.200000e+00  6.614359e+00  0.000000e+00
     vertex -8.146447e+00  2.853553e+00  0.000000e+00
     vertex -7.585890e+00  6.454519e+00  0.000000e+00
   endloop
 endfacet
 facet normal  0.000000e+00  0.000000e+00 -1.000000e+00
   outer loop
     vertex -7.200000e+00  6.614359e+00  0.000000e+00
     vertex -8.066987e+00  2.750000e+00  0.000000e+00
     vertex -8.146447e+00  2.853553e+00  0.000000e+00
   endloop
 endfacet
 facet normal  0.000000e+00  0.000000e+00 -1.000000e+00
   outer loop
     vertex -1.100000e+01  1.100000e+01  0.000000e+00
     vertex -9.000000e+00  2.500000e+00  0.000000e+00
     vertex -9.000000e+00 -4.000000e-02  0.000000e+00
   endloop
 endfacet
 facet normal  0.000000e+00  0.000000e+00 -1.000000e+00
   outer loop
     vertex -1.100000e+01  1.100000e+01  0.000000e+00
     vertex -9.000000e+00 -4.000000e-02  0.000000e+00
     vertex -1.100000e+01 -1.100000e+01  0.000000e+00
   endloop
 endfacet
 facet normal  0.000000e+00  0.000000e+00 -1.000000e+00
   outer loop
     vertex -1.100000e+01  1.100000e+01  0.000000e+00
     vertex -9.545481e+00  7.585890e+00  0.000000e+00
     vertex -9.000000e+00  2.500000e+00  0.000000e+00
   endloop
 endfacet
 facet normal  0.000000e+00  0.000000e+00 -1.000000e+00
   outer loop
     vertex -1.100000e+01  1.100000e+01  0.000000e+00
     vertex -9.600000e+00  8.000000e+00  0.000000e+00
     vertex -9.545481e+00  7.585890e+00  0.000000e+00
   endloop
 endfacet
 facet normal  0.000000e+00  0.000000e+00 -1.000000e+00
   outer loop
     vertex -1.100000e+01  1.100000e+01  0.000000e+00
     vertex -9.545481e+00  8.414110e+00  0.000000e+00
     vertex -9.600000e+00  8.000000e+00  0.000000e+00
   endloop
 endfacet
 facet normal  0.000000e+00  0.000000e+00 -1.000000e+00
   outer loop
     vertex -1.100000e+01  1.100000e+01  0.000000e+00
     vertex -9.385641e+00  8.800000e+00  0.000000e+00
     vertex -9.545481e+00  8.414110e+00  0.000000e+00
   endloop
 endfacet
 facet normal  0.000000e+00  0.000000e+00 -1.000000e+00
   outer loop
     vertex -1.100000e+01  1.100000e+01  0.000000e+00
     vertex -9.131371e+00  9.131371e+00  0.000000e+00
     vertex -9.385641e+00  8.800000e+00  0.000000e+00
   endloop
 endfacet
 facet normal  0.000000e+00  0.000000e+00 -1.000000e+00
   outer loop
     vertex  1.100000e+01 -1.100000e+01  0.000000e+00
     vertex -7.585890e+00 -9.545481e+00  0.000000e+00
     vertex  7.585890e+00 -9.545481e+00  0.000000e+00
   endloop
 endfacet
 facet normal  0.000000e+00  0.000000e+00 -1.000000e+00
   outer loop
     vertex  1.100000e+01 -1.100000e+01  0.000000e+00
     vertex -1.100000e+01 -1.100000e+01  0.000000e+00
     vertex -7.585890e+00 -9.545481e+00  0.000000e+00
   endloop
 endfacet
 facet normal  0.000000e+00  0.000000e+00 -1.000000e+00
   outer loop
     vertex  1.100000e+01 -1.100000e+01  0.000000e+00
     vertex  7.585890e+00 -9.545481e+00  0.000000e+00
     vertex  8.000000e+00 -9.600000e+00  0.000000e+00
   endloop
 endfacet
 facet normal  0.000000e+00  0.000000e+00 -1.000000e+00
   outer loop
     vertex  1.100000e+01 -1.100000e+01  0.000000e+00
     vertex  8.414110e+00 -9.545481e+00  0.000000e+00
     vertex  8.800000e+00 -9.385641e+00  0.000000e+00
   endloop
 endfacet
 facet normal  0.000000e+00  0.000000e+00 -1.000000e+00
   outer loop
     vertex  1.100000e+01 -1.100000e+01  0.000000e+00
     vertex  8.000000e+00 -9.600000e+00  0.000000e+00
     vertex  8.414110e+00 -9.545481e+00  0.000000e+00
   endloop
 endfacet
 facet normal  0.000000e+00  0.000000e+00 -1.000000e+00
   outer loop
     vertex -6.868629e+00  6.868629e+00  0.000000e+00
     vertex -8.017037e+00  2.629410e+00  0.000000e+00
     vertex -8.066987e+00  2.750000e+00  0.000000e+00
   endloop
 endfacet
 facet normal  0.000000e+00  0.000000e+00 -1.000000e+00
   outer loop
     vertex -6.868629e+00  6.868629e+00  0.000000e+00
     vertex -8.000000e+00  2.500000e+00  0.000000e+00
     vertex -8.017037e+00  2.629410e+00  0.000000e+00
   endloop
 endfacet
 facet normal  0.000000e+00  0.000000e+00 -1.000000e+00
   outer loop
     vertex -6.868629e+00  6.868629e+00  0.000000e+00
     vertex -8.066987e+00  2.750000e+00  0.000000e+00
     vertex -7.200000e+00  6.614359e+00  0.000000e+00
   endloop
 endfacet
 facet normal  0.000000e+00 -0.000000e+00 -1.000000e+00
   outer loop
     vertex  9.131371e+00 -9.131371e+00  0.000000e+00
     vertex  1.100000e+01 -1.100000e+01  0.000000e+00
     vertex  8.800000e+00 -9.385641e+00  0.000000e+00
   endloop
 endfacet
 facet normal -0.000000e+00  0.000000e+00 -1.000000e+00
   outer loop
     vertex -8.800000e+00  9.385641e+00  0.000000e+00
     vertex -9.131371e+00  9.131371e+00  0.000000e+00
     vertex -1.100000e+01  1.100000e+01  0.000000e+00
   endloop
 endfacet
 facet normal  0.000000e+00 -0.000000e+00 -1.000000e+00
   outer loop
     vertex  9.385641e+00 -8.800000e+00  0.000000e+00
     vertex  1.100000e+01 -1.100000e+01  0.000000e+00
     vertex  9.131371e+00 -9.131371e+00  0.000000e+00
   endloop
 endfacet
 facet normal  0.000000e+00  0.000000e+00 -1.000000e+00
   outer loop
     vertex -6.614359e+00  7.200000e+00  0.000000e+00
     vertex -8.000000e+00  2.500000e+00  0.000000e+00
     vertex -6.868629e+00  6.868629e+00  0.000000e+00
   endloop
 endfacet
 facet normal -0.000000e+00  0.000000e+00 -1.000000e+00
   outer loop
     vertex -8.414110e+00  9.545481e+00  0.000000e+00
     vertex -8.800000e+00  9.385641e+00  0.000000e+00
     vertex -1.100000e+01  1.100000e+01  0.000000e+00
   endloop
 endfacet
 facet normal  0.000000e+00 -0.000000e+00 -1.000000e+00
   outer loop
     vertex  9.545481e+00 -8.414110e+00  0.000000e+00
     vertex  1.100000e+01 -1.100000e+01  0.000000e+00
     vertex  9.385641e+00 -8.800000e+00  0.000000e+00
   endloop
 endfacet
 facet normal  0.000000e+00 -0.000000e+00 -1.000000e+00
   outer loop
     vertex  9.600000e+00 -8.000000e+00  0.000000e+00
     vertex  1.100000e+01 -1.100000e+01  0.000000e+00
     vertex  9.545481e+00 -8.414110e+00  0.000000e+00
   endloop
 endfacet
 facet normal -0.000000e+00  0.000000e+00 -1.000000e+00
   outer loop
     vertex -8.000000e+00  9.600000e+00  0.000000e+00
     vertex -8.414110e+00  9.545481e+00  0.000000e+00
     vertex -1.100000e+01  1.100000e+01  0.000000e+00
   endloop
 endfacet
 facet normal  0.000000e+00  0.000000e+00 -1.000000e+00
   outer loop
     vertex -7.585890e+00  9.545481e+00  0.000000e+00
     vertex -8.000000e+00  9.600000e+00  0.000000e+00
     vertex -1.100000e+01  1.100000e+01  0.000000e+00
   endloop
 endfacet
 facet normal  0.000000e+00  0.000000e+00 -1.000000e+00
   outer loop
     vertex  9.545481e+00 -7.585890e+00  0.000000e+00
     vertex  1.100000e+01 -1.100000e+01  0.000000e+00
     vertex  9.600000e+00 -8.000000e+00  0.000000e+00
   endloop
 endfacet
 facet normal  0.000000e+00  0.000000e+00 -1.000000e+00
   outer loop
     vertex  8.146447e+00 -2.933553e+00  0.000000e+00
     vertex  7.585890e+00 -6.454519e+00  0.000000e+00
     vertex  7.200000e+00 -6.614359e+00  0.000000e+00
   endloop
 endfacet
 facet normal -0.000000e+00  0.000000e+00 -1.000000e+00
   outer loop
     vertex  8.250000e+00 -3.013013e+00  0.000000e+00
     vertex  7.585890e+00 -6.454519e+00  0.000000e+00
     vertex  8.146447e+00 -2.933553e+00  0.000000e+00
   endloop
 endfacet
 facet normal  0.000000e+00  0.000000e+00 -1.000000e+00
   outer loop
     vertex  8.250000e+00 -3.013013e+00  0.000000e+00
     vertex  8.000000e+00 -6.400000e+00  0.000000e+00
     vertex  7.585890e+00 -6.454519e+00  0.000000e+00
   endloop
 endfacet
 facet normal  0.000000e+00  0.000000e+00 -1.000000e+00
   outer loop
     vertex  8.066987e+00 -2.830000e+00  0.000000e+00
     vertex  7.200000e+00 -6.614359e+00  0.000000e+00
     vertex  6.868629e+00 -6.868629e+00  0.000000e+00
   endloop
 endfacet
 facet normal  0.000000e+00 -0.000000e+00 -1.000000e+00
   outer loop
     vertex  8.066987e+00 -2.830000e+00  0.000000e+00
     vertex  8.146447e+00 -2.933553e+00  0.000000e+00
     vertex  7.200000e+00 -6.614359e+00  0.000000e+00
   endloop
 endfacet
 facet normal -0.000000e+00  0.000000e+00 -1.000000e+00
   outer loop
     vertex  8.370590e+00 -3.062963e+00  0.000000e+00
     vertex  8.000000e+00 -6.400000e+00  0.000000e+00
     vertex  8.250000e+00 -3.013013e+00  0.000000e+00
   endloop
 endfacet
 facet normal  0.000000e+00 -0.000000e+00 -1.000000e+00
   outer loop
     vertex  8.017037e+00 -2.709410e+00  0.000000e+00
     vertex  8.066987e+00 -2.830000e+00  0.000000e+00
     vertex  6.868629e+00 -6.868629e+00  0.000000e+00
   endloop
 endfacet
 facet normal -0.000000e+00  0.000000e+00 -1.000000e+00
   outer loop
     vertex  8.500000e+00 -3.080000e+00  0.000000e+00
     vertex  8.000000e+00 -6.400000e+00  0.000000e+00
     vertex  8.370590e+00 -3.062963e+00  0.000000e+00
   endloop
 endfacet
 facet normal  0.000000e+00  0.000000e+00 -1.000000e+00
   outer loop
     vertex  8.500000e+00 -3.080000e+00  0.000000e+00
     vertex  8.414110e+00 -6.454519e+00  0.000000e+00
     vertex  8.000000e+00 -6.400000e+00  0.000000e+00
   endloop
 endfacet
 facet normal -0.000000e+00  0.000000e+00 -1.000000e+00
   outer loop
     vertex  8.000000e+00 -2.580000e+00  0.000000e+00
     vertex -6.614359e+00 -7.200000e+00  0.000000e+00
     vertex -8.000000e+00 -2.580000e+00  0.000000e+00
   endloop
 endfacet
 facet normal  0.000000e+00 -0.000000e+00 -1.000000e+00
   outer loop
     vertex  8.000000e+00 -2.580000e+00  0.000000e+00
     vertex  8.017037e+00 -2.709410e+00  0.000000e+00
     vertex  6.868629e+00 -6.868629e+00  0.000000e+00
   endloop
 endfacet
 facet normal  0.000000e+00  0.000000e+00 -1.000000e+00
   outer loop
     vertex  8.000000e+00 -2.580000e+00  0.000000e+00
     vertex -8.000000e+00 -2.580000e+00  0.000000e+00
     vertex -8.017037e+00 -2.450590e+00  0.000000e+00
   endloop
 endfacet
 facet normal  0.000000e+00  0.000000e+00 -1.000000e+00
   outer loop
     vertex  8.000000e+00 -2.580000e+00  0.000000e+00
     vertex  6.614359e+00 -7.200000e+00  0.000000e+00
     vertex -6.614359e+00 -7.200000e+00  0.000000e+00
   endloop
 endfacet
 facet normal  0.000000e+00  0.000000e+00 -1.000000e+00
   outer loop
     vertex  8.000000e+00 -2.580000e+00  0.000000e+00
     vertex  6.868629e+00 -6.868629e+00  0.000000e+00
     vertex  6.614359e+00 -7.200000e+00  0.000000e+00
   endloop
 endfacet
 facet normal -0.000000e+00  0.000000e+00 -1.000000e+00
   outer loop
     vertex  8.017037e+00 -2.450590e+00  0.000000e+00
     vertex  8.000000e+00 -2.580000e+00  0.000000e+00
     vertex -8.017037e+00 -2.450590e+00  0.000000e+00
   endloop
 endfacet
 facet normal  0.000000e+00  0.000000e+00 -1.000000e+00
   outer loop
     vertex  8.629410e+00 -3.062963e+00  0.000000e+00
     vertex  8.414110e+00 -6.454519e+00  0.000000e+00
     vertex  8.500000e+00 -3.080000e+00  0.000000e+00
   endloop
 endfacet
 facet normal  0.000000e+00 -0.000000e+00 -1.000000e+00
   outer loop
     vertex  8.629410e+00 -3.062963e+00  0.000000e+00
     vertex  8.800000e+00 -6.614359e+00  0.000000e+00
     vertex  8.414110e+00 -6.454519e+00  0.000000e+00
   endloop
 endfacet
 facet normal  0.000000e+00 -0.000000e+00 -1.000000e+00
   outer loop
     vertex  8.750000e+00 -3.013013e+00  0.000000e+00
     vertex  8.800000e+00 -6.614359e+00  0.000000e+00
     vertex  8.629410e+00 -3.062963e+00  0.000000e+00
   endloop
 endfacet
 facet normal  0.000000e+00  0.000000e+00 -1.000000e+00
   outer loop
     vertex  8.853553e+00 -2.933553e+00  0.000000e+00
     vertex  8.800000e+00 -6.614359e+00  0.000000e+00
     vertex  8.750000e+00 -3.013013e+00  0.000000e+00
   endloop
 endfacet
 facet normal  0.000000e+00 -0.000000e+00 -1.000000e+00
   outer loop
     vertex  8.853553e+00 -2.933553e+00  0.000000e+00
     vertex  9.131371e+00 -6.868629e+00  0.000000e+00
     vertex  8.800000e+00 -6.614359e+00  0.000000e+00
   endloop
 endfacet
 facet normal  0.000000e+00 -0.000000e+00 -1.000000e+00
   outer loop
     vertex  8.933013e+00 -2.830000e+00  0.000000e+00
     vertex  9.131371e+00 -6.868629e+00  0.000000e+00
     vertex  8.853553e+00 -2.933553e+00  0.000000e+00
   endloop
 endfacet
 facet normal  0.000000e+00  0.000000e+00 -1.000000e+00
   outer loop
     vertex  8.933013e+00 -2.830000e+00  0.000000e+00
     vertex  9.385641e+00 -7.200000e+00  0.000000e+00
     vertex  9.131371e+00 -6.868629e+00  0.000000e+00
   endloop
 endfacet
 facet normal  0.000000e+00 -0.000000e+00 -1.000000e+00
   outer loop
     vertex  8.982963e+00 -2.709410e+00  0.000000e+00
     vertex  9.385641e+00 -7.200000e+00  0.000000e+00
     vertex  8.933013e+00 -2.830000e+00  0.000000e+00
   endloop
 endfacet
 facet normal  0.000000e+00  0.000000e+00 -1.000000e+00
   outer loop
     vertex  8.982963e+00 -2.709410e+00  0.000000e+00
     vertex  9.545481e+00 -7.585890e+00  0.000000e+00
     vertex  9.385641e+00 -7.200000e+00  0.000000e+00
   endloop
 endfacet
 facet normal  0.000000e+00  0.000000e+00 -1.000000e+00
   outer loop
     vertex  9.000000e+00 -2.580000e+00  0.000000e+00
     vertex  1.100000e+01 -1.100000e+01  0.000000e+00
     vertex  9.545481e+00 -7.585890e+00  0.000000e+00
   endloop
 endfacet
 facet normal  0.000000e+00 -0.000000e+00 -1.000000e+00
   outer loop
     vertex  9.000000e+00 -2.580000e+00  0.000000e+00
     vertex  9.545481e+00 -7.585890e+00  0.000000e+00
     vertex  8.982963e+00 -2.709410e+00  0.000000e+00
   endloop
 endfacet
 facet normal  0.000000e+00  0.000000e+00 -1.000000e+00
   outer loop
     vertex  8.146447e+00 -3.935534e-01  0.000000e+00
     vertex  8.250000e+00 -2.146987e+00  0.000000e+00
     vertex  8.146447e+00 -2.226447e+00  0.000000e+00
   endloop
 endfacet
 facet normal  0.000000e+00 -0.000000e+00 -1.000000e+00
   outer loop
     vertex  8.066987e+00 -2.900000e-01  0.000000e+00
     vertex  8.066987e+00 -2.330000e+00  0.000000e+00
     vertex  8.017037e+00 -2.450590e+00  0.000000e+00
   endloop
 endfacet
 facet normal  0.000000e+00  0.000000e+00 -1.000000e+00
   outer loop
     vertex  8.066987e+00 -2.900000e-01  0.000000e+00
     vertex  8.146447e+00 -2.226447e+00  0.000000e+00
     vertex  8.066987e+00 -2.330000e+00  0.000000e+00
   endloop
 endfacet
 facet normal  0.000000e+00  0.000000e+00 -1.000000e+00
   outer loop
     vertex  8.066987e+00 -2.900000e-01  0.000000e+00
     vertex  8.146447e+00 -3.935534e-01  0.000000e+00
     vertex  8.146447e+00 -2.226447e+00  0.000000e+00
   endloop
 endfacet
 facet normal -0.000000e+00 -0.000000e+00 -1.000000e+00
   outer loop
     vertex  8.250000e+00 -4.730127e-01  0.000000e+00
     vertex  8.250000e+00 -2.146987e+00  0.000000e+00
     vertex  8.146447e+00 -3.935534e-01  0.000000e+00
   endloop
 endfacet
 facet normal  0.000000e+00  0.000000e+00 -1.000000e+00
   outer loop
     vertex  8.017037e+00 -1.694095e-01  0.000000e+00
     vertex  8.066987e+00 -2.900000e-01  0.000000e+00
     vertex  8.017037e+00 -2.450590e+00  0.000000e+00
   endloop
 endfacet
 facet normal -0.000000e+00  0.000000e+00 -1.000000e+00
   outer loop
     vertex  8.017037e+00 -1.694095e-01  0.000000e+00
     vertex -8.017037e+00 -2.450590e+00  0.000000e+00
     vertex -8.017037e+00 -1.694095e-01  0.000000e+00
   endloop
 endfacet
 facet normal  0.000000e+00 -0.000000e+00 -1.000000e+00
   outer loop
     vertex  8.017037e+00 -1.694095e-01  0.000000e+00
     vertex  8.017037e+00 -2.450590e+00  0.000000e+00
     vertex -8.017037e+00 -2.450590e+00  0.000000e+00
   endloop
 endfacet
 facet normal -0.000000e+00  0.000000e+00 -1.000000e+00
   outer loop
     vertex  8.370590e+00 -5.229629e-01  0.000000e+00
     vertex  8.250000e+00 -2.146987e+00  0.000000e+00
     vertex  8.250000e+00 -4.730127e-01  0.000000e+00
   endloop
 endfacet
 facet normal  0.000000e+00 -0.000000e+00 -1.000000e+00
   outer loop
     vertex  8.370590e+00 -5.229629e-01  0.000000e+00
     vertex  8.370590e+00 -2.097037e+00  0.000000e+00
     vertex  8.250000e+00 -2.146987e+00  0.000000e+00
   endloop
 endfacet
 facet normal  0.000000e+00  0.000000e+00 -1.000000e+00
   outer loop
     vertex  8.000000e+00 -4.000000e-02  0.000000e+00
     vertex -8.000000e+00 -4.000000e-02  0.000000e+00
     vertex -8.017037e+00  8.940952e-02  0.000000e+00
   endloop
 endfacet
 facet normal -0.000000e+00  0.000000e+00 -1.000000e+00
   outer loop
     vertex  8.000000e+00 -4.000000e-02  0.000000e+00
     vertex -8.017037e+00 -1.694095e-01  0.000000e+00
     vertex -8.000000e+00 -4.000000e-02  0.000000e+00
   endloop
 endfacet
 facet normal  0.000000e+00 -0.000000e+00 -1.000000e+00
   outer loop
     vertex  8.000000e+00 -4.000000e-02  0.000000e+00
     vertex  8.017037e+00 -1.694095e-01  0.000000e+00
     vertex -8.017037e+00 -1.694095e-01  0.000000e+00
   endloop
 endfacet
 facet normal  0.000000e+00 -0.000000e+00 -1.000000e+00
   outer loop
     vertex  8.500000e+00 -5.400000e-01  0.000000e+00
     vertex  8.500000e+00 -2.080000e+00  0.000000e+00
     vertex  8.370590e+00 -2.097037e+00  0.000000e+00
   endloop
 endfacet
 facet normal  0.000000e+00  0.000000e+00 -1.000000e+00
   outer loop
     vertex  8.500000e+00 -5.400000e-01  0.000000e+00
     vertex  8.629410e+00 -2.097037e+00  0.000000e+00
     vertex  8.500000e+00 -2.080000e+00  0.000000e+00
   endloop
 endfacet
 facet normal -0.000000e+00  0.000000e+00 -1.000000e+00
   outer loop
     vertex  8.500000e+00 -5.400000e-01  0.000000e+00
     vertex  8.370590e+00 -2.097037e+00  0.000000e+00
     vertex  8.370590e+00 -5.229629e-01  0.000000e+00
   endloop
 endfacet
 facet normal -0.000000e+00  0.000000e+00 -1.000000e+00
   outer loop
     vertex  8.017037e+00  8.940952e-02  0.000000e+00
     vertex  8.000000e+00 -4.000000e-02  0.000000e+00
     vertex -8.017037e+00  8.940952e-02  0.000000e+00
   endloop
 endfacet
 facet normal  0.000000e+00  0.000000e+00 -1.000000e+00
   outer loop
     vertex  8.629410e+00 -5.229629e-01  0.000000e+00
     vertex  8.629410e+00 -2.097037e+00  0.000000e+00
     vertex  8.500000e+00 -5.400000e-01  0.000000e+00
   endloop
 endfacet
 facet normal  0.000000e+00 -0.000000e+00 -1.000000e+00
   outer loop
     vertex  8.750000e+00 -4.730127e-01  0.000000e+00
     vertex  8.750000e+00 -2.146987e+00  0.000000e+00
     vertex  8.629410e+00 -2.097037e+00  0.000000e+00
   endloop
 endfacet
 facet normal  0.000000e+00  0.000000e+00 -1.000000e+00
   outer loop
     vertex  8.750000e+00 -4.730127e-01  0.000000e+00
     vertex  8.853553e+00 -2.226447e+00  0.000000e+00
     vertex  8.750000e+00 -2.146987e+00  0.000000e+00
   endloop
 endfacet
 facet normal  0.000000e+00  0.000000e+00 -1.000000e+00
   outer loop
     vertex  8.750000e+00 -4.730127e-01  0.000000e+00
     vertex  8.629410e+00 -2.097037e+00  0.000000e+00
     vertex  8.629410e+00 -5.229629e-01  0.000000e+00
   endloop
 endfacet
 facet normal  0.000000e+00 -0.000000e+00 -1.000000e+00
   outer loop
     vertex  8.853553e+00 -3.935534e-01  0.000000e+00
     vertex  8.853553e+00 -2.226447e+00  0.000000e+00
     vertex  8.750000e+00 -4.730127e-01  0.000000e+00
   endloop
 endfacet
 facet normal  0.000000e+00  0.000000e+00 -1.000000e+00
   outer loop
     vertex  8.933013e+00 -2.900000e-01  0.000000e+00
     vertex  8.853553e+00 -2.226447e+00  0.000000e+00
     vertex  8.853553e+00 -3.935534e-01  0.000000e+00
   endloop
 endfacet
 facet normal  0.000000e+00 -0.000000e+00 -1.000000e+00
   outer loop
     vertex  8.933013e+00 -2.900000e-01  0.000000e+00
     vertex  8.933013e+00 -2.330000e+00  0.000000e+00
     vertex  8.853553e+00 -2.226447e+00  0.000000e+00
   endloop
 endfacet
 facet normal  0.000000e+00  0.000000e+00 -1.000000e+00
   outer loop
     vertex  8.933013e+00 -2.900000e-01  0.000000e+00
     vertex  8.982963e+00 -2.450590e+00  0.000000e+00
     vertex  8.933013e+00 -2.330000e+00  0.000000e+00
   endloop
 endfacet
 facet normal  0.000000e+00  0.000000e+00 -1.000000e+00
   outer loop
     vertex  8.982963e+00 -1.694095e-01  0.000000e+00
     vertex  9.000000e+00 -2.580000e+00  0.000000e+00
     vertex  8.982963e+00 -2.450590e+00  0.000000e+00
   endloop
 endfacet
 facet normal  0.000000e+00 -0.000000e+00 -1.000000e+00
   outer loop
     vertex  8.982963e+00 -1.694095e-01  0.000000e+00
     vertex  8.982963e+00 -2.450590e+00  0.000000e+00
     vertex  8.933013e+00 -2.900000e-01  0.000000e+00
   endloop
 endfacet
 facet normal  0.000000e+00 -0.000000e+00 -1.000000e+00
   outer loop
     vertex  9.000000e+00 -4.000000e-02  0.000000e+00
     vertex  9.000000e+00 -2.580000e+00  0.000000e+00
     vertex  8.982963e+00 -1.694095e-01  0.000000e+00
   endloop
 endfacet
 facet normal  0.000000e+00  0.000000e+00 -1.000000e+00
   outer loop
     vertex  9.000000e+00 -4.000000e-02  0.000000e+00
     vertex  1.100000e+01 -1.100000e+01  0.000000e+00
     vertex  9.000000e+00 -2.580000e+00  0.000000e+00
   endloop
 endfacet
 facet normal  0.000000e+00 -0.000000e+00 -1.000000e+00
   outer loop
     vertex  8.146447e+00  2.146447e+00  0.000000e+00
     vertex  8.146447e+00  3.135534e-01  0.000000e+00
     vertex  8.066987e+00  2.100000e-01  0.000000e+00
   endloop
 endfacet
 facet normal  0.000000e+00  0.000000e+00 -1.000000e+00
   outer loop
     vertex  8.146447e+00  2.146447e+00  0.000000e+00
     vertex  8.250000e+00  3.930127e-01  0.000000e+00
     vertex  8.146447e+00  3.135534e-01  0.000000e+00
   endloop
 endfacet
 facet normal -0.000000e+00 -0.000000e+00 -1.000000e+00
   outer loop
     vertex  8.250000e+00  2.066987e+00  0.000000e+00
     vertex  8.250000e+00  3.930127e-01  0.000000e+00
     vertex  8.146447e+00  2.146447e+00  0.000000e+00
   endloop
 endfacet
 facet normal  0.000000e+00  0.000000e+00 -1.000000e+00
   outer loop
     vertex  8.066987e+00  2.250000e+00  0.000000e+00
     vertex  8.146447e+00  2.146447e+00  0.000000e+00
     vertex  8.066987e+00  2.100000e-01  0.000000e+00
   endloop
 endfacet
 facet normal -0.000000e+00  0.000000e+00 -1.000000e+00
   outer loop
     vertex  8.370590e+00  2.017037e+00  0.000000e+00
     vertex  8.250000e+00  3.930127e-01  0.000000e+00
     vertex  8.250000e+00  2.066987e+00  0.000000e+00
   endloop
 endfacet
 facet normal  0.000000e+00 -0.000000e+00 -1.000000e+00
   outer loop
     vertex  8.370590e+00  2.017037e+00  0.000000e+00
     vertex  8.370590e+00  4.429629e-01  0.000000e+00
     vertex  8.250000e+00  3.930127e-01  0.000000e+00
   endloop
 endfacet
 facet normal  0.000000e+00  0.000000e+00 -1.000000e+00
   outer loop
     vertex  8.017037e+00  2.370590e+00  0.000000e+00
     vertex  8.066987e+00  2.250000e+00  0.000000e+00
     vertex  8.066987e+00  2.100000e-01  0.000000e+00
   endloop
 endfacet
 facet normal  0.000000e+00  0.000000e+00 -1.000000e+00
   outer loop
     vertex  8.017037e+00  2.370590e+00  0.000000e+00
     vertex  8.066987e+00  2.100000e-01  0.000000e+00
     vertex  8.017037e+00  8.940952e-02  0.000000e+00
   endloop
 endfacet
 facet normal -0.000000e+00  0.000000e+00 -1.000000e+00
   outer loop
     vertex  8.017037e+00  2.370590e+00  0.000000e+00
     vertex -8.017037e+00  8.940952e-02  0.000000e+00
     vertex -8.017037e+00  2.370590e+00  0.000000e+00
   endloop
 endfacet
 facet normal  0.000000e+00 -0.000000e+00 -1.000000e+00
   outer loop
     vertex  8.017037e+00  2.370590e+00  0.000000e+00
     vertex  8.017037e+00  8.940952e-02  0.000000e+00
     vertex -8.017037e+00  8.940952e-02  0.000000e+00
   endloop
 endfacet
 facet normal -0.000000e+00  0.000000e+00 -1.000000e+00
   outer loop
     vertex  8.500000e+00  2.000000e+00  0.000000e+00
     vertex  8.370590e+00  4.429629e-01  0.000000e+00
     vertex  8.370590e+00  2.017037e+00  0.000000e+00
   endloop
 endfacet
 facet normal  0.000000e+00 -0.000000e+00 -1.000000e+00
   outer loop
     vertex  8.500000e+00  2.000000e+00  0.000000e+00
     vertex  8.500000e+00  4.600000e-01  0.000000e+00
     vertex  8.370590e+00  4.429629e-01  0.000000e+00
   endloop
 endfacet
 facet normal  0.000000e+00  0.000000e+00 -1.000000e+00
   outer loop
     vertex  8.500000e+00  2.000000e+00  0.000000e+00
     vertex  8.629410e+00  4.429629e-01  0.000000e+00
     vertex  8.500000e+00  4.600000e-01  0.000000e+00
   endloop
 endfacet
 facet normal -0.000000e+00  0.000000e+00 -1.000000e+00
   outer loop
     vertex  8.000000e+00  2.500000e+00  0.000000e+00
     vertex -8.017037e+00  2.370590e+00  0.000000e+00
     vertex -8.000000e+00  2.500000e+00  0.000000e+00
   endloop
 endfacet
 facet normal  0.000000e+00 -0.000000e+00 -1.000000e+00
   outer loop
     vertex  8.000000e+00  2.500000e+00  0.000000e+00
     vertex  8.017037e+00  2.370590e+00  0.000000e+00
     vertex -8.017037e+00  2.370590e+00  0.000000e+00
   endloop
 endfacet
 facet normal  0.000000e+00  0.000000e+00 -1.000000e+00
   outer loop
     vertex  8.629410e+00  2.017037e+00  0.000000e+00
     vertex  8.629410e+00  4.429629e-01  0.000000e+00
     vertex  8.500000e+00  2.000000e+00  0.000000e+00
   endloop
 endfacet
 facet normal  0.000000e+00 -0.000000e+00 -1.000000e+00
   outer loop
     vertex  8.629410e+00  2.017037e+00  0.000000e+00
     vertex  8.750000e+00  3.930127e-01  0.000000e+00
     vertex  8.629410e+00  4.429629e-01  0.000000e+00
   endloop
 endfacet
 facet normal  0.000000e+00 -0.000000e+00 -1.000000e+00
   outer loop
     vertex  8.750000e+00  2.066987e+00  0.000000e+00
     vertex  8.750000e+00  3.930127e-01  0.000000e+00
     vertex  8.629410e+00  2.017037e+00  0.000000e+00
   endloop
 endfacet
 facet normal  0.000000e+00 -0.000000e+00 -1.000000e+00
   outer loop
     vertex  8.853553e+00  2.146447e+00  0.000000e+00
     vertex  8.853553e+00  3.135534e-01  0.000000e+00
     vertex  8.750000e+00  3.930127e-01  0.000000e+00
   endloop
 endfacet
 facet normal  0.000000e+00  0.000000e+00 -1.000000e+00
   outer loop
     vertex  8.853553e+00  2.146447e+00  0.000000e+00
     vertex  8.933013e+00  2.100000e-01  0.000000e+00
     vertex  8.853553e+00  3.135534e-01  0.000000e+00
   endloop
 endfacet
 facet normal  0.000000e+00  0.000000e+00 -1.000000e+00
   outer loop
     vertex  8.853553e+00  2.146447e+00  0.000000e+00
     vertex  8.750000e+00  3.930127e-01  0.000000e+00
     vertex  8.750000e+00  2.066987e+00  0.000000e+00
   endloop
 endfacet
 facet normal  0.000000e+00 -0.000000e+00 -1.000000e+00
   outer loop
     vertex  8.933013e+00  2.250000e+00  0.000000e+00
     vertex  8.933013e+00  2.100000e-01  0.000000e+00
     vertex  8.853553e+00  2.146447e+00  0.000000e+00
   endloop
 endfacet
 facet normal  0.000000e+00 -0.000000e+00 -1.000000e+00
   outer loop
     vertex  8.982963e+00  2.370590e+00  0.000000e+00
     vertex  8.982963e+00  8.940952e-02  0.000000e+00
     vertex  8.933013e+00  2.100000e-01  0.000000e+00
   endloop
 endfacet
 facet normal  0.000000e+00  0.000000e+00 -1.000000e+00
   outer loop
     vertex  8.982963e+00  2.370590e+00  0.000000e+00
     vertex  9.000000e+00 -4.000000e-02  0.000000e+00
     vertex  8.982963e+00  8.940952e-02  0.000000e+00
   endloop
 endfacet
 facet normal  0.000000e+00  0.000000e+00 -1.000000e+00
   outer loop
     vertex  8.982963e+00  2.370590e+00  0.000000e+00
     vertex  8.933013e+00  2.100000e-01  0.000000e+00
     vertex  8.933013e+00  2.250000e+00  0.000000e+00
   endloop
 endfacet
 facet normal  0.000000e+00 -0.000000e+00 -1.000000e+00
   outer loop
     vertex  9.000000e+00  2.500000e+00  0.000000e+00
     vertex  9.000000e+00 -4.000000e-02  0.000000e+00
     vertex  8.982963e+00  2.370590e+00  0.000000e+00
   endloop
 endfacet
 facet normal  0.000000e+00  0.000000e+00 -1.000000e+00
   outer loop
     vertex  6.868629e+00  6.868629e+00  0.000000e+00
     vertex  8.017037e+00  2.629410e+00  0.000000e+00
     vertex  8.000000e+00  2.500000e+00  0.000000e+00
   endloop
 endfacet
 facet normal  0.000000e+00  0.000000e+00 -1.000000e+00
   outer loop
     vertex  6.868629e+00  6.868629e+00  0.000000e+00
     vertex  8.066987e+00  2.750000e+00  0.000000e+00
     vertex  8.017037e+00  2.629410e+00  0.000000e+00
   endloop
 endfacet
 facet normal  0.000000e+00  0.000000e+00 -1.000000e+00
   outer loop
     vertex  7.200000e+00  6.614359e+00  0.000000e+00
     vertex  8.146447e+00  2.853553e+00  0.000000e+00
     vertex  8.066987e+00  2.750000e+00  0.000000e+00
   endloop
 endfacet
 facet normal -0.000000e+00 -0.000000e+00 -1.000000e+00
   outer loop
     vertex  7.200000e+00  6.614359e+00  0.000000e+00
     vertex  8.066987e+00  2.750000e+00  0.000000e+00
     vertex  6.868629e+00  6.868629e+00  0.000000e+00
   endloop
 endfacet
 facet normal  0.000000e+00 -0.000000e+00 -1.000000e+00
   outer loop
     vertex  6.614359e+00  7.200000e+00  0.000000e+00
     vertex  8.000000e+00  2.500000e+00  0.000000e+00
     vertex -8.000000e+00  2.500000e+00  0.000000e+00
   endloop
 endfacet
 facet normal  0.000000e+00  0.000000e+00 -1.000000e+00
   outer loop
     vertex  6.614359e+00  7.200000e+00  0.000000e+00
     vertex  6.868629e+00  6.868629e+00  0.000000e+00
     vertex  8.000000e+00  2.500000e+00  0.000000e+00
   endloop
 endfacet
 facet normal -0.000000e+00  0.000000e+00 -1.000000e+00
   outer loop
     vertex  6.614359e+00  7.200000e+00  0.000000e+00
     vertex -8.000000e+00  2.500000e+00  0.000000e+00
     vertex -6.614359e+00  7.200000e+00  0.000000e+00
   endloop
 endfacet
 facet normal  0.000000e+00  0.000000e+00 -1.000000e+00
   outer loop
     vertex  7.585890e+00  6.454519e+00  0.000000e+00
     vertex  8.250000e+00  2.933013e+00  0.000000e+00
     vertex  8.146447e+00  2.853553e+00  0.000000e+00
   endloop
 endfacet
 facet normal -0.000000e+00 -0.000000e+00 -1.000000e+00
   outer loop
     vertex  7.585890e+00  6.454519e+00  0.000000e+00
     vertex  8.146447e+00  2.853553e+00  0.000000e+00
     vertex  7.200000e+00  6.614359e+00  0.000000e+00
   endloop
 endfacet
 facet normal  0.000000e+00 -0.000000e+00 -1.000000e+00
   outer loop
     vertex  6.454519e+00  7.585890e+00  0.000000e+00
     vertex  6.614359e+00  7.200000e+00  0.000000e+00
     vertex -6.614359e+00  7.200000e+00  0.000000e+00
   endloop
 endfacet
 facet normal  0.000000e+00  0.000000e+00 -1.000000e+00
   outer loop
     vertex  6.454519e+00  7.585890e+00  0.000000e+00
     vertex -6.614359e+00  7.200000e+00  0.000000e+00
     vertex -6.454519e+00  7.585890e+00  0.000000e+00
   endloop
 endfacet
 facet normal  0.000000e+00  0.000000e+00 -1.000000e+00
   outer loop
     vertex  6.400000e+00  8.000000e+00  0.000000e+00
     vertex -6.454519e+00  7.585890e+00  0.000000e+00
     vertex -6.400000e+00  8.000000e+00  0.000000e+00
   endloop
 endfacet
 facet normal  0.000000e+00 -0.000000e+00 -1.000000e+00
   outer loop
     vertex  6.400000e+00  8.000000e+00  0.000000e+00
     vertex  6.454519e+00  7.585890e+00  0.000000e+00
     vertex -6.454519e+00  7.585890e+00  0.000000e+00
   endloop
 endfacet
 facet normal  0.000000e+00  0.000000e+00 -1.000000e+00
   outer loop
     vertex  8.000000e+00  6.400000e+00  0.000000e+00
     vertex  8.370590e+00  2.982963e+00  0.000000e+00
     vertex  8.250000e+00  2.933013e+00  0.000000e+00
   endloop
 endfacet
 facet normal  0.000000e+00  0.000000e+00 -1.000000e+00
   outer loop
     vertex  8.000000e+00  6.400000e+00  0.000000e+00
     vertex  8.500000e+00  3.000000e+00  0.000000e+00
     vertex  8.370590e+00  2.982963e+00  0.000000e+00
   endloop
 endfacet
 facet normal -0.000000e+00 -0.000000e+00 -1.000000e+00
   outer loop
     vertex  8.000000e+00  6.400000e+00  0.000000e+00
     vertex  8.250000e+00  2.933013e+00  0.000000e+00
     vertex  7.585890e+00  6.454519e+00  0.000000e+00
   endloop
 endfacet
 facet normal  0.000000e+00  0.000000e+00 -1.000000e+00
   outer loop
     vertex  6.454519e+00  8.414110e+00  0.000000e+00
     vertex -6.400000e+00  8.000000e+00  0.000000e+00
     vertex -6.454519e+00  8.414110e+00  0.000000e+00
   endloop
 endfacet
 facet normal  0.000000e+00  0.000000e+00 -1.000000e+00
   outer loop
     vertex  6.454519e+00  8.414110e+00  0.000000e+00
     vertex  6.400000e+00  8.000000e+00  0.000000e+00
     vertex -6.400000e+00  8.000000e+00  0.000000e+00
   endloop
 endfacet
 facet normal  0.000000e+00  0.000000e+00 -1.000000e+00
   outer loop
     vertex  8.414110e+00  6.454519e+00  0.000000e+00
     vertex  8.629410e+00  2.982963e+00  0.000000e+00
     vertex  8.500000e+00  3.000000e+00  0.000000e+00
   endloop
 endfacet
 facet normal  0.000000e+00 -0.000000e+00 -1.000000e+00
   outer loop
     vertex  8.414110e+00  6.454519e+00  0.000000e+00
     vertex  8.500000e+00  3.000000e+00  0.000000e+00
     vertex  8.000000e+00  6.400000e+00  0.000000e+00
   endloop
 endfacet
 facet normal  0.000000e+00  0.000000e+00 -1.000000e+00
   outer loop
     vertex  6.614359e+00  8.800000e+00  0.000000e+00
     vertex -6.454519e+00  8.414110e+00  0.000000e+00
     vertex -6.614359e+00  8.800000e+00  0.000000e+00
   endloop
 endfacet
 facet normal  0.000000e+00  0.000000e+00 -1.000000e+00
   outer loop
     vertex  6.614359e+00  8.800000e+00  0.000000e+00
     vertex  6.454519e+00  8.414110e+00  0.000000e+00
     vertex -6.454519e+00  8.414110e+00  0.000000e+00
   endloop
 endfacet
 facet normal  0.000000e+00  0.000000e+00 -1.000000e+00
   outer loop
     vertex  8.800000e+00  6.614359e+00  0.000000e+00
     vertex  8.750000e+00  2.933013e+00  0.000000e+00
     vertex  8.629410e+00  2.982963e+00  0.000000e+00
   endloop
 endfacet
 facet normal  0.000000e+00 -0.000000e+00 -1.000000e+00
   outer loop
     vertex  8.800000e+00  6.614359e+00  0.000000e+00
     vertex  8.853553e+00  2.853553e+00  0.000000e+00
     vertex  8.750000e+00  2.933013e+00  0.000000e+00
   endloop
 endfacet
 facet normal  0.000000e+00  0.000000e+00 -1.000000e+00
   outer loop
     vertex  8.800000e+00  6.614359e+00  0.000000e+00
     vertex  8.629410e+00  2.982963e+00  0.000000e+00
     vertex  8.414110e+00  6.454519e+00  0.000000e+00
   endloop
 endfacet
 facet normal  0.000000e+00  0.000000e+00 -1.000000e+00
   outer loop
     vertex  6.868629e+00  9.131371e+00  0.000000e+00
     vertex -6.614359e+00  8.800000e+00  0.000000e+00
     vertex -6.868629e+00  9.131371e+00  0.000000e+00
   endloop
 endfacet
 facet normal  0.000000e+00  0.000000e+00 -1.000000e+00
   outer loop
     vertex  6.868629e+00  9.131371e+00  0.000000e+00
     vertex  6.614359e+00  8.800000e+00  0.000000e+00
     vertex -6.614359e+00  8.800000e+00  0.000000e+00
   endloop
 endfacet
 facet normal  0.000000e+00  0.000000e+00 -1.000000e+00
   outer loop
     vertex  9.131371e+00  6.868629e+00  0.000000e+00
     vertex  8.933013e+00  2.750000e+00  0.000000e+00
     vertex  8.853553e+00  2.853553e+00  0.000000e+00
   endloop
 endfacet
 facet normal  0.000000e+00  0.000000e+00 -1.000000e+00
   outer loop
     vertex  9.131371e+00  6.868629e+00  0.000000e+00
     vertex  8.853553e+00  2.853553e+00  0.000000e+00
     vertex  8.800000e+00  6.614359e+00  0.000000e+00
   endloop
 endfacet
 facet normal  0.000000e+00  0.000000e+00 -1.000000e+00
   outer loop
     vertex  7.200000e+00  9.385641e+00  0.000000e+00
     vertex  6.868629e+00  9.131371e+00  0.000000e+00
     vertex -6.868629e+00  9.131371e+00  0.000000e+00
   endloop
 endfacet
 facet normal  0.000000e+00  0.000000e+00 -1.000000e+00
   outer loop
     vertex  7.200000e+00  9.385641e+00  0.000000e+00
     vertex -6.868629e+00  9.131371e+00  0.000000e+00
     vertex -7.200000e+00  9.385641e+00  0.000000e+00
   endloop
 endfacet
 facet normal  0.000000e+00  0.000000e+00 -1.000000e+00
   outer loop
     vertex  9.385641e+00  7.200000e+00  0.000000e+00
     vertex  8.933013e+00  2.750000e+00  0.000000e+00
     vertex  9.131371e+00  6.868629e+00  0.000000e+00
   endloop
 endfacet
 facet normal  0.000000e+00  0.000000e+00 -1.000000e+00
   outer loop
     vertex  9.385641e+00  7.200000e+00  0.000000e+00
     vertex  8.982963e+00  2.629410e+00  0.000000e+00
     vertex  8.933013e+00  2.750000e+00  0.000000e+00
   endloop
 endfacet
 facet normal  0.000000e+00  0.000000e+00 -1.000000e+00
   outer loop
     vertex  9.545481e+00  7.585890e+00  0.000000e+00
     vertex  9.000000e+00  2.500000e+00  0.000000e+00
     vertex  8.982963e+00  2.629410e+00  0.000000e+00
   endloop
 endfacet
 facet normal  0.000000e+00  0.000000e+00 -1.000000e+00
   outer loop
     vertex  9.545481e+00  7.585890e+00  0.000000e+00
     vertex  8.982963e+00  2.629410e+00  0.000000e+00
     vertex  9.385641e+00  7.200000e+00  0.000000e+00
   endloop
 endfacet
 facet normal  0.000000e+00  0.000000e+00 -1.000000e+00
   outer loop
     vertex  1.100000e+01  1.100000e+01  0.000000e+00
     vertex  9.000000e+00  2.500000e+00  0.000000e+00
     vertex  9.545481e+00  7.585890e+00  0.000000e+00
   endloop
 endfacet
 facet normal  0.000000e+00 -0.000000e+00 -1.000000e+00
   outer loop
     vertex  1.100000e+01  1.100000e+01  0.000000e+00
     vertex  1.100000e+01 -1.100000e+01  0.000000e+00
     vertex  9.000000e+00 -4.000000e-02  0.000000e+00
   endloop
 endfacet
 facet normal  0.000000e+00  0.000000e+00 -1.000000e+00
   outer loop
     vertex  1.100000e+01  1.100000e+01  0.000000e+00
     vertex  8.000000e+00  9.600000e+00  0.000000e+00
     vertex  7.585890e+00  9.545481e+00  0.000000e+00
   endloop
 endfacet
 facet normal  0.000000e+00  0.000000e+00 -1.000000e+00
   outer loop
     vertex  1.100000e+01  1.100000e+01  0.000000e+00
     vertex  8.414110e+00  9.545481e+00  0.000000e+00
     vertex  8.000000e+00  9.600000e+00  0.000000e+00
   endloop
 endfacet
 facet normal  0.000000e+00  0.000000e+00 -1.000000e+00
   outer loop
     vertex  1.100000e+01  1.100000e+01  0.000000e+00
     vertex  8.800000e+00  9.385641e+00  0.000000e+00
     vertex  8.414110e+00  9.545481e+00  0.000000e+00
   endloop
 endfacet
 facet normal  0.000000e+00  0.000000e+00 -1.000000e+00
   outer loop
     vertex  1.100000e+01  1.100000e+01  0.000000e+00
     vertex  9.131371e+00  9.131371e+00  0.000000e+00
     vertex  8.800000e+00  9.385641e+00  0.000000e+00
   endloop
 endfacet
 facet normal  0.000000e+00  0.000000e+00 -1.000000e+00
   outer loop
     vertex  1.100000e+01  1.100000e+01  0.000000e+00
     vertex  9.385641e+00  8.800000e+00  0.000000e+00
     vertex  9.131371e+00  9.131371e+00  0.000000e+00
   endloop
 endfacet
 facet normal  0.000000e+00  0.000000e+00 -1.000000e+00
   outer loop
     vertex  1.100000e+01  1.100000e+01  0.000000e+00
     vertex  9.545481e+00  8.414110e+00  0.000000e+00
     vertex  9.385641e+00  8.800000e+00  0.000000e+00
   endloop
 endfacet
 facet normal  0.000000e+00  0.000000e+00 -1.000000e+00
   outer loop
     vertex  1.100000e+01  1.100000e+01  0.000000e+00
     vertex  9.600000e+00  8.000000e+00  0.000000e+00
     vertex  9.545481e+00  8.414110e+00  0.000000e+00
   endloop
 endfacet
 facet normal  0.000000e+00  0.000000e+00 -1.000000e+00
   outer loop
     vertex  1.100000e+01  1.100000e+01  0.000000e+00
     vertex  9.545481e+00  7.585890e+00  0.000000e+00
     vertex  9.600000e+00  8.000000e+00  0.000000e+00
   endloop
 endfacet
 facet normal  0.000000e+00  0.000000e+00 -1.000000e+00
   outer loop
     vertex  1.100000e+01  1.100000e+01  0.000000e+00
     vertex  9.000000e+00 -4.000000e-02  0.000000e+00
     vertex  9.000000e+00  2.500000e+00  0.000000e+00
   endloop
 endfacet
 facet normal -0.000000e+00  0.000000e+00 -1.000000e+00
   outer loop
     vertex  1.100000e+01  1.100000e+01  0.000000e+00
     vertex  7.585890e+00  9.545481e+00  0.000000e+00
     vertex -1.100000e+01  1.100000e+01  0.000000e+00
   endloop
 endfacet
 facet normal -0.000000e+00  0.000000e+00 -1.000000e+00
   outer loop
     vertex  7.585890e+00  9.545481e+00  0.000000e+00
     vertex  7.200000e+00  9.385641e+00  0.000000e+00
     vertex -1.100000e+01  1.100000e+01  0.000000e+00
   endloop
 endfacet
 facet normal  0.000000e+00  0.000000e+00 -1.000000e+00
   outer loop
     vertex  7.200000e+00  9.385641e+00  0.000000e+00
     vertex -7.585890e+00  9.545481e+00  0.000000e+00
     vertex -1.100000e+01  1.100000e+01  0.000000e+00
   endloop
 endfacet
 facet normal -0.000000e+00  0.000000e+00 -1.000000e+00
   outer loop
     vertex  7.200000e+00  9.385641e+00  0.000000e+00
     vertex -7.200000e+00  9.385641e+00  0.000000e+00
     vertex -7.585890e+00  9.545481e+00  0.000000e+00
   endloop
 endfacet
 facet normal  0.000000e+00  0.000000e+00  1.000000e+00
   outer loop
     vertex -9.385641e+00 -8.800000e+00  1.510198e+00
     vertex -1.100000e+01 -1.100000e+01  1.510198e+00
     vertex -9.131371e+00 -9.131371e+00  1.510198e+00
   endloop
 endfacet
 facet normal  0.000000e+00  0.000000e+00  1.000000e+00
   outer loop
     vertex -8.800000e+00 -9.385641e+00  1.510198e+00
     vertex -9.131371e+00 -9.131371e+00  1.510198e+00
     vertex -1.100000e+01 -1.100000e+01  1.510198e+00
   endloop
 endfacet
 facet normal  0.000000e+00  0.000000e+00  1.000000e+00
   outer loop
     vertex -9.545481e+00 -8.414110e+00  1.510198e+00
     vertex -1.100000e+01 -1.100000e+01  1.510198e+00
     vertex -9.385641e+00 -8.800000e+00  1.510198e+00
   endloop
 endfacet
 facet normal  0.000000e+00  0.000000e+00  1.000000e+00
   outer loop
     vertex -8.414110e+00 -9.545481e+00  1.510198e+00
     vertex -8.800000e+00 -9.385641e+00  1.510198e+00
     vertex -1.100000e+01 -1.100000e+01  1.510198e+00
   endloop
 endfacet
 facet normal  0.000000e+00  0.000000e+00  1.000000e+00
   outer loop
     vertex -8.000000e+00 -9.600000e+00  1.510198e+00
     vertex -8.414110e+00 -9.545481e+00  1.510198e+00
     vertex -1.100000e+01 -1.100000e+01  1.510198e+00
   endloop
 endfacet
 facet normal  0.000000e+00  0.000000e+00  1.000000e+00
   outer loop
     vertex -9.600000e+00 -8.000000e+00  1.510198e+00
     vertex -1.100000e+01 -1.100000e+01  1.510198e+00
     vertex -9.545481e+00 -8.414110e+00  1.510198e+00
   endloop
 endfacet
 facet normal  0.000000e+00  0.000000e+00  1.000000e+00
   outer loop
     vertex -9.545481e+00 -7.585890e+00  1.510198e+00
     vertex -1.100000e+01 -1.100000e+01  1.510198e+00
     vertex -9.600000e+00 -8.000000e+00  1.510198e+00
   endloop
 endfacet
 facet normal  0.000000e+00  0.000000e+00  1.000000e+00
   outer loop
     vertex -7.585890e+00 -9.545481e+00  1.510198e+00
     vertex -8.000000e+00 -9.600000e+00  1.510198e+00
     vertex -1.100000e+01 -1.100000e+01  1.510198e+00
   endloop
 endfacet
 facet normal  0.000000e+00  0.000000e+00  1.000000e+00
   outer loop
     vertex -8.853553e+00 -2.933553e+00  1.510198e+00
     vertex -9.131371e+00 -6.868629e+00  1.510198e+00
     vertex -8.800000e+00 -6.614359e+00  1.510198e+00
   endloop
 endfacet
 facet normal  0.000000e+00  0.000000e+00  1.000000e+00
   outer loop
     vertex -8.750000e+00 -3.013013e+00  1.510198e+00
     vertex -8.853553e+00 -2.933553e+00  1.510198e+00
     vertex -8.800000e+00 -6.614359e+00  1.510198e+00
   endloop
 endfacet
 facet normal  0.000000e+00  0.000000e+00  1.000000e+00
   outer loop
     vertex -8.933013e+00 -2.830000e+00  1.510198e+00
     vertex -9.385641e+00 -7.200000e+00  1.510198e+00
     vertex -9.131371e+00 -6.868629e+00  1.510198e+00
   endloop
 endfacet
 facet normal  0.000000e+00  0.000000e+00  1.000000e+00
   outer loop
     vertex -8.933013e+00 -2.830000e+00  1.510198e+00
     vertex -9.131371e+00 -6.868629e+00  1.510198e+00
     vertex -8.853553e+00 -2.933553e+00  1.510198e+00
   endloop
 endfacet
 facet normal  0.000000e+00  0.000000e+00  1.000000e+00
   outer loop
     vertex -8.982963e+00 -2.709410e+00  1.510198e+00
     vertex -9.545481e+00 -7.585890e+00  1.510198e+00
     vertex -9.385641e+00 -7.200000e+00  1.510198e+00
   endloop
 endfacet
 facet normal  0.000000e+00  0.000000e+00  1.000000e+00
   outer loop
     vertex -8.982963e+00 -2.709410e+00  1.510198e+00
     vertex -9.385641e+00 -7.200000e+00  1.510198e+00
     vertex -8.933013e+00 -2.830000e+00  1.510198e+00
   endloop
 endfacet
 facet normal  0.000000e+00  0.000000e+00  1.000000e+00
   outer loop
     vertex -8.629410e+00 -3.062963e+00  1.510198e+00
     vertex -8.800000e+00 -6.614359e+00  1.510198e+00
     vertex -8.414110e+00 -6.454519e+00  1.510198e+00
   endloop
 endfacet
 facet normal  0.000000e+00  0.000000e+00  1.000000e+00
   outer loop
     vertex -8.629410e+00 -3.062963e+00  1.510198e+00
     vertex -8.750000e+00 -3.013013e+00  1.510198e+00
     vertex -8.800000e+00 -6.614359e+00  1.510198e+00
   endloop
 endfacet
 facet normal  0.000000e+00  0.000000e+00  1.000000e+00
   outer loop
     vertex -8.500000e+00 -3.080000e+00  1.510198e+00
     vertex -8.414110e+00 -6.454519e+00  1.510198e+00
     vertex -8.000000e+00 -6.400000e+00  1.510198e+00
   endloop
 endfacet
 facet normal  0.000000e+00  0.000000e+00  1.000000e+00
   outer loop
     vertex -8.500000e+00 -3.080000e+00  1.510198e+00
     vertex -8.629410e+00 -3.062963e+00  1.510198e+00
     vertex -8.414110e+00 -6.454519e+00  1.510198e+00
   endloop
 endfacet
 facet normal  0.000000e+00  0.000000e+00  1.000000e+00
   outer loop
     vertex -9.000000e+00 -2.580000e+00  1.510198e+00
     vertex -1.100000e+01 -1.100000e+01  1.510198e+00
     vertex -9.545481e+00 -7.585890e+00  1.510198e+00
   endloop
 endfacet
 facet normal  0.000000e+00  0.000000e+00  1.000000e+00
   outer loop
     vertex -9.000000e+00 -2.580000e+00  1.510198e+00
     vertex -9.545481e+00 -7.585890e+00  1.510198e+00
     vertex -8.982963e+00 -2.709410e+00  1.510198e+00
   endloop
 endfacet
 facet normal  0.000000e+00  0.000000e+00  1.000000e+00
   outer loop
     vertex -8.370590e+00 -3.062963e+00  1.510198e+00
     vertex -8.500000e+00 -3.080000e+00  1.510198e+00
     vertex -8.000000e+00 -6.400000e+00  1.510198e+00
   endloop
 endfacet
 facet normal  0.000000e+00  0.000000e+00  1.000000e+00
   outer loop
     vertex -8.250000e+00 -3.013013e+00  1.510198e+00
     vertex -8.000000e+00 -6.400000e+00  1.510198e+00
     vertex -7.585890e+00 -6.454519e+00  1.510198e+00
   endloop
 endfacet
 facet normal  0.000000e+00  0.000000e+00  1.000000e+00
   outer loop
     vertex -8.250000e+00 -3.013013e+00  1.510198e+00
     vertex -8.370590e+00 -3.062963e+00  1.510198e+00
     vertex -8.000000e+00 -6.400000e+00  1.510198e+00
   endloop
 endfacet
 facet normal  0.000000e+00  0.000000e+00  1.000000e+00
   outer loop
     vertex -8.146447e+00 -2.933553e+00  1.510198e+00
     vertex -8.250000e+00 -3.013013e+00  1.510198e+00
     vertex -7.585890e+00 -6.454519e+00  1.510198e+00
   endloop
 endfacet
 facet normal  0.000000e+00  0.000000e+00  1.000000e+00
   outer loop
     vertex -8.146447e+00 -2.933553e+00  1.510198e+00
     vertex -7.585890e+00 -6.454519e+00  1.510198e+00
     vertex -7.200000e+00 -6.614359e+00  1.510198e+00
   endloop
 endfacet
 facet normal  0.000000e+00  0.000000e+00  1.000000e+00
   outer loop
     vertex -8.066987e+00 -2.830000e+00  1.510198e+00
     vertex -8.146447e+00 -2.933553e+00  1.510198e+00
     vertex -7.200000e+00 -6.614359e+00  1.510198e+00
   endloop
 endfacet
 facet normal  0.000000e+00  0.000000e+00  1.000000e+00
   outer loop
     vertex -8.066987e+00 -2.830000e+00  1.510198e+00
     vertex -7.200000e+00 -6.614359e+00  1.510198e+00
     vertex -6.868629e+00 -6.868629e+00  1.510198e+00
   endloop
 endfacet
 facet normal  0.000000e+00  0.000000e+00  1.000000e+00
   outer loop
     vertex -8.017037e+00 -2.709410e+00  1.510198e+00
     vertex -8.066987e+00 -2.830000e+00  1.510198e+00
     vertex -6.868629e+00 -6.868629e+00  1.510198e+00
   endloop
 endfacet
 facet normal  0.000000e+00  0.000000e+00  1.000000e+00
   outer loop
     vertex -8.000000e+00 -2.580000e+00  1.510198e+00
     vertex -6.868629e+00 -6.868629e+00  1.510198e+00
     vertex -6.614359e+00 -7.200000e+00  1.510198e+00
   endloop
 endfacet
 facet normal  0.000000e+00  0.000000e+00  1.000000e+00
   outer loop
     vertex -8.000000e+00 -2.580000e+00  1.510198e+00
     vertex -8.017037e+00 -2.709410e+00  1.510198e+00
     vertex -6.868629e+00 -6.868629e+00  1.510198e+00
   endloop
 endfacet
 facet normal  0.000000e+00  0.000000e+00  1.000000e+00
   outer loop
     vertex -8.750000e+00 -4.730127e-01  1.510198e+00
     vertex -8.853553e+00 -3.935534e-01  1.510198e+00
     vertex -8.853553e+00 -2.226447e+00  1.510198e+00
   endloop
 endfacet
 facet normal  0.000000e+00  0.000000e+00  1.000000e+00
   outer loop
     vertex -8.750000e+00 -4.730127e-01  1.510198e+00
     vertex -8.853553e+00 -2.226447e+00  1.510198e+00
     vertex -8.750000e+00 -2.146987e+00  1.510198e+00
   endloop
 endfacet
 facet normal  0.000000e+00  0.000000e+00  1.000000e+00
   outer loop
     vertex -8.750000e+00 -4.730127e-01  1.510198e+00
     vertex -8.750000e+00 -2.146987e+00  1.510198e+00
     vertex -8.629410e+00 -2.097037e+00  1.510198e+00
   endloop
 endfacet
 facet normal  0.000000e+00  0.000000e+00  1.000000e+00
   outer loop
     vertex -8.933013e+00 -2.900000e-01  1.510198e+00
     vertex -8.853553e+00 -2.226447e+00  1.510198e+00
     vertex -8.853553e+00 -3.935534e-01  1.510198e+00
   endloop
 endfacet
 facet normal  0.000000e+00  0.000000e+00  1.000000e+00
   outer loop
     vertex -8.933013e+00 -2.900000e-01  1.510198e+00
     vertex -8.982963e+00 -2.450590e+00  1.510198e+00
     vertex -8.933013e+00 -2.330000e+00  1.510198e+00
   endloop
 endfacet
 facet normal  0.000000e+00  0.000000e+00  1.000000e+00
   outer loop
     vertex -8.933013e+00 -2.900000e-01  1.510198e+00
     vertex -8.933013e+00 -2.330000e+00  1.510198e+00
     vertex -8.853553e+00 -2.226447e+00  1.510198e+00
   endloop
 endfacet
 facet normal  0.000000e+00  0.000000e+00  1.000000e+00
   outer loop
     vertex -8.982963e+00 -1.694095e-01  1.510198e+00
     vertex -8.982963e+00 -2.450590e+00  1.510198e+00
     vertex -8.933013e+00 -2.900000e-01  1.510198e+00
   endloop
 endfacet
 facet normal  0.000000e+00  0.000000e+00  1.000000e+00
   outer loop
     vertex -8.629410e+00 -5.229629e-01  1.510198e+00
     vertex -8.750000e+00 -4.730127e-01  1.510198e+00
     vertex -8.629410e+00 -2.097037e+00  1.510198e+00
   endloop
 endfacet
 facet normal  0.000000e+00  0.000000e+00  1.000000e+00
   outer loop
     vertex -8.500000e+00 -5.400000e-01  1.510198e+00
     vertex -8.629410e+00 -2.097037e+00  1.510198e+00
     vertex -8.500000e+00 -2.080000e+00  1.510198e+00
   endloop
 endfacet
 facet normal  0.000000e+00  0.000000e+00  1.000000e+00
   outer loop
     vertex -8.500000e+00 -5.400000e-01  1.510198e+00
     vertex -8.629410e+00 -5.229629e-01  1.510198e+00
     vertex -8.629410e+00 -2.097037e+00  1.510198e+00
   endloop
 endfacet
 facet normal  0.000000e+00  0.000000e+00  1.000000e+00
   outer loop
     vertex -9.000000e+00 -4.000000e-02  1.510198e+00
     vertex -1.100000e+01 -1.100000e+01  1.510198e+00
     vertex -9.000000e+00 -2.580000e+00  1.510198e+00
   endloop
 endfacet
 facet normal  0.000000e+00  0.000000e+00  1.000000e+00
   outer loop
     vertex -9.000000e+00 -4.000000e-02  1.510198e+00
     vertex -9.000000e+00 -2.580000e+00  1.510198e+00
     vertex -8.982963e+00 -2.450590e+00  1.510198e+00
   endloop
 endfacet
 facet normal  0.000000e+00  0.000000e+00  1.000000e+00
   outer loop
     vertex -9.000000e+00 -4.000000e-02  1.510198e+00
     vertex -8.982963e+00 -2.450590e+00  1.510198e+00
     vertex -8.982963e+00 -1.694095e-01  1.510198e+00
   endloop
 endfacet
 facet normal  0.000000e+00  0.000000e+00  1.000000e+00
   outer loop
     vertex -8.370590e+00 -5.229629e-01  1.510198e+00
     vertex -8.500000e+00 -2.080000e+00  1.510198e+00
     vertex -8.370590e+00 -2.097037e+00  1.510198e+00
   endloop
 endfacet
 facet normal  0.000000e+00  0.000000e+00  1.000000e+00
   outer loop
     vertex -8.370590e+00 -5.229629e-01  1.510198e+00
     vertex -8.500000e+00 -5.400000e-01  1.510198e+00
     vertex -8.500000e+00 -2.080000e+00  1.510198e+00
   endloop
 endfacet
 facet normal  0.000000e+00  0.000000e+00  1.000000e+00
   outer loop
     vertex -8.250000e+00 -4.730127e-01  1.510198e+00
     vertex -8.370590e+00 -5.229629e-01  1.510198e+00
     vertex -8.370590e+00 -2.097037e+00  1.510198e+00
   endloop
 endfacet
 facet normal  0.000000e+00  0.000000e+00  1.000000e+00
   outer loop
     vertex -8.250000e+00 -4.730127e-01  1.510198e+00
     vertex -8.370590e+00 -2.097037e+00  1.510198e+00
     vertex -8.250000e+00 -2.146987e+00  1.510198e+00
   endloop
 endfacet
 facet normal  0.000000e+00  0.000000e+00  1.000000e+00
   outer loop
     vertex -8.146447e+00 -3.935534e-01  1.510198e+00
     vertex -8.250000e+00 -2.146987e+00  1.510198e+00
     vertex -8.146447e+00 -2.226447e+00  1.510198e+00
   endloop
 endfacet
 facet normal  0.000000e+00  0.000000e+00  1.000000e+00
   outer loop
     vertex -8.146447e+00 -3.935534e-01  1.510198e+00
     vertex -8.250000e+00 -4.730127e-01  1.510198e+00
     vertex -8.250000e+00 -2.146987e+00  1.510198e+00
   endloop
 endfacet
 facet normal  0.000000e+00  0.000000e+00  1.000000e+00
   outer loop
     vertex -8.066987e+00 -2.900000e-01  1.510198e+00
     vertex -8.146447e+00 -2.226447e+00  1.510198e+00
     vertex -8.066987e+00 -2.330000e+00  1.510198e+00
   endloop
 endfacet
 facet normal  0.000000e+00  0.000000e+00  1.000000e+00
   outer loop
     vertex -8.066987e+00 -2.900000e-01  1.510198e+00
     vertex -8.066987e+00 -2.330000e+00  1.510198e+00
     vertex -8.017037e+00 -2.450590e+00  1.510198e+00
   endloop
 endfacet
 facet normal  0.000000e+00  0.000000e+00  1.000000e+00
   outer loop
     vertex -8.066987e+00 -2.900000e-01  1.510198e+00
     vertex -8.146447e+00 -3.935534e-01  1.510198e+00
     vertex -8.146447e+00 -2.226447e+00  1.510198e+00
   endloop
 endfacet
 facet normal  0.000000e+00  0.000000e+00  1.000000e+00
   outer loop
     vertex -8.017037e+00 -1.694095e-01  1.510198e+00
     vertex -8.066987e+00 -2.900000e-01  1.510198e+00
     vertex -8.017037e+00 -2.450590e+00  1.510198e+00
   endloop
 endfacet
 facet normal  0.000000e+00  0.000000e+00  1.000000e+00
   outer loop
     vertex -8.750000e+00  2.066987e+00  1.510198e+00
     vertex -8.853553e+00  3.135534e-01  1.510198e+00
     vertex -8.750000e+00  3.930127e-01  1.510198e+00
   endloop
 endfacet
 facet normal  0.000000e+00  0.000000e+00  1.000000e+00
   outer loop
     vertex -8.750000e+00  2.066987e+00  1.510198e+00
     vertex -8.853553e+00  2.146447e+00  1.510198e+00
     vertex -8.853553e+00  3.135534e-01  1.510198e+00
   endloop
 endfacet
 facet normal  0.000000e+00  0.000000e+00  1.000000e+00
   outer loop
     vertex -8.933013e+00  2.250000e+00  1.510198e+00
     vertex -8.982963e+00  8.940952e-02  1.510198e+00
     vertex -8.933013e+00  2.100000e-01  1.510198e+00
   endloop
 endfacet
 facet normal  0.000000e+00  0.000000e+00  1.000000e+00
   outer loop
     vertex -8.933013e+00  2.250000e+00  1.510198e+00
     vertex -8.933013e+00  2.100000e-01  1.510198e+00
     vertex -8.853553e+00  3.135534e-01  1.510198e+00
   endloop
 endfacet
 facet normal  0.000000e+00  0.000000e+00  1.000000e+00
   outer loop
     vertex -8.933013e+00  2.250000e+00  1.510198e+00
     vertex -8.853553e+00  3.135534e-01  1.510198e+00
     vertex -8.853553e+00  2.146447e+00  1.510198e+00
   endloop
 endfacet
 facet normal  0.000000e+00  0.000000e+00  1.000000e+00
   outer loop
     vertex -8.629410e+00  2.017037e+00  1.510198e+00
     vertex -8.750000e+00  3.930127e-01  1.510198e+00
     vertex -8.629410e+00  4.429629e-01  1.510198e+00
   endloop
 endfacet
 facet normal  0.000000e+00  0.000000e+00  1.000000e+00
   outer loop
     vertex -8.629410e+00  2.017037e+00  1.510198e+00
     vertex -8.750000e+00  2.066987e+00  1.510198e+00
     vertex -8.750000e+00  3.930127e-01  1.510198e+00
   endloop
 endfacet
 facet normal  0.000000e+00  0.000000e+00  1.000000e+00
   outer loop
     vertex -8.982963e+00  2.370590e+00  1.510198e+00
     vertex -8.982963e+00  8.940952e-02  1.510198e+00
     vertex -8.933013e+00  2.250000e+00  1.510198e+00
   endloop
 endfacet
 facet normal  0.000000e+00  0.000000e+00  1.000000e+00
   outer loop
     vertex -8.500000e+00  2.000000e+00  1.510198e+00
     vertex -8.629410e+00  4.429629e-01  1.510198e+00
     vertex -8.500000e+00  4.600000e-01  1.510198e+00
   endloop
 endfacet
 facet normal  0.000000e+00  0.000000e+00  1.000000e+00
   outer loop
     vertex -8.500000e+00  2.000000e+00  1.510198e+00
     vertex -8.629410e+00  2.017037e+00  1.510198e+00
     vertex -8.629410e+00  4.429629e-01  1.510198e+00
   endloop
 endfacet
 facet normal  0.000000e+00  0.000000e+00  1.000000e+00
   outer loop
     vertex -9.000000e+00  2.500000e+00  1.510198e+00
     vertex -8.982963e+00  8.940952e-02  1.510198e+00
     vertex -8.982963e+00  2.370590e+00  1.510198e+00
   endloop
 endfacet
 facet normal  0.000000e+00  0.000000e+00  1.000000e+00
   outer loop
     vertex -9.000000e+00  2.500000e+00  1.510198e+00
     vertex -9.000000e+00 -4.000000e-02  1.510198e+00
     vertex -8.982963e+00  8.940952e-02  1.510198e+00
   endloop
 endfacet
 facet normal  0.000000e+00  0.000000e+00  1.000000e+00
   outer loop
     vertex -8.370590e+00  2.017037e+00  1.510198e+00
     vertex -8.500000e+00  2.000000e+00  1.510198e+00
     vertex -8.500000e+00  4.600000e-01  1.510198e+00
   endloop
 endfacet
 facet normal  0.000000e+00  0.000000e+00  1.000000e+00
   outer loop
     vertex -8.370590e+00  2.017037e+00  1.510198e+00
     vertex -8.500000e+00  4.600000e-01  1.510198e+00
     vertex -8.370590e+00  4.429629e-01  1.510198e+00
   endloop
 endfacet
 facet normal  0.000000e+00  0.000000e+00  1.000000e+00
   outer loop
     vertex -8.250000e+00  2.066987e+00  1.510198e+00
     vertex -8.370590e+00  4.429629e-01  1.510198e+00
     vertex -8.250000e+00  3.930127e-01  1.510198e+00
   endloop
 endfacet
 facet normal  0.000000e+00  0.000000e+00  1.000000e+00
   outer loop
     vertex -8.250000e+00  2.066987e+00  1.510198e+00
     vertex -8.370590e+00  2.017037e+00  1.510198e+00
     vertex -8.370590e+00  4.429629e-01  1.510198e+00
   endloop
 endfacet
 facet normal  0.000000e+00  0.000000e+00  1.000000e+00
   outer loop
     vertex -8.146447e+00  2.146447e+00  1.510198e+00
     vertex -8.250000e+00  2.066987e+00  1.510198e+00
     vertex -8.250000e+00  3.930127e-01  1.510198e+00
   endloop
 endfacet
 facet normal  0.000000e+00  0.000000e+00  1.000000e+00
   outer loop
     vertex -8.146447e+00  2.146447e+00  1.510198e+00
     vertex -8.250000e+00  3.930127e-01  1.510198e+00
     vertex -8.146447e+00  3.135534e-01  1.510198e+00
   endloop
 endfacet
 facet normal  0.000000e+00  0.000000e+00  1.000000e+00
   outer loop
     vertex -8.066987e+00  2.250000e+00  1.510198e+00
     vertex -8.146447e+00  3.135534e-01  1.510198e+00
     vertex -8.066987e+00  2.100000e-01  1.510198e+00
   endloop
 endfacet
 facet normal  0.000000e+00  0.000000e+00  1.000000e+00
   outer loop
     vertex -8.066987e+00  2.250000e+00  1.510198e+00
     vertex -8.146447e+00  2.146447e+00  1.510198e+00
     vertex -8.146447e+00  3.135534e-01  1.510198e+00
   endloop
 endfacet
 facet normal  0.000000e+00  0.000000e+00  1.000000e+00
   outer loop
     vertex -8.017037e+00  2.370590e+00  1.510198e+00
     vertex -8.066987e+00  2.100000e-01  1.510198e+00
     vertex -8.017037e+00  8.940952e-02  1.510198e+00
   endloop
 endfacet
 facet normal  0.000000e+00  0.000000e+00  1.000000e+00
   outer loop
     vertex -8.017037e+00  2.370590e+00  1.510198e+00
     vertex -8.066987e+00  2.250000e+00  1.510198e+00
     vertex -8.066987e+00  2.100000e-01  1.510198e+00
   endloop
 endfacet
 facet normal  0.000000e+00  0.000000e+00  1.000000e+00
   outer loop
     vertex -9.131371e+00  6.868629e+00  1.510198e+00
     vertex -8.933013e+00  2.750000e+00  1.510198e+00
     vertex -8.853553e+00  2.853553e+00  1.510198e+00
   endloop
 endfacet
 facet normal  0.000000e+00  0.000000e+00  1.000000e+00
   outer loop
     vertex  7.200000e+00 -9.385641e+00  1.510198e+00
     vertex -6.868629e+00 -9.131371e+00  1.510198e+00
     vertex -7.200000e+00 -9.385641e+00  1.510198e+00
   endloop
 endfacet
 facet normal  0.000000e+00  0.000000e+00  1.000000e+00
   outer loop
     vertex  7.200000e+00 -9.385641e+00  1.510198e+00
     vertex  6.868629e+00 -9.131371e+00  1.510198e+00
     vertex -6.868629e+00 -9.131371e+00  1.510198e+00
   endloop
 endfacet
 facet normal  0.000000e+00  0.000000e+00  1.000000e+00
   outer loop
     vertex  6.614359e+00 -8.800000e+00  1.510198e+00
     vertex -6.614359e+00 -8.800000e+00  1.510198e+00
     vertex -6.868629e+00 -9.131371e+00  1.510198e+00
   endloop
 endfacet
 facet normal  0.000000e+00  0.000000e+00  1.000000e+00
   outer loop
     vertex  6.614359e+00 -8.800000e+00  1.510198e+00
     vertex -6.868629e+00 -9.131371e+00  1.510198e+00
     vertex  6.868629e+00 -9.131371e+00  1.510198e+00
   endloop
 endfacet
 facet normal  0.000000e+00  0.000000e+00  1.000000e+00
   outer loop
     vertex -9.385641e+00  7.200000e+00  1.510198e+00
     vertex -8.933013e+00  2.750000e+00  1.510198e+00
     vertex -9.131371e+00  6.868629e+00  1.510198e+00
   endloop
 endfacet
 facet normal  0.000000e+00  0.000000e+00  1.000000e+00
   outer loop
     vertex -9.385641e+00  7.200000e+00  1.510198e+00
     vertex -8.982963e+00  2.629410e+00  1.510198e+00
     vertex -8.933013e+00  2.750000e+00  1.510198e+00
   endloop
 endfacet
 facet normal  0.000000e+00  0.000000e+00  1.000000e+00
   outer loop
     vertex -8.800000e+00  6.614359e+00  1.510198e+00
     vertex -9.131371e+00  6.868629e+00  1.510198e+00
     vertex -8.853553e+00  2.853553e+00  1.510198e+00
   endloop
 endfacet
 facet normal  0.000000e+00  0.000000e+00  1.000000e+00
   outer loop
     vertex -8.800000e+00  6.614359e+00  1.510198e+00
     vertex -8.853553e+00  2.853553e+00  1.510198e+00
     vertex -8.750000e+00  2.933013e+00  1.510198e+00
   endloop
 endfacet
 facet normal  0.000000e+00  0.000000e+00  1.000000e+00
   outer loop
     vertex -8.800000e+00  6.614359e+00  1.510198e+00
     vertex -8.750000e+00  2.933013e+00  1.510198e+00
     vertex -8.629410e+00  2.982963e+00  1.510198e+00
   endloop
 endfacet
 facet normal  0.000000e+00  0.000000e+00  1.000000e+00
   outer loop
     vertex -9.545481e+00  7.585890e+00  1.510198e+00
     vertex -8.982963e+00  2.629410e+00  1.510198e+00
     vertex -9.385641e+00  7.200000e+00  1.510198e+00
   endloop
 endfacet
 facet normal  0.000000e+00  0.000000e+00  1.000000e+00
   outer loop
     vertex -9.545481e+00  7.585890e+00  1.510198e+00
     vertex -9.000000e+00  2.500000e+00  1.510198e+00
     vertex -8.982963e+00  2.629410e+00  1.510198e+00
   endloop
 endfacet
 facet normal  0.000000e+00  0.000000e+00  1.000000e+00
   outer loop
     vertex  7.585890e+00 -9.545481e+00  1.510198e+00
     vertex -7.200000e+00 -9.385641e+00  1.510198e+00
     vertex -7.585890e+00 -9.545481e+00  1.510198e+00
   endloop
 endfacet
 facet normal  0.000000e+00  0.000000e+00  1.000000e+00
   outer loop
     vertex  7.585890e+00 -9.545481e+00  1.510198e+00
     vertex  7.200000e+00 -9.385641e+00  1.510198e+00
     vertex -7.200000e+00 -9.385641e+00  1.510198e+00
   endloop
 endfacet
 facet normal  0.000000e+00  0.000000e+00  1.000000e+00
   outer loop
     vertex  6.454519e+00 -8.414110e+00  1.510198e+00
     vertex -6.454519e+00 -8.414110e+00  1.510198e+00
     vertex -6.614359e+00 -8.800000e+00  1.510198e+00
   endloop
 endfacet
 facet normal  0.000000e+00  0.000000e+00  1.000000e+00
   outer loop
     vertex  6.454519e+00 -8.414110e+00  1.510198e+00
     vertex -6.614359e+00 -8.800000e+00  1.510198e+00
     vertex  6.614359e+00 -8.800000e+00  1.510198e+00
   endloop
 endfacet
 facet normal  0.000000e+00  0.000000e+00  1.000000e+00
   outer loop
     vertex -8.414110e+00  6.454519e+00  1.510198e+00
     vertex -8.629410e+00  2.982963e+00  1.510198e+00
     vertex -8.500000e+00  3.000000e+00  1.510198e+00
   endloop
 endfacet
 facet normal  0.000000e+00  0.000000e+00  1.000000e+00
   outer loop
     vertex -8.414110e+00  6.454519e+00  1.510198e+00
     vertex -8.800000e+00  6.614359e+00  1.510198e+00
     vertex -8.629410e+00  2.982963e+00  1.510198e+00
   endloop
 endfacet
 facet normal  0.000000e+00  0.000000e+00  1.000000e+00
   outer loop
     vertex  6.400000e+00 -8.000000e+00  1.510198e+00
     vertex -6.454519e+00 -7.585890e+00  1.510198e+00
     vertex -6.400000e+00 -8.000000e+00  1.510198e+00
   endloop
 endfacet
 facet normal  0.000000e+00  0.000000e+00  1.000000e+00
   outer loop
     vertex  6.400000e+00 -8.000000e+00  1.510198e+00
     vertex -6.400000e+00 -8.000000e+00  1.510198e+00
     vertex -6.454519e+00 -8.414110e+00  1.510198e+00
   endloop
 endfacet
 facet normal  0.000000e+00  0.000000e+00  1.000000e+00
   outer loop
     vertex  6.400000e+00 -8.000000e+00  1.510198e+00
     vertex -6.454519e+00 -8.414110e+00  1.510198e+00
     vertex  6.454519e+00 -8.414110e+00  1.510198e+00
   endloop
 endfacet
 facet normal  0.000000e+00  0.000000e+00  1.000000e+00
   outer loop
     vertex -8.000000e+00  6.400000e+00  1.510198e+00
     vertex -8.414110e+00  6.454519e+00  1.510198e+00
     vertex -8.500000e+00  3.000000e+00  1.510198e+00
   endloop
 endfacet
 facet normal  0.000000e+00  0.000000e+00  1.000000e+00
   outer loop
     vertex -8.000000e+00  6.400000e+00  1.510198e+00
     vertex -8.500000e+00  3.000000e+00  1.510198e+00
     vertex -8.370590e+00  2.982963e+00  1.510198e+00
   endloop
 endfacet
 facet normal  0.000000e+00  0.000000e+00  1.000000e+00
   outer loop
     vertex -8.000000e+00  6.400000e+00  1.510198e+00
     vertex -8.370590e+00  2.982963e+00  1.510198e+00
     vertex -8.250000e+00  2.933013e+00  1.510198e+00
   endloop
 endfacet
 facet normal  0.000000e+00  0.000000e+00  1.000000e+00
   outer loop
     vertex  6.454519e+00 -7.585890e+00  1.510198e+00
     vertex -6.454519e+00 -7.585890e+00  1.510198e+00
     vertex  6.400000e+00 -8.000000e+00  1.510198e+00
   endloop
 endfacet
 facet normal  0.000000e+00  0.000000e+00  1.000000e+00
   outer loop
     vertex -7.585890e+00  6.454519e+00  1.510198e+00
     vertex -8.000000e+00  6.400000e+00  1.510198e+00
     vertex -8.250000e+00  2.933013e+00  1.510198e+00
   endloop
 endfacet
 facet normal  0.000000e+00  0.000000e+00  1.000000e+00
   outer loop
     vertex -7.585890e+00  6.454519e+00  1.510198e+00
     vertex -8.250000e+00  2.933013e+00  1.510198e+00
     vertex -8.146447e+00  2.853553e+00  1.510198e+00
   endloop
 endfacet
 facet normal  0.000000e+00  0.000000e+00  1.000000e+00
   outer loop
     vertex  6.614359e+00 -7.200000e+00  1.510198e+00
     vertex -6.614359e+00 -7.200000e+00  1.510198e+00
     vertex -6.454519e+00 -7.585890e+00  1.510198e+00
   endloop
 endfacet
 facet normal  0.000000e+00  0.000000e+00  1.000000e+00
   outer loop
     vertex  6.614359e+00 -7.200000e+00  1.510198e+00
     vertex -6.454519e+00 -7.585890e+00  1.510198e+00
     vertex  6.454519e+00 -7.585890e+00  1.510198e+00
   endloop
 endfacet
 facet normal  0.000000e+00  0.000000e+00  1.000000e+00
   outer loop
     vertex -7.200000e+00  6.614359e+00  1.510198e+00
     vertex -7.585890e+00  6.454519e+00  1.510198e+00
     vertex -8.146447e+00  2.853553e+00  1.510198e+00
   endloop
 endfacet
 facet normal  0.000000e+00  0.000000e+00  1.000000e+00
   outer loop
     vertex -7.200000e+00  6.614359e+00  1.510198e+00
     vertex -8.146447e+00  2.853553e+00  1.510198e+00
     vertex -8.066987e+00  2.750000e+00  1.510198e+00
   endloop
 endfacet
 facet normal  0.000000e+00  0.000000e+00  1.000000e+00
   outer loop
     vertex -1.100000e+01  1.100000e+01  1.510198e+00
     vertex -9.000000e+00 -4.000000e-02  1.510198e+00
     vertex -9.000000e+00  2.500000e+00  1.510198e+00
   endloop
 endfacet
 facet normal  0.000000e+00  0.000000e+00  1.000000e+00
   outer loop
     vertex -1.100000e+01  1.100000e+01  1.510198e+00
     vertex -1.100000e+01 -1.100000e+01  1.510198e+00
     vertex -9.000000e+00 -4.000000e-02  1.510198e+00
   endloop
 endfacet
 facet normal  0.000000e+00  0.000000e+00  1.000000e+00
   outer loop
     vertex -1.100000e+01  1.100000e+01  1.510198e+00
     vertex -9.000000e+00  2.500000e+00  1.510198e+00
     vertex -9.545481e+00  7.585890e+00  1.510198e+00
   endloop
 endfacet
 facet normal  0.000000e+00  0.000000e+00  1.000000e+00
   outer loop
     vertex -1.100000e+01  1.100000e+01  1.510198e+00
     vertex -9.545481e+00  7.585890e+00  1.510198e+00
     vertex -9.600000e+00  8.000000e+00  1.510198e+00
   endloop
 endfacet
 facet normal  0.000000e+00  0.000000e+00  1.000000e+00
   outer loop
     vertex -1.100000e+01  1.100000e+01  1.510198e+00
     vertex -9.600000e+00  8.000000e+00  1.510198e+00
     vertex -9.545481e+00  8.414110e+00  1.510198e+00
   endloop
 endfacet
 facet normal  0.000000e+00  0.000000e+00  1.000000e+00
   outer loop
     vertex -1.100000e+01  1.100000e+01  1.510198e+00
     vertex -9.545481e+00  8.414110e+00  1.510198e+00
     vertex -9.385641e+00  8.800000e+00  1.510198e+00
   endloop
 endfacet
 facet normal  0.000000e+00  0.000000e+00  1.000000e+00
   outer loop
     vertex -1.100000e+01  1.100000e+01  1.510198e+00
     vertex -9.385641e+00  8.800000e+00  1.510198e+00
     vertex -9.131371e+00  9.131371e+00  1.510198e+00
   endloop
 endfacet
 facet normal  0.000000e+00  0.000000e+00  1.000000e+00
   outer loop
     vertex  1.100000e+01 -1.100000e+01  1.510198e+00
     vertex  7.585890e+00 -9.545481e+00  1.510198e+00
     vertex -7.585890e+00 -9.545481e+00  1.510198e+00
   endloop
 endfacet
 facet normal  0.000000e+00  0.000000e+00  1.000000e+00
   outer loop
     vertex  1.100000e+01 -1.100000e+01  1.510198e+00
     vertex -7.585890e+00 -9.545481e+00  1.510198e+00
     vertex -1.100000e+01 -1.100000e+01  1.510198e+00
   endloop
 endfacet
 facet normal  0.000000e+00  0.000000e+00  1.000000e+00
   outer loop
     vertex  1.100000e+01 -1.100000e+01  1.510198e+00
     vertex  8.000000e+00 -9.600000e+00  1.510198e+00
     vertex  7.585890e+00 -9.545481e+00  1.510198e+00
   endloop
 endfacet
 facet normal  0.000000e+00  0.000000e+00  1.000000e+00
   outer loop
     vertex  1.100000e+01 -1.100000e+01  1.510198e+00
     vertex  8.800000e+00 -9.385641e+00  1.510198e+00
     vertex  8.414110e+00 -9.545481e+00  1.510198e+00
   endloop
 endfacet
 facet normal  0.000000e+00  0.000000e+00  1.000000e+00
   outer loop
     vertex  1.100000e+01 -1.100000e+01  1.510198e+00
     vertex  8.414110e+00 -9.545481e+00  1.510198e+00
     vertex  8.000000e+00 -9.600000e+00  1.510198e+00
   endloop
 endfacet
 facet normal  0.000000e+00  0.000000e+00  1.000000e+00
   outer loop
     vertex -6.868629e+00  6.868629e+00  1.510198e+00
     vertex -8.066987e+00  2.750000e+00  1.510198e+00
     vertex -8.017037e+00  2.629410e+00  1.510198e+00
   endloop
 endfacet
 facet normal  0.000000e+00  0.000000e+00  1.000000e+00
   outer loop
     vertex -6.868629e+00  6.868629e+00  1.510198e+00
     vertex -8.017037e+00  2.629410e+00  1.510198e+00
     vertex -8.000000e+00  2.500000e+00  1.510198e+00
   endloop
 endfacet
 facet normal  0.000000e+00  0.000000e+00  1.000000e+00
   outer loop
     vertex -6.868629e+00  6.868629e+00  1.510198e+00
     vertex -7.200000e+00  6.614359e+00  1.510198e+00
     vertex -8.066987e+00  2.750000e+00  1.510198e+00
   endloop
 endfacet
 facet normal  0.000000e+00  0.000000e+00  1.000000e+00
   outer loop
     vertex  9.131371e+00 -9.131371e+00  1.510198e+00
     vertex  8.800000e+00 -9.385641e+00  1.510198e+00
     vertex  1.100000e+01 -1.100000e+01  1.510198e+00
   endloop
 endfacet
 facet normal  0.000000e+00  0.000000e+00  1.000000e+00
   outer loop
     vertex -8.800000e+00  9.385641e+00  1.510198e+00
     vertex -1.100000e+01  1.100000e+01  1.510198e+00
     vertex -9.131371e+00  9.131371e+00  1.510198e+00
   endloop
 endfacet
 facet normal  0.000000e+00  0.000000e+00  1.000000e+00
   outer loop
     vertex  9.385641e+00 -8.800000e+00  1.510198e+00
     vertex  9.131371e+00 -9.131371e+00  1.510198e+00
     vertex  1.100000e+01 -1.100000e+01  1.510198e+00
   endloop
 endfacet
 facet normal  0.000000e+00  0.000000e+00  1.000000e+00
   outer loop
     vertex -6.614359e+00  7.200000e+00  1.510198e+00
     vertex -6.868629e+00  6.868629e+00  1.510198e+00
     vertex -8.000000e+00  2.500000e+00  1.510198e+00
   endloop
 endfacet
 facet normal  0.000000e+00  0.000000e+00  1.000000e+00
   outer loop
     vertex -8.414110e+00  9.545481e+00  1.510198e+00
     vertex -1.100000e+01  1.100000e+01  1.510198e+00
     vertex -8.800000e+00  9.385641e+00  1.510198e+00
   endloop
 endfacet
 facet normal  0.000000e+00  0.000000e+00  1.000000e+00
   outer loop
     vertex  9.545481e+00 -8.414110e+00  1.510198e+00
     vertex  9.385641e+00 -8.800000e+00  1.510198e+00
     vertex  1.100000e+01 -1.100000e+01  1.510198e+00
   endloop
 endfacet
 facet normal  0.000000e+00  0.000000e+00  1.000000e+00
   outer loop
     vertex  9.600000e+00 -8.000000e+00  1.510198e+00
     vertex  9.545481e+00 -8.414110e+00  1.510198e+00
     vertex  1.100000e+01 -1.100000e+01  1.510198e+00
   endloop
 endfacet
 facet normal  0.000000e+00  0.000000e+00  1.000000e+00
   outer loop
     vertex -8.000000e+00  9.600000e+00  1.510198e+00
     vertex -1.100000e+01  1.100000e+01  1.510198e+00
     vertex -8.414110e+00  9.545481e+00  1.510198e+00
   endloop
 endfacet
 facet normal  0.000000e+00  0.000000e+00  1.000000e+00
   outer loop
     vertex -7.585890e+00  9.545481e+00  1.510198e+00
     vertex -1.100000e+01  1.100000e+01  1.510198e+00
     vertex -8.000000e+00  9.600000e+00  1.510198e+00
   endloop
 endfacet
 facet normal  0.000000e+00  0.000000e+00  1.000000e+00
   outer loop
     vertex  9.545481e+00 -7.585890e+00  1.510198e+00
     vertex  9.600000e+00 -8.000000e+00  1.510198e+00
     vertex  1.100000e+01 -1.100000e+01  1.510198e+00
   endloop
 endfacet
 facet normal  0.000000e+00  0.000000e+00  1.000000e+00
   outer loop
     vertex  8.146447e+00 -2.933553e+00  1.510198e+00
     vertex  7.200000e+00 -6.614359e+00  1.510198e+00
     vertex  7.585890e+00 -6.454519e+00  1.510198e+00
   endloop
 endfacet
 facet normal  0.000000e+00  0.000000e+00  1.000000e+00
   outer loop
     vertex  8.250000e+00 -3.013013e+00  1.510198e+00
     vertex  8.146447e+00 -2.933553e+00  1.510198e+00
     vertex  7.585890e+00 -6.454519e+00  1.510198e+00
   endloop
 endfacet
 facet normal  0.000000e+00  0.000000e+00  1.000000e+00
   outer loop
     vertex  8.250000e+00 -3.013013e+00  1.510198e+00
     vertex  7.585890e+00 -6.454519e+00  1.510198e+00
     vertex  8.000000e+00 -6.400000e+00  1.510198e+00
   endloop
 endfacet
 facet normal  0.000000e+00  0.000000e+00  1.000000e+00
   outer loop
     vertex  8.066987e+00 -2.830000e+00  1.510198e+00
     vertex  6.868629e+00 -6.868629e+00  1.510198e+00
     vertex  7.200000e+00 -6.614359e+00  1.510198e+00
   endloop
 endfacet
 facet normal  0.000000e+00  0.000000e+00  1.000000e+00
   outer loop
     vertex  8.066987e+00 -2.830000e+00  1.510198e+00
     vertex  7.200000e+00 -6.614359e+00  1.510198e+00
     vertex  8.146447e+00 -2.933553e+00  1.510198e+00
   endloop
 endfacet
 facet normal  0.000000e+00  0.000000e+00  1.000000e+00
   outer loop
     vertex  8.370590e+00 -3.062963e+00  1.510198e+00
     vertex  8.250000e+00 -3.013013e+00  1.510198e+00
     vertex  8.000000e+00 -6.400000e+00  1.510198e+00
   endloop
 endfacet
 facet normal  0.000000e+00  0.000000e+00  1.000000e+00
   outer loop
     vertex  8.017037e+00 -2.709410e+00  1.510198e+00
     vertex  6.868629e+00 -6.868629e+00  1.510198e+00
     vertex  8.066987e+00 -2.830000e+00  1.510198e+00
   endloop
 endfacet
 facet normal  0.000000e+00  0.000000e+00  1.000000e+00
   outer loop
     vertex  8.500000e+00 -3.080000e+00  1.510198e+00
     vertex  8.370590e+00 -3.062963e+00  1.510198e+00
     vertex  8.000000e+00 -6.400000e+00  1.510198e+00
   endloop
 endfacet
 facet normal  0.000000e+00  0.000000e+00  1.000000e+00
   outer loop
     vertex  8.500000e+00 -3.080000e+00  1.510198e+00
     vertex  8.000000e+00 -6.400000e+00  1.510198e+00
     vertex  8.414110e+00 -6.454519e+00  1.510198e+00
   endloop
 endfacet
 facet normal  0.000000e+00  0.000000e+00  1.000000e+00
   outer loop
     vertex  8.000000e+00 -2.580000e+00  1.510198e+00
     vertex -8.000000e+00 -2.580000e+00  1.510198e+00
     vertex -6.614359e+00 -7.200000e+00  1.510198e+00
   endloop
 endfacet
 facet normal  0.000000e+00  0.000000e+00  1.000000e+00
   outer loop
     vertex  8.000000e+00 -2.580000e+00  1.510198e+00
     vertex  6.868629e+00 -6.868629e+00  1.510198e+00
     vertex  8.017037e+00 -2.709410e+00  1.510198e+00
   endloop
 endfacet
 facet normal  0.000000e+00  0.000000e+00  1.000000e+00
   outer loop
     vertex  8.000000e+00 -2.580000e+00  1.510198e+00
     vertex -8.017037e+00 -2.450590e+00  1.510198e+00
     vertex -8.000000e+00 -2.580000e+00  1.510198e+00
   endloop
 endfacet
 facet normal  0.000000e+00  0.000000e+00  1.000000e+00
   outer loop
     vertex  8.000000e+00 -2.580000e+00  1.510198e+00
     vertex -6.614359e+00 -7.200000e+00  1.510198e+00
     vertex  6.614359e+00 -7.200000e+00  1.510198e+00
   endloop
 endfacet
 facet normal  0.000000e+00  0.000000e+00  1.000000e+00
   outer loop
     vertex  8.000000e+00 -2.580000e+00  1.510198e+00
     vertex  6.614359e+00 -7.200000e+00  1.510198e+00
     vertex  6.868629e+00 -6.868629e+00  1.510198e+00
   endloop
 endfacet
 facet normal  0.000000e+00  0.000000e+00  1.000000e+00
   outer loop
     vertex  8.017037e+00 -2.450590e+00  1.510198e+00
     vertex -8.017037e+00 -2.450590e+00  1.510198e+00
     vertex  8.000000e+00 -2.580000e+00  1.510198e+00
   endloop
 endfacet
 facet normal  0.000000e+00  0.000000e+00  1.000000e+00
   outer loop
     vertex  8.629410e+00 -3.062963e+00  1.510198e+00
     vertex  8.500000e+00 -3.080000e+00  1.510198e+00
     vertex  8.414110e+00 -6.454519e+00  1.510198e+00
   endloop
 endfacet
 facet normal  0.000000e+00  0.000000e+00  1.000000e+00
   outer loop
     vertex  8.629410e+00 -3.062963e+00  1.510198e+00
     vertex  8.414110e+00 -6.454519e+00  1.510198e+00
     vertex  8.800000e+00 -6.614359e+00  1.510198e+00
   endloop
 endfacet
 facet normal  0.000000e+00  0.000000e+00  1.000000e+00
   outer loop
     vertex  8.750000e+00 -3.013013e+00  1.510198e+00
     vertex  8.629410e+00 -3.062963e+00  1.510198e+00
     vertex  8.800000e+00 -6.614359e+00  1.510198e+00
   endloop
 endfacet
 facet normal  0.000000e+00  0.000000e+00  1.000000e+00
   outer loop
     vertex  8.853553e+00 -2.933553e+00  1.510198e+00
     vertex  8.750000e+00 -3.013013e+00  1.510198e+00
     vertex  8.800000e+00 -6.614359e+00  1.510198e+00
   endloop
 endfacet
 facet normal  0.000000e+00  0.000000e+00  1.000000e+00
   outer loop
     vertex  8.853553e+00 -2.933553e+00  1.510198e+00
     vertex  8.800000e+00 -6.614359e+00  1.510198e+00
     vertex  9.131371e+00 -6.868629e+00  1.510198e+00
   endloop
 endfacet
 facet normal  0.000000e+00  0.000000e+00  1.000000e+00
   outer loop
     vertex  8.933013e+00 -2.830000e+00  1.510198e+00
     vertex  8.853553e+00 -2.933553e+00  1.510198e+00
     vertex  9.131371e+00 -6.868629e+00  1.510198e+00
   endloop
 endfacet
 facet normal  0.000000e+00  0.000000e+00  1.000000e+00
   outer loop
     vertex  8.933013e+00 -2.830000e+00  1.510198e+00
     vertex  9.131371e+00 -6.868629e+00  1.510198e+00
     vertex  9.385641e+00 -7.200000e+00  1.510198e+00
   endloop
 endfacet
 facet normal  0.000000e+00  0.000000e+00  1.000000e+00
   outer loop
     vertex  8.982963e+00 -2.709410e+00  1.510198e+00
     vertex  8.933013e+00 -2.830000e+00  1.510198e+00
     vertex  9.385641e+00 -7.200000e+00  1.510198e+00
   endloop
 endfacet
 facet normal  0.000000e+00  0.000000e+00  1.000000e+00
   outer loop
     vertex  8.982963e+00 -2.709410e+00  1.510198e+00
     vertex  9.385641e+00 -7.200000e+00  1.510198e+00
     vertex  9.545481e+00 -7.585890e+00  1.510198e+00
   endloop
 endfacet
 facet normal  0.000000e+00  0.000000e+00  1.000000e+00
   outer loop
     vertex  9.000000e+00 -2.580000e+00  1.510198e+00
     vertex  9.545481e+00 -7.585890e+00  1.510198e+00
     vertex  1.100000e+01 -1.100000e+01  1.510198e+00
   endloop
 endfacet
 facet normal  0.000000e+00  0.000000e+00  1.000000e+00
   outer loop
     vertex  9.000000e+00 -2.580000e+00  1.510198e+00
     vertex  8.982963e+00 -2.709410e+00  1.510198e+00
     vertex  9.545481e+00 -7.585890e+00  1.510198e+00
   endloop
 endfacet
 facet normal  0.000000e+00  0.000000e+00  1.000000e+00
   outer loop
     vertex  8.146447e+00 -3.935534e-01  1.510198e+00
     vertex  8.146447e+00 -2.226447e+00  1.510198e+00
     vertex  8.250000e+00 -2.146987e+00  1.510198e+00
   endloop
 endfacet
 facet normal  0.000000e+00  0.000000e+00  1.000000e+00
   outer loop
     vertex  8.066987e+00 -2.900000e-01  1.510198e+00
     vertex  8.017037e+00 -2.450590e+00  1.510198e+00
     vertex  8.066987e+00 -2.330000e+00  1.510198e+00
   endloop
 endfacet
 facet normal  0.000000e+00  0.000000e+00  1.000000e+00
   outer loop
     vertex  8.066987e+00 -2.900000e-01  1.510198e+00
     vertex  8.066987e+00 -2.330000e+00  1.510198e+00
     vertex  8.146447e+00 -2.226447e+00  1.510198e+00
   endloop
 endfacet
 facet normal  0.000000e+00  0.000000e+00  1.000000e+00
   outer loop
     vertex  8.066987e+00 -2.900000e-01  1.510198e+00
     vertex  8.146447e+00 -2.226447e+00  1.510198e+00
     vertex  8.146447e+00 -3.935534e-01  1.510198e+00
   endloop
 endfacet
 facet normal  0.000000e+00  0.000000e+00  1.000000e+00
   outer loop
     vertex  8.250000e+00 -4.730127e-01  1.510198e+00
     vertex  8.146447e+00 -3.935534e-01  1.510198e+00
     vertex  8.250000e+00 -2.146987e+00  1.510198e+00
   endloop
 endfacet
 facet normal  0.000000e+00  0.000000e+00  1.000000e+00
   outer loop
     vertex  8.017037e+00 -1.694095e-01  1.510198e+00
     vertex  8.017037e+00 -2.450590e+00  1.510198e+00
     vertex  8.066987e+00 -2.900000e-01  1.510198e+00
   endloop
 endfacet
 facet normal  0.000000e+00  0.000000e+00  1.000000e+00
   outer loop
     vertex  8.017037e+00 -1.694095e-01  1.510198e+00
     vertex -8.017037e+00 -1.694095e-01  1.510198e+00
     vertex -8.017037e+00 -2.450590e+00  1.510198e+00
   endloop
 endfacet
 facet normal  0.000000e+00  0.000000e+00  1.000000e+00
   outer loop
     vertex  8.017037e+00 -1.694095e-01  1.510198e+00
     vertex -8.017037e+00 -2.450590e+00  1.510198e+00
     vertex  8.017037e+00 -2.450590e+00  1.510198e+00
   endloop
 endfacet
 facet normal  0.000000e+00  0.000000e+00  1.000000e+00
   outer loop
     vertex  8.370590e+00 -5.229629e-01  1.510198e+00
     vertex  8.250000e+00 -4.730127e-01  1.510198e+00
     vertex  8.250000e+00 -2.146987e+00  1.510198e+00
   endloop
 endfacet
 facet normal  0.000000e+00  0.000000e+00  1.000000e+00
   outer loop
     vertex  8.370590e+00 -5.229629e-01  1.510198e+00
     vertex  8.250000e+00 -2.146987e+00  1.510198e+00
     vertex  8.370590e+00 -2.097037e+00  1.510198e+00
   endloop
 endfacet
 facet normal  0.000000e+00  0.000000e+00  1.000000e+00
   outer loop
     vertex  8.000000e+00 -4.000000e-02  1.510198e+00
     vertex -8.017037e+00  8.940952e-02  1.510198e+00
     vertex -8.000000e+00 -4.000000e-02  1.510198e+00
   endloop
 endfacet
 facet normal  0.000000e+00  0.000000e+00  1.000000e+00
   outer loop
     vertex  8.000000e+00 -4.000000e-02  1.510198e+00
     vertex -8.000000e+00 -4.000000e-02  1.510198e+00
     vertex -8.017037e+00 -1.694095e-01  1.510198e+00
   endloop
 endfacet
 facet normal  0.000000e+00  0.000000e+00  1.000000e+00
   outer loop
     vertex  8.000000e+00 -4.000000e-02  1.510198e+00
     vertex -8.017037e+00 -1.694095e-01  1.510198e+00
     vertex  8.017037e+00 -1.694095e-01  1.510198e+00
   endloop
 endfacet
 facet normal  0.000000e+00  0.000000e+00  1.000000e+00
   outer loop
     vertex  8.500000e+00 -5.400000e-01  1.510198e+00
     vertex  8.370590e+00 -2.097037e+00  1.510198e+00
     vertex  8.500000e+00 -2.080000e+00  1.510198e+00
   endloop
 endfacet
 facet normal  0.000000e+00  0.000000e+00  1.000000e+00
   outer loop
     vertex  8.500000e+00 -5.400000e-01  1.510198e+00
     vertex  8.500000e+00 -2.080000e+00  1.510198e+00
     vertex  8.629410e+00 -2.097037e+00  1.510198e+00
   endloop
 endfacet
 facet normal  0.000000e+00  0.000000e+00  1.000000e+00
   outer loop
     vertex  8.500000e+00 -5.400000e-01  1.510198e+00
     vertex  8.370590e+00 -5.229629e-01  1.510198e+00
     vertex  8.370590e+00 -2.097037e+00  1.510198e+00
   endloop
 endfacet
 facet normal  0.000000e+00  0.000000e+00  1.000000e+00
   outer loop
     vertex  8.017037e+00  8.940952e-02  1.510198e+00
     vertex -8.017037e+00  8.940952e-02  1.510198e+00
     vertex  8.000000e+00 -4.000000e-02  1.510198e+00
   endloop
 endfacet
 facet normal  0.000000e+00  0.000000e+00  1.000000e+00
   outer loop
     vertex  8.629410e+00 -5.229629e-01  1.510198e+00
     vertex  8.500000e+00 -5.400000e-01  1.510198e+00
     vertex  8.629410e+00 -2.097037e+00  1.510198e+00
   endloop
 endfacet
 facet normal  0.000000e+00  0.000000e+00  1.000000e+00
   outer loop
     vertex  8.750000e+00 -4.730127e-01  1.510198e+00
     vertex  8.629410e+00 -2.097037e+00  1.510198e+00
     vertex  8.750000e+00 -2.146987e+00  1.510198e+00
   endloop
 endfacet
 facet normal  0.000000e+00  0.000000e+00  1.000000e+00
   outer loop
     vertex  8.750000e+00 -4.730127e-01  1.510198e+00
     vertex  8.750000e+00 -2.146987e+00  1.510198e+00
     vertex  8.853553e+00 -2.226447e+00  1.510198e+00
   endloop
 endfacet
 facet normal  0.000000e+00  0.000000e+00  1.000000e+00
   outer loop
     vertex  8.750000e+00 -4.730127e-01  1.510198e+00
     vertex  8.629410e+00 -5.229629e-01  1.510198e+00
     vertex  8.629410e+00 -2.097037e+00  1.510198e+00
   endloop
 endfacet
 facet normal  0.000000e+00  0.000000e+00  1.000000e+00
   outer loop
     vertex  8.853553e+00 -3.935534e-01  1.510198e+00
     vertex  8.750000e+00 -4.730127e-01  1.510198e+00
     vertex  8.853553e+00 -2.226447e+00  1.510198e+00
   endloop
 endfacet
 facet normal  0.000000e+00  0.000000e+00  1.000000e+00
   outer loop
     vertex  8.933013e+00 -2.900000e-01  1.510198e+00
     vertex  8.853553e+00 -3.935534e-01  1.510198e+00
     vertex  8.853553e+00 -2.226447e+00  1.510198e+00
   endloop
 endfacet
 facet normal  0.000000e+00  0.000000e+00  1.000000e+00
   outer loop
     vertex  8.933013e+00 -2.900000e-01  1.510198e+00
     vertex  8.853553e+00 -2.226447e+00  1.510198e+00
     vertex  8.933013e+00 -2.330000e+00  1.510198e+00
   endloop
 endfacet
 facet normal  0.000000e+00  0.000000e+00  1.000000e+00
   outer loop
     vertex  8.933013e+00 -2.900000e-01  1.510198e+00
     vertex  8.933013e+00 -2.330000e+00  1.510198e+00
     vertex  8.982963e+00 -2.450590e+00  1.510198e+00
   endloop
 endfacet
 facet normal  0.000000e+00  0.000000e+00  1.000000e+00
   outer loop
     vertex  8.982963e+00 -1.694095e-01  1.510198e+00
     vertex  8.982963e+00 -2.450590e+00  1.510198e+00
     vertex  9.000000e+00 -2.580000e+00  1.510198e+00
   endloop
 endfacet
 facet normal  0.000000e+00  0.000000e+00  1.000000e+00
   outer loop
     vertex  8.982963e+00 -1.694095e-01  1.510198e+00
     vertex  8.933013e+00 -2.900000e-01  1.510198e+00
     vertex  8.982963e+00 -2.450590e+00  1.510198e+00
   endloop
 endfacet
 facet normal  0.000000e+00  0.000000e+00  1.000000e+00
   outer loop
     vertex  9.000000e+00 -4.000000e-02  1.510198e+00
     vertex  8.982963e+00 -1.694095e-01  1.510198e+00
     vertex  9.000000e+00 -2.580000e+00  1.510198e+00
   endloop
 endfacet
 facet normal  0.000000e+00  0.000000e+00  1.000000e+00
   outer loop
     vertex  9.000000e+00 -4.000000e-02  1.510198e+00
     vertex  9.000000e+00 -2.580000e+00  1.510198e+00
     vertex  1.100000e+01 -1.100000e+01  1.510198e+00
   endloop
 endfacet
 facet normal  0.000000e+00  0.000000e+00  1.000000e+00
   outer loop
     vertex  8.146447e+00  2.146447e+00  1.510198e+00
     vertex  8.066987e+00  2.100000e-01  1.510198e+00
     vertex  8.146447e+00  3.135534e-01  1.510198e+00
   endloop
 endfacet
 facet normal  0.000000e+00  0.000000e+00  1.000000e+00
   outer loop
     vertex  8.146447e+00  2.146447e+00  1.510198e+00
     vertex  8.146447e+00  3.135534e-01  1.510198e+00
     vertex  8.250000e+00  3.930127e-01  1.510198e+00
   endloop
 endfacet
 facet normal  0.000000e+00  0.000000e+00  1.000000e+00
   outer loop
     vertex  8.250000e+00  2.066987e+00  1.510198e+00
     vertex  8.146447e+00  2.146447e+00  1.510198e+00
     vertex  8.250000e+00  3.930127e-01  1.510198e+00
   endloop
 endfacet
 facet normal  0.000000e+00  0.000000e+00  1.000000e+00
   outer loop
     vertex  8.066987e+00  2.250000e+00  1.510198e+00
     vertex  8.066987e+00  2.100000e-01  1.510198e+00
     vertex  8.146447e+00  2.146447e+00  1.510198e+00
   endloop
 endfacet
 facet normal  0.000000e+00  0.000000e+00  1.000000e+00
   outer loop
     vertex  8.370590e+00  2.017037e+00  1.510198e+00
     vertex  8.250000e+00  2.066987e+00  1.510198e+00
     vertex  8.250000e+00  3.930127e-01  1.510198e+00
   endloop
 endfacet
 facet normal  0.000000e+00  0.000000e+00  1.000000e+00
   outer loop
     vertex  8.370590e+00  2.017037e+00  1.510198e+00
     vertex  8.250000e+00  3.930127e-01  1.510198e+00
     vertex  8.370590e+00  4.429629e-01  1.510198e+00
   endloop
 endfacet
 facet normal  0.000000e+00  0.000000e+00  1.000000e+00
   outer loop
     vertex  8.017037e+00  2.370590e+00  1.510198e+00
     vertex  8.066987e+00  2.100000e-01  1.510198e+00
     vertex  8.066987e+00  2.250000e+00  1.510198e+00
   endloop
 endfacet
 facet normal  0.000000e+00  0.000000e+00  1.000000e+00
   outer loop
     vertex  8.017037e+00  2.370590e+00  1.510198e+00
     vertex  8.017037e+00  8.940952e-02  1.510198e+00
     vertex  8.066987e+00  2.100000e-01  1.510198e+00
   endloop
 endfacet
 facet normal  0.000000e+00  0.000000e+00  1.000000e+00
   outer loop
     vertex  8.017037e+00  2.370590e+00  1.510198e+00
     vertex -8.017037e+00  2.370590e+00  1.510198e+00
     vertex -8.017037e+00  8.940952e-02  1.510198e+00
   endloop
 endfacet
 facet normal  0.000000e+00  0.000000e+00  1.000000e+00
   outer loop
     vertex  8.017037e+00  2.370590e+00  1.510198e+00
     vertex -8.017037e+00  8.940952e-02  1.510198e+00
     vertex  8.017037e+00  8.940952e-02  1.510198e+00
   endloop
 endfacet
 facet normal  0.000000e+00  0.000000e+00  1.000000e+00
   outer loop
     vertex  8.500000e+00  2.000000e+00  1.510198e+00
     vertex  8.370590e+00  2.017037e+00  1.510198e+00
     vertex  8.370590e+00  4.429629e-01  1.510198e+00
   endloop
 endfacet
 facet normal  0.000000e+00  0.000000e+00  1.000000e+00
   outer loop
     vertex  8.500000e+00  2.000000e+00  1.510198e+00
     vertex  8.370590e+00  4.429629e-01  1.510198e+00
     vertex  8.500000e+00  4.600000e-01  1.510198e+00
   endloop
 endfacet
 facet normal  0.000000e+00  0.000000e+00  1.000000e+00
   outer loop
     vertex  8.500000e+00  2.000000e+00  1.510198e+00
     vertex  8.500000e+00  4.600000e-01  1.510198e+00
     vertex  8.629410e+00  4.429629e-01  1.510198e+00
   endloop
 endfacet
 facet normal  0.000000e+00  0.000000e+00  1.000000e+00
   outer loop
     vertex  8.000000e+00  2.500000e+00  1.510198e+00
     vertex -8.000000e+00  2.500000e+00  1.510198e+00
     vertex -8.017037e+00  2.370590e+00  1.510198e+00
   endloop
 endfacet
 facet normal  0.000000e+00  0.000000e+00  1.000000e+00
   outer loop
     vertex  8.000000e+00  2.500000e+00  1.510198e+00
     vertex -8.017037e+00  2.370590e+00  1.510198e+00
     vertex  8.017037e+00  2.370590e+00  1.510198e+00
   endloop
 endfacet
 facet normal  0.000000e+00  0.000000e+00  1.000000e+00
   outer loop
     vertex  8.629410e+00  2.017037e+00  1.510198e+00
     vertex  8.500000e+00  2.000000e+00  1.510198e+00
     vertex  8.629410e+00  4.429629e-01  1.510198e+00
   endloop
 endfacet
 facet normal  0.000000e+00  0.000000e+00  1.000000e+00
   outer loop
     vertex  8.629410e+00  2.017037e+00  1.510198e+00
     vertex  8.629410e+00  4.429629e-01  1.510198e+00
     vertex  8.750000e+00  3.930127e-01  1.510198e+00
   endloop
 endfacet
 facet normal  0.000000e+00  0.000000e+00  1.000000e+00
   outer loop
     vertex  8.750000e+00  2.066987e+00  1.510198e+00
     vertex  8.629410e+00  2.017037e+00  1.510198e+00
     vertex  8.750000e+00  3.930127e-01  1.510198e+00
   endloop
 endfacet
 facet normal  0.000000e+00  0.000000e+00  1.000000e+00
   outer loop
     vertex  8.853553e+00  2.146447e+00  1.510198e+00
     vertex  8.750000e+00  3.930127e-01  1.510198e+00
     vertex  8.853553e+00  3.135534e-01  1.510198e+00
   endloop
 endfacet
 facet normal  0.000000e+00  0.000000e+00  1.000000e+00
   outer loop
     vertex  8.853553e+00  2.146447e+00  1.510198e+00
     vertex  8.853553e+00  3.135534e-01  1.510198e+00
     vertex  8.933013e+00  2.100000e-01  1.510198e+00
   endloop
 endfacet
 facet normal  0.000000e+00  0.000000e+00  1.000000e+00
   outer loop
     vertex  8.853553e+00  2.146447e+00  1.510198e+00
     vertex  8.750000e+00  2.066987e+00  1.510198e+00
     vertex  8.750000e+00  3.930127e-01  1.510198e+00
   endloop
 endfacet
 facet normal  0.000000e+00  0.000000e+00  1.000000e+00
   outer loop
     vertex  8.933013e+00  2.250000e+00  1.510198e+00
     vertex  8.853553e+00  2.146447e+00  1.510198e+00
     vertex  8.933013e+00  2.100000e-01  1.510198e+00
   endloop
 endfacet
 facet normal  0.000000e+00  0.000000e+00  1.000000e+00
   outer loop
     vertex  8.982963e+00  2.370590e+00  1.510198e+00
     vertex  8.933013e+00  2.100000e-01  1.510198e+00
     vertex  8.982963e+00  8.940952e-02  1.510198e+00
   endloop
 endfacet
 facet normal  0.000000e+00  0.000000e+00  1.000000e+00
   outer loop
     vertex  8.982963e+00  2.370590e+00  1.510198e+00
     vertex  8.982963e+00  8.940952e-02  1.510198e+00
     vertex  9.000000e+00 -4.000000e-02  1.510198e+00
   endloop
 endfacet
 facet normal  0.000000e+00  0.000000e+00  1.000000e+00
   outer loop
     vertex  8.982963e+00  2.370590e+00  1.510198e+00
     vertex  8.933013e+00  2.250000e+00  1.510198e+00
     vertex  8.933013e+00  2.100000e-01  1.510198e+00
   endloop
 endfacet
 facet normal  0.000000e+00  0.000000e+00  1.000000e+00
   outer loop
     vertex  9.000000e+00  2.500000e+00  1.510198e+00
     vertex  8.982963e+00  2.370590e+00  1.510198e+00
     vertex  9.000000e+00 -4.000000e-02  1.510198e+00
   endloop
 endfacet
 facet normal  0.000000e+00  0.000000e+00  1.000000e+00
   outer loop
     vertex  6.868629e+00  6.868629e+00  1.510198e+00
     vertex  8.000000e+00  2.500000e+00  1.510198e+00
     vertex  8.017037e+00  2.629410e+00  1.510198e+00
   endloop
 endfacet
 facet normal  0.000000e+00  0.000000e+00  1.000000e+00
   outer loop
     vertex  6.868629e+00  6.868629e+00  1.510198e+00
     vertex  8.017037e+00  2.629410e+00  1.510198e+00
     vertex  8.066987e+00  2.750000e+00  1.510198e+00
   endloop
 endfacet
 facet normal  0.000000e+00  0.000000e+00  1.000000e+00
   outer loop
     vertex  7.200000e+00  6.614359e+00  1.510198e+00
     vertex  8.066987e+00  2.750000e+00  1.510198e+00
     vertex  8.146447e+00  2.853553e+00  1.510198e+00
   endloop
 endfacet
 facet normal  0.000000e+00  0.000000e+00  1.000000e+00
   outer loop
     vertex  7.200000e+00  6.614359e+00  1.510198e+00
     vertex  6.868629e+00  6.868629e+00  1.510198e+00
     vertex  8.066987e+00  2.750000e+00  1.510198e+00
   endloop
 endfacet
 facet normal  0.000000e+00  0.000000e+00  1.000000e+00
   outer loop
     vertex  6.614359e+00  7.200000e+00  1.510198e+00
     vertex -8.000000e+00  2.500000e+00  1.510198e+00
     vertex  8.000000e+00  2.500000e+00  1.510198e+00
   endloop
 endfacet
 facet normal  0.000000e+00  0.000000e+00  1.000000e+00
   outer loop
     vertex  6.614359e+00  7.200000e+00  1.510198e+00
     vertex  8.000000e+00  2.500000e+00  1.510198e+00
     vertex  6.868629e+00  6.868629e+00  1.510198e+00
   endloop
 endfacet
 facet normal  0.000000e+00  0.000000e+00  1.000000e+00
   outer loop
     vertex  6.614359e+00  7.200000e+00  1.510198e+00
     vertex -6.614359e+00  7.200000e+00  1.510198e+00
     vertex -8.000000e+00  2.500000e+00  1.510198e+00
   endloop
 endfacet
 facet normal  0.000000e+00  0.000000e+00  1.000000e+00
   outer loop
     vertex  7.585890e+00  6.454519e+00  1.510198e+00
     vertex  8.146447e+00  2.853553e+00  1.510198e+00
     vertex  8.250000e+00  2.933013e+00  1.510198e+00
   endloop
 endfacet
 facet normal  0.000000e+00  0.000000e+00  1.000000e+00
   outer loop
     vertex  7.585890e+00  6.454519e+00  1.510198e+00
     vertex  7.200000e+00  6.614359e+00  1.510198e+00
     vertex  8.146447e+00  2.853553e+00  1.510198e+00
   endloop
 endfacet
 facet normal  0.000000e+00  0.000000e+00  1.000000e+00
   outer loop
     vertex  6.454519e+00  7.585890e+00  1.510198e+00
     vertex -6.614359e+00  7.200000e+00  1.510198e+00
     vertex  6.614359e+00  7.200000e+00  1.510198e+00
   endloop
 endfacet
 facet normal  0.000000e+00  0.000000e+00  1.000000e+00
   outer loop
     vertex  6.454519e+00  7.585890e+00  1.510198e+00
     vertex -6.454519e+00  7.585890e+00  1.510198e+00
     vertex -6.614359e+00  7.200000e+00  1.510198e+00
   endloop
 endfacet
 facet normal  0.000000e+00  0.000000e+00  1.000000e+00
   outer loop
     vertex  6.400000e+00  8.000000e+00  1.510198e+00
     vertex -6.400000e+00  8.000000e+00  1.510198e+00
     vertex -6.454519e+00  7.585890e+00  1.510198e+00
   endloop
 endfacet
 facet normal  0.000000e+00  0.000000e+00  1.000000e+00
   outer loop
     vertex  6.400000e+00  8.000000e+00  1.510198e+00
     vertex -6.454519e+00  7.585890e+00  1.510198e+00
     vertex  6.454519e+00  7.585890e+00  1.510198e+00
   endloop
 endfacet
 facet normal  0.000000e+00  0.000000e+00  1.000000e+00
   outer loop
     vertex  8.000000e+00  6.400000e+00  1.510198e+00
     vertex  8.250000e+00  2.933013e+00  1.510198e+00
     vertex  8.370590e+00  2.982963e+00  1.510198e+00
   endloop
 endfacet
 facet normal  0.000000e+00  0.000000e+00  1.000000e+00
   outer loop
     vertex  8.000000e+00  6.400000e+00  1.510198e+00
     vertex  8.370590e+00  2.982963e+00  1.510198e+00
     vertex  8.500000e+00  3.000000e+00  1.510198e+00
   endloop
 endfacet
 facet normal  0.000000e+00  0.000000e+00  1.000000e+00
   outer loop
     vertex  8.000000e+00  6.400000e+00  1.510198e+00
     vertex  7.585890e+00  6.454519e+00  1.510198e+00
     vertex  8.250000e+00  2.933013e+00  1.510198e+00
   endloop
 endfacet
 facet normal  0.000000e+00  0.000000e+00  1.000000e+00
   outer loop
     vertex  6.454519e+00  8.414110e+00  1.510198e+00
     vertex -6.454519e+00  8.414110e+00  1.510198e+00
     vertex -6.400000e+00  8.000000e+00  1.510198e+00
   endloop
 endfacet
 facet normal  0.000000e+00  0.000000e+00  1.000000e+00
   outer loop
     vertex  6.454519e+00  8.414110e+00  1.510198e+00
     vertex -6.400000e+00  8.000000e+00  1.510198e+00
     vertex  6.400000e+00  8.000000e+00  1.510198e+00
   endloop
 endfacet
 facet normal  0.000000e+00  0.000000e+00  1.000000e+00
   outer loop
     vertex  8.414110e+00  6.454519e+00  1.510198e+00
     vertex  8.500000e+00  3.000000e+00  1.510198e+00
     vertex  8.629410e+00  2.982963e+00  1.510198e+00
   endloop
 endfacet
 facet normal  0.000000e+00  0.000000e+00  1.000000e+00
   outer loop
     vertex  8.414110e+00  6.454519e+00  1.510198e+00
     vertex  8.000000e+00  6.400000e+00  1.510198e+00
     vertex  8.500000e+00  3.000000e+00  1.510198e+00
   endloop
 endfacet
 facet normal  0.000000e+00  0.000000e+00  1.000000e+00
   outer loop
     vertex  6.614359e+00  8.800000e+00  1.510198e+00
     vertex -6.614359e+00  8.800000e+00  1.510198e+00
     vertex -6.454519e+00  8.414110e+00  1.510198e+00
   endloop
 endfacet
 facet normal  0.000000e+00  0.000000e+00  1.000000e+00
   outer loop
     vertex  6.614359e+00  8.800000e+00  1.510198e+00
     vertex -6.454519e+00  8.414110e+00  1.510198e+00
     vertex  6.454519e+00  8.414110e+00  1.510198e+00
   endloop
 endfacet
 facet normal  0.000000e+00  0.000000e+00  1.000000e+00
   outer loop
     vertex  8.800000e+00  6.614359e+00  1.510198e+00
     vertex  8.629410e+00  2.982963e+00  1.510198e+00
     vertex  8.750000e+00  2.933013e+00  1.510198e+00
   endloop
 endfacet
 facet normal  0.000000e+00  0.000000e+00  1.000000e+00
   outer loop
     vertex  8.800000e+00  6.614359e+00  1.510198e+00
     vertex  8.750000e+00  2.933013e+00  1.510198e+00
     vertex  8.853553e+00  2.853553e+00  1.510198e+00
   endloop
 endfacet
 facet normal  0.000000e+00  0.000000e+00  1.000000e+00
   outer loop
     vertex  8.800000e+00  6.614359e+00  1.510198e+00
     vertex  8.414110e+00  6.454519e+00  1.510198e+00
     vertex  8.629410e+00  2.982963e+00  1.510198e+00
   endloop
 endfacet
 facet normal  0.000000e+00  0.000000e+00  1.000000e+00
   outer loop
     vertex  6.868629e+00  9.131371e+00  1.510198e+00
     vertex -6.868629e+00  9.131371e+00  1.510198e+00
     vertex -6.614359e+00  8.800000e+00  1.510198e+00
   endloop
 endfacet
 facet normal  0.000000e+00  0.000000e+00  1.000000e+00
   outer loop
     vertex  6.868629e+00  9.131371e+00  1.510198e+00
     vertex -6.614359e+00  8.800000e+00  1.510198e+00
     vertex  6.614359e+00  8.800000e+00  1.510198e+00
   endloop
 endfacet
 facet normal  0.000000e+00  0.000000e+00  1.000000e+00
   outer loop
     vertex  9.131371e+00  6.868629e+00  1.510198e+00
     vertex  8.853553e+00  2.853553e+00  1.510198e+00
     vertex  8.933013e+00  2.750000e+00  1.510198e+00
   endloop
 endfacet
 facet normal  0.000000e+00  0.000000e+00  1.000000e+00
   outer loop
     vertex  9.131371e+00  6.868629e+00  1.510198e+00
     vertex  8.800000e+00  6.614359e+00  1.510198e+00
     vertex  8.853553e+00  2.853553e+00  1.510198e+00
   endloop
 endfacet
 facet normal  0.000000e+00  0.000000e+00  1.000000e+00
   outer loop
     vertex  7.200000e+00  9.385641e+00  1.510198e+00
     vertex -6.868629e+00  9.131371e+00  1.510198e+00
     vertex  6.868629e+00  9.131371e+00  1.510198e+00
   endloop
 endfacet
 facet normal  0.000000e+00  0.000000e+00  1.000000e+00
   outer loop
     vertex  7.200000e+00  9.385641e+00  1.510198e+00
     vertex -7.200000e+00  9.385641e+00  1.510198e+00
     vertex -6.868629e+00  9.131371e+00  1.510198e+00
   endloop
 endfacet
 facet normal  0.000000e+00  0.000000e+00  1.000000e+00
   outer loop
     vertex  9.385641e+00  7.200000e+00  1.510198e+00
     vertex  9.131371e+00  6.868629e+00  1.510198e+00
     vertex  8.933013e+00  2.750000e+00  1.510198e+00
   endloop
 endfacet
 facet normal  0.000000e+00  0.000000e+00  1.000000e+00
   outer loop
     vertex  9.385641e+00  7.200000e+00  1.510198e+00
     vertex  8.933013e+00  2.750000e+00  1.510198e+00
     vertex  8.982963e+00  2.629410e+00  1.510198e+00
   endloop
 endfacet
 facet normal  0.000000e+00  0.000000e+00  1.000000e+00
   outer loop
     vertex  9.545481e+00  7.585890e+00  1.510198e+00
     vertex  8.982963e+00  2.629410e+00  1.510198e+00
     vertex  9.000000e+00  2.500000e+00  1.510198e+00
   endloop
 endfacet
 facet normal  0.000000e+00  0.000000e+00  1.000000e+00
   outer loop
     vertex  9.545481e+00  7.585890e+00  1.510198e+00
     vertex  9.385641e+00  7.200000e+00  1.510198e+00
     vertex  8.982963e+00  2.629410e+00  1.510198e+00
   endloop
 endfacet
 facet normal  0.000000e+00  0.000000e+00  1.000000e+00
   outer loop
     vertex  1.100000e+01  1.100000e+01  1.510198e+00
     vertex  9.545481e+00  7.585890e+00  1.510198e+00
     vertex  9.000000e+00  2.500000e+00  1.510198e+00
   endloop
 endfacet
 facet normal  0.000000e+00  0.000000e+00  1.000000e+00
   outer loop
     vertex  1.100000e+01  1.100000e+01  1.510198e+00
     vertex  9.000000e+00 -4.000000e-02  1.510198e+00
     vertex  1.100000e+01 -1.100000e+01  1.510198e+00
   endloop
 endfacet
 facet normal  0.000000e+00  0.000000e+00  1.000000e+00
   outer loop
     vertex  1.100000e+01  1.100000e+01  1.510198e+00
     vertex  7.585890e+00  9.545481e+00  1.510198e+00
     vertex  8.000000e+00  9.600000e+00  1.510198e+00
   endloop
 endfacet
 facet normal  0.000000e+00  0.000000e+00  1.000000e+00
   outer loop
     vertex  1.100000e+01  1.100000e+01  1.510198e+00
     vertex  8.000000e+00  9.600000e+00  1.510198e+00
     vertex  8.414110e+00  9.545481e+00  1.510198e+00
   endloop
 endfacet
 facet normal  0.000000e+00  0.000000e+00  1.000000e+00
   outer loop
     vertex  1.100000e+01  1.100000e+01  1.510198e+00
     vertex  8.414110e+00  9.545481e+00  1.510198e+00
     vertex  8.800000e+00  9.385641e+00  1.510198e+00
   endloop
 endfacet
 facet normal  0.000000e+00  0.000000e+00  1.000000e+00
   outer loop
     vertex  1.100000e+01  1.100000e+01  1.510198e+00
     vertex  8.800000e+00  9.385641e+00  1.510198e+00
     vertex  9.131371e+00  9.131371e+00  1.510198e+00
   endloop
 endfacet
 facet normal  0.000000e+00  0.000000e+00  1.000000e+00
   outer loop
     vertex  1.100000e+01  1.100000e+01  1.510198e+00
     vertex  9.131371e+00  9.131371e+00  1.510198e+00
     vertex  9.385641e+00  8.800000e+00  1.510198e+00
   endloop
 endfacet
 facet normal  0.000000e+00  0.000000e+00  1.000000e+00
   outer loop
     vertex  1.100000e+01  1.100000e+01  1.510198e+00
     vertex  9.385641e+00  8.800000e+00  1.510198e+00
     vertex  9.545481e+00  8.414110e+00  1.510198e+00
   endloop
 endfacet
 facet normal  0.000000e+00  0.000000e+00  1.000000e+00
   outer loop
     vertex  1.100000e+01  1.100000e+01  1.510198e+00
     vertex  9.545481e+00  8.414110e+00  1.510198e+00
     vertex  9.600000e+00  8.000000e+00  1.510198e+00
   endloop
 endfacet
 facet normal  0.000000e+00  0.000000e+00  1.000000e+00
   outer loop
     vertex  1.100000e+01  1.100000e+01  1.510198e+00
     vertex  9.600000e+00  8.000000e+00  1.510198e+00
     vertex  9.545481e+00  7.585890e+00  1.510198e+00
   endloop
 endfacet
 facet normal  0.000000e+00  0.000000e+00  1.000000e+00
   outer loop
     vertex  1.100000e+01  1.100000e+01  1.510198e+00
     vertex  9.000000e+00  2.500000e+00  1.510198e+00
     vertex  9.000000e+00 -4.000000e-02  1.510198e+00
   endloop
 endfacet
 facet normal  0.000000e+00  0.000000e+00  1.000000e+00
   outer loop
     vertex  1.100000e+01  1.100000e+01  1.510198e+00
     vertex -1.100000e+01  1.100000e+01  1.510198e+00
     vertex  7.585890e+00  9.545481e+00  1.510198e+00
   endloop
 endfacet
 facet normal  0.000000e+00  0.000000e+00  1.000000e+00
   outer loop
     vertex  7.585890e+00  9.545481e+00  1.510198e+00
     vertex -1.100000e+01  1.100000e+01  1.510198e+00
     vertex  7.200000e+00  9.385641e+00  1.510198e+00
   endloop
 endfacet
 facet normal  0.000000e+00  0.000000e+00  1.000000e+00
   outer loop
     vertex  7.200000e+00  9.385641e+00  1.510198e+00
     vertex -1.100000e+01  1.100000e+01  1.510198e+00
     vertex -7.585890e+00  9.545481e+00  1.510198e+00
   endloop
 endfacet
 facet normal  0.000000e+00  0.000000e+00  1.000000e+00
   outer loop
     vertex  7.200000e+00  9.385641e+00  1.510198e+00
     vertex -7.585890e+00  9.545481e+00  1.510198e+00
     vertex -7.200000e+00  9.385641e+00  1.510198e+00
   endloop
 endfacet
 facet normal  0.000000e+00  1.000000e+00  0.000000e+00
   outer loop
     vertex  1.100000e+01  1.100000e+01  0.000000e+00
     vertex -1.100000e+01  1.100000e+01  0.000000e+00
     vertex -1.100000e+01  1.100000e+01  1.510198e+00
   endloop
 endfacet
 facet normal  0.000000e+00  1.000000e+00 -0.000000e+00
   outer loop
     vertex  1.100000e+01  1.100000e+01  0.000000e+00
     vertex -1.100000e+01  1.100000e+01  1.510198e+00
     vertex  1.100000e+01  1.100000e+01  1.510198e+00
   endloop
 endfacet
 facet normal -1.305262e-01  9.914449e-01  0.000000e+00
   outer loop
     vertex -7.585890e+00 -9.545481e+00  0.000000e+00
     vertex -8.000000e+00 -9.600000e+00  0.000000e+00
     vertex -8.000000e+00 -9.600000e+00  1.510198e+00
   endloop
 endfacet
 facet normal -1.305262e-01  9.914449e-01  0.000000e+00
   outer loop
     vertex -7.585890e+00 -9.545481e+00  0.000000e+00
     vertex -8.000000e+00 -9.600000e+00  1.510198e+00
     vertex -7.585890e+00 -9.545481e+00  1.510198e+00
   endloop
 endfacet
 facet normal -3.826834e-01  9.238795e-01  0.000000e+00
   outer loop
     vertex -7.200000e+00 -9.385641e+00  0.000000e+00
     vertex -7.585890e+00 -9.545481e+00  1.510198e+00
     vertex -7.200000e+00 -9.385641e+00  1.510198e+00
   endloop
 endfacet
 facet normal -3.826834e-01  9.238795e-01  0.000000e+00
   outer loop
     vertex -7.200000e+00 -9.385641e+00  0.000000e+00
     vertex -7.585890e+00 -9.545481e+00  0.000000e+00
     vertex -7.585890e+00 -9.545481e+00  1.510198e+00
   endloop
 endfacet
 facet normal -6.087614e-01  7.933533e-01  0.000000e+00
   outer loop
     vertex -6.868629e+00 -9.131371e+00  0.000000e+00
     vertex -7.200000e+00 -9.385641e+00  1.510198e+00
     vertex -6.868629e+00 -9.131371e+00  1.510198e+00
   endloop
 endfacet
 facet normal -6.087614e-01  7.933533e-01  0.000000e+00
   outer loop
     vertex -6.868629e+00 -9.131371e+00  0.000000e+00
     vertex -7.200000e+00 -9.385641e+00  0.000000e+00
     vertex -7.200000e+00 -9.385641e+00  1.510198e+00
   endloop
 endfacet
 facet normal -7.933533e-01  6.087614e-01  0.000000e+00
   outer loop
     vertex -6.614359e+00 -8.800000e+00  0.000000e+00
     vertex -6.868629e+00 -9.131371e+00  1.510198e+00
     vertex -6.614359e+00 -8.800000e+00  1.510198e+00
   endloop
 endfacet
 facet normal -7.933533e-01  6.087614e-01  0.000000e+00
   outer loop
     vertex -6.614359e+00 -8.800000e+00  0.000000e+00
     vertex -6.868629e+00 -9.131371e+00  0.000000e+00
     vertex -6.868629e+00 -9.131371e+00  1.510198e+00
   endloop
 endfacet
 facet normal -9.238795e-01  3.826834e-01  0.000000e+00
   outer loop
     vertex -6.454519e+00 -8.414110e+00  0.000000e+00
     vertex -6.614359e+00 -8.800000e+00  1.510198e+00
     vertex -6.454519e+00 -8.414110e+00  1.510198e+00
   endloop
 endfacet
 facet normal -9.238795e-01  3.826834e-01  0.000000e+00
   outer loop
     vertex -6.454519e+00 -8.414110e+00  0.000000e+00
     vertex -6.614359e+00 -8.800000e+00  0.000000e+00
     vertex -6.614359e+00 -8.800000e+00  1.510198e+00
   endloop
 endfacet
 facet normal -9.914449e-01  1.305262e-01  0.000000e+00
   outer loop
     vertex -6.400000e+00 -8.000000e+00  0.000000e+00
     vertex -6.454519e+00 -8.414110e+00  1.510198e+00
     vertex -6.400000e+00 -8.000000e+00  1.510198e+00
   endloop
 endfacet
 facet normal -9.914449e-01  1.305262e-01  0.000000e+00
   outer loop
     vertex -6.400000e+00 -8.000000e+00  0.000000e+00
     vertex -6.454519e+00 -8.414110e+00  0.000000e+00
     vertex -6.454519e+00 -8.414110e+00  1.510198e+00
   endloop
 endfacet
 facet normal -9.914449e-01 -1.305262e-01  0.000000e+00
   outer loop
     vertex -6.454519e+00 -7.585890e+00  0.000000e+00
     vertex -6.400000e+00 -8.000000e+00  1.510198e+00
     vertex -6.454519e+00 -7.585890e+00  1.510198e+00
   endloop
 endfacet
 facet normal -9.914449e-01 -1.305262e-01  0.000000e+00
   outer loop
     vertex -6.454519e+00 -7.585890e+00  0.000000e+00
     vertex -6.400000e+00 -8.000000e+00  0.000000e+00
     vertex -6.400000e+00 -8.000000e+00  1.510198e+00
   endloop
 endfacet
 facet normal -9.238795e-01 -3.826834e-01  0.000000e+00
   outer loop
     vertex -6.614359e+00 -7.200000e+00  0.000000e+00
     vertex -6.454519e+00 -7.585890e+00  1.510198e+00
     vertex -6.614359e+00 -7.200000e+00  1.510198e+00
   endloop
 endfacet
 facet normal -9.238795e-01 -3.826834e-01  0.000000e+00
   outer loop
     vertex -6.614359e+00 -7.200000e+00  0.000000e+00
     vertex -6.454519e+00 -7.585890e+00  0.000000e+00
     vertex -6.454519e+00 -7.585890e+00  1.510198e+00
   endloop
 endfacet
 facet normal -7.933533e-01 -6.087614e-01  0.000000e+00
   outer loop
     vertex -6.868629e+00 -6.868629e+00  0.000000e+00
     vertex -6.614359e+00 -7.200000e+00  1.510198e+00
     vertex -6.868629e+00 -6.868629e+00  1.510198e+00
   endloop
 endfacet
 facet normal -7.933533e-01 -6.087614e-01  0.000000e+00
   outer loop
     vertex -6.868629e+00 -6.868629e+00  0.000000e+00
     vertex -6.614359e+00 -7.200000e+00  0.000000e+00
     vertex -6.614359e+00 -7.200000e+00  1.510198e+00
   endloop
 endfacet
 facet normal -6.087614e-01 -7.933533e-01  0.000000e+00
   outer loop
     vertex -7.200000e+00 -6.614359e+00  0.000000e+00
     vertex -6.868629e+00 -6.868629e+00  1.510198e+00
     vertex -7.200000e+00 -6.614359e+00  1.510198e+00
   endloop
 endfacet
 facet normal -6.087614e-01 -7.933533e-01  0.000000e+00
   outer loop
     vertex -7.200000e+00 -6.614359e+00  0.000000e+00
     vertex -6.868629e+00 -6.868629e+00  0.000000e+00
     vertex -6.868629e+00 -6.868629e+00  1.510198e+00
   endloop
 endfacet
 facet normal -1.305262e-01 -9.914449e-01  0.000000e+00
   outer loop
     vertex -7.585890e+00 -6.454519e+00  0.000000e+00
     vertex -7.585890e+00 -6.454519e+00  1.510198e+00
     vertex -8.000000e+00 -6.400000e+00  1.510198e+00
   endloop
 endfacet
 facet normal -3.826834e-01 -9.238795e-01  0.000000e+00
   outer loop
     vertex -7.585890e+00 -6.454519e+00  0.000000e+00
     vertex -7.200000e+00 -6.614359e+00  1.510198e+00
     vertex -7.585890e+00 -6.454519e+00  1.510198e+00
   endloop
 endfacet
 facet normal -3.826834e-01 -9.238795e-01  0.000000e+00
   outer loop
     vertex -7.585890e+00 -6.454519e+00  0.000000e+00
     vertex -7.200000e+00 -6.614359e+00  0.000000e+00
     vertex -7.200000e+00 -6.614359e+00  1.510198e+00
   endloop
 endfacet
 facet normal -1.305262e-01 -9.914449e-01  0.000000e+00
   outer loop
     vertex -8.000000e+00 -6.400000e+00  0.000000e+00
     vertex -7.585890e+00 -6.454519e+00  0.000000e+00
     vertex -8.000000e+00 -6.400000e+00  1.510198e+00
   endloop
 endfacet
 facet normal  1.305262e-01 -9.914449e-01  0.000000e+00
   outer loop
     vertex -8.414110e+00 -6.454519e+00  0.000000e+00
     vertex -8.000000e+00 -6.400000e+00  0.000000e+00
     vertex -8.000000e+00 -6.400000e+00  1.510198e+00
   endloop
 endfacet
 facet normal  3.826834e-01 -9.238795e-01  0.000000e+00
   outer loop
     vertex -8.414110e+00 -6.454519e+00  0.000000e+00
     vertex -8.414110e+00 -6.454519e+00  1.510198e+00
     vertex -8.800000e+00 -6.614359e+00  1.510198e+00
   endloop
 endfacet
 facet normal  1.305262e-01 -9.914449e-01  0.000000e+00
   outer loop
     vertex -8.414110e+00 -6.454519e+00  0.000000e+00
     vertex -8.000000e+00 -6.400000e+00  1.510198e+00
     vertex -8.414110e+00 -6.454519e+00  1.510198e+00
   endloop
 endfacet
 facet normal  3.826834e-01 -9.238795e-01  0.000000e+00
   outer loop
     vertex -8.800000e+00 -6.614359e+00  0.000000e+00
     vertex -8.414110e+00 -6.454519e+00  0.000000e+00
     vertex -8.800000e+00 -6.614359e+00  1.510198e+00
   endloop
 endfacet
 facet normal  6.087614e-01 -7.933533e-01  0.000000e+00
   outer loop
     vertex -9.131371e+00 -6.868629e+00  0.000000e+00
     vertex -8.800000e+00 -6.614359e+00  0.000000e+00
     vertex -8.800000e+00 -6.614359e+00  1.510198e+00
   endloop
 endfacet
 facet normal  6.087614e-01 -7.933533e-01  0.000000e+00
   outer loop
     vertex -9.131371e+00 -6.868629e+00  0.000000e+00
     vertex -8.800000e+00 -6.614359e+00  1.510198e+00
     vertex -9.131371e+00 -6.868629e+00  1.510198e+00
   endloop
 endfacet
 facet normal  7.933533e-01 -6.087614e-01  0.000000e+00
   outer loop
     vertex -9.385641e+00 -7.200000e+00  0.000000e+00
     vertex -9.131371e+00 -6.868629e+00  0.000000e+00
     vertex -9.131371e+00 -6.868629e+00  1.510198e+00
   endloop
 endfacet
 facet normal  9.238795e-01 -3.826834e-01  0.000000e+00
   outer loop
     vertex -9.385641e+00 -7.200000e+00  0.000000e+00
     vertex -9.385641e+00 -7.200000e+00  1.510198e+00
     vertex -9.545481e+00 -7.585890e+00  1.510198e+00
   endloop
 endfacet
 facet normal  7.933533e-01 -6.087614e-01  0.000000e+00
   outer loop
     vertex -9.385641e+00 -7.200000e+00  0.000000e+00
     vertex -9.131371e+00 -6.868629e+00  1.510198e+00
     vertex -9.385641e+00 -7.200000e+00  1.510198e+00
   endloop
 endfacet
 facet normal  9.238795e-01 -3.826834e-01  0.000000e+00
   outer loop
     vertex -9.545481e+00 -7.585890e+00  0.000000e+00
     vertex -9.385641e+00 -7.200000e+00  0.000000e+00
     vertex -9.545481e+00 -7.585890e+00  1.510198e+00
   endloop
 endfacet
 facet normal  9.914449e-01 -1.305262e-01  0.000000e+00
   outer loop
     vertex -9.600000e+00 -8.000000e+00  0.000000e+00
     vertex -9.545481e+00 -7.585890e+00  0.000000e+00
     vertex -9.545481e+00 -7.585890e+00  1.510198e+00
   endloop
 endfacet
 facet normal  9.914449e-01 -1.305262e-01  0.000000e+00
   outer loop
     vertex -9.600000e+00 -8.000000e+00  0.000000e+00
     vertex -9.545481e+00 -7.585890e+00  1.510198e+00
     vertex -9.600000e+00 -8.000000e+00  1.510198e+00
   endloop
 endfacet
 facet normal  9.238795e-01  3.826834e-01 -0.000000e+00
   outer loop
     vertex -9.545481e+00 -8.414110e+00  0.000000e+00
     vertex -9.545481e+00 -8.414110e+00  1.510198e+00
     vertex -9.385641e+00 -8.800000e+00  1.510198e+00
   endloop
 endfacet
 facet normal  9.914449e-01  1.305262e-01 -0.000000e+00
   outer loop
     vertex -9.545481e+00 -8.414110e+00  0.000000e+00
     vertex -9.600000e+00 -8.000000e+00  1.510198e+00
     vertex -9.545481e+00 -8.414110e+00  1.510198e+00
   endloop
 endfacet
 facet normal  9.914449e-01  1.305262e-01  0.000000e+00
   outer loop
     vertex -9.545481e+00 -8.414110e+00  0.000000e+00
     vertex -9.600000e+00 -8.000000e+00  0.000000e+00
     vertex -9.600000e+00 -8.000000e+00  1.510198e+00
   endloop
 endfacet
 facet normal  9.238795e-01  3.826834e-01 -0.000000e+00
   outer loop
     vertex -9.385641e+00 -8.800000e+00  0.000000e+00
     vertex -9.545481e+00 -8.414110e+00  0.000000e+00
     vertex -9.385641e+00 -8.800000e+00  1.510198e+00
   endloop
 endfacet
 facet normal  6.087614e-01  7.933533e-01 -0.000000e+00
   outer loop
     vertex -9.131371e+00 -9.131371e+00  0.000000e+00
     vertex -9.131371e+00 -9.131371e+00  1.510198e+00
     vertex -8.800000e+00 -9.385641e+00  1.510198e+00
   endloop
 endfacet
 facet normal  7.933533e-01  6.087614e-01 -0.000000e+00
   outer loop
     vertex -9.131371e+00 -9.131371e+00  0.000000e+00
     vertex -9.385641e+00 -8.800000e+00  1.510198e+00
     vertex -9.131371e+00 -9.131371e+00  1.510198e+00
   endloop
 endfacet
 facet normal  7.933533e-01  6.087614e-01  0.000000e+00
   outer loop
     vertex -9.131371e+00 -9.131371e+00  0.000000e+00
     vertex -9.385641e+00 -8.800000e+00  0.000000e+00
     vertex -9.385641e+00 -8.800000e+00  1.510198e+00
   endloop
 endfacet
 facet normal  6.087614e-01  7.933533e-01 -0.000000e+00
   outer loop
     vertex -8.800000e+00 -9.385641e+00  0.000000e+00
     vertex -9.131371e+00 -9.131371e+00  0.000000e+00
     vertex -8.800000e+00 -9.385641e+00  1.510198e+00
   endloop
 endfacet
 facet normal  3.826834e-01  9.238795e-01 -0.000000e+00
   outer loop
     vertex -8.414110e+00 -9.545481e+00  0.000000e+00
     vertex -8.800000e+00 -9.385641e+00  1.510198e+00
     vertex -8.414110e+00 -9.545481e+00  1.510198e+00
   endloop
 endfacet
 facet normal  3.826834e-01  9.238795e-01  0.000000e+00
   outer loop
     vertex -8.414110e+00 -9.545481e+00  0.000000e+00
     vertex -8.800000e+00 -9.385641e+00  0.000000e+00
     vertex -8.800000e+00 -9.385641e+00  1.510198e+00
   endloop
 endfacet
 facet normal  1.305262e-01  9.914449e-01 -0.000000e+00
   outer loop
     vertex -8.000000e+00 -9.600000e+00  0.000000e+00
     vertex -8.414110e+00 -9.545481e+00  1.510198e+00
     vertex -8.000000e+00 -9.600000e+00  1.510198e+00
   endloop
 endfacet
 facet normal  1.305262e-01  9.914449e-01  0.000000e+00
   outer loop
     vertex -8.000000e+00 -9.600000e+00  0.000000e+00
     vertex -8.414110e+00 -9.545481e+00  0.000000e+00
     vertex -8.414110e+00 -9.545481e+00  1.510198e+00
   endloop
 endfacet
 facet normal -1.305262e-01  9.914449e-01  0.000000e+00
   outer loop
     vertex -8.370590e+00 -3.062963e+00  0.000000e+00
     vertex -8.500000e+00 -3.080000e+00  0.000000e+00
     vertex -8.500000e+00 -3.080000e+00  1.510198e+00
   endloop
 endfacet
 facet normal -1.305262e-01  9.914449e-01  0.000000e+00
   outer loop
     vertex -8.370590e+00 -3.062963e+00  0.000000e+00
     vertex -8.500000e+00 -3.080000e+00  1.510198e+00
     vertex -8.370590e+00 -3.062963e+00  1.510198e+00
   endloop
 endfacet
 facet normal -3.826834e-01  9.238795e-01  0.000000e+00
   outer loop
     vertex -8.250000e+00 -3.013013e+00  0.000000e+00
     vertex -8.370590e+00 -3.062963e+00  1.510198e+00
     vertex -8.250000e+00 -3.013013e+00  1.510198e+00
   endloop
 endfacet
 facet normal -3.826834e-01  9.238795e-01  0.000000e+00
   outer loop
     vertex -8.250000e+00 -3.013013e+00  0.000000e+00
     vertex -8.370590e+00 -3.062963e+00  0.000000e+00
     vertex -8.370590e+00 -3.062963e+00  1.510198e+00
   endloop
 endfacet
 facet normal -6.087614e-01  7.933533e-01  0.000000e+00
   outer loop
     vertex -8.146447e+00 -2.933553e+00  0.000000e+00
     vertex -8.250000e+00 -3.013013e+00  1.510198e+00
     vertex -8.146447e+00 -2.933553e+00  1.510198e+00
   endloop
 endfacet
 facet normal -6.087614e-01  7.933533e-01  0.000000e+00
   outer loop
     vertex -8.146447e+00 -2.933553e+00  0.000000e+00
     vertex -8.250000e+00 -3.013013e+00  0.000000e+00
     vertex -8.250000e+00 -3.013013e+00  1.510198e+00
   endloop
 endfacet
 facet normal -7.933533e-01  6.087614e-01  0.000000e+00
   outer loop
     vertex -8.066987e+00 -2.830000e+00  0.000000e+00
     vertex -8.146447e+00 -2.933553e+00  1.510198e+00
     vertex -8.066987e+00 -2.830000e+00  1.510198e+00
   endloop
 endfacet
 facet normal -7.933533e-01  6.087614e-01  0.000000e+00
   outer loop
     vertex -8.066987e+00 -2.830000e+00  0.000000e+00
     vertex -8.146447e+00 -2.933553e+00  0.000000e+00
     vertex -8.146447e+00 -2.933553e+00  1.510198e+00
   endloop
 endfacet
 facet normal -9.238795e-01  3.826834e-01  0.000000e+00
   outer loop
     vertex -8.017037e+00 -2.709410e+00  0.000000e+00
     vertex -8.066987e+00 -2.830000e+00  1.510198e+00
     vertex -8.017037e+00 -2.709410e+00  1.510198e+00
   endloop
 endfacet
 facet normal -9.238795e-01  3.826834e-01  0.000000e+00
   outer loop
     vertex -8.017037e+00 -2.709410e+00  0.000000e+00
     vertex -8.066987e+00 -2.830000e+00  0.000000e+00
     vertex -8.066987e+00 -2.830000e+00  1.510198e+00
   endloop
 endfacet
 facet normal -9.914449e-01  1.305262e-01  0.000000e+00
   outer loop
     vertex -8.000000e+00 -2.580000e+00  0.000000e+00
     vertex -8.017037e+00 -2.709410e+00  1.510198e+00
     vertex -8.000000e+00 -2.580000e+00  1.510198e+00
   endloop
 endfacet
 facet normal -9.914449e-01  1.305262e-01  0.000000e+00
   outer loop
     vertex -8.000000e+00 -2.580000e+00  0.000000e+00
     vertex -8.017037e+00 -2.709410e+00  0.000000e+00
     vertex -8.017037e+00 -2.709410e+00  1.510198e+00
   endloop
 endfacet
 facet normal -9.914449e-01 -1.305262e-01  0.000000e+00
   outer loop
     vertex -8.017037e+00 -2.450590e+00  0.000000e+00
     vertex -8.000000e+00 -2.580000e+00  1.510198e+00
     vertex -8.017037e+00 -2.450590e+00  1.510198e+00
   endloop
 endfacet
 facet normal -9.914449e-01 -1.305262e-01  0.000000e+00
   outer loop
     vertex -8.017037e+00 -2.450590e+00  0.000000e+00
     vertex -8.000000e+00 -2.580000e+00  0.000000e+00
     vertex -8.000000e+00 -2.580000e+00  1.510198e+00
   endloop
 endfacet
 facet normal -9.238795e-01 -3.826834e-01  0.000000e+00
   outer loop
     vertex -8.066987e+00 -2.330000e+00  0.000000e+00
     vertex -8.017037e+00 -2.450590e+00  1.510198e+00
     vertex -8.066987e+00 -2.330000e+00  1.510198e+00
   endloop
 endfacet
 facet normal -9.238795e-01 -3.826834e-01  0.000000e+00
   outer loop
     vertex -8.066987e+00 -2.330000e+00  0.000000e+00
     vertex -8.017037e+00 -2.450590e+00  0.000000e+00
     vertex -8.017037e+00 -2.450590e+00  1.510198e+00
   endloop
 endfacet
 facet normal -7.933533e-01 -6.087614e-01  0.000000e+00
   outer loop
     vertex -8.146447e+00 -2.226447e+00  0.000000e+00
     vertex -8.066987e+00 -2.330000e+00  1.510198e+00
     vertex -8.146447e+00 -2.226447e+00  1.510198e+00
   endloop
 endfacet
 facet normal -7.933533e-01 -6.087614e-01  0.000000e+00
   outer loop
     vertex -8.146447e+00 -2.226447e+00  0.000000e+00
     vertex -8.066987e+00 -2.330000e+00  0.000000e+00
     vertex -8.066987e+00 -2.330000e+00  1.510198e+00
   endloop
 endfacet
 facet normal -6.087614e-01 -7.933533e-01  0.000000e+00
   outer loop
     vertex -8.250000e+00 -2.146987e+00  0.000000e+00
     vertex -8.146447e+00 -2.226447e+00  1.510198e+00
     vertex -8.250000e+00 -2.146987e+00  1.510198e+00
   endloop
 endfacet
 facet normal -6.087614e-01 -7.933533e-01  0.000000e+00
   outer loop
     vertex -8.250000e+00 -2.146987e+00  0.000000e+00
     vertex -8.146447e+00 -2.226447e+00  0.000000e+00
     vertex -8.146447e+00 -2.226447e+00  1.510198e+00
   endloop
 endfacet
 facet normal -1.305262e-01 -9.914449e-01  0.000000e+00
   outer loop
     vertex -8.370590e+00 -2.097037e+00  0.000000e+00
     vertex -8.370590e+00 -2.097037e+00  1.510198e+00
     vertex -8.500000e+00 -2.080000e+00  1.510198e+00
   endloop
 endfacet
 facet normal -3.826834e-01 -9.238795e-01  0.000000e+00
   outer loop
     vertex -8.370590e+00 -2.097037e+00  0.000000e+00
     vertex -8.250000e+00 -2.146987e+00  1.510198e+00
     vertex -8.370590e+00 -2.097037e+00  1.510198e+00
   endloop
 endfacet
 facet normal -3.826834e-01 -9.238795e-01  0.000000e+00
   outer loop
     vertex -8.370590e+00 -2.097037e+00  0.000000e+00
     vertex -8.250000e+00 -2.146987e+00  0.000000e+00
     vertex -8.250000e+00 -2.146987e+00  1.510198e+00
   endloop
 endfacet
 facet normal -1.305262e-01 -9.914449e-01  0.000000e+00
   outer loop
     vertex -8.500000e+00 -2.080000e+00  0.000000e+00
     vertex -8.370590e+00 -2.097037e+00  0.000000e+00
     vertex -8.500000e+00 -2.080000e+00  1.510198e+00
   endloop
 endfacet
 facet normal  1.305262e-01 -9.914449e-01  0.000000e+00
   outer loop
     vertex -8.629410e+00 -2.097037e+00  0.000000e+00
     vertex -8.500000e+00 -2.080000e+00  0.000000e+00
     vertex -8.500000e+00 -2.080000e+00  1.510198e+00
   endloop
 endfacet
 facet normal  3.826834e-01 -9.238795e-01  0.000000e+00
   outer loop
     vertex -8.629410e+00 -2.097037e+00  0.000000e+00
     vertex -8.629410e+00 -2.097037e+00  1.510198e+00
     vertex -8.750000e+00 -2.146987e+00  1.510198e+00
   endloop
 endfacet
 facet normal  1.305262e-01 -9.914449e-01  0.000000e+00
   outer loop
     vertex -8.629410e+00 -2.097037e+00  0.000000e+00
     vertex -8.500000e+00 -2.080000e+00  1.510198e+00
     vertex -8.629410e+00 -2.097037e+00  1.510198e+00
   endloop
 endfacet
 facet normal  3.826834e-01 -9.238795e-01  0.000000e+00
   outer loop
     vertex -8.750000e+00 -2.146987e+00  0.000000e+00
     vertex -8.629410e+00 -2.097037e+00  0.000000e+00
     vertex -8.750000e+00 -2.146987e+00  1.510198e+00
   endloop
 endfacet
 facet normal  6.087614e-01 -7.933533e-01  0.000000e+00
   outer loop
     vertex -8.853553e+00 -2.226447e+00  0.000000e+00
     vertex -8.750000e+00 -2.146987e+00  0.000000e+00
     vertex -8.750000e+00 -2.146987e+00  1.510198e+00
   endloop
 endfacet
 facet normal  6.087614e-01 -7.933533e-01  0.000000e+00
   outer loop
     vertex -8.853553e+00 -2.226447e+00  0.000000e+00
     vertex -8.750000e+00 -2.146987e+00  1.510198e+00
     vertex -8.853553e+00 -2.226447e+00  1.510198e+00
   endloop
 endfacet
 facet normal  7.933533e-01 -6.087614e-01  0.000000e+00
   outer loop
     vertex -8.933013e+00 -2.330000e+00  0.000000e+00
     vertex -8.853553e+00 -2.226447e+00  0.000000e+00
     vertex -8.853553e+00 -2.226447e+00  1.510198e+00
   endloop
 endfacet
 facet normal  9.238795e-01 -3.826834e-01  0.000000e+00
   outer loop
     vertex -8.933013e+00 -2.330000e+00  0.000000e+00
     vertex -8.933013e+00 -2.330000e+00  1.510198e+00
     vertex -8.982963e+00 -2.450590e+00  1.510198e+00
   endloop
 endfacet
 facet normal  7.933533e-01 -6.087614e-01  0.000000e+00
   outer loop
     vertex -8.933013e+00 -2.330000e+00  0.000000e+00
     vertex -8.853553e+00 -2.226447e+00  1.510198e+00
     vertex -8.933013e+00 -2.330000e+00  1.510198e+00
   endloop
 endfacet
 facet normal  9.238795e-01 -3.826834e-01  0.000000e+00
   outer loop
     vertex -8.982963e+00 -2.450590e+00  0.000000e+00
     vertex -8.933013e+00 -2.330000e+00  0.000000e+00
     vertex -8.982963e+00 -2.450590e+00  1.510198e+00
   endloop
 endfacet
 facet normal  9.914449e-01 -1.305262e-01  0.000000e+00
   outer loop
     vertex -9.000000e+00 -2.580000e+00  0.000000e+00
     vertex -8.982963e+00 -2.450590e+00  0.000000e+00
     vertex -8.982963e+00 -2.450590e+00  1.510198e+00
   endloop
 endfacet
 facet normal  9.914449e-01 -1.305262e-01  0.000000e+00
   outer loop
     vertex -9.000000e+00 -2.580000e+00  0.000000e+00
     vertex -8.982963e+00 -2.450590e+00  1.510198e+00
     vertex -9.000000e+00 -2.580000e+00  1.510198e+00
   endloop
 endfacet
 facet normal  9.238795e-01  3.826834e-01 -0.000000e+00
   outer loop
     vertex -8.982963e+00 -2.709410e+00  0.000000e+00
     vertex -8.982963e+00 -2.709410e+00  1.510198e+00
     vertex -8.933013e+00 -2.830000e+00  1.510198e+00
   endloop
 endfacet
 facet normal  9.914449e-01  1.305262e-01 -0.000000e+00
   outer loop
     vertex -8.982963e+00 -2.709410e+00  0.000000e+00
     vertex -9.000000e+00 -2.580000e+00  1.510198e+00
     vertex -8.982963e+00 -2.709410e+00  1.510198e+00
   endloop
 endfacet
 facet normal  9.914449e-01  1.305262e-01  0.000000e+00
   outer loop
     vertex -8.982963e+00 -2.709410e+00  0.000000e+00
     vertex -9.000000e+00 -2.580000e+00  0.000000e+00
     vertex -9.000000e+00 -2.580000e+00  1.510198e+00
   endloop
 endfacet
 facet normal  9.238795e-01  3.826834e-01 -0.000000e+00
   outer loop
     vertex -8.933013e+00 -2.830000e+00  0.000000e+00
     vertex -8.982963e+00 -2.709410e+00  0.000000e+00
     vertex -8.933013e+00 -2.830000e+00  1.510198e+00
   endloop
 endfacet
 facet normal  6.087614e-01  7.933533e-01 -0.000000e+00
   outer loop
     vertex -8.853553e+00 -2.933553e+00  0.000000e+00
     vertex -8.853553e+00 -2.933553e+00  1.510198e+00
     vertex -8.750000e+00 -3.013013e+00  1.510198e+00
   endloop
 endfacet
 facet normal  7.933533e-01  6.087614e-01 -0.000000e+00
   outer loop
     vertex -8.853553e+00 -2.933553e+00  0.000000e+00
     vertex -8.933013e+00 -2.830000e+00  1.510198e+00
     vertex -8.853553e+00 -2.933553e+00  1.510198e+00
   endloop
 endfacet
 facet normal  7.933533e-01  6.087614e-01  0.000000e+00
   outer loop
     vertex -8.853553e+00 -2.933553e+00  0.000000e+00
     vertex -8.933013e+00 -2.830000e+00  0.000000e+00
     vertex -8.933013e+00 -2.830000e+00  1.510198e+00
   endloop
 endfacet
 facet normal  6.087614e-01  7.933533e-01 -0.000000e+00
   outer loop
     vertex -8.750000e+00 -3.013013e+00  0.000000e+00
     vertex -8.853553e+00 -2.933553e+00  0.000000e+00
     vertex -8.750000e+00 -3.013013e+00  1.510198e+00
   endloop
 endfacet
 facet normal  3.826834e-01  9.238795e-01 -0.000000e+00
   outer loop
     vertex -8.629410e+00 -3.062963e+00  0.000000e+00
     vertex -8.750000e+00 -3.013013e+00  1.510198e+00
     vertex -8.629410e+00 -3.062963e+00  1.510198e+00
   endloop
 endfacet
 facet normal  3.826834e-01  9.238795e-01  0.000000e+00
   outer loop
     vertex -8.629410e+00 -3.062963e+00  0.000000e+00
     vertex -8.750000e+00 -3.013013e+00  0.000000e+00
     vertex -8.750000e+00 -3.013013e+00  1.510198e+00
   endloop
 endfacet
 facet normal  1.305262e-01  9.914449e-01 -0.000000e+00
   outer loop
     vertex -8.500000e+00 -3.080000e+00  0.000000e+00
     vertex -8.629410e+00 -3.062963e+00  1.510198e+00
     vertex -8.500000e+00 -3.080000e+00  1.510198e+00
   endloop
 endfacet
 facet normal  1.305262e-01  9.914449e-01  0.000000e+00
   outer loop
     vertex -8.500000e+00 -3.080000e+00  0.000000e+00
     vertex -8.629410e+00 -3.062963e+00  0.000000e+00
     vertex -8.629410e+00 -3.062963e+00  1.510198e+00
   endloop
 endfacet
 facet normal -1.305262e-01  9.914449e-01  0.000000e+00
   outer loop
     vertex -8.370590e+00 -5.229629e-01  0.000000e+00
     vertex -8.500000e+00 -5.400000e-01  0.000000e+00
     vertex -8.500000e+00 -5.400000e-01  1.510198e+00
   endloop
 endfacet
 facet normal -1.305262e-01  9.914449e-01  0.000000e+00
   outer loop
     vertex -8.370590e+00 -5.229629e-01  0.000000e+00
     vertex -8.500000e+00 -5.400000e-01  1.510198e+00
     vertex -8.370590e+00 -5.229629e-01  1.510198e+00
   endloop
 endfacet
 facet normal -3.826834e-01  9.238795e-01  0.000000e+00
   outer loop
     vertex -8.250000e+00 -4.730127e-01  0.000000e+00
     vertex -8.370590e+00 -5.229629e-01  1.510198e+00
     vertex -8.250000e+00 -4.730127e-01  1.510198e+00
   endloop
 endfacet
 facet normal -3.826834e-01  9.238795e-01  0.000000e+00
   outer loop
     vertex -8.250000e+00 -4.730127e-01  0.000000e+00
     vertex -8.370590e+00 -5.229629e-01  0.000000e+00
     vertex -8.370590e+00 -5.229629e-01  1.510198e+00
   endloop
 endfacet
 facet normal -6.087614e-01  7.933533e-01  0.000000e+00
   outer loop
     vertex -8.146447e+00 -3.935534e-01  0.000000e+00
     vertex -8.250000e+00 -4.730127e-01  1.510198e+00
     vertex -8.146447e+00 -3.935534e-01  1.510198e+00
   endloop
 endfacet
 facet normal -6.087614e-01  7.933533e-01  0.000000e+00
   outer loop
     vertex -8.146447e+00 -3.935534e-01  0.000000e+00
     vertex -8.250000e+00 -4.730127e-01  0.000000e+00
     vertex -8.250000e+00 -4.730127e-01  1.510198e+00
   endloop
 endfacet
 facet normal -7.933533e-01  6.087614e-01  0.000000e+00
   outer loop
     vertex -8.066987e+00 -2.900000e-01  0.000000e+00
     vertex -8.146447e+00 -3.935534e-01  1.510198e+00
     vertex -8.066987e+00 -2.900000e-01  1.510198e+00
   endloop
 endfacet
 facet normal -7.933533e-01  6.087614e-01  0.000000e+00
   outer loop
     vertex -8.066987e+00 -2.900000e-01  0.000000e+00
     vertex -8.146447e+00 -3.935534e-01  0.000000e+00
     vertex -8.146447e+00 -3.935534e-01  1.510198e+00
   endloop
 endfacet
 facet normal -9.238795e-01  3.826834e-01  0.000000e+00
   outer loop
     vertex -8.017037e+00 -1.694095e-01  0.000000e+00
     vertex -8.066987e+00 -2.900000e-01  1.510198e+00
     vertex -8.017037e+00 -1.694095e-01  1.510198e+00
   endloop
 endfacet
 facet normal -9.238795e-01  3.826834e-01  0.000000e+00
   outer loop
     vertex -8.017037e+00 -1.694095e-01  0.000000e+00
     vertex -8.066987e+00 -2.900000e-01  0.000000e+00
     vertex -8.066987e+00 -2.900000e-01  1.510198e+00
   endloop
 endfacet
 facet normal -9.914449e-01  1.305262e-01  0.000000e+00
   outer loop
     vertex -8.000000e+00 -4.000000e-02  0.000000e+00
     vertex -8.017037e+00 -1.694095e-01  1.510198e+00
     vertex -8.000000e+00 -4.000000e-02  1.510198e+00
   endloop
 endfacet
 facet normal -9.914449e-01  1.305262e-01  0.000000e+00
   outer loop
     vertex -8.000000e+00 -4.000000e-02  0.000000e+00
     vertex -8.017037e+00 -1.694095e-01  0.000000e+00
     vertex -8.017037e+00 -1.694095e-01  1.510198e+00
   endloop
 endfacet
 facet normal -9.914449e-01 -1.305262e-01  0.000000e+00
   outer loop
     vertex -8.017037e+00  8.940952e-02  0.000000e+00
     vertex -8.000000e+00 -4.000000e-02  1.510198e+00
     vertex -8.017037e+00  8.940952e-02  1.510198e+00
   endloop
 endfacet
 facet normal -9.914449e-01 -1.305262e-01  0.000000e+00
   outer loop
     vertex -8.017037e+00  8.940952e-02  0.000000e+00
     vertex -8.000000e+00 -4.000000e-02  0.000000e+00
     vertex -8.000000e+00 -4.000000e-02  1.510198e+00
   endloop
 endfacet
 facet normal -9.238795e-01 -3.826834e-01  0.000000e+00
   outer loop
     vertex -8.066987e+00  2.100000e-01  0.000000e+00
     vertex -8.017037e+00  8.940952e-02  1.510198e+00
     vertex -8.066987e+00  2.100000e-01  1.510198e+00
   endloop
 endfacet
 facet normal -9.238795e-01 -3.826834e-01  0.000000e+00
   outer loop
     vertex -8.066987e+00  2.100000e-01  0.000000e+00
     vertex -8.017037e+00  8.940952e-02  0.000000e+00
     vertex -8.017037e+00  8.940952e-02  1.510198e+00
   endloop
 endfacet
 facet normal -7.933533e-01 -6.087614e-01  0.000000e+00
   outer loop
     vertex -8.146447e+00  3.135534e-01  0.000000e+00
     vertex -8.066987e+00  2.100000e-01  1.510198e+00
     vertex -8.146447e+00  3.135534e-01  1.510198e+00
   endloop
 endfacet
 facet normal -7.933533e-01 -6.087614e-01  0.000000e+00
   outer loop
     vertex -8.146447e+00  3.135534e-01  0.000000e+00
     vertex -8.066987e+00  2.100000e-01  0.000000e+00
     vertex -8.066987e+00  2.100000e-01  1.510198e+00
   endloop
 endfacet
 facet normal -6.087614e-01 -7.933533e-01  0.000000e+00
   outer loop
     vertex -8.250000e+00  3.930127e-01  0.000000e+00
     vertex -8.146447e+00  3.135534e-01  1.510198e+00
     vertex -8.250000e+00  3.930127e-01  1.510198e+00
   endloop
 endfacet
 facet normal -6.087614e-01 -7.933533e-01  0.000000e+00
   outer loop
     vertex -8.250000e+00  3.930127e-01  0.000000e+00
     vertex -8.146447e+00  3.135534e-01  0.000000e+00
     vertex -8.146447e+00  3.135534e-01  1.510198e+00
   endloop
 endfacet
 facet normal -1.305262e-01 -9.914449e-01  0.000000e+00
   outer loop
     vertex -8.370590e+00  4.429629e-01  0.000000e+00
     vertex -8.370590e+00  4.429629e-01  1.510198e+00
     vertex -8.500000e+00  4.600000e-01  1.510198e+00
   endloop
 endfacet
 facet normal -3.826834e-01 -9.238795e-01  0.000000e+00
   outer loop
     vertex -8.370590e+00  4.429629e-01  0.000000e+00
     vertex -8.250000e+00  3.930127e-01  1.510198e+00
     vertex -8.370590e+00  4.429629e-01  1.510198e+00
   endloop
 endfacet
 facet normal -3.826834e-01 -9.238795e-01  0.000000e+00
   outer loop
     vertex -8.370590e+00  4.429629e-01  0.000000e+00
     vertex -8.250000e+00  3.930127e-01  0.000000e+00
     vertex -8.250000e+00  3.930127e-01  1.510198e+00
   endloop
 endfacet
 facet normal -1.305262e-01 -9.914449e-01  0.000000e+00
   outer loop
     vertex -8.500000e+00  4.600000e-01  0.000000e+00
     vertex -8.370590e+00  4.429629e-01  0.000000e+00
     vertex -8.500000e+00  4.600000e-01  1.510198e+00
   endloop
 endfacet
 facet normal  1.305262e-01 -9.914449e-01  0.000000e+00
   outer loop
     vertex -8.629410e+00  4.429629e-01  0.000000e+00
     vertex -8.500000e+00  4.600000e-01  0.000000e+00
     vertex -8.500000e+00  4.600000e-01  1.510198e+00
   endloop
 endfacet
 facet normal  3.826834e-01 -9.238795e-01  0.000000e+00
   outer loop
     vertex -8.629410e+00  4.429629e-01  0.000000e+00
     vertex -8.629410e+00  4.429629e-01  1.510198e+00
     vertex -8.750000e+00  3.930127e-01  1.510198e+00
   endloop
 endfacet
 facet normal  1.305262e-01 -9.914449e-01  0.000000e+00
   outer loop
     vertex -8.629410e+00  4.429629e-01  0.000000e+00
     vertex -8.500000e+00  4.600000e-01  1.510198e+00
     vertex -8.629410e+00  4.429629e-01  1.510198e+00
   endloop
 endfacet
 facet normal  3.826834e-01 -9.238795e-01  0.000000e+00
   outer loop
     vertex -8.750000e+00  3.930127e-01  0.000000e+00
     vertex -8.629410e+00  4.429629e-01  0.000000e+00
     vertex -8.750000e+00  3.930127e-01  1.510198e+00
   endloop
 endfacet
 facet normal  6.087614e-01 -7.933533e-01  0.000000e+00
   outer loop
     vertex -8.853553e+00  3.135534e-01  0.000000e+00
     vertex -8.750000e+00  3.930127e-01  0.000000e+00
     vertex -8.750000e+00  3.930127e-01  1.510198e+00
   endloop
 endfacet
 facet normal  6.087614e-01 -7.933533e-01  0.000000e+00
   outer loop
     vertex -8.853553e+00  3.135534e-01  0.000000e+00
     vertex -8.750000e+00  3.930127e-01  1.510198e+00
     vertex -8.853553e+00  3.135534e-01  1.510198e+00
   endloop
 endfacet
 facet normal  7.933533e-01 -6.087614e-01  0.000000e+00
   outer loop
     vertex -8.933013e+00  2.100000e-01  0.000000e+00
     vertex -8.853553e+00  3.135534e-01  0.000000e+00
     vertex -8.853553e+00  3.135534e-01  1.510198e+00
   endloop
 endfacet
 facet normal  9.238795e-01 -3.826834e-01  0.000000e+00
   outer loop
     vertex -8.933013e+00  2.100000e-01  0.000000e+00
     vertex -8.933013e+00  2.100000e-01  1.510198e+00
     vertex -8.982963e+00  8.940952e-02  1.510198e+00
   endloop
 endfacet
 facet normal  7.933533e-01 -6.087614e-01  0.000000e+00
   outer loop
     vertex -8.933013e+00  2.100000e-01  0.000000e+00
     vertex -8.853553e+00  3.135534e-01  1.510198e+00
     vertex -8.933013e+00  2.100000e-01  1.510198e+00
   endloop
 endfacet
 facet normal  9.238795e-01 -3.826834e-01  0.000000e+00
   outer loop
     vertex -8.982963e+00  8.940952e-02  0.000000e+00
     vertex -8.933013e+00  2.100000e-01  0.000000e+00
     vertex -8.982963e+00  8.940952e-02  1.510198e+00
   endloop
 endfacet
 facet normal  9.914449e-01 -1.305262e-01  0.000000e+00
   outer loop
     vertex -9.000000e+00 -4.000000e-02  0.000000e+00
     vertex -8.982963e+00  8.940952e-02  0.000000e+00
     vertex -8.982963e+00  8.940952e-02  1.510198e+00
   endloop
 endfacet
 facet normal  9.914449e-01 -1.305262e-01  0.000000e+00
   outer loop
     vertex -9.000000e+00 -4.000000e-02  0.000000e+00
     vertex -8.982963e+00  8.940952e-02  1.510198e+00
     vertex -9.000000e+00 -4.000000e-02  1.510198e+00
   endloop
 endfacet
 facet normal  9.238795e-01  3.826834e-01 -0.000000e+00
   outer loop
     vertex -8.982963e+00 -1.694095e-01  0.000000e+00
     vertex -8.982963e+00 -1.694095e-01  1.510198e+00
     vertex -8.933013e+00 -2.900000e-01  1.510198e+00
   endloop
 endfacet
 facet normal  9.914449e-01  1.305262e-01 -0.000000e+00
   outer loop
     vertex -8.982963e+00 -1.694095e-01  0.000000e+00
     vertex -9.000000e+00 -4.000000e-02  1.510198e+00
     vertex -8.982963e+00 -1.694095e-01  1.510198e+00
   endloop
 endfacet
 facet normal  9.914449e-01  1.305262e-01  0.000000e+00
   outer loop
     vertex -8.982963e+00 -1.694095e-01  0.000000e+00
     vertex -9.000000e+00 -4.000000e-02  0.000000e+00
     vertex -9.000000e+00 -4.000000e-02  1.510198e+00
   endloop
 endfacet
 facet normal  9.238795e-01  3.826834e-01 -0.000000e+00
   outer loop
     vertex -8.933013e+00 -2.900000e-01  0.000000e+00
     vertex -8.982963e+00 -1.694095e-01  0.000000e+00
     vertex -8.933013e+00 -2.900000e-01  1.510198e+00
   endloop
 endfacet
 facet normal  6.087614e-01  7.933533e-01 -0.000000e+00
   outer loop
     vertex -8.853553e+00 -3.935534e-01  0.000000e+00
     vertex -8.853553e+00 -3.935534e-01  1.510198e+00
     vertex -8.750000e+00 -4.730127e-01  1.510198e+00
   endloop
 endfacet
 facet normal  7.933533e-01  6.087614e-01 -0.000000e+00
   outer loop
     vertex -8.853553e+00 -3.935534e-01  0.000000e+00
     vertex -8.933013e+00 -2.900000e-01  1.510198e+00
     vertex -8.853553e+00 -3.935534e-01  1.510198e+00
   endloop
 endfacet
 facet normal  7.933533e-01  6.087614e-01  0.000000e+00
   outer loop
     vertex -8.853553e+00 -3.935534e-01  0.000000e+00
     vertex -8.933013e+00 -2.900000e-01  0.000000e+00
     vertex -8.933013e+00 -2.900000e-01  1.510198e+00
   endloop
 endfacet
 facet normal  6.087614e-01  7.933533e-01 -0.000000e+00
   outer loop
     vertex -8.750000e+00 -4.730127e-01  0.000000e+00
     vertex -8.853553e+00 -3.935534e-01  0.000000e+00
     vertex -8.750000e+00 -4.730127e-01  1.510198e+00
   endloop
 endfacet
 facet normal  3.826834e-01  9.238795e-01 -0.000000e+00
   outer loop
     vertex -8.629410e+00 -5.229629e-01  0.000000e+00
     vertex -8.750000e+00 -4.730127e-01  1.510198e+00
     vertex -8.629410e+00 -5.229629e-01  1.510198e+00
   endloop
 endfacet
 facet normal  3.826834e-01  9.238795e-01  0.000000e+00
   outer loop
     vertex -8.629410e+00 -5.229629e-01  0.000000e+00
     vertex -8.750000e+00 -4.730127e-01  0.000000e+00
     vertex -8.750000e+00 -4.730127e-01  1.510198e+00
   endloop
 endfacet
 facet normal  1.305262e-01  9.914449e-01 -0.000000e+00
   outer loop
     vertex -8.500000e+00 -5.400000e-01  0.000000e+00
     vertex -8.629410e+00 -5.229629e-01  1.510198e+00
     vertex -8.500000e+00 -5.400000e-01  1.510198e+00
   endloop
 endfacet
 facet normal  1.305262e-01  9.914449e-01  0.000000e+00
   outer loop
     vertex -8.500000e+00 -5.400000e-01  0.000000e+00
     vertex -8.629410e+00 -5.229629e-01  0.000000e+00
     vertex -8.629410e+00 -5.229629e-01  1.510198e+00
   endloop
 endfacet
 facet normal -1.305262e-01  9.914449e-01  0.000000e+00
   outer loop
     vertex  8.414110e+00 -9.545481e+00  0.000000e+00
     vertex  8.000000e+00 -9.600000e+00  0.000000e+00
     vertex  8.000000e+00 -9.600000e+00  1.510198e+00
   endloop
 endfacet
 facet normal -1.305262e-01  9.914449e-01  0.000000e+00
   outer loop
     vertex  8.414110e+00 -9.545481e+00  0.000000e+00
     vertex  8.000000e+00 -9.600000e+00  1.510198e+00
     vertex  8.414110e+00 -9.545481e+00  1.510198e+00
   endloop
 endfacet
 facet normal -3.826834e-01  9.238795e-01  0.000000e+00
   outer loop
     vertex  8.800000e+00 -9.385641e+00  0.000000e+00
     vertex  8.414110e+00 -9.545481e+00  1.510198e+00
     vertex  8.800000e+00 -9.385641e+00  1.510198e+00
   endloop
 endfacet
 facet normal -3.826834e-01  9.238795e-01  0.000000e+00
   outer loop
     vertex  8.800000e+00 -9.385641e+00  0.000000e+00
     vertex  8.414110e+00 -9.545481e+00  0.000000e+00
     vertex  8.414110e+00 -9.545481e+00  1.510198e+00
   endloop
 endfacet
 facet normal -6.087614e-01  7.933533e-01  0.000000e+00
   outer loop
     vertex  9.131371e+00 -9.131371e+00  0.000000e+00
     vertex  8.800000e+00 -9.385641e+00  1.510198e+00
     vertex  9.131371e+00 -9.131371e+00  1.510198e+00
   endloop
 endfacet
 facet normal -6.087614e-01  7.933533e-01  0.000000e+00
   outer loop
     vertex  9.131371e+00 -9.131371e+00  0.000000e+00
     vertex  8.800000e+00 -9.385641e+00  0.000000e+00
     vertex  8.800000e+00 -9.385641e+00  1.510198e+00
   endloop
 endfacet
 facet normal -7.933533e-01  6.087614e-01  0.000000e+00
   outer loop
     vertex  9.385641e+00 -8.800000e+00  0.000000e+00
     vertex  9.131371e+00 -9.131371e+00  1.510198e+00
     vertex  9.385641e+00 -8.800000e+00  1.510198e+00
   endloop
 endfacet
 facet normal -7.933533e-01  6.087614e-01  0.000000e+00
   outer loop
     vertex  9.385641e+00 -8.800000e+00  0.000000e+00
     vertex  9.131371e+00 -9.131371e+00  0.000000e+00
     vertex  9.131371e+00 -9.131371e+00  1.510198e+00
   endloop
 endfacet
 facet normal -9.238795e-01  3.826834e-01  0.000000e+00
   outer loop
     vertex  9.545481e+00 -8.414110e+00  0.000000e+00
     vertex  9.385641e+00 -8.800000e+00  1.510198e+00
     vertex  9.545481e+00 -8.414110e+00  1.510198e+00
   endloop
 endfacet
 facet normal -9.238795e-01  3.826834e-01  0.000000e+00
   outer loop
     vertex  9.545481e+00 -8.414110e+00  0.000000e+00
     vertex  9.385641e+00 -8.800000e+00  0.000000e+00
     vertex  9.385641e+00 -8.800000e+00  1.510198e+00
   endloop
 endfacet
 facet normal -9.914449e-01  1.305262e-01  0.000000e+00
   outer loop
     vertex  9.600000e+00 -8.000000e+00  0.000000e+00
     vertex  9.545481e+00 -8.414110e+00  1.510198e+00
     vertex  9.600000e+00 -8.000000e+00  1.510198e+00
   endloop
 endfacet
 facet normal -9.914449e-01  1.305262e-01  0.000000e+00
   outer loop
     vertex  9.600000e+00 -8.000000e+00  0.000000e+00
     vertex  9.545481e+00 -8.414110e+00  0.000000e+00
     vertex  9.545481e+00 -8.414110e+00  1.510198e+00
   endloop
 endfacet
 facet normal -9.914449e-01 -1.305262e-01  0.000000e+00
   outer loop
     vertex  9.545481e+00 -7.585890e+00  0.000000e+00
     vertex  9.600000e+00 -8.000000e+00  1.510198e+00
     vertex  9.545481e+00 -7.585890e+00  1.510198e+00
   endloop
 endfacet
 facet normal -9.914449e-01 -1.305262e-01  0.000000e+00
   outer loop
     vertex  9.545481e+00 -7.585890e+00  0.000000e+00
     vertex  9.600000e+00 -8.000000e+00  0.000000e+00
     vertex  9.600000e+00 -8.000000e+00  1.510198e+00
   endloop
 endfacet
 facet normal -9.238795e-01 -3.826834e-01  0.000000e+00
   outer loop
     vertex  9.385641e+00 -7.200000e+00  0.000000e+00
     vertex  9.545481e+00 -7.585890e+00  1.510198e+00
     vertex  9.385641e+00 -7.200000e+00  1.510198e+00
   endloop
 endfacet
 facet normal -9.238795e-01 -3.826834e-01  0.000000e+00
   outer loop
     vertex  9.385641e+00 -7.200000e+00  0.000000e+00
     vertex  9.545481e+00 -7.585890e+00  0.000000e+00
     vertex  9.545481e+00 -7.585890e+00  1.510198e+00
   endloop
 endfacet
 facet normal -7.933533e-01 -6.087614e-01  0.000000e+00
   outer loop
     vertex  9.131371e+00 -6.868629e+00  0.000000e+00
     vertex  9.385641e+00 -7.200000e+00  1.510198e+00
     vertex  9.131371e+00 -6.868629e+00  1.510198e+00
   endloop
 endfacet
 facet normal -7.933533e-01 -6.087614e-01  0.000000e+00
   outer loop
     vertex  9.131371e+00 -6.868629e+00  0.000000e+00
     vertex  9.385641e+00 -7.200000e+00  0.000000e+00
     vertex  9.385641e+00 -7.200000e+00  1.510198e+00
   endloop
 endfacet
 facet normal -6.087614e-01 -7.933533e-01  0.000000e+00
   outer loop
     vertex  8.800000e+00 -6.614359e+00  0.000000e+00
     vertex  9.131371e+00 -6.868629e+00  1.510198e+00
     vertex  8.800000e+00 -6.614359e+00  1.510198e+00
   endloop
 endfacet
 facet normal -6.087614e-01 -7.933533e-01  0.000000e+00
   outer loop
     vertex  8.800000e+00 -6.614359e+00  0.000000e+00
     vertex  9.131371e+00 -6.868629e+00  0.000000e+00
     vertex  9.131371e+00 -6.868629e+00  1.510198e+00
   endloop
 endfacet
 facet normal -1.305262e-01 -9.914449e-01  0.000000e+00
   outer loop
     vertex  8.414110e+00 -6.454519e+00  0.000000e+00
     vertex  8.414110e+00 -6.454519e+00  1.510198e+00
     vertex  8.000000e+00 -6.400000e+00  1.510198e+00
   endloop
 endfacet
 facet normal -3.826834e-01 -9.238795e-01  0.000000e+00
   outer loop
     vertex  8.414110e+00 -6.454519e+00  0.000000e+00
     vertex  8.800000e+00 -6.614359e+00  1.510198e+00
     vertex  8.414110e+00 -6.454519e+00  1.510198e+00
   endloop
 endfacet
 facet normal -3.826834e-01 -9.238795e-01  0.000000e+00
   outer loop
     vertex  8.414110e+00 -6.454519e+00  0.000000e+00
     vertex  8.800000e+00 -6.614359e+00  0.000000e+00
     vertex  8.800000e+00 -6.614359e+00  1.510198e+00
   endloop
 endfacet
 facet normal -1.305262e-01 -9.914449e-01  0.000000e+00
   outer loop
     vertex  8.000000e+00 -6.400000e+00  0.000000e+00
     vertex  8.414110e+00 -6.454519e+00  0.000000e+00
     vertex  8.000000e+00 -6.400000e+00  1.510198e+00
   endloop
 endfacet
 facet normal  1.305262e-01 -9.914449e-01  0.000000e+00
   outer loop
     vertex  7.585890e+00 -6.454519e+00  0.000000e+00
     vertex  8.000000e+00 -6.400000e+00  0.000000e+00
     vertex  8.000000e+00 -6.400000e+00  1.510198e+00
   endloop
 endfacet
 facet normal  3.826834e-01 -9.238795e-01  0.000000e+00
   outer loop
     vertex  7.585890e+00 -6.454519e+00  0.000000e+00
     vertex  7.585890e+00 -6.454519e+00  1.510198e+00
     vertex  7.200000e+00 -6.614359e+00  1.510198e+00
   endloop
 endfacet
 facet normal  1.305262e-01 -9.914449e-01  0.000000e+00
   outer loop
     vertex  7.585890e+00 -6.454519e+00  0.000000e+00
     vertex  8.000000e+00 -6.400000e+00  1.510198e+00
     vertex  7.585890e+00 -6.454519e+00  1.510198e+00
   endloop
 endfacet
 facet normal  3.826834e-01 -9.238795e-01  0.000000e+00
   outer loop
     vertex  7.200000e+00 -6.614359e+00  0.000000e+00
     vertex  7.585890e+00 -6.454519e+00  0.000000e+00
     vertex  7.200000e+00 -6.614359e+00  1.510198e+00
   endloop
 endfacet
 facet normal  6.087614e-01 -7.933533e-01  0.000000e+00
   outer loop
     vertex  6.868629e+00 -6.868629e+00  0.000000e+00
     vertex  7.200000e+00 -6.614359e+00  0.000000e+00
     vertex  7.200000e+00 -6.614359e+00  1.510198e+00
   endloop
 endfacet
 facet normal  6.087614e-01 -7.933533e-01  0.000000e+00
   outer loop
     vertex  6.868629e+00 -6.868629e+00  0.000000e+00
     vertex  7.200000e+00 -6.614359e+00  1.510198e+00
     vertex  6.868629e+00 -6.868629e+00  1.510198e+00
   endloop
 endfacet
 facet normal  7.933533e-01 -6.087614e-01  0.000000e+00
   outer loop
     vertex  6.614359e+00 -7.200000e+00  0.000000e+00
     vertex  6.868629e+00 -6.868629e+00  0.000000e+00
     vertex  6.868629e+00 -6.868629e+00  1.510198e+00
   endloop
 endfacet
 facet normal  9.238795e-01 -3.826834e-01  0.000000e+00
   outer loop
     vertex  6.614359e+00 -7.200000e+00  0.000000e+00
     vertex  6.614359e+00 -7.200000e+00  1.510198e+00
     vertex  6.454519e+00 -7.585890e+00  1.510198e+00
   endloop
 endfacet
 facet normal  7.933533e-01 -6.087614e-01  0.000000e+00
   outer loop
     vertex  6.614359e+00 -7.200000e+00  0.000000e+00
     vertex  6.868629e+00 -6.868629e+00  1.510198e+00
     vertex  6.614359e+00 -7.200000e+00  1.510198e+00
   endloop
 endfacet
 facet normal  9.238795e-01 -3.826834e-01  0.000000e+00
   outer loop
     vertex  6.454519e+00 -7.585890e+00  0.000000e+00
     vertex  6.614359e+00 -7.200000e+00  0.000000e+00
     vertex  6.454519e+00 -7.585890e+00  1.510198e+00
   endloop
 endfacet
 facet normal  9.914449e-01 -1.305262e-01  0.000000e+00
   outer loop
     vertex  6.400000e+00 -8.000000e+00  0.000000e+00
     vertex  6.454519e+00 -7.585890e+00  0.000000e+00
     vertex  6.454519e+00 -7.585890e+00  1.510198e+00
   endloop
 endfacet
 facet normal  9.914449e-01 -1.305262e-01  0.000000e+00
   outer loop
     vertex  6.400000e+00 -8.000000e+00  0.000000e+00
     vertex  6.454519e+00 -7.585890e+00  1.510198e+00
     vertex  6.400000e+00 -8.000000e+00  1.510198e+00
   endloop
 endfacet
 facet normal  9.238795e-01  3.826834e-01 -0.000000e+00
   outer loop
     vertex  6.454519e+00 -8.414110e+00  0.000000e+00
     vertex  6.454519e+00 -8.414110e+00  1.510198e+00
     vertex  6.614359e+00 -8.800000e+00  1.510198e+00
   endloop
 endfacet
 facet normal  9.914449e-01  1.305262e-01 -0.000000e+00
   outer loop
     vertex  6.454519e+00 -8.414110e+00  0.000000e+00
     vertex  6.400000e+00 -8.000000e+00  1.510198e+00
     vertex  6.454519e+00 -8.414110e+00  1.510198e+00
   endloop
 endfacet
 facet normal  9.914449e-01  1.305262e-01  0.000000e+00
   outer loop
     vertex  6.454519e+00 -8.414110e+00  0.000000e+00
     vertex  6.400000e+00 -8.000000e+00  0.000000e+00
     vertex  6.400000e+00 -8.000000e+00  1.510198e+00
   endloop
 endfacet
 facet normal  9.238795e-01  3.826834e-01 -0.000000e+00
   outer loop
     vertex  6.614359e+00 -8.800000e+00  0.000000e+00
     vertex  6.454519e+00 -8.414110e+00  0.000000e+00
     vertex  6.614359e+00 -8.800000e+00  1.510198e+00
   endloop
 endfacet
 facet normal  6.087614e-01  7.933533e-01 -0.000000e+00
   outer loop
     vertex  6.868629e+00 -9.131371e+00  0.000000e+00
     vertex  6.868629e+00 -9.131371e+00  1.510198e+00
     vertex  7.200000e+00 -9.385641e+00  1.510198e+00
   endloop
 endfacet
 facet normal  7.933533e-01  6.087614e-01 -0.000000e+00
   outer loop
     vertex  6.868629e+00 -9.131371e+00  0.000000e+00
     vertex  6.614359e+00 -8.800000e+00  1.510198e+00
     vertex  6.868629e+00 -9.131371e+00  1.510198e+00
   endloop
 endfacet
 facet normal  7.933533e-01  6.087614e-01  0.000000e+00
   outer loop
     vertex  6.868629e+00 -9.131371e+00  0.000000e+00
     vertex  6.614359e+00 -8.800000e+00  0.000000e+00
     vertex  6.614359e+00 -8.800000e+00  1.510198e+00
   endloop
 endfacet
 facet normal  6.087614e-01  7.933533e-01 -0.000000e+00
   outer loop
     vertex  7.200000e+00 -9.385641e+00  0.000000e+00
     vertex  6.868629e+00 -9.131371e+00  0.000000e+00
     vertex  7.200000e+00 -9.385641e+00  1.510198e+00
   endloop
 endfacet
 facet normal  3.826834e-01  9.238795e-01 -0.000000e+00
   outer loop
     vertex  7.585890e+00 -9.545481e+00  0.000000e+00
     vertex  7.200000e+00 -9.385641e+00  1.510198e+00
     vertex  7.585890e+00 -9.545481e+00  1.510198e+00
   endloop
 endfacet
 facet normal  3.826834e-01  9.238795e-01  0.000000e+00
   outer loop
     vertex  7.585890e+00 -9.545481e+00  0.000000e+00
     vertex  7.200000e+00 -9.385641e+00  0.000000e+00
     vertex  7.200000e+00 -9.385641e+00  1.510198e+00
   endloop
 endfacet
 facet normal  1.305262e-01  9.914449e-01 -0.000000e+00
   outer loop
     vertex  8.000000e+00 -9.600000e+00  0.000000e+00
     vertex  7.585890e+00 -9.545481e+00  1.510198e+00
     vertex  8.000000e+00 -9.600000e+00  1.510198e+00
   endloop
 endfacet
 facet normal  1.305262e-01  9.914449e-01  0.000000e+00
   outer loop
     vertex  8.000000e+00 -9.600000e+00  0.000000e+00
     vertex  7.585890e+00 -9.545481e+00  0.000000e+00
     vertex  7.585890e+00 -9.545481e+00  1.510198e+00
   endloop
 endfacet
 facet normal -1.305262e-01  9.914449e-01  0.000000e+00
   outer loop
     vertex  8.629410e+00 -3.062963e+00  0.000000e+00
     vertex  8.500000e+00 -3.080000e+00  0.000000e+00
     vertex  8.500000e+00 -3.080000e+00  1.510198e+00
   endloop
 endfacet
 facet normal -1.305262e-01  9.914449e-01  0.000000e+00
   outer loop
     vertex  8.629410e+00 -3.062963e+00  0.000000e+00
     vertex  8.500000e+00 -3.080000e+00  1.510198e+00
     vertex  8.629410e+00 -3.062963e+00  1.510198e+00
   endloop
 endfacet
 facet normal -3.826834e-01  9.238795e-01  0.000000e+00
   outer loop
     vertex  8.750000e+00 -3.013013e+00  0.000000e+00
     vertex  8.629410e+00 -3.062963e+00  1.510198e+00
     vertex  8.750000e+00 -3.013013e+00  1.510198e+00
   endloop
 endfacet
 facet normal -3.826834e-01  9.238795e-01  0.000000e+00
   outer loop
     vertex  8.750000e+00 -3.013013e+00  0.000000e+00
     vertex  8.629410e+00 -3.062963e+00  0.000000e+00
     vertex  8.629410e+00 -3.062963e+00  1.510198e+00
   endloop
 endfacet
 facet normal -6.087614e-01  7.933533e-01  0.000000e+00
   outer loop
     vertex  8.853553e+00 -2.933553e+00  0.000000e+00
     vertex  8.750000e+00 -3.013013e+00  1.510198e+00
     vertex  8.853553e+00 -2.933553e+00  1.510198e+00
   endloop
 endfacet
 facet normal -6.087614e-01  7.933533e-01  0.000000e+00
   outer loop
     vertex  8.853553e+00 -2.933553e+00  0.000000e+00
     vertex  8.750000e+00 -3.013013e+00  0.000000e+00
     vertex  8.750000e+00 -3.013013e+00  1.510198e+00
   endloop
 endfacet
 facet normal -7.933533e-01  6.087614e-01  0.000000e+00
   outer loop
     vertex  8.933013e+00 -2.830000e+00  0.000000e+00
     vertex  8.853553e+00 -2.933553e+00  1.510198e+00
     vertex  8.933013e+00 -2.830000e+00  1.510198e+00
   endloop
 endfacet
 facet normal -7.933533e-01  6.087614e-01  0.000000e+00
   outer loop
     vertex  8.933013e+00 -2.830000e+00  0.000000e+00
     vertex  8.853553e+00 -2.933553e+00  0.000000e+00
     vertex  8.853553e+00 -2.933553e+00  1.510198e+00
   endloop
 endfacet
 facet normal -9.238795e-01  3.826834e-01  0.000000e+00
   outer loop
     vertex  8.982963e+00 -2.709410e+00  0.000000e+00
     vertex  8.933013e+00 -2.830000e+00  1.510198e+00
     vertex  8.982963e+00 -2.709410e+00  1.510198e+00
   endloop
 endfacet
 facet normal -9.238795e-01  3.826834e-01  0.000000e+00
   outer loop
     vertex  8.982963e+00 -2.709410e+00  0.000000e+00
     vertex  8.933013e+00 -2.830000e+00  0.000000e+00
     vertex  8.933013e+00 -2.830000e+00  1.510198e+00
   endloop
 endfacet
 facet normal -9.914449e-01  1.305262e-01  0.000000e+00
   outer loop
     vertex  9.000000e+00 -2.580000e+00  0.000000e+00
     vertex  8.982963e+00 -2.709410e+00  1.510198e+00
     vertex  9.000000e+00 -2.580000e+00  1.510198e+00
   endloop
 endfacet
 facet normal -9.914449e-01  1.305262e-01  0.000000e+00
   outer loop
     vertex  9.000000e+00 -2.580000e+00  0.000000e+00
     vertex  8.982963e+00 -2.709410e+00  0.000000e+00
     vertex  8.982963e+00 -2.709410e+00  1.510198e+00
   endloop
 endfacet
 facet normal -9.914449e-01 -1.305262e-01  0.000000e+00
   outer loop
     vertex  8.982963e+00 -2.450590e+00  0.000000e+00
     vertex  9.000000e+00 -2.580000e+00  1.510198e+00
     vertex  8.982963e+00 -2.450590e+00  1.510198e+00
   endloop
 endfacet
 facet normal -9.914449e-01 -1.305262e-01  0.000000e+00
   outer loop
     vertex  8.982963e+00 -2.450590e+00  0.000000e+00
     vertex  9.000000e+00 -2.580000e+00  0.000000e+00
     vertex  9.000000e+00 -2.580000e+00  1.510198e+00
   endloop
 endfacet
 facet normal -9.238795e-01 -3.826834e-01  0.000000e+00
   outer loop
     vertex  8.933013e+00 -2.330000e+00  0.000000e+00
     vertex  8.982963e+00 -2.450590e+00  1.510198e+00
     vertex  8.933013e+00 -2.330000e+00  1.510198e+00
   endloop
 endfacet
 facet normal -9.238795e-01 -3.826834e-01  0.000000e+00
   outer loop
     vertex  8.933013e+00 -2.330000e+00  0.000000e+00
     vertex  8.982963e+00 -2.450590e+00  0.000000e+00
     vertex  8.982963e+00 -2.450590e+00  1.510198e+00
   endloop
 endfacet
 facet normal -7.933533e-01 -6.087614e-01  0.000000e+00
   outer loop
     vertex  8.853553e+00 -2.226447e+00  0.000000e+00
     vertex  8.933013e+00 -2.330000e+00  1.510198e+00
     vertex  8.853553e+00 -2.226447e+00  1.510198e+00
   endloop
 endfacet
 facet normal -7.933533e-01 -6.087614e-01  0.000000e+00
   outer loop
     vertex  8.853553e+00 -2.226447e+00  0.000000e+00
     vertex  8.933013e+00 -2.330000e+00  0.000000e+00
     vertex  8.933013e+00 -2.330000e+00  1.510198e+00
   endloop
 endfacet
 facet normal -6.087614e-01 -7.933533e-01  0.000000e+00
   outer loop
     vertex  8.750000e+00 -2.146987e+00  0.000000e+00
     vertex  8.853553e+00 -2.226447e+00  1.510198e+00
     vertex  8.750000e+00 -2.146987e+00  1.510198e+00
   endloop
 endfacet
 facet normal -6.087614e-01 -7.933533e-01  0.000000e+00
   outer loop
     vertex  8.750000e+00 -2.146987e+00  0.000000e+00
     vertex  8.853553e+00 -2.226447e+00  0.000000e+00
     vertex  8.853553e+00 -2.226447e+00  1.510198e+00
   endloop
 endfacet
 facet normal -1.305262e-01 -9.914449e-01  0.000000e+00
   outer loop
     vertex  8.629410e+00 -2.097037e+00  0.000000e+00
     vertex  8.629410e+00 -2.097037e+00  1.510198e+00
     vertex  8.500000e+00 -2.080000e+00  1.510198e+00
   endloop
 endfacet
 facet normal -3.826834e-01 -9.238795e-01  0.000000e+00
   outer loop
     vertex  8.629410e+00 -2.097037e+00  0.000000e+00
     vertex  8.750000e+00 -2.146987e+00  1.510198e+00
     vertex  8.629410e+00 -2.097037e+00  1.510198e+00
   endloop
 endfacet
 facet normal -3.826834e-01 -9.238795e-01  0.000000e+00
   outer loop
     vertex  8.629410e+00 -2.097037e+00  0.000000e+00
     vertex  8.750000e+00 -2.146987e+00  0.000000e+00
     vertex  8.750000e+00 -2.146987e+00  1.510198e+00
   endloop
 endfacet
 facet normal -1.305262e-01 -9.914449e-01  0.000000e+00
   outer loop
     vertex  8.500000e+00 -2.080000e+00  0.000000e+00
     vertex  8.629410e+00 -2.097037e+00  0.000000e+00
     vertex  8.500000e+00 -2.080000e+00  1.510198e+00
   endloop
 endfacet
 facet normal  1.305262e-01 -9.914449e-01  0.000000e+00
   outer loop
     vertex  8.370590e+00 -2.097037e+00  0.000000e+00
     vertex  8.500000e+00 -2.080000e+00  0.000000e+00
     vertex  8.500000e+00 -2.080000e+00  1.510198e+00
   endloop
 endfacet
 facet normal  3.826834e-01 -9.238795e-01  0.000000e+00
   outer loop
     vertex  8.370590e+00 -2.097037e+00  0.000000e+00
     vertex  8.370590e+00 -2.097037e+00  1.510198e+00
     vertex  8.250000e+00 -2.146987e+00  1.510198e+00
   endloop
 endfacet
 facet normal  1.305262e-01 -9.914449e-01  0.000000e+00
   outer loop
     vertex  8.370590e+00 -2.097037e+00  0.000000e+00
     vertex  8.500000e+00 -2.080000e+00  1.510198e+00
     vertex  8.370590e+00 -2.097037e+00  1.510198e+00
   endloop
 endfacet
 facet normal  3.826834e-01 -9.238795e-01  0.000000e+00
   outer loop
     vertex  8.250000e+00 -2.146987e+00  0.000000e+00
     vertex  8.370590e+00 -2.097037e+00  0.000000e+00
     vertex  8.250000e+00 -2.146987e+00  1.510198e+00
   endloop
 endfacet
 facet normal  6.087614e-01 -7.933533e-01  0.000000e+00
   outer loop
     vertex  8.146447e+00 -2.226447e+00  0.000000e+00
     vertex  8.250000e+00 -2.146987e+00  0.000000e+00
     vertex  8.250000e+00 -2.146987e+00  1.510198e+00
   endloop
 endfacet
 facet normal  6.087614e-01 -7.933533e-01  0.000000e+00
   outer loop
     vertex  8.146447e+00 -2.226447e+00  0.000000e+00
     vertex  8.250000e+00 -2.146987e+00  1.510198e+00
     vertex  8.146447e+00 -2.226447e+00  1.510198e+00
   endloop
 endfacet
 facet normal  7.933533e-01 -6.087614e-01  0.000000e+00
   outer loop
     vertex  8.066987e+00 -2.330000e+00  0.000000e+00
     vertex  8.146447e+00 -2.226447e+00  0.000000e+00
     vertex  8.146447e+00 -2.226447e+00  1.510198e+00
   endloop
 endfacet
 facet normal  9.238795e-01 -3.826834e-01  0.000000e+00
   outer loop
     vertex  8.066987e+00 -2.330000e+00  0.000000e+00
     vertex  8.066987e+00 -2.330000e+00  1.510198e+00
     vertex  8.017037e+00 -2.450590e+00  1.510198e+00
   endloop
 endfacet
 facet normal  7.933533e-01 -6.087614e-01  0.000000e+00
   outer loop
     vertex  8.066987e+00 -2.330000e+00  0.000000e+00
     vertex  8.146447e+00 -2.226447e+00  1.510198e+00
     vertex  8.066987e+00 -2.330000e+00  1.510198e+00
   endloop
 endfacet
 facet normal  9.238795e-01 -3.826834e-01  0.000000e+00
   outer loop
     vertex  8.017037e+00 -2.450590e+00  0.000000e+00
     vertex  8.066987e+00 -2.330000e+00  0.000000e+00
     vertex  8.017037e+00 -2.450590e+00  1.510198e+00
   endloop
 endfacet
 facet normal  9.914449e-01 -1.305262e-01  0.000000e+00
   outer loop
     vertex  8.000000e+00 -2.580000e+00  0.000000e+00
     vertex  8.017037e+00 -2.450590e+00  0.000000e+00
     vertex  8.017037e+00 -2.450590e+00  1.510198e+00
   endloop
 endfacet
 facet normal  9.914449e-01 -1.305262e-01  0.000000e+00
   outer loop
     vertex  8.000000e+00 -2.580000e+00  0.000000e+00
     vertex  8.017037e+00 -2.450590e+00  1.510198e+00
     vertex  8.000000e+00 -2.580000e+00  1.510198e+00
   endloop
 endfacet
 facet normal  9.238795e-01  3.826834e-01 -0.000000e+00
   outer loop
     vertex  8.017037e+00 -2.709410e+00  0.000000e+00
     vertex  8.017037e+00 -2.709410e+00  1.510198e+00
     vertex  8.066987e+00 -2.830000e+00  1.510198e+00
   endloop
 endfacet
 facet normal  9.914449e-01  1.305262e-01 -0.000000e+00
   outer loop
     vertex  8.017037e+00 -2.709410e+00  0.000000e+00
     vertex  8.000000e+00 -2.580000e+00  1.510198e+00
     vertex  8.017037e+00 -2.709410e+00  1.510198e+00
   endloop
 endfacet
 facet normal  9.914449e-01  1.305262e-01  0.000000e+00
   outer loop
     vertex  8.017037e+00 -2.709410e+00  0.000000e+00
     vertex  8.000000e+00 -2.580000e+00  0.000000e+00
     vertex  8.000000e+00 -2.580000e+00  1.510198e+00
   endloop
 endfacet
 facet normal  9.238795e-01  3.826834e-01 -0.000000e+00
   outer loop
     vertex  8.066987e+00 -2.830000e+00  0.000000e+00
     vertex  8.017037e+00 -2.709410e+00  0.000000e+00
     vertex  8.066987e+00 -2.830000e+00  1.510198e+00
   endloop
 endfacet
 facet normal  6.087614e-01  7.933533e-01 -0.000000e+00
   outer loop
     vertex  8.146447e+00 -2.933553e+00  0.000000e+00
     vertex  8.146447e+00 -2.933553e+00  1.510198e+00
     vertex  8.250000e+00 -3.013013e+00  1.510198e+00
   endloop
 endfacet
 facet normal  7.933533e-01  6.087614e-01 -0.000000e+00
   outer loop
     vertex  8.146447e+00 -2.933553e+00  0.000000e+00
     vertex  8.066987e+00 -2.830000e+00  1.510198e+00
     vertex  8.146447e+00 -2.933553e+00  1.510198e+00
   endloop
 endfacet
 facet normal  7.933533e-01  6.087614e-01  0.000000e+00
   outer loop
     vertex  8.146447e+00 -2.933553e+00  0.000000e+00
     vertex  8.066987e+00 -2.830000e+00  0.000000e+00
     vertex  8.066987e+00 -2.830000e+00  1.510198e+00
   endloop
 endfacet
 facet normal  6.087614e-01  7.933533e-01 -0.000000e+00
   outer loop
     vertex  8.250000e+00 -3.013013e+00  0.000000e+00
     vertex  8.146447e+00 -2.933553e+00  0.000000e+00
     vertex  8.250000e+00 -3.013013e+00  1.510198e+00
   endloop
 endfacet
 facet normal  3.826834e-01  9.238795e-01 -0.000000e+00
   outer loop
     vertex  8.370590e+00 -3.062963e+00  0.000000e+00
     vertex  8.250000e+00 -3.013013e+00  1.510198e+00
     vertex  8.370590e+00 -3.062963e+00  1.510198e+00
   endloop
 endfacet
 facet normal  3.826834e-01  9.238795e-01  0.000000e+00
   outer loop
     vertex  8.370590e+00 -3.062963e+00  0.000000e+00
     vertex  8.250000e+00 -3.013013e+00  0.000000e+00
     vertex  8.250000e+00 -3.013013e+00  1.510198e+00
   endloop
 endfacet
 facet normal  1.305262e-01  9.914449e-01 -0.000000e+00
   outer loop
     vertex  8.500000e+00 -3.080000e+00  0.000000e+00
     vertex  8.370590e+00 -3.062963e+00  1.510198e+00
     vertex  8.500000e+00 -3.080000e+00  1.510198e+00
   endloop
 endfacet
 facet normal  1.305262e-01  9.914449e-01  0.000000e+00
   outer loop
     vertex  8.500000e+00 -3.080000e+00  0.000000e+00
     vertex  8.370590e+00 -3.062963e+00  0.000000e+00
     vertex  8.370590e+00 -3.062963e+00  1.510198e+00
   endloop
 endfacet
 facet normal -1.305262e-01  9.914449e-01  0.000000e+00
   outer loop
     vertex  8.629410e+00 -5.229629e-01  0.000000e+00
     vertex  8.500000e+00 -5.400000e-01  0.000000e+00
     vertex  8.500000e+00 -5.400000e-01  1.510198e+00
   endloop
 endfacet
 facet normal -1.305262e-01  9.914449e-01  0.000000e+00
   outer loop
     vertex  8.629410e+00 -5.229629e-01  0.000000e+00
     vertex  8.500000e+00 -5.400000e-01  1.510198e+00
     vertex  8.629410e+00 -5.229629e-01  1.510198e+00
   endloop
 endfacet
 facet normal -3.826834e-01  9.238795e-01  0.000000e+00
   outer loop
     vertex  8.750000e+00 -4.730127e-01  0.000000e+00
     vertex  8.629410e+00 -5.229629e-01  1.510198e+00
     vertex  8.750000e+00 -4.730127e-01  1.510198e+00
   endloop
 endfacet
 facet normal -3.826834e-01  9.238795e-01  0.000000e+00
   outer loop
     vertex  8.750000e+00 -4.730127e-01  0.000000e+00
     vertex  8.629410e+00 -5.229629e-01  0.000000e+00
     vertex  8.629410e+00 -5.229629e-01  1.510198e+00
   endloop
 endfacet
 facet normal -6.087614e-01  7.933533e-01  0.000000e+00
   outer loop
     vertex  8.853553e+00 -3.935534e-01  0.000000e+00
     vertex  8.750000e+00 -4.730127e-01  1.510198e+00
     vertex  8.853553e+00 -3.935534e-01  1.510198e+00
   endloop
 endfacet
 facet normal -6.087614e-01  7.933533e-01  0.000000e+00
   outer loop
     vertex  8.853553e+00 -3.935534e-01  0.000000e+00
     vertex  8.750000e+00 -4.730127e-01  0.000000e+00
     vertex  8.750000e+00 -4.730127e-01  1.510198e+00
   endloop
 endfacet
 facet normal -7.933533e-01  6.087614e-01  0.000000e+00
   outer loop
     vertex  8.933013e+00 -2.900000e-01  0.000000e+00
     vertex  8.853553e+00 -3.935534e-01  1.510198e+00
     vertex  8.933013e+00 -2.900000e-01  1.510198e+00
   endloop
 endfacet
 facet normal -7.933533e-01  6.087614e-01  0.000000e+00
   outer loop
     vertex  8.933013e+00 -2.900000e-01  0.000000e+00
     vertex  8.853553e+00 -3.935534e-01  0.000000e+00
     vertex  8.853553e+00 -3.935534e-01  1.510198e+00
   endloop
 endfacet
 facet normal -9.238795e-01  3.826834e-01  0.000000e+00
   outer loop
     vertex  8.982963e+00 -1.694095e-01  0.000000e+00
     vertex  8.933013e+00 -2.900000e-01  1.510198e+00
     vertex  8.982963e+00 -1.694095e-01  1.510198e+00
   endloop
 endfacet
 facet normal -9.238795e-01  3.826834e-01  0.000000e+00
   outer loop
     vertex  8.982963e+00 -1.694095e-01  0.000000e+00
     vertex  8.933013e+00 -2.900000e-01  0.000000e+00
     vertex  8.933013e+00 -2.900000e-01  1.510198e+00
   endloop
 endfacet
 facet normal -9.914449e-01  1.305262e-01  0.000000e+00
   outer loop
     vertex  9.000000e+00 -4.000000e-02  0.000000e+00
     vertex  8.982963e+00 -1.694095e-01  1.510198e+00
     vertex  9.000000e+00 -4.000000e-02  1.510198e+00
   endloop
 endfacet
 facet normal -9.914449e-01  1.305262e-01  0.000000e+00
   outer loop
     vertex  9.000000e+00 -4.000000e-02  0.000000e+00
     vertex  8.982963e+00 -1.694095e-01  0.000000e+00
     vertex  8.982963e+00 -1.694095e-01  1.510198e+00
   endloop
 endfacet
 facet normal -9.914449e-01 -1.305262e-01  0.000000e+00
   outer loop
     vertex  8.982963e+00  8.940952e-02  0.000000e+00
     vertex  9.000000e+00 -4.000000e-02  1.510198e+00
     vertex  8.982963e+00  8.940952e-02  1.510198e+00
   endloop
 endfacet
 facet normal -9.914449e-01 -1.305262e-01  0.000000e+00
   outer loop
     vertex  8.982963e+00  8.940952e-02  0.000000e+00
     vertex  9.000000e+00 -4.000000e-02  0.000000e+00
     vertex  9.000000e+00 -4.000000e-02  1.510198e+00
   endloop
 endfacet
 facet normal -9.238795e-01 -3.826834e-01  0.000000e+00
   outer loop
     vertex  8.933013e+00  2.100000e-01  0.000000e+00
     vertex  8.982963e+00  8.940952e-02  1.510198e+00
     vertex  8.933013e+00  2.100000e-01  1.510198e+00
   endloop
 endfacet
 facet normal -9.238795e-01 -3.826834e-01  0.000000e+00
   outer loop
     vertex  8.933013e+00  2.100000e-01  0.000000e+00
     vertex  8.982963e+00  8.940952e-02  0.000000e+00
     vertex  8.982963e+00  8.940952e-02  1.510198e+00
   endloop
 endfacet
 facet normal -7.933533e-01 -6.087614e-01  0.000000e+00
   outer loop
     vertex  8.853553e+00  3.135534e-01  0.000000e+00
     vertex  8.933013e+00  2.100000e-01  1.510198e+00
     vertex  8.853553e+00  3.135534e-01  1.510198e+00
   endloop
 endfacet
 facet normal -7.933533e-01 -6.087614e-01  0.000000e+00
   outer loop
     vertex  8.853553e+00  3.135534e-01  0.000000e+00
     vertex  8.933013e+00  2.100000e-01  0.000000e+00
     vertex  8.933013e+00  2.100000e-01  1.510198e+00
   endloop
 endfacet
 facet normal -6.087614e-01 -7.933533e-01  0.000000e+00
   outer loop
     vertex  8.750000e+00  3.930127e-01  0.000000e+00
     vertex  8.853553e+00  3.135534e-01  1.510198e+00
     vertex  8.750000e+00  3.930127e-01  1.510198e+00
   endloop
 endfacet
 facet normal -6.087614e-01 -7.933533e-01  0.000000e+00
   outer loop
     vertex  8.750000e+00  3.930127e-01  0.000000e+00
     vertex  8.853553e+00  3.135534e-01  0.000000e+00
     vertex  8.853553e+00  3.135534e-01  1.510198e+00
   endloop
 endfacet
 facet normal -1.305262e-01 -9.914449e-01  0.000000e+00
   outer loop
     vertex  8.629410e+00  4.429629e-01  0.000000e+00
     vertex  8.629410e+00  4.429629e-01  1.510198e+00
     vertex  8.500000e+00  4.600000e-01  1.510198e+00
   endloop
 endfacet
 facet normal -3.826834e-01 -9.238795e-01  0.000000e+00
   outer loop
     vertex  8.629410e+00  4.429629e-01  0.000000e+00
     vertex  8.750000e+00  3.930127e-01  1.510198e+00
     vertex  8.629410e+00  4.429629e-01  1.510198e+00
   endloop
 endfacet
 facet normal -3.826834e-01 -9.238795e-01  0.000000e+00
   outer loop
     vertex  8.629410e+00  4.429629e-01  0.000000e+00
     vertex  8.750000e+00  3.930127e-01  0.000000e+00
     vertex  8.750000e+00  3.930127e-01  1.510198e+00
   endloop
 endfacet
 facet normal -1.305262e-01 -9.914449e-01  0.000000e+00
   outer loop
     vertex  8.500000e+00  4.600000e-01  0.000000e+00
     vertex  8.629410e+00  4.429629e-01  0.000000e+00
     vertex  8.500000e+00  4.600000e-01  1.510198e+00
   endloop
 endfacet
 facet normal  1.305262e-01 -9.914449e-01  0.000000e+00
   outer loop
     vertex  8.370590e+00  4.429629e-01  0.000000e+00
     vertex  8.500000e+00  4.600000e-01  0.000000e+00
     vertex  8.500000e+00  4.600000e-01  1.510198e+00
   endloop
 endfacet
 facet normal  3.826834e-01 -9.238795e-01  0.000000e+00
   outer loop
     vertex  8.370590e+00  4.429629e-01  0.000000e+00
     vertex  8.370590e+00  4.429629e-01  1.510198e+00
     vertex  8.250000e+00  3.930127e-01  1.510198e+00
   endloop
 endfacet
 facet normal  1.305262e-01 -9.914449e-01  0.000000e+00
   outer loop
     vertex  8.370590e+00  4.429629e-01  0.000000e+00
     vertex  8.500000e+00  4.600000e-01  1.510198e+00
     vertex  8.370590e+00  4.429629e-01  1.510198e+00
   endloop
 endfacet
 facet normal  3.826834e-01 -9.238795e-01  0.000000e+00
   outer loop
     vertex  8.250000e+00  3.930127e-01  0.000000e+00
     vertex  8.370590e+00  4.429629e-01  0.000000e+00
     vertex  8.250000e+00  3.930127e-01  1.510198e+00
   endloop
 endfacet
 facet normal  6.087614e-01 -7.933533e-01  0.000000e+00
   outer loop
     vertex  8.146447e+00  3.135534e-01  0.000000e+00
     vertex  8.250000e+00  3.930127e-01  0.000000e+00
     vertex  8.250000e+00  3.930127e-01  1.510198e+00
   endloop
 endfacet
 facet normal  6.087614e-01 -7.933533e-01  0.000000e+00
   outer loop
     vertex  8.146447e+00  3.135534e-01  0.000000e+00
     vertex  8.250000e+00  3.930127e-01  1.510198e+00
     vertex  8.146447e+00  3.135534e-01  1.510198e+00
   endloop
 endfacet
 facet normal  7.933533e-01 -6.087614e-01  0.000000e+00
   outer loop
     vertex  8.066987e+00  2.100000e-01  0.000000e+00
     vertex  8.146447e+00  3.135534e-01  0.000000e+00
     vertex  8.146447e+00  3.135534e-01  1.510198e+00
   endloop
 endfacet
 facet normal  9.238795e-01 -3.826834e-01  0.000000e+00
   outer loop
     vertex  8.066987e+00  2.100000e-01  0.000000e+00
     vertex  8.066987e+00  2.100000e-01  1.510198e+00
     vertex  8.017037e+00  8.940952e-02  1.510198e+00
   endloop
 endfacet
 facet normal  7.933533e-01 -6.087614e-01  0.000000e+00
   outer loop
     vertex  8.066987e+00  2.100000e-01  0.000000e+00
     vertex  8.146447e+00  3.135534e-01  1.510198e+00
     vertex  8.066987e+00  2.100000e-01  1.510198e+00
   endloop
 endfacet
 facet normal  9.238795e-01 -3.826834e-01  0.000000e+00
   outer loop
     vertex  8.017037e+00  8.940952e-02  0.000000e+00
     vertex  8.066987e+00  2.100000e-01  0.000000e+00
     vertex  8.017037e+00  8.940952e-02  1.510198e+00
   endloop
 endfacet
 facet normal  9.914449e-01 -1.305262e-01  0.000000e+00
   outer loop
     vertex  8.000000e+00 -4.000000e-02  0.000000e+00
     vertex  8.017037e+00  8.940952e-02  0.000000e+00
     vertex  8.017037e+00  8.940952e-02  1.510198e+00
   endloop
 endfacet
 facet normal  9.914449e-01 -1.305262e-01  0.000000e+00
   outer loop
     vertex  8.000000e+00 -4.000000e-02  0.000000e+00
     vertex  8.017037e+00  8.940952e-02  1.510198e+00
     vertex  8.000000e+00 -4.000000e-02  1.510198e+00
   endloop
 endfacet
 facet normal  9.238795e-01  3.826834e-01 -0.000000e+00
   outer loop
     vertex  8.017037e+00 -1.694095e-01  0.000000e+00
     vertex  8.017037e+00 -1.694095e-01  1.510198e+00
     vertex  8.066987e+00 -2.900000e-01  1.510198e+00
   endloop
 endfacet
 facet normal  9.914449e-01  1.305262e-01 -0.000000e+00
   outer loop
     vertex  8.017037e+00 -1.694095e-01  0.000000e+00
     vertex  8.000000e+00 -4.000000e-02  1.510198e+00
     vertex  8.017037e+00 -1.694095e-01  1.510198e+00
   endloop
 endfacet
 facet normal  9.914449e-01  1.305262e-01  0.000000e+00
   outer loop
     vertex  8.017037e+00 -1.694095e-01  0.000000e+00
     vertex  8.000000e+00 -4.000000e-02  0.000000e+00
     vertex  8.000000e+00 -4.000000e-02  1.510198e+00
   endloop
 endfacet
 facet normal  9.238795e-01  3.826834e-01 -0.000000e+00
   outer loop
     vertex  8.066987e+00 -2.900000e-01  0.000000e+00
     vertex  8.017037e+00 -1.694095e-01  0.000000e+00
     vertex  8.066987e+00 -2.900000e-01  1.510198e+00
   endloop
 endfacet
 facet normal  6.087614e-01  7.933533e-01 -0.000000e+00
   outer loop
     vertex  8.146447e+00 -3.935534e-01  0.000000e+00
     vertex  8.146447e+00 -3.935534e-01  1.510198e+00
     vertex  8.250000e+00 -4.730127e-01  1.510198e+00
   endloop
 endfacet
 facet normal  7.933533e-01  6.087614e-01 -0.000000e+00
   outer loop
     vertex  8.146447e+00 -3.935534e-01  0.000000e+00
     vertex  8.066987e+00 -2.900000e-01  1.510198e+00
     vertex  8.146447e+00 -3.935534e-01  1.510198e+00
   endloop
 endfacet
 facet normal  7.933533e-01  6.087614e-01  0.000000e+00
   outer loop
     vertex  8.146447e+00 -3.935534e-01  0.000000e+00
     vertex  8.066987e+00 -2.900000e-01  0.000000e+00
     vertex  8.066987e+00 -2.900000e-01  1.510198e+00
   endloop
 endfacet
 facet normal  6.087614e-01  7.933533e-01 -0.000000e+00
   outer loop
     vertex  8.250000e+00 -4.730127e-01  0.000000e+00
     vertex  8.146447e+00 -3.935534e-01  0.000000e+00
     vertex  8.250000e+00 -4.730127e-01  1.510198e+00
   endloop
 endfacet
 facet normal  3.826834e-01  9.238795e-01 -0.000000e+00
   outer loop
     vertex  8.370590e+00 -5.229629e-01  0.000000e+00
     vertex  8.250000e+00 -4.730127e-01  1.510198e+00
     vertex  8.370590e+00 -5.229629e-01  1.510198e+00
   endloop
 endfacet
 facet normal  3.826834e-01  9.238795e-01  0.000000e+00
   outer loop
     vertex  8.370590e+00 -5.229629e-01  0.000000e+00
     vertex  8.250000e+00 -4.730127e-01  0.000000e+00
     vertex  8.250000e+00 -4.730127e-01  1.510198e+00
   endloop
 endfacet
 facet normal  1.305262e-01  9.914449e-01 -0.000000e+00
   outer loop
     vertex  8.500000e+00 -5.400000e-01  0.000000e+00
     vertex  8.370590e+00 -5.229629e-01  1.510198e+00
     vertex  8.500000e+00 -5.400000e-01  1.510198e+00
   endloop
 endfacet
 facet normal  1.305262e-01  9.914449e-01  0.000000e+00
   outer loop
     vertex  8.500000e+00 -5.400000e-01  0.000000e+00
     vertex  8.370590e+00 -5.229629e-01  0.000000e+00
     vertex  8.370590e+00 -5.229629e-01  1.510198e+00
   endloop
 endfacet
 facet normal -1.305262e-01  9.914449e-01  0.000000e+00
   outer loop
     vertex -8.370590e+00  2.017037e+00  0.000000e+00
     vertex -8.500000e+00  2.000000e+00  0.000000e+00
     vertex -8.500000e+00  2.000000e+00  1.510198e+00
   endloop
 endfacet
 facet normal -1.305262e-01  9.914449e-01  0.000000e+00
   outer loop
     vertex -8.370590e+00  2.017037e+00  0.000000e+00
     vertex -8.500000e+00  2.000000e+00  1.510198e+00
     vertex -8.370590e+00  2.017037e+00  1.510198e+00
   endloop
 endfacet
 facet normal -3.826834e-01  9.238795e-01  0.000000e+00
   outer loop
     vertex -8.250000e+00  2.066987e+00  0.000000e+00
     vertex -8.370590e+00  2.017037e+00  1.510198e+00
     vertex -8.250000e+00  2.066987e+00  1.510198e+00
   endloop
 endfacet
 facet normal -3.826834e-01  9.238795e-01  0.000000e+00
   outer loop
     vertex -8.250000e+00  2.066987e+00  0.000000e+00
     vertex -8.370590e+00  2.017037e+00  0.000000e+00
     vertex -8.370590e+00  2.017037e+00  1.510198e+00
   endloop
 endfacet
 facet normal -6.087614e-01  7.933533e-01  0.000000e+00
   outer loop
     vertex -8.146447e+00  2.146447e+00  0.000000e+00
     vertex -8.250000e+00  2.066987e+00  1.510198e+00
     vertex -8.146447e+00  2.146447e+00  1.510198e+00
   endloop
 endfacet
 facet normal -6.087614e-01  7.933533e-01  0.000000e+00
   outer loop
     vertex -8.146447e+00  2.146447e+00  0.000000e+00
     vertex -8.250000e+00  2.066987e+00  0.000000e+00
     vertex -8.250000e+00  2.066987e+00  1.510198e+00
   endloop
 endfacet
 facet normal -7.933533e-01  6.087614e-01  0.000000e+00
   outer loop
     vertex -8.066987e+00  2.250000e+00  0.000000e+00
     vertex -8.146447e+00  2.146447e+00  1.510198e+00
     vertex -8.066987e+00  2.250000e+00  1.510198e+00
   endloop
 endfacet
 facet normal -7.933533e-01  6.087614e-01  0.000000e+00
   outer loop
     vertex -8.066987e+00  2.250000e+00  0.000000e+00
     vertex -8.146447e+00  2.146447e+00  0.000000e+00
     vertex -8.146447e+00  2.146447e+00  1.510198e+00
   endloop
 endfacet
 facet normal -9.238795e-01  3.826834e-01  0.000000e+00
   outer loop
     vertex -8.017037e+00  2.370590e+00  0.000000e+00
     vertex -8.066987e+00  2.250000e+00  1.510198e+00
     vertex -8.017037e+00  2.370590e+00  1.510198e+00
   endloop
 endfacet
 facet normal -9.238795e-01  3.826834e-01  0.000000e+00
   outer loop
     vertex -8.017037e+00  2.370590e+00  0.000000e+00
     vertex -8.066987e+00  2.250000e+00  0.000000e+00
     vertex -8.066987e+00  2.250000e+00  1.510198e+00
   endloop
 endfacet
 facet normal -9.914449e-01  1.305262e-01  0.000000e+00
   outer loop
     vertex -8.000000e+00  2.500000e+00  0.000000e+00
     vertex -8.017037e+00  2.370590e+00  1.510198e+00
     vertex -8.000000e+00  2.500000e+00  1.510198e+00
   endloop
 endfacet
 facet normal -9.914449e-01  1.305262e-01  0.000000e+00
   outer loop
     vertex -8.000000e+00  2.500000e+00  0.000000e+00
     vertex -8.017037e+00  2.370590e+00  0.000000e+00
     vertex -8.017037e+00  2.370590e+00  1.510198e+00
   endloop
 endfacet
 facet normal -9.914449e-01 -1.305262e-01  0.000000e+00
   outer loop
     vertex -8.017037e+00  2.629410e+00  0.000000e+00
     vertex -8.000000e+00  2.500000e+00  1.510198e+00
     vertex -8.017037e+00  2.629410e+00  1.510198e+00
   endloop
 endfacet
 facet normal -9.914449e-01 -1.305262e-01  0.000000e+00
   outer loop
     vertex -8.017037e+00  2.629410e+00  0.000000e+00
     vertex -8.000000e+00  2.500000e+00  0.000000e+00
     vertex -8.000000e+00  2.500000e+00  1.510198e+00
   endloop
 endfacet
 facet normal -9.238795e-01 -3.826834e-01  0.000000e+00
   outer loop
     vertex -8.066987e+00  2.750000e+00  0.000000e+00
     vertex -8.017037e+00  2.629410e+00  1.510198e+00
     vertex -8.066987e+00  2.750000e+00  1.510198e+00
   endloop
 endfacet
 facet normal -9.238795e-01 -3.826834e-01  0.000000e+00
   outer loop
     vertex -8.066987e+00  2.750000e+00  0.000000e+00
     vertex -8.017037e+00  2.629410e+00  0.000000e+00
     vertex -8.017037e+00  2.629410e+00  1.510198e+00
   endloop
 endfacet
 facet normal -7.933533e-01 -6.087614e-01  0.000000e+00
   outer loop
     vertex -8.146447e+00  2.853553e+00  0.000000e+00
     vertex -8.066987e+00  2.750000e+00  1.510198e+00
     vertex -8.146447e+00  2.853553e+00  1.510198e+00
   endloop
 endfacet
 facet normal -7.933533e-01 -6.087614e-01  0.000000e+00
   outer loop
     vertex -8.146447e+00  2.853553e+00  0.000000e+00
     vertex -8.066987e+00  2.750000e+00  0.000000e+00
     vertex -8.066987e+00  2.750000e+00  1.510198e+00
   endloop
 endfacet
 facet normal -6.087614e-01 -7.933533e-01  0.000000e+00
   outer loop
     vertex -8.250000e+00  2.933013e+00  0.000000e+00
     vertex -8.146447e+00  2.853553e+00  1.510198e+00
     vertex -8.250000e+00  2.933013e+00  1.510198e+00
   endloop
 endfacet
 facet normal -6.087614e-01 -7.933533e-01  0.000000e+00
   outer loop
     vertex -8.250000e+00  2.933013e+00  0.000000e+00
     vertex -8.146447e+00  2.853553e+00  0.000000e+00
     vertex -8.146447e+00  2.853553e+00  1.510198e+00
   endloop
 endfacet
 facet normal -1.305262e-01 -9.914449e-01  0.000000e+00
   outer loop
     vertex -8.370590e+00  2.982963e+00  0.000000e+00
     vertex -8.370590e+00  2.982963e+00  1.510198e+00
     vertex -8.500000e+00  3.000000e+00  1.510198e+00
   endloop
 endfacet
 facet normal -3.826834e-01 -9.238795e-01  0.000000e+00
   outer loop
     vertex -8.370590e+00  2.982963e+00  0.000000e+00
     vertex -8.250000e+00  2.933013e+00  1.510198e+00
     vertex -8.370590e+00  2.982963e+00  1.510198e+00
   endloop
 endfacet
 facet normal -3.826834e-01 -9.238795e-01  0.000000e+00
   outer loop
     vertex -8.370590e+00  2.982963e+00  0.000000e+00
     vertex -8.250000e+00  2.933013e+00  0.000000e+00
     vertex -8.250000e+00  2.933013e+00  1.510198e+00
   endloop
 endfacet
 facet normal -1.305262e-01 -9.914449e-01  0.000000e+00
   outer loop
     vertex -8.500000e+00  3.000000e+00  0.000000e+00
     vertex -8.370590e+00  2.982963e+00  0.000000e+00
     vertex -8.500000e+00  3.000000e+00  1.510198e+00
   endloop
 endfacet
 facet normal  1.305262e-01 -9.914449e-01  0.000000e+00
   outer loop
     vertex -8.629410e+00  2.982963e+00  0.000000e+00
     vertex -8.500000e+00  3.000000e+00  0.000000e+00
     vertex -8.500000e+00  3.000000e+00  1.510198e+00
   endloop
 endfacet
 facet normal  3.826834e-01 -9.238795e-01  0.000000e+00
   outer loop
     vertex -8.629410e+00  2.982963e+00  0.000000e+00
     vertex -8.629410e+00  2.982963e+00  1.510198e+00
     vertex -8.750000e+00  2.933013e+00  1.510198e+00
   endloop
 endfacet
 facet normal  1.305262e-01 -9.914449e-01  0.000000e+00
   outer loop
     vertex -8.629410e+00  2.982963e+00  0.000000e+00
     vertex -8.500000e+00  3.000000e+00  1.510198e+00
     vertex -8.629410e+00  2.982963e+00  1.510198e+00
   endloop
 endfacet
 facet normal  3.826834e-01 -9.238795e-01  0.000000e+00
   outer loop
     vertex -8.750000e+00  2.933013e+00  0.000000e+00
     vertex -8.629410e+00  2.982963e+00  0.000000e+00
     vertex -8.750000e+00  2.933013e+00  1.510198e+00
   endloop
 endfacet
 facet normal  6.087614e-01 -7.933533e-01  0.000000e+00
   outer loop
     vertex -8.853553e+00  2.853553e+00  0.000000e+00
     vertex -8.750000e+00  2.933013e+00  0.000000e+00
     vertex -8.750000e+00  2.933013e+00  1.510198e+00
   endloop
 endfacet
 facet normal  6.087614e-01 -7.933533e-01  0.000000e+00
   outer loop
     vertex -8.853553e+00  2.853553e+00  0.000000e+00
     vertex -8.750000e+00  2.933013e+00  1.510198e+00
     vertex -8.853553e+00  2.853553e+00  1.510198e+00
   endloop
 endfacet
 facet normal  7.933533e-01 -6.087614e-01  0.000000e+00
   outer loop
     vertex -8.933013e+00  2.750000e+00  0.000000e+00
     vertex -8.853553e+00  2.853553e+00  0.000000e+00
     vertex -8.853553e+00  2.853553e+00  1.510198e+00
   endloop
 endfacet
 facet normal  9.238795e-01 -3.826834e-01  0.000000e+00
   outer loop
     vertex -8.933013e+00  2.750000e+00  0.000000e+00
     vertex -8.933013e+00  2.750000e+00  1.510198e+00
     vertex -8.982963e+00  2.629410e+00  1.510198e+00
   endloop
 endfacet
 facet normal  7.933533e-01 -6.087614e-01  0.000000e+00
   outer loop
     vertex -8.933013e+00  2.750000e+00  0.000000e+00
     vertex -8.853553e+00  2.853553e+00  1.510198e+00
     vertex -8.933013e+00  2.750000e+00  1.510198e+00
   endloop
 endfacet
 facet normal  9.238795e-01 -3.826834e-01  0.000000e+00
   outer loop
     vertex -8.982963e+00  2.629410e+00  0.000000e+00
     vertex -8.933013e+00  2.750000e+00  0.000000e+00
     vertex -8.982963e+00  2.629410e+00  1.510198e+00
   endloop
 endfacet
 facet normal  9.914449e-01 -1.305262e-01  0.000000e+00
   outer loop
     vertex -9.000000e+00  2.500000e+00  0.000000e+00
     vertex -8.982963e+00  2.629410e+00  0.000000e+00
     vertex -8.982963e+00  2.629410e+00  1.510198e+00
   endloop
 endfacet
 facet normal  9.914449e-01 -1.305262e-01  0.000000e+00
   outer loop
     vertex -9.000000e+00  2.500000e+00  0.000000e+00
     vertex -8.982963e+00  2.629410e+00  1.510198e+00
     vertex -9.000000e+00  2.500000e+00  1.510198e+00
   endloop
 endfacet
 facet normal  9.238795e-01  3.826834e-01 -0.000000e+00
   outer loop
     vertex -8.982963e+00  2.370590e+00  0.000000e+00
     vertex -8.982963e+00  2.370590e+00  1.510198e+00
     vertex -8.933013e+00  2.250000e+00  1.510198e+00
   endloop
 endfacet
 facet normal  9.914449e-01  1.305262e-01 -0.000000e+00
   outer loop
     vertex -8.982963e+00  2.370590e+00  0.000000e+00
     vertex -9.000000e+00  2.500000e+00  1.510198e+00
     vertex -8.982963e+00  2.370590e+00  1.510198e+00
   endloop
 endfacet
 facet normal  9.914449e-01  1.305262e-01  0.000000e+00
   outer loop
     vertex -8.982963e+00  2.370590e+00  0.000000e+00
     vertex -9.000000e+00  2.500000e+00  0.000000e+00
     vertex -9.000000e+00  2.500000e+00  1.510198e+00
   endloop
 endfacet
 facet normal  9.238795e-01  3.826834e-01 -0.000000e+00
   outer loop
     vertex -8.933013e+00  2.250000e+00  0.000000e+00
     vertex -8.982963e+00  2.370590e+00  0.000000e+00
     vertex -8.933013e+00  2.250000e+00  1.510198e+00
   endloop
 endfacet
 facet normal  6.087614e-01  7.933533e-01 -0.000000e+00
   outer loop
     vertex -8.853553e+00  2.146447e+00  0.000000e+00
     vertex -8.853553e+00  2.146447e+00  1.510198e+00
     vertex -8.750000e+00  2.066987e+00  1.510198e+00
   endloop
 endfacet
 facet normal  7.933533e-01  6.087614e-01 -0.000000e+00
   outer loop
     vertex -8.853553e+00  2.146447e+00  0.000000e+00
     vertex -8.933013e+00  2.250000e+00  1.510198e+00
     vertex -8.853553e+00  2.146447e+00  1.510198e+00
   endloop
 endfacet
 facet normal  7.933533e-01  6.087614e-01  0.000000e+00
   outer loop
     vertex -8.853553e+00  2.146447e+00  0.000000e+00
     vertex -8.933013e+00  2.250000e+00  0.000000e+00
     vertex -8.933013e+00  2.250000e+00  1.510198e+00
   endloop
 endfacet
 facet normal  6.087614e-01  7.933533e-01 -0.000000e+00
   outer loop
     vertex -8.750000e+00  2.066987e+00  0.000000e+00
     vertex -8.853553e+00  2.146447e+00  0.000000e+00
     vertex -8.750000e+00  2.066987e+00  1.510198e+00
   endloop
 endfacet
 facet normal  3.826834e-01  9.238795e-01 -0.000000e+00
   outer loop
     vertex -8.629410e+00  2.017037e+00  0.000000e+00
     vertex -8.750000e+00  2.066987e+00  1.510198e+00
     vertex -8.629410e+00  2.017037e+00  1.510198e+00
   endloop
 endfacet
 facet normal  3.826834e-01  9.238795e-01  0.000000e+00
   outer loop
     vertex -8.629410e+00  2.017037e+00  0.000000e+00
     vertex -8.750000e+00  2.066987e+00  0.000000e+00
     vertex -8.750000e+00  2.066987e+00  1.510198e+00
   endloop
 endfacet
 facet normal  1.305262e-01  9.914449e-01 -0.000000e+00
   outer loop
     vertex -8.500000e+00  2.000000e+00  0.000000e+00
     vertex -8.629410e+00  2.017037e+00  1.510198e+00
     vertex -8.500000e+00  2.000000e+00  1.510198e+00
   endloop
 endfacet
 facet normal  1.305262e-01  9.914449e-01  0.000000e+00
   outer loop
     vertex -8.500000e+00  2.000000e+00  0.000000e+00
     vertex -8.629410e+00  2.017037e+00  0.000000e+00
     vertex -8.629410e+00  2.017037e+00  1.510198e+00
   endloop
 endfacet
 facet normal -1.305262e-01  9.914449e-01  0.000000e+00
   outer loop
     vertex -7.585890e+00  6.454519e+00  0.000000e+00
     vertex -8.000000e+00  6.400000e+00  0.000000e+00
     vertex -8.000000e+00  6.400000e+00  1.510198e+00
   endloop
 endfacet
 facet normal -1.305262e-01  9.914449e-01  0.000000e+00
   outer loop
     vertex -7.585890e+00  6.454519e+00  0.000000e+00
     vertex -8.000000e+00  6.400000e+00  1.510198e+00
     vertex -7.585890e+00  6.454519e+00  1.510198e+00
   endloop
 endfacet
 facet normal -3.826834e-01  9.238795e-01  0.000000e+00
   outer loop
     vertex -7.200000e+00  6.614359e+00  0.000000e+00
     vertex -7.585890e+00  6.454519e+00  1.510198e+00
     vertex -7.200000e+00  6.614359e+00  1.510198e+00
   endloop
 endfacet
 facet normal -3.826834e-01  9.238795e-01  0.000000e+00
   outer loop
     vertex -7.200000e+00  6.614359e+00  0.000000e+00
     vertex -7.585890e+00  6.454519e+00  0.000000e+00
     vertex -7.585890e+00  6.454519e+00  1.510198e+00
   endloop
 endfacet
 facet normal -6.087614e-01  7.933533e-01  0.000000e+00
   outer loop
     vertex -6.868629e+00  6.868629e+00  0.000000e+00
     vertex -7.200000e+00  6.614359e+00  1.510198e+00
     vertex -6.868629e+00  6.868629e+00  1.510198e+00
   endloop
 endfacet
 facet normal -6.087614e-01  7.933533e-01  0.000000e+00
   outer loop
     vertex -6.868629e+00  6.868629e+00  0.000000e+00
     vertex -7.200000e+00  6.614359e+00  0.000000e+00
     vertex -7.200000e+00  6.614359e+00  1.510198e+00
   endloop
 endfacet
 facet normal -7.933533e-01  6.087614e-01  0.000000e+00
   outer loop
     vertex -6.614359e+00  7.200000e+00  0.000000e+00
     vertex -6.868629e+00  6.868629e+00  1.510198e+00
     vertex -6.614359e+00  7.200000e+00  1.510198e+00
   endloop
 endfacet
 facet normal -7.933533e-01  6.087614e-01  0.000000e+00
   outer loop
     vertex -6.614359e+00  7.200000e+00  0.000000e+00
     vertex -6.868629e+00  6.868629e+00  0.000000e+00
     vertex -6.868629e+00  6.868629e+00  1.510198e+00
   endloop
 endfacet
 facet normal -9.238795e-01  3.826834e-01  0.000000e+00
   outer loop
     vertex -6.454519e+00  7.585890e+00  0.000000e+00
     vertex -6.614359e+00  7.200000e+00  1.510198e+00
     vertex -6.454519e+00  7.585890e+00  1.510198e+00
   endloop
 endfacet
 facet normal -9.238795e-01  3.826834e-01  0.000000e+00
   outer loop
     vertex -6.454519e+00  7.585890e+00  0.000000e+00
     vertex -6.614359e+00  7.200000e+00  0.000000e+00
     vertex -6.614359e+00  7.200000e+00  1.510198e+00
   endloop
 endfacet
 facet normal -9.914449e-01  1.305262e-01  0.000000e+00
   outer loop
     vertex -6.400000e+00  8.000000e+00  0.000000e+00
     vertex -6.454519e+00  7.585890e+00  1.510198e+00
     vertex -6.400000e+00  8.000000e+00  1.510198e+00
   endloop
 endfacet
 facet normal -9.914449e-01  1.305262e-01  0.000000e+00
   outer loop
     vertex -6.400000e+00  8.000000e+00  0.000000e+00
     vertex -6.454519e+00  7.585890e+00  0.000000e+00
     vertex -6.454519e+00  7.585890e+00  1.510198e+00
   endloop
 endfacet
 facet normal -9.914449e-01 -1.305262e-01  0.000000e+00
   outer loop
     vertex -6.454519e+00  8.414110e+00  0.000000e+00
     vertex -6.400000e+00  8.000000e+00  1.510198e+00
     vertex -6.454519e+00  8.414110e+00  1.510198e+00
   endloop
 endfacet
 facet normal -9.914449e-01 -1.305262e-01  0.000000e+00
   outer loop
     vertex -6.454519e+00  8.414110e+00  0.000000e+00
     vertex -6.400000e+00  8.000000e+00  0.000000e+00
     vertex -6.400000e+00  8.000000e+00  1.510198e+00
   endloop
 endfacet
 facet normal -9.238795e-01 -3.826834e-01  0.000000e+00
   outer loop
     vertex -6.614359e+00  8.800000e+00  0.000000e+00
     vertex -6.454519e+00  8.414110e+00  1.510198e+00
     vertex -6.614359e+00  8.800000e+00  1.510198e+00
   endloop
 endfacet
 facet normal -9.238795e-01 -3.826834e-01  0.000000e+00
   outer loop
     vertex -6.614359e+00  8.800000e+00  0.000000e+00
     vertex -6.454519e+00  8.414110e+00  0.000000e+00
     vertex -6.454519e+00  8.414110e+00  1.510198e+00
   endloop
 endfacet
 facet normal -7.933533e-01 -6.087614e-01  0.000000e+00
   outer loop
     vertex -6.868629e+00  9.131371e+00  0.000000e+00
     vertex -6.614359e+00  8.800000e+00  1.510198e+00
     vertex -6.868629e+00  9.131371e+00  1.510198e+00
   endloop
 endfacet
 facet normal -7.933533e-01 -6.087614e-01  0.000000e+00
   outer loop
     vertex -6.868629e+00  9.131371e+00  0.000000e+00
     vertex -6.614359e+00  8.800000e+00  0.000000e+00
     vertex -6.614359e+00  8.800000e+00  1.510198e+00
   endloop
 endfacet
 facet normal -6.087614e-01 -7.933533e-01  0.000000e+00
   outer loop
     vertex -7.200000e+00  9.385641e+00  0.000000e+00
     vertex -6.868629e+00  9.131371e+00  1.510198e+00
     vertex -7.200000e+00  9.385641e+00  1.510198e+00
   endloop
 endfacet
 facet normal -6.087614e-01 -7.933533e-01  0.000000e+00
   outer loop
     vertex -7.200000e+00  9.385641e+00  0.000000e+00
     vertex -6.868629e+00  9.131371e+00  0.000000e+00
     vertex -6.868629e+00  9.131371e+00  1.510198e+00
   endloop
 endfacet
 facet normal -1.305262e-01 -9.914449e-01  0.000000e+00
   outer loop
     vertex -7.585890e+00  9.545481e+00  0.000000e+00
     vertex -7.585890e+00  9.545481e+00  1.510198e+00
     vertex -8.000000e+00  9.600000e+00  1.510198e+00
   endloop
 endfacet
 facet normal -3.826834e-01 -9.238795e-01  0.000000e+00
   outer loop
     vertex -7.585890e+00  9.545481e+00  0.000000e+00
     vertex -7.200000e+00  9.385641e+00  1.510198e+00
     vertex -7.585890e+00  9.545481e+00  1.510198e+00
   endloop
 endfacet
 facet normal -3.826834e-01 -9.238795e-01  0.000000e+00
   outer loop
     vertex -7.585890e+00  9.545481e+00  0.000000e+00
     vertex -7.200000e+00  9.385641e+00  0.000000e+00
     vertex -7.200000e+00  9.385641e+00  1.510198e+00
   endloop
 endfacet
 facet normal -1.305262e-01 -9.914449e-01  0.000000e+00
   outer loop
     vertex -8.000000e+00  9.600000e+00  0.000000e+00
     vertex -7.585890e+00  9.545481e+00  0.000000e+00
     vertex -8.000000e+00  9.600000e+00  1.510198e+00
   endloop
 endfacet
 facet normal  1.305262e-01 -9.914449e-01  0.000000e+00
   outer loop
     vertex -8.414110e+00  9.545481e+00  0.000000e+00
     vertex -8.000000e+00  9.600000e+00  0.000000e+00
     vertex -8.000000e+00  9.600000e+00  1.510198e+00
   endloop
 endfacet
 facet normal  3.826834e-01 -9.238795e-01  0.000000e+00
   outer loop
     vertex -8.414110e+00  9.545481e+00  0.000000e+00
     vertex -8.414110e+00  9.545481e+00  1.510198e+00
     vertex -8.800000e+00  9.385641e+00  1.510198e+00
   endloop
 endfacet
 facet normal  1.305262e-01 -9.914449e-01  0.000000e+00
   outer loop
     vertex -8.414110e+00  9.545481e+00  0.000000e+00
     vertex -8.000000e+00  9.600000e+00  1.510198e+00
     vertex -8.414110e+00  9.545481e+00  1.510198e+00
   endloop
 endfacet
 facet normal  3.826834e-01 -9.238795e-01  0.000000e+00
   outer loop
     vertex -8.800000e+00  9.385641e+00  0.000000e+00
     vertex -8.414110e+00  9.545481e+00  0.000000e+00
     vertex -8.800000e+00  9.385641e+00  1.510198e+00
   endloop
 endfacet
 facet normal  6.087614e-01 -7.933533e-01  0.000000e+00
   outer loop
     vertex -9.131371e+00  9.131371e+00  0.000000e+00
     vertex -8.800000e+00  9.385641e+00  0.000000e+00
     vertex -8.800000e+00  9.385641e+00  1.510198e+00
   endloop
 endfacet
 facet normal  6.087614e-01 -7.933533e-01  0.000000e+00
   outer loop
     vertex -9.131371e+00  9.131371e+00  0.000000e+00
     vertex -8.800000e+00  9.385641e+00  1.510198e+00
     vertex -9.131371e+00  9.131371e+00  1.510198e+00
   endloop
 endfacet
 facet normal  7.933533e-01 -6.087614e-01  0.000000e+00
   outer loop
     vertex -9.385641e+00  8.800000e+00  0.000000e+00
     vertex -9.131371e+00  9.131371e+00  0.000000e+00
     vertex -9.131371e+00  9.131371e+00  1.510198e+00
   endloop
 endfacet
 facet normal  9.238795e-01 -3.826834e-01  0.000000e+00
   outer loop
     vertex -9.385641e+00  8.800000e+00  0.000000e+00
     vertex -9.385641e+00  8.800000e+00  1.510198e+00
     vertex -9.545481e+00  8.414110e+00  1.510198e+00
   endloop
 endfacet
 facet normal  7.933533e-01 -6.087614e-01  0.000000e+00
   outer loop
     vertex -9.385641e+00  8.800000e+00  0.000000e+00
     vertex -9.131371e+00  9.131371e+00  1.510198e+00
     vertex -9.385641e+00  8.800000e+00  1.510198e+00
   endloop
 endfacet
 facet normal  9.238795e-01 -3.826834e-01  0.000000e+00
   outer loop
     vertex -9.545481e+00  8.414110e+00  0.000000e+00
     vertex -9.385641e+00  8.800000e+00  0.000000e+00
     vertex -9.545481e+00  8.414110e+00  1.510198e+00
   endloop
 endfacet
 facet normal  9.914449e-01 -1.305262e-01  0.000000e+00
   outer loop
     vertex -9.600000e+00  8.000000e+00  0.000000e+00
     vertex -9.545481e+00  8.414110e+00  0.000000e+00
     vertex -9.545481e+00  8.414110e+00  1.510198e+00
   endloop
 endfacet
 facet normal  9.914449e-01 -1.305262e-01  0.000000e+00
   outer loop
     vertex -9.600000e+00  8.000000e+00  0.000000e+00
     vertex -9.545481e+00  8.414110e+00  1.510198e+00
     vertex -9.600000e+00  8.000000e+00  1.510198e+00
   endloop
 endfacet
 facet normal  9.238795e-01  3.826834e-01 -0.000000e+00
   outer loop
     vertex -9.545481e+00  7.585890e+00  0.000000e+00
     vertex -9.545481e+00  7.585890e+00  1.510198e+00
     vertex -9.385641e+00  7.200000e+00  1.510198e+00
   endloop
 endfacet
 facet normal  9.914449e-01  1.305262e-01 -0.000000e+00
   outer loop
     vertex -9.545481e+00  7.585890e+00  0.000000e+00
     vertex -9.600000e+00  8.000000e+00  1.510198e+00
     vertex -9.545481e+00  7.585890e+00  1.510198e+00
   endloop
 endfacet
 facet normal  9.914449e-01  1.305262e-01  0.000000e+00
   outer loop
     vertex -9.545481e+00  7.585890e+00  0.000000e+00
     vertex -9.600000e+00  8.000000e+00  0.000000e+00
     vertex -9.600000e+00  8.000000e+00  1.510198e+00
   endloop
 endfacet
 facet normal  9.238795e-01  3.826834e-01 -0.000000e+00
   outer loop
     vertex -9.385641e+00  7.200000e+00  0.000000e+00
     vertex -9.545481e+00  7.585890e+00  0.000000e+00
     vertex -9.385641e+00  7.200000e+00  1.510198e+00
   endloop
 endfacet
 facet normal  6.087614e-01  7.933533e-01 -0.000000e+00
   outer loop
     vertex -9.131371e+00  6.868629e+00  0.000000e+00
     vertex -9.131371e+00  6.868629e+00  1.510198e+00
     vertex -8.800000e+00  6.614359e+00  1.510198e+00
   endloop
 endfacet
 facet normal  7.933533e-01  6.087614e-01 -0.000000e+00
   outer loop
     vertex -9.131371e+00  6.868629e+00  0.000000e+00
     vertex -9.385641e+00  7.200000e+00  1.510198e+00
     vertex -9.131371e+00  6.868629e+00  1.510198e+00
   endloop
 endfacet
 facet normal  7.933533e-01  6.087614e-01  0.000000e+00
   outer loop
     vertex -9.131371e+00  6.868629e+00  0.000000e+00
     vertex -9.385641e+00  7.200000e+00  0.000000e+00
     vertex -9.385641e+00  7.200000e+00  1.510198e+00
   endloop
 endfacet
 facet normal  6.087614e-01  7.933533e-01 -0.000000e+00
   outer loop
     vertex -8.800000e+00  6.614359e+00  0.000000e+00
     vertex -9.131371e+00  6.868629e+00  0.000000e+00
     vertex -8.800000e+00  6.614359e+00  1.510198e+00
   endloop
 endfacet
 facet normal  3.826834e-01  9.238795e-01 -0.000000e+00
   outer loop
     vertex -8.414110e+00  6.454519e+00  0.000000e+00
     vertex -8.800000e+00  6.614359e+00  1.510198e+00
     vertex -8.414110e+00  6.454519e+00  1.510198e+00
   endloop
 endfacet
 facet normal  3.826834e-01  9.238795e-01  0.000000e+00
   outer loop
     vertex -8.414110e+00  6.454519e+00  0.000000e+00
     vertex -8.800000e+00  6.614359e+00  0.000000e+00
     vertex -8.800000e+00  6.614359e+00  1.510198e+00
   endloop
 endfacet
 facet normal  1.305262e-01  9.914449e-01 -0.000000e+00
   outer loop
     vertex -8.000000e+00  6.400000e+00  0.000000e+00
     vertex -8.414110e+00  6.454519e+00  1.510198e+00
     vertex -8.000000e+00  6.400000e+00  1.510198e+00
   endloop
 endfacet
 facet normal  1.305262e-01  9.914449e-01  0.000000e+00
   outer loop
     vertex -8.000000e+00  6.400000e+00  0.000000e+00
     vertex -8.414110e+00  6.454519e+00  0.000000e+00
     vertex -8.414110e+00  6.454519e+00  1.510198e+00
   endloop
 endfacet
 facet normal -1.305262e-01  9.914449e-01  0.000000e+00
   outer loop
     vertex  8.629410e+00  2.017037e+00  0.000000e+00
     vertex  8.500000e+00  2.000000e+00  0.000000e+00
     vertex  8.500000e+00  2.000000e+00  1.510198e+00
   endloop
 endfacet
 facet normal -1.305262e-01  9.914449e-01  0.000000e+00
   outer loop
     vertex  8.629410e+00  2.017037e+00  0.000000e+00
     vertex  8.500000e+00  2.000000e+00  1.510198e+00
     vertex  8.629410e+00  2.017037e+00  1.510198e+00
   endloop
 endfacet
 facet normal -3.826834e-01  9.238795e-01  0.000000e+00
   outer loop
     vertex  8.750000e+00  2.066987e+00  0.000000e+00
     vertex  8.629410e+00  2.017037e+00  1.510198e+00
     vertex  8.750000e+00  2.066987e+00  1.510198e+00
   endloop
 endfacet
 facet normal -3.826834e-01  9.238795e-01  0.000000e+00
   outer loop
     vertex  8.750000e+00  2.066987e+00  0.000000e+00
     vertex  8.629410e+00  2.017037e+00  0.000000e+00
     vertex  8.629410e+00  2.017037e+00  1.510198e+00
   endloop
 endfacet
 facet normal -6.087614e-01  7.933533e-01  0.000000e+00
   outer loop
     vertex  8.853553e+00  2.146447e+00  0.000000e+00
     vertex  8.750000e+00  2.066987e+00  1.510198e+00
     vertex  8.853553e+00  2.146447e+00  1.510198e+00
   endloop
 endfacet
 facet normal -6.087614e-01  7.933533e-01  0.000000e+00
   outer loop
     vertex  8.853553e+00  2.146447e+00  0.000000e+00
     vertex  8.750000e+00  2.066987e+00  0.000000e+00
     vertex  8.750000e+00  2.066987e+00  1.510198e+00
   endloop
 endfacet
 facet normal -7.933533e-01  6.087614e-01  0.000000e+00
   outer loop
     vertex  8.933013e+00  2.250000e+00  0.000000e+00
     vertex  8.853553e+00  2.146447e+00  1.510198e+00
     vertex  8.933013e+00  2.250000e+00  1.510198e+00
   endloop
 endfacet
 facet normal -7.933533e-01  6.087614e-01  0.000000e+00
   outer loop
     vertex  8.933013e+00  2.250000e+00  0.000000e+00
     vertex  8.853553e+00  2.146447e+00  0.000000e+00
     vertex  8.853553e+00  2.146447e+00  1.510198e+00
   endloop
 endfacet
 facet normal -9.238795e-01  3.826834e-01  0.000000e+00
   outer loop
     vertex  8.982963e+00  2.370590e+00  0.000000e+00
     vertex  8.933013e+00  2.250000e+00  1.510198e+00
     vertex  8.982963e+00  2.370590e+00  1.510198e+00
   endloop
 endfacet
 facet normal -9.238795e-01  3.826834e-01  0.000000e+00
   outer loop
     vertex  8.982963e+00  2.370590e+00  0.000000e+00
     vertex  8.933013e+00  2.250000e+00  0.000000e+00
     vertex  8.933013e+00  2.250000e+00  1.510198e+00
   endloop
 endfacet
 facet normal -9.914449e-01  1.305262e-01  0.000000e+00
   outer loop
     vertex  9.000000e+00  2.500000e+00  0.000000e+00
     vertex  8.982963e+00  2.370590e+00  1.510198e+00
     vertex  9.000000e+00  2.500000e+00  1.510198e+00
   endloop
 endfacet
 facet normal -9.914449e-01  1.305262e-01  0.000000e+00
   outer loop
     vertex  9.000000e+00  2.500000e+00  0.000000e+00
     vertex  8.982963e+00  2.370590e+00  0.000000e+00
     vertex  8.982963e+00  2.370590e+00  1.510198e+00
   endloop
 endfacet
 facet normal -9.914449e-01 -1.305262e-01  0.000000e+00
   outer loop
     vertex  8.982963e+00  2.629410e+00  0.000000e+00
     vertex  9.000000e+00  2.500000e+00  1.510198e+00
     vertex  8.982963e+00  2.629410e+00  1.510198e+00
   endloop
 endfacet
 facet normal -9.914449e-01 -1.305262e-01  0.000000e+00
   outer loop
     vertex  8.982963e+00  2.629410e+00  0.000000e+00
     vertex  9.000000e+00  2.500000e+00  0.000000e+00
     vertex  9.000000e+00  2.500000e+00  1.510198e+00
   endloop
 endfacet
 facet normal -9.238795e-01 -3.826834e-01  0.000000e+00
   outer loop
     vertex  8.933013e+00  2.750000e+00  0.000000e+00
     vertex  8.982963e+00  2.629410e+00  1.510198e+00
     vertex  8.933013e+00  2.750000e+00  1.510198e+00
   endloop
 endfacet
 facet normal -9.238795e-01 -3.826834e-01  0.000000e+00
   outer loop
     vertex  8.933013e+00  2.750000e+00  0.000000e+00
     vertex  8.982963e+00  2.629410e+00  0.000000e+00
     vertex  8.982963e+00  2.629410e+00  1.510198e+00
   endloop
 endfacet
 facet normal -7.933533e-01 -6.087614e-01  0.000000e+00
   outer loop
     vertex  8.853553e+00  2.853553e+00  0.000000e+00
     vertex  8.933013e+00  2.750000e+00  1.510198e+00
     vertex  8.853553e+00  2.853553e+00  1.510198e+00
   endloop
 endfacet
 facet normal -7.933533e-01 -6.087614e-01  0.000000e+00
   outer loop
     vertex  8.853553e+00  2.853553e+00  0.000000e+00
     vertex  8.933013e+00  2.750000e+00  0.000000e+00
     vertex  8.933013e+00  2.750000e+00  1.510198e+00
   endloop
 endfacet
 facet normal -6.087614e-01 -7.933533e-01  0.000000e+00
   outer loop
     vertex  8.750000e+00  2.933013e+00  0.000000e+00
     vertex  8.853553e+00  2.853553e+00  1.510198e+00
     vertex  8.750000e+00  2.933013e+00  1.510198e+00
   endloop
 endfacet
 facet normal -6.087614e-01 -7.933533e-01  0.000000e+00
   outer loop
     vertex  8.750000e+00  2.933013e+00  0.000000e+00
     vertex  8.853553e+00  2.853553e+00  0.000000e+00
     vertex  8.853553e+00  2.853553e+00  1.510198e+00
   endloop
 endfacet
 facet normal -1.305262e-01 -9.914449e-01  0.000000e+00
   outer loop
     vertex  8.629410e+00  2.982963e+00  0.000000e+00
     vertex  8.629410e+00  2.982963e+00  1.510198e+00
     vertex  8.500000e+00  3.000000e+00  1.510198e+00
   endloop
 endfacet
 facet normal -3.826834e-01 -9.238795e-01  0.000000e+00
   outer loop
     vertex  8.629410e+00  2.982963e+00  0.000000e+00
     vertex  8.750000e+00  2.933013e+00  1.510198e+00
     vertex  8.629410e+00  2.982963e+00  1.510198e+00
   endloop
 endfacet
 facet normal -3.826834e-01 -9.238795e-01  0.000000e+00
   outer loop
     vertex  8.629410e+00  2.982963e+00  0.000000e+00
     vertex  8.750000e+00  2.933013e+00  0.000000e+00
     vertex  8.750000e+00  2.933013e+00  1.510198e+00
   endloop
 endfacet
 facet normal -1.305262e-01 -9.914449e-01  0.000000e+00
   outer loop
     vertex  8.500000e+00  3.000000e+00  0.000000e+00
     vertex  8.629410e+00  2.982963e+00  0.000000e+00
     vertex  8.500000e+00  3.000000e+00  1.510198e+00
   endloop
 endfacet
 facet normal  1.305262e-01 -9.914449e-01  0.000000e+00
   outer loop
     vertex  8.370590e+00  2.982963e+00  0.000000e+00
     vertex  8.500000e+00  3.000000e+00  0.000000e+00
     vertex  8.500000e+00  3.000000e+00  1.510198e+00
   endloop
 endfacet
 facet normal  3.826834e-01 -9.238795e-01  0.000000e+00
   outer loop
     vertex  8.370590e+00  2.982963e+00  0.000000e+00
     vertex  8.370590e+00  2.982963e+00  1.510198e+00
     vertex  8.250000e+00  2.933013e+00  1.510198e+00
   endloop
 endfacet
 facet normal  1.305262e-01 -9.914449e-01  0.000000e+00
   outer loop
     vertex  8.370590e+00  2.982963e+00  0.000000e+00
     vertex  8.500000e+00  3.000000e+00  1.510198e+00
     vertex  8.370590e+00  2.982963e+00  1.510198e+00
   endloop
 endfacet
 facet normal  3.826834e-01 -9.238795e-01  0.000000e+00
   outer loop
     vertex  8.250000e+00  2.933013e+00  0.000000e+00
     vertex  8.370590e+00  2.982963e+00  0.000000e+00
     vertex  8.250000e+00  2.933013e+00  1.510198e+00
   endloop
 endfacet
 facet normal  6.087614e-01 -7.933533e-01  0.000000e+00
   outer loop
     vertex  8.146447e+00  2.853553e+00  0.000000e+00
     vertex  8.250000e+00  2.933013e+00  0.000000e+00
     vertex  8.250000e+00  2.933013e+00  1.510198e+00
   endloop
 endfacet
 facet normal  6.087614e-01 -7.933533e-01  0.000000e+00
   outer loop
     vertex  8.146447e+00  2.853553e+00  0.000000e+00
     vertex  8.250000e+00  2.933013e+00  1.510198e+00
     vertex  8.146447e+00  2.853553e+00  1.510198e+00
   endloop
 endfacet
 facet normal  7.933533e-01 -6.087614e-01  0.000000e+00
   outer loop
     vertex  8.066987e+00  2.750000e+00  0.000000e+00
     vertex  8.146447e+00  2.853553e+00  0.000000e+00
     vertex  8.146447e+00  2.853553e+00  1.510198e+00
   endloop
 endfacet
 facet normal  9.238795e-01 -3.826834e-01  0.000000e+00
   outer loop
     vertex  8.066987e+00  2.750000e+00  0.000000e+00
     vertex  8.066987e+00  2.750000e+00  1.510198e+00
     vertex  8.017037e+00  2.629410e+00  1.510198e+00
   endloop
 endfacet
 facet normal  7.933533e-01 -6.087614e-01  0.000000e+00
   outer loop
     vertex  8.066987e+00  2.750000e+00  0.000000e+00
     vertex  8.146447e+00  2.853553e+00  1.510198e+00
     vertex  8.066987e+00  2.750000e+00  1.510198e+00
   endloop
 endfacet
 facet normal  9.238795e-01 -3.826834e-01  0.000000e+00
   outer loop
     vertex  8.017037e+00  2.629410e+00  0.000000e+00
     vertex  8.066987e+00  2.750000e+00  0.000000e+00
     vertex  8.017037e+00  2.629410e+00  1.510198e+00
   endloop
 endfacet
 facet normal  9.914449e-01 -1.305262e-01  0.000000e+00
   outer loop
     vertex  8.000000e+00  2.500000e+00  0.000000e+00
     vertex  8.017037e+00  2.629410e+00  0.000000e+00
     vertex  8.017037e+00  2.629410e+00  1.510198e+00
   endloop
 endfacet
 facet normal  9.914449e-01 -1.305262e-01  0.000000e+00
   outer loop
     vertex  8.000000e+00  2.500000e+00  0.000000e+00
     vertex  8.017037e+00  2.629410e+00  1.510198e+00
     vertex  8.000000e+00  2.500000e+00  1.510198e+00
   endloop
 endfacet
 facet normal  9.238795e-01  3.826834e-01 -0.000000e+00
   outer loop
     vertex  8.017037e+00  2.370590e+00  0.000000e+00
     vertex  8.017037e+00  2.370590e+00  1.510198e+00
     vertex  8.066987e+00  2.250000e+00  1.510198e+00
   endloop
 endfacet
 facet normal  9.914449e-01  1.305262e-01 -0.000000e+00
   outer loop
     vertex  8.017037e+00  2.370590e+00  0.000000e+00
     vertex  8.000000e+00  2.500000e+00  1.510198e+00
     vertex  8.017037e+00  2.370590e+00  1.510198e+00
   endloop
 endfacet
 facet normal  9.914449e-01  1.305262e-01  0.000000e+00
   outer loop
     vertex  8.017037e+00  2.370590e+00  0.000000e+00
     vertex  8.000000e+00  2.500000e+00  0.000000e+00
     vertex  8.000000e+00  2.500000e+00  1.510198e+00
   endloop
 endfacet
 facet normal  9.238795e-01  3.826834e-01 -0.000000e+00
   outer loop
     vertex  8.066987e+00  2.250000e+00  0.000000e+00
     vertex  8.017037e+00  2.370590e+00  0.000000e+00
     vertex  8.066987e+00  2.250000e+00  1.510198e+00
   endloop
 endfacet
 facet normal  6.087614e-01  7.933533e-01 -0.000000e+00
   outer loop
     vertex  8.146447e+00  2.146447e+00  0.000000e+00
     vertex  8.146447e+00  2.146447e+00  1.510198e+00
     vertex  8.250000e+00  2.066987e+00  1.510198e+00
   endloop
 endfacet
 facet normal  7.933533e-01  6.087614e-01 -0.000000e+00
   outer loop
     vertex  8.146447e+00  2.146447e+00  0.000000e+00
     vertex  8.066987e+00  2.250000e+00  1.510198e+00
     vertex  8.146447e+00  2.146447e+00  1.510198e+00
   endloop
 endfacet
 facet normal  7.933533e-01  6.087614e-01  0.000000e+00
   outer loop
     vertex  8.146447e+00  2.146447e+00  0.000000e+00
     vertex  8.066987e+00  2.250000e+00  0.000000e+00
     vertex  8.066987e+00  2.250000e+00  1.510198e+00
   endloop
 endfacet
 facet normal  6.087614e-01  7.933533e-01 -0.000000e+00
   outer loop
     vertex  8.250000e+00  2.066987e+00  0.000000e+00
     vertex  8.146447e+00  2.146447e+00  0.000000e+00
     vertex  8.250000e+00  2.066987e+00  1.510198e+00
   endloop
 endfacet
 facet normal  3.826834e-01  9.238795e-01 -0.000000e+00
   outer loop
     vertex  8.370590e+00  2.017037e+00  0.000000e+00
     vertex  8.250000e+00  2.066987e+00  1.510198e+00
     vertex  8.370590e+00  2.017037e+00  1.510198e+00
   endloop
 endfacet
 facet normal  3.826834e-01  9.238795e-01  0.000000e+00
   outer loop
     vertex  8.370590e+00  2.017037e+00  0.000000e+00
     vertex  8.250000e+00  2.066987e+00  0.000000e+00
     vertex  8.250000e+00  2.066987e+00  1.510198e+00
   endloop
 endfacet
 facet normal  1.305262e-01  9.914449e-01 -0.000000e+00
   outer loop
     vertex  8.500000e+00  2.000000e+00  0.000000e+00
     vertex  8.370590e+00  2.017037e+00  1.510198e+00
     vertex  8.500000e+00  2.000000e+00  1.510198e+00
   endloop
 endfacet
 facet normal  1.305262e-01  9.914449e-01  0.000000e+00
   outer loop
     vertex  8.500000e+00  2.000000e+00  0.000000e+00
     vertex  8.370590e+00  2.017037e+00  0.000000e+00
     vertex  8.370590e+00  2.017037e+00  1.510198e+00
   endloop
 endfacet
 facet normal -1.305262e-01  9.914449e-01  0.000000e+00
   outer loop
     vertex  8.414110e+00  6.454519e+00  0.000000e+00
     vertex  8.000000e+00  6.400000e+00  0.000000e+00
     vertex  8.000000e+00  6.400000e+00  1.510198e+00
   endloop
 endfacet
 facet normal -1.305262e-01  9.914449e-01  0.000000e+00
   outer loop
     vertex  8.414110e+00  6.454519e+00  0.000000e+00
     vertex  8.000000e+00  6.400000e+00  1.510198e+00
     vertex  8.414110e+00  6.454519e+00  1.510198e+00
   endloop
 endfacet
 facet normal -3.826834e-01  9.238795e-01  0.000000e+00
   outer loop
     vertex  8.800000e+00  6.614359e+00  0.000000e+00
     vertex  8.414110e+00  6.454519e+00  1.510198e+00
     vertex  8.800000e+00  6.614359e+00  1.510198e+00
   endloop
 endfacet
 facet normal -3.826834e-01  9.238795e-01  0.000000e+00
   outer loop
     vertex  8.800000e+00  6.614359e+00  0.000000e+00
     vertex  8.414110e+00  6.454519e+00  0.000000e+00
     vertex  8.414110e+00  6.454519e+00  1.510198e+00
   endloop
 endfacet
 facet normal -6.087614e-01  7.933533e-01  0.000000e+00
   outer loop
     vertex  9.131371e+00  6.868629e+00  0.000000e+00
     vertex  8.800000e+00  6.614359e+00  1.510198e+00
     vertex  9.131371e+00  6.868629e+00  1.510198e+00
   endloop
 endfacet
 facet normal -6.087614e-01  7.933533e-01  0.000000e+00
   outer loop
     vertex  9.131371e+00  6.868629e+00  0.000000e+00
     vertex  8.800000e+00  6.614359e+00  0.000000e+00
     vertex  8.800000e+00  6.614359e+00  1.510198e+00
   endloop
 endfacet
 facet normal -7.933533e-01  6.087614e-01  0.000000e+00
   outer loop
     vertex  9.385641e+00  7.200000e+00  0.000000e+00
     vertex  9.131371e+00  6.868629e+00  1.510198e+00
     vertex  9.385641e+00  7.200000e+00  1.510198e+00
   endloop
 endfacet
 facet normal -7.933533e-01  6.087614e-01  0.000000e+00
   outer loop
     vertex  9.385641e+00  7.200000e+00  0.000000e+00
     vertex  9.131371e+00  6.868629e+00  0.000000e+00
     vertex  9.131371e+00  6.868629e+00  1.510198e+00
   endloop
 endfacet
 facet normal -9.238795e-01  3.826834e-01  0.000000e+00
   outer loop
     vertex  9.545481e+00  7.585890e+00  0.000000e+00
     vertex  9.385641e+00  7.200000e+00  1.510198e+00
     vertex  9.545481e+00  7.585890e+00  1.510198e+00
   endloop
 endfacet
 facet normal -9.238795e-01  3.826834e-01  0.000000e+00
   outer loop
     vertex  9.545481e+00  7.585890e+00  0.000000e+00
     vertex  9.385641e+00  7.200000e+00  0.000000e+00
     vertex  9.385641e+00  7.200000e+00  1.510198e+00
   endloop
 endfacet
 facet normal -9.914449e-01  1.305262e-01  0.000000e+00
   outer loop
     vertex  9.600000e+00  8.000000e+00  0.000000e+00
     vertex  9.545481e+00  7.585890e+00  1.510198e+00
     vertex  9.600000e+00  8.000000e+00  1.510198e+00
   endloop
 endfacet
 facet normal -9.914449e-01  1.305262e-01  0.000000e+00
   outer loop
     vertex  9.600000e+00  8.000000e+00  0.000000e+00
     vertex  9.545481e+00  7.585890e+00  0.000000e+00
     vertex  9.545481e+00  7.585890e+00  1.510198e+00
   endloop
 endfacet
 facet normal -9.914449e-01 -1.305262e-01  0.000000e+00
   outer loop
     vertex  9.545481e+00  8.414110e+00  0.000000e+00
     vertex  9.600000e+00  8.000000e+00  1.510198e+00
     vertex  9.545481e+00  8.414110e+00  1.510198e+00
   endloop
 endfacet
 facet normal -9.914449e-01 -1.305262e-01  0.000000e+00
   outer loop
     vertex  9.545481e+00  8.414110e+00  0.000000e+00
     vertex  9.600000e+00  8.000000e+00  0.000000e+00
     vertex  9.600000e+00  8.000000e+00  1.510198e+00
   endloop
 endfacet
 facet normal -9.238795e-01 -3.826834e-01  0.000000e+00
   outer loop
     vertex  9.385641e+00  8.800000e+00  0.000000e+00
     vertex  9.545481e+00  8.414110e+00  1.510198e+00
     vertex  9.385641e+00  8.800000e+00  1.510198e+00
   endloop
 endfacet
 facet normal -9.238795e-01 -3.826834e-01  0.000000e+00
   outer loop
     vertex  9.385641e+00  8.800000e+00  0.000000e+00
     vertex  9.545481e+00  8.414110e+00  0.000000e+00
     vertex  9.545481e+00  8.414110e+00  1.510198e+00
   endloop
 endfacet
 facet normal -7.933533e-01 -6.087614e-01  0.000000e+00
   outer loop
     vertex  9.131371e+00  9.131371e+00  0.000000e+00
     vertex  9.385641e+00  8.800000e+00  1.510198e+00
     vertex  9.131371e+00  9.131371e+00  1.510198e+00
   endloop
 endfacet
 facet normal -7.933533e-01 -6.087614e-01  0.000000e+00
   outer loop
     vertex  9.131371e+00  9.131371e+00  0.000000e+00
     vertex  9.385641e+00  8.800000e+00  0.000000e+00
     vertex  9.385641e+00  8.800000e+00  1.510198e+00
   endloop
 endfacet
 facet normal -6.087614e-01 -7.933533e-01  0.000000e+00
   outer loop
     vertex  8.800000e+00  9.385641e+00  0.000000e+00
     vertex  9.131371e+00  9.131371e+00  1.510198e+00
     vertex  8.800000e+00  9.385641e+00  1.510198e+00
   endloop
 endfacet
 facet normal -6.087614e-01 -7.933533e-01  0.000000e+00
   outer loop
     vertex  8.800000e+00  9.385641e+00  0.000000e+00
     vertex  9.131371e+00  9.131371e+00  0.000000e+00
     vertex  9.131371e+00  9.131371e+00  1.510198e+00
   endloop
 endfacet
 facet normal -1.305262e-01 -9.914449e-01  0.000000e+00
   outer loop
     vertex  8.414110e+00  9.545481e+00  0.000000e+00
     vertex  8.414110e+00  9.545481e+00  1.510198e+00
     vertex  8.000000e+00  9.600000e+00  1.510198e+00
   endloop
 endfacet
 facet normal -3.826834e-01 -9.238795e-01  0.000000e+00
   outer loop
     vertex  8.414110e+00  9.545481e+00  0.000000e+00
     vertex  8.800000e+00  9.385641e+00  1.510198e+00
     vertex  8.414110e+00  9.545481e+00  1.510198e+00
   endloop
 endfacet
 facet normal -3.826834e-01 -9.238795e-01  0.000000e+00
   outer loop
     vertex  8.414110e+00  9.545481e+00  0.000000e+00
     vertex  8.800000e+00  9.385641e+00  0.000000e+00
     vertex  8.800000e+00  9.385641e+00  1.510198e+00
   endloop
 endfacet
 facet normal -1.305262e-01 -9.914449e-01  0.000000e+00
   outer loop
     vertex  8.000000e+00  9.600000e+00  0.000000e+00
     vertex  8.414110e+00  9.545481e+00  0.000000e+00
     vertex  8.000000e+00  9.600000e+00  1.510198e+00
   endloop
 endfacet
 facet normal  1.305262e-01 -9.914449e-01  0.000000e+00
   outer loop
     vertex  7.585890e+00  9.545481e+00  0.000000e+00
     vertex  8.000000e+00  9.600000e+00  0.000000e+00
     vertex  8.000000e+00  9.600000e+00  1.510198e+00
   endloop
 endfacet
 facet normal  3.826834e-01 -9.238795e-01  0.000000e+00
   outer loop
     vertex  7.585890e+00  9.545481e+00  0.000000e+00
     vertex  7.585890e+00  9.545481e+00  1.510198e+00
     vertex  7.200000e+00  9.385641e+00  1.510198e+00
   endloop
 endfacet
 facet normal  1.305262e-01 -9.914449e-01  0.000000e+00
   outer loop
     vertex  7.585890e+00  9.545481e+00  0.000000e+00
     vertex  8.000000e+00  9.600000e+00  1.510198e+00
     vertex  7.585890e+00  9.545481e+00  1.510198e+00
   endloop
 endfacet
 facet normal  3.826834e-01 -9.238795e-01  0.000000e+00
   outer loop
     vertex  7.200000e+00  9.385641e+00  0.000000e+00
     vertex  7.585890e+00  9.545481e+00  0.000000e+00
     vertex  7.200000e+00  9.385641e+00  1.510198e+00
   endloop
 endfacet
 facet normal  6.087614e-01 -7.933533e-01  0.000000e+00
   outer loop
     vertex  6.868629e+00  9.131371e+00  0.000000e+00
     vertex  7.200000e+00  9.385641e+00  0.000000e+00
     vertex  7.200000e+00  9.385641e+00  1.510198e+00
   endloop
 endfacet
 facet normal  6.087614e-01 -7.933533e-01  0.000000e+00
   outer loop
     vertex  6.868629e+00  9.131371e+00  0.000000e+00
     vertex  7.200000e+00  9.385641e+00  1.510198e+00
     vertex  6.868629e+00  9.131371e+00  1.510198e+00
   endloop
 endfacet
 facet normal  7.933533e-01 -6.087614e-01  0.000000e+00
   outer loop
     vertex  6.614359e+00  8.800000e+00  0.000000e+00
     vertex  6.868629e+00  9.131371e+00  0.000000e+00
     vertex  6.868629e+00  9.131371e+00  1.510198e+00
   endloop
 endfacet
 facet normal  9.238795e-01 -3.826834e-01  0.000000e+00
   outer loop
     vertex  6.614359e+00  8.800000e+00  0.000000e+00
     vertex  6.614359e+00  8.800000e+00  1.510198e+00
     vertex  6.454519e+00  8.414110e+00  1.510198e+00
   endloop
 endfacet
 facet normal  7.933533e-01 -6.087614e-01  0.000000e+00
   outer loop
     vertex  6.614359e+00  8.800000e+00  0.000000e+00
     vertex  6.868629e+00  9.131371e+00  1.510198e+00
     vertex  6.614359e+00  8.800000e+00  1.510198e+00
   endloop
 endfacet
 facet normal  9.238795e-01 -3.826834e-01  0.000000e+00
   outer loop
     vertex  6.454519e+00  8.414110e+00  0.000000e+00
     vertex  6.614359e+00  8.800000e+00  0.000000e+00
     vertex  6.454519e+00  8.414110e+00  1.510198e+00
   endloop
 endfacet
 facet normal  9.914449e-01 -1.305262e-01  0.000000e+00
   outer loop
     vertex  6.400000e+00  8.000000e+00  0.000000e+00
     vertex  6.454519e+00  8.414110e+00  0.000000e+00
     vertex  6.454519e+00  8.414110e+00  1.510198e+00
   endloop
 endfacet
 facet normal  9.914449e-01 -1.305262e-01  0.000000e+00
   outer loop
     vertex  6.400000e+00  8.000000e+00  0.000000e+00
     vertex  6.454519e+00  8.414110e+00  1.510198e+00
     vertex  6.400000e+00  8.000000e+00  1.510198e+00
   endloop
 endfacet
 facet normal  9.238795e-01  3.826834e-01 -0.000000e+00
   outer loop
     vertex  6.454519e+00  7.585890e+00  0.000000e+00
     vertex  6.454519e+00  7.585890e+00  1.510198e+00
     vertex  6.614359e+00  7.200000e+00  1.510198e+00
   endloop
 endfacet
 facet normal  9.914449e-01  1.305262e-01 -0.000000e+00
   outer loop
     vertex  6.454519e+00  7.585890e+00  0.000000e+00
     vertex  6.400000e+00  8.000000e+00  1.510198e+00
     vertex  6.454519e+00  7.585890e+00  1.510198e+00
   endloop
 endfacet
 facet normal  9.914449e-01  1.305262e-01  0.000000e+00
   outer loop
     vertex  6.454519e+00  7.585890e+00  0.000000e+00
     vertex  6.400000e+00  8.000000e+00  0.000000e+00
     vertex  6.400000e+00  8.000000e+00  1.510198e+00
   endloop
 endfacet
 facet normal  9.238795e-01  3.826834e-01 -0.000000e+00
   outer loop
     vertex  6.614359e+00  7.200000e+00  0.000000e+00
     vertex  6.454519e+00  7.585890e+00  0.000000e+00
     vertex  6.614359e+00  7.200000e+00  1.510198e+00
   endloop
 endfacet
 facet normal  6.087614e-01  7.933533e-01 -0.000000e+00
   outer loop
     vertex  6.868629e+00  6.868629e+00  0.000000e+00
     vertex  6.868629e+00  6.868629e+00  1.510198e+00
     vertex  7.200000e+00  6.614359e+00  1.510198e+00
   endloop
 endfacet
 facet normal  7.933533e-01  6.087614e-01 -0.000000e+00
   outer loop
     vertex  6.868629e+00  6.868629e+00  0.000000e+00
     vertex  6.614359e+00  7.200000e+00  1.510198e+00
     vertex  6.868629e+00  6.868629e+00  1.510198e+00
   endloop
 endfacet
 facet normal  7.933533e-01  6.087614e-01  0.000000e+00
   outer loop
     vertex  6.868629e+00  6.868629e+00  0.000000e+00
     vertex  6.614359e+00  7.200000e+00  0.000000e+00
     vertex  6.614359e+00  7.200000e+00  1.510198e+00
   endloop
 endfacet
 facet normal  6.087614e-01  7.933533e-01 -0.000000e+00
   outer loop
     vertex  7.200000e+00  6.614359e+00  0.000000e+00
     vertex  6.868629e+00  6.868629e+00  0.000000e+00
     vertex  7.200000e+00  6.614359e+00  1.510198e+00
   endloop
 endfacet
 facet normal  3.826834e-01  9.238795e-01 -0.000000e+00
   outer loop
     vertex  7.585890e+00  6.454519e+00  0.000000e+00
     vertex  7.200000e+00  6.614359e+00  1.510198e+00
     vertex  7.585890e+00  6.454519e+00  1.510198e+00
   endloop
 endfacet
 facet normal  3.826834e-01  9.238795e-01  0.000000e+00
   outer loop
     vertex  7.585890e+00  6.454519e+00  0.000000e+00
     vertex  7.200000e+00  6.614359e+00  0.000000e+00
     vertex  7.200000e+00  6.614359e+00  1.510198e+00
   endloop
 endfacet
 facet normal  1.305262e-01  9.914449e-01 -0.000000e+00
   outer loop
     vertex  8.000000e+00  6.400000e+00  0.000000e+00
     vertex  7.585890e+00  6.454519e+00  1.510198e+00
     vertex  8.000000e+00  6.400000e+00  1.510198e+00
   endloop
 endfacet
 facet normal  1.305262e-01  9.914449e-01  0.000000e+00
   outer loop
     vertex  8.000000e+00  6.400000e+00  0.000000e+00
     vertex  7.585890e+00  6.454519e+00  0.000000e+00
     vertex  7.585890e+00  6.454519e+00  1.510198e+00
   endloop
 endfacet
endsolid
