ISO-10303-21;
HEADER;
FILE_DESCRIPTION(('KiCad electronic assembly'),'2;1');
FILE_NAME('readout1_10x10_mockup.step','2026-05-29T18:12:41',('Pcbnew'),
  ('Kicad'),'Open CASCADE STEP processor 7.9','KiCad to STEP converter',
  'Unknown');
FILE_SCHEMA(('AUTOMOTIVE_DESIGN { 1 0 10303 214 1 1 1 1 }'));
ENDSEC;
DATA;
#1 = APPLICATION_PROTOCOL_DEFINITION('international standard',
  'automotive_design',2000,#2);
#2 = APPLICATION_CONTEXT(
  'core data for automotive mechanical design processes');
#3 = SHAPE_DEFINITION_REPRESENTATION(#4,#10);
#4 = PRODUCT_DEFINITION_SHAPE('','',#5);
#5 = PRODUCT_DEFINITION('design','',#6,#9);
#6 = PRODUCT_DEFINITION_FORMATION('','',#7);
#7 = PRODUCT('readout1_10x10_mockup 1','readout1_10x10_mockup 1','',(#8)
  );
#8 = PRODUCT_CONTEXT('',#2,'mechanical');
#9 = PRODUCT_DEFINITION_CONTEXT('part definition',#2,'design');
#10 = SHAPE_REPRESENTATION('',(#11,#15,#19,#23,#27,#31),#35);
#11 = AXIS2_PLACEMENT_3D('',#12,#13,#14);
#12 = CARTESIAN_POINT('',(0.,0.,0.));
#13 = DIRECTION('',(0.,0.,1.));
#14 = DIRECTION('',(1.,0.,-0.));
#15 = AXIS2_PLACEMENT_3D('',#16,#17,#18);
#16 = CARTESIAN_POINT('',(1.5,7.5,1.595198));
#17 = DIRECTION('',(0.,0.,1.));
#18 = DIRECTION('',(1.,0.,0.));
#19 = AXIS2_PLACEMENT_3D('',#20,#21,#22);
#20 = CARTESIAN_POINT('',(0.,0.,1.595198));
#21 = DIRECTION('',(0.,-1.,1.110223024625E-16));
#22 = DIRECTION('',(1.,0.,0.));
#23 = AXIS2_PLACEMENT_3D('',#24,#25,#26);
#24 = CARTESIAN_POINT('',(-2.5,-8.,1.595198));
#25 = DIRECTION('',(-1.,-1.110223024625E-16,1.110223024625E-16));
#26 = DIRECTION('',(1.110223024625E-16,-1.,0.));
#27 = AXIS2_PLACEMENT_3D('',#28,#29,#30);
#28 = CARTESIAN_POINT('',(2.,-8.,1.595198));
#29 = DIRECTION('',(0.,0.,1.));
#30 = DIRECTION('',(1.,0.,0.));
#31 = AXIS2_PLACEMENT_3D('',#32,#33,#34);
#32 = CARTESIAN_POINT('',(0.,0.,0.));
#33 = DIRECTION('',(0.,0.,1.));
#34 = DIRECTION('',(1.,0.,-0.));
#35 = ( GEOMETRIC_REPRESENTATION_CONTEXT(3) 
GLOBAL_UNCERTAINTY_ASSIGNED_CONTEXT((#39)) GLOBAL_UNIT_ASSIGNED_CONTEXT(
(#36,#37,#38)) REPRESENTATION_CONTEXT('Context #1',
  '3D Context with UNIT and UNCERTAINTY') );
#36 = ( LENGTH_UNIT() NAMED_UNIT(*) SI_UNIT(.MILLI.,.METRE.) );
#37 = ( NAMED_UNIT(*) PLANE_ANGLE_UNIT() SI_UNIT($,.RADIAN.) );
#38 = ( NAMED_UNIT(*) SI_UNIT($,.STERADIAN.) SOLID_ANGLE_UNIT() );
#39 = UNCERTAINTY_MEASURE_WITH_UNIT(LENGTH_MEASURE(1.E-07),#36,
  'distance_accuracy_value','confusion accuracy');
#40 = PRODUCT_RELATED_PRODUCT_CATEGORY('part',$,(#7));
#41 = SHAPE_DEFINITION_REPRESENTATION(#42,#48);
#42 = PRODUCT_DEFINITION_SHAPE('','',#43);
#43 = PRODUCT_DEFINITION('design','',#44,#47);
#44 = PRODUCT_DEFINITION_FORMATION('','',#45);
#45 = PRODUCT('C_1206_3216Metric','C_1206_3216Metric','',(#46));
#46 = PRODUCT_CONTEXT('',#2,'mechanical');
#47 = PRODUCT_DEFINITION_CONTEXT('part definition',#2,'design');
#48 = ADVANCED_BREP_SHAPE_REPRESENTATION('',(#11,#49),#903);
#49 = MANIFOLD_SOLID_BREP('',#50);
#50 = CLOSED_SHELL('',(#51,#127,#158,#183,#208,#232,#256,#281,#306,#323,
    #409,#441,#465,#490,#514,#539,#563,#588,#605,#691,#722,#747,#772,
    #796,#820,#845,#870,#887));
#51 = ADVANCED_FACE('',(#52),#122,.F.);
#52 = FACE_BOUND('',#53,.F.);
#53 = EDGE_LOOP('',(#54,#64,#73,#81,#90,#98,#107,#115));
#54 = ORIENTED_EDGE('',*,*,#55,.F.);
#55 = EDGE_CURVE('',#56,#58,#60,.T.);
#56 = VERTEX_POINT('',#57);
#57 = CARTESIAN_POINT('',(-1.6,-0.8,4.E-02));
#58 = VERTEX_POINT('',#59);
#59 = CARTESIAN_POINT('',(-1.6,-0.8,1.56));
#60 = LINE('',#61,#62);
#61 = CARTESIAN_POINT('',(-1.6,-0.8,0.));
#62 = VECTOR('',#63,1.);
#63 = DIRECTION('',(0.,0.,1.));
#64 = ORIENTED_EDGE('',*,*,#65,.T.);
#65 = EDGE_CURVE('',#56,#66,#68,.T.);
#66 = VERTEX_POINT('',#67);
#67 = CARTESIAN_POINT('',(-1.6,-0.76,0.));
#68 = CIRCLE('',#69,4.E-02);
#69 = AXIS2_PLACEMENT_3D('',#70,#71,#72);
#70 = CARTESIAN_POINT('',(-1.6,-0.76,4.E-02));
#71 = DIRECTION('',(1.,0.,-0.));
#72 = DIRECTION('',(0.,0.,1.));
#73 = ORIENTED_EDGE('',*,*,#74,.T.);
#74 = EDGE_CURVE('',#66,#75,#77,.T.);
#75 = VERTEX_POINT('',#76);
#76 = CARTESIAN_POINT('',(-1.6,0.76,0.));
#77 = LINE('',#78,#79);
#78 = CARTESIAN_POINT('',(-1.6,-0.8,0.));
#79 = VECTOR('',#80,1.);
#80 = DIRECTION('',(0.,1.,0.));
#81 = ORIENTED_EDGE('',*,*,#82,.F.);
#82 = EDGE_CURVE('',#83,#75,#85,.T.);
#83 = VERTEX_POINT('',#84);
#84 = CARTESIAN_POINT('',(-1.6,0.8,4.E-02));
#85 = CIRCLE('',#86,4.E-02);
#86 = AXIS2_PLACEMENT_3D('',#87,#88,#89);
#87 = CARTESIAN_POINT('',(-1.6,0.76,4.E-02));
#88 = DIRECTION('',(-1.,0.,0.));
#89 = DIRECTION('',(0.,0.,1.));
#90 = ORIENTED_EDGE('',*,*,#91,.T.);
#91 = EDGE_CURVE('',#83,#92,#94,.T.);
#92 = VERTEX_POINT('',#93);
#93 = CARTESIAN_POINT('',(-1.6,0.8,1.56));
#94 = LINE('',#95,#96);
#95 = CARTESIAN_POINT('',(-1.6,0.8,0.));
#96 = VECTOR('',#97,1.);
#97 = DIRECTION('',(0.,0.,1.));
#98 = ORIENTED_EDGE('',*,*,#99,.T.);
#99 = EDGE_CURVE('',#92,#100,#102,.T.);
#100 = VERTEX_POINT('',#101);
#101 = CARTESIAN_POINT('',(-1.6,0.76,1.6));
#102 = CIRCLE('',#103,4.E-02);
#103 = AXIS2_PLACEMENT_3D('',#104,#105,#106);
#104 = CARTESIAN_POINT('',(-1.6,0.76,1.56));
#105 = DIRECTION('',(1.,0.,-0.));
#106 = DIRECTION('',(0.,0.,1.));
#107 = ORIENTED_EDGE('',*,*,#108,.F.);
#108 = EDGE_CURVE('',#109,#100,#111,.T.);
#109 = VERTEX_POINT('',#110);
#110 = CARTESIAN_POINT('',(-1.6,-0.76,1.6));
#111 = LINE('',#112,#113);
#112 = CARTESIAN_POINT('',(-1.6,-0.8,1.6));
#113 = VECTOR('',#114,1.);
#114 = DIRECTION('',(0.,1.,0.));
#115 = ORIENTED_EDGE('',*,*,#116,.F.);
#116 = EDGE_CURVE('',#58,#109,#117,.T.);
#117 = CIRCLE('',#118,4.E-02);
#118 = AXIS2_PLACEMENT_3D('',#119,#120,#121);
#119 = CARTESIAN_POINT('',(-1.6,-0.76,1.56));
#120 = DIRECTION('',(-1.,0.,0.));
#121 = DIRECTION('',(0.,0.,1.));
#122 = PLANE('',#123);
#123 = AXIS2_PLACEMENT_3D('',#124,#125,#126);
#124 = CARTESIAN_POINT('',(-1.6,-0.8,0.));
#125 = DIRECTION('',(1.,0.,-0.));
#126 = DIRECTION('',(0.,0.,1.));
#127 = ADVANCED_FACE('',(#128),#153,.F.);
#128 = FACE_BOUND('',#129,.F.);
#129 = EDGE_LOOP('',(#130,#140,#146,#147));
#130 = ORIENTED_EDGE('',*,*,#131,.F.);
#131 = EDGE_CURVE('',#132,#134,#136,.T.);
#132 = VERTEX_POINT('',#133);
#133 = CARTESIAN_POINT('',(-1.2,-0.8,4.E-02));
#134 = VERTEX_POINT('',#135);
#135 = CARTESIAN_POINT('',(-1.2,-0.8,1.56));
#136 = LINE('',#137,#138);
#137 = CARTESIAN_POINT('',(-1.2,-0.8,0.));
#138 = VECTOR('',#139,1.);
#139 = DIRECTION('',(0.,0.,1.));
#140 = ORIENTED_EDGE('',*,*,#141,.F.);
#141 = EDGE_CURVE('',#56,#132,#142,.T.);
#142 = LINE('',#143,#144);
#143 = CARTESIAN_POINT('',(-1.6,-0.8,4.E-02));
#144 = VECTOR('',#145,1.);
#145 = DIRECTION('',(1.,0.,-0.));
#146 = ORIENTED_EDGE('',*,*,#55,.T.);
#147 = ORIENTED_EDGE('',*,*,#148,.T.);
#148 = EDGE_CURVE('',#58,#134,#149,.T.);
#149 = LINE('',#150,#151);
#150 = CARTESIAN_POINT('',(-1.6,-0.8,1.56));
#151 = VECTOR('',#152,1.);
#152 = DIRECTION('',(1.,0.,-0.));
#153 = PLANE('',#154);
#154 = AXIS2_PLACEMENT_3D('',#155,#156,#157);
#155 = CARTESIAN_POINT('',(-1.6,-0.8,0.));
#156 = DIRECTION('',(0.,1.,0.));
#157 = DIRECTION('',(0.,-0.,1.));
#158 = ADVANCED_FACE('',(#159),#178,.T.);
#159 = FACE_BOUND('',#160,.T.);
#160 = EDGE_LOOP('',(#161,#162,#170,#177));
#161 = ORIENTED_EDGE('',*,*,#65,.T.);
#162 = ORIENTED_EDGE('',*,*,#163,.T.);
#163 = EDGE_CURVE('',#66,#164,#166,.T.);
#164 = VERTEX_POINT('',#165);
#165 = CARTESIAN_POINT('',(-1.2,-0.76,0.));
#166 = LINE('',#167,#168);
#167 = CARTESIAN_POINT('',(-1.6,-0.76,0.));
#168 = VECTOR('',#169,1.);
#169 = DIRECTION('',(1.,0.,-0.));
#170 = ORIENTED_EDGE('',*,*,#171,.F.);
#171 = EDGE_CURVE('',#132,#164,#172,.T.);
#172 = CIRCLE('',#173,4.E-02);
#173 = AXIS2_PLACEMENT_3D('',#174,#175,#176);
#174 = CARTESIAN_POINT('',(-1.2,-0.76,4.E-02));
#175 = DIRECTION('',(1.,0.,-0.));
#176 = DIRECTION('',(0.,0.,1.));
#177 = ORIENTED_EDGE('',*,*,#141,.F.);
#178 = CYLINDRICAL_SURFACE('',#179,4.E-02);
#179 = AXIS2_PLACEMENT_3D('',#180,#181,#182);
#180 = CARTESIAN_POINT('',(-1.6,-0.76,4.E-02));
#181 = DIRECTION('',(1.,0.,-0.));
#182 = DIRECTION('',(0.,-1.,0.));
#183 = ADVANCED_FACE('',(#184),#203,.T.);
#184 = FACE_BOUND('',#185,.T.);
#185 = EDGE_LOOP('',(#186,#187,#196,#202));
#186 = ORIENTED_EDGE('',*,*,#148,.T.);
#187 = ORIENTED_EDGE('',*,*,#188,.T.);
#188 = EDGE_CURVE('',#134,#189,#191,.T.);
#189 = VERTEX_POINT('',#190);
#190 = CARTESIAN_POINT('',(-1.2,-0.76,1.6));
#191 = CIRCLE('',#192,4.E-02);
#192 = AXIS2_PLACEMENT_3D('',#193,#194,#195);
#193 = CARTESIAN_POINT('',(-1.2,-0.76,1.56));
#194 = DIRECTION('',(-1.,0.,0.));
#195 = DIRECTION('',(0.,0.,1.));
#196 = ORIENTED_EDGE('',*,*,#197,.F.);
#197 = EDGE_CURVE('',#109,#189,#198,.T.);
#198 = LINE('',#199,#200);
#199 = CARTESIAN_POINT('',(-1.6,-0.76,1.6));
#200 = VECTOR('',#201,1.);
#201 = DIRECTION('',(1.,0.,-0.));
#202 = ORIENTED_EDGE('',*,*,#116,.F.);
#203 = CYLINDRICAL_SURFACE('',#204,4.E-02);
#204 = AXIS2_PLACEMENT_3D('',#205,#206,#207);
#205 = CARTESIAN_POINT('',(-1.6,-0.76,1.56));
#206 = DIRECTION('',(1.,0.,-0.));
#207 = DIRECTION('',(0.,-1.,0.));
#208 = ADVANCED_FACE('',(#209),#227,.F.);
#209 = FACE_BOUND('',#210,.F.);
#210 = EDGE_LOOP('',(#211,#212,#213,#221));
#211 = ORIENTED_EDGE('',*,*,#74,.F.);
#212 = ORIENTED_EDGE('',*,*,#163,.T.);
#213 = ORIENTED_EDGE('',*,*,#214,.T.);
#214 = EDGE_CURVE('',#164,#215,#217,.T.);
#215 = VERTEX_POINT('',#216);
#216 = CARTESIAN_POINT('',(-1.2,0.76,0.));
#217 = LINE('',#218,#219);
#218 = CARTESIAN_POINT('',(-1.2,-0.8,0.));
#219 = VECTOR('',#220,1.);
#220 = DIRECTION('',(0.,1.,0.));
#221 = ORIENTED_EDGE('',*,*,#222,.F.);
#222 = EDGE_CURVE('',#75,#215,#223,.T.);
#223 = LINE('',#224,#225);
#224 = CARTESIAN_POINT('',(-1.6,0.76,0.));
#225 = VECTOR('',#226,1.);
#226 = DIRECTION('',(1.,0.,-0.));
#227 = PLANE('',#228);
#228 = AXIS2_PLACEMENT_3D('',#229,#230,#231);
#229 = CARTESIAN_POINT('',(-1.6,-0.8,0.));
#230 = DIRECTION('',(0.,0.,1.));
#231 = DIRECTION('',(1.,0.,-0.));
#232 = ADVANCED_FACE('',(#233),#251,.T.);
#233 = FACE_BOUND('',#234,.T.);
#234 = EDGE_LOOP('',(#235,#236,#237,#245));
#235 = ORIENTED_EDGE('',*,*,#108,.F.);
#236 = ORIENTED_EDGE('',*,*,#197,.T.);
#237 = ORIENTED_EDGE('',*,*,#238,.T.);
#238 = EDGE_CURVE('',#189,#239,#241,.T.);
#239 = VERTEX_POINT('',#240);
#240 = CARTESIAN_POINT('',(-1.2,0.76,1.6));
#241 = LINE('',#242,#243);
#242 = CARTESIAN_POINT('',(-1.2,-0.8,1.6));
#243 = VECTOR('',#244,1.);
#244 = DIRECTION('',(0.,1.,0.));
#245 = ORIENTED_EDGE('',*,*,#246,.F.);
#246 = EDGE_CURVE('',#100,#239,#247,.T.);
#247 = LINE('',#248,#249);
#248 = CARTESIAN_POINT('',(-1.6,0.76,1.6));
#249 = VECTOR('',#250,1.);
#250 = DIRECTION('',(1.,0.,-0.));
#251 = PLANE('',#252);
#252 = AXIS2_PLACEMENT_3D('',#253,#254,#255);
#253 = CARTESIAN_POINT('',(-1.6,-0.8,1.6));
#254 = DIRECTION('',(0.,0.,1.));
#255 = DIRECTION('',(1.,0.,-0.));
#256 = ADVANCED_FACE('',(#257),#276,.T.);
#257 = FACE_BOUND('',#258,.T.);
#258 = EDGE_LOOP('',(#259,#267,#274,#275));
#259 = ORIENTED_EDGE('',*,*,#260,.T.);
#260 = EDGE_CURVE('',#83,#261,#263,.T.);
#261 = VERTEX_POINT('',#262);
#262 = CARTESIAN_POINT('',(-1.2,0.8,4.E-02));
#263 = LINE('',#264,#265);
#264 = CARTESIAN_POINT('',(-1.6,0.8,4.E-02));
#265 = VECTOR('',#266,1.);
#266 = DIRECTION('',(1.,0.,-0.));
#267 = ORIENTED_EDGE('',*,*,#268,.T.);
#268 = EDGE_CURVE('',#261,#215,#269,.T.);
#269 = CIRCLE('',#270,4.E-02);
#270 = AXIS2_PLACEMENT_3D('',#271,#272,#273);
#271 = CARTESIAN_POINT('',(-1.2,0.76,4.E-02));
#272 = DIRECTION('',(-1.,0.,0.));
#273 = DIRECTION('',(0.,0.,1.));
#274 = ORIENTED_EDGE('',*,*,#222,.F.);
#275 = ORIENTED_EDGE('',*,*,#82,.F.);
#276 = CYLINDRICAL_SURFACE('',#277,4.E-02);
#277 = AXIS2_PLACEMENT_3D('',#278,#279,#280);
#278 = CARTESIAN_POINT('',(-1.6,0.76,4.E-02));
#279 = DIRECTION('',(1.,0.,-0.));
#280 = DIRECTION('',(0.,1.,0.));
#281 = ADVANCED_FACE('',(#282),#301,.T.);
#282 = FACE_BOUND('',#283,.T.);
#283 = EDGE_LOOP('',(#284,#285,#286,#295));
#284 = ORIENTED_EDGE('',*,*,#99,.T.);
#285 = ORIENTED_EDGE('',*,*,#246,.T.);
#286 = ORIENTED_EDGE('',*,*,#287,.F.);
#287 = EDGE_CURVE('',#288,#239,#290,.T.);
#288 = VERTEX_POINT('',#289);
#289 = CARTESIAN_POINT('',(-1.2,0.8,1.56));
#290 = CIRCLE('',#291,4.E-02);
#291 = AXIS2_PLACEMENT_3D('',#292,#293,#294);
#292 = CARTESIAN_POINT('',(-1.2,0.76,1.56));
#293 = DIRECTION('',(1.,0.,-0.));
#294 = DIRECTION('',(0.,0.,1.));
#295 = ORIENTED_EDGE('',*,*,#296,.F.);
#296 = EDGE_CURVE('',#92,#288,#297,.T.);
#297 = LINE('',#298,#299);
#298 = CARTESIAN_POINT('',(-1.6,0.8,1.56));
#299 = VECTOR('',#300,1.);
#300 = DIRECTION('',(1.,0.,-0.));
#301 = CYLINDRICAL_SURFACE('',#302,4.E-02);
#302 = AXIS2_PLACEMENT_3D('',#303,#304,#305);
#303 = CARTESIAN_POINT('',(-1.6,0.76,1.56));
#304 = DIRECTION('',(1.,0.,-0.));
#305 = DIRECTION('',(0.,1.,0.));
#306 = ADVANCED_FACE('',(#307),#318,.T.);
#307 = FACE_BOUND('',#308,.T.);
#308 = EDGE_LOOP('',(#309,#315,#316,#317));
#309 = ORIENTED_EDGE('',*,*,#310,.F.);
#310 = EDGE_CURVE('',#261,#288,#311,.T.);
#311 = LINE('',#312,#313);
#312 = CARTESIAN_POINT('',(-1.2,0.8,0.));
#313 = VECTOR('',#314,1.);
#314 = DIRECTION('',(0.,0.,1.));
#315 = ORIENTED_EDGE('',*,*,#260,.F.);
#316 = ORIENTED_EDGE('',*,*,#91,.T.);
#317 = ORIENTED_EDGE('',*,*,#296,.T.);
#318 = PLANE('',#319);
#319 = AXIS2_PLACEMENT_3D('',#320,#321,#322);
#320 = CARTESIAN_POINT('',(-1.6,0.8,0.));
#321 = DIRECTION('',(0.,1.,0.));
#322 = DIRECTION('',(0.,-0.,1.));
#323 = ADVANCED_FACE('',(#324,#334),#404,.T.);
#324 = FACE_BOUND('',#325,.T.);
#325 = EDGE_LOOP('',(#326,#327,#328,#329,#330,#331,#332,#333));
#326 = ORIENTED_EDGE('',*,*,#131,.F.);
#327 = ORIENTED_EDGE('',*,*,#171,.T.);
#328 = ORIENTED_EDGE('',*,*,#214,.T.);
#329 = ORIENTED_EDGE('',*,*,#268,.F.);
#330 = ORIENTED_EDGE('',*,*,#310,.T.);
#331 = ORIENTED_EDGE('',*,*,#287,.T.);
#332 = ORIENTED_EDGE('',*,*,#238,.F.);
#333 = ORIENTED_EDGE('',*,*,#188,.F.);
#334 = FACE_BOUND('',#335,.T.);
#335 = EDGE_LOOP('',(#336,#347,#355,#364,#372,#381,#389,#398));
#336 = ORIENTED_EDGE('',*,*,#337,.F.);
#337 = EDGE_CURVE('',#338,#340,#342,.T.);
#338 = VERTEX_POINT('',#339);
#339 = CARTESIAN_POINT('',(-1.2,-0.76,8.E-02));
#340 = VERTEX_POINT('',#341);
#341 = CARTESIAN_POINT('',(-1.2,-0.72,4.E-02));
#342 = CIRCLE('',#343,4.E-02);
#343 = AXIS2_PLACEMENT_3D('',#344,#345,#346);
#344 = CARTESIAN_POINT('',(-1.2,-0.72,8.E-02));
#345 = DIRECTION('',(1.,0.,-0.));
#346 = DIRECTION('',(0.,0.,1.));
#347 = ORIENTED_EDGE('',*,*,#348,.T.);
#348 = EDGE_CURVE('',#338,#349,#351,.T.);
#349 = VERTEX_POINT('',#350);
#350 = CARTESIAN_POINT('',(-1.2,-0.76,1.52));
#351 = LINE('',#352,#353);
#352 = CARTESIAN_POINT('',(-1.2,-0.76,4.E-02));
#353 = VECTOR('',#354,1.);
#354 = DIRECTION('',(0.,0.,1.));
#355 = ORIENTED_EDGE('',*,*,#356,.T.);
#356 = EDGE_CURVE('',#349,#357,#359,.T.);
#357 = VERTEX_POINT('',#358);
#358 = CARTESIAN_POINT('',(-1.2,-0.72,1.56));
#359 = CIRCLE('',#360,4.E-02);
#360 = AXIS2_PLACEMENT_3D('',#361,#362,#363);
#361 = CARTESIAN_POINT('',(-1.2,-0.72,1.52));
#362 = DIRECTION('',(-1.,0.,0.));
#363 = DIRECTION('',(0.,0.,1.));
#364 = ORIENTED_EDGE('',*,*,#365,.T.);
#365 = EDGE_CURVE('',#357,#366,#368,.T.);
#366 = VERTEX_POINT('',#367);
#367 = CARTESIAN_POINT('',(-1.2,0.72,1.56));
#368 = LINE('',#369,#370);
#369 = CARTESIAN_POINT('',(-1.2,-0.76,1.56));
#370 = VECTOR('',#371,1.);
#371 = DIRECTION('',(0.,1.,0.));
#372 = ORIENTED_EDGE('',*,*,#373,.F.);
#373 = EDGE_CURVE('',#374,#366,#376,.T.);
#374 = VERTEX_POINT('',#375);
#375 = CARTESIAN_POINT('',(-1.2,0.76,1.52));
#376 = CIRCLE('',#377,4.E-02);
#377 = AXIS2_PLACEMENT_3D('',#378,#379,#380);
#378 = CARTESIAN_POINT('',(-1.2,0.72,1.52));
#379 = DIRECTION('',(1.,0.,-0.));
#380 = DIRECTION('',(0.,0.,1.));
#381 = ORIENTED_EDGE('',*,*,#382,.F.);
#382 = EDGE_CURVE('',#383,#374,#385,.T.);
#383 = VERTEX_POINT('',#384);
#384 = CARTESIAN_POINT('',(-1.2,0.76,8.E-02));
#385 = LINE('',#386,#387);
#386 = CARTESIAN_POINT('',(-1.2,0.76,4.E-02));
#387 = VECTOR('',#388,1.);
#388 = DIRECTION('',(0.,0.,1.));
#389 = ORIENTED_EDGE('',*,*,#390,.T.);
#390 = EDGE_CURVE('',#383,#391,#393,.T.);
#391 = VERTEX_POINT('',#392);
#392 = CARTESIAN_POINT('',(-1.2,0.72,4.E-02));
#393 = CIRCLE('',#394,4.E-02);
#394 = AXIS2_PLACEMENT_3D('',#395,#396,#397);
#395 = CARTESIAN_POINT('',(-1.2,0.72,8.E-02));
#396 = DIRECTION('',(-1.,0.,0.));
#397 = DIRECTION('',(0.,0.,1.));
#398 = ORIENTED_EDGE('',*,*,#399,.F.);
#399 = EDGE_CURVE('',#340,#391,#400,.T.);
#400 = LINE('',#401,#402);
#401 = CARTESIAN_POINT('',(-1.2,-0.76,4.E-02));
#402 = VECTOR('',#403,1.);
#403 = DIRECTION('',(0.,1.,0.));
#404 = PLANE('',#405);
#405 = AXIS2_PLACEMENT_3D('',#406,#407,#408);
#406 = CARTESIAN_POINT('',(-1.2,-0.8,0.));
#407 = DIRECTION('',(1.,0.,-0.));
#408 = DIRECTION('',(0.,0.,1.));
#409 = ADVANCED_FACE('',(#410),#436,.T.);
#410 = FACE_BOUND('',#411,.T.);
#411 = EDGE_LOOP('',(#412,#413,#421,#430));
#412 = ORIENTED_EDGE('',*,*,#337,.T.);
#413 = ORIENTED_EDGE('',*,*,#414,.T.);
#414 = EDGE_CURVE('',#340,#415,#417,.T.);
#415 = VERTEX_POINT('',#416);
#416 = CARTESIAN_POINT('',(1.2,-0.72,4.E-02));
#417 = LINE('',#418,#419);
#418 = CARTESIAN_POINT('',(-1.2,-0.72,4.E-02));
#419 = VECTOR('',#420,1.);
#420 = DIRECTION('',(1.,0.,-0.));
#421 = ORIENTED_EDGE('',*,*,#422,.F.);
#422 = EDGE_CURVE('',#423,#415,#425,.T.);
#423 = VERTEX_POINT('',#424);
#424 = CARTESIAN_POINT('',(1.2,-0.76,8.E-02));
#425 = CIRCLE('',#426,4.E-02);
#426 = AXIS2_PLACEMENT_3D('',#427,#428,#429);
#427 = CARTESIAN_POINT('',(1.2,-0.72,8.E-02));
#428 = DIRECTION('',(1.,0.,-0.));
#429 = DIRECTION('',(0.,0.,1.));
#430 = ORIENTED_EDGE('',*,*,#431,.F.);
#431 = EDGE_CURVE('',#338,#423,#432,.T.);
#432 = LINE('',#433,#434);
#433 = CARTESIAN_POINT('',(-1.2,-0.76,8.E-02));
#434 = VECTOR('',#435,1.);
#435 = DIRECTION('',(1.,0.,-0.));
#436 = CYLINDRICAL_SURFACE('',#437,4.E-02);
#437 = AXIS2_PLACEMENT_3D('',#438,#439,#440);
#438 = CARTESIAN_POINT('',(-1.2,-0.72,8.E-02));
#439 = DIRECTION('',(1.,0.,-0.));
#440 = DIRECTION('',(0.,-1.,0.));
#441 = ADVANCED_FACE('',(#442),#460,.F.);
#442 = FACE_BOUND('',#443,.F.);
#443 = EDGE_LOOP('',(#444,#445,#446,#454));
#444 = ORIENTED_EDGE('',*,*,#399,.F.);
#445 = ORIENTED_EDGE('',*,*,#414,.T.);
#446 = ORIENTED_EDGE('',*,*,#447,.T.);
#447 = EDGE_CURVE('',#415,#448,#450,.T.);
#448 = VERTEX_POINT('',#449);
#449 = CARTESIAN_POINT('',(1.2,0.72,4.E-02));
#450 = LINE('',#451,#452);
#451 = CARTESIAN_POINT('',(1.2,-0.76,4.E-02));
#452 = VECTOR('',#453,1.);
#453 = DIRECTION('',(0.,1.,0.));
#454 = ORIENTED_EDGE('',*,*,#455,.F.);
#455 = EDGE_CURVE('',#391,#448,#456,.T.);
#456 = LINE('',#457,#458);
#457 = CARTESIAN_POINT('',(-1.2,0.72,4.E-02));
#458 = VECTOR('',#459,1.);
#459 = DIRECTION('',(1.,0.,-0.));
#460 = PLANE('',#461);
#461 = AXIS2_PLACEMENT_3D('',#462,#463,#464);
#462 = CARTESIAN_POINT('',(-1.2,-0.76,4.E-02));
#463 = DIRECTION('',(0.,0.,1.));
#464 = DIRECTION('',(1.,0.,-0.));
#465 = ADVANCED_FACE('',(#466),#485,.T.);
#466 = FACE_BOUND('',#467,.T.);
#467 = EDGE_LOOP('',(#468,#476,#483,#484));
#468 = ORIENTED_EDGE('',*,*,#469,.T.);
#469 = EDGE_CURVE('',#383,#470,#472,.T.);
#470 = VERTEX_POINT('',#471);
#471 = CARTESIAN_POINT('',(1.2,0.76,8.E-02));
#472 = LINE('',#473,#474);
#473 = CARTESIAN_POINT('',(-1.2,0.76,8.E-02));
#474 = VECTOR('',#475,1.);
#475 = DIRECTION('',(1.,0.,-0.));
#476 = ORIENTED_EDGE('',*,*,#477,.T.);
#477 = EDGE_CURVE('',#470,#448,#478,.T.);
#478 = CIRCLE('',#479,4.E-02);
#479 = AXIS2_PLACEMENT_3D('',#480,#481,#482);
#480 = CARTESIAN_POINT('',(1.2,0.72,8.E-02));
#481 = DIRECTION('',(-1.,0.,0.));
#482 = DIRECTION('',(0.,0.,1.));
#483 = ORIENTED_EDGE('',*,*,#455,.F.);
#484 = ORIENTED_EDGE('',*,*,#390,.F.);
#485 = CYLINDRICAL_SURFACE('',#486,4.E-02);
#486 = AXIS2_PLACEMENT_3D('',#487,#488,#489);
#487 = CARTESIAN_POINT('',(-1.2,0.72,8.E-02));
#488 = DIRECTION('',(1.,0.,-0.));
#489 = DIRECTION('',(0.,1.,0.));
#490 = ADVANCED_FACE('',(#491),#509,.T.);
#491 = FACE_BOUND('',#492,.T.);
#492 = EDGE_LOOP('',(#493,#501,#502,#503));
#493 = ORIENTED_EDGE('',*,*,#494,.F.);
#494 = EDGE_CURVE('',#470,#495,#497,.T.);
#495 = VERTEX_POINT('',#496);
#496 = CARTESIAN_POINT('',(1.2,0.76,1.52));
#497 = LINE('',#498,#499);
#498 = CARTESIAN_POINT('',(1.2,0.76,4.E-02));
#499 = VECTOR('',#500,1.);
#500 = DIRECTION('',(0.,0.,1.));
#501 = ORIENTED_EDGE('',*,*,#469,.F.);
#502 = ORIENTED_EDGE('',*,*,#382,.T.);
#503 = ORIENTED_EDGE('',*,*,#504,.T.);
#504 = EDGE_CURVE('',#374,#495,#505,.T.);
#505 = LINE('',#506,#507);
#506 = CARTESIAN_POINT('',(-1.2,0.76,1.52));
#507 = VECTOR('',#508,1.);
#508 = DIRECTION('',(1.,0.,-0.));
#509 = PLANE('',#510);
#510 = AXIS2_PLACEMENT_3D('',#511,#512,#513);
#511 = CARTESIAN_POINT('',(-1.2,0.76,4.E-02));
#512 = DIRECTION('',(0.,1.,0.));
#513 = DIRECTION('',(0.,-0.,1.));
#514 = ADVANCED_FACE('',(#515),#534,.T.);
#515 = FACE_BOUND('',#516,.T.);
#516 = EDGE_LOOP('',(#517,#518,#526,#533));
#517 = ORIENTED_EDGE('',*,*,#373,.T.);
#518 = ORIENTED_EDGE('',*,*,#519,.T.);
#519 = EDGE_CURVE('',#366,#520,#522,.T.);
#520 = VERTEX_POINT('',#521);
#521 = CARTESIAN_POINT('',(1.2,0.72,1.56));
#522 = LINE('',#523,#524);
#523 = CARTESIAN_POINT('',(-1.2,0.72,1.56));
#524 = VECTOR('',#525,1.);
#525 = DIRECTION('',(1.,0.,-0.));
#526 = ORIENTED_EDGE('',*,*,#527,.F.);
#527 = EDGE_CURVE('',#495,#520,#528,.T.);
#528 = CIRCLE('',#529,4.E-02);
#529 = AXIS2_PLACEMENT_3D('',#530,#531,#532);
#530 = CARTESIAN_POINT('',(1.2,0.72,1.52));
#531 = DIRECTION('',(1.,0.,-0.));
#532 = DIRECTION('',(0.,0.,1.));
#533 = ORIENTED_EDGE('',*,*,#504,.F.);
#534 = CYLINDRICAL_SURFACE('',#535,4.E-02);
#535 = AXIS2_PLACEMENT_3D('',#536,#537,#538);
#536 = CARTESIAN_POINT('',(-1.2,0.72,1.52));
#537 = DIRECTION('',(1.,0.,-0.));
#538 = DIRECTION('',(0.,1.,0.));
#539 = ADVANCED_FACE('',(#540),#558,.T.);
#540 = FACE_BOUND('',#541,.T.);
#541 = EDGE_LOOP('',(#542,#543,#551,#557));
#542 = ORIENTED_EDGE('',*,*,#365,.F.);
#543 = ORIENTED_EDGE('',*,*,#544,.T.);
#544 = EDGE_CURVE('',#357,#545,#547,.T.);
#545 = VERTEX_POINT('',#546);
#546 = CARTESIAN_POINT('',(1.2,-0.72,1.56));
#547 = LINE('',#548,#549);
#548 = CARTESIAN_POINT('',(-1.2,-0.72,1.56));
#549 = VECTOR('',#550,1.);
#550 = DIRECTION('',(1.,0.,-0.));
#551 = ORIENTED_EDGE('',*,*,#552,.T.);
#552 = EDGE_CURVE('',#545,#520,#553,.T.);
#553 = LINE('',#554,#555);
#554 = CARTESIAN_POINT('',(1.2,-0.76,1.56));
#555 = VECTOR('',#556,1.);
#556 = DIRECTION('',(0.,1.,0.));
#557 = ORIENTED_EDGE('',*,*,#519,.F.);
#558 = PLANE('',#559);
#559 = AXIS2_PLACEMENT_3D('',#560,#561,#562);
#560 = CARTESIAN_POINT('',(-1.2,-0.76,1.56));
#561 = DIRECTION('',(0.,0.,1.));
#562 = DIRECTION('',(1.,0.,-0.));
#563 = ADVANCED_FACE('',(#564),#583,.T.);
#564 = FACE_BOUND('',#565,.T.);
#565 = EDGE_LOOP('',(#566,#574,#581,#582));
#566 = ORIENTED_EDGE('',*,*,#567,.T.);
#567 = EDGE_CURVE('',#349,#568,#570,.T.);
#568 = VERTEX_POINT('',#569);
#569 = CARTESIAN_POINT('',(1.2,-0.76,1.52));
#570 = LINE('',#571,#572);
#571 = CARTESIAN_POINT('',(-1.2,-0.76,1.52));
#572 = VECTOR('',#573,1.);
#573 = DIRECTION('',(1.,0.,-0.));
#574 = ORIENTED_EDGE('',*,*,#575,.T.);
#575 = EDGE_CURVE('',#568,#545,#576,.T.);
#576 = CIRCLE('',#577,4.E-02);
#577 = AXIS2_PLACEMENT_3D('',#578,#579,#580);
#578 = CARTESIAN_POINT('',(1.2,-0.72,1.52));
#579 = DIRECTION('',(-1.,0.,0.));
#580 = DIRECTION('',(0.,0.,1.));
#581 = ORIENTED_EDGE('',*,*,#544,.F.);
#582 = ORIENTED_EDGE('',*,*,#356,.F.);
#583 = CYLINDRICAL_SURFACE('',#584,4.E-02);
#584 = AXIS2_PLACEMENT_3D('',#585,#586,#587);
#585 = CARTESIAN_POINT('',(-1.2,-0.72,1.52));
#586 = DIRECTION('',(1.,0.,-0.));
#587 = DIRECTION('',(0.,-1.,0.));
#588 = ADVANCED_FACE('',(#589),#600,.F.);
#589 = FACE_BOUND('',#590,.F.);
#590 = EDGE_LOOP('',(#591,#597,#598,#599));
#591 = ORIENTED_EDGE('',*,*,#592,.F.);
#592 = EDGE_CURVE('',#423,#568,#593,.T.);
#593 = LINE('',#594,#595);
#594 = CARTESIAN_POINT('',(1.2,-0.76,4.E-02));
#595 = VECTOR('',#596,1.);
#596 = DIRECTION('',(0.,0.,1.));
#597 = ORIENTED_EDGE('',*,*,#431,.F.);
#598 = ORIENTED_EDGE('',*,*,#348,.T.);
#599 = ORIENTED_EDGE('',*,*,#567,.T.);
#600 = PLANE('',#601);
#601 = AXIS2_PLACEMENT_3D('',#602,#603,#604);
#602 = CARTESIAN_POINT('',(-1.2,-0.76,4.E-02));
#603 = DIRECTION('',(0.,1.,0.));
#604 = DIRECTION('',(0.,-0.,1.));
#605 = ADVANCED_FACE('',(#606,#676),#686,.F.);
#606 = FACE_BOUND('',#607,.F.);
#607 = EDGE_LOOP('',(#608,#618,#627,#635,#644,#652,#661,#669));
#608 = ORIENTED_EDGE('',*,*,#609,.F.);
#609 = EDGE_CURVE('',#610,#612,#614,.T.);
#610 = VERTEX_POINT('',#611);
#611 = CARTESIAN_POINT('',(1.2,-0.8,4.E-02));
#612 = VERTEX_POINT('',#613);
#613 = CARTESIAN_POINT('',(1.2,-0.8,1.56));
#614 = LINE('',#615,#616);
#615 = CARTESIAN_POINT('',(1.2,-0.8,0.));
#616 = VECTOR('',#617,1.);
#617 = DIRECTION('',(0.,0.,1.));
#618 = ORIENTED_EDGE('',*,*,#619,.T.);
#619 = EDGE_CURVE('',#610,#620,#622,.T.);
#620 = VERTEX_POINT('',#621);
#621 = CARTESIAN_POINT('',(1.2,-0.76,0.));
#622 = CIRCLE('',#623,4.E-02);
#623 = AXIS2_PLACEMENT_3D('',#624,#625,#626);
#624 = CARTESIAN_POINT('',(1.2,-0.76,4.E-02));
#625 = DIRECTION('',(1.,0.,-0.));
#626 = DIRECTION('',(0.,0.,1.));
#627 = ORIENTED_EDGE('',*,*,#628,.T.);
#628 = EDGE_CURVE('',#620,#629,#631,.T.);
#629 = VERTEX_POINT('',#630);
#630 = CARTESIAN_POINT('',(1.2,0.76,0.));
#631 = LINE('',#632,#633);
#632 = CARTESIAN_POINT('',(1.2,-0.8,0.));
#633 = VECTOR('',#634,1.);
#634 = DIRECTION('',(0.,1.,0.));
#635 = ORIENTED_EDGE('',*,*,#636,.F.);
#636 = EDGE_CURVE('',#637,#629,#639,.T.);
#637 = VERTEX_POINT('',#638);
#638 = CARTESIAN_POINT('',(1.2,0.8,4.E-02));
#639 = CIRCLE('',#640,4.E-02);
#640 = AXIS2_PLACEMENT_3D('',#641,#642,#643);
#641 = CARTESIAN_POINT('',(1.2,0.76,4.E-02));
#642 = DIRECTION('',(-1.,0.,0.));
#643 = DIRECTION('',(0.,0.,1.));
#644 = ORIENTED_EDGE('',*,*,#645,.T.);
#645 = EDGE_CURVE('',#637,#646,#648,.T.);
#646 = VERTEX_POINT('',#647);
#647 = CARTESIAN_POINT('',(1.2,0.8,1.56));
#648 = LINE('',#649,#650);
#649 = CARTESIAN_POINT('',(1.2,0.8,0.));
#650 = VECTOR('',#651,1.);
#651 = DIRECTION('',(0.,0.,1.));
#652 = ORIENTED_EDGE('',*,*,#653,.T.);
#653 = EDGE_CURVE('',#646,#654,#656,.T.);
#654 = VERTEX_POINT('',#655);
#655 = CARTESIAN_POINT('',(1.2,0.76,1.6));
#656 = CIRCLE('',#657,4.E-02);
#657 = AXIS2_PLACEMENT_3D('',#658,#659,#660);
#658 = CARTESIAN_POINT('',(1.2,0.76,1.56));
#659 = DIRECTION('',(1.,0.,-0.));
#660 = DIRECTION('',(0.,0.,1.));
#661 = ORIENTED_EDGE('',*,*,#662,.F.);
#662 = EDGE_CURVE('',#663,#654,#665,.T.);
#663 = VERTEX_POINT('',#664);
#664 = CARTESIAN_POINT('',(1.2,-0.76,1.6));
#665 = LINE('',#666,#667);
#666 = CARTESIAN_POINT('',(1.2,-0.8,1.6));
#667 = VECTOR('',#668,1.);
#668 = DIRECTION('',(0.,1.,0.));
#669 = ORIENTED_EDGE('',*,*,#670,.F.);
#670 = EDGE_CURVE('',#612,#663,#671,.T.);
#671 = CIRCLE('',#672,4.E-02);
#672 = AXIS2_PLACEMENT_3D('',#673,#674,#675);
#673 = CARTESIAN_POINT('',(1.2,-0.76,1.56));
#674 = DIRECTION('',(-1.,0.,0.));
#675 = DIRECTION('',(0.,0.,1.));
#676 = FACE_BOUND('',#677,.F.);
#677 = EDGE_LOOP('',(#678,#679,#680,#681,#682,#683,#684,#685));
#678 = ORIENTED_EDGE('',*,*,#422,.F.);
#679 = ORIENTED_EDGE('',*,*,#592,.T.);
#680 = ORIENTED_EDGE('',*,*,#575,.T.);
#681 = ORIENTED_EDGE('',*,*,#552,.T.);
#682 = ORIENTED_EDGE('',*,*,#527,.F.);
#683 = ORIENTED_EDGE('',*,*,#494,.F.);
#684 = ORIENTED_EDGE('',*,*,#477,.T.);
#685 = ORIENTED_EDGE('',*,*,#447,.F.);
#686 = PLANE('',#687);
#687 = AXIS2_PLACEMENT_3D('',#688,#689,#690);
#688 = CARTESIAN_POINT('',(1.2,-0.8,0.));
#689 = DIRECTION('',(1.,0.,-0.));
#690 = DIRECTION('',(0.,0.,1.));
#691 = ADVANCED_FACE('',(#692),#717,.F.);
#692 = FACE_BOUND('',#693,.F.);
#693 = EDGE_LOOP('',(#694,#704,#710,#711));
#694 = ORIENTED_EDGE('',*,*,#695,.F.);
#695 = EDGE_CURVE('',#696,#698,#700,.T.);
#696 = VERTEX_POINT('',#697);
#697 = CARTESIAN_POINT('',(1.6,-0.8,4.E-02));
#698 = VERTEX_POINT('',#699);
#699 = CARTESIAN_POINT('',(1.6,-0.8,1.56));
#700 = LINE('',#701,#702);
#701 = CARTESIAN_POINT('',(1.6,-0.8,0.));
#702 = VECTOR('',#703,1.);
#703 = DIRECTION('',(0.,0.,1.));
#704 = ORIENTED_EDGE('',*,*,#705,.F.);
#705 = EDGE_CURVE('',#610,#696,#706,.T.);
#706 = LINE('',#707,#708);
#707 = CARTESIAN_POINT('',(1.2,-0.8,4.E-02));
#708 = VECTOR('',#709,1.);
#709 = DIRECTION('',(1.,0.,-0.));
#710 = ORIENTED_EDGE('',*,*,#609,.T.);
#711 = ORIENTED_EDGE('',*,*,#712,.T.);
#712 = EDGE_CURVE('',#612,#698,#713,.T.);
#713 = LINE('',#714,#715);
#714 = CARTESIAN_POINT('',(1.2,-0.8,1.56));
#715 = VECTOR('',#716,1.);
#716 = DIRECTION('',(1.,0.,-0.));
#717 = PLANE('',#718);
#718 = AXIS2_PLACEMENT_3D('',#719,#720,#721);
#719 = CARTESIAN_POINT('',(1.2,-0.8,0.));
#720 = DIRECTION('',(0.,1.,0.));
#721 = DIRECTION('',(0.,-0.,1.));
#722 = ADVANCED_FACE('',(#723),#742,.T.);
#723 = FACE_BOUND('',#724,.T.);
#724 = EDGE_LOOP('',(#725,#726,#734,#741));
#725 = ORIENTED_EDGE('',*,*,#619,.T.);
#726 = ORIENTED_EDGE('',*,*,#727,.T.);
#727 = EDGE_CURVE('',#620,#728,#730,.T.);
#728 = VERTEX_POINT('',#729);
#729 = CARTESIAN_POINT('',(1.6,-0.76,0.));
#730 = LINE('',#731,#732);
#731 = CARTESIAN_POINT('',(1.2,-0.76,0.));
#732 = VECTOR('',#733,1.);
#733 = DIRECTION('',(1.,0.,-0.));
#734 = ORIENTED_EDGE('',*,*,#735,.F.);
#735 = EDGE_CURVE('',#696,#728,#736,.T.);
#736 = CIRCLE('',#737,4.E-02);
#737 = AXIS2_PLACEMENT_3D('',#738,#739,#740);
#738 = CARTESIAN_POINT('',(1.6,-0.76,4.E-02));
#739 = DIRECTION('',(1.,0.,-0.));
#740 = DIRECTION('',(0.,0.,1.));
#741 = ORIENTED_EDGE('',*,*,#705,.F.);
#742 = CYLINDRICAL_SURFACE('',#743,4.E-02);
#743 = AXIS2_PLACEMENT_3D('',#744,#745,#746);
#744 = CARTESIAN_POINT('',(1.2,-0.76,4.E-02));
#745 = DIRECTION('',(1.,0.,-0.));
#746 = DIRECTION('',(0.,-1.,0.));
#747 = ADVANCED_FACE('',(#748),#767,.T.);
#748 = FACE_BOUND('',#749,.T.);
#749 = EDGE_LOOP('',(#750,#751,#760,#766));
#750 = ORIENTED_EDGE('',*,*,#712,.T.);
#751 = ORIENTED_EDGE('',*,*,#752,.T.);
#752 = EDGE_CURVE('',#698,#753,#755,.T.);
#753 = VERTEX_POINT('',#754);
#754 = CARTESIAN_POINT('',(1.6,-0.76,1.6));
#755 = CIRCLE('',#756,4.E-02);
#756 = AXIS2_PLACEMENT_3D('',#757,#758,#759);
#757 = CARTESIAN_POINT('',(1.6,-0.76,1.56));
#758 = DIRECTION('',(-1.,0.,0.));
#759 = DIRECTION('',(0.,0.,1.));
#760 = ORIENTED_EDGE('',*,*,#761,.F.);
#761 = EDGE_CURVE('',#663,#753,#762,.T.);
#762 = LINE('',#763,#764);
#763 = CARTESIAN_POINT('',(1.2,-0.76,1.6));
#764 = VECTOR('',#765,1.);
#765 = DIRECTION('',(1.,0.,-0.));
#766 = ORIENTED_EDGE('',*,*,#670,.F.);
#767 = CYLINDRICAL_SURFACE('',#768,4.E-02);
#768 = AXIS2_PLACEMENT_3D('',#769,#770,#771);
#769 = CARTESIAN_POINT('',(1.2,-0.76,1.56));
#770 = DIRECTION('',(1.,0.,-0.));
#771 = DIRECTION('',(0.,-1.,0.));
#772 = ADVANCED_FACE('',(#773),#791,.F.);
#773 = FACE_BOUND('',#774,.F.);
#774 = EDGE_LOOP('',(#775,#776,#777,#785));
#775 = ORIENTED_EDGE('',*,*,#628,.F.);
#776 = ORIENTED_EDGE('',*,*,#727,.T.);
#777 = ORIENTED_EDGE('',*,*,#778,.T.);
#778 = EDGE_CURVE('',#728,#779,#781,.T.);
#779 = VERTEX_POINT('',#780);
#780 = CARTESIAN_POINT('',(1.6,0.76,0.));
#781 = LINE('',#782,#783);
#782 = CARTESIAN_POINT('',(1.6,-0.8,0.));
#783 = VECTOR('',#784,1.);
#784 = DIRECTION('',(0.,1.,0.));
#785 = ORIENTED_EDGE('',*,*,#786,.F.);
#786 = EDGE_CURVE('',#629,#779,#787,.T.);
#787 = LINE('',#788,#789);
#788 = CARTESIAN_POINT('',(1.2,0.76,0.));
#789 = VECTOR('',#790,1.);
#790 = DIRECTION('',(1.,0.,-0.));
#791 = PLANE('',#792);
#792 = AXIS2_PLACEMENT_3D('',#793,#794,#795);
#793 = CARTESIAN_POINT('',(1.2,-0.8,0.));
#794 = DIRECTION('',(0.,0.,1.));
#795 = DIRECTION('',(1.,0.,-0.));
#796 = ADVANCED_FACE('',(#797),#815,.T.);
#797 = FACE_BOUND('',#798,.T.);
#798 = EDGE_LOOP('',(#799,#800,#801,#809));
#799 = ORIENTED_EDGE('',*,*,#662,.F.);
#800 = ORIENTED_EDGE('',*,*,#761,.T.);
#801 = ORIENTED_EDGE('',*,*,#802,.T.);
#802 = EDGE_CURVE('',#753,#803,#805,.T.);
#803 = VERTEX_POINT('',#804);
#804 = CARTESIAN_POINT('',(1.6,0.76,1.6));
#805 = LINE('',#806,#807);
#806 = CARTESIAN_POINT('',(1.6,-0.8,1.6));
#807 = VECTOR('',#808,1.);
#808 = DIRECTION('',(0.,1.,0.));
#809 = ORIENTED_EDGE('',*,*,#810,.F.);
#810 = EDGE_CURVE('',#654,#803,#811,.T.);
#811 = LINE('',#812,#813);
#812 = CARTESIAN_POINT('',(1.2,0.76,1.6));
#813 = VECTOR('',#814,1.);
#814 = DIRECTION('',(1.,0.,-0.));
#815 = PLANE('',#816);
#816 = AXIS2_PLACEMENT_3D('',#817,#818,#819);
#817 = CARTESIAN_POINT('',(1.2,-0.8,1.6));
#818 = DIRECTION('',(0.,0.,1.));
#819 = DIRECTION('',(1.,0.,-0.));
#820 = ADVANCED_FACE('',(#821),#840,.T.);
#821 = FACE_BOUND('',#822,.T.);
#822 = EDGE_LOOP('',(#823,#831,#838,#839));
#823 = ORIENTED_EDGE('',*,*,#824,.T.);
#824 = EDGE_CURVE('',#637,#825,#827,.T.);
#825 = VERTEX_POINT('',#826);
#826 = CARTESIAN_POINT('',(1.6,0.8,4.E-02));
#827 = LINE('',#828,#829);
#828 = CARTESIAN_POINT('',(1.2,0.8,4.E-02));
#829 = VECTOR('',#830,1.);
#830 = DIRECTION('',(1.,0.,-0.));
#831 = ORIENTED_EDGE('',*,*,#832,.T.);
#832 = EDGE_CURVE('',#825,#779,#833,.T.);
#833 = CIRCLE('',#834,4.E-02);
#834 = AXIS2_PLACEMENT_3D('',#835,#836,#837);
#835 = CARTESIAN_POINT('',(1.6,0.76,4.E-02));
#836 = DIRECTION('',(-1.,0.,0.));
#837 = DIRECTION('',(0.,0.,1.));
#838 = ORIENTED_EDGE('',*,*,#786,.F.);
#839 = ORIENTED_EDGE('',*,*,#636,.F.);
#840 = CYLINDRICAL_SURFACE('',#841,4.E-02);
#841 = AXIS2_PLACEMENT_3D('',#842,#843,#844);
#842 = CARTESIAN_POINT('',(1.2,0.76,4.E-02));
#843 = DIRECTION('',(1.,0.,-0.));
#844 = DIRECTION('',(0.,1.,0.));
#845 = ADVANCED_FACE('',(#846),#865,.T.);
#846 = FACE_BOUND('',#847,.T.);
#847 = EDGE_LOOP('',(#848,#849,#850,#859));
#848 = ORIENTED_EDGE('',*,*,#653,.T.);
#849 = ORIENTED_EDGE('',*,*,#810,.T.);
#850 = ORIENTED_EDGE('',*,*,#851,.F.);
#851 = EDGE_CURVE('',#852,#803,#854,.T.);
#852 = VERTEX_POINT('',#853);
#853 = CARTESIAN_POINT('',(1.6,0.8,1.56));
#854 = CIRCLE('',#855,4.E-02);
#855 = AXIS2_PLACEMENT_3D('',#856,#857,#858);
#856 = CARTESIAN_POINT('',(1.6,0.76,1.56));
#857 = DIRECTION('',(1.,0.,-0.));
#858 = DIRECTION('',(0.,0.,1.));
#859 = ORIENTED_EDGE('',*,*,#860,.F.);
#860 = EDGE_CURVE('',#646,#852,#861,.T.);
#861 = LINE('',#862,#863);
#862 = CARTESIAN_POINT('',(1.2,0.8,1.56));
#863 = VECTOR('',#864,1.);
#864 = DIRECTION('',(1.,0.,-0.));
#865 = CYLINDRICAL_SURFACE('',#866,4.E-02);
#866 = AXIS2_PLACEMENT_3D('',#867,#868,#869);
#867 = CARTESIAN_POINT('',(1.2,0.76,1.56));
#868 = DIRECTION('',(1.,0.,-0.));
#869 = DIRECTION('',(0.,1.,0.));
#870 = ADVANCED_FACE('',(#871),#882,.T.);
#871 = FACE_BOUND('',#872,.T.);
#872 = EDGE_LOOP('',(#873,#879,#880,#881));
#873 = ORIENTED_EDGE('',*,*,#874,.F.);
#874 = EDGE_CURVE('',#825,#852,#875,.T.);
#875 = LINE('',#876,#877);
#876 = CARTESIAN_POINT('',(1.6,0.8,0.));
#877 = VECTOR('',#878,1.);
#878 = DIRECTION('',(0.,0.,1.));
#879 = ORIENTED_EDGE('',*,*,#824,.F.);
#880 = ORIENTED_EDGE('',*,*,#645,.T.);
#881 = ORIENTED_EDGE('',*,*,#860,.T.);
#882 = PLANE('',#883);
#883 = AXIS2_PLACEMENT_3D('',#884,#885,#886);
#884 = CARTESIAN_POINT('',(1.2,0.8,0.));
#885 = DIRECTION('',(0.,1.,0.));
#886 = DIRECTION('',(0.,-0.,1.));
#887 = ADVANCED_FACE('',(#888),#898,.T.);
#888 = FACE_BOUND('',#889,.T.);
#889 = EDGE_LOOP('',(#890,#891,#892,#893,#894,#895,#896,#897));
#890 = ORIENTED_EDGE('',*,*,#695,.F.);
#891 = ORIENTED_EDGE('',*,*,#735,.T.);
#892 = ORIENTED_EDGE('',*,*,#778,.T.);
#893 = ORIENTED_EDGE('',*,*,#832,.F.);
#894 = ORIENTED_EDGE('',*,*,#874,.T.);
#895 = ORIENTED_EDGE('',*,*,#851,.T.);
#896 = ORIENTED_EDGE('',*,*,#802,.F.);
#897 = ORIENTED_EDGE('',*,*,#752,.F.);
#898 = PLANE('',#899);
#899 = AXIS2_PLACEMENT_3D('',#900,#901,#902);
#900 = CARTESIAN_POINT('',(1.6,-0.8,0.));
#901 = DIRECTION('',(1.,0.,-0.));
#902 = DIRECTION('',(0.,0.,1.));
#903 = ( GEOMETRIC_REPRESENTATION_CONTEXT(3) 
GLOBAL_UNCERTAINTY_ASSIGNED_CONTEXT((#907)) GLOBAL_UNIT_ASSIGNED_CONTEXT
((#904,#905,#906)) REPRESENTATION_CONTEXT('Context #1',
  '3D Context with UNIT and UNCERTAINTY') );
#904 = ( LENGTH_UNIT() NAMED_UNIT(*) SI_UNIT(.MILLI.,.METRE.) );
#905 = ( NAMED_UNIT(*) PLANE_ANGLE_UNIT() SI_UNIT($,.RADIAN.) );
#906 = ( NAMED_UNIT(*) SI_UNIT($,.STERADIAN.) SOLID_ANGLE_UNIT() );
#907 = UNCERTAINTY_MEASURE_WITH_UNIT(LENGTH_MEASURE(1.E-07),#904,
  'distance_accuracy_value','confusion accuracy');
#908 = CONTEXT_DEPENDENT_SHAPE_REPRESENTATION(#909,#911);
#909 = ( REPRESENTATION_RELATIONSHIP('','',#48,#10) 
REPRESENTATION_RELATIONSHIP_WITH_TRANSFORMATION(#910) 
SHAPE_REPRESENTATION_RELATIONSHIP() );
#910 = ITEM_DEFINED_TRANSFORMATION('','',#11,#15);
#911 = PRODUCT_DEFINITION_SHAPE('Placement','Placement of an item',#912
  );
#912 = NEXT_ASSEMBLY_USAGE_OCCURRENCE('1','C1','',#5,#43,$);
#913 = PRODUCT_RELATED_PRODUCT_CATEGORY('part',$,(#45));
#914 = SHAPE_DEFINITION_REPRESENTATION(#915,#921);
#915 = PRODUCT_DEFINITION_SHAPE('','',#916);
#916 = PRODUCT_DEFINITION('design','',#917,#920);
#917 = PRODUCT_DEFINITION_FORMATION('','',#918);
#918 = PRODUCT('MICROFC-60035-SMT-TR1','MICROFC-60035-SMT-TR1','',(#919)
  );
#919 = PRODUCT_CONTEXT('',#2,'mechanical');
#920 = PRODUCT_DEFINITION_CONTEXT('part definition',#2,'design');
#921 = SHAPE_REPRESENTATION('',(#11,#922),#926);
#922 = AXIS2_PLACEMENT_3D('',#923,#924,#925);
#923 = CARTESIAN_POINT('',(0.,2.E-02,-4.440892098501E-18));
#924 = DIRECTION('',(0.,0.,-1.));
#925 = DIRECTION('',(-1.,0.,0.));
#926 = ( GEOMETRIC_REPRESENTATION_CONTEXT(3) 
GLOBAL_UNCERTAINTY_ASSIGNED_CONTEXT((#930)) GLOBAL_UNIT_ASSIGNED_CONTEXT
((#927,#928,#929)) REPRESENTATION_CONTEXT('Context #1',
  '3D Context with UNIT and UNCERTAINTY') );
#927 = ( LENGTH_UNIT() NAMED_UNIT(*) SI_UNIT(.MILLI.,.METRE.) );
#928 = ( NAMED_UNIT(*) PLANE_ANGLE_UNIT() SI_UNIT($,.RADIAN.) );
#929 = ( NAMED_UNIT(*) SI_UNIT($,.STERADIAN.) SOLID_ANGLE_UNIT() );
#930 = UNCERTAINTY_MEASURE_WITH_UNIT(LENGTH_MEASURE(1.E-07),#927,
  'distance_accuracy_value','confusion accuracy');
#931 = CONTEXT_DEPENDENT_SHAPE_REPRESENTATION(#932,#934);
#932 = ( REPRESENTATION_RELATIONSHIP('','',#921,#10) 
REPRESENTATION_RELATIONSHIP_WITH_TRANSFORMATION(#933) 
SHAPE_REPRESENTATION_RELATIONSHIP() );
#933 = ITEM_DEFINED_TRANSFORMATION('','',#11,#19);
#934 = PRODUCT_DEFINITION_SHAPE('Placement','Placement of an item',#935
  );
#935 = NEXT_ASSEMBLY_USAGE_OCCURRENCE('3','U1','',#5,#916,$);
#936 = PRODUCT_RELATED_PRODUCT_CATEGORY('part',$,(#918));
#937 = SHAPE_DEFINITION_REPRESENTATION(#938,#944);
#938 = PRODUCT_DEFINITION_SHAPE('','',#939);
#939 = PRODUCT_DEFINITION('design','',#940,#943);
#940 = PRODUCT_DEFINITION_FORMATION('','',#941);
#941 = PRODUCT('512AG_512AG','512AG_512AG','',(#942));
#942 = PRODUCT_CONTEXT('',#2,'mechanical');
#943 = PRODUCT_DEFINITION_CONTEXT('part definition',#2,'design');
#944 = SHAPE_REPRESENTATION('',(#11,#945,#1095,#1245,#1395,#1809,#2933,
    #3083,#3777,#3929,#4081,#4268,#4420,#4792),#4880);
#945 = MANIFOLD_SOLID_BREP('',#946);
#946 = CLOSED_SHELL('',(#947,#987,#1027,#1049,#1066,#1083));
#947 = ADVANCED_FACE('',(#948),#982,.F.);
#948 = FACE_BOUND('',#949,.T.);
#949 = EDGE_LOOP('',(#950,#960,#968,#976));
#950 = ORIENTED_EDGE('',*,*,#951,.F.);
#951 = EDGE_CURVE('',#952,#954,#956,.T.);
#952 = VERTEX_POINT('',#953);
#953 = CARTESIAN_POINT('',(-2.95,0.58,2.95));
#954 = VERTEX_POINT('',#955);
#955 = CARTESIAN_POINT('',(-2.85,0.58,2.95));
#956 = LINE('',#957,#958);
#957 = CARTESIAN_POINT('',(-2.95,0.58,2.95));
#958 = VECTOR('',#959,1.);
#959 = DIRECTION('',(1.,0.,0.));
#960 = ORIENTED_EDGE('',*,*,#961,.F.);
#961 = EDGE_CURVE('',#962,#952,#964,.T.);
#962 = VERTEX_POINT('',#963);
#963 = CARTESIAN_POINT('',(-2.95,0.58,2.85));
#964 = LINE('',#965,#966);
#965 = CARTESIAN_POINT('',(-2.95,0.58,2.85));
#966 = VECTOR('',#967,1.);
#967 = DIRECTION('',(0.,1.110223024625E-15,1.));
#968 = ORIENTED_EDGE('',*,*,#969,.F.);
#969 = EDGE_CURVE('',#970,#962,#972,.T.);
#970 = VERTEX_POINT('',#971);
#971 = CARTESIAN_POINT('',(-2.85,0.58,2.85));
#972 = LINE('',#973,#974);
#973 = CARTESIAN_POINT('',(-2.85,0.58,2.85));
#974 = VECTOR('',#975,1.);
#975 = DIRECTION('',(-1.,0.,0.));
#976 = ORIENTED_EDGE('',*,*,#977,.F.);
#977 = EDGE_CURVE('',#954,#970,#978,.T.);
#978 = LINE('',#979,#980);
#979 = CARTESIAN_POINT('',(-2.85,0.58,2.95));
#980 = VECTOR('',#981,1.);
#981 = DIRECTION('',(0.,-1.110223024625E-15,-1.));
#982 = PLANE('',#983);
#983 = AXIS2_PLACEMENT_3D('',#984,#985,#986);
#984 = CARTESIAN_POINT('',(0.,0.58,6.439293542826E-16));
#985 = DIRECTION('',(-0.,1.,1.110223024625E-15));
#986 = DIRECTION('',(1.,0.,0.));
#987 = ADVANCED_FACE('',(#988),#1022,.T.);
#988 = FACE_BOUND('',#989,.T.);
#989 = EDGE_LOOP('',(#990,#1000,#1008,#1016));
#990 = ORIENTED_EDGE('',*,*,#991,.T.);
#991 = EDGE_CURVE('',#992,#994,#996,.T.);
#992 = VERTEX_POINT('',#993);
#993 = CARTESIAN_POINT('',(-2.95,0.68,2.95));
#994 = VERTEX_POINT('',#995);
#995 = CARTESIAN_POINT('',(-2.85,0.68,2.95));
#996 = LINE('',#997,#998);
#997 = CARTESIAN_POINT('',(-2.95,0.68,2.95));
#998 = VECTOR('',#999,1.);
#999 = DIRECTION('',(1.,0.,0.));
#1000 = ORIENTED_EDGE('',*,*,#1001,.T.);
#1001 = EDGE_CURVE('',#994,#1002,#1004,.T.);
#1002 = VERTEX_POINT('',#1003);
#1003 = CARTESIAN_POINT('',(-2.85,0.68,2.85));
#1004 = LINE('',#1005,#1006);
#1005 = CARTESIAN_POINT('',(-2.85,0.68,2.95));
#1006 = VECTOR('',#1007,1.);
#1007 = DIRECTION('',(0.,-1.110223024625E-15,-1.));
#1008 = ORIENTED_EDGE('',*,*,#1009,.T.);
#1009 = EDGE_CURVE('',#1002,#1010,#1012,.T.);
#1010 = VERTEX_POINT('',#1011);
#1011 = CARTESIAN_POINT('',(-2.95,0.68,2.85));
#1012 = LINE('',#1013,#1014);
#1013 = CARTESIAN_POINT('',(-2.85,0.68,2.85));
#1014 = VECTOR('',#1015,1.);
#1015 = DIRECTION('',(-1.,0.,0.));
#1016 = ORIENTED_EDGE('',*,*,#1017,.T.);
#1017 = EDGE_CURVE('',#1010,#992,#1018,.T.);
#1018 = LINE('',#1019,#1020);
#1019 = CARTESIAN_POINT('',(-2.95,0.68,2.85));
#1020 = VECTOR('',#1021,1.);
#1021 = DIRECTION('',(0.,1.110223024625E-15,1.));
#1022 = PLANE('',#1023);
#1023 = AXIS2_PLACEMENT_3D('',#1024,#1025,#1026);
#1024 = CARTESIAN_POINT('',(0.,0.68,7.549516567451E-16));
#1025 = DIRECTION('',(-0.,1.,1.110223024625E-15));
#1026 = DIRECTION('',(1.,0.,0.));
#1027 = ADVANCED_FACE('',(#1028),#1044,.F.);
#1028 = FACE_BOUND('',#1029,.T.);
#1029 = EDGE_LOOP('',(#1030,#1031,#1037,#1038));
#1030 = ORIENTED_EDGE('',*,*,#961,.T.);
#1031 = ORIENTED_EDGE('',*,*,#1032,.F.);
#1032 = EDGE_CURVE('',#992,#952,#1033,.T.);
#1033 = LINE('',#1034,#1035);
#1034 = CARTESIAN_POINT('',(-2.95,0.68,2.95));
#1035 = VECTOR('',#1036,1.);
#1036 = DIRECTION('',(0.,-1.,-1.110223024625E-15));
#1037 = ORIENTED_EDGE('',*,*,#1017,.F.);
#1038 = ORIENTED_EDGE('',*,*,#1039,.T.);
#1039 = EDGE_CURVE('',#1010,#962,#1040,.T.);
#1040 = LINE('',#1041,#1042);
#1041 = CARTESIAN_POINT('',(-2.95,0.68,2.85));
#1042 = VECTOR('',#1043,1.);
#1043 = DIRECTION('',(0.,-1.,-1.110223024625E-15));
#1044 = PLANE('',#1045);
#1045 = AXIS2_PLACEMENT_3D('',#1046,#1047,#1048);
#1046 = CARTESIAN_POINT('',(-2.95,0.68,2.85));
#1047 = DIRECTION('',(1.,0.,-0.));
#1048 = DIRECTION('',(0.,1.,1.110223024625E-15));
#1049 = ADVANCED_FACE('',(#1050),#1061,.F.);
#1050 = FACE_BOUND('',#1051,.T.);
#1051 = EDGE_LOOP('',(#1052,#1053,#1054,#1055));
#1052 = ORIENTED_EDGE('',*,*,#969,.T.);
#1053 = ORIENTED_EDGE('',*,*,#1039,.F.);
#1054 = ORIENTED_EDGE('',*,*,#1009,.F.);
#1055 = ORIENTED_EDGE('',*,*,#1056,.T.);
#1056 = EDGE_CURVE('',#1002,#970,#1057,.T.);
#1057 = LINE('',#1058,#1059);
#1058 = CARTESIAN_POINT('',(-2.85,0.68,2.85));
#1059 = VECTOR('',#1060,1.);
#1060 = DIRECTION('',(0.,-1.,-1.110223024625E-15));
#1061 = PLANE('',#1062);
#1062 = AXIS2_PLACEMENT_3D('',#1063,#1064,#1065);
#1063 = CARTESIAN_POINT('',(-2.85,0.68,2.85));
#1064 = DIRECTION('',(-0.,1.110223024625E-15,1.));
#1065 = DIRECTION('',(1.,0.,0.));
#1066 = ADVANCED_FACE('',(#1067),#1078,.F.);
#1067 = FACE_BOUND('',#1068,.T.);
#1068 = EDGE_LOOP('',(#1069,#1070,#1071,#1072));
#1069 = ORIENTED_EDGE('',*,*,#977,.T.);
#1070 = ORIENTED_EDGE('',*,*,#1056,.F.);
#1071 = ORIENTED_EDGE('',*,*,#1001,.F.);
#1072 = ORIENTED_EDGE('',*,*,#1073,.T.);
#1073 = EDGE_CURVE('',#994,#954,#1074,.T.);
#1074 = LINE('',#1075,#1076);
#1075 = CARTESIAN_POINT('',(-2.85,0.68,2.95));
#1076 = VECTOR('',#1077,1.);
#1077 = DIRECTION('',(0.,-1.,-1.110223024625E-15));
#1078 = PLANE('',#1079);
#1079 = AXIS2_PLACEMENT_3D('',#1080,#1081,#1082);
#1080 = CARTESIAN_POINT('',(-2.85,0.68,2.95));
#1081 = DIRECTION('',(-1.,0.,0.));
#1082 = DIRECTION('',(0.,1.110223024625E-15,1.));
#1083 = ADVANCED_FACE('',(#1084),#1090,.F.);
#1084 = FACE_BOUND('',#1085,.T.);
#1085 = EDGE_LOOP('',(#1086,#1087,#1088,#1089));
#1086 = ORIENTED_EDGE('',*,*,#951,.T.);
#1087 = ORIENTED_EDGE('',*,*,#1073,.F.);
#1088 = ORIENTED_EDGE('',*,*,#991,.F.);
#1089 = ORIENTED_EDGE('',*,*,#1032,.T.);
#1090 = PLANE('',#1091);
#1091 = AXIS2_PLACEMENT_3D('',#1092,#1093,#1094);
#1092 = CARTESIAN_POINT('',(-2.95,0.68,2.95));
#1093 = DIRECTION('',(0.,1.110223024625E-15,-1.));
#1094 = DIRECTION('',(0.,-1.,-1.110223024625E-15));
#1095 = MANIFOLD_SOLID_BREP('',#1096);
#1096 = CLOSED_SHELL('',(#1097,#1137,#1177,#1199,#1216,#1233));
#1097 = ADVANCED_FACE('',(#1098),#1132,.F.);
#1098 = FACE_BOUND('',#1099,.T.);
#1099 = EDGE_LOOP('',(#1100,#1110,#1118,#1126));
#1100 = ORIENTED_EDGE('',*,*,#1101,.F.);
#1101 = EDGE_CURVE('',#1102,#1104,#1106,.T.);
#1102 = VERTEX_POINT('',#1103);
#1103 = CARTESIAN_POINT('',(-2.95,0.58,-2.95));
#1104 = VERTEX_POINT('',#1105);
#1105 = CARTESIAN_POINT('',(-2.95,0.58,-2.85));
#1106 = LINE('',#1107,#1108);
#1107 = CARTESIAN_POINT('',(-2.95,0.58,-2.95));
#1108 = VECTOR('',#1109,1.);
#1109 = DIRECTION('',(3.469446951954E-14,1.110223024625E-15,1.));
#1110 = ORIENTED_EDGE('',*,*,#1111,.F.);
#1111 = EDGE_CURVE('',#1112,#1102,#1114,.T.);
#1112 = VERTEX_POINT('',#1113);
#1113 = CARTESIAN_POINT('',(-2.85,0.58,-2.95));
#1114 = LINE('',#1115,#1116);
#1115 = CARTESIAN_POINT('',(-2.85,0.58,-2.95));
#1116 = VECTOR('',#1117,1.);
#1117 = DIRECTION('',(-1.,0.,0.));
#1118 = ORIENTED_EDGE('',*,*,#1119,.F.);
#1119 = EDGE_CURVE('',#1120,#1112,#1122,.T.);
#1120 = VERTEX_POINT('',#1121);
#1121 = CARTESIAN_POINT('',(-2.85,0.58,-2.85));
#1122 = LINE('',#1123,#1124);
#1123 = CARTESIAN_POINT('',(-2.85,0.58,-2.85));
#1124 = VECTOR('',#1125,1.);
#1125 = DIRECTION('',(0.,-1.110223024625E-15,-1.));
#1126 = ORIENTED_EDGE('',*,*,#1127,.F.);
#1127 = EDGE_CURVE('',#1104,#1120,#1128,.T.);
#1128 = LINE('',#1129,#1130);
#1129 = CARTESIAN_POINT('',(-2.95,0.58,-2.85));
#1130 = VECTOR('',#1131,1.);
#1131 = DIRECTION('',(1.,1.925929944387E-29,1.734723475977E-14));
#1132 = PLANE('',#1133);
#1133 = AXIS2_PLACEMENT_3D('',#1134,#1135,#1136);
#1134 = CARTESIAN_POINT('',(0.,0.58,6.439293542826E-16));
#1135 = DIRECTION('',(-0.,1.,1.110223024625E-15));
#1136 = DIRECTION('',(1.,0.,0.));
#1137 = ADVANCED_FACE('',(#1138),#1172,.T.);
#1138 = FACE_BOUND('',#1139,.T.);
#1139 = EDGE_LOOP('',(#1140,#1150,#1158,#1166));
#1140 = ORIENTED_EDGE('',*,*,#1141,.T.);
#1141 = EDGE_CURVE('',#1142,#1144,#1146,.T.);
#1142 = VERTEX_POINT('',#1143);
#1143 = CARTESIAN_POINT('',(-2.95,0.68,-2.95));
#1144 = VERTEX_POINT('',#1145);
#1145 = CARTESIAN_POINT('',(-2.95,0.68,-2.85));
#1146 = LINE('',#1147,#1148);
#1147 = CARTESIAN_POINT('',(-2.95,0.68,-2.95));
#1148 = VECTOR('',#1149,1.);
#1149 = DIRECTION('',(3.469446951954E-14,1.110223024625E-15,1.));
#1150 = ORIENTED_EDGE('',*,*,#1151,.T.);
#1151 = EDGE_CURVE('',#1144,#1152,#1154,.T.);
#1152 = VERTEX_POINT('',#1153);
#1153 = CARTESIAN_POINT('',(-2.85,0.68,-2.85));
#1154 = LINE('',#1155,#1156);
#1155 = CARTESIAN_POINT('',(-2.95,0.68,-2.85));
#1156 = VECTOR('',#1157,1.);
#1157 = DIRECTION('',(1.,1.925929944387E-29,1.734723475977E-14));
#1158 = ORIENTED_EDGE('',*,*,#1159,.T.);
#1159 = EDGE_CURVE('',#1152,#1160,#1162,.T.);
#1160 = VERTEX_POINT('',#1161);
#1161 = CARTESIAN_POINT('',(-2.85,0.68,-2.95));
#1162 = LINE('',#1163,#1164);
#1163 = CARTESIAN_POINT('',(-2.85,0.68,-2.85));
#1164 = VECTOR('',#1165,1.);
#1165 = DIRECTION('',(0.,-1.110223024625E-15,-1.));
#1166 = ORIENTED_EDGE('',*,*,#1167,.T.);
#1167 = EDGE_CURVE('',#1160,#1142,#1168,.T.);
#1168 = LINE('',#1169,#1170);
#1169 = CARTESIAN_POINT('',(-2.85,0.68,-2.95));
#1170 = VECTOR('',#1171,1.);
#1171 = DIRECTION('',(-1.,0.,0.));
#1172 = PLANE('',#1173);
#1173 = AXIS2_PLACEMENT_3D('',#1174,#1175,#1176);
#1174 = CARTESIAN_POINT('',(0.,0.68,7.549516567451E-16));
#1175 = DIRECTION('',(-0.,1.,1.110223024625E-15));
#1176 = DIRECTION('',(1.,0.,0.));
#1177 = ADVANCED_FACE('',(#1178),#1194,.F.);
#1178 = FACE_BOUND('',#1179,.T.);
#1179 = EDGE_LOOP('',(#1180,#1181,#1187,#1188));
#1180 = ORIENTED_EDGE('',*,*,#1111,.T.);
#1181 = ORIENTED_EDGE('',*,*,#1182,.F.);
#1182 = EDGE_CURVE('',#1142,#1102,#1183,.T.);
#1183 = LINE('',#1184,#1185);
#1184 = CARTESIAN_POINT('',(-2.95,0.68,-2.95));
#1185 = VECTOR('',#1186,1.);
#1186 = DIRECTION('',(0.,-1.,-1.110223024625E-15));
#1187 = ORIENTED_EDGE('',*,*,#1167,.F.);
#1188 = ORIENTED_EDGE('',*,*,#1189,.T.);
#1189 = EDGE_CURVE('',#1160,#1112,#1190,.T.);
#1190 = LINE('',#1191,#1192);
#1191 = CARTESIAN_POINT('',(-2.85,0.68,-2.95));
#1192 = VECTOR('',#1193,1.);
#1193 = DIRECTION('',(0.,-1.,-1.110223024625E-15));
#1194 = PLANE('',#1195);
#1195 = AXIS2_PLACEMENT_3D('',#1196,#1197,#1198);
#1196 = CARTESIAN_POINT('',(-2.85,0.68,-2.95));
#1197 = DIRECTION('',(-0.,1.110223024625E-15,1.));
#1198 = DIRECTION('',(1.,0.,0.));
#1199 = ADVANCED_FACE('',(#1200),#1211,.F.);
#1200 = FACE_BOUND('',#1201,.T.);
#1201 = EDGE_LOOP('',(#1202,#1203,#1204,#1205));
#1202 = ORIENTED_EDGE('',*,*,#1119,.T.);
#1203 = ORIENTED_EDGE('',*,*,#1189,.F.);
#1204 = ORIENTED_EDGE('',*,*,#1159,.F.);
#1205 = ORIENTED_EDGE('',*,*,#1206,.T.);
#1206 = EDGE_CURVE('',#1152,#1120,#1207,.T.);
#1207 = LINE('',#1208,#1209);
#1208 = CARTESIAN_POINT('',(-2.85,0.68,-2.85));
#1209 = VECTOR('',#1210,1.);
#1210 = DIRECTION('',(0.,-1.,-1.110223024625E-15));
#1211 = PLANE('',#1212);
#1212 = AXIS2_PLACEMENT_3D('',#1213,#1214,#1215);
#1213 = CARTESIAN_POINT('',(-2.85,0.68,-2.85));
#1214 = DIRECTION('',(-1.,0.,0.));
#1215 = DIRECTION('',(0.,1.110223024625E-15,1.));
#1216 = ADVANCED_FACE('',(#1217),#1228,.F.);
#1217 = FACE_BOUND('',#1218,.T.);
#1218 = EDGE_LOOP('',(#1219,#1220,#1221,#1222));
#1219 = ORIENTED_EDGE('',*,*,#1127,.T.);
#1220 = ORIENTED_EDGE('',*,*,#1206,.F.);
#1221 = ORIENTED_EDGE('',*,*,#1151,.F.);
#1222 = ORIENTED_EDGE('',*,*,#1223,.T.);
#1223 = EDGE_CURVE('',#1144,#1104,#1224,.T.);
#1224 = LINE('',#1225,#1226);
#1225 = CARTESIAN_POINT('',(-2.95,0.68,-2.85));
#1226 = VECTOR('',#1227,1.);
#1227 = DIRECTION('',(0.,-1.,-1.110223024625E-15));
#1228 = PLANE('',#1229);
#1229 = AXIS2_PLACEMENT_3D('',#1230,#1231,#1232);
#1230 = CARTESIAN_POINT('',(-2.95,0.68,-2.85));
#1231 = DIRECTION('',(1.734723475977E-14,1.110223024625E-15,-1.));
#1232 = DIRECTION('',(0.,-1.,-1.110223024625E-15));
#1233 = ADVANCED_FACE('',(#1234),#1240,.F.);
#1234 = FACE_BOUND('',#1235,.T.);
#1235 = EDGE_LOOP('',(#1236,#1237,#1238,#1239));
#1236 = ORIENTED_EDGE('',*,*,#1101,.T.);
#1237 = ORIENTED_EDGE('',*,*,#1223,.F.);
#1238 = ORIENTED_EDGE('',*,*,#1141,.F.);
#1239 = ORIENTED_EDGE('',*,*,#1182,.T.);
#1240 = PLANE('',#1241);
#1241 = AXIS2_PLACEMENT_3D('',#1242,#1243,#1244);
#1242 = CARTESIAN_POINT('',(-2.95,0.68,-2.95));
#1243 = DIRECTION('',(1.,-3.851859888775E-29,-3.469446951954E-14));
#1244 = DIRECTION('',(-3.469446951954E-14,-1.110223024625E-15,-1.));
#1245 = MANIFOLD_SOLID_BREP('',#1246);
#1246 = CLOSED_SHELL('',(#1247,#1287,#1327,#1349,#1366,#1383));
#1247 = ADVANCED_FACE('',(#1248),#1282,.F.);
#1248 = FACE_BOUND('',#1249,.T.);
#1249 = EDGE_LOOP('',(#1250,#1260,#1268,#1276));
#1250 = ORIENTED_EDGE('',*,*,#1251,.F.);
#1251 = EDGE_CURVE('',#1252,#1254,#1256,.T.);
#1252 = VERTEX_POINT('',#1253);
#1253 = CARTESIAN_POINT('',(2.95,0.58,-2.95));
#1254 = VERTEX_POINT('',#1255);
#1255 = CARTESIAN_POINT('',(2.85,0.58,-2.95));
#1256 = LINE('',#1257,#1258);
#1257 = CARTESIAN_POINT('',(2.95,0.58,-2.95));
#1258 = VECTOR('',#1259,1.);
#1259 = DIRECTION('',(-1.,0.,0.));
#1260 = ORIENTED_EDGE('',*,*,#1261,.F.);
#1261 = EDGE_CURVE('',#1262,#1252,#1264,.T.);
#1262 = VERTEX_POINT('',#1263);
#1263 = CARTESIAN_POINT('',(2.95,0.58,-2.85));
#1264 = LINE('',#1265,#1266);
#1265 = CARTESIAN_POINT('',(2.95,0.58,-2.85));
#1266 = VECTOR('',#1267,1.);
#1267 = DIRECTION('',(0.,-1.110223024625E-15,-1.));
#1268 = ORIENTED_EDGE('',*,*,#1269,.F.);
#1269 = EDGE_CURVE('',#1270,#1262,#1272,.T.);
#1270 = VERTEX_POINT('',#1271);
#1271 = CARTESIAN_POINT('',(2.85,0.58,-2.85));
#1272 = LINE('',#1273,#1274);
#1273 = CARTESIAN_POINT('',(2.85,0.58,-2.85));
#1274 = VECTOR('',#1275,1.);
#1275 = DIRECTION('',(1.,0.,0.));
#1276 = ORIENTED_EDGE('',*,*,#1277,.F.);
#1277 = EDGE_CURVE('',#1254,#1270,#1278,.T.);
#1278 = LINE('',#1279,#1280);
#1279 = CARTESIAN_POINT('',(2.85,0.58,-2.95));
#1280 = VECTOR('',#1281,1.);
#1281 = DIRECTION('',(0.,1.110223024625E-15,1.));
#1282 = PLANE('',#1283);
#1283 = AXIS2_PLACEMENT_3D('',#1284,#1285,#1286);
#1284 = CARTESIAN_POINT('',(0.,0.58,6.439293542826E-16));
#1285 = DIRECTION('',(-0.,1.,1.110223024625E-15));
#1286 = DIRECTION('',(1.,0.,0.));
#1287 = ADVANCED_FACE('',(#1288),#1322,.T.);
#1288 = FACE_BOUND('',#1289,.T.);
#1289 = EDGE_LOOP('',(#1290,#1300,#1308,#1316));
#1290 = ORIENTED_EDGE('',*,*,#1291,.T.);
#1291 = EDGE_CURVE('',#1292,#1294,#1296,.T.);
#1292 = VERTEX_POINT('',#1293);
#1293 = CARTESIAN_POINT('',(2.95,0.68,-2.95));
#1294 = VERTEX_POINT('',#1295);
#1295 = CARTESIAN_POINT('',(2.85,0.68,-2.95));
#1296 = LINE('',#1297,#1298);
#1297 = CARTESIAN_POINT('',(2.95,0.68,-2.95));
#1298 = VECTOR('',#1299,1.);
#1299 = DIRECTION('',(-1.,0.,0.));
#1300 = ORIENTED_EDGE('',*,*,#1301,.T.);
#1301 = EDGE_CURVE('',#1294,#1302,#1304,.T.);
#1302 = VERTEX_POINT('',#1303);
#1303 = CARTESIAN_POINT('',(2.85,0.68,-2.85));
#1304 = LINE('',#1305,#1306);
#1305 = CARTESIAN_POINT('',(2.85,0.68,-2.95));
#1306 = VECTOR('',#1307,1.);
#1307 = DIRECTION('',(0.,1.110223024625E-15,1.));
#1308 = ORIENTED_EDGE('',*,*,#1309,.T.);
#1309 = EDGE_CURVE('',#1302,#1310,#1312,.T.);
#1310 = VERTEX_POINT('',#1311);
#1311 = CARTESIAN_POINT('',(2.95,0.68,-2.85));
#1312 = LINE('',#1313,#1314);
#1313 = CARTESIAN_POINT('',(2.85,0.68,-2.85));
#1314 = VECTOR('',#1315,1.);
#1315 = DIRECTION('',(1.,0.,0.));
#1316 = ORIENTED_EDGE('',*,*,#1317,.T.);
#1317 = EDGE_CURVE('',#1310,#1292,#1318,.T.);
#1318 = LINE('',#1319,#1320);
#1319 = CARTESIAN_POINT('',(2.95,0.68,-2.85));
#1320 = VECTOR('',#1321,1.);
#1321 = DIRECTION('',(0.,-1.110223024625E-15,-1.));
#1322 = PLANE('',#1323);
#1323 = AXIS2_PLACEMENT_3D('',#1324,#1325,#1326);
#1324 = CARTESIAN_POINT('',(0.,0.68,7.549516567451E-16));
#1325 = DIRECTION('',(-0.,1.,1.110223024625E-15));
#1326 = DIRECTION('',(1.,0.,0.));
#1327 = ADVANCED_FACE('',(#1328),#1344,.F.);
#1328 = FACE_BOUND('',#1329,.T.);
#1329 = EDGE_LOOP('',(#1330,#1331,#1337,#1338));
#1330 = ORIENTED_EDGE('',*,*,#1261,.T.);
#1331 = ORIENTED_EDGE('',*,*,#1332,.F.);
#1332 = EDGE_CURVE('',#1292,#1252,#1333,.T.);
#1333 = LINE('',#1334,#1335);
#1334 = CARTESIAN_POINT('',(2.95,0.68,-2.95));
#1335 = VECTOR('',#1336,1.);
#1336 = DIRECTION('',(0.,-1.,-1.110223024625E-15));
#1337 = ORIENTED_EDGE('',*,*,#1317,.F.);
#1338 = ORIENTED_EDGE('',*,*,#1339,.T.);
#1339 = EDGE_CURVE('',#1310,#1262,#1340,.T.);
#1340 = LINE('',#1341,#1342);
#1341 = CARTESIAN_POINT('',(2.95,0.68,-2.85));
#1342 = VECTOR('',#1343,1.);
#1343 = DIRECTION('',(0.,-1.,-1.110223024625E-15));
#1344 = PLANE('',#1345);
#1345 = AXIS2_PLACEMENT_3D('',#1346,#1347,#1348);
#1346 = CARTESIAN_POINT('',(2.95,0.68,-2.85));
#1347 = DIRECTION('',(-1.,0.,0.));
#1348 = DIRECTION('',(0.,1.110223024625E-15,1.));
#1349 = ADVANCED_FACE('',(#1350),#1361,.F.);
#1350 = FACE_BOUND('',#1351,.T.);
#1351 = EDGE_LOOP('',(#1352,#1353,#1354,#1355));
#1352 = ORIENTED_EDGE('',*,*,#1269,.T.);
#1353 = ORIENTED_EDGE('',*,*,#1339,.F.);
#1354 = ORIENTED_EDGE('',*,*,#1309,.F.);
#1355 = ORIENTED_EDGE('',*,*,#1356,.T.);
#1356 = EDGE_CURVE('',#1302,#1270,#1357,.T.);
#1357 = LINE('',#1358,#1359);
#1358 = CARTESIAN_POINT('',(2.85,0.68,-2.85));
#1359 = VECTOR('',#1360,1.);
#1360 = DIRECTION('',(0.,-1.,-1.110223024625E-15));
#1361 = PLANE('',#1362);
#1362 = AXIS2_PLACEMENT_3D('',#1363,#1364,#1365);
#1363 = CARTESIAN_POINT('',(2.85,0.68,-2.85));
#1364 = DIRECTION('',(0.,1.110223024625E-15,-1.));
#1365 = DIRECTION('',(0.,-1.,-1.110223024625E-15));
#1366 = ADVANCED_FACE('',(#1367),#1378,.F.);
#1367 = FACE_BOUND('',#1368,.T.);
#1368 = EDGE_LOOP('',(#1369,#1370,#1371,#1372));
#1369 = ORIENTED_EDGE('',*,*,#1277,.T.);
#1370 = ORIENTED_EDGE('',*,*,#1356,.F.);
#1371 = ORIENTED_EDGE('',*,*,#1301,.F.);
#1372 = ORIENTED_EDGE('',*,*,#1373,.T.);
#1373 = EDGE_CURVE('',#1294,#1254,#1374,.T.);
#1374 = LINE('',#1375,#1376);
#1375 = CARTESIAN_POINT('',(2.85,0.68,-2.95));
#1376 = VECTOR('',#1377,1.);
#1377 = DIRECTION('',(0.,-1.,-1.110223024625E-15));
#1378 = PLANE('',#1379);
#1379 = AXIS2_PLACEMENT_3D('',#1380,#1381,#1382);
#1380 = CARTESIAN_POINT('',(2.85,0.68,-2.95));
#1381 = DIRECTION('',(1.,0.,-0.));
#1382 = DIRECTION('',(0.,1.,1.110223024625E-15));
#1383 = ADVANCED_FACE('',(#1384),#1390,.F.);
#1384 = FACE_BOUND('',#1385,.T.);
#1385 = EDGE_LOOP('',(#1386,#1387,#1388,#1389));
#1386 = ORIENTED_EDGE('',*,*,#1251,.T.);
#1387 = ORIENTED_EDGE('',*,*,#1373,.F.);
#1388 = ORIENTED_EDGE('',*,*,#1291,.F.);
#1389 = ORIENTED_EDGE('',*,*,#1332,.T.);
#1390 = PLANE('',#1391);
#1391 = AXIS2_PLACEMENT_3D('',#1392,#1393,#1394);
#1392 = CARTESIAN_POINT('',(2.95,0.68,-2.95));
#1393 = DIRECTION('',(-0.,1.110223024625E-15,1.));
#1394 = DIRECTION('',(1.,0.,0.));
#1395 = MANIFOLD_SOLID_BREP('',#1396);
#1396 = CLOSED_SHELL('',(#1397,#1501,#1605,#1627,#1644,#1661,#1678,#1695
    ,#1712,#1729,#1746,#1763,#1780,#1797));
#1397 = ADVANCED_FACE('',(#1398),#1496,.F.);
#1398 = FACE_BOUND('',#1399,.T.);
#1399 = EDGE_LOOP('',(#1400,#1410,#1418,#1426,#1434,#1442,#1450,#1458,
    #1466,#1474,#1482,#1490));
#1400 = ORIENTED_EDGE('',*,*,#1401,.F.);
#1401 = EDGE_CURVE('',#1402,#1404,#1406,.T.);
#1402 = VERTEX_POINT('',#1403);
#1403 = CARTESIAN_POINT('',(2.78,0.58,-2.78));
#1404 = VERTEX_POINT('',#1405);
#1405 = CARTESIAN_POINT('',(2.78,0.58,-3.));
#1406 = LINE('',#1407,#1408);
#1407 = CARTESIAN_POINT('',(2.78,0.58,-2.78));
#1408 = VECTOR('',#1409,1.);
#1409 = DIRECTION('',(0.,-1.110223024625E-15,-1.));
#1410 = ORIENTED_EDGE('',*,*,#1411,.F.);
#1411 = EDGE_CURVE('',#1412,#1402,#1414,.T.);
#1412 = VERTEX_POINT('',#1413);
#1413 = CARTESIAN_POINT('',(3.,0.58,-2.78));
#1414 = LINE('',#1415,#1416);
#1415 = CARTESIAN_POINT('',(3.,0.58,-2.78));
#1416 = VECTOR('',#1417,1.);
#1417 = DIRECTION('',(-1.,-2.188556754985E-30,-1.971276677246E-15));
#1418 = ORIENTED_EDGE('',*,*,#1419,.F.);
#1419 = EDGE_CURVE('',#1420,#1412,#1422,.T.);
#1420 = VERTEX_POINT('',#1421);
#1421 = CARTESIAN_POINT('',(3.,0.58,2.78));
#1422 = LINE('',#1423,#1424);
#1423 = CARTESIAN_POINT('',(3.,0.58,2.78));
#1424 = VECTOR('',#1425,1.);
#1425 = DIRECTION('',(-1.560003125878E-16,-1.110223024625E-15,-1.));
#1426 = ORIENTED_EDGE('',*,*,#1427,.F.);
#1427 = EDGE_CURVE('',#1428,#1420,#1430,.T.);
#1428 = VERTEX_POINT('',#1429);
#1429 = CARTESIAN_POINT('',(2.78,0.58,2.78));
#1430 = LINE('',#1431,#1432);
#1431 = CARTESIAN_POINT('',(2.78,0.58,2.78));
#1432 = VECTOR('',#1433,1.);
#1433 = DIRECTION('',(1.,-2.188556754985E-30,-1.971276677246E-15));
#1434 = ORIENTED_EDGE('',*,*,#1435,.F.);
#1435 = EDGE_CURVE('',#1436,#1428,#1438,.T.);
#1436 = VERTEX_POINT('',#1437);
#1437 = CARTESIAN_POINT('',(2.78,0.58,3.));
#1438 = LINE('',#1439,#1440);
#1439 = CARTESIAN_POINT('',(2.78,0.58,3.));
#1440 = VECTOR('',#1441,1.);
#1441 = DIRECTION('',(0.,-1.110223024625E-15,-1.));
#1442 = ORIENTED_EDGE('',*,*,#1443,.F.);
#1443 = EDGE_CURVE('',#1444,#1436,#1446,.T.);
#1444 = VERTEX_POINT('',#1445);
#1445 = CARTESIAN_POINT('',(-2.78,0.58,3.));
#1446 = LINE('',#1447,#1448);
#1447 = CARTESIAN_POINT('',(-2.78,0.58,3.));
#1448 = VECTOR('',#1449,1.);
#1449 = DIRECTION('',(1.,-3.463902777675E-31,-3.120006251757E-16));
#1450 = ORIENTED_EDGE('',*,*,#1451,.F.);
#1451 = EDGE_CURVE('',#1452,#1444,#1454,.T.);
#1452 = VERTEX_POINT('',#1453);
#1453 = CARTESIAN_POINT('',(-2.78,0.58,2.78));
#1454 = LINE('',#1455,#1456);
#1455 = CARTESIAN_POINT('',(-2.78,0.58,2.78));
#1456 = VECTOR('',#1457,1.);
#1457 = DIRECTION('',(0.,1.110223024625E-15,1.));
#1458 = ORIENTED_EDGE('',*,*,#1459,.F.);
#1459 = EDGE_CURVE('',#1460,#1452,#1462,.T.);
#1460 = VERTEX_POINT('',#1461);
#1461 = CARTESIAN_POINT('',(-3.,0.58,2.78));
#1462 = LINE('',#1463,#1464);
#1463 = CARTESIAN_POINT('',(-3.,0.58,2.78));
#1464 = VECTOR('',#1465,1.);
#1465 = DIRECTION('',(1.,2.188556754985E-30,1.971276677246E-15));
#1466 = ORIENTED_EDGE('',*,*,#1467,.F.);
#1467 = EDGE_CURVE('',#1468,#1460,#1470,.T.);
#1468 = VERTEX_POINT('',#1469);
#1469 = CARTESIAN_POINT('',(-3.,0.58,-2.78));
#1470 = LINE('',#1471,#1472);
#1471 = CARTESIAN_POINT('',(-3.,0.58,-2.78));
#1472 = VECTOR('',#1473,1.);
#1473 = DIRECTION('',(0.,1.110223024625E-15,1.));
#1474 = ORIENTED_EDGE('',*,*,#1475,.F.);
#1475 = EDGE_CURVE('',#1476,#1468,#1478,.T.);
#1476 = VERTEX_POINT('',#1477);
#1477 = CARTESIAN_POINT('',(-2.78,0.58,-2.78));
#1478 = LINE('',#1479,#1480);
#1479 = CARTESIAN_POINT('',(-2.78,0.58,-2.78));
#1480 = VECTOR('',#1481,1.);
#1481 = DIRECTION('',(-1.,-2.188556754985E-30,-1.971276677246E-15));
#1482 = ORIENTED_EDGE('',*,*,#1483,.F.);
#1483 = EDGE_CURVE('',#1484,#1476,#1486,.T.);
#1484 = VERTEX_POINT('',#1485);
#1485 = CARTESIAN_POINT('',(-2.78,0.58,-3.));
#1486 = LINE('',#1487,#1488);
#1487 = CARTESIAN_POINT('',(-2.78,0.58,-3.));
#1488 = VECTOR('',#1489,1.);
#1489 = DIRECTION('',(0.,1.110223024625E-15,1.));
#1490 = ORIENTED_EDGE('',*,*,#1491,.F.);
#1491 = EDGE_CURVE('',#1404,#1484,#1492,.T.);
#1492 = LINE('',#1493,#1494);
#1493 = CARTESIAN_POINT('',(2.78,0.58,-3.));
#1494 = VECTOR('',#1495,1.);
#1495 = DIRECTION('',(-1.,0.,0.));
#1496 = PLANE('',#1497);
#1497 = AXIS2_PLACEMENT_3D('',#1498,#1499,#1500);
#1498 = CARTESIAN_POINT('',(0.,0.58,6.439293542826E-16));
#1499 = DIRECTION('',(-0.,1.,1.110223024625E-15));
#1500 = DIRECTION('',(1.,0.,0.));
#1501 = ADVANCED_FACE('',(#1502),#1600,.T.);
#1502 = FACE_BOUND('',#1503,.T.);
#1503 = EDGE_LOOP('',(#1504,#1514,#1522,#1530,#1538,#1546,#1554,#1562,
    #1570,#1578,#1586,#1594));
#1504 = ORIENTED_EDGE('',*,*,#1505,.T.);
#1505 = EDGE_CURVE('',#1506,#1508,#1510,.T.);
#1506 = VERTEX_POINT('',#1507);
#1507 = CARTESIAN_POINT('',(2.78,0.68,-2.78));
#1508 = VERTEX_POINT('',#1509);
#1509 = CARTESIAN_POINT('',(2.78,0.68,-3.));
#1510 = LINE('',#1511,#1512);
#1511 = CARTESIAN_POINT('',(2.78,0.68,-2.78));
#1512 = VECTOR('',#1513,1.);
#1513 = DIRECTION('',(0.,-1.110223024625E-15,-1.));
#1514 = ORIENTED_EDGE('',*,*,#1515,.T.);
#1515 = EDGE_CURVE('',#1508,#1516,#1518,.T.);
#1516 = VERTEX_POINT('',#1517);
#1517 = CARTESIAN_POINT('',(-2.78,0.68,-3.));
#1518 = LINE('',#1519,#1520);
#1519 = CARTESIAN_POINT('',(2.78,0.68,-3.));
#1520 = VECTOR('',#1521,1.);
#1521 = DIRECTION('',(-1.,0.,0.));
#1522 = ORIENTED_EDGE('',*,*,#1523,.T.);
#1523 = EDGE_CURVE('',#1516,#1524,#1526,.T.);
#1524 = VERTEX_POINT('',#1525);
#1525 = CARTESIAN_POINT('',(-2.78,0.68,-2.78));
#1526 = LINE('',#1527,#1528);
#1527 = CARTESIAN_POINT('',(-2.78,0.68,-3.));
#1528 = VECTOR('',#1529,1.);
#1529 = DIRECTION('',(0.,1.110223024625E-15,1.));
#1530 = ORIENTED_EDGE('',*,*,#1531,.T.);
#1531 = EDGE_CURVE('',#1524,#1532,#1534,.T.);
#1532 = VERTEX_POINT('',#1533);
#1533 = CARTESIAN_POINT('',(-3.,0.68,-2.78));
#1534 = LINE('',#1535,#1536);
#1535 = CARTESIAN_POINT('',(-2.78,0.68,-2.78));
#1536 = VECTOR('',#1537,1.);
#1537 = DIRECTION('',(-1.,-2.188556754985E-30,-1.971276677246E-15));
#1538 = ORIENTED_EDGE('',*,*,#1539,.T.);
#1539 = EDGE_CURVE('',#1532,#1540,#1542,.T.);
#1540 = VERTEX_POINT('',#1541);
#1541 = CARTESIAN_POINT('',(-3.,0.68,2.78));
#1542 = LINE('',#1543,#1544);
#1543 = CARTESIAN_POINT('',(-3.,0.68,-2.78));
#1544 = VECTOR('',#1545,1.);
#1545 = DIRECTION('',(0.,1.110223024625E-15,1.));
#1546 = ORIENTED_EDGE('',*,*,#1547,.T.);
#1547 = EDGE_CURVE('',#1540,#1548,#1550,.T.);
#1548 = VERTEX_POINT('',#1549);
#1549 = CARTESIAN_POINT('',(-2.78,0.68,2.78));
#1550 = LINE('',#1551,#1552);
#1551 = CARTESIAN_POINT('',(-3.,0.68,2.78));
#1552 = VECTOR('',#1553,1.);
#1553 = DIRECTION('',(1.,2.188556754985E-30,1.971276677246E-15));
#1554 = ORIENTED_EDGE('',*,*,#1555,.T.);
#1555 = EDGE_CURVE('',#1548,#1556,#1558,.T.);
#1556 = VERTEX_POINT('',#1557);
#1557 = CARTESIAN_POINT('',(-2.78,0.68,3.));
#1558 = LINE('',#1559,#1560);
#1559 = CARTESIAN_POINT('',(-2.78,0.68,2.78));
#1560 = VECTOR('',#1561,1.);
#1561 = DIRECTION('',(0.,1.110223024625E-15,1.));
#1562 = ORIENTED_EDGE('',*,*,#1563,.T.);
#1563 = EDGE_CURVE('',#1556,#1564,#1566,.T.);
#1564 = VERTEX_POINT('',#1565);
#1565 = CARTESIAN_POINT('',(2.78,0.68,3.));
#1566 = LINE('',#1567,#1568);
#1567 = CARTESIAN_POINT('',(-2.78,0.68,3.));
#1568 = VECTOR('',#1569,1.);
#1569 = DIRECTION('',(1.,-3.463902777675E-31,-3.120006251757E-16));
#1570 = ORIENTED_EDGE('',*,*,#1571,.T.);
#1571 = EDGE_CURVE('',#1564,#1572,#1574,.T.);
#1572 = VERTEX_POINT('',#1573);
#1573 = CARTESIAN_POINT('',(2.78,0.68,2.78));
#1574 = LINE('',#1575,#1576);
#1575 = CARTESIAN_POINT('',(2.78,0.68,3.));
#1576 = VECTOR('',#1577,1.);
#1577 = DIRECTION('',(0.,-1.110223024625E-15,-1.));
#1578 = ORIENTED_EDGE('',*,*,#1579,.T.);
#1579 = EDGE_CURVE('',#1572,#1580,#1582,.T.);
#1580 = VERTEX_POINT('',#1581);
#1581 = CARTESIAN_POINT('',(3.,0.68,2.78));
#1582 = LINE('',#1583,#1584);
#1583 = CARTESIAN_POINT('',(2.78,0.68,2.78));
#1584 = VECTOR('',#1585,1.);
#1585 = DIRECTION('',(1.,-2.188556754985E-30,-1.971276677246E-15));
#1586 = ORIENTED_EDGE('',*,*,#1587,.T.);
#1587 = EDGE_CURVE('',#1580,#1588,#1590,.T.);
#1588 = VERTEX_POINT('',#1589);
#1589 = CARTESIAN_POINT('',(3.,0.68,-2.78));
#1590 = LINE('',#1591,#1592);
#1591 = CARTESIAN_POINT('',(3.,0.68,2.78));
#1592 = VECTOR('',#1593,1.);
#1593 = DIRECTION('',(-1.560003125878E-16,-1.110223024625E-15,-1.));
#1594 = ORIENTED_EDGE('',*,*,#1595,.T.);
#1595 = EDGE_CURVE('',#1588,#1506,#1596,.T.);
#1596 = LINE('',#1597,#1598);
#1597 = CARTESIAN_POINT('',(3.,0.68,-2.78));
#1598 = VECTOR('',#1599,1.);
#1599 = DIRECTION('',(-1.,-2.188556754985E-30,-1.971276677246E-15));
#1600 = PLANE('',#1601);
#1601 = AXIS2_PLACEMENT_3D('',#1602,#1603,#1604);
#1602 = CARTESIAN_POINT('',(0.,0.68,7.549516567451E-16));
#1603 = DIRECTION('',(-0.,1.,1.110223024625E-15));
#1604 = DIRECTION('',(1.,0.,0.));
#1605 = ADVANCED_FACE('',(#1606),#1622,.F.);
#1606 = FACE_BOUND('',#1607,.T.);
#1607 = EDGE_LOOP('',(#1608,#1609,#1615,#1616));
#1608 = ORIENTED_EDGE('',*,*,#1411,.T.);
#1609 = ORIENTED_EDGE('',*,*,#1610,.F.);
#1610 = EDGE_CURVE('',#1506,#1402,#1611,.T.);
#1611 = LINE('',#1612,#1613);
#1612 = CARTESIAN_POINT('',(2.78,0.68,-2.78));
#1613 = VECTOR('',#1614,1.);
#1614 = DIRECTION('',(0.,-1.,-1.110223024625E-15));
#1615 = ORIENTED_EDGE('',*,*,#1595,.F.);
#1616 = ORIENTED_EDGE('',*,*,#1617,.T.);
#1617 = EDGE_CURVE('',#1588,#1412,#1618,.T.);
#1618 = LINE('',#1619,#1620);
#1619 = CARTESIAN_POINT('',(3.,0.68,-2.78));
#1620 = VECTOR('',#1621,1.);
#1621 = DIRECTION('',(0.,-1.,-1.110223024625E-15));
#1622 = PLANE('',#1623);
#1623 = AXIS2_PLACEMENT_3D('',#1624,#1625,#1626);
#1624 = CARTESIAN_POINT('',(3.,0.68,-2.78));
#1625 = DIRECTION('',(-1.971276677246E-15,1.110223024625E-15,1.));
#1626 = DIRECTION('',(1.,2.188556754985E-30,1.971276677246E-15));
#1627 = ADVANCED_FACE('',(#1628),#1639,.F.);
#1628 = FACE_BOUND('',#1629,.T.);
#1629 = EDGE_LOOP('',(#1630,#1631,#1632,#1633));
#1630 = ORIENTED_EDGE('',*,*,#1419,.T.);
#1631 = ORIENTED_EDGE('',*,*,#1617,.F.);
#1632 = ORIENTED_EDGE('',*,*,#1587,.F.);
#1633 = ORIENTED_EDGE('',*,*,#1634,.T.);
#1634 = EDGE_CURVE('',#1580,#1420,#1635,.T.);
#1635 = LINE('',#1636,#1637);
#1636 = CARTESIAN_POINT('',(3.,0.68,2.78));
#1637 = VECTOR('',#1638,1.);
#1638 = DIRECTION('',(0.,-1.,-1.110223024625E-15));
#1639 = PLANE('',#1640);
#1640 = AXIS2_PLACEMENT_3D('',#1641,#1642,#1643);
#1641 = CARTESIAN_POINT('',(3.,0.68,2.78));
#1642 = DIRECTION('',(-1.,-1.731951388837E-31,1.560003125878E-16));
#1643 = DIRECTION('',(0.,1.,1.110223024625E-15));
#1644 = ADVANCED_FACE('',(#1645),#1656,.F.);
#1645 = FACE_BOUND('',#1646,.T.);
#1646 = EDGE_LOOP('',(#1647,#1648,#1649,#1650));
#1647 = ORIENTED_EDGE('',*,*,#1427,.T.);
#1648 = ORIENTED_EDGE('',*,*,#1634,.F.);
#1649 = ORIENTED_EDGE('',*,*,#1579,.F.);
#1650 = ORIENTED_EDGE('',*,*,#1651,.T.);
#1651 = EDGE_CURVE('',#1572,#1428,#1652,.T.);
#1652 = LINE('',#1653,#1654);
#1653 = CARTESIAN_POINT('',(2.78,0.68,2.78));
#1654 = VECTOR('',#1655,1.);
#1655 = DIRECTION('',(0.,-1.,-1.110223024625E-15));
#1656 = PLANE('',#1657);
#1657 = AXIS2_PLACEMENT_3D('',#1658,#1659,#1660);
#1658 = CARTESIAN_POINT('',(2.78,0.68,2.78));
#1659 = DIRECTION('',(-1.971276677246E-15,-1.110223024625E-15,-1.));
#1660 = DIRECTION('',(-1.,2.188556754985E-30,1.971276677246E-15));
#1661 = ADVANCED_FACE('',(#1662),#1673,.F.);
#1662 = FACE_BOUND('',#1663,.T.);
#1663 = EDGE_LOOP('',(#1664,#1665,#1666,#1667));
#1664 = ORIENTED_EDGE('',*,*,#1435,.T.);
#1665 = ORIENTED_EDGE('',*,*,#1651,.F.);
#1666 = ORIENTED_EDGE('',*,*,#1571,.F.);
#1667 = ORIENTED_EDGE('',*,*,#1668,.T.);
#1668 = EDGE_CURVE('',#1564,#1436,#1669,.T.);
#1669 = LINE('',#1670,#1671);
#1670 = CARTESIAN_POINT('',(2.78,0.68,3.));
#1671 = VECTOR('',#1672,1.);
#1672 = DIRECTION('',(0.,-1.,-1.110223024625E-15));
#1673 = PLANE('',#1674);
#1674 = AXIS2_PLACEMENT_3D('',#1675,#1676,#1677);
#1675 = CARTESIAN_POINT('',(2.78,0.68,3.));
#1676 = DIRECTION('',(-1.,0.,0.));
#1677 = DIRECTION('',(0.,1.110223024625E-15,1.));
#1678 = ADVANCED_FACE('',(#1679),#1690,.F.);
#1679 = FACE_BOUND('',#1680,.T.);
#1680 = EDGE_LOOP('',(#1681,#1682,#1683,#1684));
#1681 = ORIENTED_EDGE('',*,*,#1443,.T.);
#1682 = ORIENTED_EDGE('',*,*,#1668,.F.);
#1683 = ORIENTED_EDGE('',*,*,#1563,.F.);
#1684 = ORIENTED_EDGE('',*,*,#1685,.T.);
#1685 = EDGE_CURVE('',#1556,#1444,#1686,.T.);
#1686 = LINE('',#1687,#1688);
#1687 = CARTESIAN_POINT('',(-2.78,0.68,3.));
#1688 = VECTOR('',#1689,1.);
#1689 = DIRECTION('',(0.,-1.,-1.110223024625E-15));
#1690 = PLANE('',#1691);
#1691 = AXIS2_PLACEMENT_3D('',#1692,#1693,#1694);
#1692 = CARTESIAN_POINT('',(-2.78,0.68,3.));
#1693 = DIRECTION('',(-3.120006251757E-16,-1.110223024625E-15,-1.));
#1694 = DIRECTION('',(-1.,3.463902777675E-31,3.120006251757E-16));
#1695 = ADVANCED_FACE('',(#1696),#1707,.F.);
#1696 = FACE_BOUND('',#1697,.T.);
#1697 = EDGE_LOOP('',(#1698,#1699,#1700,#1701));
#1698 = ORIENTED_EDGE('',*,*,#1451,.T.);
#1699 = ORIENTED_EDGE('',*,*,#1685,.F.);
#1700 = ORIENTED_EDGE('',*,*,#1555,.F.);
#1701 = ORIENTED_EDGE('',*,*,#1702,.T.);
#1702 = EDGE_CURVE('',#1548,#1452,#1703,.T.);
#1703 = LINE('',#1704,#1705);
#1704 = CARTESIAN_POINT('',(-2.78,0.68,2.78));
#1705 = VECTOR('',#1706,1.);
#1706 = DIRECTION('',(0.,-1.,-1.110223024625E-15));
#1707 = PLANE('',#1708);
#1708 = AXIS2_PLACEMENT_3D('',#1709,#1710,#1711);
#1709 = CARTESIAN_POINT('',(-2.78,0.68,2.78));
#1710 = DIRECTION('',(1.,0.,-0.));
#1711 = DIRECTION('',(0.,1.,1.110223024625E-15));
#1712 = ADVANCED_FACE('',(#1713),#1724,.F.);
#1713 = FACE_BOUND('',#1714,.T.);
#1714 = EDGE_LOOP('',(#1715,#1716,#1717,#1718));
#1715 = ORIENTED_EDGE('',*,*,#1459,.T.);
#1716 = ORIENTED_EDGE('',*,*,#1702,.F.);
#1717 = ORIENTED_EDGE('',*,*,#1547,.F.);
#1718 = ORIENTED_EDGE('',*,*,#1719,.T.);
#1719 = EDGE_CURVE('',#1540,#1460,#1720,.T.);
#1720 = LINE('',#1721,#1722);
#1721 = CARTESIAN_POINT('',(-3.,0.68,2.78));
#1722 = VECTOR('',#1723,1.);
#1723 = DIRECTION('',(0.,-1.,-1.110223024625E-15));
#1724 = PLANE('',#1725);
#1725 = AXIS2_PLACEMENT_3D('',#1726,#1727,#1728);
#1726 = CARTESIAN_POINT('',(-3.,0.68,2.78));
#1727 = DIRECTION('',(1.971276677246E-15,1.110223024625E-15,-1.));
#1728 = DIRECTION('',(0.,-1.,-1.110223024625E-15));
#1729 = ADVANCED_FACE('',(#1730),#1741,.F.);
#1730 = FACE_BOUND('',#1731,.T.);
#1731 = EDGE_LOOP('',(#1732,#1733,#1734,#1735));
#1732 = ORIENTED_EDGE('',*,*,#1467,.T.);
#1733 = ORIENTED_EDGE('',*,*,#1719,.F.);
#1734 = ORIENTED_EDGE('',*,*,#1539,.F.);
#1735 = ORIENTED_EDGE('',*,*,#1736,.T.);
#1736 = EDGE_CURVE('',#1532,#1468,#1737,.T.);
#1737 = LINE('',#1738,#1739);
#1738 = CARTESIAN_POINT('',(-3.,0.68,-2.78));
#1739 = VECTOR('',#1740,1.);
#1740 = DIRECTION('',(0.,-1.,-1.110223024625E-15));
#1741 = PLANE('',#1742);
#1742 = AXIS2_PLACEMENT_3D('',#1743,#1744,#1745);
#1743 = CARTESIAN_POINT('',(-3.,0.68,-2.78));
#1744 = DIRECTION('',(1.,0.,-0.));
#1745 = DIRECTION('',(0.,1.,1.110223024625E-15));
#1746 = ADVANCED_FACE('',(#1747),#1758,.F.);
#1747 = FACE_BOUND('',#1748,.T.);
#1748 = EDGE_LOOP('',(#1749,#1750,#1751,#1752));
#1749 = ORIENTED_EDGE('',*,*,#1475,.T.);
#1750 = ORIENTED_EDGE('',*,*,#1736,.F.);
#1751 = ORIENTED_EDGE('',*,*,#1531,.F.);
#1752 = ORIENTED_EDGE('',*,*,#1753,.T.);
#1753 = EDGE_CURVE('',#1524,#1476,#1754,.T.);
#1754 = LINE('',#1755,#1756);
#1755 = CARTESIAN_POINT('',(-2.78,0.68,-2.78));
#1756 = VECTOR('',#1757,1.);
#1757 = DIRECTION('',(0.,-1.,-1.110223024625E-15));
#1758 = PLANE('',#1759);
#1759 = AXIS2_PLACEMENT_3D('',#1760,#1761,#1762);
#1760 = CARTESIAN_POINT('',(-2.78,0.68,-2.78));
#1761 = DIRECTION('',(-1.971276677246E-15,1.110223024625E-15,1.));
#1762 = DIRECTION('',(1.,2.188556754985E-30,1.971276677246E-15));
#1763 = ADVANCED_FACE('',(#1764),#1775,.F.);
#1764 = FACE_BOUND('',#1765,.T.);
#1765 = EDGE_LOOP('',(#1766,#1767,#1768,#1769));
#1766 = ORIENTED_EDGE('',*,*,#1483,.T.);
#1767 = ORIENTED_EDGE('',*,*,#1753,.F.);
#1768 = ORIENTED_EDGE('',*,*,#1523,.F.);
#1769 = ORIENTED_EDGE('',*,*,#1770,.T.);
#1770 = EDGE_CURVE('',#1516,#1484,#1771,.T.);
#1771 = LINE('',#1772,#1773);
#1772 = CARTESIAN_POINT('',(-2.78,0.68,-3.));
#1773 = VECTOR('',#1774,1.);
#1774 = DIRECTION('',(0.,-1.,-1.110223024625E-15));
#1775 = PLANE('',#1776);
#1776 = AXIS2_PLACEMENT_3D('',#1777,#1778,#1779);
#1777 = CARTESIAN_POINT('',(-2.78,0.68,-3.));
#1778 = DIRECTION('',(1.,0.,-0.));
#1779 = DIRECTION('',(0.,1.,1.110223024625E-15));
#1780 = ADVANCED_FACE('',(#1781),#1792,.F.);
#1781 = FACE_BOUND('',#1782,.T.);
#1782 = EDGE_LOOP('',(#1783,#1784,#1785,#1786));
#1783 = ORIENTED_EDGE('',*,*,#1491,.T.);
#1784 = ORIENTED_EDGE('',*,*,#1770,.F.);
#1785 = ORIENTED_EDGE('',*,*,#1515,.F.);
#1786 = ORIENTED_EDGE('',*,*,#1787,.T.);
#1787 = EDGE_CURVE('',#1508,#1404,#1788,.T.);
#1788 = LINE('',#1789,#1790);
#1789 = CARTESIAN_POINT('',(2.78,0.68,-3.));
#1790 = VECTOR('',#1791,1.);
#1791 = DIRECTION('',(0.,-1.,-1.110223024625E-15));
#1792 = PLANE('',#1793);
#1793 = AXIS2_PLACEMENT_3D('',#1794,#1795,#1796);
#1794 = CARTESIAN_POINT('',(2.78,0.68,-3.));
#1795 = DIRECTION('',(-0.,1.110223024625E-15,1.));
#1796 = DIRECTION('',(1.,0.,0.));
#1797 = ADVANCED_FACE('',(#1798),#1804,.F.);
#1798 = FACE_BOUND('',#1799,.T.);
#1799 = EDGE_LOOP('',(#1800,#1801,#1802,#1803));
#1800 = ORIENTED_EDGE('',*,*,#1401,.T.);
#1801 = ORIENTED_EDGE('',*,*,#1787,.F.);
#1802 = ORIENTED_EDGE('',*,*,#1505,.F.);
#1803 = ORIENTED_EDGE('',*,*,#1610,.T.);
#1804 = PLANE('',#1805);
#1805 = AXIS2_PLACEMENT_3D('',#1806,#1807,#1808);
#1806 = CARTESIAN_POINT('',(2.78,0.68,-2.78));
#1807 = DIRECTION('',(-1.,0.,0.));
#1808 = DIRECTION('',(0.,1.110223024625E-15,1.));
#1809 = MANIFOLD_SOLID_BREP('',#1810);
#1810 = CLOSED_SHELL('',(#1811,#1915,#1946,#1970,#1994,#2018,#2042,#2066
    ,#2090,#2114,#2138,#2162,#2186,#2203,#2243,#2274,#2298,#2322,#2339,
    #2379,#2410,#2434,#2458,#2475,#2515,#2546,#2570,#2594,#2611,#2651,
    #2682,#2706,#2730,#2747,#2787,#2865,#2887,#2904,#2921));
#1811 = ADVANCED_FACE('',(#1812),#1910,.F.);
#1812 = FACE_BOUND('',#1813,.T.);
#1813 = EDGE_LOOP('',(#1814,#1824,#1832,#1840,#1848,#1856,#1864,#1872,
    #1880,#1888,#1896,#1904));
#1814 = ORIENTED_EDGE('',*,*,#1815,.T.);
#1815 = EDGE_CURVE('',#1816,#1818,#1820,.T.);
#1816 = VERTEX_POINT('',#1817);
#1817 = CARTESIAN_POINT('',(-2.78,0.58,-3.));
#1818 = VERTEX_POINT('',#1819);
#1819 = CARTESIAN_POINT('',(-2.78,0.58,-2.78));
#1820 = LINE('',#1821,#1822);
#1821 = CARTESIAN_POINT('',(-2.78,0.58,-3.));
#1822 = VECTOR('',#1823,1.);
#1823 = DIRECTION('',(0.,1.110223024625E-15,1.));
#1824 = ORIENTED_EDGE('',*,*,#1825,.T.);
#1825 = EDGE_CURVE('',#1818,#1826,#1828,.T.);
#1826 = VERTEX_POINT('',#1827);
#1827 = CARTESIAN_POINT('',(-3.,0.58,-2.78));
#1828 = LINE('',#1829,#1830);
#1829 = CARTESIAN_POINT('',(-2.78,0.58,-2.78));
#1830 = VECTOR('',#1831,1.);
#1831 = DIRECTION('',(-1.,-2.188556754985E-30,-1.971276677246E-15));
#1832 = ORIENTED_EDGE('',*,*,#1833,.T.);
#1833 = EDGE_CURVE('',#1826,#1834,#1836,.T.);
#1834 = VERTEX_POINT('',#1835);
#1835 = CARTESIAN_POINT('',(-3.,0.58,2.78));
#1836 = LINE('',#1837,#1838);
#1837 = CARTESIAN_POINT('',(-3.,0.58,-2.78));
#1838 = VECTOR('',#1839,1.);
#1839 = DIRECTION('',(0.,1.110223024625E-15,1.));
#1840 = ORIENTED_EDGE('',*,*,#1841,.T.);
#1841 = EDGE_CURVE('',#1834,#1842,#1844,.T.);
#1842 = VERTEX_POINT('',#1843);
#1843 = CARTESIAN_POINT('',(-2.78,0.58,2.78));
#1844 = LINE('',#1845,#1846);
#1845 = CARTESIAN_POINT('',(-2.78,0.58,2.78));
#1846 = VECTOR('',#1847,1.);
#1847 = DIRECTION('',(1.,2.188556754985E-30,1.971276677246E-15));
#1848 = ORIENTED_EDGE('',*,*,#1849,.T.);
#1849 = EDGE_CURVE('',#1842,#1850,#1852,.T.);
#1850 = VERTEX_POINT('',#1851);
#1851 = CARTESIAN_POINT('',(-2.78,0.58,3.));
#1852 = LINE('',#1853,#1854);
#1853 = CARTESIAN_POINT('',(-2.78,0.58,3.));
#1854 = VECTOR('',#1855,1.);
#1855 = DIRECTION('',(0.,1.110223024625E-15,1.));
#1856 = ORIENTED_EDGE('',*,*,#1857,.T.);
#1857 = EDGE_CURVE('',#1850,#1858,#1860,.T.);
#1858 = VERTEX_POINT('',#1859);
#1859 = CARTESIAN_POINT('',(2.78,0.58,3.));
#1860 = LINE('',#1861,#1862);
#1861 = CARTESIAN_POINT('',(2.78,0.58,3.));
#1862 = VECTOR('',#1863,1.);
#1863 = DIRECTION('',(1.,-3.463902777675E-31,-3.120006251757E-16));
#1864 = ORIENTED_EDGE('',*,*,#1865,.T.);
#1865 = EDGE_CURVE('',#1858,#1866,#1868,.T.);
#1866 = VERTEX_POINT('',#1867);
#1867 = CARTESIAN_POINT('',(2.78,0.58,2.78));
#1868 = LINE('',#1869,#1870);
#1869 = CARTESIAN_POINT('',(2.78,0.58,3.));
#1870 = VECTOR('',#1871,1.);
#1871 = DIRECTION('',(0.,-1.110223024625E-15,-1.));
#1872 = ORIENTED_EDGE('',*,*,#1873,.T.);
#1873 = EDGE_CURVE('',#1866,#1874,#1876,.T.);
#1874 = VERTEX_POINT('',#1875);
#1875 = CARTESIAN_POINT('',(3.,0.58,2.78));
#1876 = LINE('',#1877,#1878);
#1877 = CARTESIAN_POINT('',(2.78,0.58,2.78));
#1878 = VECTOR('',#1879,1.);
#1879 = DIRECTION('',(1.,-2.188556754985E-30,-1.971276677246E-15));
#1880 = ORIENTED_EDGE('',*,*,#1881,.T.);
#1881 = EDGE_CURVE('',#1874,#1882,#1884,.T.);
#1882 = VERTEX_POINT('',#1883);
#1883 = CARTESIAN_POINT('',(3.,0.58,-2.78));
#1884 = LINE('',#1885,#1886);
#1885 = CARTESIAN_POINT('',(3.,0.58,-2.78));
#1886 = VECTOR('',#1887,1.);
#1887 = DIRECTION('',(-1.560003125878E-16,-1.110223024625E-15,-1.));
#1888 = ORIENTED_EDGE('',*,*,#1889,.T.);
#1889 = EDGE_CURVE('',#1882,#1890,#1892,.T.);
#1890 = VERTEX_POINT('',#1891);
#1891 = CARTESIAN_POINT('',(2.78,0.58,-2.78));
#1892 = LINE('',#1893,#1894);
#1893 = CARTESIAN_POINT('',(2.78,0.58,-2.78));
#1894 = VECTOR('',#1895,1.);
#1895 = DIRECTION('',(-1.,-2.188556754985E-30,-1.971276677246E-15));
#1896 = ORIENTED_EDGE('',*,*,#1897,.T.);
#1897 = EDGE_CURVE('',#1890,#1898,#1900,.T.);
#1898 = VERTEX_POINT('',#1899);
#1899 = CARTESIAN_POINT('',(2.78,0.58,-3.));
#1900 = LINE('',#1901,#1902);
#1901 = CARTESIAN_POINT('',(2.78,0.58,-3.));
#1902 = VECTOR('',#1903,1.);
#1903 = DIRECTION('',(0.,-1.110223024625E-15,-1.));
#1904 = ORIENTED_EDGE('',*,*,#1905,.T.);
#1905 = EDGE_CURVE('',#1898,#1816,#1906,.T.);
#1906 = LINE('',#1907,#1908);
#1907 = CARTESIAN_POINT('',(2.78,0.58,-3.));
#1908 = VECTOR('',#1909,1.);
#1909 = DIRECTION('',(-1.,0.,0.));
#1910 = PLANE('',#1911);
#1911 = AXIS2_PLACEMENT_3D('',#1912,#1913,#1914);
#1912 = CARTESIAN_POINT('',(0.,0.58,6.439293542826E-16));
#1913 = DIRECTION('',(0.,-1.,1.110223024625E-15));
#1914 = DIRECTION('',(0.,-1.110223024625E-15,-1.));
#1915 = ADVANCED_FACE('',(#1916),#1941,.F.);
#1916 = FACE_BOUND('',#1917,.T.);
#1917 = EDGE_LOOP('',(#1918,#1928,#1934,#1935));
#1918 = ORIENTED_EDGE('',*,*,#1919,.T.);
#1919 = EDGE_CURVE('',#1920,#1922,#1924,.T.);
#1920 = VERTEX_POINT('',#1921);
#1921 = CARTESIAN_POINT('',(-2.78,0.68,-2.78));
#1922 = VERTEX_POINT('',#1923);
#1923 = CARTESIAN_POINT('',(-3.,0.68,-2.78));
#1924 = LINE('',#1925,#1926);
#1925 = CARTESIAN_POINT('',(-2.78,0.68,-2.78));
#1926 = VECTOR('',#1927,1.);
#1927 = DIRECTION('',(-1.,-2.188556754985E-30,-1.971276677246E-15));
#1928 = ORIENTED_EDGE('',*,*,#1929,.F.);
#1929 = EDGE_CURVE('',#1826,#1922,#1930,.T.);
#1930 = LINE('',#1931,#1932);
#1931 = CARTESIAN_POINT('',(-3.,0.58,-2.78));
#1932 = VECTOR('',#1933,1.);
#1933 = DIRECTION('',(0.,1.,1.110223024625E-15));
#1934 = ORIENTED_EDGE('',*,*,#1825,.F.);
#1935 = ORIENTED_EDGE('',*,*,#1936,.T.);
#1936 = EDGE_CURVE('',#1818,#1920,#1937,.T.);
#1937 = LINE('',#1938,#1939);
#1938 = CARTESIAN_POINT('',(-2.78,0.58,-2.78));
#1939 = VECTOR('',#1940,1.);
#1940 = DIRECTION('',(0.,1.,1.110223024625E-15));
#1941 = PLANE('',#1942);
#1942 = AXIS2_PLACEMENT_3D('',#1943,#1944,#1945);
#1943 = CARTESIAN_POINT('',(-2.78,0.58,-2.78));
#1944 = DIRECTION('',(1.971276677246E-15,1.110223024625E-15,-1.));
#1945 = DIRECTION('',(0.,-1.,-1.110223024625E-15));
#1946 = ADVANCED_FACE('',(#1947),#1965,.F.);
#1947 = FACE_BOUND('',#1948,.T.);
#1948 = EDGE_LOOP('',(#1949,#1957,#1963,#1964));
#1949 = ORIENTED_EDGE('',*,*,#1950,.T.);
#1950 = EDGE_CURVE('',#1922,#1951,#1953,.T.);
#1951 = VERTEX_POINT('',#1952);
#1952 = CARTESIAN_POINT('',(-3.,0.68,2.78));
#1953 = LINE('',#1954,#1955);
#1954 = CARTESIAN_POINT('',(-3.,0.68,-2.78));
#1955 = VECTOR('',#1956,1.);
#1956 = DIRECTION('',(0.,1.110223024625E-15,1.));
#1957 = ORIENTED_EDGE('',*,*,#1958,.F.);
#1958 = EDGE_CURVE('',#1834,#1951,#1959,.T.);
#1959 = LINE('',#1960,#1961);
#1960 = CARTESIAN_POINT('',(-3.,0.58,2.78));
#1961 = VECTOR('',#1962,1.);
#1962 = DIRECTION('',(0.,1.,1.110223024625E-15));
#1963 = ORIENTED_EDGE('',*,*,#1833,.F.);
#1964 = ORIENTED_EDGE('',*,*,#1929,.T.);
#1965 = PLANE('',#1966);
#1966 = AXIS2_PLACEMENT_3D('',#1967,#1968,#1969);
#1967 = CARTESIAN_POINT('',(-3.,0.58,-2.78));
#1968 = DIRECTION('',(-1.,0.,0.));
#1969 = DIRECTION('',(0.,1.110223024625E-15,1.));
#1970 = ADVANCED_FACE('',(#1971),#1989,.F.);
#1971 = FACE_BOUND('',#1972,.T.);
#1972 = EDGE_LOOP('',(#1973,#1981,#1987,#1988));
#1973 = ORIENTED_EDGE('',*,*,#1974,.T.);
#1974 = EDGE_CURVE('',#1951,#1975,#1977,.T.);
#1975 = VERTEX_POINT('',#1976);
#1976 = CARTESIAN_POINT('',(-2.78,0.68,2.78));
#1977 = LINE('',#1978,#1979);
#1978 = CARTESIAN_POINT('',(-2.78,0.68,2.78));
#1979 = VECTOR('',#1980,1.);
#1980 = DIRECTION('',(1.,2.188556754985E-30,1.971276677246E-15));
#1981 = ORIENTED_EDGE('',*,*,#1982,.F.);
#1982 = EDGE_CURVE('',#1842,#1975,#1983,.T.);
#1983 = LINE('',#1984,#1985);
#1984 = CARTESIAN_POINT('',(-2.78,0.58,2.78));
#1985 = VECTOR('',#1986,1.);
#1986 = DIRECTION('',(0.,1.,1.110223024625E-15));
#1987 = ORIENTED_EDGE('',*,*,#1841,.F.);
#1988 = ORIENTED_EDGE('',*,*,#1958,.T.);
#1989 = PLANE('',#1990);
#1990 = AXIS2_PLACEMENT_3D('',#1991,#1992,#1993);
#1991 = CARTESIAN_POINT('',(-2.78,0.58,2.78));
#1992 = DIRECTION('',(-1.971276677246E-15,1.110223024625E-15,1.));
#1993 = DIRECTION('',(1.,2.188556754985E-30,1.971276677246E-15));
#1994 = ADVANCED_FACE('',(#1995),#2013,.F.);
#1995 = FACE_BOUND('',#1996,.T.);
#1996 = EDGE_LOOP('',(#1997,#2005,#2011,#2012));
#1997 = ORIENTED_EDGE('',*,*,#1998,.T.);
#1998 = EDGE_CURVE('',#1975,#1999,#2001,.T.);
#1999 = VERTEX_POINT('',#2000);
#2000 = CARTESIAN_POINT('',(-2.78,0.68,3.));
#2001 = LINE('',#2002,#2003);
#2002 = CARTESIAN_POINT('',(-2.78,0.68,3.));
#2003 = VECTOR('',#2004,1.);
#2004 = DIRECTION('',(0.,1.110223024625E-15,1.));
#2005 = ORIENTED_EDGE('',*,*,#2006,.F.);
#2006 = EDGE_CURVE('',#1850,#1999,#2007,.T.);
#2007 = LINE('',#2008,#2009);
#2008 = CARTESIAN_POINT('',(-2.78,0.58,3.));
#2009 = VECTOR('',#2010,1.);
#2010 = DIRECTION('',(0.,1.,1.110223024625E-15));
#2011 = ORIENTED_EDGE('',*,*,#1849,.F.);
#2012 = ORIENTED_EDGE('',*,*,#1982,.T.);
#2013 = PLANE('',#2014);
#2014 = AXIS2_PLACEMENT_3D('',#2015,#2016,#2017);
#2015 = CARTESIAN_POINT('',(-2.78,0.58,3.));
#2016 = DIRECTION('',(-1.,0.,0.));
#2017 = DIRECTION('',(0.,1.110223024625E-15,1.));
#2018 = ADVANCED_FACE('',(#2019),#2037,.F.);
#2019 = FACE_BOUND('',#2020,.T.);
#2020 = EDGE_LOOP('',(#2021,#2029,#2035,#2036));
#2021 = ORIENTED_EDGE('',*,*,#2022,.T.);
#2022 = EDGE_CURVE('',#1999,#2023,#2025,.T.);
#2023 = VERTEX_POINT('',#2024);
#2024 = CARTESIAN_POINT('',(2.78,0.68,3.));
#2025 = LINE('',#2026,#2027);
#2026 = CARTESIAN_POINT('',(2.78,0.68,3.));
#2027 = VECTOR('',#2028,1.);
#2028 = DIRECTION('',(1.,-3.463902777675E-31,-3.120006251757E-16));
#2029 = ORIENTED_EDGE('',*,*,#2030,.F.);
#2030 = EDGE_CURVE('',#1858,#2023,#2031,.T.);
#2031 = LINE('',#2032,#2033);
#2032 = CARTESIAN_POINT('',(2.78,0.58,3.));
#2033 = VECTOR('',#2034,1.);
#2034 = DIRECTION('',(0.,1.,1.110223024625E-15));
#2035 = ORIENTED_EDGE('',*,*,#1857,.F.);
#2036 = ORIENTED_EDGE('',*,*,#2006,.T.);
#2037 = PLANE('',#2038);
#2038 = AXIS2_PLACEMENT_3D('',#2039,#2040,#2041);
#2039 = CARTESIAN_POINT('',(2.78,0.58,3.));
#2040 = DIRECTION('',(3.120006251757E-16,1.110223024625E-15,1.));
#2041 = DIRECTION('',(1.,-3.463902777675E-31,-3.120006251757E-16));
#2042 = ADVANCED_FACE('',(#2043),#2061,.F.);
#2043 = FACE_BOUND('',#2044,.T.);
#2044 = EDGE_LOOP('',(#2045,#2053,#2059,#2060));
#2045 = ORIENTED_EDGE('',*,*,#2046,.T.);
#2046 = EDGE_CURVE('',#2023,#2047,#2049,.T.);
#2047 = VERTEX_POINT('',#2048);
#2048 = CARTESIAN_POINT('',(2.78,0.68,2.78));
#2049 = LINE('',#2050,#2051);
#2050 = CARTESIAN_POINT('',(2.78,0.68,3.));
#2051 = VECTOR('',#2052,1.);
#2052 = DIRECTION('',(0.,-1.110223024625E-15,-1.));
#2053 = ORIENTED_EDGE('',*,*,#2054,.F.);
#2054 = EDGE_CURVE('',#1866,#2047,#2055,.T.);
#2055 = LINE('',#2056,#2057);
#2056 = CARTESIAN_POINT('',(2.78,0.58,2.78));
#2057 = VECTOR('',#2058,1.);
#2058 = DIRECTION('',(0.,1.,1.110223024625E-15));
#2059 = ORIENTED_EDGE('',*,*,#1865,.F.);
#2060 = ORIENTED_EDGE('',*,*,#2030,.T.);
#2061 = PLANE('',#2062);
#2062 = AXIS2_PLACEMENT_3D('',#2063,#2064,#2065);
#2063 = CARTESIAN_POINT('',(2.78,0.58,3.));
#2064 = DIRECTION('',(1.,0.,-0.));
#2065 = DIRECTION('',(0.,1.,1.110223024625E-15));
#2066 = ADVANCED_FACE('',(#2067),#2085,.F.);
#2067 = FACE_BOUND('',#2068,.T.);
#2068 = EDGE_LOOP('',(#2069,#2077,#2083,#2084));
#2069 = ORIENTED_EDGE('',*,*,#2070,.T.);
#2070 = EDGE_CURVE('',#2047,#2071,#2073,.T.);
#2071 = VERTEX_POINT('',#2072);
#2072 = CARTESIAN_POINT('',(3.,0.68,2.78));
#2073 = LINE('',#2074,#2075);
#2074 = CARTESIAN_POINT('',(2.78,0.68,2.78));
#2075 = VECTOR('',#2076,1.);
#2076 = DIRECTION('',(1.,-2.188556754985E-30,-1.971276677246E-15));
#2077 = ORIENTED_EDGE('',*,*,#2078,.F.);
#2078 = EDGE_CURVE('',#1874,#2071,#2079,.T.);
#2079 = LINE('',#2080,#2081);
#2080 = CARTESIAN_POINT('',(3.,0.58,2.78));
#2081 = VECTOR('',#2082,1.);
#2082 = DIRECTION('',(0.,1.,1.110223024625E-15));
#2083 = ORIENTED_EDGE('',*,*,#1873,.F.);
#2084 = ORIENTED_EDGE('',*,*,#2054,.T.);
#2085 = PLANE('',#2086);
#2086 = AXIS2_PLACEMENT_3D('',#2087,#2088,#2089);
#2087 = CARTESIAN_POINT('',(2.78,0.58,2.78));
#2088 = DIRECTION('',(1.971276677246E-15,1.110223024625E-15,1.));
#2089 = DIRECTION('',(1.,-2.188556754985E-30,-1.971276677246E-15));
#2090 = ADVANCED_FACE('',(#2091),#2109,.F.);
#2091 = FACE_BOUND('',#2092,.T.);
#2092 = EDGE_LOOP('',(#2093,#2101,#2107,#2108));
#2093 = ORIENTED_EDGE('',*,*,#2094,.T.);
#2094 = EDGE_CURVE('',#2071,#2095,#2097,.T.);
#2095 = VERTEX_POINT('',#2096);
#2096 = CARTESIAN_POINT('',(3.,0.68,-2.78));
#2097 = LINE('',#2098,#2099);
#2098 = CARTESIAN_POINT('',(3.,0.68,-2.78));
#2099 = VECTOR('',#2100,1.);
#2100 = DIRECTION('',(-1.560003125878E-16,-1.110223024625E-15,-1.));
#2101 = ORIENTED_EDGE('',*,*,#2102,.F.);
#2102 = EDGE_CURVE('',#1882,#2095,#2103,.T.);
#2103 = LINE('',#2104,#2105);
#2104 = CARTESIAN_POINT('',(3.,0.58,-2.78));
#2105 = VECTOR('',#2106,1.);
#2106 = DIRECTION('',(0.,1.,1.110223024625E-15));
#2107 = ORIENTED_EDGE('',*,*,#1881,.F.);
#2108 = ORIENTED_EDGE('',*,*,#2078,.T.);
#2109 = PLANE('',#2110);
#2110 = AXIS2_PLACEMENT_3D('',#2111,#2112,#2113);
#2111 = CARTESIAN_POINT('',(3.,0.58,-2.78));
#2112 = DIRECTION('',(1.,-1.731951388837E-31,-1.560003125878E-16));
#2113 = DIRECTION('',(-1.560003125878E-16,-1.110223024625E-15,-1.));
#2114 = ADVANCED_FACE('',(#2115),#2133,.F.);
#2115 = FACE_BOUND('',#2116,.T.);
#2116 = EDGE_LOOP('',(#2117,#2125,#2131,#2132));
#2117 = ORIENTED_EDGE('',*,*,#2118,.T.);
#2118 = EDGE_CURVE('',#2095,#2119,#2121,.T.);
#2119 = VERTEX_POINT('',#2120);
#2120 = CARTESIAN_POINT('',(2.78,0.68,-2.78));
#2121 = LINE('',#2122,#2123);
#2122 = CARTESIAN_POINT('',(2.78,0.68,-2.78));
#2123 = VECTOR('',#2124,1.);
#2124 = DIRECTION('',(-1.,-2.188556754985E-30,-1.971276677246E-15));
#2125 = ORIENTED_EDGE('',*,*,#2126,.F.);
#2126 = EDGE_CURVE('',#1890,#2119,#2127,.T.);
#2127 = LINE('',#2128,#2129);
#2128 = CARTESIAN_POINT('',(2.78,0.58,-2.78));
#2129 = VECTOR('',#2130,1.);
#2130 = DIRECTION('',(0.,1.,1.110223024625E-15));
#2131 = ORIENTED_EDGE('',*,*,#1889,.F.);
#2132 = ORIENTED_EDGE('',*,*,#2102,.T.);
#2133 = PLANE('',#2134);
#2134 = AXIS2_PLACEMENT_3D('',#2135,#2136,#2137);
#2135 = CARTESIAN_POINT('',(2.78,0.58,-2.78));
#2136 = DIRECTION('',(1.971276677246E-15,1.110223024625E-15,-1.));
#2137 = DIRECTION('',(0.,-1.,-1.110223024625E-15));
#2138 = ADVANCED_FACE('',(#2139),#2157,.F.);
#2139 = FACE_BOUND('',#2140,.T.);
#2140 = EDGE_LOOP('',(#2141,#2149,#2155,#2156));
#2141 = ORIENTED_EDGE('',*,*,#2142,.T.);
#2142 = EDGE_CURVE('',#2119,#2143,#2145,.T.);
#2143 = VERTEX_POINT('',#2144);
#2144 = CARTESIAN_POINT('',(2.78,0.68,-3.));
#2145 = LINE('',#2146,#2147);
#2146 = CARTESIAN_POINT('',(2.78,0.68,-3.));
#2147 = VECTOR('',#2148,1.);
#2148 = DIRECTION('',(0.,-1.110223024625E-15,-1.));
#2149 = ORIENTED_EDGE('',*,*,#2150,.F.);
#2150 = EDGE_CURVE('',#1898,#2143,#2151,.T.);
#2151 = LINE('',#2152,#2153);
#2152 = CARTESIAN_POINT('',(2.78,0.58,-3.));
#2153 = VECTOR('',#2154,1.);
#2154 = DIRECTION('',(0.,1.,1.110223024625E-15));
#2155 = ORIENTED_EDGE('',*,*,#1897,.F.);
#2156 = ORIENTED_EDGE('',*,*,#2126,.T.);
#2157 = PLANE('',#2158);
#2158 = AXIS2_PLACEMENT_3D('',#2159,#2160,#2161);
#2159 = CARTESIAN_POINT('',(2.78,0.58,-3.));
#2160 = DIRECTION('',(1.,0.,-0.));
#2161 = DIRECTION('',(0.,1.,1.110223024625E-15));
#2162 = ADVANCED_FACE('',(#2163),#2181,.F.);
#2163 = FACE_BOUND('',#2164,.T.);
#2164 = EDGE_LOOP('',(#2165,#2173,#2179,#2180));
#2165 = ORIENTED_EDGE('',*,*,#2166,.T.);
#2166 = EDGE_CURVE('',#2143,#2167,#2169,.T.);
#2167 = VERTEX_POINT('',#2168);
#2168 = CARTESIAN_POINT('',(-2.78,0.68,-3.));
#2169 = LINE('',#2170,#2171);
#2170 = CARTESIAN_POINT('',(2.78,0.68,-3.));
#2171 = VECTOR('',#2172,1.);
#2172 = DIRECTION('',(-1.,0.,0.));
#2173 = ORIENTED_EDGE('',*,*,#2174,.F.);
#2174 = EDGE_CURVE('',#1816,#2167,#2175,.T.);
#2175 = LINE('',#2176,#2177);
#2176 = CARTESIAN_POINT('',(-2.78,0.58,-3.));
#2177 = VECTOR('',#2178,1.);
#2178 = DIRECTION('',(0.,1.,1.110223024625E-15));
#2179 = ORIENTED_EDGE('',*,*,#1905,.F.);
#2180 = ORIENTED_EDGE('',*,*,#2150,.T.);
#2181 = PLANE('',#2182);
#2182 = AXIS2_PLACEMENT_3D('',#2183,#2184,#2185);
#2183 = CARTESIAN_POINT('',(2.78,0.58,-3.));
#2184 = DIRECTION('',(0.,1.110223024625E-15,-1.));
#2185 = DIRECTION('',(0.,-1.,-1.110223024625E-15));
#2186 = ADVANCED_FACE('',(#2187),#2198,.F.);
#2187 = FACE_BOUND('',#2188,.T.);
#2188 = EDGE_LOOP('',(#2189,#2195,#2196,#2197));
#2189 = ORIENTED_EDGE('',*,*,#2190,.T.);
#2190 = EDGE_CURVE('',#2167,#1920,#2191,.T.);
#2191 = LINE('',#2192,#2193);
#2192 = CARTESIAN_POINT('',(-2.78,0.68,-3.));
#2193 = VECTOR('',#2194,1.);
#2194 = DIRECTION('',(0.,1.110223024625E-15,1.));
#2195 = ORIENTED_EDGE('',*,*,#1936,.F.);
#2196 = ORIENTED_EDGE('',*,*,#1815,.F.);
#2197 = ORIENTED_EDGE('',*,*,#2174,.T.);
#2198 = PLANE('',#2199);
#2199 = AXIS2_PLACEMENT_3D('',#2200,#2201,#2202);
#2200 = CARTESIAN_POINT('',(-2.78,0.58,-3.));
#2201 = DIRECTION('',(-1.,0.,0.));
#2202 = DIRECTION('',(0.,1.110223024625E-15,1.));
#2203 = ADVANCED_FACE('',(#2204),#2238,.T.);
#2204 = FACE_BOUND('',#2205,.T.);
#2205 = EDGE_LOOP('',(#2206,#2216,#2224,#2232));
#2206 = ORIENTED_EDGE('',*,*,#2207,.T.);
#2207 = EDGE_CURVE('',#2208,#2210,#2212,.T.);
#2208 = VERTEX_POINT('',#2209);
#2209 = CARTESIAN_POINT('',(-2.95,0.58,2.95));
#2210 = VERTEX_POINT('',#2211);
#2211 = CARTESIAN_POINT('',(-2.85,0.58,2.95));
#2212 = LINE('',#2213,#2214);
#2213 = CARTESIAN_POINT('',(-2.95,0.58,2.95));
#2214 = VECTOR('',#2215,1.);
#2215 = DIRECTION('',(1.,0.,0.));
#2216 = ORIENTED_EDGE('',*,*,#2217,.T.);
#2217 = EDGE_CURVE('',#2210,#2218,#2220,.T.);
#2218 = VERTEX_POINT('',#2219);
#2219 = CARTESIAN_POINT('',(-2.85,0.58,2.85));
#2220 = LINE('',#2221,#2222);
#2221 = CARTESIAN_POINT('',(-2.85,0.58,2.95));
#2222 = VECTOR('',#2223,1.);
#2223 = DIRECTION('',(0.,-1.110223024625E-15,-1.));
#2224 = ORIENTED_EDGE('',*,*,#2225,.T.);
#2225 = EDGE_CURVE('',#2218,#2226,#2228,.T.);
#2226 = VERTEX_POINT('',#2227);
#2227 = CARTESIAN_POINT('',(-2.95,0.58,2.85));
#2228 = LINE('',#2229,#2230);
#2229 = CARTESIAN_POINT('',(-2.95,0.58,2.85));
#2230 = VECTOR('',#2231,1.);
#2231 = DIRECTION('',(-1.,0.,0.));
#2232 = ORIENTED_EDGE('',*,*,#2233,.T.);
#2233 = EDGE_CURVE('',#2226,#2208,#2234,.T.);
#2234 = LINE('',#2235,#2236);
#2235 = CARTESIAN_POINT('',(-2.95,0.58,2.95));
#2236 = VECTOR('',#2237,1.);
#2237 = DIRECTION('',(0.,1.110223024625E-15,1.));
#2238 = PLANE('',#2239);
#2239 = AXIS2_PLACEMENT_3D('',#2240,#2241,#2242);
#2240 = CARTESIAN_POINT('',(0.,0.58,6.439293542826E-16));
#2241 = DIRECTION('',(-0.,1.,1.110223024625E-15));
#2242 = DIRECTION('',(1.,0.,0.));
#2243 = ADVANCED_FACE('',(#2244),#2269,.F.);
#2244 = FACE_BOUND('',#2245,.T.);
#2245 = EDGE_LOOP('',(#2246,#2256,#2262,#2263));
#2246 = ORIENTED_EDGE('',*,*,#2247,.T.);
#2247 = EDGE_CURVE('',#2248,#2250,#2252,.T.);
#2248 = VERTEX_POINT('',#2249);
#2249 = CARTESIAN_POINT('',(-2.85,0.68,2.95));
#2250 = VERTEX_POINT('',#2251);
#2251 = CARTESIAN_POINT('',(-2.85,0.68,2.85));
#2252 = LINE('',#2253,#2254);
#2253 = CARTESIAN_POINT('',(-2.85,0.68,2.95));
#2254 = VECTOR('',#2255,1.);
#2255 = DIRECTION('',(0.,-1.110223024625E-15,-1.));
#2256 = ORIENTED_EDGE('',*,*,#2257,.F.);
#2257 = EDGE_CURVE('',#2218,#2250,#2258,.T.);
#2258 = LINE('',#2259,#2260);
#2259 = CARTESIAN_POINT('',(-2.85,0.58,2.85));
#2260 = VECTOR('',#2261,1.);
#2261 = DIRECTION('',(0.,1.,1.110223024625E-15));
#2262 = ORIENTED_EDGE('',*,*,#2217,.F.);
#2263 = ORIENTED_EDGE('',*,*,#2264,.T.);
#2264 = EDGE_CURVE('',#2210,#2248,#2265,.T.);
#2265 = LINE('',#2266,#2267);
#2266 = CARTESIAN_POINT('',(-2.85,0.58,2.95));
#2267 = VECTOR('',#2268,1.);
#2268 = DIRECTION('',(0.,1.,1.110223024625E-15));
#2269 = PLANE('',#2270);
#2270 = AXIS2_PLACEMENT_3D('',#2271,#2272,#2273);
#2271 = CARTESIAN_POINT('',(-2.85,0.58,2.95));
#2272 = DIRECTION('',(1.,0.,-0.));
#2273 = DIRECTION('',(0.,1.,1.110223024625E-15));
#2274 = ADVANCED_FACE('',(#2275),#2293,.F.);
#2275 = FACE_BOUND('',#2276,.T.);
#2276 = EDGE_LOOP('',(#2277,#2285,#2291,#2292));
#2277 = ORIENTED_EDGE('',*,*,#2278,.T.);
#2278 = EDGE_CURVE('',#2250,#2279,#2281,.T.);
#2279 = VERTEX_POINT('',#2280);
#2280 = CARTESIAN_POINT('',(-2.95,0.68,2.85));
#2281 = LINE('',#2282,#2283);
#2282 = CARTESIAN_POINT('',(-2.95,0.68,2.85));
#2283 = VECTOR('',#2284,1.);
#2284 = DIRECTION('',(-1.,0.,0.));
#2285 = ORIENTED_EDGE('',*,*,#2286,.F.);
#2286 = EDGE_CURVE('',#2226,#2279,#2287,.T.);
#2287 = LINE('',#2288,#2289);
#2288 = CARTESIAN_POINT('',(-2.95,0.58,2.85));
#2289 = VECTOR('',#2290,1.);
#2290 = DIRECTION('',(0.,1.,1.110223024625E-15));
#2291 = ORIENTED_EDGE('',*,*,#2225,.F.);
#2292 = ORIENTED_EDGE('',*,*,#2257,.T.);
#2293 = PLANE('',#2294);
#2294 = AXIS2_PLACEMENT_3D('',#2295,#2296,#2297);
#2295 = CARTESIAN_POINT('',(-2.95,0.58,2.85));
#2296 = DIRECTION('',(0.,1.110223024625E-15,-1.));
#2297 = DIRECTION('',(0.,-1.,-1.110223024625E-15));
#2298 = ADVANCED_FACE('',(#2299),#2317,.F.);
#2299 = FACE_BOUND('',#2300,.T.);
#2300 = EDGE_LOOP('',(#2301,#2309,#2315,#2316));
#2301 = ORIENTED_EDGE('',*,*,#2302,.T.);
#2302 = EDGE_CURVE('',#2279,#2303,#2305,.T.);
#2303 = VERTEX_POINT('',#2304);
#2304 = CARTESIAN_POINT('',(-2.95,0.68,2.95));
#2305 = LINE('',#2306,#2307);
#2306 = CARTESIAN_POINT('',(-2.95,0.68,2.95));
#2307 = VECTOR('',#2308,1.);
#2308 = DIRECTION('',(0.,1.110223024625E-15,1.));
#2309 = ORIENTED_EDGE('',*,*,#2310,.F.);
#2310 = EDGE_CURVE('',#2208,#2303,#2311,.T.);
#2311 = LINE('',#2312,#2313);
#2312 = CARTESIAN_POINT('',(-2.95,0.58,2.95));
#2313 = VECTOR('',#2314,1.);
#2314 = DIRECTION('',(0.,1.,1.110223024625E-15));
#2315 = ORIENTED_EDGE('',*,*,#2233,.F.);
#2316 = ORIENTED_EDGE('',*,*,#2286,.T.);
#2317 = PLANE('',#2318);
#2318 = AXIS2_PLACEMENT_3D('',#2319,#2320,#2321);
#2319 = CARTESIAN_POINT('',(-2.95,0.58,2.95));
#2320 = DIRECTION('',(-1.,0.,0.));
#2321 = DIRECTION('',(0.,1.110223024625E-15,1.));
#2322 = ADVANCED_FACE('',(#2323),#2334,.F.);
#2323 = FACE_BOUND('',#2324,.T.);
#2324 = EDGE_LOOP('',(#2325,#2331,#2332,#2333));
#2325 = ORIENTED_EDGE('',*,*,#2326,.T.);
#2326 = EDGE_CURVE('',#2303,#2248,#2327,.T.);
#2327 = LINE('',#2328,#2329);
#2328 = CARTESIAN_POINT('',(-2.95,0.68,2.95));
#2329 = VECTOR('',#2330,1.);
#2330 = DIRECTION('',(1.,0.,0.));
#2331 = ORIENTED_EDGE('',*,*,#2264,.F.);
#2332 = ORIENTED_EDGE('',*,*,#2207,.F.);
#2333 = ORIENTED_EDGE('',*,*,#2310,.T.);
#2334 = PLANE('',#2335);
#2335 = AXIS2_PLACEMENT_3D('',#2336,#2337,#2338);
#2336 = CARTESIAN_POINT('',(-2.95,0.58,2.95));
#2337 = DIRECTION('',(-0.,1.110223024625E-15,1.));
#2338 = DIRECTION('',(1.,0.,0.));
#2339 = ADVANCED_FACE('',(#2340),#2374,.T.);
#2340 = FACE_BOUND('',#2341,.T.);
#2341 = EDGE_LOOP('',(#2342,#2352,#2360,#2368));
#2342 = ORIENTED_EDGE('',*,*,#2343,.T.);
#2343 = EDGE_CURVE('',#2344,#2346,#2348,.T.);
#2344 = VERTEX_POINT('',#2345);
#2345 = CARTESIAN_POINT('',(-2.95,0.58,-2.95));
#2346 = VERTEX_POINT('',#2347);
#2347 = CARTESIAN_POINT('',(-2.95,0.58,-2.85));
#2348 = LINE('',#2349,#2350);
#2349 = CARTESIAN_POINT('',(-2.95,0.58,-2.95));
#2350 = VECTOR('',#2351,1.);
#2351 = DIRECTION('',(3.469446951954E-14,1.110223024625E-15,1.));
#2352 = ORIENTED_EDGE('',*,*,#2353,.T.);
#2353 = EDGE_CURVE('',#2346,#2354,#2356,.T.);
#2354 = VERTEX_POINT('',#2355);
#2355 = CARTESIAN_POINT('',(-2.85,0.58,-2.85));
#2356 = LINE('',#2357,#2358);
#2357 = CARTESIAN_POINT('',(-2.95,0.58,-2.85));
#2358 = VECTOR('',#2359,1.);
#2359 = DIRECTION('',(1.,1.925929944387E-29,1.734723475977E-14));
#2360 = ORIENTED_EDGE('',*,*,#2361,.T.);
#2361 = EDGE_CURVE('',#2354,#2362,#2364,.T.);
#2362 = VERTEX_POINT('',#2363);
#2363 = CARTESIAN_POINT('',(-2.85,0.58,-2.95));
#2364 = LINE('',#2365,#2366);
#2365 = CARTESIAN_POINT('',(-2.85,0.58,-2.95));
#2366 = VECTOR('',#2367,1.);
#2367 = DIRECTION('',(0.,-1.110223024625E-15,-1.));
#2368 = ORIENTED_EDGE('',*,*,#2369,.T.);
#2369 = EDGE_CURVE('',#2362,#2344,#2370,.T.);
#2370 = LINE('',#2371,#2372);
#2371 = CARTESIAN_POINT('',(-2.95,0.58,-2.95));
#2372 = VECTOR('',#2373,1.);
#2373 = DIRECTION('',(-1.,0.,0.));
#2374 = PLANE('',#2375);
#2375 = AXIS2_PLACEMENT_3D('',#2376,#2377,#2378);
#2376 = CARTESIAN_POINT('',(0.,0.58,6.439293542826E-16));
#2377 = DIRECTION('',(-0.,1.,1.110223024625E-15));
#2378 = DIRECTION('',(1.,0.,0.));
#2379 = ADVANCED_FACE('',(#2380),#2405,.F.);
#2380 = FACE_BOUND('',#2381,.T.);
#2381 = EDGE_LOOP('',(#2382,#2392,#2398,#2399));
#2382 = ORIENTED_EDGE('',*,*,#2383,.T.);
#2383 = EDGE_CURVE('',#2384,#2386,#2388,.T.);
#2384 = VERTEX_POINT('',#2385);
#2385 = CARTESIAN_POINT('',(-2.95,0.68,-2.85));
#2386 = VERTEX_POINT('',#2387);
#2387 = CARTESIAN_POINT('',(-2.85,0.68,-2.85));
#2388 = LINE('',#2389,#2390);
#2389 = CARTESIAN_POINT('',(-2.95,0.68,-2.85));
#2390 = VECTOR('',#2391,1.);
#2391 = DIRECTION('',(1.,1.925929944387E-29,1.734723475977E-14));
#2392 = ORIENTED_EDGE('',*,*,#2393,.F.);
#2393 = EDGE_CURVE('',#2354,#2386,#2394,.T.);
#2394 = LINE('',#2395,#2396);
#2395 = CARTESIAN_POINT('',(-2.85,0.58,-2.85));
#2396 = VECTOR('',#2397,1.);
#2397 = DIRECTION('',(0.,1.,1.110223024625E-15));
#2398 = ORIENTED_EDGE('',*,*,#2353,.F.);
#2399 = ORIENTED_EDGE('',*,*,#2400,.T.);
#2400 = EDGE_CURVE('',#2346,#2384,#2401,.T.);
#2401 = LINE('',#2402,#2403);
#2402 = CARTESIAN_POINT('',(-2.95,0.58,-2.85));
#2403 = VECTOR('',#2404,1.);
#2404 = DIRECTION('',(0.,1.,1.110223024625E-15));
#2405 = PLANE('',#2406);
#2406 = AXIS2_PLACEMENT_3D('',#2407,#2408,#2409);
#2407 = CARTESIAN_POINT('',(-2.95,0.58,-2.85));
#2408 = DIRECTION('',(-1.734723475977E-14,1.110223024625E-15,1.));
#2409 = DIRECTION('',(1.,1.925929944387E-29,1.734723475977E-14));
#2410 = ADVANCED_FACE('',(#2411),#2429,.F.);
#2411 = FACE_BOUND('',#2412,.T.);
#2412 = EDGE_LOOP('',(#2413,#2421,#2427,#2428));
#2413 = ORIENTED_EDGE('',*,*,#2414,.T.);
#2414 = EDGE_CURVE('',#2386,#2415,#2417,.T.);
#2415 = VERTEX_POINT('',#2416);
#2416 = CARTESIAN_POINT('',(-2.85,0.68,-2.95));
#2417 = LINE('',#2418,#2419);
#2418 = CARTESIAN_POINT('',(-2.85,0.68,-2.95));
#2419 = VECTOR('',#2420,1.);
#2420 = DIRECTION('',(0.,-1.110223024625E-15,-1.));
#2421 = ORIENTED_EDGE('',*,*,#2422,.F.);
#2422 = EDGE_CURVE('',#2362,#2415,#2423,.T.);
#2423 = LINE('',#2424,#2425);
#2424 = CARTESIAN_POINT('',(-2.85,0.58,-2.95));
#2425 = VECTOR('',#2426,1.);
#2426 = DIRECTION('',(0.,1.,1.110223024625E-15));
#2427 = ORIENTED_EDGE('',*,*,#2361,.F.);
#2428 = ORIENTED_EDGE('',*,*,#2393,.T.);
#2429 = PLANE('',#2430);
#2430 = AXIS2_PLACEMENT_3D('',#2431,#2432,#2433);
#2431 = CARTESIAN_POINT('',(-2.85,0.58,-2.95));
#2432 = DIRECTION('',(1.,0.,-0.));
#2433 = DIRECTION('',(0.,1.,1.110223024625E-15));
#2434 = ADVANCED_FACE('',(#2435),#2453,.F.);
#2435 = FACE_BOUND('',#2436,.T.);
#2436 = EDGE_LOOP('',(#2437,#2445,#2451,#2452));
#2437 = ORIENTED_EDGE('',*,*,#2438,.T.);
#2438 = EDGE_CURVE('',#2415,#2439,#2441,.T.);
#2439 = VERTEX_POINT('',#2440);
#2440 = CARTESIAN_POINT('',(-2.95,0.68,-2.95));
#2441 = LINE('',#2442,#2443);
#2442 = CARTESIAN_POINT('',(-2.95,0.68,-2.95));
#2443 = VECTOR('',#2444,1.);
#2444 = DIRECTION('',(-1.,0.,0.));
#2445 = ORIENTED_EDGE('',*,*,#2446,.F.);
#2446 = EDGE_CURVE('',#2344,#2439,#2447,.T.);
#2447 = LINE('',#2448,#2449);
#2448 = CARTESIAN_POINT('',(-2.95,0.58,-2.95));
#2449 = VECTOR('',#2450,1.);
#2450 = DIRECTION('',(0.,1.,1.110223024625E-15));
#2451 = ORIENTED_EDGE('',*,*,#2369,.F.);
#2452 = ORIENTED_EDGE('',*,*,#2422,.T.);
#2453 = PLANE('',#2454);
#2454 = AXIS2_PLACEMENT_3D('',#2455,#2456,#2457);
#2455 = CARTESIAN_POINT('',(-2.95,0.58,-2.95));
#2456 = DIRECTION('',(0.,1.110223024625E-15,-1.));
#2457 = DIRECTION('',(0.,-1.,-1.110223024625E-15));
#2458 = ADVANCED_FACE('',(#2459),#2470,.F.);
#2459 = FACE_BOUND('',#2460,.T.);
#2460 = EDGE_LOOP('',(#2461,#2467,#2468,#2469));
#2461 = ORIENTED_EDGE('',*,*,#2462,.T.);
#2462 = EDGE_CURVE('',#2439,#2384,#2463,.T.);
#2463 = LINE('',#2464,#2465);
#2464 = CARTESIAN_POINT('',(-2.95,0.68,-2.95));
#2465 = VECTOR('',#2466,1.);
#2466 = DIRECTION('',(3.469446951954E-14,1.110223024625E-15,1.));
#2467 = ORIENTED_EDGE('',*,*,#2400,.F.);
#2468 = ORIENTED_EDGE('',*,*,#2343,.F.);
#2469 = ORIENTED_EDGE('',*,*,#2446,.T.);
#2470 = PLANE('',#2471);
#2471 = AXIS2_PLACEMENT_3D('',#2472,#2473,#2474);
#2472 = CARTESIAN_POINT('',(-2.95,0.58,-2.95));
#2473 = DIRECTION('',(-1.,-3.851859888775E-29,3.469446951954E-14));
#2474 = DIRECTION('',(0.,1.,1.110223024625E-15));
#2475 = ADVANCED_FACE('',(#2476),#2510,.T.);
#2476 = FACE_BOUND('',#2477,.T.);
#2477 = EDGE_LOOP('',(#2478,#2488,#2496,#2504));
#2478 = ORIENTED_EDGE('',*,*,#2479,.T.);
#2479 = EDGE_CURVE('',#2480,#2482,#2484,.T.);
#2480 = VERTEX_POINT('',#2481);
#2481 = CARTESIAN_POINT('',(2.95,0.58,2.95));
#2482 = VERTEX_POINT('',#2483);
#2483 = CARTESIAN_POINT('',(2.95,0.58,2.85));
#2484 = LINE('',#2485,#2486);
#2485 = CARTESIAN_POINT('',(2.95,0.58,2.95));
#2486 = VECTOR('',#2487,1.);
#2487 = DIRECTION('',(0.,-1.110223024625E-15,-1.));
#2488 = ORIENTED_EDGE('',*,*,#2489,.T.);
#2489 = EDGE_CURVE('',#2482,#2490,#2492,.T.);
#2490 = VERTEX_POINT('',#2491);
#2491 = CARTESIAN_POINT('',(2.85,0.58,2.85));
#2492 = LINE('',#2493,#2494);
#2493 = CARTESIAN_POINT('',(2.95,0.58,2.85));
#2494 = VECTOR('',#2495,1.);
#2495 = DIRECTION('',(-1.,0.,0.));
#2496 = ORIENTED_EDGE('',*,*,#2497,.T.);
#2497 = EDGE_CURVE('',#2490,#2498,#2500,.T.);
#2498 = VERTEX_POINT('',#2499);
#2499 = CARTESIAN_POINT('',(2.85,0.58,2.95));
#2500 = LINE('',#2501,#2502);
#2501 = CARTESIAN_POINT('',(2.85,0.58,2.95));
#2502 = VECTOR('',#2503,1.);
#2503 = DIRECTION('',(0.,1.110223024625E-15,1.));
#2504 = ORIENTED_EDGE('',*,*,#2505,.T.);
#2505 = EDGE_CURVE('',#2498,#2480,#2506,.T.);
#2506 = LINE('',#2507,#2508);
#2507 = CARTESIAN_POINT('',(2.95,0.58,2.95));
#2508 = VECTOR('',#2509,1.);
#2509 = DIRECTION('',(1.,0.,0.));
#2510 = PLANE('',#2511);
#2511 = AXIS2_PLACEMENT_3D('',#2512,#2513,#2514);
#2512 = CARTESIAN_POINT('',(0.,0.58,6.439293542826E-16));
#2513 = DIRECTION('',(-0.,1.,1.110223024625E-15));
#2514 = DIRECTION('',(1.,0.,0.));
#2515 = ADVANCED_FACE('',(#2516),#2541,.F.);
#2516 = FACE_BOUND('',#2517,.T.);
#2517 = EDGE_LOOP('',(#2518,#2528,#2534,#2535));
#2518 = ORIENTED_EDGE('',*,*,#2519,.T.);
#2519 = EDGE_CURVE('',#2520,#2522,#2524,.T.);
#2520 = VERTEX_POINT('',#2521);
#2521 = CARTESIAN_POINT('',(2.95,0.68,2.85));
#2522 = VERTEX_POINT('',#2523);
#2523 = CARTESIAN_POINT('',(2.85,0.68,2.85));
#2524 = LINE('',#2525,#2526);
#2525 = CARTESIAN_POINT('',(2.95,0.68,2.85));
#2526 = VECTOR('',#2527,1.);
#2527 = DIRECTION('',(-1.,0.,0.));
#2528 = ORIENTED_EDGE('',*,*,#2529,.F.);
#2529 = EDGE_CURVE('',#2490,#2522,#2530,.T.);
#2530 = LINE('',#2531,#2532);
#2531 = CARTESIAN_POINT('',(2.85,0.58,2.85));
#2532 = VECTOR('',#2533,1.);
#2533 = DIRECTION('',(0.,1.,1.110223024625E-15));
#2534 = ORIENTED_EDGE('',*,*,#2489,.F.);
#2535 = ORIENTED_EDGE('',*,*,#2536,.T.);
#2536 = EDGE_CURVE('',#2482,#2520,#2537,.T.);
#2537 = LINE('',#2538,#2539);
#2538 = CARTESIAN_POINT('',(2.95,0.58,2.85));
#2539 = VECTOR('',#2540,1.);
#2540 = DIRECTION('',(0.,1.,1.110223024625E-15));
#2541 = PLANE('',#2542);
#2542 = AXIS2_PLACEMENT_3D('',#2543,#2544,#2545);
#2543 = CARTESIAN_POINT('',(2.95,0.58,2.85));
#2544 = DIRECTION('',(0.,1.110223024625E-15,-1.));
#2545 = DIRECTION('',(0.,-1.,-1.110223024625E-15));
#2546 = ADVANCED_FACE('',(#2547),#2565,.F.);
#2547 = FACE_BOUND('',#2548,.T.);
#2548 = EDGE_LOOP('',(#2549,#2557,#2563,#2564));
#2549 = ORIENTED_EDGE('',*,*,#2550,.T.);
#2550 = EDGE_CURVE('',#2522,#2551,#2553,.T.);
#2551 = VERTEX_POINT('',#2552);
#2552 = CARTESIAN_POINT('',(2.85,0.68,2.95));
#2553 = LINE('',#2554,#2555);
#2554 = CARTESIAN_POINT('',(2.85,0.68,2.95));
#2555 = VECTOR('',#2556,1.);
#2556 = DIRECTION('',(0.,1.110223024625E-15,1.));
#2557 = ORIENTED_EDGE('',*,*,#2558,.F.);
#2558 = EDGE_CURVE('',#2498,#2551,#2559,.T.);
#2559 = LINE('',#2560,#2561);
#2560 = CARTESIAN_POINT('',(2.85,0.58,2.95));
#2561 = VECTOR('',#2562,1.);
#2562 = DIRECTION('',(0.,1.,1.110223024625E-15));
#2563 = ORIENTED_EDGE('',*,*,#2497,.F.);
#2564 = ORIENTED_EDGE('',*,*,#2529,.T.);
#2565 = PLANE('',#2566);
#2566 = AXIS2_PLACEMENT_3D('',#2567,#2568,#2569);
#2567 = CARTESIAN_POINT('',(2.85,0.58,2.95));
#2568 = DIRECTION('',(-1.,0.,0.));
#2569 = DIRECTION('',(0.,1.110223024625E-15,1.));
#2570 = ADVANCED_FACE('',(#2571),#2589,.F.);
#2571 = FACE_BOUND('',#2572,.T.);
#2572 = EDGE_LOOP('',(#2573,#2581,#2587,#2588));
#2573 = ORIENTED_EDGE('',*,*,#2574,.T.);
#2574 = EDGE_CURVE('',#2551,#2575,#2577,.T.);
#2575 = VERTEX_POINT('',#2576);
#2576 = CARTESIAN_POINT('',(2.95,0.68,2.95));
#2577 = LINE('',#2578,#2579);
#2578 = CARTESIAN_POINT('',(2.95,0.68,2.95));
#2579 = VECTOR('',#2580,1.);
#2580 = DIRECTION('',(1.,0.,0.));
#2581 = ORIENTED_EDGE('',*,*,#2582,.F.);
#2582 = EDGE_CURVE('',#2480,#2575,#2583,.T.);
#2583 = LINE('',#2584,#2585);
#2584 = CARTESIAN_POINT('',(2.95,0.58,2.95));
#2585 = VECTOR('',#2586,1.);
#2586 = DIRECTION('',(0.,1.,1.110223024625E-15));
#2587 = ORIENTED_EDGE('',*,*,#2505,.F.);
#2588 = ORIENTED_EDGE('',*,*,#2558,.T.);
#2589 = PLANE('',#2590);
#2590 = AXIS2_PLACEMENT_3D('',#2591,#2592,#2593);
#2591 = CARTESIAN_POINT('',(2.95,0.58,2.95));
#2592 = DIRECTION('',(-0.,1.110223024625E-15,1.));
#2593 = DIRECTION('',(1.,0.,0.));
#2594 = ADVANCED_FACE('',(#2595),#2606,.F.);
#2595 = FACE_BOUND('',#2596,.T.);
#2596 = EDGE_LOOP('',(#2597,#2603,#2604,#2605));
#2597 = ORIENTED_EDGE('',*,*,#2598,.T.);
#2598 = EDGE_CURVE('',#2575,#2520,#2599,.T.);
#2599 = LINE('',#2600,#2601);
#2600 = CARTESIAN_POINT('',(2.95,0.68,2.95));
#2601 = VECTOR('',#2602,1.);
#2602 = DIRECTION('',(0.,-1.110223024625E-15,-1.));
#2603 = ORIENTED_EDGE('',*,*,#2536,.F.);
#2604 = ORIENTED_EDGE('',*,*,#2479,.F.);
#2605 = ORIENTED_EDGE('',*,*,#2582,.T.);
#2606 = PLANE('',#2607);
#2607 = AXIS2_PLACEMENT_3D('',#2608,#2609,#2610);
#2608 = CARTESIAN_POINT('',(2.95,0.58,2.95));
#2609 = DIRECTION('',(1.,0.,-0.));
#2610 = DIRECTION('',(0.,1.,1.110223024625E-15));
#2611 = ADVANCED_FACE('',(#2612),#2646,.T.);
#2612 = FACE_BOUND('',#2613,.T.);
#2613 = EDGE_LOOP('',(#2614,#2624,#2632,#2640));
#2614 = ORIENTED_EDGE('',*,*,#2615,.T.);
#2615 = EDGE_CURVE('',#2616,#2618,#2620,.T.);
#2616 = VERTEX_POINT('',#2617);
#2617 = CARTESIAN_POINT('',(2.95,0.58,-2.95));
#2618 = VERTEX_POINT('',#2619);
#2619 = CARTESIAN_POINT('',(2.85,0.58,-2.95));
#2620 = LINE('',#2621,#2622);
#2621 = CARTESIAN_POINT('',(2.95,0.58,-2.95));
#2622 = VECTOR('',#2623,1.);
#2623 = DIRECTION('',(-1.,0.,0.));
#2624 = ORIENTED_EDGE('',*,*,#2625,.T.);
#2625 = EDGE_CURVE('',#2618,#2626,#2628,.T.);
#2626 = VERTEX_POINT('',#2627);
#2627 = CARTESIAN_POINT('',(2.85,0.58,-2.85));
#2628 = LINE('',#2629,#2630);
#2629 = CARTESIAN_POINT('',(2.85,0.58,-2.95));
#2630 = VECTOR('',#2631,1.);
#2631 = DIRECTION('',(0.,1.110223024625E-15,1.));
#2632 = ORIENTED_EDGE('',*,*,#2633,.T.);
#2633 = EDGE_CURVE('',#2626,#2634,#2636,.T.);
#2634 = VERTEX_POINT('',#2635);
#2635 = CARTESIAN_POINT('',(2.95,0.58,-2.85));
#2636 = LINE('',#2637,#2638);
#2637 = CARTESIAN_POINT('',(2.95,0.58,-2.85));
#2638 = VECTOR('',#2639,1.);
#2639 = DIRECTION('',(1.,0.,0.));
#2640 = ORIENTED_EDGE('',*,*,#2641,.T.);
#2641 = EDGE_CURVE('',#2634,#2616,#2642,.T.);
#2642 = LINE('',#2643,#2644);
#2643 = CARTESIAN_POINT('',(2.95,0.58,-2.95));
#2644 = VECTOR('',#2645,1.);
#2645 = DIRECTION('',(0.,-1.110223024625E-15,-1.));
#2646 = PLANE('',#2647);
#2647 = AXIS2_PLACEMENT_3D('',#2648,#2649,#2650);
#2648 = CARTESIAN_POINT('',(0.,0.58,6.439293542826E-16));
#2649 = DIRECTION('',(-0.,1.,1.110223024625E-15));
#2650 = DIRECTION('',(1.,0.,0.));
#2651 = ADVANCED_FACE('',(#2652),#2677,.F.);
#2652 = FACE_BOUND('',#2653,.T.);
#2653 = EDGE_LOOP('',(#2654,#2664,#2670,#2671));
#2654 = ORIENTED_EDGE('',*,*,#2655,.T.);
#2655 = EDGE_CURVE('',#2656,#2658,#2660,.T.);
#2656 = VERTEX_POINT('',#2657);
#2657 = CARTESIAN_POINT('',(2.85,0.68,-2.95));
#2658 = VERTEX_POINT('',#2659);
#2659 = CARTESIAN_POINT('',(2.85,0.68,-2.85));
#2660 = LINE('',#2661,#2662);
#2661 = CARTESIAN_POINT('',(2.85,0.68,-2.95));
#2662 = VECTOR('',#2663,1.);
#2663 = DIRECTION('',(0.,1.110223024625E-15,1.));
#2664 = ORIENTED_EDGE('',*,*,#2665,.F.);
#2665 = EDGE_CURVE('',#2626,#2658,#2666,.T.);
#2666 = LINE('',#2667,#2668);
#2667 = CARTESIAN_POINT('',(2.85,0.58,-2.85));
#2668 = VECTOR('',#2669,1.);
#2669 = DIRECTION('',(0.,1.,1.110223024625E-15));
#2670 = ORIENTED_EDGE('',*,*,#2625,.F.);
#2671 = ORIENTED_EDGE('',*,*,#2672,.T.);
#2672 = EDGE_CURVE('',#2618,#2656,#2673,.T.);
#2673 = LINE('',#2674,#2675);
#2674 = CARTESIAN_POINT('',(2.85,0.58,-2.95));
#2675 = VECTOR('',#2676,1.);
#2676 = DIRECTION('',(0.,1.,1.110223024625E-15));
#2677 = PLANE('',#2678);
#2678 = AXIS2_PLACEMENT_3D('',#2679,#2680,#2681);
#2679 = CARTESIAN_POINT('',(2.85,0.58,-2.95));
#2680 = DIRECTION('',(-1.,0.,0.));
#2681 = DIRECTION('',(0.,1.110223024625E-15,1.));
#2682 = ADVANCED_FACE('',(#2683),#2701,.F.);
#2683 = FACE_BOUND('',#2684,.T.);
#2684 = EDGE_LOOP('',(#2685,#2693,#2699,#2700));
#2685 = ORIENTED_EDGE('',*,*,#2686,.T.);
#2686 = EDGE_CURVE('',#2658,#2687,#2689,.T.);
#2687 = VERTEX_POINT('',#2688);
#2688 = CARTESIAN_POINT('',(2.95,0.68,-2.85));
#2689 = LINE('',#2690,#2691);
#2690 = CARTESIAN_POINT('',(2.95,0.68,-2.85));
#2691 = VECTOR('',#2692,1.);
#2692 = DIRECTION('',(1.,0.,0.));
#2693 = ORIENTED_EDGE('',*,*,#2694,.F.);
#2694 = EDGE_CURVE('',#2634,#2687,#2695,.T.);
#2695 = LINE('',#2696,#2697);
#2696 = CARTESIAN_POINT('',(2.95,0.58,-2.85));
#2697 = VECTOR('',#2698,1.);
#2698 = DIRECTION('',(0.,1.,1.110223024625E-15));
#2699 = ORIENTED_EDGE('',*,*,#2633,.F.);
#2700 = ORIENTED_EDGE('',*,*,#2665,.T.);
#2701 = PLANE('',#2702);
#2702 = AXIS2_PLACEMENT_3D('',#2703,#2704,#2705);
#2703 = CARTESIAN_POINT('',(2.95,0.58,-2.85));
#2704 = DIRECTION('',(-0.,1.110223024625E-15,1.));
#2705 = DIRECTION('',(1.,0.,0.));
#2706 = ADVANCED_FACE('',(#2707),#2725,.F.);
#2707 = FACE_BOUND('',#2708,.T.);
#2708 = EDGE_LOOP('',(#2709,#2717,#2723,#2724));
#2709 = ORIENTED_EDGE('',*,*,#2710,.T.);
#2710 = EDGE_CURVE('',#2687,#2711,#2713,.T.);
#2711 = VERTEX_POINT('',#2712);
#2712 = CARTESIAN_POINT('',(2.95,0.68,-2.95));
#2713 = LINE('',#2714,#2715);
#2714 = CARTESIAN_POINT('',(2.95,0.68,-2.95));
#2715 = VECTOR('',#2716,1.);
#2716 = DIRECTION('',(0.,-1.110223024625E-15,-1.));
#2717 = ORIENTED_EDGE('',*,*,#2718,.F.);
#2718 = EDGE_CURVE('',#2616,#2711,#2719,.T.);
#2719 = LINE('',#2720,#2721);
#2720 = CARTESIAN_POINT('',(2.95,0.58,-2.95));
#2721 = VECTOR('',#2722,1.);
#2722 = DIRECTION('',(0.,1.,1.110223024625E-15));
#2723 = ORIENTED_EDGE('',*,*,#2641,.F.);
#2724 = ORIENTED_EDGE('',*,*,#2694,.T.);
#2725 = PLANE('',#2726);
#2726 = AXIS2_PLACEMENT_3D('',#2727,#2728,#2729);
#2727 = CARTESIAN_POINT('',(2.95,0.58,-2.95));
#2728 = DIRECTION('',(1.,0.,-0.));
#2729 = DIRECTION('',(0.,1.,1.110223024625E-15));
#2730 = ADVANCED_FACE('',(#2731),#2742,.F.);
#2731 = FACE_BOUND('',#2732,.T.);
#2732 = EDGE_LOOP('',(#2733,#2739,#2740,#2741));
#2733 = ORIENTED_EDGE('',*,*,#2734,.T.);
#2734 = EDGE_CURVE('',#2711,#2656,#2735,.T.);
#2735 = LINE('',#2736,#2737);
#2736 = CARTESIAN_POINT('',(2.95,0.68,-2.95));
#2737 = VECTOR('',#2738,1.);
#2738 = DIRECTION('',(-1.,0.,0.));
#2739 = ORIENTED_EDGE('',*,*,#2672,.F.);
#2740 = ORIENTED_EDGE('',*,*,#2615,.F.);
#2741 = ORIENTED_EDGE('',*,*,#2718,.T.);
#2742 = PLANE('',#2743);
#2743 = AXIS2_PLACEMENT_3D('',#2744,#2745,#2746);
#2744 = CARTESIAN_POINT('',(2.95,0.58,-2.95));
#2745 = DIRECTION('',(0.,1.110223024625E-15,-1.));
#2746 = DIRECTION('',(0.,-1.,-1.110223024625E-15));
#2747 = ADVANCED_FACE('',(#2748),#2782,.F.);
#2748 = FACE_BOUND('',#2749,.T.);
#2749 = EDGE_LOOP('',(#2750,#2760,#2768,#2776));
#2750 = ORIENTED_EDGE('',*,*,#2751,.F.);
#2751 = EDGE_CURVE('',#2752,#2754,#2756,.T.);
#2752 = VERTEX_POINT('',#2753);
#2753 = CARTESIAN_POINT('',(3.085,0.48,-3.085));
#2754 = VERTEX_POINT('',#2755);
#2755 = CARTESIAN_POINT('',(-3.085,0.48,-3.085));
#2756 = LINE('',#2757,#2758);
#2757 = CARTESIAN_POINT('',(3.085,0.48,-3.085));
#2758 = VECTOR('',#2759,1.);
#2759 = DIRECTION('',(-1.,0.,0.));
#2760 = ORIENTED_EDGE('',*,*,#2761,.F.);
#2761 = EDGE_CURVE('',#2762,#2752,#2764,.T.);
#2762 = VERTEX_POINT('',#2763);
#2763 = CARTESIAN_POINT('',(3.085,0.48,3.085));
#2764 = LINE('',#2765,#2766);
#2765 = CARTESIAN_POINT('',(3.085,0.48,3.085));
#2766 = VECTOR('',#2767,1.);
#2767 = DIRECTION('',(0.,-1.110223024625E-15,-1.));
#2768 = ORIENTED_EDGE('',*,*,#2769,.F.);
#2769 = EDGE_CURVE('',#2770,#2762,#2772,.T.);
#2770 = VERTEX_POINT('',#2771);
#2771 = CARTESIAN_POINT('',(-3.085,0.48,3.085));
#2772 = LINE('',#2773,#2774);
#2773 = CARTESIAN_POINT('',(-3.085,0.48,3.085));
#2774 = VECTOR('',#2775,1.);
#2775 = DIRECTION('',(1.,-1.5607211867E-31,-1.40577267097E-16));
#2776 = ORIENTED_EDGE('',*,*,#2777,.F.);
#2777 = EDGE_CURVE('',#2754,#2770,#2778,.T.);
#2778 = LINE('',#2779,#2780);
#2779 = CARTESIAN_POINT('',(-3.085,0.48,-3.085));
#2780 = VECTOR('',#2781,1.);
#2781 = DIRECTION('',(0.,1.110223024625E-15,1.));
#2782 = PLANE('',#2783);
#2783 = AXIS2_PLACEMENT_3D('',#2784,#2785,#2786);
#2784 = CARTESIAN_POINT('',(0.,0.48,5.329070518201E-16));
#2785 = DIRECTION('',(-0.,1.,1.110223024625E-15));
#2786 = DIRECTION('',(1.,0.,0.));
#2787 = ADVANCED_FACE('',(#2788,#2794,#2800,#2806,#2812,#2826),#2860,.T.
  );
#2788 = FACE_BOUND('',#2789,.T.);
#2789 = EDGE_LOOP('',(#2790,#2791,#2792,#2793));
#2790 = ORIENTED_EDGE('',*,*,#2734,.F.);
#2791 = ORIENTED_EDGE('',*,*,#2710,.F.);
#2792 = ORIENTED_EDGE('',*,*,#2686,.F.);
#2793 = ORIENTED_EDGE('',*,*,#2655,.F.);
#2794 = FACE_BOUND('',#2795,.T.);
#2795 = EDGE_LOOP('',(#2796,#2797,#2798,#2799));
#2796 = ORIENTED_EDGE('',*,*,#2598,.F.);
#2797 = ORIENTED_EDGE('',*,*,#2574,.F.);
#2798 = ORIENTED_EDGE('',*,*,#2550,.F.);
#2799 = ORIENTED_EDGE('',*,*,#2519,.F.);
#2800 = FACE_BOUND('',#2801,.T.);
#2801 = EDGE_LOOP('',(#2802,#2803,#2804,#2805));
#2802 = ORIENTED_EDGE('',*,*,#2462,.F.);
#2803 = ORIENTED_EDGE('',*,*,#2438,.F.);
#2804 = ORIENTED_EDGE('',*,*,#2414,.F.);
#2805 = ORIENTED_EDGE('',*,*,#2383,.F.);
#2806 = FACE_BOUND('',#2807,.T.);
#2807 = EDGE_LOOP('',(#2808,#2809,#2810,#2811));
#2808 = ORIENTED_EDGE('',*,*,#2326,.F.);
#2809 = ORIENTED_EDGE('',*,*,#2302,.F.);
#2810 = ORIENTED_EDGE('',*,*,#2278,.F.);
#2811 = ORIENTED_EDGE('',*,*,#2247,.F.);
#2812 = FACE_BOUND('',#2813,.T.);
#2813 = EDGE_LOOP('',(#2814,#2815,#2816,#2817,#2818,#2819,#2820,#2821,
    #2822,#2823,#2824,#2825));
#2814 = ORIENTED_EDGE('',*,*,#2190,.F.);
#2815 = ORIENTED_EDGE('',*,*,#2166,.F.);
#2816 = ORIENTED_EDGE('',*,*,#2142,.F.);
#2817 = ORIENTED_EDGE('',*,*,#2118,.F.);
#2818 = ORIENTED_EDGE('',*,*,#2094,.F.);
#2819 = ORIENTED_EDGE('',*,*,#2070,.F.);
#2820 = ORIENTED_EDGE('',*,*,#2046,.F.);
#2821 = ORIENTED_EDGE('',*,*,#2022,.F.);
#2822 = ORIENTED_EDGE('',*,*,#1998,.F.);
#2823 = ORIENTED_EDGE('',*,*,#1974,.F.);
#2824 = ORIENTED_EDGE('',*,*,#1950,.F.);
#2825 = ORIENTED_EDGE('',*,*,#1919,.F.);
#2826 = FACE_BOUND('',#2827,.T.);
#2827 = EDGE_LOOP('',(#2828,#2838,#2846,#2854));
#2828 = ORIENTED_EDGE('',*,*,#2829,.T.);
#2829 = EDGE_CURVE('',#2830,#2832,#2834,.T.);
#2830 = VERTEX_POINT('',#2831);
#2831 = CARTESIAN_POINT('',(3.085,0.68,-3.085));
#2832 = VERTEX_POINT('',#2833);
#2833 = CARTESIAN_POINT('',(-3.085,0.68,-3.085));
#2834 = LINE('',#2835,#2836);
#2835 = CARTESIAN_POINT('',(3.085,0.68,-3.085));
#2836 = VECTOR('',#2837,1.);
#2837 = DIRECTION('',(-1.,0.,0.));
#2838 = ORIENTED_EDGE('',*,*,#2839,.T.);
#2839 = EDGE_CURVE('',#2832,#2840,#2842,.T.);
#2840 = VERTEX_POINT('',#2841);
#2841 = CARTESIAN_POINT('',(-3.085,0.68,3.085));
#2842 = LINE('',#2843,#2844);
#2843 = CARTESIAN_POINT('',(-3.085,0.68,-3.085));
#2844 = VECTOR('',#2845,1.);
#2845 = DIRECTION('',(0.,1.110223024625E-15,1.));
#2846 = ORIENTED_EDGE('',*,*,#2847,.T.);
#2847 = EDGE_CURVE('',#2840,#2848,#2850,.T.);
#2848 = VERTEX_POINT('',#2849);
#2849 = CARTESIAN_POINT('',(3.085,0.68,3.085));
#2850 = LINE('',#2851,#2852);
#2851 = CARTESIAN_POINT('',(-3.085,0.68,3.085));
#2852 = VECTOR('',#2853,1.);
#2853 = DIRECTION('',(1.,-1.5607211867E-31,-1.40577267097E-16));
#2854 = ORIENTED_EDGE('',*,*,#2855,.T.);
#2855 = EDGE_CURVE('',#2848,#2830,#2856,.T.);
#2856 = LINE('',#2857,#2858);
#2857 = CARTESIAN_POINT('',(3.085,0.68,3.085));
#2858 = VECTOR('',#2859,1.);
#2859 = DIRECTION('',(0.,-1.110223024625E-15,-1.));
#2860 = PLANE('',#2861);
#2861 = AXIS2_PLACEMENT_3D('',#2862,#2863,#2864);
#2862 = CARTESIAN_POINT('',(0.,0.68,7.549516567451E-16));
#2863 = DIRECTION('',(-0.,1.,1.110223024625E-15));
#2864 = DIRECTION('',(1.,0.,0.));
#2865 = ADVANCED_FACE('',(#2866),#2882,.F.);
#2866 = FACE_BOUND('',#2867,.T.);
#2867 = EDGE_LOOP('',(#2868,#2869,#2875,#2876));
#2868 = ORIENTED_EDGE('',*,*,#2761,.T.);
#2869 = ORIENTED_EDGE('',*,*,#2870,.F.);
#2870 = EDGE_CURVE('',#2830,#2752,#2871,.T.);
#2871 = LINE('',#2872,#2873);
#2872 = CARTESIAN_POINT('',(3.085,0.68,-3.085));
#2873 = VECTOR('',#2874,1.);
#2874 = DIRECTION('',(0.,-1.,-1.110223024625E-15));
#2875 = ORIENTED_EDGE('',*,*,#2855,.F.);
#2876 = ORIENTED_EDGE('',*,*,#2877,.T.);
#2877 = EDGE_CURVE('',#2848,#2762,#2878,.T.);
#2878 = LINE('',#2879,#2880);
#2879 = CARTESIAN_POINT('',(3.085,0.68,3.085));
#2880 = VECTOR('',#2881,1.);
#2881 = DIRECTION('',(0.,-1.,-1.110223024625E-15));
#2882 = PLANE('',#2883);
#2883 = AXIS2_PLACEMENT_3D('',#2884,#2885,#2886);
#2884 = CARTESIAN_POINT('',(3.085,0.68,3.085));
#2885 = DIRECTION('',(-1.,0.,0.));
#2886 = DIRECTION('',(0.,1.110223024625E-15,1.));
#2887 = ADVANCED_FACE('',(#2888),#2899,.F.);
#2888 = FACE_BOUND('',#2889,.T.);
#2889 = EDGE_LOOP('',(#2890,#2891,#2892,#2893));
#2890 = ORIENTED_EDGE('',*,*,#2769,.T.);
#2891 = ORIENTED_EDGE('',*,*,#2877,.F.);
#2892 = ORIENTED_EDGE('',*,*,#2847,.F.);
#2893 = ORIENTED_EDGE('',*,*,#2894,.T.);
#2894 = EDGE_CURVE('',#2840,#2770,#2895,.T.);
#2895 = LINE('',#2896,#2897);
#2896 = CARTESIAN_POINT('',(-3.085,0.68,3.085));
#2897 = VECTOR('',#2898,1.);
#2898 = DIRECTION('',(0.,-1.,-1.110223024625E-15));
#2899 = PLANE('',#2900);
#2900 = AXIS2_PLACEMENT_3D('',#2901,#2902,#2903);
#2901 = CARTESIAN_POINT('',(-3.085,0.68,3.085));
#2902 = DIRECTION('',(-1.40577267097E-16,-1.110223024625E-15,-1.));
#2903 = DIRECTION('',(-1.,1.5607211867E-31,1.40577267097E-16));
#2904 = ADVANCED_FACE('',(#2905),#2916,.F.);
#2905 = FACE_BOUND('',#2906,.T.);
#2906 = EDGE_LOOP('',(#2907,#2908,#2909,#2910));
#2907 = ORIENTED_EDGE('',*,*,#2777,.T.);
#2908 = ORIENTED_EDGE('',*,*,#2894,.F.);
#2909 = ORIENTED_EDGE('',*,*,#2839,.F.);
#2910 = ORIENTED_EDGE('',*,*,#2911,.T.);
#2911 = EDGE_CURVE('',#2832,#2754,#2912,.T.);
#2912 = LINE('',#2913,#2914);
#2913 = CARTESIAN_POINT('',(-3.085,0.68,-3.085));
#2914 = VECTOR('',#2915,1.);
#2915 = DIRECTION('',(0.,-1.,-1.110223024625E-15));
#2916 = PLANE('',#2917);
#2917 = AXIS2_PLACEMENT_3D('',#2918,#2919,#2920);
#2918 = CARTESIAN_POINT('',(-3.085,0.68,-3.085));
#2919 = DIRECTION('',(1.,0.,-0.));
#2920 = DIRECTION('',(0.,1.,1.110223024625E-15));
#2921 = ADVANCED_FACE('',(#2922),#2928,.F.);
#2922 = FACE_BOUND('',#2923,.T.);
#2923 = EDGE_LOOP('',(#2924,#2925,#2926,#2927));
#2924 = ORIENTED_EDGE('',*,*,#2751,.T.);
#2925 = ORIENTED_EDGE('',*,*,#2911,.F.);
#2926 = ORIENTED_EDGE('',*,*,#2829,.F.);
#2927 = ORIENTED_EDGE('',*,*,#2870,.T.);
#2928 = PLANE('',#2929);
#2929 = AXIS2_PLACEMENT_3D('',#2930,#2931,#2932);
#2930 = CARTESIAN_POINT('',(3.085,0.68,-3.085));
#2931 = DIRECTION('',(-0.,1.110223024625E-15,1.));
#2932 = DIRECTION('',(1.,0.,0.));
#2933 = MANIFOLD_SOLID_BREP('',#2934);
#2934 = CLOSED_SHELL('',(#2935,#2975,#3015,#3037,#3054,#3071));
#2935 = ADVANCED_FACE('',(#2936),#2970,.F.);
#2936 = FACE_BOUND('',#2937,.T.);
#2937 = EDGE_LOOP('',(#2938,#2948,#2956,#2964));
#2938 = ORIENTED_EDGE('',*,*,#2939,.F.);
#2939 = EDGE_CURVE('',#2940,#2942,#2944,.T.);
#2940 = VERTEX_POINT('',#2941);
#2941 = CARTESIAN_POINT('',(2.95,0.58,2.95));
#2942 = VERTEX_POINT('',#2943);
#2943 = CARTESIAN_POINT('',(2.95,0.58,2.85));
#2944 = LINE('',#2945,#2946);
#2945 = CARTESIAN_POINT('',(2.95,0.58,2.95));
#2946 = VECTOR('',#2947,1.);
#2947 = DIRECTION('',(0.,-1.110223024625E-15,-1.));
#2948 = ORIENTED_EDGE('',*,*,#2949,.F.);
#2949 = EDGE_CURVE('',#2950,#2940,#2952,.T.);
#2950 = VERTEX_POINT('',#2951);
#2951 = CARTESIAN_POINT('',(2.85,0.58,2.95));
#2952 = LINE('',#2953,#2954);
#2953 = CARTESIAN_POINT('',(2.85,0.58,2.95));
#2954 = VECTOR('',#2955,1.);
#2955 = DIRECTION('',(1.,0.,0.));
#2956 = ORIENTED_EDGE('',*,*,#2957,.F.);
#2957 = EDGE_CURVE('',#2958,#2950,#2960,.T.);
#2958 = VERTEX_POINT('',#2959);
#2959 = CARTESIAN_POINT('',(2.85,0.58,2.85));
#2960 = LINE('',#2961,#2962);
#2961 = CARTESIAN_POINT('',(2.85,0.58,2.85));
#2962 = VECTOR('',#2963,1.);
#2963 = DIRECTION('',(0.,1.110223024625E-15,1.));
#2964 = ORIENTED_EDGE('',*,*,#2965,.F.);
#2965 = EDGE_CURVE('',#2942,#2958,#2966,.T.);
#2966 = LINE('',#2967,#2968);
#2967 = CARTESIAN_POINT('',(2.95,0.58,2.85));
#2968 = VECTOR('',#2969,1.);
#2969 = DIRECTION('',(-1.,0.,0.));
#2970 = PLANE('',#2971);
#2971 = AXIS2_PLACEMENT_3D('',#2972,#2973,#2974);
#2972 = CARTESIAN_POINT('',(0.,0.58,6.439293542826E-16));
#2973 = DIRECTION('',(-0.,1.,1.110223024625E-15));
#2974 = DIRECTION('',(1.,0.,0.));
#2975 = ADVANCED_FACE('',(#2976),#3010,.T.);
#2976 = FACE_BOUND('',#2977,.T.);
#2977 = EDGE_LOOP('',(#2978,#2988,#2996,#3004));
#2978 = ORIENTED_EDGE('',*,*,#2979,.T.);
#2979 = EDGE_CURVE('',#2980,#2982,#2984,.T.);
#2980 = VERTEX_POINT('',#2981);
#2981 = CARTESIAN_POINT('',(2.95,0.68,2.95));
#2982 = VERTEX_POINT('',#2983);
#2983 = CARTESIAN_POINT('',(2.95,0.68,2.85));
#2984 = LINE('',#2985,#2986);
#2985 = CARTESIAN_POINT('',(2.95,0.68,2.95));
#2986 = VECTOR('',#2987,1.);
#2987 = DIRECTION('',(0.,-1.110223024625E-15,-1.));
#2988 = ORIENTED_EDGE('',*,*,#2989,.T.);
#2989 = EDGE_CURVE('',#2982,#2990,#2992,.T.);
#2990 = VERTEX_POINT('',#2991);
#2991 = CARTESIAN_POINT('',(2.85,0.68,2.85));
#2992 = LINE('',#2993,#2994);
#2993 = CARTESIAN_POINT('',(2.95,0.68,2.85));
#2994 = VECTOR('',#2995,1.);
#2995 = DIRECTION('',(-1.,0.,0.));
#2996 = ORIENTED_EDGE('',*,*,#2997,.T.);
#2997 = EDGE_CURVE('',#2990,#2998,#3000,.T.);
#2998 = VERTEX_POINT('',#2999);
#2999 = CARTESIAN_POINT('',(2.85,0.68,2.95));
#3000 = LINE('',#3001,#3002);
#3001 = CARTESIAN_POINT('',(2.85,0.68,2.85));
#3002 = VECTOR('',#3003,1.);
#3003 = DIRECTION('',(0.,1.110223024625E-15,1.));
#3004 = ORIENTED_EDGE('',*,*,#3005,.T.);
#3005 = EDGE_CURVE('',#2998,#2980,#3006,.T.);
#3006 = LINE('',#3007,#3008);
#3007 = CARTESIAN_POINT('',(2.85,0.68,2.95));
#3008 = VECTOR('',#3009,1.);
#3009 = DIRECTION('',(1.,0.,0.));
#3010 = PLANE('',#3011);
#3011 = AXIS2_PLACEMENT_3D('',#3012,#3013,#3014);
#3012 = CARTESIAN_POINT('',(0.,0.68,7.549516567451E-16));
#3013 = DIRECTION('',(-0.,1.,1.110223024625E-15));
#3014 = DIRECTION('',(1.,0.,0.));
#3015 = ADVANCED_FACE('',(#3016),#3032,.F.);
#3016 = FACE_BOUND('',#3017,.T.);
#3017 = EDGE_LOOP('',(#3018,#3019,#3025,#3026));
#3018 = ORIENTED_EDGE('',*,*,#2949,.T.);
#3019 = ORIENTED_EDGE('',*,*,#3020,.F.);
#3020 = EDGE_CURVE('',#2980,#2940,#3021,.T.);
#3021 = LINE('',#3022,#3023);
#3022 = CARTESIAN_POINT('',(2.95,0.68,2.95));
#3023 = VECTOR('',#3024,1.);
#3024 = DIRECTION('',(0.,-1.,-1.110223024625E-15));
#3025 = ORIENTED_EDGE('',*,*,#3005,.F.);
#3026 = ORIENTED_EDGE('',*,*,#3027,.T.);
#3027 = EDGE_CURVE('',#2998,#2950,#3028,.T.);
#3028 = LINE('',#3029,#3030);
#3029 = CARTESIAN_POINT('',(2.85,0.68,2.95));
#3030 = VECTOR('',#3031,1.);
#3031 = DIRECTION('',(0.,-1.,-1.110223024625E-15));
#3032 = PLANE('',#3033);
#3033 = AXIS2_PLACEMENT_3D('',#3034,#3035,#3036);
#3034 = CARTESIAN_POINT('',(2.85,0.68,2.95));
#3035 = DIRECTION('',(0.,1.110223024625E-15,-1.));
#3036 = DIRECTION('',(0.,-1.,-1.110223024625E-15));
#3037 = ADVANCED_FACE('',(#3038),#3049,.F.);
#3038 = FACE_BOUND('',#3039,.T.);
#3039 = EDGE_LOOP('',(#3040,#3041,#3042,#3043));
#3040 = ORIENTED_EDGE('',*,*,#2957,.T.);
#3041 = ORIENTED_EDGE('',*,*,#3027,.F.);
#3042 = ORIENTED_EDGE('',*,*,#2997,.F.);
#3043 = ORIENTED_EDGE('',*,*,#3044,.T.);
#3044 = EDGE_CURVE('',#2990,#2958,#3045,.T.);
#3045 = LINE('',#3046,#3047);
#3046 = CARTESIAN_POINT('',(2.85,0.68,2.85));
#3047 = VECTOR('',#3048,1.);
#3048 = DIRECTION('',(0.,-1.,-1.110223024625E-15));
#3049 = PLANE('',#3050);
#3050 = AXIS2_PLACEMENT_3D('',#3051,#3052,#3053);
#3051 = CARTESIAN_POINT('',(2.85,0.68,2.85));
#3052 = DIRECTION('',(1.,0.,-0.));
#3053 = DIRECTION('',(0.,1.,1.110223024625E-15));
#3054 = ADVANCED_FACE('',(#3055),#3066,.F.);
#3055 = FACE_BOUND('',#3056,.T.);
#3056 = EDGE_LOOP('',(#3057,#3058,#3059,#3060));
#3057 = ORIENTED_EDGE('',*,*,#2965,.T.);
#3058 = ORIENTED_EDGE('',*,*,#3044,.F.);
#3059 = ORIENTED_EDGE('',*,*,#2989,.F.);
#3060 = ORIENTED_EDGE('',*,*,#3061,.T.);
#3061 = EDGE_CURVE('',#2982,#2942,#3062,.T.);
#3062 = LINE('',#3063,#3064);
#3063 = CARTESIAN_POINT('',(2.95,0.68,2.85));
#3064 = VECTOR('',#3065,1.);
#3065 = DIRECTION('',(0.,-1.,-1.110223024625E-15));
#3066 = PLANE('',#3067);
#3067 = AXIS2_PLACEMENT_3D('',#3068,#3069,#3070);
#3068 = CARTESIAN_POINT('',(2.95,0.68,2.85));
#3069 = DIRECTION('',(-0.,1.110223024625E-15,1.));
#3070 = DIRECTION('',(1.,0.,0.));
#3071 = ADVANCED_FACE('',(#3072),#3078,.F.);
#3072 = FACE_BOUND('',#3073,.T.);
#3073 = EDGE_LOOP('',(#3074,#3075,#3076,#3077));
#3074 = ORIENTED_EDGE('',*,*,#2939,.T.);
#3075 = ORIENTED_EDGE('',*,*,#3061,.F.);
#3076 = ORIENTED_EDGE('',*,*,#2979,.F.);
#3077 = ORIENTED_EDGE('',*,*,#3020,.T.);
#3078 = PLANE('',#3079);
#3079 = AXIS2_PLACEMENT_3D('',#3080,#3081,#3082);
#3080 = CARTESIAN_POINT('',(2.95,0.68,2.95));
#3081 = DIRECTION('',(-1.,0.,0.));
#3082 = DIRECTION('',(0.,1.110223024625E-15,1.));
#3083 = MANIFOLD_SOLID_BREP('',#3084);
#3084 = CLOSED_SHELL('',(#3085,#3261,#3293,#3317,#3342,#3366,#3390,#3415
    ,#3439,#3464,#3488,#3512,#3537,#3561,#3586,#3610,#3634,#3659,#3683,
    #3708,#3732,#3749));
#3085 = ADVANCED_FACE('',(#3086),#3256,.F.);
#3086 = FACE_BOUND('',#3087,.T.);
#3087 = EDGE_LOOP('',(#3088,#3098,#3107,#3115,#3123,#3132,#3140,#3149,
    #3157,#3165,#3174,#3182,#3191,#3199,#3207,#3216,#3224,#3233,#3241,
    #3249));
#3088 = ORIENTED_EDGE('',*,*,#3089,.F.);
#3089 = EDGE_CURVE('',#3090,#3092,#3094,.T.);
#3090 = VERTEX_POINT('',#3091);
#3091 = CARTESIAN_POINT('',(-1.3,-2.E-02,3.05));
#3092 = VERTEX_POINT('',#3093);
#3093 = CARTESIAN_POINT('',(1.3,-2.E-02,3.05));
#3094 = LINE('',#3095,#3096);
#3095 = CARTESIAN_POINT('',(-1.3,-2.E-02,3.05));
#3096 = VECTOR('',#3097,1.);
#3097 = DIRECTION('',(1.,0.,0.));
#3098 = ORIENTED_EDGE('',*,*,#3099,.F.);
#3099 = EDGE_CURVE('',#3100,#3090,#3102,.T.);
#3100 = VERTEX_POINT('',#3101);
#3101 = CARTESIAN_POINT('',(-1.4,-2.E-02,2.95));
#3102 = CIRCLE('',#3103,1.E-01);
#3103 = AXIS2_PLACEMENT_3D('',#3104,#3105,#3106);
#3104 = CARTESIAN_POINT('',(-1.3,-2.E-02,2.95));
#3105 = DIRECTION('',(0.,1.,0.));
#3106 = DIRECTION('',(0.,-0.,1.));
#3107 = ORIENTED_EDGE('',*,*,#3108,.F.);
#3108 = EDGE_CURVE('',#3109,#3100,#3111,.T.);
#3109 = VERTEX_POINT('',#3110);
#3110 = CARTESIAN_POINT('',(-1.4,-2.E-02,1.4));
#3111 = LINE('',#3112,#3113);
#3112 = CARTESIAN_POINT('',(-1.4,-2.E-02,2.95));
#3113 = VECTOR('',#3114,1.);
#3114 = DIRECTION('',(1.398970545143E-16,0.,1.));
#3115 = ORIENTED_EDGE('',*,*,#3116,.F.);
#3116 = EDGE_CURVE('',#3117,#3109,#3119,.T.);
#3117 = VERTEX_POINT('',#3118);
#3118 = CARTESIAN_POINT('',(-2.95,-2.E-02,1.4));
#3119 = LINE('',#3120,#3121);
#3120 = CARTESIAN_POINT('',(-1.4,-2.E-02,1.4));
#3121 = VECTOR('',#3122,1.);
#3122 = DIRECTION('',(1.,0.,-1.398970545143E-16));
#3123 = ORIENTED_EDGE('',*,*,#3124,.F.);
#3124 = EDGE_CURVE('',#3125,#3117,#3127,.T.);
#3125 = VERTEX_POINT('',#3126);
#3126 = CARTESIAN_POINT('',(-3.05,-2.E-02,1.3));
#3127 = CIRCLE('',#3128,0.1);
#3128 = AXIS2_PLACEMENT_3D('',#3129,#3130,#3131);
#3129 = CARTESIAN_POINT('',(-2.95,-2.E-02,1.3));
#3130 = DIRECTION('',(0.,1.,0.));
#3131 = DIRECTION('',(0.,-0.,1.));
#3132 = ORIENTED_EDGE('',*,*,#3133,.F.);
#3133 = EDGE_CURVE('',#3134,#3125,#3136,.T.);
#3134 = VERTEX_POINT('',#3135);
#3135 = CARTESIAN_POINT('',(-3.05,-2.E-02,-1.3));
#3136 = LINE('',#3137,#3138);
#3137 = CARTESIAN_POINT('',(-3.05,-2.E-02,1.3));
#3138 = VECTOR('',#3139,1.);
#3139 = DIRECTION('',(0.,0.,1.));
#3140 = ORIENTED_EDGE('',*,*,#3141,.F.);
#3141 = EDGE_CURVE('',#3142,#3134,#3144,.T.);
#3142 = VERTEX_POINT('',#3143);
#3143 = CARTESIAN_POINT('',(-2.95,-2.E-02,-1.4));
#3144 = CIRCLE('',#3145,0.1);
#3145 = AXIS2_PLACEMENT_3D('',#3146,#3147,#3148);
#3146 = CARTESIAN_POINT('',(-2.95,-2.E-02,-1.3));
#3147 = DIRECTION('',(0.,1.,0.));
#3148 = DIRECTION('',(0.,-0.,1.));
#3149 = ORIENTED_EDGE('',*,*,#3150,.F.);
#3150 = EDGE_CURVE('',#3151,#3142,#3153,.T.);
#3151 = VERTEX_POINT('',#3152);
#3152 = CARTESIAN_POINT('',(-1.4,-2.E-02,-1.4));
#3153 = LINE('',#3154,#3155);
#3154 = CARTESIAN_POINT('',(-1.4,-2.E-02,-1.4));
#3155 = VECTOR('',#3156,1.);
#3156 = DIRECTION('',(-1.,0.,-1.398970545143E-16));
#3157 = ORIENTED_EDGE('',*,*,#3158,.F.);
#3158 = EDGE_CURVE('',#3159,#3151,#3161,.T.);
#3159 = VERTEX_POINT('',#3160);
#3160 = CARTESIAN_POINT('',(-1.4,-2.E-02,-2.95));
#3161 = LINE('',#3162,#3163);
#3162 = CARTESIAN_POINT('',(-1.4,-2.E-02,-2.95));
#3163 = VECTOR('',#3164,1.);
#3164 = DIRECTION('',(-1.398970545143E-16,0.,1.));
#3165 = ORIENTED_EDGE('',*,*,#3166,.F.);
#3166 = EDGE_CURVE('',#3167,#3159,#3169,.T.);
#3167 = VERTEX_POINT('',#3168);
#3168 = CARTESIAN_POINT('',(-1.3,-2.E-02,-3.05));
#3169 = CIRCLE('',#3170,1.E-01);
#3170 = AXIS2_PLACEMENT_3D('',#3171,#3172,#3173);
#3171 = CARTESIAN_POINT('',(-1.3,-2.E-02,-2.95));
#3172 = DIRECTION('',(0.,1.,0.));
#3173 = DIRECTION('',(0.,-0.,1.));
#3174 = ORIENTED_EDGE('',*,*,#3175,.F.);
#3175 = EDGE_CURVE('',#3176,#3167,#3178,.T.);
#3176 = VERTEX_POINT('',#3177);
#3177 = CARTESIAN_POINT('',(1.3,-2.E-02,-3.05));
#3178 = LINE('',#3179,#3180);
#3179 = CARTESIAN_POINT('',(-1.3,-2.E-02,-3.05));
#3180 = VECTOR('',#3181,1.);
#3181 = DIRECTION('',(-1.,0.,0.));
#3182 = ORIENTED_EDGE('',*,*,#3183,.F.);
#3183 = EDGE_CURVE('',#3184,#3176,#3186,.T.);
#3184 = VERTEX_POINT('',#3185);
#3185 = CARTESIAN_POINT('',(1.4,-2.E-02,-2.95));
#3186 = CIRCLE('',#3187,1.E-01);
#3187 = AXIS2_PLACEMENT_3D('',#3188,#3189,#3190);
#3188 = CARTESIAN_POINT('',(1.3,-2.E-02,-2.95));
#3189 = DIRECTION('',(0.,1.,0.));
#3190 = DIRECTION('',(0.,-0.,1.));
#3191 = ORIENTED_EDGE('',*,*,#3192,.F.);
#3192 = EDGE_CURVE('',#3193,#3184,#3195,.T.);
#3193 = VERTEX_POINT('',#3194);
#3194 = CARTESIAN_POINT('',(1.4,-2.E-02,-1.4));
#3195 = LINE('',#3196,#3197);
#3196 = CARTESIAN_POINT('',(1.4,-2.E-02,-2.95));
#3197 = VECTOR('',#3198,1.);
#3198 = DIRECTION('',(-1.398970545143E-16,0.,-1.));
#3199 = ORIENTED_EDGE('',*,*,#3200,.F.);
#3200 = EDGE_CURVE('',#3201,#3193,#3203,.T.);
#3201 = VERTEX_POINT('',#3202);
#3202 = CARTESIAN_POINT('',(2.95,-2.E-02,-1.4));
#3203 = LINE('',#3204,#3205);
#3204 = CARTESIAN_POINT('',(1.4,-2.E-02,-1.4));
#3205 = VECTOR('',#3206,1.);
#3206 = DIRECTION('',(-1.,0.,1.398970545143E-16));
#3207 = ORIENTED_EDGE('',*,*,#3208,.F.);
#3208 = EDGE_CURVE('',#3209,#3201,#3211,.T.);
#3209 = VERTEX_POINT('',#3210);
#3210 = CARTESIAN_POINT('',(3.05,-2.E-02,-1.3));
#3211 = CIRCLE('',#3212,0.1);
#3212 = AXIS2_PLACEMENT_3D('',#3213,#3214,#3215);
#3213 = CARTESIAN_POINT('',(2.95,-2.E-02,-1.3));
#3214 = DIRECTION('',(0.,1.,0.));
#3215 = DIRECTION('',(0.,-0.,1.));
#3216 = ORIENTED_EDGE('',*,*,#3217,.F.);
#3217 = EDGE_CURVE('',#3218,#3209,#3220,.T.);
#3218 = VERTEX_POINT('',#3219);
#3219 = CARTESIAN_POINT('',(3.05,-2.E-02,1.3));
#3220 = LINE('',#3221,#3222);
#3221 = CARTESIAN_POINT('',(3.05,-2.E-02,1.3));
#3222 = VECTOR('',#3223,1.);
#3223 = DIRECTION('',(0.,0.,-1.));
#3224 = ORIENTED_EDGE('',*,*,#3225,.F.);
#3225 = EDGE_CURVE('',#3226,#3218,#3228,.T.);
#3226 = VERTEX_POINT('',#3227);
#3227 = CARTESIAN_POINT('',(2.95,-2.E-02,1.4));
#3228 = CIRCLE('',#3229,0.1);
#3229 = AXIS2_PLACEMENT_3D('',#3230,#3231,#3232);
#3230 = CARTESIAN_POINT('',(2.95,-2.E-02,1.3));
#3231 = DIRECTION('',(0.,1.,0.));
#3232 = DIRECTION('',(0.,-0.,1.));
#3233 = ORIENTED_EDGE('',*,*,#3234,.F.);
#3234 = EDGE_CURVE('',#3235,#3226,#3237,.T.);
#3235 = VERTEX_POINT('',#3236);
#3236 = CARTESIAN_POINT('',(1.4,-2.E-02,1.4));
#3237 = LINE('',#3238,#3239);
#3238 = CARTESIAN_POINT('',(1.4,-2.E-02,1.4));
#3239 = VECTOR('',#3240,1.);
#3240 = DIRECTION('',(1.,0.,1.398970545143E-16));
#3241 = ORIENTED_EDGE('',*,*,#3242,.F.);
#3242 = EDGE_CURVE('',#3243,#3235,#3245,.T.);
#3243 = VERTEX_POINT('',#3244);
#3244 = CARTESIAN_POINT('',(1.4,-2.E-02,2.95));
#3245 = LINE('',#3246,#3247);
#3246 = CARTESIAN_POINT('',(1.4,-2.E-02,2.95));
#3247 = VECTOR('',#3248,1.);
#3248 = DIRECTION('',(1.398970545143E-16,0.,-1.));
#3249 = ORIENTED_EDGE('',*,*,#3250,.F.);
#3250 = EDGE_CURVE('',#3092,#3243,#3251,.T.);
#3251 = CIRCLE('',#3252,1.E-01);
#3252 = AXIS2_PLACEMENT_3D('',#3253,#3254,#3255);
#3253 = CARTESIAN_POINT('',(1.3,-2.E-02,2.95));
#3254 = DIRECTION('',(0.,1.,0.));
#3255 = DIRECTION('',(0.,-0.,1.));
#3256 = PLANE('',#3257);
#3257 = AXIS2_PLACEMENT_3D('',#3258,#3259,#3260);
#3258 = CARTESIAN_POINT('',(0.,-2.E-02,0.));
#3259 = DIRECTION('',(-0.,1.,0.));
#3260 = DIRECTION('',(1.,0.,0.));
#3261 = ADVANCED_FACE('',(#3262),#3288,.T.);
#3262 = FACE_BOUND('',#3263,.T.);
#3263 = EDGE_LOOP('',(#3264,#3272,#3273,#3281));
#3264 = ORIENTED_EDGE('',*,*,#3265,.F.);
#3265 = EDGE_CURVE('',#3092,#3266,#3268,.T.);
#3266 = VERTEX_POINT('',#3267);
#3267 = CARTESIAN_POINT('',(1.3,3.E-02,3.05));
#3268 = LINE('',#3269,#3270);
#3269 = CARTESIAN_POINT('',(1.3,-9.346702730476,3.05));
#3270 = VECTOR('',#3271,1.);
#3271 = DIRECTION('',(0.,1.,0.));
#3272 = ORIENTED_EDGE('',*,*,#3250,.T.);
#3273 = ORIENTED_EDGE('',*,*,#3274,.T.);
#3274 = EDGE_CURVE('',#3243,#3275,#3277,.T.);
#3275 = VERTEX_POINT('',#3276);
#3276 = CARTESIAN_POINT('',(1.4,3.E-02,2.95));
#3277 = LINE('',#3278,#3279);
#3278 = CARTESIAN_POINT('',(1.4,-9.346702730476,2.95));
#3279 = VECTOR('',#3280,1.);
#3280 = DIRECTION('',(0.,1.,0.));
#3281 = ORIENTED_EDGE('',*,*,#3282,.F.);
#3282 = EDGE_CURVE('',#3266,#3275,#3283,.T.);
#3283 = CIRCLE('',#3284,0.1);
#3284 = AXIS2_PLACEMENT_3D('',#3285,#3286,#3287);
#3285 = CARTESIAN_POINT('',(1.3,3.E-02,2.95));
#3286 = DIRECTION('',(0.,1.,0.));
#3287 = DIRECTION('',(0.,-0.,1.));
#3288 = CYLINDRICAL_SURFACE('',#3289,1.E-01);
#3289 = AXIS2_PLACEMENT_3D('',#3290,#3291,#3292);
#3290 = CARTESIAN_POINT('',(1.3,-9.346702730476,2.95));
#3291 = DIRECTION('',(0.,1.,0.));
#3292 = DIRECTION('',(0.,-0.,1.));
#3293 = ADVANCED_FACE('',(#3294),#3312,.F.);
#3294 = FACE_BOUND('',#3295,.T.);
#3295 = EDGE_LOOP('',(#3296,#3304,#3305,#3306));
#3296 = ORIENTED_EDGE('',*,*,#3297,.F.);
#3297 = EDGE_CURVE('',#3090,#3298,#3300,.T.);
#3298 = VERTEX_POINT('',#3299);
#3299 = CARTESIAN_POINT('',(-1.3,3.E-02,3.05));
#3300 = LINE('',#3301,#3302);
#3301 = CARTESIAN_POINT('',(-1.3,-9.346702730476,3.05));
#3302 = VECTOR('',#3303,1.);
#3303 = DIRECTION('',(0.,1.,0.));
#3304 = ORIENTED_EDGE('',*,*,#3089,.T.);
#3305 = ORIENTED_EDGE('',*,*,#3265,.T.);
#3306 = ORIENTED_EDGE('',*,*,#3307,.F.);
#3307 = EDGE_CURVE('',#3298,#3266,#3308,.T.);
#3308 = LINE('',#3309,#3310);
#3309 = CARTESIAN_POINT('',(-1.3,3.E-02,3.05));
#3310 = VECTOR('',#3311,1.);
#3311 = DIRECTION('',(1.,-0.,0.));
#3312 = PLANE('',#3313);
#3313 = AXIS2_PLACEMENT_3D('',#3314,#3315,#3316);
#3314 = CARTESIAN_POINT('',(-1.3,-9.346702730476,3.05));
#3315 = DIRECTION('',(0.,0.,-1.));
#3316 = DIRECTION('',(0.,-1.,0.));
#3317 = ADVANCED_FACE('',(#3318),#3337,.T.);
#3318 = FACE_BOUND('',#3319,.T.);
#3319 = EDGE_LOOP('',(#3320,#3328,#3329,#3330));
#3320 = ORIENTED_EDGE('',*,*,#3321,.F.);
#3321 = EDGE_CURVE('',#3100,#3322,#3324,.T.);
#3322 = VERTEX_POINT('',#3323);
#3323 = CARTESIAN_POINT('',(-1.4,3.E-02,2.95));
#3324 = LINE('',#3325,#3326);
#3325 = CARTESIAN_POINT('',(-1.4,-9.346702730476,2.95));
#3326 = VECTOR('',#3327,1.);
#3327 = DIRECTION('',(0.,1.,0.));
#3328 = ORIENTED_EDGE('',*,*,#3099,.T.);
#3329 = ORIENTED_EDGE('',*,*,#3297,.T.);
#3330 = ORIENTED_EDGE('',*,*,#3331,.F.);
#3331 = EDGE_CURVE('',#3322,#3298,#3332,.T.);
#3332 = CIRCLE('',#3333,0.1);
#3333 = AXIS2_PLACEMENT_3D('',#3334,#3335,#3336);
#3334 = CARTESIAN_POINT('',(-1.3,3.E-02,2.95));
#3335 = DIRECTION('',(0.,1.,0.));
#3336 = DIRECTION('',(0.,-0.,1.));
#3337 = CYLINDRICAL_SURFACE('',#3338,1.E-01);
#3338 = AXIS2_PLACEMENT_3D('',#3339,#3340,#3341);
#3339 = CARTESIAN_POINT('',(-1.3,-9.346702730476,2.95));
#3340 = DIRECTION('',(0.,1.,0.));
#3341 = DIRECTION('',(0.,-0.,1.));
#3342 = ADVANCED_FACE('',(#3343),#3361,.F.);
#3343 = FACE_BOUND('',#3344,.T.);
#3344 = EDGE_LOOP('',(#3345,#3353,#3354,#3355));
#3345 = ORIENTED_EDGE('',*,*,#3346,.F.);
#3346 = EDGE_CURVE('',#3109,#3347,#3349,.T.);
#3347 = VERTEX_POINT('',#3348);
#3348 = CARTESIAN_POINT('',(-1.4,3.E-02,1.4));
#3349 = LINE('',#3350,#3351);
#3350 = CARTESIAN_POINT('',(-1.4,-9.346702730476,1.4));
#3351 = VECTOR('',#3352,1.);
#3352 = DIRECTION('',(0.,1.,0.));
#3353 = ORIENTED_EDGE('',*,*,#3108,.T.);
#3354 = ORIENTED_EDGE('',*,*,#3321,.T.);
#3355 = ORIENTED_EDGE('',*,*,#3356,.F.);
#3356 = EDGE_CURVE('',#3347,#3322,#3357,.T.);
#3357 = LINE('',#3358,#3359);
#3358 = CARTESIAN_POINT('',(-1.4,3.E-02,1.4));
#3359 = VECTOR('',#3360,1.);
#3360 = DIRECTION('',(0.,0.,1.));
#3361 = PLANE('',#3362);
#3362 = AXIS2_PLACEMENT_3D('',#3363,#3364,#3365);
#3363 = CARTESIAN_POINT('',(-1.4,-9.346702730476,2.95));
#3364 = DIRECTION('',(1.,0.,-1.398970545143E-16));
#3365 = DIRECTION('',(-1.398970545143E-16,0.,-1.));
#3366 = ADVANCED_FACE('',(#3367),#3385,.F.);
#3367 = FACE_BOUND('',#3368,.T.);
#3368 = EDGE_LOOP('',(#3369,#3377,#3378,#3379));
#3369 = ORIENTED_EDGE('',*,*,#3370,.F.);
#3370 = EDGE_CURVE('',#3117,#3371,#3373,.T.);
#3371 = VERTEX_POINT('',#3372);
#3372 = CARTESIAN_POINT('',(-2.95,3.E-02,1.4));
#3373 = LINE('',#3374,#3375);
#3374 = CARTESIAN_POINT('',(-2.95,-9.346702730476,1.4));
#3375 = VECTOR('',#3376,1.);
#3376 = DIRECTION('',(0.,1.,0.));
#3377 = ORIENTED_EDGE('',*,*,#3116,.T.);
#3378 = ORIENTED_EDGE('',*,*,#3346,.T.);
#3379 = ORIENTED_EDGE('',*,*,#3380,.F.);
#3380 = EDGE_CURVE('',#3371,#3347,#3381,.T.);
#3381 = LINE('',#3382,#3383);
#3382 = CARTESIAN_POINT('',(-2.95,3.E-02,1.4));
#3383 = VECTOR('',#3384,1.);
#3384 = DIRECTION('',(1.,-0.,0.));
#3385 = PLANE('',#3386);
#3386 = AXIS2_PLACEMENT_3D('',#3387,#3388,#3389);
#3387 = CARTESIAN_POINT('',(-1.4,-9.346702730476,1.4));
#3388 = DIRECTION('',(-1.398970545143E-16,0.,-1.));
#3389 = DIRECTION('',(-1.,0.,1.398970545143E-16));
#3390 = ADVANCED_FACE('',(#3391),#3410,.T.);
#3391 = FACE_BOUND('',#3392,.T.);
#3392 = EDGE_LOOP('',(#3393,#3401,#3402,#3403));
#3393 = ORIENTED_EDGE('',*,*,#3394,.F.);
#3394 = EDGE_CURVE('',#3125,#3395,#3397,.T.);
#3395 = VERTEX_POINT('',#3396);
#3396 = CARTESIAN_POINT('',(-3.05,3.E-02,1.3));
#3397 = LINE('',#3398,#3399);
#3398 = CARTESIAN_POINT('',(-3.05,-9.346702730476,1.3));
#3399 = VECTOR('',#3400,1.);
#3400 = DIRECTION('',(0.,1.,0.));
#3401 = ORIENTED_EDGE('',*,*,#3124,.T.);
#3402 = ORIENTED_EDGE('',*,*,#3370,.T.);
#3403 = ORIENTED_EDGE('',*,*,#3404,.F.);
#3404 = EDGE_CURVE('',#3395,#3371,#3405,.T.);
#3405 = CIRCLE('',#3406,0.1);
#3406 = AXIS2_PLACEMENT_3D('',#3407,#3408,#3409);
#3407 = CARTESIAN_POINT('',(-2.95,3.E-02,1.3));
#3408 = DIRECTION('',(0.,1.,0.));
#3409 = DIRECTION('',(0.,-0.,1.));
#3410 = CYLINDRICAL_SURFACE('',#3411,0.1);
#3411 = AXIS2_PLACEMENT_3D('',#3412,#3413,#3414);
#3412 = CARTESIAN_POINT('',(-2.95,-9.346702730476,1.3));
#3413 = DIRECTION('',(0.,1.,0.));
#3414 = DIRECTION('',(0.,-0.,1.));
#3415 = ADVANCED_FACE('',(#3416),#3434,.F.);
#3416 = FACE_BOUND('',#3417,.T.);
#3417 = EDGE_LOOP('',(#3418,#3426,#3427,#3428));
#3418 = ORIENTED_EDGE('',*,*,#3419,.F.);
#3419 = EDGE_CURVE('',#3134,#3420,#3422,.T.);
#3420 = VERTEX_POINT('',#3421);
#3421 = CARTESIAN_POINT('',(-3.05,3.E-02,-1.3));
#3422 = LINE('',#3423,#3424);
#3423 = CARTESIAN_POINT('',(-3.05,-9.346702730476,-1.3));
#3424 = VECTOR('',#3425,1.);
#3425 = DIRECTION('',(0.,1.,0.));
#3426 = ORIENTED_EDGE('',*,*,#3133,.T.);
#3427 = ORIENTED_EDGE('',*,*,#3394,.T.);
#3428 = ORIENTED_EDGE('',*,*,#3429,.F.);
#3429 = EDGE_CURVE('',#3420,#3395,#3430,.T.);
#3430 = LINE('',#3431,#3432);
#3431 = CARTESIAN_POINT('',(-3.05,3.E-02,-1.3));
#3432 = VECTOR('',#3433,1.);
#3433 = DIRECTION('',(0.,0.,1.));
#3434 = PLANE('',#3435);
#3435 = AXIS2_PLACEMENT_3D('',#3436,#3437,#3438);
#3436 = CARTESIAN_POINT('',(-3.05,-9.346702730476,1.3));
#3437 = DIRECTION('',(1.,0.,0.));
#3438 = DIRECTION('',(-0.,1.,0.));
#3439 = ADVANCED_FACE('',(#3440),#3459,.T.);
#3440 = FACE_BOUND('',#3441,.T.);
#3441 = EDGE_LOOP('',(#3442,#3450,#3451,#3452));
#3442 = ORIENTED_EDGE('',*,*,#3443,.F.);
#3443 = EDGE_CURVE('',#3142,#3444,#3446,.T.);
#3444 = VERTEX_POINT('',#3445);
#3445 = CARTESIAN_POINT('',(-2.95,3.E-02,-1.4));
#3446 = LINE('',#3447,#3448);
#3447 = CARTESIAN_POINT('',(-2.95,-9.346702730476,-1.4));
#3448 = VECTOR('',#3449,1.);
#3449 = DIRECTION('',(0.,1.,0.));
#3450 = ORIENTED_EDGE('',*,*,#3141,.T.);
#3451 = ORIENTED_EDGE('',*,*,#3419,.T.);
#3452 = ORIENTED_EDGE('',*,*,#3453,.F.);
#3453 = EDGE_CURVE('',#3444,#3420,#3454,.T.);
#3454 = CIRCLE('',#3455,0.1);
#3455 = AXIS2_PLACEMENT_3D('',#3456,#3457,#3458);
#3456 = CARTESIAN_POINT('',(-2.95,3.E-02,-1.3));
#3457 = DIRECTION('',(0.,1.,0.));
#3458 = DIRECTION('',(0.,-0.,1.));
#3459 = CYLINDRICAL_SURFACE('',#3460,0.1);
#3460 = AXIS2_PLACEMENT_3D('',#3461,#3462,#3463);
#3461 = CARTESIAN_POINT('',(-2.95,-9.346702730476,-1.3));
#3462 = DIRECTION('',(0.,1.,0.));
#3463 = DIRECTION('',(0.,-0.,1.));
#3464 = ADVANCED_FACE('',(#3465),#3483,.F.);
#3465 = FACE_BOUND('',#3466,.T.);
#3466 = EDGE_LOOP('',(#3467,#3475,#3476,#3477));
#3467 = ORIENTED_EDGE('',*,*,#3468,.F.);
#3468 = EDGE_CURVE('',#3151,#3469,#3471,.T.);
#3469 = VERTEX_POINT('',#3470);
#3470 = CARTESIAN_POINT('',(-1.4,3.E-02,-1.4));
#3471 = LINE('',#3472,#3473);
#3472 = CARTESIAN_POINT('',(-1.4,-9.346702730476,-1.4));
#3473 = VECTOR('',#3474,1.);
#3474 = DIRECTION('',(0.,1.,0.));
#3475 = ORIENTED_EDGE('',*,*,#3150,.T.);
#3476 = ORIENTED_EDGE('',*,*,#3443,.T.);
#3477 = ORIENTED_EDGE('',*,*,#3478,.F.);
#3478 = EDGE_CURVE('',#3469,#3444,#3479,.T.);
#3479 = LINE('',#3480,#3481);
#3480 = CARTESIAN_POINT('',(-1.4,3.E-02,-1.4));
#3481 = VECTOR('',#3482,1.);
#3482 = DIRECTION('',(-1.,0.,0.));
#3483 = PLANE('',#3484);
#3484 = AXIS2_PLACEMENT_3D('',#3485,#3486,#3487);
#3485 = CARTESIAN_POINT('',(-1.4,-9.346702730476,-1.4));
#3486 = DIRECTION('',(-1.398970545143E-16,0.,1.));
#3487 = DIRECTION('',(1.,0.,1.398970545143E-16));
#3488 = ADVANCED_FACE('',(#3489),#3507,.F.);
#3489 = FACE_BOUND('',#3490,.T.);
#3490 = EDGE_LOOP('',(#3491,#3499,#3500,#3501));
#3491 = ORIENTED_EDGE('',*,*,#3492,.F.);
#3492 = EDGE_CURVE('',#3159,#3493,#3495,.T.);
#3493 = VERTEX_POINT('',#3494);
#3494 = CARTESIAN_POINT('',(-1.4,3.E-02,-2.95));
#3495 = LINE('',#3496,#3497);
#3496 = CARTESIAN_POINT('',(-1.4,-9.346702730476,-2.95));
#3497 = VECTOR('',#3498,1.);
#3498 = DIRECTION('',(0.,1.,0.));
#3499 = ORIENTED_EDGE('',*,*,#3158,.T.);
#3500 = ORIENTED_EDGE('',*,*,#3468,.T.);
#3501 = ORIENTED_EDGE('',*,*,#3502,.F.);
#3502 = EDGE_CURVE('',#3493,#3469,#3503,.T.);
#3503 = LINE('',#3504,#3505);
#3504 = CARTESIAN_POINT('',(-1.4,3.E-02,-2.95));
#3505 = VECTOR('',#3506,1.);
#3506 = DIRECTION('',(0.,0.,1.));
#3507 = PLANE('',#3508);
#3508 = AXIS2_PLACEMENT_3D('',#3509,#3510,#3511);
#3509 = CARTESIAN_POINT('',(-1.4,-9.346702730476,-2.95));
#3510 = DIRECTION('',(1.,0.,1.398970545143E-16));
#3511 = DIRECTION('',(-1.398970545143E-16,0.,1.));
#3512 = ADVANCED_FACE('',(#3513),#3532,.T.);
#3513 = FACE_BOUND('',#3514,.T.);
#3514 = EDGE_LOOP('',(#3515,#3523,#3524,#3525));
#3515 = ORIENTED_EDGE('',*,*,#3516,.F.);
#3516 = EDGE_CURVE('',#3167,#3517,#3519,.T.);
#3517 = VERTEX_POINT('',#3518);
#3518 = CARTESIAN_POINT('',(-1.3,3.E-02,-3.05));
#3519 = LINE('',#3520,#3521);
#3520 = CARTESIAN_POINT('',(-1.3,-9.346702730476,-3.05));
#3521 = VECTOR('',#3522,1.);
#3522 = DIRECTION('',(0.,1.,0.));
#3523 = ORIENTED_EDGE('',*,*,#3166,.T.);
#3524 = ORIENTED_EDGE('',*,*,#3492,.T.);
#3525 = ORIENTED_EDGE('',*,*,#3526,.F.);
#3526 = EDGE_CURVE('',#3517,#3493,#3527,.T.);
#3527 = CIRCLE('',#3528,0.1);
#3528 = AXIS2_PLACEMENT_3D('',#3529,#3530,#3531);
#3529 = CARTESIAN_POINT('',(-1.3,3.E-02,-2.95));
#3530 = DIRECTION('',(0.,1.,0.));
#3531 = DIRECTION('',(0.,-0.,1.));
#3532 = CYLINDRICAL_SURFACE('',#3533,1.E-01);
#3533 = AXIS2_PLACEMENT_3D('',#3534,#3535,#3536);
#3534 = CARTESIAN_POINT('',(-1.3,-9.346702730476,-2.95));
#3535 = DIRECTION('',(0.,1.,0.));
#3536 = DIRECTION('',(0.,-0.,1.));
#3537 = ADVANCED_FACE('',(#3538),#3556,.F.);
#3538 = FACE_BOUND('',#3539,.T.);
#3539 = EDGE_LOOP('',(#3540,#3548,#3549,#3550));
#3540 = ORIENTED_EDGE('',*,*,#3541,.F.);
#3541 = EDGE_CURVE('',#3176,#3542,#3544,.T.);
#3542 = VERTEX_POINT('',#3543);
#3543 = CARTESIAN_POINT('',(1.3,3.E-02,-3.05));
#3544 = LINE('',#3545,#3546);
#3545 = CARTESIAN_POINT('',(1.3,-9.346702730476,-3.05));
#3546 = VECTOR('',#3547,1.);
#3547 = DIRECTION('',(0.,1.,0.));
#3548 = ORIENTED_EDGE('',*,*,#3175,.T.);
#3549 = ORIENTED_EDGE('',*,*,#3516,.T.);
#3550 = ORIENTED_EDGE('',*,*,#3551,.F.);
#3551 = EDGE_CURVE('',#3542,#3517,#3552,.T.);
#3552 = LINE('',#3553,#3554);
#3553 = CARTESIAN_POINT('',(1.3,3.E-02,-3.05));
#3554 = VECTOR('',#3555,1.);
#3555 = DIRECTION('',(-1.,0.,0.));
#3556 = PLANE('',#3557);
#3557 = AXIS2_PLACEMENT_3D('',#3558,#3559,#3560);
#3558 = CARTESIAN_POINT('',(-1.3,-9.346702730476,-3.05));
#3559 = DIRECTION('',(0.,0.,1.));
#3560 = DIRECTION('',(1.,0.,-0.));
#3561 = ADVANCED_FACE('',(#3562),#3581,.T.);
#3562 = FACE_BOUND('',#3563,.T.);
#3563 = EDGE_LOOP('',(#3564,#3572,#3573,#3574));
#3564 = ORIENTED_EDGE('',*,*,#3565,.F.);
#3565 = EDGE_CURVE('',#3184,#3566,#3568,.T.);
#3566 = VERTEX_POINT('',#3567);
#3567 = CARTESIAN_POINT('',(1.4,3.E-02,-2.95));
#3568 = LINE('',#3569,#3570);
#3569 = CARTESIAN_POINT('',(1.4,-9.346702730476,-2.95));
#3570 = VECTOR('',#3571,1.);
#3571 = DIRECTION('',(0.,1.,0.));
#3572 = ORIENTED_EDGE('',*,*,#3183,.T.);
#3573 = ORIENTED_EDGE('',*,*,#3541,.T.);
#3574 = ORIENTED_EDGE('',*,*,#3575,.F.);
#3575 = EDGE_CURVE('',#3566,#3542,#3576,.T.);
#3576 = CIRCLE('',#3577,0.1);
#3577 = AXIS2_PLACEMENT_3D('',#3578,#3579,#3580);
#3578 = CARTESIAN_POINT('',(1.3,3.E-02,-2.95));
#3579 = DIRECTION('',(0.,1.,0.));
#3580 = DIRECTION('',(0.,-0.,1.));
#3581 = CYLINDRICAL_SURFACE('',#3582,1.E-01);
#3582 = AXIS2_PLACEMENT_3D('',#3583,#3584,#3585);
#3583 = CARTESIAN_POINT('',(1.3,-9.346702730476,-2.95));
#3584 = DIRECTION('',(0.,1.,0.));
#3585 = DIRECTION('',(0.,-0.,1.));
#3586 = ADVANCED_FACE('',(#3587),#3605,.F.);
#3587 = FACE_BOUND('',#3588,.T.);
#3588 = EDGE_LOOP('',(#3589,#3597,#3598,#3599));
#3589 = ORIENTED_EDGE('',*,*,#3590,.F.);
#3590 = EDGE_CURVE('',#3193,#3591,#3593,.T.);
#3591 = VERTEX_POINT('',#3592);
#3592 = CARTESIAN_POINT('',(1.4,3.E-02,-1.4));
#3593 = LINE('',#3594,#3595);
#3594 = CARTESIAN_POINT('',(1.4,-9.346702730476,-1.4));
#3595 = VECTOR('',#3596,1.);
#3596 = DIRECTION('',(0.,1.,0.));
#3597 = ORIENTED_EDGE('',*,*,#3192,.T.);
#3598 = ORIENTED_EDGE('',*,*,#3565,.T.);
#3599 = ORIENTED_EDGE('',*,*,#3600,.F.);
#3600 = EDGE_CURVE('',#3591,#3566,#3601,.T.);
#3601 = LINE('',#3602,#3603);
#3602 = CARTESIAN_POINT('',(1.4,3.E-02,-1.4));
#3603 = VECTOR('',#3604,1.);
#3604 = DIRECTION('',(0.,0.,-1.));
#3605 = PLANE('',#3606);
#3606 = AXIS2_PLACEMENT_3D('',#3607,#3608,#3609);
#3607 = CARTESIAN_POINT('',(1.4,-9.346702730476,-2.95));
#3608 = DIRECTION('',(-1.,0.,1.398970545143E-16));
#3609 = DIRECTION('',(0.,1.,0.));
#3610 = ADVANCED_FACE('',(#3611),#3629,.F.);
#3611 = FACE_BOUND('',#3612,.T.);
#3612 = EDGE_LOOP('',(#3613,#3621,#3622,#3623));
#3613 = ORIENTED_EDGE('',*,*,#3614,.F.);
#3614 = EDGE_CURVE('',#3201,#3615,#3617,.T.);
#3615 = VERTEX_POINT('',#3616);
#3616 = CARTESIAN_POINT('',(2.95,3.E-02,-1.4));
#3617 = LINE('',#3618,#3619);
#3618 = CARTESIAN_POINT('',(2.95,-9.346702730476,-1.4));
#3619 = VECTOR('',#3620,1.);
#3620 = DIRECTION('',(0.,1.,0.));
#3621 = ORIENTED_EDGE('',*,*,#3200,.T.);
#3622 = ORIENTED_EDGE('',*,*,#3590,.T.);
#3623 = ORIENTED_EDGE('',*,*,#3624,.F.);
#3624 = EDGE_CURVE('',#3615,#3591,#3625,.T.);
#3625 = LINE('',#3626,#3627);
#3626 = CARTESIAN_POINT('',(2.95,3.E-02,-1.4));
#3627 = VECTOR('',#3628,1.);
#3628 = DIRECTION('',(-1.,0.,0.));
#3629 = PLANE('',#3630);
#3630 = AXIS2_PLACEMENT_3D('',#3631,#3632,#3633);
#3631 = CARTESIAN_POINT('',(1.4,-9.346702730476,-1.4));
#3632 = DIRECTION('',(1.398970545143E-16,0.,1.));
#3633 = DIRECTION('',(1.,0.,-1.398970545143E-16));
#3634 = ADVANCED_FACE('',(#3635),#3654,.T.);
#3635 = FACE_BOUND('',#3636,.T.);
#3636 = EDGE_LOOP('',(#3637,#3645,#3646,#3647));
#3637 = ORIENTED_EDGE('',*,*,#3638,.F.);
#3638 = EDGE_CURVE('',#3209,#3639,#3641,.T.);
#3639 = VERTEX_POINT('',#3640);
#3640 = CARTESIAN_POINT('',(3.05,3.E-02,-1.3));
#3641 = LINE('',#3642,#3643);
#3642 = CARTESIAN_POINT('',(3.05,-9.346702730476,-1.3));
#3643 = VECTOR('',#3644,1.);
#3644 = DIRECTION('',(0.,1.,0.));
#3645 = ORIENTED_EDGE('',*,*,#3208,.T.);
#3646 = ORIENTED_EDGE('',*,*,#3614,.T.);
#3647 = ORIENTED_EDGE('',*,*,#3648,.F.);
#3648 = EDGE_CURVE('',#3639,#3615,#3649,.T.);
#3649 = CIRCLE('',#3650,0.1);
#3650 = AXIS2_PLACEMENT_3D('',#3651,#3652,#3653);
#3651 = CARTESIAN_POINT('',(2.95,3.E-02,-1.3));
#3652 = DIRECTION('',(0.,1.,0.));
#3653 = DIRECTION('',(0.,-0.,1.));
#3654 = CYLINDRICAL_SURFACE('',#3655,0.1);
#3655 = AXIS2_PLACEMENT_3D('',#3656,#3657,#3658);
#3656 = CARTESIAN_POINT('',(2.95,-9.346702730476,-1.3));
#3657 = DIRECTION('',(0.,1.,0.));
#3658 = DIRECTION('',(0.,-0.,1.));
#3659 = ADVANCED_FACE('',(#3660),#3678,.F.);
#3660 = FACE_BOUND('',#3661,.T.);
#3661 = EDGE_LOOP('',(#3662,#3670,#3671,#3672));
#3662 = ORIENTED_EDGE('',*,*,#3663,.F.);
#3663 = EDGE_CURVE('',#3218,#3664,#3666,.T.);
#3664 = VERTEX_POINT('',#3665);
#3665 = CARTESIAN_POINT('',(3.05,3.E-02,1.3));
#3666 = LINE('',#3667,#3668);
#3667 = CARTESIAN_POINT('',(3.05,-9.346702730476,1.3));
#3668 = VECTOR('',#3669,1.);
#3669 = DIRECTION('',(0.,1.,0.));
#3670 = ORIENTED_EDGE('',*,*,#3217,.T.);
#3671 = ORIENTED_EDGE('',*,*,#3638,.T.);
#3672 = ORIENTED_EDGE('',*,*,#3673,.F.);
#3673 = EDGE_CURVE('',#3664,#3639,#3674,.T.);
#3674 = LINE('',#3675,#3676);
#3675 = CARTESIAN_POINT('',(3.05,3.E-02,1.3));
#3676 = VECTOR('',#3677,1.);
#3677 = DIRECTION('',(0.,0.,-1.));
#3678 = PLANE('',#3679);
#3679 = AXIS2_PLACEMENT_3D('',#3680,#3681,#3682);
#3680 = CARTESIAN_POINT('',(3.05,-9.346702730476,1.3));
#3681 = DIRECTION('',(-1.,0.,0.));
#3682 = DIRECTION('',(0.,0.,1.));
#3683 = ADVANCED_FACE('',(#3684),#3703,.T.);
#3684 = FACE_BOUND('',#3685,.T.);
#3685 = EDGE_LOOP('',(#3686,#3694,#3695,#3696));
#3686 = ORIENTED_EDGE('',*,*,#3687,.F.);
#3687 = EDGE_CURVE('',#3226,#3688,#3690,.T.);
#3688 = VERTEX_POINT('',#3689);
#3689 = CARTESIAN_POINT('',(2.95,3.E-02,1.4));
#3690 = LINE('',#3691,#3692);
#3691 = CARTESIAN_POINT('',(2.95,-9.346702730476,1.4));
#3692 = VECTOR('',#3693,1.);
#3693 = DIRECTION('',(0.,1.,0.));
#3694 = ORIENTED_EDGE('',*,*,#3225,.T.);
#3695 = ORIENTED_EDGE('',*,*,#3663,.T.);
#3696 = ORIENTED_EDGE('',*,*,#3697,.F.);
#3697 = EDGE_CURVE('',#3688,#3664,#3698,.T.);
#3698 = CIRCLE('',#3699,0.1);
#3699 = AXIS2_PLACEMENT_3D('',#3700,#3701,#3702);
#3700 = CARTESIAN_POINT('',(2.95,3.E-02,1.3));
#3701 = DIRECTION('',(0.,1.,0.));
#3702 = DIRECTION('',(0.,-0.,1.));
#3703 = CYLINDRICAL_SURFACE('',#3704,0.1);
#3704 = AXIS2_PLACEMENT_3D('',#3705,#3706,#3707);
#3705 = CARTESIAN_POINT('',(2.95,-9.346702730476,1.3));
#3706 = DIRECTION('',(0.,1.,0.));
#3707 = DIRECTION('',(0.,-0.,1.));
#3708 = ADVANCED_FACE('',(#3709),#3727,.F.);
#3709 = FACE_BOUND('',#3710,.T.);
#3710 = EDGE_LOOP('',(#3711,#3719,#3720,#3721));
#3711 = ORIENTED_EDGE('',*,*,#3712,.F.);
#3712 = EDGE_CURVE('',#3235,#3713,#3715,.T.);
#3713 = VERTEX_POINT('',#3714);
#3714 = CARTESIAN_POINT('',(1.4,3.E-02,1.4));
#3715 = LINE('',#3716,#3717);
#3716 = CARTESIAN_POINT('',(1.4,-9.346702730476,1.4));
#3717 = VECTOR('',#3718,1.);
#3718 = DIRECTION('',(0.,1.,0.));
#3719 = ORIENTED_EDGE('',*,*,#3234,.T.);
#3720 = ORIENTED_EDGE('',*,*,#3687,.T.);
#3721 = ORIENTED_EDGE('',*,*,#3722,.F.);
#3722 = EDGE_CURVE('',#3713,#3688,#3723,.T.);
#3723 = LINE('',#3724,#3725);
#3724 = CARTESIAN_POINT('',(1.4,3.E-02,1.4));
#3725 = VECTOR('',#3726,1.);
#3726 = DIRECTION('',(1.,-0.,0.));
#3727 = PLANE('',#3728);
#3728 = AXIS2_PLACEMENT_3D('',#3729,#3730,#3731);
#3729 = CARTESIAN_POINT('',(1.4,-9.346702730476,1.4));
#3730 = DIRECTION('',(1.398970545143E-16,0.,-1.));
#3731 = DIRECTION('',(0.,-1.,0.));
#3732 = ADVANCED_FACE('',(#3733),#3744,.F.);
#3733 = FACE_BOUND('',#3734,.T.);
#3734 = EDGE_LOOP('',(#3735,#3736,#3737,#3738));
#3735 = ORIENTED_EDGE('',*,*,#3274,.F.);
#3736 = ORIENTED_EDGE('',*,*,#3242,.T.);
#3737 = ORIENTED_EDGE('',*,*,#3712,.T.);
#3738 = ORIENTED_EDGE('',*,*,#3739,.F.);
#3739 = EDGE_CURVE('',#3275,#3713,#3740,.T.);
#3740 = LINE('',#3741,#3742);
#3741 = CARTESIAN_POINT('',(1.4,3.E-02,2.95));
#3742 = VECTOR('',#3743,1.);
#3743 = DIRECTION('',(0.,0.,-1.));
#3744 = PLANE('',#3745);
#3745 = AXIS2_PLACEMENT_3D('',#3746,#3747,#3748);
#3746 = CARTESIAN_POINT('',(1.4,-9.346702730476,2.95));
#3747 = DIRECTION('',(-1.,0.,-1.398970545143E-16));
#3748 = DIRECTION('',(-1.398970545143E-16,0.,1.));
#3749 = ADVANCED_FACE('',(#3750),#3772,.T.);
#3750 = FACE_BOUND('',#3751,.T.);
#3751 = EDGE_LOOP('',(#3752,#3753,#3754,#3755,#3756,#3757,#3758,#3759,
    #3760,#3761,#3762,#3763,#3764,#3765,#3766,#3767,#3768,#3769,#3770,
    #3771));
#3752 = ORIENTED_EDGE('',*,*,#3307,.T.);
#3753 = ORIENTED_EDGE('',*,*,#3282,.T.);
#3754 = ORIENTED_EDGE('',*,*,#3739,.T.);
#3755 = ORIENTED_EDGE('',*,*,#3722,.T.);
#3756 = ORIENTED_EDGE('',*,*,#3697,.T.);
#3757 = ORIENTED_EDGE('',*,*,#3673,.T.);
#3758 = ORIENTED_EDGE('',*,*,#3648,.T.);
#3759 = ORIENTED_EDGE('',*,*,#3624,.T.);
#3760 = ORIENTED_EDGE('',*,*,#3600,.T.);
#3761 = ORIENTED_EDGE('',*,*,#3575,.T.);
#3762 = ORIENTED_EDGE('',*,*,#3551,.T.);
#3763 = ORIENTED_EDGE('',*,*,#3526,.T.);
#3764 = ORIENTED_EDGE('',*,*,#3502,.T.);
#3765 = ORIENTED_EDGE('',*,*,#3478,.T.);
#3766 = ORIENTED_EDGE('',*,*,#3453,.T.);
#3767 = ORIENTED_EDGE('',*,*,#3429,.T.);
#3768 = ORIENTED_EDGE('',*,*,#3404,.T.);
#3769 = ORIENTED_EDGE('',*,*,#3380,.T.);
#3770 = ORIENTED_EDGE('',*,*,#3356,.T.);
#3771 = ORIENTED_EDGE('',*,*,#3331,.T.);
#3772 = PLANE('',#3773);
#3773 = AXIS2_PLACEMENT_3D('',#3774,#3775,#3776);
#3774 = CARTESIAN_POINT('',(0.,3.E-02,0.));
#3775 = DIRECTION('',(-0.,1.,0.));
#3776 = DIRECTION('',(1.,0.,0.));
#3777 = MANIFOLD_SOLID_BREP('',#3778);
#3778 = CLOSED_SHELL('',(#3779,#3820,#3851,#3875,#3900,#3917));
#3779 = ADVANCED_FACE('',(#3780),#3815,.F.);
#3780 = FACE_BOUND('',#3781,.T.);
#3781 = EDGE_LOOP('',(#3782,#3792,#3801,#3809));
#3782 = ORIENTED_EDGE('',*,*,#3783,.F.);
#3783 = EDGE_CURVE('',#3784,#3786,#3788,.T.);
#3784 = VERTEX_POINT('',#3785);
#3785 = CARTESIAN_POINT('',(2.75,-2.E-02,3.1));
#3786 = VERTEX_POINT('',#3787);
#3787 = CARTESIAN_POINT('',(3.09,-2.E-02,3.1));
#3788 = LINE('',#3789,#3790);
#3789 = CARTESIAN_POINT('',(3.09,-2.E-02,3.1));
#3790 = VECTOR('',#3791,1.);
#3791 = DIRECTION('',(1.,0.,-1.27553196763E-15));
#3792 = ORIENTED_EDGE('',*,*,#3793,.F.);
#3793 = EDGE_CURVE('',#3794,#3784,#3796,.T.);
#3794 = VERTEX_POINT('',#3795);
#3795 = CARTESIAN_POINT('',(2.75,-2.E-02,2.6));
#3796 = CIRCLE('',#3797,0.25);
#3797 = AXIS2_PLACEMENT_3D('',#3798,#3799,#3800);
#3798 = CARTESIAN_POINT('',(2.75,-2.E-02,2.85));
#3799 = DIRECTION('',(0.,1.,0.));
#3800 = DIRECTION('',(0.,-0.,1.));
#3801 = ORIENTED_EDGE('',*,*,#3802,.F.);
#3802 = EDGE_CURVE('',#3803,#3794,#3805,.T.);
#3803 = VERTEX_POINT('',#3804);
#3804 = CARTESIAN_POINT('',(3.09,-2.E-02,2.6));
#3805 = LINE('',#3806,#3807);
#3806 = CARTESIAN_POINT('',(2.75,-2.E-02,2.6));
#3807 = VECTOR('',#3808,1.);
#3808 = DIRECTION('',(-1.,0.,-1.27553196763E-15));
#3809 = ORIENTED_EDGE('',*,*,#3810,.F.);
#3810 = EDGE_CURVE('',#3786,#3803,#3811,.T.);
#3811 = LINE('',#3812,#3813);
#3812 = CARTESIAN_POINT('',(3.09,-2.E-02,2.6));
#3813 = VECTOR('',#3814,1.);
#3814 = DIRECTION('',(0.,0.,-1.));
#3815 = PLANE('',#3816);
#3816 = AXIS2_PLACEMENT_3D('',#3817,#3818,#3819);
#3817 = CARTESIAN_POINT('',(0.,-2.E-02,0.));
#3818 = DIRECTION('',(-0.,1.,0.));
#3819 = DIRECTION('',(1.,0.,0.));
#3820 = ADVANCED_FACE('',(#3821),#3846,.F.);
#3821 = FACE_BOUND('',#3822,.T.);
#3822 = EDGE_LOOP('',(#3823,#3831,#3832,#3840));
#3823 = ORIENTED_EDGE('',*,*,#3824,.F.);
#3824 = EDGE_CURVE('',#3786,#3825,#3827,.T.);
#3825 = VERTEX_POINT('',#3826);
#3826 = CARTESIAN_POINT('',(3.09,3.E-02,3.1));
#3827 = LINE('',#3828,#3829);
#3828 = CARTESIAN_POINT('',(3.09,-9.346702730476,3.1));
#3829 = VECTOR('',#3830,1.);
#3830 = DIRECTION('',(0.,1.,0.));
#3831 = ORIENTED_EDGE('',*,*,#3810,.T.);
#3832 = ORIENTED_EDGE('',*,*,#3833,.T.);
#3833 = EDGE_CURVE('',#3803,#3834,#3836,.T.);
#3834 = VERTEX_POINT('',#3835);
#3835 = CARTESIAN_POINT('',(3.09,3.E-02,2.6));
#3836 = LINE('',#3837,#3838);
#3837 = CARTESIAN_POINT('',(3.09,-9.346702730476,2.6));
#3838 = VECTOR('',#3839,1.);
#3839 = DIRECTION('',(0.,1.,0.));
#3840 = ORIENTED_EDGE('',*,*,#3841,.F.);
#3841 = EDGE_CURVE('',#3825,#3834,#3842,.T.);
#3842 = LINE('',#3843,#3844);
#3843 = CARTESIAN_POINT('',(3.09,3.E-02,3.1));
#3844 = VECTOR('',#3845,1.);
#3845 = DIRECTION('',(0.,0.,-1.));
#3846 = PLANE('',#3847);
#3847 = AXIS2_PLACEMENT_3D('',#3848,#3849,#3850);
#3848 = CARTESIAN_POINT('',(3.09,-9.346702730476,2.6));
#3849 = DIRECTION('',(-1.,0.,0.));
#3850 = DIRECTION('',(0.,0.,1.));
#3851 = ADVANCED_FACE('',(#3852),#3870,.F.);
#3852 = FACE_BOUND('',#3853,.T.);
#3853 = EDGE_LOOP('',(#3854,#3862,#3863,#3864));
#3854 = ORIENTED_EDGE('',*,*,#3855,.F.);
#3855 = EDGE_CURVE('',#3784,#3856,#3858,.T.);
#3856 = VERTEX_POINT('',#3857);
#3857 = CARTESIAN_POINT('',(2.75,3.E-02,3.1));
#3858 = LINE('',#3859,#3860);
#3859 = CARTESIAN_POINT('',(2.75,-9.346702730476,3.1));
#3860 = VECTOR('',#3861,1.);
#3861 = DIRECTION('',(0.,1.,0.));
#3862 = ORIENTED_EDGE('',*,*,#3783,.T.);
#3863 = ORIENTED_EDGE('',*,*,#3824,.T.);
#3864 = ORIENTED_EDGE('',*,*,#3865,.F.);
#3865 = EDGE_CURVE('',#3856,#3825,#3866,.T.);
#3866 = LINE('',#3867,#3868);
#3867 = CARTESIAN_POINT('',(2.75,3.E-02,3.1));
#3868 = VECTOR('',#3869,1.);
#3869 = DIRECTION('',(1.,-0.,0.));
#3870 = PLANE('',#3871);
#3871 = AXIS2_PLACEMENT_3D('',#3872,#3873,#3874);
#3872 = CARTESIAN_POINT('',(3.09,-9.346702730476,3.1));
#3873 = DIRECTION('',(-1.27553196763E-15,0.,-1.));
#3874 = DIRECTION('',(-1.,0.,1.27553196763E-15));
#3875 = ADVANCED_FACE('',(#3876),#3895,.T.);
#3876 = FACE_BOUND('',#3877,.T.);
#3877 = EDGE_LOOP('',(#3878,#3886,#3887,#3888));
#3878 = ORIENTED_EDGE('',*,*,#3879,.F.);
#3879 = EDGE_CURVE('',#3794,#3880,#3882,.T.);
#3880 = VERTEX_POINT('',#3881);
#3881 = CARTESIAN_POINT('',(2.75,3.E-02,2.6));
#3882 = LINE('',#3883,#3884);
#3883 = CARTESIAN_POINT('',(2.75,-9.346702730476,2.6));
#3884 = VECTOR('',#3885,1.);
#3885 = DIRECTION('',(0.,1.,0.));
#3886 = ORIENTED_EDGE('',*,*,#3793,.T.);
#3887 = ORIENTED_EDGE('',*,*,#3855,.T.);
#3888 = ORIENTED_EDGE('',*,*,#3889,.F.);
#3889 = EDGE_CURVE('',#3880,#3856,#3890,.T.);
#3890 = CIRCLE('',#3891,0.25);
#3891 = AXIS2_PLACEMENT_3D('',#3892,#3893,#3894);
#3892 = CARTESIAN_POINT('',(2.75,3.E-02,2.85));
#3893 = DIRECTION('',(0.,1.,0.));
#3894 = DIRECTION('',(0.,-0.,1.));
#3895 = CYLINDRICAL_SURFACE('',#3896,0.25);
#3896 = AXIS2_PLACEMENT_3D('',#3897,#3898,#3899);
#3897 = CARTESIAN_POINT('',(2.75,-9.346702730476,2.85));
#3898 = DIRECTION('',(0.,1.,0.));
#3899 = DIRECTION('',(0.,-0.,1.));
#3900 = ADVANCED_FACE('',(#3901),#3912,.F.);
#3901 = FACE_BOUND('',#3902,.T.);
#3902 = EDGE_LOOP('',(#3903,#3904,#3905,#3906));
#3903 = ORIENTED_EDGE('',*,*,#3833,.F.);
#3904 = ORIENTED_EDGE('',*,*,#3802,.T.);
#3905 = ORIENTED_EDGE('',*,*,#3879,.T.);
#3906 = ORIENTED_EDGE('',*,*,#3907,.F.);
#3907 = EDGE_CURVE('',#3834,#3880,#3908,.T.);
#3908 = LINE('',#3909,#3910);
#3909 = CARTESIAN_POINT('',(3.09,3.E-02,2.6));
#3910 = VECTOR('',#3911,1.);
#3911 = DIRECTION('',(-1.,0.,0.));
#3912 = PLANE('',#3913);
#3913 = AXIS2_PLACEMENT_3D('',#3914,#3915,#3916);
#3914 = CARTESIAN_POINT('',(2.75,-9.346702730476,2.6));
#3915 = DIRECTION('',(-1.27553196763E-15,0.,1.));
#3916 = DIRECTION('',(1.,0.,1.27553196763E-15));
#3917 = ADVANCED_FACE('',(#3918),#3924,.T.);
#3918 = FACE_BOUND('',#3919,.T.);
#3919 = EDGE_LOOP('',(#3920,#3921,#3922,#3923));
#3920 = ORIENTED_EDGE('',*,*,#3889,.T.);
#3921 = ORIENTED_EDGE('',*,*,#3865,.T.);
#3922 = ORIENTED_EDGE('',*,*,#3841,.T.);
#3923 = ORIENTED_EDGE('',*,*,#3907,.T.);
#3924 = PLANE('',#3925);
#3925 = AXIS2_PLACEMENT_3D('',#3926,#3927,#3928);
#3926 = CARTESIAN_POINT('',(0.,3.E-02,0.));
#3927 = DIRECTION('',(-0.,1.,0.));
#3928 = DIRECTION('',(1.,0.,0.));
#3929 = MANIFOLD_SOLID_BREP('',#3930);
#3930 = CLOSED_SHELL('',(#3931,#3972,#4003,#4027,#4052,#4069));
#3931 = ADVANCED_FACE('',(#3932),#3967,.F.);
#3932 = FACE_BOUND('',#3933,.T.);
#3933 = EDGE_LOOP('',(#3934,#3944,#3953,#3961));
#3934 = ORIENTED_EDGE('',*,*,#3935,.F.);
#3935 = EDGE_CURVE('',#3936,#3938,#3940,.T.);
#3936 = VERTEX_POINT('',#3937);
#3937 = CARTESIAN_POINT('',(-3.1,-2.E-02,2.75));
#3938 = VERTEX_POINT('',#3939);
#3939 = CARTESIAN_POINT('',(-3.1,-2.E-02,3.09));
#3940 = LINE('',#3941,#3942);
#3941 = CARTESIAN_POINT('',(-3.1,-2.E-02,3.09));
#3942 = VECTOR('',#3943,1.);
#3943 = DIRECTION('',(1.27553196763E-15,0.,1.));
#3944 = ORIENTED_EDGE('',*,*,#3945,.F.);
#3945 = EDGE_CURVE('',#3946,#3936,#3948,.T.);
#3946 = VERTEX_POINT('',#3947);
#3947 = CARTESIAN_POINT('',(-2.6,-2.E-02,2.75));
#3948 = CIRCLE('',#3949,0.25);
#3949 = AXIS2_PLACEMENT_3D('',#3950,#3951,#3952);
#3950 = CARTESIAN_POINT('',(-2.85,-2.E-02,2.75));
#3951 = DIRECTION('',(0.,1.,0.));
#3952 = DIRECTION('',(0.,-0.,1.));
#3953 = ORIENTED_EDGE('',*,*,#3954,.F.);
#3954 = EDGE_CURVE('',#3955,#3946,#3957,.T.);
#3955 = VERTEX_POINT('',#3956);
#3956 = CARTESIAN_POINT('',(-2.6,-2.E-02,3.09));
#3957 = LINE('',#3958,#3959);
#3958 = CARTESIAN_POINT('',(-2.6,-2.E-02,2.75));
#3959 = VECTOR('',#3960,1.);
#3960 = DIRECTION('',(1.27553196763E-15,0.,-1.));
#3961 = ORIENTED_EDGE('',*,*,#3962,.F.);
#3962 = EDGE_CURVE('',#3938,#3955,#3963,.T.);
#3963 = LINE('',#3964,#3965);
#3964 = CARTESIAN_POINT('',(-2.6,-2.E-02,3.09));
#3965 = VECTOR('',#3966,1.);
#3966 = DIRECTION('',(1.,0.,0.));
#3967 = PLANE('',#3968);
#3968 = AXIS2_PLACEMENT_3D('',#3969,#3970,#3971);
#3969 = CARTESIAN_POINT('',(0.,-2.E-02,0.));
#3970 = DIRECTION('',(-0.,1.,0.));
#3971 = DIRECTION('',(1.,0.,0.));
#3972 = ADVANCED_FACE('',(#3973),#3998,.F.);
#3973 = FACE_BOUND('',#3974,.T.);
#3974 = EDGE_LOOP('',(#3975,#3983,#3984,#3992));
#3975 = ORIENTED_EDGE('',*,*,#3976,.F.);
#3976 = EDGE_CURVE('',#3938,#3977,#3979,.T.);
#3977 = VERTEX_POINT('',#3978);
#3978 = CARTESIAN_POINT('',(-3.1,3.E-02,3.09));
#3979 = LINE('',#3980,#3981);
#3980 = CARTESIAN_POINT('',(-3.1,-9.346702730476,3.09));
#3981 = VECTOR('',#3982,1.);
#3982 = DIRECTION('',(0.,1.,0.));
#3983 = ORIENTED_EDGE('',*,*,#3962,.T.);
#3984 = ORIENTED_EDGE('',*,*,#3985,.T.);
#3985 = EDGE_CURVE('',#3955,#3986,#3988,.T.);
#3986 = VERTEX_POINT('',#3987);
#3987 = CARTESIAN_POINT('',(-2.6,3.E-02,3.09));
#3988 = LINE('',#3989,#3990);
#3989 = CARTESIAN_POINT('',(-2.6,-9.346702730476,3.09));
#3990 = VECTOR('',#3991,1.);
#3991 = DIRECTION('',(0.,1.,0.));
#3992 = ORIENTED_EDGE('',*,*,#3993,.F.);
#3993 = EDGE_CURVE('',#3977,#3986,#3994,.T.);
#3994 = LINE('',#3995,#3996);
#3995 = CARTESIAN_POINT('',(-3.1,3.E-02,3.09));
#3996 = VECTOR('',#3997,1.);
#3997 = DIRECTION('',(1.,-0.,0.));
#3998 = PLANE('',#3999);
#3999 = AXIS2_PLACEMENT_3D('',#4000,#4001,#4002);
#4000 = CARTESIAN_POINT('',(-2.6,-9.346702730476,3.09));
#4001 = DIRECTION('',(0.,0.,-1.));
#4002 = DIRECTION('',(0.,-1.,0.));
#4003 = ADVANCED_FACE('',(#4004),#4022,.F.);
#4004 = FACE_BOUND('',#4005,.T.);
#4005 = EDGE_LOOP('',(#4006,#4014,#4015,#4016));
#4006 = ORIENTED_EDGE('',*,*,#4007,.F.);
#4007 = EDGE_CURVE('',#3936,#4008,#4010,.T.);
#4008 = VERTEX_POINT('',#4009);
#4009 = CARTESIAN_POINT('',(-3.1,3.E-02,2.75));
#4010 = LINE('',#4011,#4012);
#4011 = CARTESIAN_POINT('',(-3.1,-9.346702730476,2.75));
#4012 = VECTOR('',#4013,1.);
#4013 = DIRECTION('',(0.,1.,0.));
#4014 = ORIENTED_EDGE('',*,*,#3935,.T.);
#4015 = ORIENTED_EDGE('',*,*,#3976,.T.);
#4016 = ORIENTED_EDGE('',*,*,#4017,.F.);
#4017 = EDGE_CURVE('',#4008,#3977,#4018,.T.);
#4018 = LINE('',#4019,#4020);
#4019 = CARTESIAN_POINT('',(-3.1,3.E-02,2.75));
#4020 = VECTOR('',#4021,1.);
#4021 = DIRECTION('',(0.,0.,1.));
#4022 = PLANE('',#4023);
#4023 = AXIS2_PLACEMENT_3D('',#4024,#4025,#4026);
#4024 = CARTESIAN_POINT('',(-3.1,-9.346702730476,3.09));
#4025 = DIRECTION('',(1.,0.,-1.27553196763E-15));
#4026 = DIRECTION('',(-1.27553196763E-15,0.,-1.));
#4027 = ADVANCED_FACE('',(#4028),#4047,.T.);
#4028 = FACE_BOUND('',#4029,.T.);
#4029 = EDGE_LOOP('',(#4030,#4038,#4039,#4040));
#4030 = ORIENTED_EDGE('',*,*,#4031,.F.);
#4031 = EDGE_CURVE('',#3946,#4032,#4034,.T.);
#4032 = VERTEX_POINT('',#4033);
#4033 = CARTESIAN_POINT('',(-2.6,3.E-02,2.75));
#4034 = LINE('',#4035,#4036);
#4035 = CARTESIAN_POINT('',(-2.6,-9.346702730476,2.75));
#4036 = VECTOR('',#4037,1.);
#4037 = DIRECTION('',(0.,1.,0.));
#4038 = ORIENTED_EDGE('',*,*,#3945,.T.);
#4039 = ORIENTED_EDGE('',*,*,#4007,.T.);
#4040 = ORIENTED_EDGE('',*,*,#4041,.F.);
#4041 = EDGE_CURVE('',#4032,#4008,#4042,.T.);
#4042 = CIRCLE('',#4043,0.25);
#4043 = AXIS2_PLACEMENT_3D('',#4044,#4045,#4046);
#4044 = CARTESIAN_POINT('',(-2.85,3.E-02,2.75));
#4045 = DIRECTION('',(0.,1.,0.));
#4046 = DIRECTION('',(0.,-0.,1.));
#4047 = CYLINDRICAL_SURFACE('',#4048,0.25);
#4048 = AXIS2_PLACEMENT_3D('',#4049,#4050,#4051);
#4049 = CARTESIAN_POINT('',(-2.85,-9.346702730476,2.75));
#4050 = DIRECTION('',(0.,1.,0.));
#4051 = DIRECTION('',(0.,-0.,1.));
#4052 = ADVANCED_FACE('',(#4053),#4064,.F.);
#4053 = FACE_BOUND('',#4054,.T.);
#4054 = EDGE_LOOP('',(#4055,#4056,#4057,#4058));
#4055 = ORIENTED_EDGE('',*,*,#3985,.F.);
#4056 = ORIENTED_EDGE('',*,*,#3954,.T.);
#4057 = ORIENTED_EDGE('',*,*,#4031,.T.);
#4058 = ORIENTED_EDGE('',*,*,#4059,.F.);
#4059 = EDGE_CURVE('',#3986,#4032,#4060,.T.);
#4060 = LINE('',#4061,#4062);
#4061 = CARTESIAN_POINT('',(-2.6,3.E-02,3.09));
#4062 = VECTOR('',#4063,1.);
#4063 = DIRECTION('',(0.,0.,-1.));
#4064 = PLANE('',#4065);
#4065 = AXIS2_PLACEMENT_3D('',#4066,#4067,#4068);
#4066 = CARTESIAN_POINT('',(-2.6,-9.346702730476,2.75));
#4067 = DIRECTION('',(-1.,0.,-1.27553196763E-15));
#4068 = DIRECTION('',(-1.27553196763E-15,0.,1.));
#4069 = ADVANCED_FACE('',(#4070),#4076,.T.);
#4070 = FACE_BOUND('',#4071,.T.);
#4071 = EDGE_LOOP('',(#4072,#4073,#4074,#4075));
#4072 = ORIENTED_EDGE('',*,*,#4041,.T.);
#4073 = ORIENTED_EDGE('',*,*,#4017,.T.);
#4074 = ORIENTED_EDGE('',*,*,#3993,.T.);
#4075 = ORIENTED_EDGE('',*,*,#4059,.T.);
#4076 = PLANE('',#4077);
#4077 = AXIS2_PLACEMENT_3D('',#4078,#4079,#4080);
#4078 = CARTESIAN_POINT('',(0.,3.E-02,0.));
#4079 = DIRECTION('',(-0.,1.,0.));
#4080 = DIRECTION('',(1.,0.,0.));
#4081 = MANIFOLD_SOLID_BREP('',#4082);
#4082 = CLOSED_SHELL('',(#4083,#4125,#4165,#4189,#4213,#4237,#4255));
#4083 = ADVANCED_FACE('',(#4084),#4120,.T.);
#4084 = FACE_BOUND('',#4085,.T.);
#4085 = EDGE_LOOP('',(#4086,#4097,#4105,#4114));
#4086 = ORIENTED_EDGE('',*,*,#4087,.T.);
#4087 = EDGE_CURVE('',#4088,#4090,#4092,.T.);
#4088 = VERTEX_POINT('',#4089);
#4089 = CARTESIAN_POINT('',(2.6,-2.E-02,-2.75));
#4090 = VERTEX_POINT('',#4091);
#4091 = CARTESIAN_POINT('',(2.85,-2.E-02,-2.5));
#4092 = CIRCLE('',#4093,0.25);
#4093 = AXIS2_PLACEMENT_3D('',#4094,#4095,#4096);
#4094 = CARTESIAN_POINT('',(2.85,-2.E-02,-2.75));
#4095 = DIRECTION('',(0.,1.,0.));
#4096 = DIRECTION('',(0.,-0.,1.));
#4097 = ORIENTED_EDGE('',*,*,#4098,.T.);
#4098 = EDGE_CURVE('',#4090,#4099,#4101,.T.);
#4099 = VERTEX_POINT('',#4100);
#4100 = CARTESIAN_POINT('',(2.85,3.E-02,-2.5));
#4101 = LINE('',#4102,#4103);
#4102 = CARTESIAN_POINT('',(2.85,-9.346702730476,-2.5));
#4103 = VECTOR('',#4104,1.);
#4104 = DIRECTION('',(0.,1.,0.));
#4105 = ORIENTED_EDGE('',*,*,#4106,.F.);
#4106 = EDGE_CURVE('',#4107,#4099,#4109,.T.);
#4107 = VERTEX_POINT('',#4108);
#4108 = CARTESIAN_POINT('',(2.6,3.E-02,-2.75));
#4109 = CIRCLE('',#4110,0.25);
#4110 = AXIS2_PLACEMENT_3D('',#4111,#4112,#4113);
#4111 = CARTESIAN_POINT('',(2.85,3.E-02,-2.75));
#4112 = DIRECTION('',(0.,1.,0.));
#4113 = DIRECTION('',(0.,-0.,1.));
#4114 = ORIENTED_EDGE('',*,*,#4115,.F.);
#4115 = EDGE_CURVE('',#4088,#4107,#4116,.T.);
#4116 = LINE('',#4117,#4118);
#4117 = CARTESIAN_POINT('',(2.6,-9.346702730476,-2.75));
#4118 = VECTOR('',#4119,1.);
#4119 = DIRECTION('',(0.,1.,0.));
#4120 = CYLINDRICAL_SURFACE('',#4121,0.25);
#4121 = AXIS2_PLACEMENT_3D('',#4122,#4123,#4124);
#4122 = CARTESIAN_POINT('',(2.85,-9.346702730476,-2.75));
#4123 = DIRECTION('',(0.,1.,0.));
#4124 = DIRECTION('',(0.,-0.,1.));
#4125 = ADVANCED_FACE('',(#4126),#4160,.F.);
#4126 = FACE_BOUND('',#4127,.T.);
#4127 = EDGE_LOOP('',(#4128,#4138,#4146,#4153,#4154));
#4128 = ORIENTED_EDGE('',*,*,#4129,.F.);
#4129 = EDGE_CURVE('',#4130,#4132,#4134,.T.);
#4130 = VERTEX_POINT('',#4131);
#4131 = CARTESIAN_POINT('',(3.1,-2.E-02,-3.09));
#4132 = VERTEX_POINT('',#4133);
#4133 = CARTESIAN_POINT('',(2.6,-2.E-02,-3.09));
#4134 = LINE('',#4135,#4136);
#4135 = CARTESIAN_POINT('',(2.6,-2.E-02,-3.09));
#4136 = VECTOR('',#4137,1.);
#4137 = DIRECTION('',(-1.,0.,0.));
#4138 = ORIENTED_EDGE('',*,*,#4139,.F.);
#4139 = EDGE_CURVE('',#4140,#4130,#4142,.T.);
#4140 = VERTEX_POINT('',#4141);
#4141 = CARTESIAN_POINT('',(3.1,-2.E-02,-2.75));
#4142 = LINE('',#4143,#4144);
#4143 = CARTESIAN_POINT('',(3.1,-2.E-02,-3.09));
#4144 = VECTOR('',#4145,1.);
#4145 = DIRECTION('',(-1.27553196763E-15,0.,-1.));
#4146 = ORIENTED_EDGE('',*,*,#4147,.F.);
#4147 = EDGE_CURVE('',#4090,#4140,#4148,.T.);
#4148 = CIRCLE('',#4149,0.25);
#4149 = AXIS2_PLACEMENT_3D('',#4150,#4151,#4152);
#4150 = CARTESIAN_POINT('',(2.85,-2.E-02,-2.75));
#4151 = DIRECTION('',(0.,1.,0.));
#4152 = DIRECTION('',(0.,-0.,1.));
#4153 = ORIENTED_EDGE('',*,*,#4087,.F.);
#4154 = ORIENTED_EDGE('',*,*,#4155,.F.);
#4155 = EDGE_CURVE('',#4132,#4088,#4156,.T.);
#4156 = LINE('',#4157,#4158);
#4157 = CARTESIAN_POINT('',(2.6,-2.E-02,-2.75));
#4158 = VECTOR('',#4159,1.);
#4159 = DIRECTION('',(-1.27553196763E-15,0.,1.));
#4160 = PLANE('',#4161);
#4161 = AXIS2_PLACEMENT_3D('',#4162,#4163,#4164);
#4162 = CARTESIAN_POINT('',(0.,-2.E-02,0.));
#4163 = DIRECTION('',(-0.,1.,0.));
#4164 = DIRECTION('',(1.,0.,0.));
#4165 = ADVANCED_FACE('',(#4166),#4184,.F.);
#4166 = FACE_BOUND('',#4167,.T.);
#4167 = EDGE_LOOP('',(#4168,#4176,#4177,#4178));
#4168 = ORIENTED_EDGE('',*,*,#4169,.F.);
#4169 = EDGE_CURVE('',#4132,#4170,#4172,.T.);
#4170 = VERTEX_POINT('',#4171);
#4171 = CARTESIAN_POINT('',(2.6,3.E-02,-3.09));
#4172 = LINE('',#4173,#4174);
#4173 = CARTESIAN_POINT('',(2.6,-9.346702730476,-3.09));
#4174 = VECTOR('',#4175,1.);
#4175 = DIRECTION('',(0.,1.,0.));
#4176 = ORIENTED_EDGE('',*,*,#4155,.T.);
#4177 = ORIENTED_EDGE('',*,*,#4115,.T.);
#4178 = ORIENTED_EDGE('',*,*,#4179,.F.);
#4179 = EDGE_CURVE('',#4170,#4107,#4180,.T.);
#4180 = LINE('',#4181,#4182);
#4181 = CARTESIAN_POINT('',(2.6,3.E-02,-3.09));
#4182 = VECTOR('',#4183,1.);
#4183 = DIRECTION('',(0.,0.,1.));
#4184 = PLANE('',#4185);
#4185 = AXIS2_PLACEMENT_3D('',#4186,#4187,#4188);
#4186 = CARTESIAN_POINT('',(2.6,-9.346702730476,-2.75));
#4187 = DIRECTION('',(1.,0.,1.27553196763E-15));
#4188 = DIRECTION('',(-1.27553196763E-15,0.,1.));
#4189 = ADVANCED_FACE('',(#4190),#4208,.F.);
#4190 = FACE_BOUND('',#4191,.T.);
#4191 = EDGE_LOOP('',(#4192,#4200,#4201,#4202));
#4192 = ORIENTED_EDGE('',*,*,#4193,.F.);
#4193 = EDGE_CURVE('',#4130,#4194,#4196,.T.);
#4194 = VERTEX_POINT('',#4195);
#4195 = CARTESIAN_POINT('',(3.1,3.E-02,-3.09));
#4196 = LINE('',#4197,#4198);
#4197 = CARTESIAN_POINT('',(3.1,-9.346702730476,-3.09));
#4198 = VECTOR('',#4199,1.);
#4199 = DIRECTION('',(0.,1.,0.));
#4200 = ORIENTED_EDGE('',*,*,#4129,.T.);
#4201 = ORIENTED_EDGE('',*,*,#4169,.T.);
#4202 = ORIENTED_EDGE('',*,*,#4203,.F.);
#4203 = EDGE_CURVE('',#4194,#4170,#4204,.T.);
#4204 = LINE('',#4205,#4206);
#4205 = CARTESIAN_POINT('',(3.1,3.E-02,-3.09));
#4206 = VECTOR('',#4207,1.);
#4207 = DIRECTION('',(-1.,0.,0.));
#4208 = PLANE('',#4209);
#4209 = AXIS2_PLACEMENT_3D('',#4210,#4211,#4212);
#4210 = CARTESIAN_POINT('',(2.6,-9.346702730476,-3.09));
#4211 = DIRECTION('',(0.,0.,1.));
#4212 = DIRECTION('',(1.,0.,-0.));
#4213 = ADVANCED_FACE('',(#4214),#4232,.F.);
#4214 = FACE_BOUND('',#4215,.T.);
#4215 = EDGE_LOOP('',(#4216,#4224,#4225,#4226));
#4216 = ORIENTED_EDGE('',*,*,#4217,.F.);
#4217 = EDGE_CURVE('',#4140,#4218,#4220,.T.);
#4218 = VERTEX_POINT('',#4219);
#4219 = CARTESIAN_POINT('',(3.1,3.E-02,-2.75));
#4220 = LINE('',#4221,#4222);
#4221 = CARTESIAN_POINT('',(3.1,-9.346702730476,-2.75));
#4222 = VECTOR('',#4223,1.);
#4223 = DIRECTION('',(0.,1.,0.));
#4224 = ORIENTED_EDGE('',*,*,#4139,.T.);
#4225 = ORIENTED_EDGE('',*,*,#4193,.T.);
#4226 = ORIENTED_EDGE('',*,*,#4227,.F.);
#4227 = EDGE_CURVE('',#4218,#4194,#4228,.T.);
#4228 = LINE('',#4229,#4230);
#4229 = CARTESIAN_POINT('',(3.1,3.E-02,-2.75));
#4230 = VECTOR('',#4231,1.);
#4231 = DIRECTION('',(0.,0.,-1.));
#4232 = PLANE('',#4233);
#4233 = AXIS2_PLACEMENT_3D('',#4234,#4235,#4236);
#4234 = CARTESIAN_POINT('',(3.1,-9.346702730476,-3.09));
#4235 = DIRECTION('',(-1.,0.,1.27553196763E-15));
#4236 = DIRECTION('',(0.,1.,0.));
#4237 = ADVANCED_FACE('',(#4238),#4250,.T.);
#4238 = FACE_BOUND('',#4239,.T.);
#4239 = EDGE_LOOP('',(#4240,#4241,#4242,#4243));
#4240 = ORIENTED_EDGE('',*,*,#4098,.F.);
#4241 = ORIENTED_EDGE('',*,*,#4147,.T.);
#4242 = ORIENTED_EDGE('',*,*,#4217,.T.);
#4243 = ORIENTED_EDGE('',*,*,#4244,.F.);
#4244 = EDGE_CURVE('',#4099,#4218,#4245,.T.);
#4245 = CIRCLE('',#4246,0.25);
#4246 = AXIS2_PLACEMENT_3D('',#4247,#4248,#4249);
#4247 = CARTESIAN_POINT('',(2.85,3.E-02,-2.75));
#4248 = DIRECTION('',(0.,1.,0.));
#4249 = DIRECTION('',(0.,-0.,1.));
#4250 = CYLINDRICAL_SURFACE('',#4251,0.25);
#4251 = AXIS2_PLACEMENT_3D('',#4252,#4253,#4254);
#4252 = CARTESIAN_POINT('',(2.85,-9.346702730476,-2.75));
#4253 = DIRECTION('',(0.,1.,0.));
#4254 = DIRECTION('',(0.,-0.,1.));
#4255 = ADVANCED_FACE('',(#4256),#4263,.T.);
#4256 = FACE_BOUND('',#4257,.T.);
#4257 = EDGE_LOOP('',(#4258,#4259,#4260,#4261,#4262));
#4258 = ORIENTED_EDGE('',*,*,#4227,.T.);
#4259 = ORIENTED_EDGE('',*,*,#4203,.T.);
#4260 = ORIENTED_EDGE('',*,*,#4179,.T.);
#4261 = ORIENTED_EDGE('',*,*,#4106,.T.);
#4262 = ORIENTED_EDGE('',*,*,#4244,.T.);
#4263 = PLANE('',#4264);
#4264 = AXIS2_PLACEMENT_3D('',#4265,#4266,#4267);
#4265 = CARTESIAN_POINT('',(0.,3.E-02,0.));
#4266 = DIRECTION('',(-0.,1.,0.));
#4267 = DIRECTION('',(1.,0.,0.));
#4268 = MANIFOLD_SOLID_BREP('',#4269);
#4269 = CLOSED_SHELL('',(#4270,#4311,#4342,#4366,#4391,#4408));
#4270 = ADVANCED_FACE('',(#4271),#4306,.F.);
#4271 = FACE_BOUND('',#4272,.T.);
#4272 = EDGE_LOOP('',(#4273,#4283,#4292,#4300));
#4273 = ORIENTED_EDGE('',*,*,#4274,.F.);
#4274 = EDGE_CURVE('',#4275,#4277,#4279,.T.);
#4275 = VERTEX_POINT('',#4276);
#4276 = CARTESIAN_POINT('',(-2.75,-2.E-02,-3.1));
#4277 = VERTEX_POINT('',#4278);
#4278 = CARTESIAN_POINT('',(-3.09,-2.E-02,-3.1));
#4279 = LINE('',#4280,#4281);
#4280 = CARTESIAN_POINT('',(-3.09,-2.E-02,-3.1));
#4281 = VECTOR('',#4282,1.);
#4282 = DIRECTION('',(-1.,0.,1.27553196763E-15));
#4283 = ORIENTED_EDGE('',*,*,#4284,.F.);
#4284 = EDGE_CURVE('',#4285,#4275,#4287,.T.);
#4285 = VERTEX_POINT('',#4286);
#4286 = CARTESIAN_POINT('',(-2.75,-2.E-02,-2.6));
#4287 = CIRCLE('',#4288,0.25);
#4288 = AXIS2_PLACEMENT_3D('',#4289,#4290,#4291);
#4289 = CARTESIAN_POINT('',(-2.75,-2.E-02,-2.85));
#4290 = DIRECTION('',(0.,1.,0.));
#4291 = DIRECTION('',(0.,-0.,1.));
#4292 = ORIENTED_EDGE('',*,*,#4293,.F.);
#4293 = EDGE_CURVE('',#4294,#4285,#4296,.T.);
#4294 = VERTEX_POINT('',#4295);
#4295 = CARTESIAN_POINT('',(-3.09,-2.E-02,-2.6));
#4296 = LINE('',#4297,#4298);
#4297 = CARTESIAN_POINT('',(-2.75,-2.E-02,-2.6));
#4298 = VECTOR('',#4299,1.);
#4299 = DIRECTION('',(1.,0.,1.27553196763E-15));
#4300 = ORIENTED_EDGE('',*,*,#4301,.F.);
#4301 = EDGE_CURVE('',#4277,#4294,#4302,.T.);
#4302 = LINE('',#4303,#4304);
#4303 = CARTESIAN_POINT('',(-3.09,-2.E-02,-2.6));
#4304 = VECTOR('',#4305,1.);
#4305 = DIRECTION('',(0.,0.,1.));
#4306 = PLANE('',#4307);
#4307 = AXIS2_PLACEMENT_3D('',#4308,#4309,#4310);
#4308 = CARTESIAN_POINT('',(0.,-2.E-02,0.));
#4309 = DIRECTION('',(-0.,1.,0.));
#4310 = DIRECTION('',(1.,0.,0.));
#4311 = ADVANCED_FACE('',(#4312),#4337,.F.);
#4312 = FACE_BOUND('',#4313,.T.);
#4313 = EDGE_LOOP('',(#4314,#4322,#4323,#4331));
#4314 = ORIENTED_EDGE('',*,*,#4315,.F.);
#4315 = EDGE_CURVE('',#4277,#4316,#4318,.T.);
#4316 = VERTEX_POINT('',#4317);
#4317 = CARTESIAN_POINT('',(-3.09,3.E-02,-3.1));
#4318 = LINE('',#4319,#4320);
#4319 = CARTESIAN_POINT('',(-3.09,-9.346702730476,-3.1));
#4320 = VECTOR('',#4321,1.);
#4321 = DIRECTION('',(0.,1.,0.));
#4322 = ORIENTED_EDGE('',*,*,#4301,.T.);
#4323 = ORIENTED_EDGE('',*,*,#4324,.T.);
#4324 = EDGE_CURVE('',#4294,#4325,#4327,.T.);
#4325 = VERTEX_POINT('',#4326);
#4326 = CARTESIAN_POINT('',(-3.09,3.E-02,-2.6));
#4327 = LINE('',#4328,#4329);
#4328 = CARTESIAN_POINT('',(-3.09,-9.346702730476,-2.6));
#4329 = VECTOR('',#4330,1.);
#4330 = DIRECTION('',(0.,1.,0.));
#4331 = ORIENTED_EDGE('',*,*,#4332,.F.);
#4332 = EDGE_CURVE('',#4316,#4325,#4333,.T.);
#4333 = LINE('',#4334,#4335);
#4334 = CARTESIAN_POINT('',(-3.09,3.E-02,-3.1));
#4335 = VECTOR('',#4336,1.);
#4336 = DIRECTION('',(0.,0.,1.));
#4337 = PLANE('',#4338);
#4338 = AXIS2_PLACEMENT_3D('',#4339,#4340,#4341);
#4339 = CARTESIAN_POINT('',(-3.09,-9.346702730476,-2.6));
#4340 = DIRECTION('',(1.,0.,0.));
#4341 = DIRECTION('',(-0.,1.,0.));
#4342 = ADVANCED_FACE('',(#4343),#4361,.F.);
#4343 = FACE_BOUND('',#4344,.T.);
#4344 = EDGE_LOOP('',(#4345,#4353,#4354,#4355));
#4345 = ORIENTED_EDGE('',*,*,#4346,.F.);
#4346 = EDGE_CURVE('',#4275,#4347,#4349,.T.);
#4347 = VERTEX_POINT('',#4348);
#4348 = CARTESIAN_POINT('',(-2.75,3.E-02,-3.1));
#4349 = LINE('',#4350,#4351);
#4350 = CARTESIAN_POINT('',(-2.75,-9.346702730476,-3.1));
#4351 = VECTOR('',#4352,1.);
#4352 = DIRECTION('',(0.,1.,0.));
#4353 = ORIENTED_EDGE('',*,*,#4274,.T.);
#4354 = ORIENTED_EDGE('',*,*,#4315,.T.);
#4355 = ORIENTED_EDGE('',*,*,#4356,.F.);
#4356 = EDGE_CURVE('',#4347,#4316,#4357,.T.);
#4357 = LINE('',#4358,#4359);
#4358 = CARTESIAN_POINT('',(-2.75,3.E-02,-3.1));
#4359 = VECTOR('',#4360,1.);
#4360 = DIRECTION('',(-1.,0.,0.));
#4361 = PLANE('',#4362);
#4362 = AXIS2_PLACEMENT_3D('',#4363,#4364,#4365);
#4363 = CARTESIAN_POINT('',(-3.09,-9.346702730476,-3.1));
#4364 = DIRECTION('',(1.27553196763E-15,0.,1.));
#4365 = DIRECTION('',(1.,0.,-1.27553196763E-15));
#4366 = ADVANCED_FACE('',(#4367),#4386,.T.);
#4367 = FACE_BOUND('',#4368,.T.);
#4368 = EDGE_LOOP('',(#4369,#4377,#4378,#4379));
#4369 = ORIENTED_EDGE('',*,*,#4370,.F.);
#4370 = EDGE_CURVE('',#4285,#4371,#4373,.T.);
#4371 = VERTEX_POINT('',#4372);
#4372 = CARTESIAN_POINT('',(-2.75,3.E-02,-2.6));
#4373 = LINE('',#4374,#4375);
#4374 = CARTESIAN_POINT('',(-2.75,-9.346702730476,-2.6));
#4375 = VECTOR('',#4376,1.);
#4376 = DIRECTION('',(0.,1.,0.));
#4377 = ORIENTED_EDGE('',*,*,#4284,.T.);
#4378 = ORIENTED_EDGE('',*,*,#4346,.T.);
#4379 = ORIENTED_EDGE('',*,*,#4380,.F.);
#4380 = EDGE_CURVE('',#4371,#4347,#4381,.T.);
#4381 = CIRCLE('',#4382,0.25);
#4382 = AXIS2_PLACEMENT_3D('',#4383,#4384,#4385);
#4383 = CARTESIAN_POINT('',(-2.75,3.E-02,-2.85));
#4384 = DIRECTION('',(0.,1.,0.));
#4385 = DIRECTION('',(0.,-0.,1.));
#4386 = CYLINDRICAL_SURFACE('',#4387,0.25);
#4387 = AXIS2_PLACEMENT_3D('',#4388,#4389,#4390);
#4388 = CARTESIAN_POINT('',(-2.75,-9.346702730476,-2.85));
#4389 = DIRECTION('',(0.,1.,0.));
#4390 = DIRECTION('',(0.,-0.,1.));
#4391 = ADVANCED_FACE('',(#4392),#4403,.F.);
#4392 = FACE_BOUND('',#4393,.T.);
#4393 = EDGE_LOOP('',(#4394,#4395,#4396,#4397));
#4394 = ORIENTED_EDGE('',*,*,#4324,.F.);
#4395 = ORIENTED_EDGE('',*,*,#4293,.T.);
#4396 = ORIENTED_EDGE('',*,*,#4370,.T.);
#4397 = ORIENTED_EDGE('',*,*,#4398,.F.);
#4398 = EDGE_CURVE('',#4325,#4371,#4399,.T.);
#4399 = LINE('',#4400,#4401);
#4400 = CARTESIAN_POINT('',(-3.09,3.E-02,-2.6));
#4401 = VECTOR('',#4402,1.);
#4402 = DIRECTION('',(1.,-0.,0.));
#4403 = PLANE('',#4404);
#4404 = AXIS2_PLACEMENT_3D('',#4405,#4406,#4407);
#4405 = CARTESIAN_POINT('',(-2.75,-9.346702730476,-2.6));
#4406 = DIRECTION('',(1.27553196763E-15,0.,-1.));
#4407 = DIRECTION('',(0.,-1.,0.));
#4408 = ADVANCED_FACE('',(#4409),#4415,.T.);
#4409 = FACE_BOUND('',#4410,.T.);
#4410 = EDGE_LOOP('',(#4411,#4412,#4413,#4414));
#4411 = ORIENTED_EDGE('',*,*,#4380,.T.);
#4412 = ORIENTED_EDGE('',*,*,#4356,.T.);
#4413 = ORIENTED_EDGE('',*,*,#4332,.T.);
#4414 = ORIENTED_EDGE('',*,*,#4398,.T.);
#4415 = PLANE('',#4416);
#4416 = AXIS2_PLACEMENT_3D('',#4417,#4418,#4419);
#4417 = CARTESIAN_POINT('',(0.,3.E-02,0.));
#4418 = DIRECTION('',(-0.,1.,0.));
#4419 = DIRECTION('',(1.,0.,0.));
#4420 = MANIFOLD_SOLID_BREP('',#4421);
#4421 = CLOSED_SHELL('',(#4422,#4464,#4504,#4535,#4559,#4583,#4600,#4640
    ,#4696,#4718,#4735,#4752,#4764,#4782));
#4422 = ADVANCED_FACE('',(#4423),#4459,.F.);
#4423 = FACE_BOUND('',#4424,.F.);
#4424 = EDGE_LOOP('',(#4425,#4435,#4444,#4452));
#4425 = ORIENTED_EDGE('',*,*,#4426,.T.);
#4426 = EDGE_CURVE('',#4427,#4429,#4431,.T.);
#4427 = VERTEX_POINT('',#4428);
#4428 = CARTESIAN_POINT('',(3.25,0.58,3.36));
#4429 = VERTEX_POINT('',#4430);
#4430 = CARTESIAN_POINT('',(3.25,0.68,3.36));
#4431 = LINE('',#4432,#4433);
#4432 = CARTESIAN_POINT('',(3.25,0.58,3.36));
#4433 = VECTOR('',#4434,1.);
#4434 = DIRECTION('',(-0.,1.,-0.));
#4435 = ORIENTED_EDGE('',*,*,#4436,.F.);
#4436 = EDGE_CURVE('',#4437,#4429,#4439,.T.);
#4437 = VERTEX_POINT('',#4438);
#4438 = CARTESIAN_POINT('',(3.25,0.68,3.14));
#4439 = CIRCLE('',#4440,0.11);
#4440 = AXIS2_PLACEMENT_3D('',#4441,#4442,#4443);
#4441 = CARTESIAN_POINT('',(3.25,0.68,3.25));
#4442 = DIRECTION('',(0.,1.,0.));
#4443 = DIRECTION('',(0.,-0.,1.));
#4444 = ORIENTED_EDGE('',*,*,#4445,.F.);
#4445 = EDGE_CURVE('',#4446,#4437,#4448,.T.);
#4446 = VERTEX_POINT('',#4447);
#4447 = CARTESIAN_POINT('',(3.25,0.58,3.14));
#4448 = LINE('',#4449,#4450);
#4449 = CARTESIAN_POINT('',(3.25,0.58,3.14));
#4450 = VECTOR('',#4451,1.);
#4451 = DIRECTION('',(-0.,1.,-0.));
#4452 = ORIENTED_EDGE('',*,*,#4453,.T.);
#4453 = EDGE_CURVE('',#4446,#4427,#4454,.T.);
#4454 = CIRCLE('',#4455,0.11);
#4455 = AXIS2_PLACEMENT_3D('',#4456,#4457,#4458);
#4456 = CARTESIAN_POINT('',(3.25,0.58,3.25));
#4457 = DIRECTION('',(0.,1.,0.));
#4458 = DIRECTION('',(0.,-0.,1.));
#4459 = CYLINDRICAL_SURFACE('',#4460,0.11);
#4460 = AXIS2_PLACEMENT_3D('',#4461,#4462,#4463);
#4461 = CARTESIAN_POINT('',(3.25,0.58,3.25));
#4462 = DIRECTION('',(-0.,1.,-0.));
#4463 = DIRECTION('',(0.,0.,1.));
#4464 = ADVANCED_FACE('',(#4465),#4499,.F.);
#4465 = FACE_BOUND('',#4466,.T.);
#4466 = EDGE_LOOP('',(#4467,#4477,#4485,#4493));
#4467 = ORIENTED_EDGE('',*,*,#4468,.T.);
#4468 = EDGE_CURVE('',#4469,#4471,#4473,.T.);
#4469 = VERTEX_POINT('',#4470);
#4470 = CARTESIAN_POINT('',(-3.085,0.48,-3.085));
#4471 = VERTEX_POINT('',#4472);
#4472 = CARTESIAN_POINT('',(-3.085,0.48,3.085));
#4473 = LINE('',#4474,#4475);
#4474 = CARTESIAN_POINT('',(-3.085,0.48,-3.085));
#4475 = VECTOR('',#4476,1.);
#4476 = DIRECTION('',(0.,0.,1.));
#4477 = ORIENTED_EDGE('',*,*,#4478,.T.);
#4478 = EDGE_CURVE('',#4471,#4479,#4481,.T.);
#4479 = VERTEX_POINT('',#4480);
#4480 = CARTESIAN_POINT('',(3.085,0.48,3.085));
#4481 = LINE('',#4482,#4483);
#4482 = CARTESIAN_POINT('',(3.085,0.48,3.085));
#4483 = VECTOR('',#4484,1.);
#4484 = DIRECTION('',(1.,0.,-1.40577267097E-16));
#4485 = ORIENTED_EDGE('',*,*,#4486,.T.);
#4486 = EDGE_CURVE('',#4479,#4487,#4489,.T.);
#4487 = VERTEX_POINT('',#4488);
#4488 = CARTESIAN_POINT('',(3.085,0.48,-3.085));
#4489 = LINE('',#4490,#4491);
#4490 = CARTESIAN_POINT('',(3.085,0.48,-3.085));
#4491 = VECTOR('',#4492,1.);
#4492 = DIRECTION('',(0.,0.,-1.));
#4493 = ORIENTED_EDGE('',*,*,#4494,.T.);
#4494 = EDGE_CURVE('',#4487,#4469,#4495,.T.);
#4495 = LINE('',#4496,#4497);
#4496 = CARTESIAN_POINT('',(3.085,0.48,-3.085));
#4497 = VECTOR('',#4498,1.);
#4498 = DIRECTION('',(-1.,0.,0.));
#4499 = PLANE('',#4500);
#4500 = AXIS2_PLACEMENT_3D('',#4501,#4502,#4503);
#4501 = CARTESIAN_POINT('',(0.,0.48,0.));
#4502 = DIRECTION('',(0.,-1.,0.));
#4503 = DIRECTION('',(0.,0.,-1.));
#4504 = ADVANCED_FACE('',(#4505),#4530,.F.);
#4505 = FACE_BOUND('',#4506,.T.);
#4506 = EDGE_LOOP('',(#4507,#4517,#4523,#4524));
#4507 = ORIENTED_EDGE('',*,*,#4508,.T.);
#4508 = EDGE_CURVE('',#4509,#4511,#4513,.T.);
#4509 = VERTEX_POINT('',#4510);
#4510 = CARTESIAN_POINT('',(-3.085,0.68,3.085));
#4511 = VERTEX_POINT('',#4512);
#4512 = CARTESIAN_POINT('',(3.085,0.68,3.085));
#4513 = LINE('',#4514,#4515);
#4514 = CARTESIAN_POINT('',(3.085,0.68,3.085));
#4515 = VECTOR('',#4516,1.);
#4516 = DIRECTION('',(1.,0.,-1.40577267097E-16));
#4517 = ORIENTED_EDGE('',*,*,#4518,.F.);
#4518 = EDGE_CURVE('',#4479,#4511,#4519,.T.);
#4519 = LINE('',#4520,#4521);
#4520 = CARTESIAN_POINT('',(3.085,0.48,3.085));
#4521 = VECTOR('',#4522,1.);
#4522 = DIRECTION('',(0.,1.,0.));
#4523 = ORIENTED_EDGE('',*,*,#4478,.F.);
#4524 = ORIENTED_EDGE('',*,*,#4525,.T.);
#4525 = EDGE_CURVE('',#4471,#4509,#4526,.T.);
#4526 = LINE('',#4527,#4528);
#4527 = CARTESIAN_POINT('',(-3.085,0.48,3.085));
#4528 = VECTOR('',#4529,1.);
#4529 = DIRECTION('',(0.,1.,0.));
#4530 = PLANE('',#4531);
#4531 = AXIS2_PLACEMENT_3D('',#4532,#4533,#4534);
#4532 = CARTESIAN_POINT('',(3.085,0.48,3.085));
#4533 = DIRECTION('',(1.40577267097E-16,0.,1.));
#4534 = DIRECTION('',(1.,0.,-1.40577267097E-16));
#4535 = ADVANCED_FACE('',(#4536),#4554,.F.);
#4536 = FACE_BOUND('',#4537,.T.);
#4537 = EDGE_LOOP('',(#4538,#4546,#4552,#4553));
#4538 = ORIENTED_EDGE('',*,*,#4539,.T.);
#4539 = EDGE_CURVE('',#4511,#4540,#4542,.T.);
#4540 = VERTEX_POINT('',#4541);
#4541 = CARTESIAN_POINT('',(3.085,0.68,-3.085));
#4542 = LINE('',#4543,#4544);
#4543 = CARTESIAN_POINT('',(3.085,0.68,-3.085));
#4544 = VECTOR('',#4545,1.);
#4545 = DIRECTION('',(0.,0.,-1.));
#4546 = ORIENTED_EDGE('',*,*,#4547,.F.);
#4547 = EDGE_CURVE('',#4487,#4540,#4548,.T.);
#4548 = LINE('',#4549,#4550);
#4549 = CARTESIAN_POINT('',(3.085,0.48,-3.085));
#4550 = VECTOR('',#4551,1.);
#4551 = DIRECTION('',(0.,1.,0.));
#4552 = ORIENTED_EDGE('',*,*,#4486,.F.);
#4553 = ORIENTED_EDGE('',*,*,#4518,.T.);
#4554 = PLANE('',#4555);
#4555 = AXIS2_PLACEMENT_3D('',#4556,#4557,#4558);
#4556 = CARTESIAN_POINT('',(3.085,0.48,-3.085));
#4557 = DIRECTION('',(1.,0.,0.));
#4558 = DIRECTION('',(-0.,1.,0.));
#4559 = ADVANCED_FACE('',(#4560),#4578,.F.);
#4560 = FACE_BOUND('',#4561,.T.);
#4561 = EDGE_LOOP('',(#4562,#4570,#4576,#4577));
#4562 = ORIENTED_EDGE('',*,*,#4563,.T.);
#4563 = EDGE_CURVE('',#4540,#4564,#4566,.T.);
#4564 = VERTEX_POINT('',#4565);
#4565 = CARTESIAN_POINT('',(-3.085,0.68,-3.085));
#4566 = LINE('',#4567,#4568);
#4567 = CARTESIAN_POINT('',(3.085,0.68,-3.085));
#4568 = VECTOR('',#4569,1.);
#4569 = DIRECTION('',(-1.,0.,0.));
#4570 = ORIENTED_EDGE('',*,*,#4571,.F.);
#4571 = EDGE_CURVE('',#4469,#4564,#4572,.T.);
#4572 = LINE('',#4573,#4574);
#4573 = CARTESIAN_POINT('',(-3.085,0.48,-3.085));
#4574 = VECTOR('',#4575,1.);
#4575 = DIRECTION('',(0.,1.,0.));
#4576 = ORIENTED_EDGE('',*,*,#4494,.F.);
#4577 = ORIENTED_EDGE('',*,*,#4547,.T.);
#4578 = PLANE('',#4579);
#4579 = AXIS2_PLACEMENT_3D('',#4580,#4581,#4582);
#4580 = CARTESIAN_POINT('',(3.085,0.48,-3.085));
#4581 = DIRECTION('',(0.,0.,-1.));
#4582 = DIRECTION('',(0.,-1.,0.));
#4583 = ADVANCED_FACE('',(#4584),#4595,.F.);
#4584 = FACE_BOUND('',#4585,.T.);
#4585 = EDGE_LOOP('',(#4586,#4592,#4593,#4594));
#4586 = ORIENTED_EDGE('',*,*,#4587,.T.);
#4587 = EDGE_CURVE('',#4564,#4509,#4588,.T.);
#4588 = LINE('',#4589,#4590);
#4589 = CARTESIAN_POINT('',(-3.085,0.68,-3.085));
#4590 = VECTOR('',#4591,1.);
#4591 = DIRECTION('',(0.,0.,1.));
#4592 = ORIENTED_EDGE('',*,*,#4525,.F.);
#4593 = ORIENTED_EDGE('',*,*,#4468,.F.);
#4594 = ORIENTED_EDGE('',*,*,#4571,.T.);
#4595 = PLANE('',#4596);
#4596 = AXIS2_PLACEMENT_3D('',#4597,#4598,#4599);
#4597 = CARTESIAN_POINT('',(-3.085,0.48,-3.085));
#4598 = DIRECTION('',(-1.,0.,0.));
#4599 = DIRECTION('',(0.,0.,1.));
#4600 = ADVANCED_FACE('',(#4601),#4635,.F.);
#4601 = FACE_BOUND('',#4602,.T.);
#4602 = EDGE_LOOP('',(#4603,#4613,#4621,#4629));
#4603 = ORIENTED_EDGE('',*,*,#4604,.F.);
#4604 = EDGE_CURVE('',#4605,#4607,#4609,.T.);
#4605 = VERTEX_POINT('',#4606);
#4606 = CARTESIAN_POINT('',(-3.5,3.E-02,-3.5));
#4607 = VERTEX_POINT('',#4608);
#4608 = CARTESIAN_POINT('',(-3.5,3.E-02,3.5));
#4609 = LINE('',#4610,#4611);
#4610 = CARTESIAN_POINT('',(-3.5,3.E-02,3.5));
#4611 = VECTOR('',#4612,1.);
#4612 = DIRECTION('',(0.,0.,1.));
#4613 = ORIENTED_EDGE('',*,*,#4614,.F.);
#4614 = EDGE_CURVE('',#4615,#4605,#4617,.T.);
#4615 = VERTEX_POINT('',#4616);
#4616 = CARTESIAN_POINT('',(3.5,3.E-02,-3.5));
#4617 = LINE('',#4618,#4619);
#4618 = CARTESIAN_POINT('',(3.5,3.E-02,-3.5));
#4619 = VECTOR('',#4620,1.);
#4620 = DIRECTION('',(-1.,0.,1.239088197126E-16));
#4621 = ORIENTED_EDGE('',*,*,#4622,.F.);
#4622 = EDGE_CURVE('',#4623,#4615,#4625,.T.);
#4623 = VERTEX_POINT('',#4624);
#4624 = CARTESIAN_POINT('',(3.5,3.E-02,3.5));
#4625 = LINE('',#4626,#4627);
#4626 = CARTESIAN_POINT('',(3.5,3.E-02,3.5));
#4627 = VECTOR('',#4628,1.);
#4628 = DIRECTION('',(0.,0.,-1.));
#4629 = ORIENTED_EDGE('',*,*,#4630,.F.);
#4630 = EDGE_CURVE('',#4607,#4623,#4631,.T.);
#4631 = LINE('',#4632,#4633);
#4632 = CARTESIAN_POINT('',(3.5,3.E-02,3.5));
#4633 = VECTOR('',#4634,1.);
#4634 = DIRECTION('',(1.,0.,-1.239088197126E-16));
#4635 = PLANE('',#4636);
#4636 = AXIS2_PLACEMENT_3D('',#4637,#4638,#4639);
#4637 = CARTESIAN_POINT('',(0.,3.E-02,0.));
#4638 = DIRECTION('',(-0.,1.,0.));
#4639 = DIRECTION('',(1.,0.,0.));
#4640 = ADVANCED_FACE('',(#4641,#4651,#4657),#4691,.T.);
#4641 = FACE_BOUND('',#4642,.T.);
#4642 = EDGE_LOOP('',(#4643,#4650));
#4643 = ORIENTED_EDGE('',*,*,#4644,.F.);
#4644 = EDGE_CURVE('',#4429,#4437,#4645,.T.);
#4645 = CIRCLE('',#4646,0.11);
#4646 = AXIS2_PLACEMENT_3D('',#4647,#4648,#4649);
#4647 = CARTESIAN_POINT('',(3.25,0.68,3.25));
#4648 = DIRECTION('',(0.,1.,0.));
#4649 = DIRECTION('',(0.,-0.,1.));
#4650 = ORIENTED_EDGE('',*,*,#4436,.F.);
#4651 = FACE_BOUND('',#4652,.T.);
#4652 = EDGE_LOOP('',(#4653,#4654,#4655,#4656));
#4653 = ORIENTED_EDGE('',*,*,#4587,.F.);
#4654 = ORIENTED_EDGE('',*,*,#4563,.F.);
#4655 = ORIENTED_EDGE('',*,*,#4539,.F.);
#4656 = ORIENTED_EDGE('',*,*,#4508,.F.);
#4657 = FACE_BOUND('',#4658,.T.);
#4658 = EDGE_LOOP('',(#4659,#4669,#4677,#4685));
#4659 = ORIENTED_EDGE('',*,*,#4660,.T.);
#4660 = EDGE_CURVE('',#4661,#4663,#4665,.T.);
#4661 = VERTEX_POINT('',#4662);
#4662 = CARTESIAN_POINT('',(-3.5,0.68,-3.5));
#4663 = VERTEX_POINT('',#4664);
#4664 = CARTESIAN_POINT('',(-3.5,0.68,3.5));
#4665 = LINE('',#4666,#4667);
#4666 = CARTESIAN_POINT('',(-3.5,0.68,3.5));
#4667 = VECTOR('',#4668,1.);
#4668 = DIRECTION('',(0.,0.,1.));
#4669 = ORIENTED_EDGE('',*,*,#4670,.T.);
#4670 = EDGE_CURVE('',#4663,#4671,#4673,.T.);
#4671 = VERTEX_POINT('',#4672);
#4672 = CARTESIAN_POINT('',(3.5,0.68,3.5));
#4673 = LINE('',#4674,#4675);
#4674 = CARTESIAN_POINT('',(3.5,0.68,3.5));
#4675 = VECTOR('',#4676,1.);
#4676 = DIRECTION('',(1.,0.,-1.239088197126E-16));
#4677 = ORIENTED_EDGE('',*,*,#4678,.T.);
#4678 = EDGE_CURVE('',#4671,#4679,#4681,.T.);
#4679 = VERTEX_POINT('',#4680);
#4680 = CARTESIAN_POINT('',(3.5,0.68,-3.5));
#4681 = LINE('',#4682,#4683);
#4682 = CARTESIAN_POINT('',(3.5,0.68,3.5));
#4683 = VECTOR('',#4684,1.);
#4684 = DIRECTION('',(0.,0.,-1.));
#4685 = ORIENTED_EDGE('',*,*,#4686,.T.);
#4686 = EDGE_CURVE('',#4679,#4661,#4687,.T.);
#4687 = LINE('',#4688,#4689);
#4688 = CARTESIAN_POINT('',(3.5,0.68,-3.5));
#4689 = VECTOR('',#4690,1.);
#4690 = DIRECTION('',(-1.,0.,1.239088197126E-16));
#4691 = PLANE('',#4692);
#4692 = AXIS2_PLACEMENT_3D('',#4693,#4694,#4695);
#4693 = CARTESIAN_POINT('',(0.,0.68,0.));
#4694 = DIRECTION('',(-0.,1.,0.));
#4695 = DIRECTION('',(1.,0.,0.));
#4696 = ADVANCED_FACE('',(#4697),#4713,.F.);
#4697 = FACE_BOUND('',#4698,.T.);
#4698 = EDGE_LOOP('',(#4699,#4700,#4706,#4707));
#4699 = ORIENTED_EDGE('',*,*,#4614,.T.);
#4700 = ORIENTED_EDGE('',*,*,#4701,.F.);
#4701 = EDGE_CURVE('',#4661,#4605,#4702,.T.);
#4702 = LINE('',#4703,#4704);
#4703 = CARTESIAN_POINT('',(-3.5,0.68,-3.5));
#4704 = VECTOR('',#4705,1.);
#4705 = DIRECTION('',(0.,-1.,0.));
#4706 = ORIENTED_EDGE('',*,*,#4686,.F.);
#4707 = ORIENTED_EDGE('',*,*,#4708,.T.);
#4708 = EDGE_CURVE('',#4679,#4615,#4709,.T.);
#4709 = LINE('',#4710,#4711);
#4710 = CARTESIAN_POINT('',(3.5,0.68,-3.5));
#4711 = VECTOR('',#4712,1.);
#4712 = DIRECTION('',(0.,-1.,0.));
#4713 = PLANE('',#4714);
#4714 = AXIS2_PLACEMENT_3D('',#4715,#4716,#4717);
#4715 = CARTESIAN_POINT('',(3.5,0.68,-3.5));
#4716 = DIRECTION('',(1.239088197126E-16,0.,1.));
#4717 = DIRECTION('',(1.,0.,-1.239088197126E-16));
#4718 = ADVANCED_FACE('',(#4719),#4730,.F.);
#4719 = FACE_BOUND('',#4720,.T.);
#4720 = EDGE_LOOP('',(#4721,#4722,#4723,#4724));
#4721 = ORIENTED_EDGE('',*,*,#4622,.T.);
#4722 = ORIENTED_EDGE('',*,*,#4708,.F.);
#4723 = ORIENTED_EDGE('',*,*,#4678,.F.);
#4724 = ORIENTED_EDGE('',*,*,#4725,.T.);
#4725 = EDGE_CURVE('',#4671,#4623,#4726,.T.);
#4726 = LINE('',#4727,#4728);
#4727 = CARTESIAN_POINT('',(3.5,0.68,3.5));
#4728 = VECTOR('',#4729,1.);
#4729 = DIRECTION('',(0.,-1.,0.));
#4730 = PLANE('',#4731);
#4731 = AXIS2_PLACEMENT_3D('',#4732,#4733,#4734);
#4732 = CARTESIAN_POINT('',(3.5,0.68,3.5));
#4733 = DIRECTION('',(-1.,0.,0.));
#4734 = DIRECTION('',(0.,0.,1.));
#4735 = ADVANCED_FACE('',(#4736),#4747,.F.);
#4736 = FACE_BOUND('',#4737,.T.);
#4737 = EDGE_LOOP('',(#4738,#4739,#4740,#4741));
#4738 = ORIENTED_EDGE('',*,*,#4630,.T.);
#4739 = ORIENTED_EDGE('',*,*,#4725,.F.);
#4740 = ORIENTED_EDGE('',*,*,#4670,.F.);
#4741 = ORIENTED_EDGE('',*,*,#4742,.T.);
#4742 = EDGE_CURVE('',#4663,#4607,#4743,.T.);
#4743 = LINE('',#4744,#4745);
#4744 = CARTESIAN_POINT('',(-3.5,0.68,3.5));
#4745 = VECTOR('',#4746,1.);
#4746 = DIRECTION('',(0.,-1.,0.));
#4747 = PLANE('',#4748);
#4748 = AXIS2_PLACEMENT_3D('',#4749,#4750,#4751);
#4749 = CARTESIAN_POINT('',(3.5,0.68,3.5));
#4750 = DIRECTION('',(-1.239088197126E-16,0.,-1.));
#4751 = DIRECTION('',(-1.,0.,1.239088197126E-16));
#4752 = ADVANCED_FACE('',(#4753),#4759,.F.);
#4753 = FACE_BOUND('',#4754,.T.);
#4754 = EDGE_LOOP('',(#4755,#4756,#4757,#4758));
#4755 = ORIENTED_EDGE('',*,*,#4604,.T.);
#4756 = ORIENTED_EDGE('',*,*,#4742,.F.);
#4757 = ORIENTED_EDGE('',*,*,#4660,.F.);
#4758 = ORIENTED_EDGE('',*,*,#4701,.T.);
#4759 = PLANE('',#4760);
#4760 = AXIS2_PLACEMENT_3D('',#4761,#4762,#4763);
#4761 = CARTESIAN_POINT('',(-3.5,0.68,3.5));
#4762 = DIRECTION('',(1.,0.,0.));
#4763 = DIRECTION('',(-0.,1.,0.));
#4764 = ADVANCED_FACE('',(#4765),#4777,.F.);
#4765 = FACE_BOUND('',#4766,.F.);
#4766 = EDGE_LOOP('',(#4767,#4768,#4769,#4776));
#4767 = ORIENTED_EDGE('',*,*,#4644,.F.);
#4768 = ORIENTED_EDGE('',*,*,#4426,.F.);
#4769 = ORIENTED_EDGE('',*,*,#4770,.T.);
#4770 = EDGE_CURVE('',#4427,#4446,#4771,.T.);
#4771 = CIRCLE('',#4772,0.11);
#4772 = AXIS2_PLACEMENT_3D('',#4773,#4774,#4775);
#4773 = CARTESIAN_POINT('',(3.25,0.58,3.25));
#4774 = DIRECTION('',(0.,1.,0.));
#4775 = DIRECTION('',(0.,-0.,1.));
#4776 = ORIENTED_EDGE('',*,*,#4445,.T.);
#4777 = CYLINDRICAL_SURFACE('',#4778,0.11);
#4778 = AXIS2_PLACEMENT_3D('',#4779,#4780,#4781);
#4779 = CARTESIAN_POINT('',(3.25,0.58,3.25));
#4780 = DIRECTION('',(-0.,1.,-0.));
#4781 = DIRECTION('',(0.,0.,1.));
#4782 = ADVANCED_FACE('',(#4783),#4787,.T.);
#4783 = FACE_BOUND('',#4784,.T.);
#4784 = EDGE_LOOP('',(#4785,#4786));
#4785 = ORIENTED_EDGE('',*,*,#4770,.T.);
#4786 = ORIENTED_EDGE('',*,*,#4453,.T.);
#4787 = PLANE('',#4788);
#4788 = AXIS2_PLACEMENT_3D('',#4789,#4790,#4791);
#4789 = CARTESIAN_POINT('',(3.25,0.58,3.25));
#4790 = DIRECTION('',(0.,1.,0.));
#4791 = DIRECTION('',(0.,-0.,1.));
#4792 = MANIFOLD_SOLID_BREP('',#4793);
#4793 = CLOSED_SHELL('',(#4794,#4836,#4860,#4870));
#4794 = ADVANCED_FACE('',(#4795),#4831,.T.);
#4795 = FACE_BOUND('',#4796,.T.);
#4796 = EDGE_LOOP('',(#4797,#4808,#4816,#4825));
#4797 = ORIENTED_EDGE('',*,*,#4798,.F.);
#4798 = EDGE_CURVE('',#4799,#4801,#4803,.T.);
#4799 = VERTEX_POINT('',#4800);
#4800 = CARTESIAN_POINT('',(3.25,0.58,3.14));
#4801 = VERTEX_POINT('',#4802);
#4802 = CARTESIAN_POINT('',(3.25,0.58,3.36));
#4803 = CIRCLE('',#4804,0.11);
#4804 = AXIS2_PLACEMENT_3D('',#4805,#4806,#4807);
#4805 = CARTESIAN_POINT('',(3.25,0.58,3.25));
#4806 = DIRECTION('',(0.,-1.,0.));
#4807 = DIRECTION('',(0.,0.,1.));
#4808 = ORIENTED_EDGE('',*,*,#4809,.T.);
#4809 = EDGE_CURVE('',#4799,#4810,#4812,.T.);
#4810 = VERTEX_POINT('',#4811);
#4811 = CARTESIAN_POINT('',(3.25,0.68,3.14));
#4812 = LINE('',#4813,#4814);
#4813 = CARTESIAN_POINT('',(3.25,0.268873016278,3.14));
#4814 = VECTOR('',#4815,1.);
#4815 = DIRECTION('',(0.,1.,0.));
#4816 = ORIENTED_EDGE('',*,*,#4817,.F.);
#4817 = EDGE_CURVE('',#4818,#4810,#4820,.T.);
#4818 = VERTEX_POINT('',#4819);
#4819 = CARTESIAN_POINT('',(3.25,0.68,3.36));
#4820 = CIRCLE('',#4821,0.11);
#4821 = AXIS2_PLACEMENT_3D('',#4822,#4823,#4824);
#4822 = CARTESIAN_POINT('',(3.25,0.68,3.25));
#4823 = DIRECTION('',(0.,1.,0.));
#4824 = DIRECTION('',(0.,-0.,1.));
#4825 = ORIENTED_EDGE('',*,*,#4826,.F.);
#4826 = EDGE_CURVE('',#4801,#4818,#4827,.T.);
#4827 = LINE('',#4828,#4829);
#4828 = CARTESIAN_POINT('',(3.25,0.268873016278,3.36));
#4829 = VECTOR('',#4830,1.);
#4830 = DIRECTION('',(0.,1.,0.));
#4831 = CYLINDRICAL_SURFACE('',#4832,0.11);
#4832 = AXIS2_PLACEMENT_3D('',#4833,#4834,#4835);
#4833 = CARTESIAN_POINT('',(3.25,0.268873016278,3.25));
#4834 = DIRECTION('',(0.,1.,0.));
#4835 = DIRECTION('',(0.,-0.,1.));
#4836 = ADVANCED_FACE('',(#4837),#4855,.T.);
#4837 = FACE_BOUND('',#4838,.T.);
#4838 = EDGE_LOOP('',(#4839,#4840,#4847,#4848));
#4839 = ORIENTED_EDGE('',*,*,#4809,.F.);
#4840 = ORIENTED_EDGE('',*,*,#4841,.F.);
#4841 = EDGE_CURVE('',#4801,#4799,#4842,.T.);
#4842 = CIRCLE('',#4843,0.11);
#4843 = AXIS2_PLACEMENT_3D('',#4844,#4845,#4846);
#4844 = CARTESIAN_POINT('',(3.25,0.58,3.25));
#4845 = DIRECTION('',(0.,-1.,0.));
#4846 = DIRECTION('',(0.,0.,1.));
#4847 = ORIENTED_EDGE('',*,*,#4826,.T.);
#4848 = ORIENTED_EDGE('',*,*,#4849,.F.);
#4849 = EDGE_CURVE('',#4810,#4818,#4850,.T.);
#4850 = CIRCLE('',#4851,0.11);
#4851 = AXIS2_PLACEMENT_3D('',#4852,#4853,#4854);
#4852 = CARTESIAN_POINT('',(3.25,0.68,3.25));
#4853 = DIRECTION('',(0.,1.,0.));
#4854 = DIRECTION('',(0.,-0.,1.));
#4855 = CYLINDRICAL_SURFACE('',#4856,0.11);
#4856 = AXIS2_PLACEMENT_3D('',#4857,#4858,#4859);
#4857 = CARTESIAN_POINT('',(3.25,0.268873016278,3.25));
#4858 = DIRECTION('',(0.,1.,0.));
#4859 = DIRECTION('',(0.,-0.,1.));
#4860 = ADVANCED_FACE('',(#4861),#4865,.T.);
#4861 = FACE_BOUND('',#4862,.T.);
#4862 = EDGE_LOOP('',(#4863,#4864));
#4863 = ORIENTED_EDGE('',*,*,#4817,.T.);
#4864 = ORIENTED_EDGE('',*,*,#4849,.T.);
#4865 = PLANE('',#4866);
#4866 = AXIS2_PLACEMENT_3D('',#4867,#4868,#4869);
#4867 = CARTESIAN_POINT('',(3.25,0.68,3.25));
#4868 = DIRECTION('',(0.,1.,0.));
#4869 = DIRECTION('',(0.,-0.,1.));
#4870 = ADVANCED_FACE('',(#4871),#4875,.F.);
#4871 = FACE_BOUND('',#4872,.T.);
#4872 = EDGE_LOOP('',(#4873,#4874));
#4873 = ORIENTED_EDGE('',*,*,#4841,.T.);
#4874 = ORIENTED_EDGE('',*,*,#4798,.T.);
#4875 = PLANE('',#4876);
#4876 = AXIS2_PLACEMENT_3D('',#4877,#4878,#4879);
#4877 = CARTESIAN_POINT('',(3.25,0.58,3.25));
#4878 = DIRECTION('',(0.,1.,0.));
#4879 = DIRECTION('',(0.,-0.,1.));
#4880 = ( GEOMETRIC_REPRESENTATION_CONTEXT(3) 
GLOBAL_UNCERTAINTY_ASSIGNED_CONTEXT((#4884)) 
GLOBAL_UNIT_ASSIGNED_CONTEXT((#4881,#4882,#4883)) REPRESENTATION_CONTEXT
('Context #1','3D Context with UNIT and UNCERTAINTY') );
#4881 = ( LENGTH_UNIT() NAMED_UNIT(*) SI_UNIT(.MILLI.,.METRE.) );
#4882 = ( NAMED_UNIT(*) PLANE_ANGLE_UNIT() SI_UNIT($,.RADIAN.) );
#4883 = ( NAMED_UNIT(*) SI_UNIT($,.STERADIAN.) SOLID_ANGLE_UNIT() );
#4884 = UNCERTAINTY_MEASURE_WITH_UNIT(LENGTH_MEASURE(1.E-07),#4881,
  'distance_accuracy_value','confusion accuracy');
#4885 = CONTEXT_DEPENDENT_SHAPE_REPRESENTATION(#4886,#4888);
#4886 = ( REPRESENTATION_RELATIONSHIP('','',#944,#921) 
REPRESENTATION_RELATIONSHIP_WITH_TRANSFORMATION(#4887) 
SHAPE_REPRESENTATION_RELATIONSHIP() );
#4887 = ITEM_DEFINED_TRANSFORMATION('','',#11,#922);
#4888 = PRODUCT_DEFINITION_SHAPE('Placement','Placement of an item',
  #4889);
#4889 = NEXT_ASSEMBLY_USAGE_OCCURRENCE('2','NAUO1','',#916,#939,$);
#4890 = PRODUCT_RELATED_PRODUCT_CATEGORY('part',$,(#941));
#4891 = SHAPE_DEFINITION_REPRESENTATION(#4892,#4898);
#4892 = PRODUCT_DEFINITION_SHAPE('','',#4893);
#4893 = PRODUCT_DEFINITION('design','',#4894,#4897);
#4894 = PRODUCT_DEFINITION_FORMATION('','',#4895);
#4895 = PRODUCT('TMP36GRTZ-REEL7','TMP36GRTZ-REEL7','',(#4896));
#4896 = PRODUCT_CONTEXT('',#2,'mechanical');
#4897 = PRODUCT_DEFINITION_CONTEXT('part definition',#2,'design');
#4898 = SHAPE_REPRESENTATION('',(#11,#4899,#5354,#5809,#6264,#6590,#6678
    ,#7133),#7588);
#4899 = MANIFOLD_SOLID_BREP('',#4900);
#4900 = CLOSED_SHELL('',(#4901,#4941,#4972,#5003,#5036,#5067,#5100,#5131
    ,#5162,#5193,#5226,#5257,#5290,#5312,#5333));
#4901 = ADVANCED_FACE('',(#4902),#4936,.F.);
#4902 = FACE_BOUND('',#4903,.T.);
#4903 = EDGE_LOOP('',(#4904,#4914,#4922,#4930));
#4904 = ORIENTED_EDGE('',*,*,#4905,.T.);
#4905 = EDGE_CURVE('',#4906,#4908,#4910,.T.);
#4906 = VERTEX_POINT('',#4907);
#4907 = CARTESIAN_POINT('',(-0.790092901742,0.824748117663,-1.15));
#4908 = VERTEX_POINT('',#4909);
#4909 = CARTESIAN_POINT('',(-0.8,0.9,-1.15));
#4910 = LINE('',#4911,#4912);
#4911 = CARTESIAN_POINT('',(-0.8,0.9,-1.15));
#4912 = VECTOR('',#4913,1.);
#4913 = DIRECTION('',(-0.13052619222,0.991444861374,-0.));
#4914 = ORIENTED_EDGE('',*,*,#4915,.F.);
#4915 = EDGE_CURVE('',#4916,#4908,#4918,.T.);
#4916 = VERTEX_POINT('',#4917);
#4917 = CARTESIAN_POINT('',(-0.8,0.9,-0.75));
#4918 = LINE('',#4919,#4920);
#4919 = CARTESIAN_POINT('',(-0.8,0.9,-0.75));
#4920 = VECTOR('',#4921,1.);
#4921 = DIRECTION('',(-0.,-0.,-1.));
#4922 = ORIENTED_EDGE('',*,*,#4923,.F.);
#4923 = EDGE_CURVE('',#4924,#4916,#4926,.T.);
#4924 = VERTEX_POINT('',#4925);
#4925 = CARTESIAN_POINT('',(-0.790092901742,0.824748117663,-0.75));
#4926 = LINE('',#4927,#4928);
#4927 = CARTESIAN_POINT('',(-0.8,0.9,-0.75));
#4928 = VECTOR('',#4929,1.);
#4929 = DIRECTION('',(-0.13052619222,0.991444861374,-0.));
#4930 = ORIENTED_EDGE('',*,*,#4931,.T.);
#4931 = EDGE_CURVE('',#4924,#4906,#4932,.T.);
#4932 = LINE('',#4933,#4934);
#4933 = CARTESIAN_POINT('',(-0.790092901742,0.824748117663,-0.75));
#4934 = VECTOR('',#4935,1.);
#4935 = DIRECTION('',(-0.,-0.,-1.));
#4936 = PLANE('',#4937);
#4937 = AXIS2_PLACEMENT_3D('',#4938,#4939,#4940);
#4938 = CARTESIAN_POINT('',(-0.8,0.9,-0.75));
#4939 = DIRECTION('',(-0.991444861374,-0.13052619222,0.));
#4940 = DIRECTION('',(0.13052619222,-0.991444861374,0.));
#4941 = ADVANCED_FACE('',(#4942),#4967,.F.);
#4942 = FACE_BOUND('',#4943,.T.);
#4943 = EDGE_LOOP('',(#4944,#4952,#4960,#4966));
#4944 = ORIENTED_EDGE('',*,*,#4945,.T.);
#4945 = EDGE_CURVE('',#4908,#4946,#4948,.T.);
#4946 = VERTEX_POINT('',#4947);
#4947 = CARTESIAN_POINT('',(-0.786819890099,0.974748117663,-1.15));
#4948 = LINE('',#4949,#4950);
#4949 = CARTESIAN_POINT('',(-0.786819890099,0.974748117663,-1.15));
#4950 = VECTOR('',#4951,1.);
#4951 = DIRECTION('',(0.173648177667,0.984807753012,-0.));
#4952 = ORIENTED_EDGE('',*,*,#4953,.F.);
#4953 = EDGE_CURVE('',#4954,#4946,#4956,.T.);
#4954 = VERTEX_POINT('',#4955);
#4955 = CARTESIAN_POINT('',(-0.786819890099,0.974748117663,-0.75));
#4956 = LINE('',#4957,#4958);
#4957 = CARTESIAN_POINT('',(-0.786819890099,0.974748117663,-0.75));
#4958 = VECTOR('',#4959,1.);
#4959 = DIRECTION('',(-0.,-0.,-1.));
#4960 = ORIENTED_EDGE('',*,*,#4961,.F.);
#4961 = EDGE_CURVE('',#4916,#4954,#4962,.T.);
#4962 = LINE('',#4963,#4964);
#4963 = CARTESIAN_POINT('',(-0.786819890099,0.974748117663,-0.75));
#4964 = VECTOR('',#4965,1.);
#4965 = DIRECTION('',(0.173648177667,0.984807753012,-0.));
#4966 = ORIENTED_EDGE('',*,*,#4915,.T.);
#4967 = PLANE('',#4968);
#4968 = AXIS2_PLACEMENT_3D('',#4969,#4970,#4971);
#4969 = CARTESIAN_POINT('',(-0.786819890099,0.974748117663,-0.75));
#4970 = DIRECTION('',(-0.984807753012,0.173648177667,0.));
#4971 = DIRECTION('',(-0.173648177667,-0.984807753012,0.));
#4972 = ADVANCED_FACE('',(#4973),#4998,.F.);
#4973 = FACE_BOUND('',#4974,.T.);
#4974 = EDGE_LOOP('',(#4975,#4983,#4991,#4997));
#4975 = ORIENTED_EDGE('',*,*,#4976,.T.);
#4976 = EDGE_CURVE('',#4946,#4977,#4979,.T.);
#4977 = VERTEX_POINT('',#4978);
#4978 = CARTESIAN_POINT('',(-0.925,0.974748117663,-1.15));
#4979 = LINE('',#4980,#4981);
#4980 = CARTESIAN_POINT('',(-0.786819890099,0.974748117663,-1.15));
#4981 = VECTOR('',#4982,1.);
#4982 = DIRECTION('',(-1.,7.846296932758E-16,0.));
#4983 = ORIENTED_EDGE('',*,*,#4984,.F.);
#4984 = EDGE_CURVE('',#4985,#4977,#4987,.T.);
#4985 = VERTEX_POINT('',#4986);
#4986 = CARTESIAN_POINT('',(-0.925,0.974748117663,-0.75));
#4987 = LINE('',#4988,#4989);
#4988 = CARTESIAN_POINT('',(-0.925,0.974748117663,-0.75));
#4989 = VECTOR('',#4990,1.);
#4990 = DIRECTION('',(-0.,-0.,-1.));
#4991 = ORIENTED_EDGE('',*,*,#4992,.F.);
#4992 = EDGE_CURVE('',#4954,#4985,#4993,.T.);
#4993 = LINE('',#4994,#4995);
#4994 = CARTESIAN_POINT('',(-0.786819890099,0.974748117663,-0.75));
#4995 = VECTOR('',#4996,1.);
#4996 = DIRECTION('',(-1.,7.846296932758E-16,0.));
#4997 = ORIENTED_EDGE('',*,*,#4953,.T.);
#4998 = PLANE('',#4999);
#4999 = AXIS2_PLACEMENT_3D('',#5000,#5001,#5002);
#5000 = CARTESIAN_POINT('',(-0.786819890099,0.974748117663,-0.75));
#5001 = DIRECTION('',(-7.846296932758E-16,-1.,0.));
#5002 = DIRECTION('',(1.,-7.846296932758E-16,0.));
#5003 = ADVANCED_FACE('',(#5004),#5031,.T.);
#5004 = FACE_BOUND('',#5005,.T.);
#5005 = EDGE_LOOP('',(#5006,#5015,#5023,#5030));
#5006 = ORIENTED_EDGE('',*,*,#5007,.T.);
#5007 = EDGE_CURVE('',#4977,#5008,#5010,.T.);
#5008 = VERTEX_POINT('',#5009);
#5009 = CARTESIAN_POINT('',(-1.1,0.799748117663,-1.15));
#5010 = CIRCLE('',#5011,0.175);
#5011 = AXIS2_PLACEMENT_3D('',#5012,#5013,#5014);
#5012 = CARTESIAN_POINT('',(-0.925,0.799748117663,-1.15));
#5013 = DIRECTION('',(0.,0.,1.));
#5014 = DIRECTION('',(1.,0.,-0.));
#5015 = ORIENTED_EDGE('',*,*,#5016,.F.);
#5016 = EDGE_CURVE('',#5017,#5008,#5019,.T.);
#5017 = VERTEX_POINT('',#5018);
#5018 = CARTESIAN_POINT('',(-1.1,0.799748117663,-0.75));
#5019 = LINE('',#5020,#5021);
#5020 = CARTESIAN_POINT('',(-1.1,0.799748117663,-0.75));
#5021 = VECTOR('',#5022,1.);
#5022 = DIRECTION('',(-0.,-0.,-1.));
#5023 = ORIENTED_EDGE('',*,*,#5024,.F.);
#5024 = EDGE_CURVE('',#4985,#5017,#5025,.T.);
#5025 = CIRCLE('',#5026,0.175);
#5026 = AXIS2_PLACEMENT_3D('',#5027,#5028,#5029);
#5027 = CARTESIAN_POINT('',(-0.925,0.799748117663,-0.75));
#5028 = DIRECTION('',(0.,0.,1.));
#5029 = DIRECTION('',(1.,0.,-0.));
#5030 = ORIENTED_EDGE('',*,*,#4984,.T.);
#5031 = CYLINDRICAL_SURFACE('',#5032,0.175);
#5032 = AXIS2_PLACEMENT_3D('',#5033,#5034,#5035);
#5033 = CARTESIAN_POINT('',(-0.925,0.799748117663,-0.75));
#5034 = DIRECTION('',(-0.,-0.,-1.));
#5035 = DIRECTION('',(-1.,0.,0.));
#5036 = ADVANCED_FACE('',(#5037),#5062,.F.);
#5037 = FACE_BOUND('',#5038,.T.);
#5038 = EDGE_LOOP('',(#5039,#5047,#5055,#5061));
#5039 = ORIENTED_EDGE('',*,*,#5040,.T.);
#5040 = EDGE_CURVE('',#5008,#5041,#5043,.T.);
#5041 = VERTEX_POINT('',#5042);
#5042 = CARTESIAN_POINT('',(-1.1,0.198584083122,-1.15));
#5043 = LINE('',#5044,#5045);
#5044 = CARTESIAN_POINT('',(-1.1,0.799748117663,-1.15));
#5045 = VECTOR('',#5046,1.);
#5046 = DIRECTION('',(0.,-1.,0.));
#5047 = ORIENTED_EDGE('',*,*,#5048,.F.);
#5048 = EDGE_CURVE('',#5049,#5041,#5051,.T.);
#5049 = VERTEX_POINT('',#5050);
#5050 = CARTESIAN_POINT('',(-1.1,0.198584083122,-0.75));
#5051 = LINE('',#5052,#5053);
#5052 = CARTESIAN_POINT('',(-1.1,0.198584083122,-0.75));
#5053 = VECTOR('',#5054,1.);
#5054 = DIRECTION('',(-0.,-0.,-1.));
#5055 = ORIENTED_EDGE('',*,*,#5056,.F.);
#5056 = EDGE_CURVE('',#5017,#5049,#5057,.T.);
#5057 = LINE('',#5058,#5059);
#5058 = CARTESIAN_POINT('',(-1.1,0.799748117663,-0.75));
#5059 = VECTOR('',#5060,1.);
#5060 = DIRECTION('',(0.,-1.,0.));
#5061 = ORIENTED_EDGE('',*,*,#5016,.T.);
#5062 = PLANE('',#5063);
#5063 = AXIS2_PLACEMENT_3D('',#5064,#5065,#5066);
#5064 = CARTESIAN_POINT('',(-1.1,0.799748117663,-0.75));
#5065 = DIRECTION('',(1.,0.,-0.));
#5066 = DIRECTION('',(-0.,0.,-1.));
#5067 = ADVANCED_FACE('',(#5068),#5095,.F.);
#5068 = FACE_BOUND('',#5069,.F.);
#5069 = EDGE_LOOP('',(#5070,#5071,#5080,#5088));
#5070 = ORIENTED_EDGE('',*,*,#5048,.F.);
#5071 = ORIENTED_EDGE('',*,*,#5072,.T.);
#5072 = EDGE_CURVE('',#5049,#5073,#5075,.T.);
#5073 = VERTEX_POINT('',#5074);
#5074 = CARTESIAN_POINT('',(-1.122821106431,0.17367921567,-0.75));
#5075 = CIRCLE('',#5076,2.5E-02);
#5076 = AXIS2_PLACEMENT_3D('',#5077,#5078,#5079);
#5077 = CARTESIAN_POINT('',(-1.125,0.198584083122,-0.75));
#5078 = DIRECTION('',(-0.,0.,-1.));
#5079 = DIRECTION('',(-1.,0.,0.));
#5080 = ORIENTED_EDGE('',*,*,#5081,.T.);
#5081 = EDGE_CURVE('',#5073,#5082,#5084,.T.);
#5082 = VERTEX_POINT('',#5083);
#5083 = CARTESIAN_POINT('',(-1.122821106431,0.17367921567,-1.15));
#5084 = LINE('',#5085,#5086);
#5085 = CARTESIAN_POINT('',(-1.122821106431,0.17367921567,-0.75));
#5086 = VECTOR('',#5087,1.);
#5087 = DIRECTION('',(-0.,-0.,-1.));
#5088 = ORIENTED_EDGE('',*,*,#5089,.F.);
#5089 = EDGE_CURVE('',#5041,#5082,#5090,.T.);
#5090 = CIRCLE('',#5091,2.5E-02);
#5091 = AXIS2_PLACEMENT_3D('',#5092,#5093,#5094);
#5092 = CARTESIAN_POINT('',(-1.125,0.198584083122,-1.15));
#5093 = DIRECTION('',(-0.,0.,-1.));
#5094 = DIRECTION('',(-1.,0.,0.));
#5095 = CYLINDRICAL_SURFACE('',#5096,2.5E-02);
#5096 = AXIS2_PLACEMENT_3D('',#5097,#5098,#5099);
#5097 = CARTESIAN_POINT('',(-1.125,0.198584083122,-0.75));
#5098 = DIRECTION('',(-0.,-0.,-1.));
#5099 = DIRECTION('',(-1.,0.,0.));
#5100 = ADVANCED_FACE('',(#5101),#5126,.F.);
#5101 = FACE_BOUND('',#5102,.T.);
#5102 = EDGE_LOOP('',(#5103,#5111,#5119,#5125));
#5103 = ORIENTED_EDGE('',*,*,#5104,.T.);
#5104 = EDGE_CURVE('',#5082,#5105,#5107,.T.);
#5105 = VERTEX_POINT('',#5106);
#5106 = CARTESIAN_POINT('',(-1.4,0.149429204714,-1.15));
#5107 = LINE('',#5108,#5109);
#5108 = CARTESIAN_POINT('',(-1.122821106431,0.17367921567,-1.15));
#5109 = VECTOR('',#5110,1.);
#5110 = DIRECTION('',(-0.996194698092,-8.715574274766E-02,0.));
#5111 = ORIENTED_EDGE('',*,*,#5112,.F.);
#5112 = EDGE_CURVE('',#5113,#5105,#5115,.T.);
#5113 = VERTEX_POINT('',#5114);
#5114 = CARTESIAN_POINT('',(-1.4,0.149429204714,-0.75));
#5115 = LINE('',#5116,#5117);
#5116 = CARTESIAN_POINT('',(-1.4,0.149429204714,-0.75));
#5117 = VECTOR('',#5118,1.);
#5118 = DIRECTION('',(-0.,-0.,-1.));
#5119 = ORIENTED_EDGE('',*,*,#5120,.F.);
#5120 = EDGE_CURVE('',#5073,#5113,#5121,.T.);
#5121 = LINE('',#5122,#5123);
#5122 = CARTESIAN_POINT('',(-1.122821106431,0.17367921567,-0.75));
#5123 = VECTOR('',#5124,1.);
#5124 = DIRECTION('',(-0.996194698092,-8.715574274766E-02,0.));
#5125 = ORIENTED_EDGE('',*,*,#5081,.T.);
#5126 = PLANE('',#5127);
#5127 = AXIS2_PLACEMENT_3D('',#5128,#5129,#5130);
#5128 = CARTESIAN_POINT('',(-1.122821106431,0.17367921567,-0.75));
#5129 = DIRECTION('',(8.715574274766E-02,-0.996194698092,0.));
#5130 = DIRECTION('',(0.996194698092,8.715574274766E-02,0.));
#5131 = ADVANCED_FACE('',(#5132),#5157,.F.);
#5132 = FACE_BOUND('',#5133,.T.);
#5133 = EDGE_LOOP('',(#5134,#5142,#5150,#5156));
#5134 = ORIENTED_EDGE('',*,*,#5135,.T.);
#5135 = EDGE_CURVE('',#5105,#5136,#5138,.T.);
#5136 = VERTEX_POINT('',#5137);
#5137 = CARTESIAN_POINT('',(-1.386926638588,-1.051293367061E-18,-1.15));
#5138 = LINE('',#5139,#5140);
#5139 = CARTESIAN_POINT('',(-1.4,0.149429204714,-1.15));
#5140 = VECTOR('',#5141,1.);
#5141 = DIRECTION('',(8.715574274766E-02,-0.996194698092,0.));
#5142 = ORIENTED_EDGE('',*,*,#5143,.F.);
#5143 = EDGE_CURVE('',#5144,#5136,#5146,.T.);
#5144 = VERTEX_POINT('',#5145);
#5145 = CARTESIAN_POINT('',(-1.386926638588,-1.051293367061E-18,-0.75));
#5146 = LINE('',#5147,#5148);
#5147 = CARTESIAN_POINT('',(-1.386926638588,-1.051293367061E-18,-0.75));
#5148 = VECTOR('',#5149,1.);
#5149 = DIRECTION('',(-0.,-0.,-1.));
#5150 = ORIENTED_EDGE('',*,*,#5151,.F.);
#5151 = EDGE_CURVE('',#5113,#5144,#5152,.T.);
#5152 = LINE('',#5153,#5154);
#5153 = CARTESIAN_POINT('',(-1.4,0.149429204714,-0.75));
#5154 = VECTOR('',#5155,1.);
#5155 = DIRECTION('',(8.715574274766E-02,-0.996194698092,0.));
#5156 = ORIENTED_EDGE('',*,*,#5112,.T.);
#5157 = PLANE('',#5158);
#5158 = AXIS2_PLACEMENT_3D('',#5159,#5160,#5161);
#5159 = CARTESIAN_POINT('',(-1.4,0.149429204714,-0.75));
#5160 = DIRECTION('',(0.996194698092,8.715574274766E-02,-0.));
#5161 = DIRECTION('',(-8.715574274766E-02,0.996194698092,0.));
#5162 = ADVANCED_FACE('',(#5163),#5188,.F.);
#5163 = FACE_BOUND('',#5164,.T.);
#5164 = EDGE_LOOP('',(#5165,#5173,#5181,#5187));
#5165 = ORIENTED_EDGE('',*,*,#5166,.T.);
#5166 = EDGE_CURVE('',#5136,#5167,#5169,.T.);
#5167 = VERTEX_POINT('',#5168);
#5168 = CARTESIAN_POINT('',(-1.109747745019,2.425001095592E-02,-1.15));
#5169 = LINE('',#5170,#5171);
#5170 = CARTESIAN_POINT('',(-1.386926638588,-1.051293367061E-18,-1.15));
#5171 = VECTOR('',#5172,1.);
#5172 = DIRECTION('',(0.996194698092,8.715574274766E-02,0.));
#5173 = ORIENTED_EDGE('',*,*,#5174,.F.);
#5174 = EDGE_CURVE('',#5175,#5167,#5177,.T.);
#5175 = VERTEX_POINT('',#5176);
#5176 = CARTESIAN_POINT('',(-1.109747745019,2.425001095592E-02,-0.75));
#5177 = LINE('',#5178,#5179);
#5178 = CARTESIAN_POINT('',(-1.109747745019,2.425001095592E-02,-0.75));
#5179 = VECTOR('',#5180,1.);
#5180 = DIRECTION('',(-0.,-0.,-1.));
#5181 = ORIENTED_EDGE('',*,*,#5182,.F.);
#5182 = EDGE_CURVE('',#5144,#5175,#5183,.T.);
#5183 = LINE('',#5184,#5185);
#5184 = CARTESIAN_POINT('',(-1.386926638588,-1.051293367061E-18,-0.75));
#5185 = VECTOR('',#5186,1.);
#5186 = DIRECTION('',(0.996194698092,8.715574274766E-02,0.));
#5187 = ORIENTED_EDGE('',*,*,#5143,.T.);
#5188 = PLANE('',#5189);
#5189 = AXIS2_PLACEMENT_3D('',#5190,#5191,#5192);
#5190 = CARTESIAN_POINT('',(-1.386926638588,-1.051293367061E-18,-0.75));
#5191 = DIRECTION('',(-8.715574274766E-02,0.996194698092,0.));
#5192 = DIRECTION('',(-0.996194698092,-8.715574274766E-02,0.));
#5193 = ADVANCED_FACE('',(#5194),#5221,.T.);
#5194 = FACE_BOUND('',#5195,.T.);
#5195 = EDGE_LOOP('',(#5196,#5205,#5213,#5220));
#5196 = ORIENTED_EDGE('',*,*,#5197,.T.);
#5197 = EDGE_CURVE('',#5167,#5198,#5200,.T.);
#5198 = VERTEX_POINT('',#5199);
#5199 = CARTESIAN_POINT('',(-0.95,0.198584083122,-1.15));
#5200 = CIRCLE('',#5201,0.175);
#5201 = AXIS2_PLACEMENT_3D('',#5202,#5203,#5204);
#5202 = CARTESIAN_POINT('',(-1.125,0.198584083122,-1.15));
#5203 = DIRECTION('',(0.,0.,1.));
#5204 = DIRECTION('',(1.,0.,-0.));
#5205 = ORIENTED_EDGE('',*,*,#5206,.F.);
#5206 = EDGE_CURVE('',#5207,#5198,#5209,.T.);
#5207 = VERTEX_POINT('',#5208);
#5208 = CARTESIAN_POINT('',(-0.95,0.198584083122,-0.75));
#5209 = LINE('',#5210,#5211);
#5210 = CARTESIAN_POINT('',(-0.95,0.198584083122,-0.75));
#5211 = VECTOR('',#5212,1.);
#5212 = DIRECTION('',(-0.,-0.,-1.));
#5213 = ORIENTED_EDGE('',*,*,#5214,.F.);
#5214 = EDGE_CURVE('',#5175,#5207,#5215,.T.);
#5215 = CIRCLE('',#5216,0.175);
#5216 = AXIS2_PLACEMENT_3D('',#5217,#5218,#5219);
#5217 = CARTESIAN_POINT('',(-1.125,0.198584083122,-0.75));
#5218 = DIRECTION('',(0.,0.,1.));
#5219 = DIRECTION('',(1.,0.,-0.));
#5220 = ORIENTED_EDGE('',*,*,#5174,.T.);
#5221 = CYLINDRICAL_SURFACE('',#5222,0.175);
#5222 = AXIS2_PLACEMENT_3D('',#5223,#5224,#5225);
#5223 = CARTESIAN_POINT('',(-1.125,0.198584083122,-0.75));
#5224 = DIRECTION('',(-0.,-0.,-1.));
#5225 = DIRECTION('',(-1.,0.,0.));
#5226 = ADVANCED_FACE('',(#5227),#5252,.F.);
#5227 = FACE_BOUND('',#5228,.T.);
#5228 = EDGE_LOOP('',(#5229,#5237,#5245,#5251));
#5229 = ORIENTED_EDGE('',*,*,#5230,.T.);
#5230 = EDGE_CURVE('',#5198,#5231,#5233,.T.);
#5231 = VERTEX_POINT('',#5232);
#5232 = CARTESIAN_POINT('',(-0.95,0.799748117663,-1.15));
#5233 = LINE('',#5234,#5235);
#5234 = CARTESIAN_POINT('',(-0.95,0.198584083122,-1.15));
#5235 = VECTOR('',#5236,1.);
#5236 = DIRECTION('',(-1.803504717832E-16,1.,0.));
#5237 = ORIENTED_EDGE('',*,*,#5238,.F.);
#5238 = EDGE_CURVE('',#5239,#5231,#5241,.T.);
#5239 = VERTEX_POINT('',#5240);
#5240 = CARTESIAN_POINT('',(-0.95,0.799748117663,-0.75));
#5241 = LINE('',#5242,#5243);
#5242 = CARTESIAN_POINT('',(-0.95,0.799748117663,-0.75));
#5243 = VECTOR('',#5244,1.);
#5244 = DIRECTION('',(-0.,-0.,-1.));
#5245 = ORIENTED_EDGE('',*,*,#5246,.F.);
#5246 = EDGE_CURVE('',#5207,#5239,#5247,.T.);
#5247 = LINE('',#5248,#5249);
#5248 = CARTESIAN_POINT('',(-0.95,0.198584083122,-0.75));
#5249 = VECTOR('',#5250,1.);
#5250 = DIRECTION('',(-1.803504717832E-16,1.,0.));
#5251 = ORIENTED_EDGE('',*,*,#5206,.T.);
#5252 = PLANE('',#5253);
#5253 = AXIS2_PLACEMENT_3D('',#5254,#5255,#5256);
#5254 = CARTESIAN_POINT('',(-0.95,0.198584083122,-0.75));
#5255 = DIRECTION('',(-1.,-1.803504717832E-16,0.));
#5256 = DIRECTION('',(1.803504717832E-16,-1.,0.));
#5257 = ADVANCED_FACE('',(#5258),#5285,.F.);
#5258 = FACE_BOUND('',#5259,.F.);
#5259 = EDGE_LOOP('',(#5260,#5261,#5270,#5278));
#5260 = ORIENTED_EDGE('',*,*,#5238,.F.);
#5261 = ORIENTED_EDGE('',*,*,#5262,.T.);
#5262 = EDGE_CURVE('',#5239,#5263,#5265,.T.);
#5263 = VERTEX_POINT('',#5264);
#5264 = CARTESIAN_POINT('',(-0.925,0.824748117663,-0.75));
#5265 = CIRCLE('',#5266,2.5E-02);
#5266 = AXIS2_PLACEMENT_3D('',#5267,#5268,#5269);
#5267 = CARTESIAN_POINT('',(-0.925,0.799748117663,-0.75));
#5268 = DIRECTION('',(-0.,0.,-1.));
#5269 = DIRECTION('',(-1.,0.,0.));
#5270 = ORIENTED_EDGE('',*,*,#5271,.T.);
#5271 = EDGE_CURVE('',#5263,#5272,#5274,.T.);
#5272 = VERTEX_POINT('',#5273);
#5273 = CARTESIAN_POINT('',(-0.925,0.824748117663,-1.15));
#5274 = LINE('',#5275,#5276);
#5275 = CARTESIAN_POINT('',(-0.925,0.824748117663,-0.75));
#5276 = VECTOR('',#5277,1.);
#5277 = DIRECTION('',(-0.,-0.,-1.));
#5278 = ORIENTED_EDGE('',*,*,#5279,.F.);
#5279 = EDGE_CURVE('',#5231,#5272,#5280,.T.);
#5280 = CIRCLE('',#5281,2.5E-02);
#5281 = AXIS2_PLACEMENT_3D('',#5282,#5283,#5284);
#5282 = CARTESIAN_POINT('',(-0.925,0.799748117663,-1.15));
#5283 = DIRECTION('',(-0.,0.,-1.));
#5284 = DIRECTION('',(-1.,0.,0.));
#5285 = CYLINDRICAL_SURFACE('',#5286,2.5E-02);
#5286 = AXIS2_PLACEMENT_3D('',#5287,#5288,#5289);
#5287 = CARTESIAN_POINT('',(-0.925,0.799748117663,-0.75));
#5288 = DIRECTION('',(-0.,-0.,-1.));
#5289 = DIRECTION('',(-1.,0.,0.));
#5290 = ADVANCED_FACE('',(#5291),#5307,.F.);
#5291 = FACE_BOUND('',#5292,.T.);
#5292 = EDGE_LOOP('',(#5293,#5299,#5300,#5306));
#5293 = ORIENTED_EDGE('',*,*,#5294,.T.);
#5294 = EDGE_CURVE('',#5272,#4906,#5295,.T.);
#5295 = LINE('',#5296,#5297);
#5296 = CARTESIAN_POINT('',(-0.925,0.824748117663,-1.15));
#5297 = VECTOR('',#5298,1.);
#5298 = DIRECTION('',(1.,0.,0.));
#5299 = ORIENTED_EDGE('',*,*,#4931,.F.);
#5300 = ORIENTED_EDGE('',*,*,#5301,.F.);
#5301 = EDGE_CURVE('',#5263,#4924,#5302,.T.);
#5302 = LINE('',#5303,#5304);
#5303 = CARTESIAN_POINT('',(-0.925,0.824748117663,-0.75));
#5304 = VECTOR('',#5305,1.);
#5305 = DIRECTION('',(1.,0.,0.));
#5306 = ORIENTED_EDGE('',*,*,#5271,.T.);
#5307 = PLANE('',#5308);
#5308 = AXIS2_PLACEMENT_3D('',#5309,#5310,#5311);
#5309 = CARTESIAN_POINT('',(-0.925,0.824748117663,-0.75));
#5310 = DIRECTION('',(0.,1.,0.));
#5311 = DIRECTION('',(0.,-0.,1.));
#5312 = ADVANCED_FACE('',(#5313),#5328,.F.);
#5313 = FACE_BOUND('',#5314,.T.);
#5314 = EDGE_LOOP('',(#5315,#5316,#5317,#5318,#5319,#5320,#5321,#5322,
    #5323,#5324,#5325,#5326,#5327));
#5315 = ORIENTED_EDGE('',*,*,#4923,.T.);
#5316 = ORIENTED_EDGE('',*,*,#4961,.T.);
#5317 = ORIENTED_EDGE('',*,*,#4992,.T.);
#5318 = ORIENTED_EDGE('',*,*,#5024,.T.);
#5319 = ORIENTED_EDGE('',*,*,#5056,.T.);
#5320 = ORIENTED_EDGE('',*,*,#5072,.T.);
#5321 = ORIENTED_EDGE('',*,*,#5120,.T.);
#5322 = ORIENTED_EDGE('',*,*,#5151,.T.);
#5323 = ORIENTED_EDGE('',*,*,#5182,.T.);
#5324 = ORIENTED_EDGE('',*,*,#5214,.T.);
#5325 = ORIENTED_EDGE('',*,*,#5246,.T.);
#5326 = ORIENTED_EDGE('',*,*,#5262,.T.);
#5327 = ORIENTED_EDGE('',*,*,#5301,.T.);
#5328 = PLANE('',#5329);
#5329 = AXIS2_PLACEMENT_3D('',#5330,#5331,#5332);
#5330 = CARTESIAN_POINT('',(-0.925,0.799748117663,-0.75));
#5331 = DIRECTION('',(-0.,0.,-1.));
#5332 = DIRECTION('',(-1.,0.,0.));
#5333 = ADVANCED_FACE('',(#5334),#5349,.T.);
#5334 = FACE_BOUND('',#5335,.T.);
#5335 = EDGE_LOOP('',(#5336,#5337,#5338,#5339,#5340,#5341,#5342,#5343,
    #5344,#5345,#5346,#5347,#5348));
#5336 = ORIENTED_EDGE('',*,*,#4905,.F.);
#5337 = ORIENTED_EDGE('',*,*,#5294,.F.);
#5338 = ORIENTED_EDGE('',*,*,#5279,.F.);
#5339 = ORIENTED_EDGE('',*,*,#5230,.F.);
#5340 = ORIENTED_EDGE('',*,*,#5197,.F.);
#5341 = ORIENTED_EDGE('',*,*,#5166,.F.);
#5342 = ORIENTED_EDGE('',*,*,#5135,.F.);
#5343 = ORIENTED_EDGE('',*,*,#5104,.F.);
#5344 = ORIENTED_EDGE('',*,*,#5089,.F.);
#5345 = ORIENTED_EDGE('',*,*,#5040,.F.);
#5346 = ORIENTED_EDGE('',*,*,#5007,.F.);
#5347 = ORIENTED_EDGE('',*,*,#4976,.F.);
#5348 = ORIENTED_EDGE('',*,*,#4945,.F.);
#5349 = PLANE('',#5350);
#5350 = AXIS2_PLACEMENT_3D('',#5351,#5352,#5353);
#5351 = CARTESIAN_POINT('',(-0.925,0.799748117663,-1.15));
#5352 = DIRECTION('',(-0.,0.,-1.));
#5353 = DIRECTION('',(-1.,0.,0.));
#5354 = MANIFOLD_SOLID_BREP('',#5355);
#5355 = CLOSED_SHELL('',(#5356,#5396,#5427,#5458,#5491,#5522,#5555,#5586
    ,#5617,#5648,#5681,#5712,#5745,#5767,#5788));
#5356 = ADVANCED_FACE('',(#5357),#5391,.F.);
#5357 = FACE_BOUND('',#5358,.T.);
#5358 = EDGE_LOOP('',(#5359,#5369,#5377,#5385));
#5359 = ORIENTED_EDGE('',*,*,#5360,.T.);
#5360 = EDGE_CURVE('',#5361,#5363,#5365,.T.);
#5361 = VERTEX_POINT('',#5362);
#5362 = CARTESIAN_POINT('',(-0.790092901742,0.824748117663,-0.2));
#5363 = VERTEX_POINT('',#5364);
#5364 = CARTESIAN_POINT('',(-0.8,0.9,-0.2));
#5365 = LINE('',#5366,#5367);
#5366 = CARTESIAN_POINT('',(-0.8,0.9,-0.2));
#5367 = VECTOR('',#5368,1.);
#5368 = DIRECTION('',(-0.13052619222,0.991444861374,-0.));
#5369 = ORIENTED_EDGE('',*,*,#5370,.F.);
#5370 = EDGE_CURVE('',#5371,#5363,#5373,.T.);
#5371 = VERTEX_POINT('',#5372);
#5372 = CARTESIAN_POINT('',(-0.8,0.9,0.2));
#5373 = LINE('',#5374,#5375);
#5374 = CARTESIAN_POINT('',(-0.8,0.9,0.2));
#5375 = VECTOR('',#5376,1.);
#5376 = DIRECTION('',(-0.,-0.,-1.));
#5377 = ORIENTED_EDGE('',*,*,#5378,.F.);
#5378 = EDGE_CURVE('',#5379,#5371,#5381,.T.);
#5379 = VERTEX_POINT('',#5380);
#5380 = CARTESIAN_POINT('',(-0.790092901742,0.824748117663,0.2));
#5381 = LINE('',#5382,#5383);
#5382 = CARTESIAN_POINT('',(-0.8,0.9,0.2));
#5383 = VECTOR('',#5384,1.);
#5384 = DIRECTION('',(-0.13052619222,0.991444861374,-0.));
#5385 = ORIENTED_EDGE('',*,*,#5386,.T.);
#5386 = EDGE_CURVE('',#5379,#5361,#5387,.T.);
#5387 = LINE('',#5388,#5389);
#5388 = CARTESIAN_POINT('',(-0.790092901742,0.824748117663,0.2));
#5389 = VECTOR('',#5390,1.);
#5390 = DIRECTION('',(-0.,-0.,-1.));
#5391 = PLANE('',#5392);
#5392 = AXIS2_PLACEMENT_3D('',#5393,#5394,#5395);
#5393 = CARTESIAN_POINT('',(-0.8,0.9,0.2));
#5394 = DIRECTION('',(-0.991444861374,-0.13052619222,0.));
#5395 = DIRECTION('',(0.13052619222,-0.991444861374,0.));
#5396 = ADVANCED_FACE('',(#5397),#5422,.F.);
#5397 = FACE_BOUND('',#5398,.T.);
#5398 = EDGE_LOOP('',(#5399,#5407,#5415,#5421));
#5399 = ORIENTED_EDGE('',*,*,#5400,.T.);
#5400 = EDGE_CURVE('',#5363,#5401,#5403,.T.);
#5401 = VERTEX_POINT('',#5402);
#5402 = CARTESIAN_POINT('',(-0.786819890099,0.974748117663,-0.2));
#5403 = LINE('',#5404,#5405);
#5404 = CARTESIAN_POINT('',(-0.786819890099,0.974748117663,-0.2));
#5405 = VECTOR('',#5406,1.);
#5406 = DIRECTION('',(0.173648177667,0.984807753012,-0.));
#5407 = ORIENTED_EDGE('',*,*,#5408,.F.);
#5408 = EDGE_CURVE('',#5409,#5401,#5411,.T.);
#5409 = VERTEX_POINT('',#5410);
#5410 = CARTESIAN_POINT('',(-0.786819890099,0.974748117663,0.2));
#5411 = LINE('',#5412,#5413);
#5412 = CARTESIAN_POINT('',(-0.786819890099,0.974748117663,0.2));
#5413 = VECTOR('',#5414,1.);
#5414 = DIRECTION('',(-0.,-0.,-1.));
#5415 = ORIENTED_EDGE('',*,*,#5416,.F.);
#5416 = EDGE_CURVE('',#5371,#5409,#5417,.T.);
#5417 = LINE('',#5418,#5419);
#5418 = CARTESIAN_POINT('',(-0.786819890099,0.974748117663,0.2));
#5419 = VECTOR('',#5420,1.);
#5420 = DIRECTION('',(0.173648177667,0.984807753012,-0.));
#5421 = ORIENTED_EDGE('',*,*,#5370,.T.);
#5422 = PLANE('',#5423);
#5423 = AXIS2_PLACEMENT_3D('',#5424,#5425,#5426);
#5424 = CARTESIAN_POINT('',(-0.786819890099,0.974748117663,0.2));
#5425 = DIRECTION('',(-0.984807753012,0.173648177667,0.));
#5426 = DIRECTION('',(-0.173648177667,-0.984807753012,0.));
#5427 = ADVANCED_FACE('',(#5428),#5453,.F.);
#5428 = FACE_BOUND('',#5429,.T.);
#5429 = EDGE_LOOP('',(#5430,#5438,#5446,#5452));
#5430 = ORIENTED_EDGE('',*,*,#5431,.T.);
#5431 = EDGE_CURVE('',#5401,#5432,#5434,.T.);
#5432 = VERTEX_POINT('',#5433);
#5433 = CARTESIAN_POINT('',(-0.925,0.974748117663,-0.2));
#5434 = LINE('',#5435,#5436);
#5435 = CARTESIAN_POINT('',(-0.786819890099,0.974748117663,-0.2));
#5436 = VECTOR('',#5437,1.);
#5437 = DIRECTION('',(-1.,7.846296932758E-16,0.));
#5438 = ORIENTED_EDGE('',*,*,#5439,.F.);
#5439 = EDGE_CURVE('',#5440,#5432,#5442,.T.);
#5440 = VERTEX_POINT('',#5441);
#5441 = CARTESIAN_POINT('',(-0.925,0.974748117663,0.2));
#5442 = LINE('',#5443,#5444);
#5443 = CARTESIAN_POINT('',(-0.925,0.974748117663,0.2));
#5444 = VECTOR('',#5445,1.);
#5445 = DIRECTION('',(-0.,-0.,-1.));
#5446 = ORIENTED_EDGE('',*,*,#5447,.F.);
#5447 = EDGE_CURVE('',#5409,#5440,#5448,.T.);
#5448 = LINE('',#5449,#5450);
#5449 = CARTESIAN_POINT('',(-0.786819890099,0.974748117663,0.2));
#5450 = VECTOR('',#5451,1.);
#5451 = DIRECTION('',(-1.,7.846296932758E-16,0.));
#5452 = ORIENTED_EDGE('',*,*,#5408,.T.);
#5453 = PLANE('',#5454);
#5454 = AXIS2_PLACEMENT_3D('',#5455,#5456,#5457);
#5455 = CARTESIAN_POINT('',(-0.786819890099,0.974748117663,0.2));
#5456 = DIRECTION('',(-7.846296932758E-16,-1.,0.));
#5457 = DIRECTION('',(1.,-7.846296932758E-16,0.));
#5458 = ADVANCED_FACE('',(#5459),#5486,.T.);
#5459 = FACE_BOUND('',#5460,.T.);
#5460 = EDGE_LOOP('',(#5461,#5470,#5478,#5485));
#5461 = ORIENTED_EDGE('',*,*,#5462,.T.);
#5462 = EDGE_CURVE('',#5432,#5463,#5465,.T.);
#5463 = VERTEX_POINT('',#5464);
#5464 = CARTESIAN_POINT('',(-1.1,0.799748117663,-0.2));
#5465 = CIRCLE('',#5466,0.175);
#5466 = AXIS2_PLACEMENT_3D('',#5467,#5468,#5469);
#5467 = CARTESIAN_POINT('',(-0.925,0.799748117663,-0.2));
#5468 = DIRECTION('',(0.,0.,1.));
#5469 = DIRECTION('',(1.,0.,-0.));
#5470 = ORIENTED_EDGE('',*,*,#5471,.F.);
#5471 = EDGE_CURVE('',#5472,#5463,#5474,.T.);
#5472 = VERTEX_POINT('',#5473);
#5473 = CARTESIAN_POINT('',(-1.1,0.799748117663,0.2));
#5474 = LINE('',#5475,#5476);
#5475 = CARTESIAN_POINT('',(-1.1,0.799748117663,0.2));
#5476 = VECTOR('',#5477,1.);
#5477 = DIRECTION('',(-0.,-0.,-1.));
#5478 = ORIENTED_EDGE('',*,*,#5479,.F.);
#5479 = EDGE_CURVE('',#5440,#5472,#5480,.T.);
#5480 = CIRCLE('',#5481,0.175);
#5481 = AXIS2_PLACEMENT_3D('',#5482,#5483,#5484);
#5482 = CARTESIAN_POINT('',(-0.925,0.799748117663,0.2));
#5483 = DIRECTION('',(0.,0.,1.));
#5484 = DIRECTION('',(1.,0.,-0.));
#5485 = ORIENTED_EDGE('',*,*,#5439,.T.);
#5486 = CYLINDRICAL_SURFACE('',#5487,0.175);
#5487 = AXIS2_PLACEMENT_3D('',#5488,#5489,#5490);
#5488 = CARTESIAN_POINT('',(-0.925,0.799748117663,0.2));
#5489 = DIRECTION('',(-0.,-0.,-1.));
#5490 = DIRECTION('',(-1.,0.,0.));
#5491 = ADVANCED_FACE('',(#5492),#5517,.F.);
#5492 = FACE_BOUND('',#5493,.T.);
#5493 = EDGE_LOOP('',(#5494,#5502,#5510,#5516));
#5494 = ORIENTED_EDGE('',*,*,#5495,.T.);
#5495 = EDGE_CURVE('',#5463,#5496,#5498,.T.);
#5496 = VERTEX_POINT('',#5497);
#5497 = CARTESIAN_POINT('',(-1.1,0.198584083122,-0.2));
#5498 = LINE('',#5499,#5500);
#5499 = CARTESIAN_POINT('',(-1.1,0.799748117663,-0.2));
#5500 = VECTOR('',#5501,1.);
#5501 = DIRECTION('',(0.,-1.,0.));
#5502 = ORIENTED_EDGE('',*,*,#5503,.F.);
#5503 = EDGE_CURVE('',#5504,#5496,#5506,.T.);
#5504 = VERTEX_POINT('',#5505);
#5505 = CARTESIAN_POINT('',(-1.1,0.198584083122,0.2));
#5506 = LINE('',#5507,#5508);
#5507 = CARTESIAN_POINT('',(-1.1,0.198584083122,0.2));
#5508 = VECTOR('',#5509,1.);
#5509 = DIRECTION('',(-0.,-0.,-1.));
#5510 = ORIENTED_EDGE('',*,*,#5511,.F.);
#5511 = EDGE_CURVE('',#5472,#5504,#5512,.T.);
#5512 = LINE('',#5513,#5514);
#5513 = CARTESIAN_POINT('',(-1.1,0.799748117663,0.2));
#5514 = VECTOR('',#5515,1.);
#5515 = DIRECTION('',(0.,-1.,0.));
#5516 = ORIENTED_EDGE('',*,*,#5471,.T.);
#5517 = PLANE('',#5518);
#5518 = AXIS2_PLACEMENT_3D('',#5519,#5520,#5521);
#5519 = CARTESIAN_POINT('',(-1.1,0.799748117663,0.2));
#5520 = DIRECTION('',(1.,0.,-0.));
#5521 = DIRECTION('',(-0.,0.,-1.));
#5522 = ADVANCED_FACE('',(#5523),#5550,.F.);
#5523 = FACE_BOUND('',#5524,.F.);
#5524 = EDGE_LOOP('',(#5525,#5526,#5535,#5543));
#5525 = ORIENTED_EDGE('',*,*,#5503,.F.);
#5526 = ORIENTED_EDGE('',*,*,#5527,.T.);
#5527 = EDGE_CURVE('',#5504,#5528,#5530,.T.);
#5528 = VERTEX_POINT('',#5529);
#5529 = CARTESIAN_POINT('',(-1.122821106431,0.17367921567,0.2));
#5530 = CIRCLE('',#5531,2.5E-02);
#5531 = AXIS2_PLACEMENT_3D('',#5532,#5533,#5534);
#5532 = CARTESIAN_POINT('',(-1.125,0.198584083122,0.2));
#5533 = DIRECTION('',(-0.,0.,-1.));
#5534 = DIRECTION('',(-1.,0.,0.));
#5535 = ORIENTED_EDGE('',*,*,#5536,.T.);
#5536 = EDGE_CURVE('',#5528,#5537,#5539,.T.);
#5537 = VERTEX_POINT('',#5538);
#5538 = CARTESIAN_POINT('',(-1.122821106431,0.17367921567,-0.2));
#5539 = LINE('',#5540,#5541);
#5540 = CARTESIAN_POINT('',(-1.122821106431,0.17367921567,0.2));
#5541 = VECTOR('',#5542,1.);
#5542 = DIRECTION('',(-0.,-0.,-1.));
#5543 = ORIENTED_EDGE('',*,*,#5544,.F.);
#5544 = EDGE_CURVE('',#5496,#5537,#5545,.T.);
#5545 = CIRCLE('',#5546,2.5E-02);
#5546 = AXIS2_PLACEMENT_3D('',#5547,#5548,#5549);
#5547 = CARTESIAN_POINT('',(-1.125,0.198584083122,-0.2));
#5548 = DIRECTION('',(-0.,0.,-1.));
#5549 = DIRECTION('',(-1.,0.,0.));
#5550 = CYLINDRICAL_SURFACE('',#5551,2.5E-02);
#5551 = AXIS2_PLACEMENT_3D('',#5552,#5553,#5554);
#5552 = CARTESIAN_POINT('',(-1.125,0.198584083122,0.2));
#5553 = DIRECTION('',(-0.,-0.,-1.));
#5554 = DIRECTION('',(-1.,0.,0.));
#5555 = ADVANCED_FACE('',(#5556),#5581,.F.);
#5556 = FACE_BOUND('',#5557,.T.);
#5557 = EDGE_LOOP('',(#5558,#5566,#5574,#5580));
#5558 = ORIENTED_EDGE('',*,*,#5559,.T.);
#5559 = EDGE_CURVE('',#5537,#5560,#5562,.T.);
#5560 = VERTEX_POINT('',#5561);
#5561 = CARTESIAN_POINT('',(-1.4,0.149429204714,-0.2));
#5562 = LINE('',#5563,#5564);
#5563 = CARTESIAN_POINT('',(-1.122821106431,0.17367921567,-0.2));
#5564 = VECTOR('',#5565,1.);
#5565 = DIRECTION('',(-0.996194698092,-8.715574274766E-02,0.));
#5566 = ORIENTED_EDGE('',*,*,#5567,.F.);
#5567 = EDGE_CURVE('',#5568,#5560,#5570,.T.);
#5568 = VERTEX_POINT('',#5569);
#5569 = CARTESIAN_POINT('',(-1.4,0.149429204714,0.2));
#5570 = LINE('',#5571,#5572);
#5571 = CARTESIAN_POINT('',(-1.4,0.149429204714,0.2));
#5572 = VECTOR('',#5573,1.);
#5573 = DIRECTION('',(-0.,-0.,-1.));
#5574 = ORIENTED_EDGE('',*,*,#5575,.F.);
#5575 = EDGE_CURVE('',#5528,#5568,#5576,.T.);
#5576 = LINE('',#5577,#5578);
#5577 = CARTESIAN_POINT('',(-1.122821106431,0.17367921567,0.2));
#5578 = VECTOR('',#5579,1.);
#5579 = DIRECTION('',(-0.996194698092,-8.715574274766E-02,0.));
#5580 = ORIENTED_EDGE('',*,*,#5536,.T.);
#5581 = PLANE('',#5582);
#5582 = AXIS2_PLACEMENT_3D('',#5583,#5584,#5585);
#5583 = CARTESIAN_POINT('',(-1.122821106431,0.17367921567,0.2));
#5584 = DIRECTION('',(8.715574274766E-02,-0.996194698092,0.));
#5585 = DIRECTION('',(0.996194698092,8.715574274766E-02,0.));
#5586 = ADVANCED_FACE('',(#5587),#5612,.F.);
#5587 = FACE_BOUND('',#5588,.T.);
#5588 = EDGE_LOOP('',(#5589,#5597,#5605,#5611));
#5589 = ORIENTED_EDGE('',*,*,#5590,.T.);
#5590 = EDGE_CURVE('',#5560,#5591,#5593,.T.);
#5591 = VERTEX_POINT('',#5592);
#5592 = CARTESIAN_POINT('',(-1.386926638588,-1.051293367061E-18,-0.2));
#5593 = LINE('',#5594,#5595);
#5594 = CARTESIAN_POINT('',(-1.4,0.149429204714,-0.2));
#5595 = VECTOR('',#5596,1.);
#5596 = DIRECTION('',(8.715574274766E-02,-0.996194698092,0.));
#5597 = ORIENTED_EDGE('',*,*,#5598,.F.);
#5598 = EDGE_CURVE('',#5599,#5591,#5601,.T.);
#5599 = VERTEX_POINT('',#5600);
#5600 = CARTESIAN_POINT('',(-1.386926638588,-1.051293367061E-18,0.2));
#5601 = LINE('',#5602,#5603);
#5602 = CARTESIAN_POINT('',(-1.386926638588,-1.051293367061E-18,0.2));
#5603 = VECTOR('',#5604,1.);
#5604 = DIRECTION('',(-0.,-0.,-1.));
#5605 = ORIENTED_EDGE('',*,*,#5606,.F.);
#5606 = EDGE_CURVE('',#5568,#5599,#5607,.T.);
#5607 = LINE('',#5608,#5609);
#5608 = CARTESIAN_POINT('',(-1.4,0.149429204714,0.2));
#5609 = VECTOR('',#5610,1.);
#5610 = DIRECTION('',(8.715574274766E-02,-0.996194698092,0.));
#5611 = ORIENTED_EDGE('',*,*,#5567,.T.);
#5612 = PLANE('',#5613);
#5613 = AXIS2_PLACEMENT_3D('',#5614,#5615,#5616);
#5614 = CARTESIAN_POINT('',(-1.4,0.149429204714,0.2));
#5615 = DIRECTION('',(0.996194698092,8.715574274766E-02,-0.));
#5616 = DIRECTION('',(-8.715574274766E-02,0.996194698092,0.));
#5617 = ADVANCED_FACE('',(#5618),#5643,.F.);
#5618 = FACE_BOUND('',#5619,.T.);
#5619 = EDGE_LOOP('',(#5620,#5628,#5636,#5642));
#5620 = ORIENTED_EDGE('',*,*,#5621,.T.);
#5621 = EDGE_CURVE('',#5591,#5622,#5624,.T.);
#5622 = VERTEX_POINT('',#5623);
#5623 = CARTESIAN_POINT('',(-1.109747745019,2.425001095592E-02,-0.2));
#5624 = LINE('',#5625,#5626);
#5625 = CARTESIAN_POINT('',(-1.386926638588,-1.051293367061E-18,-0.2));
#5626 = VECTOR('',#5627,1.);
#5627 = DIRECTION('',(0.996194698092,8.715574274766E-02,0.));
#5628 = ORIENTED_EDGE('',*,*,#5629,.F.);
#5629 = EDGE_CURVE('',#5630,#5622,#5632,.T.);
#5630 = VERTEX_POINT('',#5631);
#5631 = CARTESIAN_POINT('',(-1.109747745019,2.425001095592E-02,0.2));
#5632 = LINE('',#5633,#5634);
#5633 = CARTESIAN_POINT('',(-1.109747745019,2.425001095592E-02,0.2));
#5634 = VECTOR('',#5635,1.);
#5635 = DIRECTION('',(-0.,-0.,-1.));
#5636 = ORIENTED_EDGE('',*,*,#5637,.F.);
#5637 = EDGE_CURVE('',#5599,#5630,#5638,.T.);
#5638 = LINE('',#5639,#5640);
#5639 = CARTESIAN_POINT('',(-1.386926638588,-1.051293367061E-18,0.2));
#5640 = VECTOR('',#5641,1.);
#5641 = DIRECTION('',(0.996194698092,8.715574274766E-02,0.));
#5642 = ORIENTED_EDGE('',*,*,#5598,.T.);
#5643 = PLANE('',#5644);
#5644 = AXIS2_PLACEMENT_3D('',#5645,#5646,#5647);
#5645 = CARTESIAN_POINT('',(-1.386926638588,-1.051293367061E-18,0.2));
#5646 = DIRECTION('',(-8.715574274766E-02,0.996194698092,0.));
#5647 = DIRECTION('',(-0.996194698092,-8.715574274766E-02,0.));
#5648 = ADVANCED_FACE('',(#5649),#5676,.T.);
#5649 = FACE_BOUND('',#5650,.T.);
#5650 = EDGE_LOOP('',(#5651,#5660,#5668,#5675));
#5651 = ORIENTED_EDGE('',*,*,#5652,.T.);
#5652 = EDGE_CURVE('',#5622,#5653,#5655,.T.);
#5653 = VERTEX_POINT('',#5654);
#5654 = CARTESIAN_POINT('',(-0.95,0.198584083122,-0.2));
#5655 = CIRCLE('',#5656,0.175);
#5656 = AXIS2_PLACEMENT_3D('',#5657,#5658,#5659);
#5657 = CARTESIAN_POINT('',(-1.125,0.198584083122,-0.2));
#5658 = DIRECTION('',(0.,0.,1.));
#5659 = DIRECTION('',(1.,0.,-0.));
#5660 = ORIENTED_EDGE('',*,*,#5661,.F.);
#5661 = EDGE_CURVE('',#5662,#5653,#5664,.T.);
#5662 = VERTEX_POINT('',#5663);
#5663 = CARTESIAN_POINT('',(-0.95,0.198584083122,0.2));
#5664 = LINE('',#5665,#5666);
#5665 = CARTESIAN_POINT('',(-0.95,0.198584083122,0.2));
#5666 = VECTOR('',#5667,1.);
#5667 = DIRECTION('',(-0.,-0.,-1.));
#5668 = ORIENTED_EDGE('',*,*,#5669,.F.);
#5669 = EDGE_CURVE('',#5630,#5662,#5670,.T.);
#5670 = CIRCLE('',#5671,0.175);
#5671 = AXIS2_PLACEMENT_3D('',#5672,#5673,#5674);
#5672 = CARTESIAN_POINT('',(-1.125,0.198584083122,0.2));
#5673 = DIRECTION('',(0.,0.,1.));
#5674 = DIRECTION('',(1.,0.,-0.));
#5675 = ORIENTED_EDGE('',*,*,#5629,.T.);
#5676 = CYLINDRICAL_SURFACE('',#5677,0.175);
#5677 = AXIS2_PLACEMENT_3D('',#5678,#5679,#5680);
#5678 = CARTESIAN_POINT('',(-1.125,0.198584083122,0.2));
#5679 = DIRECTION('',(-0.,-0.,-1.));
#5680 = DIRECTION('',(-1.,0.,0.));
#5681 = ADVANCED_FACE('',(#5682),#5707,.F.);
#5682 = FACE_BOUND('',#5683,.T.);
#5683 = EDGE_LOOP('',(#5684,#5692,#5700,#5706));
#5684 = ORIENTED_EDGE('',*,*,#5685,.T.);
#5685 = EDGE_CURVE('',#5653,#5686,#5688,.T.);
#5686 = VERTEX_POINT('',#5687);
#5687 = CARTESIAN_POINT('',(-0.95,0.799748117663,-0.2));
#5688 = LINE('',#5689,#5690);
#5689 = CARTESIAN_POINT('',(-0.95,0.198584083122,-0.2));
#5690 = VECTOR('',#5691,1.);
#5691 = DIRECTION('',(-1.803504717832E-16,1.,0.));
#5692 = ORIENTED_EDGE('',*,*,#5693,.F.);
#5693 = EDGE_CURVE('',#5694,#5686,#5696,.T.);
#5694 = VERTEX_POINT('',#5695);
#5695 = CARTESIAN_POINT('',(-0.95,0.799748117663,0.2));
#5696 = LINE('',#5697,#5698);
#5697 = CARTESIAN_POINT('',(-0.95,0.799748117663,0.2));
#5698 = VECTOR('',#5699,1.);
#5699 = DIRECTION('',(-0.,-0.,-1.));
#5700 = ORIENTED_EDGE('',*,*,#5701,.F.);
#5701 = EDGE_CURVE('',#5662,#5694,#5702,.T.);
#5702 = LINE('',#5703,#5704);
#5703 = CARTESIAN_POINT('',(-0.95,0.198584083122,0.2));
#5704 = VECTOR('',#5705,1.);
#5705 = DIRECTION('',(-1.803504717832E-16,1.,0.));
#5706 = ORIENTED_EDGE('',*,*,#5661,.T.);
#5707 = PLANE('',#5708);
#5708 = AXIS2_PLACEMENT_3D('',#5709,#5710,#5711);
#5709 = CARTESIAN_POINT('',(-0.95,0.198584083122,0.2));
#5710 = DIRECTION('',(-1.,-1.803504717832E-16,0.));
#5711 = DIRECTION('',(1.803504717832E-16,-1.,0.));
#5712 = ADVANCED_FACE('',(#5713),#5740,.F.);
#5713 = FACE_BOUND('',#5714,.F.);
#5714 = EDGE_LOOP('',(#5715,#5716,#5725,#5733));
#5715 = ORIENTED_EDGE('',*,*,#5693,.F.);
#5716 = ORIENTED_EDGE('',*,*,#5717,.T.);
#5717 = EDGE_CURVE('',#5694,#5718,#5720,.T.);
#5718 = VERTEX_POINT('',#5719);
#5719 = CARTESIAN_POINT('',(-0.925,0.824748117663,0.2));
#5720 = CIRCLE('',#5721,2.5E-02);
#5721 = AXIS2_PLACEMENT_3D('',#5722,#5723,#5724);
#5722 = CARTESIAN_POINT('',(-0.925,0.799748117663,0.2));
#5723 = DIRECTION('',(-0.,0.,-1.));
#5724 = DIRECTION('',(-1.,0.,0.));
#5725 = ORIENTED_EDGE('',*,*,#5726,.T.);
#5726 = EDGE_CURVE('',#5718,#5727,#5729,.T.);
#5727 = VERTEX_POINT('',#5728);
#5728 = CARTESIAN_POINT('',(-0.925,0.824748117663,-0.2));
#5729 = LINE('',#5730,#5731);
#5730 = CARTESIAN_POINT('',(-0.925,0.824748117663,0.2));
#5731 = VECTOR('',#5732,1.);
#5732 = DIRECTION('',(-0.,-0.,-1.));
#5733 = ORIENTED_EDGE('',*,*,#5734,.F.);
#5734 = EDGE_CURVE('',#5686,#5727,#5735,.T.);
#5735 = CIRCLE('',#5736,2.5E-02);
#5736 = AXIS2_PLACEMENT_3D('',#5737,#5738,#5739);
#5737 = CARTESIAN_POINT('',(-0.925,0.799748117663,-0.2));
#5738 = DIRECTION('',(-0.,0.,-1.));
#5739 = DIRECTION('',(-1.,0.,0.));
#5740 = CYLINDRICAL_SURFACE('',#5741,2.5E-02);
#5741 = AXIS2_PLACEMENT_3D('',#5742,#5743,#5744);
#5742 = CARTESIAN_POINT('',(-0.925,0.799748117663,0.2));
#5743 = DIRECTION('',(-0.,-0.,-1.));
#5744 = DIRECTION('',(-1.,0.,0.));
#5745 = ADVANCED_FACE('',(#5746),#5762,.F.);
#5746 = FACE_BOUND('',#5747,.T.);
#5747 = EDGE_LOOP('',(#5748,#5754,#5755,#5761));
#5748 = ORIENTED_EDGE('',*,*,#5749,.T.);
#5749 = EDGE_CURVE('',#5727,#5361,#5750,.T.);
#5750 = LINE('',#5751,#5752);
#5751 = CARTESIAN_POINT('',(-0.925,0.824748117663,-0.2));
#5752 = VECTOR('',#5753,1.);
#5753 = DIRECTION('',(1.,0.,0.));
#5754 = ORIENTED_EDGE('',*,*,#5386,.F.);
#5755 = ORIENTED_EDGE('',*,*,#5756,.F.);
#5756 = EDGE_CURVE('',#5718,#5379,#5757,.T.);
#5757 = LINE('',#5758,#5759);
#5758 = CARTESIAN_POINT('',(-0.925,0.824748117663,0.2));
#5759 = VECTOR('',#5760,1.);
#5760 = DIRECTION('',(1.,0.,0.));
#5761 = ORIENTED_EDGE('',*,*,#5726,.T.);
#5762 = PLANE('',#5763);
#5763 = AXIS2_PLACEMENT_3D('',#5764,#5765,#5766);
#5764 = CARTESIAN_POINT('',(-0.925,0.824748117663,0.2));
#5765 = DIRECTION('',(0.,1.,0.));
#5766 = DIRECTION('',(0.,-0.,1.));
#5767 = ADVANCED_FACE('',(#5768),#5783,.F.);
#5768 = FACE_BOUND('',#5769,.T.);
#5769 = EDGE_LOOP('',(#5770,#5771,#5772,#5773,#5774,#5775,#5776,#5777,
    #5778,#5779,#5780,#5781,#5782));
#5770 = ORIENTED_EDGE('',*,*,#5378,.T.);
#5771 = ORIENTED_EDGE('',*,*,#5416,.T.);
#5772 = ORIENTED_EDGE('',*,*,#5447,.T.);
#5773 = ORIENTED_EDGE('',*,*,#5479,.T.);
#5774 = ORIENTED_EDGE('',*,*,#5511,.T.);
#5775 = ORIENTED_EDGE('',*,*,#5527,.T.);
#5776 = ORIENTED_EDGE('',*,*,#5575,.T.);
#5777 = ORIENTED_EDGE('',*,*,#5606,.T.);
#5778 = ORIENTED_EDGE('',*,*,#5637,.T.);
#5779 = ORIENTED_EDGE('',*,*,#5669,.T.);
#5780 = ORIENTED_EDGE('',*,*,#5701,.T.);
#5781 = ORIENTED_EDGE('',*,*,#5717,.T.);
#5782 = ORIENTED_EDGE('',*,*,#5756,.T.);
#5783 = PLANE('',#5784);
#5784 = AXIS2_PLACEMENT_3D('',#5785,#5786,#5787);
#5785 = CARTESIAN_POINT('',(-0.925,0.799748117663,0.2));
#5786 = DIRECTION('',(-0.,0.,-1.));
#5787 = DIRECTION('',(-1.,0.,0.));
#5788 = ADVANCED_FACE('',(#5789),#5804,.T.);
#5789 = FACE_BOUND('',#5790,.T.);
#5790 = EDGE_LOOP('',(#5791,#5792,#5793,#5794,#5795,#5796,#5797,#5798,
    #5799,#5800,#5801,#5802,#5803));
#5791 = ORIENTED_EDGE('',*,*,#5360,.F.);
#5792 = ORIENTED_EDGE('',*,*,#5749,.F.);
#5793 = ORIENTED_EDGE('',*,*,#5734,.F.);
#5794 = ORIENTED_EDGE('',*,*,#5685,.F.);
#5795 = ORIENTED_EDGE('',*,*,#5652,.F.);
#5796 = ORIENTED_EDGE('',*,*,#5621,.F.);
#5797 = ORIENTED_EDGE('',*,*,#5590,.F.);
#5798 = ORIENTED_EDGE('',*,*,#5559,.F.);
#5799 = ORIENTED_EDGE('',*,*,#5544,.F.);
#5800 = ORIENTED_EDGE('',*,*,#5495,.F.);
#5801 = ORIENTED_EDGE('',*,*,#5462,.F.);
#5802 = ORIENTED_EDGE('',*,*,#5431,.F.);
#5803 = ORIENTED_EDGE('',*,*,#5400,.F.);
#5804 = PLANE('',#5805);
#5805 = AXIS2_PLACEMENT_3D('',#5806,#5807,#5808);
#5806 = CARTESIAN_POINT('',(-0.925,0.799748117663,-0.2));
#5807 = DIRECTION('',(-0.,0.,-1.));
#5808 = DIRECTION('',(-1.,0.,0.));
#5809 = MANIFOLD_SOLID_BREP('',#5810);
#5810 = CLOSED_SHELL('',(#5811,#5851,#5882,#5913,#5946,#5977,#6010,#6041
    ,#6072,#6103,#6136,#6167,#6200,#6222,#6243));
#5811 = ADVANCED_FACE('',(#5812),#5846,.F.);
#5812 = FACE_BOUND('',#5813,.T.);
#5813 = EDGE_LOOP('',(#5814,#5824,#5832,#5840));
#5814 = ORIENTED_EDGE('',*,*,#5815,.T.);
#5815 = EDGE_CURVE('',#5816,#5818,#5820,.T.);
#5816 = VERTEX_POINT('',#5817);
#5817 = CARTESIAN_POINT('',(-0.790092901742,0.824748117663,0.75));
#5818 = VERTEX_POINT('',#5819);
#5819 = CARTESIAN_POINT('',(-0.8,0.9,0.75));
#5820 = LINE('',#5821,#5822);
#5821 = CARTESIAN_POINT('',(-0.8,0.9,0.75));
#5822 = VECTOR('',#5823,1.);
#5823 = DIRECTION('',(-0.13052619222,0.991444861374,-0.));
#5824 = ORIENTED_EDGE('',*,*,#5825,.F.);
#5825 = EDGE_CURVE('',#5826,#5818,#5828,.T.);
#5826 = VERTEX_POINT('',#5827);
#5827 = CARTESIAN_POINT('',(-0.8,0.9,1.15));
#5828 = LINE('',#5829,#5830);
#5829 = CARTESIAN_POINT('',(-0.8,0.9,1.15));
#5830 = VECTOR('',#5831,1.);
#5831 = DIRECTION('',(-0.,-0.,-1.));
#5832 = ORIENTED_EDGE('',*,*,#5833,.F.);
#5833 = EDGE_CURVE('',#5834,#5826,#5836,.T.);
#5834 = VERTEX_POINT('',#5835);
#5835 = CARTESIAN_POINT('',(-0.790092901742,0.824748117663,1.15));
#5836 = LINE('',#5837,#5838);
#5837 = CARTESIAN_POINT('',(-0.8,0.9,1.15));
#5838 = VECTOR('',#5839,1.);
#5839 = DIRECTION('',(-0.13052619222,0.991444861374,-0.));
#5840 = ORIENTED_EDGE('',*,*,#5841,.T.);
#5841 = EDGE_CURVE('',#5834,#5816,#5842,.T.);
#5842 = LINE('',#5843,#5844);
#5843 = CARTESIAN_POINT('',(-0.790092901742,0.824748117663,1.15));
#5844 = VECTOR('',#5845,1.);
#5845 = DIRECTION('',(-0.,-0.,-1.));
#5846 = PLANE('',#5847);
#5847 = AXIS2_PLACEMENT_3D('',#5848,#5849,#5850);
#5848 = CARTESIAN_POINT('',(-0.8,0.9,1.15));
#5849 = DIRECTION('',(-0.991444861374,-0.13052619222,0.));
#5850 = DIRECTION('',(0.13052619222,-0.991444861374,0.));
#5851 = ADVANCED_FACE('',(#5852),#5877,.F.);
#5852 = FACE_BOUND('',#5853,.T.);
#5853 = EDGE_LOOP('',(#5854,#5862,#5870,#5876));
#5854 = ORIENTED_EDGE('',*,*,#5855,.T.);
#5855 = EDGE_CURVE('',#5818,#5856,#5858,.T.);
#5856 = VERTEX_POINT('',#5857);
#5857 = CARTESIAN_POINT('',(-0.786819890099,0.974748117663,0.75));
#5858 = LINE('',#5859,#5860);
#5859 = CARTESIAN_POINT('',(-0.786819890099,0.974748117663,0.75));
#5860 = VECTOR('',#5861,1.);
#5861 = DIRECTION('',(0.173648177667,0.984807753012,-0.));
#5862 = ORIENTED_EDGE('',*,*,#5863,.F.);
#5863 = EDGE_CURVE('',#5864,#5856,#5866,.T.);
#5864 = VERTEX_POINT('',#5865);
#5865 = CARTESIAN_POINT('',(-0.786819890099,0.974748117663,1.15));
#5866 = LINE('',#5867,#5868);
#5867 = CARTESIAN_POINT('',(-0.786819890099,0.974748117663,1.15));
#5868 = VECTOR('',#5869,1.);
#5869 = DIRECTION('',(-0.,-0.,-1.));
#5870 = ORIENTED_EDGE('',*,*,#5871,.F.);
#5871 = EDGE_CURVE('',#5826,#5864,#5872,.T.);
#5872 = LINE('',#5873,#5874);
#5873 = CARTESIAN_POINT('',(-0.786819890099,0.974748117663,1.15));
#5874 = VECTOR('',#5875,1.);
#5875 = DIRECTION('',(0.173648177667,0.984807753012,-0.));
#5876 = ORIENTED_EDGE('',*,*,#5825,.T.);
#5877 = PLANE('',#5878);
#5878 = AXIS2_PLACEMENT_3D('',#5879,#5880,#5881);
#5879 = CARTESIAN_POINT('',(-0.786819890099,0.974748117663,1.15));
#5880 = DIRECTION('',(-0.984807753012,0.173648177667,0.));
#5881 = DIRECTION('',(-0.173648177667,-0.984807753012,0.));
#5882 = ADVANCED_FACE('',(#5883),#5908,.F.);
#5883 = FACE_BOUND('',#5884,.T.);
#5884 = EDGE_LOOP('',(#5885,#5893,#5901,#5907));
#5885 = ORIENTED_EDGE('',*,*,#5886,.T.);
#5886 = EDGE_CURVE('',#5856,#5887,#5889,.T.);
#5887 = VERTEX_POINT('',#5888);
#5888 = CARTESIAN_POINT('',(-0.925,0.974748117663,0.75));
#5889 = LINE('',#5890,#5891);
#5890 = CARTESIAN_POINT('',(-0.786819890099,0.974748117663,0.75));
#5891 = VECTOR('',#5892,1.);
#5892 = DIRECTION('',(-1.,7.846296932758E-16,0.));
#5893 = ORIENTED_EDGE('',*,*,#5894,.F.);
#5894 = EDGE_CURVE('',#5895,#5887,#5897,.T.);
#5895 = VERTEX_POINT('',#5896);
#5896 = CARTESIAN_POINT('',(-0.925,0.974748117663,1.15));
#5897 = LINE('',#5898,#5899);
#5898 = CARTESIAN_POINT('',(-0.925,0.974748117663,1.15));
#5899 = VECTOR('',#5900,1.);
#5900 = DIRECTION('',(-0.,-0.,-1.));
#5901 = ORIENTED_EDGE('',*,*,#5902,.F.);
#5902 = EDGE_CURVE('',#5864,#5895,#5903,.T.);
#5903 = LINE('',#5904,#5905);
#5904 = CARTESIAN_POINT('',(-0.786819890099,0.974748117663,1.15));
#5905 = VECTOR('',#5906,1.);
#5906 = DIRECTION('',(-1.,7.846296932758E-16,0.));
#5907 = ORIENTED_EDGE('',*,*,#5863,.T.);
#5908 = PLANE('',#5909);
#5909 = AXIS2_PLACEMENT_3D('',#5910,#5911,#5912);
#5910 = CARTESIAN_POINT('',(-0.786819890099,0.974748117663,1.15));
#5911 = DIRECTION('',(-7.846296932758E-16,-1.,0.));
#5912 = DIRECTION('',(1.,-7.846296932758E-16,0.));
#5913 = ADVANCED_FACE('',(#5914),#5941,.T.);
#5914 = FACE_BOUND('',#5915,.T.);
#5915 = EDGE_LOOP('',(#5916,#5925,#5933,#5940));
#5916 = ORIENTED_EDGE('',*,*,#5917,.T.);
#5917 = EDGE_CURVE('',#5887,#5918,#5920,.T.);
#5918 = VERTEX_POINT('',#5919);
#5919 = CARTESIAN_POINT('',(-1.1,0.799748117663,0.75));
#5920 = CIRCLE('',#5921,0.175);
#5921 = AXIS2_PLACEMENT_3D('',#5922,#5923,#5924);
#5922 = CARTESIAN_POINT('',(-0.925,0.799748117663,0.75));
#5923 = DIRECTION('',(0.,0.,1.));
#5924 = DIRECTION('',(1.,0.,-0.));
#5925 = ORIENTED_EDGE('',*,*,#5926,.F.);
#5926 = EDGE_CURVE('',#5927,#5918,#5929,.T.);
#5927 = VERTEX_POINT('',#5928);
#5928 = CARTESIAN_POINT('',(-1.1,0.799748117663,1.15));
#5929 = LINE('',#5930,#5931);
#5930 = CARTESIAN_POINT('',(-1.1,0.799748117663,1.15));
#5931 = VECTOR('',#5932,1.);
#5932 = DIRECTION('',(-0.,-0.,-1.));
#5933 = ORIENTED_EDGE('',*,*,#5934,.F.);
#5934 = EDGE_CURVE('',#5895,#5927,#5935,.T.);
#5935 = CIRCLE('',#5936,0.175);
#5936 = AXIS2_PLACEMENT_3D('',#5937,#5938,#5939);
#5937 = CARTESIAN_POINT('',(-0.925,0.799748117663,1.15));
#5938 = DIRECTION('',(0.,0.,1.));
#5939 = DIRECTION('',(1.,0.,-0.));
#5940 = ORIENTED_EDGE('',*,*,#5894,.T.);
#5941 = CYLINDRICAL_SURFACE('',#5942,0.175);
#5942 = AXIS2_PLACEMENT_3D('',#5943,#5944,#5945);
#5943 = CARTESIAN_POINT('',(-0.925,0.799748117663,1.15));
#5944 = DIRECTION('',(-0.,-0.,-1.));
#5945 = DIRECTION('',(-1.,0.,0.));
#5946 = ADVANCED_FACE('',(#5947),#5972,.F.);
#5947 = FACE_BOUND('',#5948,.T.);
#5948 = EDGE_LOOP('',(#5949,#5957,#5965,#5971));
#5949 = ORIENTED_EDGE('',*,*,#5950,.T.);
#5950 = EDGE_CURVE('',#5918,#5951,#5953,.T.);
#5951 = VERTEX_POINT('',#5952);
#5952 = CARTESIAN_POINT('',(-1.1,0.198584083122,0.75));
#5953 = LINE('',#5954,#5955);
#5954 = CARTESIAN_POINT('',(-1.1,0.799748117663,0.75));
#5955 = VECTOR('',#5956,1.);
#5956 = DIRECTION('',(0.,-1.,0.));
#5957 = ORIENTED_EDGE('',*,*,#5958,.F.);
#5958 = EDGE_CURVE('',#5959,#5951,#5961,.T.);
#5959 = VERTEX_POINT('',#5960);
#5960 = CARTESIAN_POINT('',(-1.1,0.198584083122,1.15));
#5961 = LINE('',#5962,#5963);
#5962 = CARTESIAN_POINT('',(-1.1,0.198584083122,1.15));
#5963 = VECTOR('',#5964,1.);
#5964 = DIRECTION('',(-0.,-0.,-1.));
#5965 = ORIENTED_EDGE('',*,*,#5966,.F.);
#5966 = EDGE_CURVE('',#5927,#5959,#5967,.T.);
#5967 = LINE('',#5968,#5969);
#5968 = CARTESIAN_POINT('',(-1.1,0.799748117663,1.15));
#5969 = VECTOR('',#5970,1.);
#5970 = DIRECTION('',(0.,-1.,0.));
#5971 = ORIENTED_EDGE('',*,*,#5926,.T.);
#5972 = PLANE('',#5973);
#5973 = AXIS2_PLACEMENT_3D('',#5974,#5975,#5976);
#5974 = CARTESIAN_POINT('',(-1.1,0.799748117663,1.15));
#5975 = DIRECTION('',(1.,0.,-0.));
#5976 = DIRECTION('',(-0.,0.,-1.));
#5977 = ADVANCED_FACE('',(#5978),#6005,.F.);
#5978 = FACE_BOUND('',#5979,.F.);
#5979 = EDGE_LOOP('',(#5980,#5981,#5990,#5998));
#5980 = ORIENTED_EDGE('',*,*,#5958,.F.);
#5981 = ORIENTED_EDGE('',*,*,#5982,.T.);
#5982 = EDGE_CURVE('',#5959,#5983,#5985,.T.);
#5983 = VERTEX_POINT('',#5984);
#5984 = CARTESIAN_POINT('',(-1.122821106431,0.17367921567,1.15));
#5985 = CIRCLE('',#5986,2.5E-02);
#5986 = AXIS2_PLACEMENT_3D('',#5987,#5988,#5989);
#5987 = CARTESIAN_POINT('',(-1.125,0.198584083122,1.15));
#5988 = DIRECTION('',(-0.,0.,-1.));
#5989 = DIRECTION('',(-1.,0.,0.));
#5990 = ORIENTED_EDGE('',*,*,#5991,.T.);
#5991 = EDGE_CURVE('',#5983,#5992,#5994,.T.);
#5992 = VERTEX_POINT('',#5993);
#5993 = CARTESIAN_POINT('',(-1.122821106431,0.17367921567,0.75));
#5994 = LINE('',#5995,#5996);
#5995 = CARTESIAN_POINT('',(-1.122821106431,0.17367921567,1.15));
#5996 = VECTOR('',#5997,1.);
#5997 = DIRECTION('',(-0.,-0.,-1.));
#5998 = ORIENTED_EDGE('',*,*,#5999,.F.);
#5999 = EDGE_CURVE('',#5951,#5992,#6000,.T.);
#6000 = CIRCLE('',#6001,2.5E-02);
#6001 = AXIS2_PLACEMENT_3D('',#6002,#6003,#6004);
#6002 = CARTESIAN_POINT('',(-1.125,0.198584083122,0.75));
#6003 = DIRECTION('',(-0.,0.,-1.));
#6004 = DIRECTION('',(-1.,0.,0.));
#6005 = CYLINDRICAL_SURFACE('',#6006,2.5E-02);
#6006 = AXIS2_PLACEMENT_3D('',#6007,#6008,#6009);
#6007 = CARTESIAN_POINT('',(-1.125,0.198584083122,1.15));
#6008 = DIRECTION('',(-0.,-0.,-1.));
#6009 = DIRECTION('',(-1.,0.,0.));
#6010 = ADVANCED_FACE('',(#6011),#6036,.F.);
#6011 = FACE_BOUND('',#6012,.T.);
#6012 = EDGE_LOOP('',(#6013,#6021,#6029,#6035));
#6013 = ORIENTED_EDGE('',*,*,#6014,.T.);
#6014 = EDGE_CURVE('',#5992,#6015,#6017,.T.);
#6015 = VERTEX_POINT('',#6016);
#6016 = CARTESIAN_POINT('',(-1.4,0.149429204714,0.75));
#6017 = LINE('',#6018,#6019);
#6018 = CARTESIAN_POINT('',(-1.122821106431,0.17367921567,0.75));
#6019 = VECTOR('',#6020,1.);
#6020 = DIRECTION('',(-0.996194698092,-8.715574274766E-02,0.));
#6021 = ORIENTED_EDGE('',*,*,#6022,.F.);
#6022 = EDGE_CURVE('',#6023,#6015,#6025,.T.);
#6023 = VERTEX_POINT('',#6024);
#6024 = CARTESIAN_POINT('',(-1.4,0.149429204714,1.15));
#6025 = LINE('',#6026,#6027);
#6026 = CARTESIAN_POINT('',(-1.4,0.149429204714,1.15));
#6027 = VECTOR('',#6028,1.);
#6028 = DIRECTION('',(-0.,-0.,-1.));
#6029 = ORIENTED_EDGE('',*,*,#6030,.F.);
#6030 = EDGE_CURVE('',#5983,#6023,#6031,.T.);
#6031 = LINE('',#6032,#6033);
#6032 = CARTESIAN_POINT('',(-1.122821106431,0.17367921567,1.15));
#6033 = VECTOR('',#6034,1.);
#6034 = DIRECTION('',(-0.996194698092,-8.715574274766E-02,0.));
#6035 = ORIENTED_EDGE('',*,*,#5991,.T.);
#6036 = PLANE('',#6037);
#6037 = AXIS2_PLACEMENT_3D('',#6038,#6039,#6040);
#6038 = CARTESIAN_POINT('',(-1.122821106431,0.17367921567,1.15));
#6039 = DIRECTION('',(8.715574274766E-02,-0.996194698092,0.));
#6040 = DIRECTION('',(0.996194698092,8.715574274766E-02,0.));
#6041 = ADVANCED_FACE('',(#6042),#6067,.F.);
#6042 = FACE_BOUND('',#6043,.T.);
#6043 = EDGE_LOOP('',(#6044,#6052,#6060,#6066));
#6044 = ORIENTED_EDGE('',*,*,#6045,.T.);
#6045 = EDGE_CURVE('',#6015,#6046,#6048,.T.);
#6046 = VERTEX_POINT('',#6047);
#6047 = CARTESIAN_POINT('',(-1.386926638588,-1.051293367061E-18,0.75));
#6048 = LINE('',#6049,#6050);
#6049 = CARTESIAN_POINT('',(-1.4,0.149429204714,0.75));
#6050 = VECTOR('',#6051,1.);
#6051 = DIRECTION('',(8.715574274766E-02,-0.996194698092,0.));
#6052 = ORIENTED_EDGE('',*,*,#6053,.F.);
#6053 = EDGE_CURVE('',#6054,#6046,#6056,.T.);
#6054 = VERTEX_POINT('',#6055);
#6055 = CARTESIAN_POINT('',(-1.386926638588,-1.051293367061E-18,1.15));
#6056 = LINE('',#6057,#6058);
#6057 = CARTESIAN_POINT('',(-1.386926638588,-1.051293367061E-18,1.15));
#6058 = VECTOR('',#6059,1.);
#6059 = DIRECTION('',(-0.,-0.,-1.));
#6060 = ORIENTED_EDGE('',*,*,#6061,.F.);
#6061 = EDGE_CURVE('',#6023,#6054,#6062,.T.);
#6062 = LINE('',#6063,#6064);
#6063 = CARTESIAN_POINT('',(-1.4,0.149429204714,1.15));
#6064 = VECTOR('',#6065,1.);
#6065 = DIRECTION('',(8.715574274766E-02,-0.996194698092,0.));
#6066 = ORIENTED_EDGE('',*,*,#6022,.T.);
#6067 = PLANE('',#6068);
#6068 = AXIS2_PLACEMENT_3D('',#6069,#6070,#6071);
#6069 = CARTESIAN_POINT('',(-1.4,0.149429204714,1.15));
#6070 = DIRECTION('',(0.996194698092,8.715574274766E-02,-0.));
#6071 = DIRECTION('',(-8.715574274766E-02,0.996194698092,0.));
#6072 = ADVANCED_FACE('',(#6073),#6098,.F.);
#6073 = FACE_BOUND('',#6074,.T.);
#6074 = EDGE_LOOP('',(#6075,#6083,#6091,#6097));
#6075 = ORIENTED_EDGE('',*,*,#6076,.T.);
#6076 = EDGE_CURVE('',#6046,#6077,#6079,.T.);
#6077 = VERTEX_POINT('',#6078);
#6078 = CARTESIAN_POINT('',(-1.109747745019,2.425001095592E-02,0.75));
#6079 = LINE('',#6080,#6081);
#6080 = CARTESIAN_POINT('',(-1.386926638588,-1.051293367061E-18,0.75));
#6081 = VECTOR('',#6082,1.);
#6082 = DIRECTION('',(0.996194698092,8.715574274766E-02,0.));
#6083 = ORIENTED_EDGE('',*,*,#6084,.F.);
#6084 = EDGE_CURVE('',#6085,#6077,#6087,.T.);
#6085 = VERTEX_POINT('',#6086);
#6086 = CARTESIAN_POINT('',(-1.109747745019,2.425001095592E-02,1.15));
#6087 = LINE('',#6088,#6089);
#6088 = CARTESIAN_POINT('',(-1.109747745019,2.425001095592E-02,1.15));
#6089 = VECTOR('',#6090,1.);
#6090 = DIRECTION('',(-0.,-0.,-1.));
#6091 = ORIENTED_EDGE('',*,*,#6092,.F.);
#6092 = EDGE_CURVE('',#6054,#6085,#6093,.T.);
#6093 = LINE('',#6094,#6095);
#6094 = CARTESIAN_POINT('',(-1.386926638588,-1.051293367061E-18,1.15));
#6095 = VECTOR('',#6096,1.);
#6096 = DIRECTION('',(0.996194698092,8.715574274766E-02,0.));
#6097 = ORIENTED_EDGE('',*,*,#6053,.T.);
#6098 = PLANE('',#6099);
#6099 = AXIS2_PLACEMENT_3D('',#6100,#6101,#6102);
#6100 = CARTESIAN_POINT('',(-1.386926638588,-1.051293367061E-18,1.15));
#6101 = DIRECTION('',(-8.715574274766E-02,0.996194698092,0.));
#6102 = DIRECTION('',(-0.996194698092,-8.715574274766E-02,0.));
#6103 = ADVANCED_FACE('',(#6104),#6131,.T.);
#6104 = FACE_BOUND('',#6105,.T.);
#6105 = EDGE_LOOP('',(#6106,#6115,#6123,#6130));
#6106 = ORIENTED_EDGE('',*,*,#6107,.T.);
#6107 = EDGE_CURVE('',#6077,#6108,#6110,.T.);
#6108 = VERTEX_POINT('',#6109);
#6109 = CARTESIAN_POINT('',(-0.95,0.198584083122,0.75));
#6110 = CIRCLE('',#6111,0.175);
#6111 = AXIS2_PLACEMENT_3D('',#6112,#6113,#6114);
#6112 = CARTESIAN_POINT('',(-1.125,0.198584083122,0.75));
#6113 = DIRECTION('',(0.,0.,1.));
#6114 = DIRECTION('',(1.,0.,-0.));
#6115 = ORIENTED_EDGE('',*,*,#6116,.F.);
#6116 = EDGE_CURVE('',#6117,#6108,#6119,.T.);
#6117 = VERTEX_POINT('',#6118);
#6118 = CARTESIAN_POINT('',(-0.95,0.198584083122,1.15));
#6119 = LINE('',#6120,#6121);
#6120 = CARTESIAN_POINT('',(-0.95,0.198584083122,1.15));
#6121 = VECTOR('',#6122,1.);
#6122 = DIRECTION('',(-0.,-0.,-1.));
#6123 = ORIENTED_EDGE('',*,*,#6124,.F.);
#6124 = EDGE_CURVE('',#6085,#6117,#6125,.T.);
#6125 = CIRCLE('',#6126,0.175);
#6126 = AXIS2_PLACEMENT_3D('',#6127,#6128,#6129);
#6127 = CARTESIAN_POINT('',(-1.125,0.198584083122,1.15));
#6128 = DIRECTION('',(0.,0.,1.));
#6129 = DIRECTION('',(1.,0.,-0.));
#6130 = ORIENTED_EDGE('',*,*,#6084,.T.);
#6131 = CYLINDRICAL_SURFACE('',#6132,0.175);
#6132 = AXIS2_PLACEMENT_3D('',#6133,#6134,#6135);
#6133 = CARTESIAN_POINT('',(-1.125,0.198584083122,1.15));
#6134 = DIRECTION('',(-0.,-0.,-1.));
#6135 = DIRECTION('',(-1.,0.,0.));
#6136 = ADVANCED_FACE('',(#6137),#6162,.F.);
#6137 = FACE_BOUND('',#6138,.T.);
#6138 = EDGE_LOOP('',(#6139,#6147,#6155,#6161));
#6139 = ORIENTED_EDGE('',*,*,#6140,.T.);
#6140 = EDGE_CURVE('',#6108,#6141,#6143,.T.);
#6141 = VERTEX_POINT('',#6142);
#6142 = CARTESIAN_POINT('',(-0.95,0.799748117663,0.75));
#6143 = LINE('',#6144,#6145);
#6144 = CARTESIAN_POINT('',(-0.95,0.198584083122,0.75));
#6145 = VECTOR('',#6146,1.);
#6146 = DIRECTION('',(-1.803504717832E-16,1.,0.));
#6147 = ORIENTED_EDGE('',*,*,#6148,.F.);
#6148 = EDGE_CURVE('',#6149,#6141,#6151,.T.);
#6149 = VERTEX_POINT('',#6150);
#6150 = CARTESIAN_POINT('',(-0.95,0.799748117663,1.15));
#6151 = LINE('',#6152,#6153);
#6152 = CARTESIAN_POINT('',(-0.95,0.799748117663,1.15));
#6153 = VECTOR('',#6154,1.);
#6154 = DIRECTION('',(-0.,-0.,-1.));
#6155 = ORIENTED_EDGE('',*,*,#6156,.F.);
#6156 = EDGE_CURVE('',#6117,#6149,#6157,.T.);
#6157 = LINE('',#6158,#6159);
#6158 = CARTESIAN_POINT('',(-0.95,0.198584083122,1.15));
#6159 = VECTOR('',#6160,1.);
#6160 = DIRECTION('',(-1.803504717832E-16,1.,0.));
#6161 = ORIENTED_EDGE('',*,*,#6116,.T.);
#6162 = PLANE('',#6163);
#6163 = AXIS2_PLACEMENT_3D('',#6164,#6165,#6166);
#6164 = CARTESIAN_POINT('',(-0.95,0.198584083122,1.15));
#6165 = DIRECTION('',(-1.,-1.803504717832E-16,0.));
#6166 = DIRECTION('',(1.803504717832E-16,-1.,0.));
#6167 = ADVANCED_FACE('',(#6168),#6195,.F.);
#6168 = FACE_BOUND('',#6169,.F.);
#6169 = EDGE_LOOP('',(#6170,#6171,#6180,#6188));
#6170 = ORIENTED_EDGE('',*,*,#6148,.F.);
#6171 = ORIENTED_EDGE('',*,*,#6172,.T.);
#6172 = EDGE_CURVE('',#6149,#6173,#6175,.T.);
#6173 = VERTEX_POINT('',#6174);
#6174 = CARTESIAN_POINT('',(-0.925,0.824748117663,1.15));
#6175 = CIRCLE('',#6176,2.5E-02);
#6176 = AXIS2_PLACEMENT_3D('',#6177,#6178,#6179);
#6177 = CARTESIAN_POINT('',(-0.925,0.799748117663,1.15));
#6178 = DIRECTION('',(-0.,0.,-1.));
#6179 = DIRECTION('',(-1.,0.,0.));
#6180 = ORIENTED_EDGE('',*,*,#6181,.T.);
#6181 = EDGE_CURVE('',#6173,#6182,#6184,.T.);
#6182 = VERTEX_POINT('',#6183);
#6183 = CARTESIAN_POINT('',(-0.925,0.824748117663,0.75));
#6184 = LINE('',#6185,#6186);
#6185 = CARTESIAN_POINT('',(-0.925,0.824748117663,1.15));
#6186 = VECTOR('',#6187,1.);
#6187 = DIRECTION('',(-0.,-0.,-1.));
#6188 = ORIENTED_EDGE('',*,*,#6189,.F.);
#6189 = EDGE_CURVE('',#6141,#6182,#6190,.T.);
#6190 = CIRCLE('',#6191,2.5E-02);
#6191 = AXIS2_PLACEMENT_3D('',#6192,#6193,#6194);
#6192 = CARTESIAN_POINT('',(-0.925,0.799748117663,0.75));
#6193 = DIRECTION('',(-0.,0.,-1.));
#6194 = DIRECTION('',(-1.,0.,0.));
#6195 = CYLINDRICAL_SURFACE('',#6196,2.5E-02);
#6196 = AXIS2_PLACEMENT_3D('',#6197,#6198,#6199);
#6197 = CARTESIAN_POINT('',(-0.925,0.799748117663,1.15));
#6198 = DIRECTION('',(-0.,-0.,-1.));
#6199 = DIRECTION('',(-1.,0.,0.));
#6200 = ADVANCED_FACE('',(#6201),#6217,.F.);
#6201 = FACE_BOUND('',#6202,.T.);
#6202 = EDGE_LOOP('',(#6203,#6209,#6210,#6216));
#6203 = ORIENTED_EDGE('',*,*,#6204,.T.);
#6204 = EDGE_CURVE('',#6182,#5816,#6205,.T.);
#6205 = LINE('',#6206,#6207);
#6206 = CARTESIAN_POINT('',(-0.925,0.824748117663,0.75));
#6207 = VECTOR('',#6208,1.);
#6208 = DIRECTION('',(1.,0.,0.));
#6209 = ORIENTED_EDGE('',*,*,#5841,.F.);
#6210 = ORIENTED_EDGE('',*,*,#6211,.F.);
#6211 = EDGE_CURVE('',#6173,#5834,#6212,.T.);
#6212 = LINE('',#6213,#6214);
#6213 = CARTESIAN_POINT('',(-0.925,0.824748117663,1.15));
#6214 = VECTOR('',#6215,1.);
#6215 = DIRECTION('',(1.,0.,0.));
#6216 = ORIENTED_EDGE('',*,*,#6181,.T.);
#6217 = PLANE('',#6218);
#6218 = AXIS2_PLACEMENT_3D('',#6219,#6220,#6221);
#6219 = CARTESIAN_POINT('',(-0.925,0.824748117663,1.15));
#6220 = DIRECTION('',(0.,1.,0.));
#6221 = DIRECTION('',(0.,-0.,1.));
#6222 = ADVANCED_FACE('',(#6223),#6238,.F.);
#6223 = FACE_BOUND('',#6224,.T.);
#6224 = EDGE_LOOP('',(#6225,#6226,#6227,#6228,#6229,#6230,#6231,#6232,
    #6233,#6234,#6235,#6236,#6237));
#6225 = ORIENTED_EDGE('',*,*,#5833,.T.);
#6226 = ORIENTED_EDGE('',*,*,#5871,.T.);
#6227 = ORIENTED_EDGE('',*,*,#5902,.T.);
#6228 = ORIENTED_EDGE('',*,*,#5934,.T.);
#6229 = ORIENTED_EDGE('',*,*,#5966,.T.);
#6230 = ORIENTED_EDGE('',*,*,#5982,.T.);
#6231 = ORIENTED_EDGE('',*,*,#6030,.T.);
#6232 = ORIENTED_EDGE('',*,*,#6061,.T.);
#6233 = ORIENTED_EDGE('',*,*,#6092,.T.);
#6234 = ORIENTED_EDGE('',*,*,#6124,.T.);
#6235 = ORIENTED_EDGE('',*,*,#6156,.T.);
#6236 = ORIENTED_EDGE('',*,*,#6172,.T.);
#6237 = ORIENTED_EDGE('',*,*,#6211,.T.);
#6238 = PLANE('',#6239);
#6239 = AXIS2_PLACEMENT_3D('',#6240,#6241,#6242);
#6240 = CARTESIAN_POINT('',(-0.925,0.799748117663,1.15));
#6241 = DIRECTION('',(-0.,0.,-1.));
#6242 = DIRECTION('',(-1.,0.,0.));
#6243 = ADVANCED_FACE('',(#6244),#6259,.T.);
#6244 = FACE_BOUND('',#6245,.T.);
#6245 = EDGE_LOOP('',(#6246,#6247,#6248,#6249,#6250,#6251,#6252,#6253,
    #6254,#6255,#6256,#6257,#6258));
#6246 = ORIENTED_EDGE('',*,*,#5815,.F.);
#6247 = ORIENTED_EDGE('',*,*,#6204,.F.);
#6248 = ORIENTED_EDGE('',*,*,#6189,.F.);
#6249 = ORIENTED_EDGE('',*,*,#6140,.F.);
#6250 = ORIENTED_EDGE('',*,*,#6107,.F.);
#6251 = ORIENTED_EDGE('',*,*,#6076,.F.);
#6252 = ORIENTED_EDGE('',*,*,#6045,.F.);
#6253 = ORIENTED_EDGE('',*,*,#6014,.F.);
#6254 = ORIENTED_EDGE('',*,*,#5999,.F.);
#6255 = ORIENTED_EDGE('',*,*,#5950,.F.);
#6256 = ORIENTED_EDGE('',*,*,#5917,.F.);
#6257 = ORIENTED_EDGE('',*,*,#5886,.F.);
#6258 = ORIENTED_EDGE('',*,*,#5855,.F.);
#6259 = PLANE('',#6260);
#6260 = AXIS2_PLACEMENT_3D('',#6261,#6262,#6263);
#6261 = CARTESIAN_POINT('',(-0.925,0.799748117663,0.75));
#6262 = DIRECTION('',(-0.,0.,-1.));
#6263 = DIRECTION('',(-1.,0.,0.));
#6264 = MANIFOLD_SOLID_BREP('',#6265);
#6265 = CLOSED_SHELL('',(#6266,#6308,#6348,#6398,#6429,#6453,#6477,#6494
    ,#6516,#6533,#6550,#6562,#6580));
#6266 = ADVANCED_FACE('',(#6267),#6303,.F.);
#6267 = FACE_BOUND('',#6268,.F.);
#6268 = EDGE_LOOP('',(#6269,#6279,#6288,#6296));
#6269 = ORIENTED_EDGE('',*,*,#6270,.T.);
#6270 = EDGE_CURVE('',#6271,#6273,#6275,.T.);
#6271 = VERTEX_POINT('',#6272);
#6272 = CARTESIAN_POINT('',(-0.5,1.43,-1.0125));
#6273 = VERTEX_POINT('',#6274);
#6274 = CARTESIAN_POINT('',(-0.5,1.45,-1.0125));
#6275 = LINE('',#6276,#6277);
#6276 = CARTESIAN_POINT('',(-0.5,1.43,-1.0125));
#6277 = VECTOR('',#6278,1.);
#6278 = DIRECTION('',(-0.,1.,-0.));
#6279 = ORIENTED_EDGE('',*,*,#6280,.F.);
#6280 = EDGE_CURVE('',#6281,#6273,#6283,.T.);
#6281 = VERTEX_POINT('',#6282);
#6282 = CARTESIAN_POINT('',(-0.5,1.45,-1.2875));
#6283 = CIRCLE('',#6284,0.1375);
#6284 = AXIS2_PLACEMENT_3D('',#6285,#6286,#6287);
#6285 = CARTESIAN_POINT('',(-0.5,1.45,-1.15));
#6286 = DIRECTION('',(0.,1.,0.));
#6287 = DIRECTION('',(0.,-0.,1.));
#6288 = ORIENTED_EDGE('',*,*,#6289,.F.);
#6289 = EDGE_CURVE('',#6290,#6281,#6292,.T.);
#6290 = VERTEX_POINT('',#6291);
#6291 = CARTESIAN_POINT('',(-0.5,1.43,-1.2875));
#6292 = LINE('',#6293,#6294);
#6293 = CARTESIAN_POINT('',(-0.5,1.43,-1.2875));
#6294 = VECTOR('',#6295,1.);
#6295 = DIRECTION('',(-0.,1.,-0.));
#6296 = ORIENTED_EDGE('',*,*,#6297,.T.);
#6297 = EDGE_CURVE('',#6290,#6271,#6298,.T.);
#6298 = CIRCLE('',#6299,0.1375);
#6299 = AXIS2_PLACEMENT_3D('',#6300,#6301,#6302);
#6300 = CARTESIAN_POINT('',(-0.5,1.43,-1.15));
#6301 = DIRECTION('',(0.,1.,0.));
#6302 = DIRECTION('',(0.,-0.,1.));
#6303 = CYLINDRICAL_SURFACE('',#6304,0.1375);
#6304 = AXIS2_PLACEMENT_3D('',#6305,#6306,#6307);
#6305 = CARTESIAN_POINT('',(-0.5,1.43,-1.15));
#6306 = DIRECTION('',(-0.,1.,-0.));
#6307 = DIRECTION('',(0.,0.,1.));
#6308 = ADVANCED_FACE('',(#6309),#6343,.T.);
#6309 = FACE_BOUND('',#6310,.T.);
#6310 = EDGE_LOOP('',(#6311,#6321,#6329,#6337));
#6311 = ORIENTED_EDGE('',*,*,#6312,.T.);
#6312 = EDGE_CURVE('',#6313,#6315,#6317,.T.);
#6313 = VERTEX_POINT('',#6314);
#6314 = CARTESIAN_POINT('',(-0.701260626809,0.15,1.351260626809));
#6315 = VERTEX_POINT('',#6316);
#6316 = CARTESIAN_POINT('',(-0.701260626809,0.15,-1.351260626809));
#6317 = LINE('',#6318,#6319);
#6318 = CARTESIAN_POINT('',(-0.701260626809,0.15,-1.45));
#6319 = VECTOR('',#6320,1.);
#6320 = DIRECTION('',(0.,0.,-1.));
#6321 = ORIENTED_EDGE('',*,*,#6322,.T.);
#6322 = EDGE_CURVE('',#6315,#6323,#6325,.T.);
#6323 = VERTEX_POINT('',#6324);
#6324 = CARTESIAN_POINT('',(0.701260626809,0.15,-1.351260626809));
#6325 = LINE('',#6326,#6327);
#6326 = CARTESIAN_POINT('',(0.8,0.15,-1.351260626809));
#6327 = VECTOR('',#6328,1.);
#6328 = DIRECTION('',(1.,0.,-0.));
#6329 = ORIENTED_EDGE('',*,*,#6330,.T.);
#6330 = EDGE_CURVE('',#6323,#6331,#6333,.T.);
#6331 = VERTEX_POINT('',#6332);
#6332 = CARTESIAN_POINT('',(0.701260626809,0.15,1.351260626809));
#6333 = LINE('',#6334,#6335);
#6334 = CARTESIAN_POINT('',(0.701260626809,0.15,1.45));
#6335 = VECTOR('',#6336,1.);
#6336 = DIRECTION('',(0.,0.,1.));
#6337 = ORIENTED_EDGE('',*,*,#6338,.T.);
#6338 = EDGE_CURVE('',#6331,#6313,#6339,.T.);
#6339 = LINE('',#6340,#6341);
#6340 = CARTESIAN_POINT('',(-0.8,0.15,1.351260626809));
#6341 = VECTOR('',#6342,1.);
#6342 = DIRECTION('',(-1.,0.,0.));
#6343 = PLANE('',#6344);
#6344 = AXIS2_PLACEMENT_3D('',#6345,#6346,#6347);
#6345 = CARTESIAN_POINT('',(0.,0.15,0.));
#6346 = DIRECTION('',(0.,-1.,0.));
#6347 = DIRECTION('',(0.,-0.,-1.));
#6348 = ADVANCED_FACE('',(#6349,#6359),#6393,.T.);
#6349 = FACE_BOUND('',#6350,.T.);
#6350 = EDGE_LOOP('',(#6351,#6358));
#6351 = ORIENTED_EDGE('',*,*,#6352,.F.);
#6352 = EDGE_CURVE('',#6273,#6281,#6353,.T.);
#6353 = CIRCLE('',#6354,0.1375);
#6354 = AXIS2_PLACEMENT_3D('',#6355,#6356,#6357);
#6355 = CARTESIAN_POINT('',(-0.5,1.45,-1.15));
#6356 = DIRECTION('',(0.,1.,0.));
#6357 = DIRECTION('',(0.,-0.,1.));
#6358 = ORIENTED_EDGE('',*,*,#6280,.F.);
#6359 = FACE_BOUND('',#6360,.T.);
#6360 = EDGE_LOOP('',(#6361,#6371,#6379,#6387));
#6361 = ORIENTED_EDGE('',*,*,#6362,.T.);
#6362 = EDGE_CURVE('',#6363,#6365,#6367,.T.);
#6363 = VERTEX_POINT('',#6364);
#6364 = CARTESIAN_POINT('',(0.70302016061,1.45,-1.35302016061));
#6365 = VERTEX_POINT('',#6366);
#6366 = CARTESIAN_POINT('',(-0.70302016061,1.45,-1.35302016061));
#6367 = LINE('',#6368,#6369);
#6368 = CARTESIAN_POINT('',(-0.8,1.45,-1.35302016061));
#6369 = VECTOR('',#6370,1.);
#6370 = DIRECTION('',(-1.,0.,0.));
#6371 = ORIENTED_EDGE('',*,*,#6372,.T.);
#6372 = EDGE_CURVE('',#6365,#6373,#6375,.T.);
#6373 = VERTEX_POINT('',#6374);
#6374 = CARTESIAN_POINT('',(-0.70302016061,1.45,1.35302016061));
#6375 = LINE('',#6376,#6377);
#6376 = CARTESIAN_POINT('',(-0.70302016061,1.45,1.45));
#6377 = VECTOR('',#6378,1.);
#6378 = DIRECTION('',(0.,0.,1.));
#6379 = ORIENTED_EDGE('',*,*,#6380,.T.);
#6380 = EDGE_CURVE('',#6373,#6381,#6383,.T.);
#6381 = VERTEX_POINT('',#6382);
#6382 = CARTESIAN_POINT('',(0.70302016061,1.45,1.35302016061));
#6383 = LINE('',#6384,#6385);
#6384 = CARTESIAN_POINT('',(0.8,1.45,1.35302016061));
#6385 = VECTOR('',#6386,1.);
#6386 = DIRECTION('',(1.,0.,0.));
#6387 = ORIENTED_EDGE('',*,*,#6388,.T.);
#6388 = EDGE_CURVE('',#6381,#6363,#6389,.T.);
#6389 = LINE('',#6390,#6391);
#6390 = CARTESIAN_POINT('',(0.70302016061,1.45,-1.45));
#6391 = VECTOR('',#6392,1.);
#6392 = DIRECTION('',(0.,0.,-1.));
#6393 = PLANE('',#6394);
#6394 = AXIS2_PLACEMENT_3D('',#6395,#6396,#6397);
#6395 = CARTESIAN_POINT('',(0.,1.45,0.));
#6396 = DIRECTION('',(0.,1.,0.));
#6397 = DIRECTION('',(0.,-0.,1.));
#6398 = ADVANCED_FACE('',(#6399),#6424,.T.);
#6399 = FACE_BOUND('',#6400,.T.);
#6400 = EDGE_LOOP('',(#6401,#6409,#6417,#6423));
#6401 = ORIENTED_EDGE('',*,*,#6402,.F.);
#6402 = EDGE_CURVE('',#6403,#6381,#6405,.T.);
#6403 = VERTEX_POINT('',#6404);
#6404 = CARTESIAN_POINT('',(0.8,0.9,1.45));
#6405 = LINE('',#6406,#6407);
#6406 = CARTESIAN_POINT('',(0.682442015888,1.566704458043,1.332442015888
    ));
#6407 = VECTOR('',#6408,1.);
#6408 = DIRECTION('',(-0.171087869746,0.970287525248,-0.171087869746));
#6409 = ORIENTED_EDGE('',*,*,#6410,.F.);
#6410 = EDGE_CURVE('',#6411,#6403,#6413,.T.);
#6411 = VERTEX_POINT('',#6412);
#6412 = CARTESIAN_POINT('',(0.8,0.9,-1.45));
#6413 = LINE('',#6414,#6415);
#6414 = CARTESIAN_POINT('',(0.8,0.9,1.45));
#6415 = VECTOR('',#6416,1.);
#6416 = DIRECTION('',(0.,-0.,1.));
#6417 = ORIENTED_EDGE('',*,*,#6418,.F.);
#6418 = EDGE_CURVE('',#6363,#6411,#6419,.T.);
#6419 = LINE('',#6420,#6421);
#6420 = CARTESIAN_POINT('',(0.663415827425,1.674607334771,
    -1.313415827425));
#6421 = VECTOR('',#6422,1.);
#6422 = DIRECTION('',(0.171087869746,-0.970287525248,-0.171087869746));
#6423 = ORIENTED_EDGE('',*,*,#6388,.F.);
#6424 = PLANE('',#6425);
#6425 = AXIS2_PLACEMENT_3D('',#6426,#6427,#6428);
#6426 = CARTESIAN_POINT('',(0.70302016061,1.45,0.));
#6427 = DIRECTION('',(0.984807753012,0.173648177667,0.));
#6428 = DIRECTION('',(0.,-0.,1.));
#6429 = ADVANCED_FACE('',(#6430),#6448,.T.);
#6430 = FACE_BOUND('',#6431,.T.);
#6431 = EDGE_LOOP('',(#6432,#6433,#6441,#6447));
#6432 = ORIENTED_EDGE('',*,*,#6418,.T.);
#6433 = ORIENTED_EDGE('',*,*,#6434,.F.);
#6434 = EDGE_CURVE('',#6435,#6411,#6437,.T.);
#6435 = VERTEX_POINT('',#6436);
#6436 = CARTESIAN_POINT('',(-0.8,0.9,-1.45));
#6437 = LINE('',#6438,#6439);
#6438 = CARTESIAN_POINT('',(0.8,0.9,-1.45));
#6439 = VECTOR('',#6440,1.);
#6440 = DIRECTION('',(1.,0.,0.));
#6441 = ORIENTED_EDGE('',*,*,#6442,.F.);
#6442 = EDGE_CURVE('',#6365,#6435,#6443,.T.);
#6443 = LINE('',#6444,#6445);
#6444 = CARTESIAN_POINT('',(-0.682442015888,1.566704458043,
    -1.332442015888));
#6445 = VECTOR('',#6446,1.);
#6446 = DIRECTION('',(-0.171087869746,-0.970287525248,-0.171087869746));
#6447 = ORIENTED_EDGE('',*,*,#6362,.F.);
#6448 = PLANE('',#6449);
#6449 = AXIS2_PLACEMENT_3D('',#6450,#6451,#6452);
#6450 = CARTESIAN_POINT('',(0.,1.45,-1.35302016061));
#6451 = DIRECTION('',(0.,0.173648177667,-0.984807753012));
#6452 = DIRECTION('',(1.,0.,0.));
#6453 = ADVANCED_FACE('',(#6454),#6472,.T.);
#6454 = FACE_BOUND('',#6455,.T.);
#6455 = EDGE_LOOP('',(#6456,#6457,#6458,#6466));
#6456 = ORIENTED_EDGE('',*,*,#6402,.T.);
#6457 = ORIENTED_EDGE('',*,*,#6380,.F.);
#6458 = ORIENTED_EDGE('',*,*,#6459,.F.);
#6459 = EDGE_CURVE('',#6460,#6373,#6462,.T.);
#6460 = VERTEX_POINT('',#6461);
#6461 = CARTESIAN_POINT('',(-0.8,0.9,1.45));
#6462 = LINE('',#6463,#6464);
#6463 = CARTESIAN_POINT('',(-0.682442015888,1.566704458043,
    1.332442015888));
#6464 = VECTOR('',#6465,1.);
#6465 = DIRECTION('',(0.171087869746,0.970287525248,-0.171087869746));
#6466 = ORIENTED_EDGE('',*,*,#6467,.F.);
#6467 = EDGE_CURVE('',#6403,#6460,#6468,.T.);
#6468 = LINE('',#6469,#6470);
#6469 = CARTESIAN_POINT('',(-0.8,0.9,1.45));
#6470 = VECTOR('',#6471,1.);
#6471 = DIRECTION('',(-1.,0.,0.));
#6472 = PLANE('',#6473);
#6473 = AXIS2_PLACEMENT_3D('',#6474,#6475,#6476);
#6474 = CARTESIAN_POINT('',(0.,1.45,1.35302016061));
#6475 = DIRECTION('',(0.,0.173648177667,0.984807753012));
#6476 = DIRECTION('',(-1.,0.,0.));
#6477 = ADVANCED_FACE('',(#6478),#6489,.T.);
#6478 = FACE_BOUND('',#6479,.T.);
#6479 = EDGE_LOOP('',(#6480,#6481,#6487,#6488));
#6480 = ORIENTED_EDGE('',*,*,#6442,.T.);
#6481 = ORIENTED_EDGE('',*,*,#6482,.F.);
#6482 = EDGE_CURVE('',#6460,#6435,#6483,.T.);
#6483 = LINE('',#6484,#6485);
#6484 = CARTESIAN_POINT('',(-0.8,0.9,-1.45));
#6485 = VECTOR('',#6486,1.);
#6486 = DIRECTION('',(0.,0.,-1.));
#6487 = ORIENTED_EDGE('',*,*,#6459,.T.);
#6488 = ORIENTED_EDGE('',*,*,#6372,.F.);
#6489 = PLANE('',#6490);
#6490 = AXIS2_PLACEMENT_3D('',#6491,#6492,#6493);
#6491 = CARTESIAN_POINT('',(-0.70302016061,1.45,0.));
#6492 = DIRECTION('',(-0.984807753012,0.173648177667,0.));
#6493 = DIRECTION('',(0.,0.,-1.));
#6494 = ADVANCED_FACE('',(#6495),#6511,.T.);
#6495 = FACE_BOUND('',#6496,.T.);
#6496 = EDGE_LOOP('',(#6497,#6503,#6504,#6510));
#6497 = ORIENTED_EDGE('',*,*,#6498,.F.);
#6498 = EDGE_CURVE('',#6313,#6460,#6499,.T.);
#6499 = LINE('',#6500,#6501);
#6500 = CARTESIAN_POINT('',(-0.8,0.9,1.45));
#6501 = VECTOR('',#6502,1.);
#6502 = DIRECTION('',(-0.129428307996,0.98310560276,0.129428307996));
#6503 = ORIENTED_EDGE('',*,*,#6338,.F.);
#6504 = ORIENTED_EDGE('',*,*,#6505,.F.);
#6505 = EDGE_CURVE('',#6403,#6331,#6506,.T.);
#6506 = LINE('',#6507,#6508);
#6507 = CARTESIAN_POINT('',(0.8,0.9,1.45));
#6508 = VECTOR('',#6509,1.);
#6509 = DIRECTION('',(-0.129428307996,-0.98310560276,-0.129428307996));
#6510 = ORIENTED_EDGE('',*,*,#6467,.T.);
#6511 = PLANE('',#6512);
#6512 = AXIS2_PLACEMENT_3D('',#6513,#6514,#6515);
#6513 = CARTESIAN_POINT('',(-0.8,0.9,1.45));
#6514 = DIRECTION('',(0.,-0.13052619222,0.991444861374));
#6515 = DIRECTION('',(-1.,0.,0.));
#6516 = ADVANCED_FACE('',(#6517),#6528,.T.);
#6517 = FACE_BOUND('',#6518,.T.);
#6518 = EDGE_LOOP('',(#6519,#6520,#6521,#6527));
#6519 = ORIENTED_EDGE('',*,*,#6505,.T.);
#6520 = ORIENTED_EDGE('',*,*,#6330,.F.);
#6521 = ORIENTED_EDGE('',*,*,#6522,.F.);
#6522 = EDGE_CURVE('',#6411,#6323,#6523,.T.);
#6523 = LINE('',#6524,#6525);
#6524 = CARTESIAN_POINT('',(0.751420107959,0.530999085236,
    -1.401420107959));
#6525 = VECTOR('',#6526,1.);
#6526 = DIRECTION('',(-0.129428307996,-0.98310560276,0.129428307996));
#6527 = ORIENTED_EDGE('',*,*,#6410,.T.);
#6528 = PLANE('',#6529);
#6529 = AXIS2_PLACEMENT_3D('',#6530,#6531,#6532);
#6530 = CARTESIAN_POINT('',(0.8,0.9,1.45));
#6531 = DIRECTION('',(0.991444861374,-0.13052619222,0.));
#6532 = DIRECTION('',(0.,0.,1.));
#6533 = ADVANCED_FACE('',(#6534),#6545,.T.);
#6534 = FACE_BOUND('',#6535,.T.);
#6535 = EDGE_LOOP('',(#6536,#6537,#6538,#6544));
#6536 = ORIENTED_EDGE('',*,*,#6498,.T.);
#6537 = ORIENTED_EDGE('',*,*,#6482,.T.);
#6538 = ORIENTED_EDGE('',*,*,#6539,.F.);
#6539 = EDGE_CURVE('',#6315,#6435,#6540,.T.);
#6540 = LINE('',#6541,#6542);
#6541 = CARTESIAN_POINT('',(-0.751420107959,0.530999085236,
    -1.401420107959));
#6542 = VECTOR('',#6543,1.);
#6543 = DIRECTION('',(-0.129428307996,0.98310560276,-0.129428307996));
#6544 = ORIENTED_EDGE('',*,*,#6312,.F.);
#6545 = PLANE('',#6546);
#6546 = AXIS2_PLACEMENT_3D('',#6547,#6548,#6549);
#6547 = CARTESIAN_POINT('',(-0.8,0.9,1.45));
#6548 = DIRECTION('',(-0.991444861374,-0.13052619222,-0.));
#6549 = DIRECTION('',(0.,0.,-1.));
#6550 = ADVANCED_FACE('',(#6551),#6557,.T.);
#6551 = FACE_BOUND('',#6552,.T.);
#6552 = EDGE_LOOP('',(#6553,#6554,#6555,#6556));
#6553 = ORIENTED_EDGE('',*,*,#6522,.T.);
#6554 = ORIENTED_EDGE('',*,*,#6322,.F.);
#6555 = ORIENTED_EDGE('',*,*,#6539,.T.);
#6556 = ORIENTED_EDGE('',*,*,#6434,.T.);
#6557 = PLANE('',#6558);
#6558 = AXIS2_PLACEMENT_3D('',#6559,#6560,#6561);
#6559 = CARTESIAN_POINT('',(-0.8,0.9,-1.45));
#6560 = DIRECTION('',(0.,-0.13052619222,-0.991444861374));
#6561 = DIRECTION('',(1.,0.,0.));
#6562 = ADVANCED_FACE('',(#6563),#6575,.F.);
#6563 = FACE_BOUND('',#6564,.F.);
#6564 = EDGE_LOOP('',(#6565,#6566,#6567,#6574));
#6565 = ORIENTED_EDGE('',*,*,#6352,.F.);
#6566 = ORIENTED_EDGE('',*,*,#6270,.F.);
#6567 = ORIENTED_EDGE('',*,*,#6568,.T.);
#6568 = EDGE_CURVE('',#6271,#6290,#6569,.T.);
#6569 = CIRCLE('',#6570,0.1375);
#6570 = AXIS2_PLACEMENT_3D('',#6571,#6572,#6573);
#6571 = CARTESIAN_POINT('',(-0.5,1.43,-1.15));
#6572 = DIRECTION('',(0.,1.,0.));
#6573 = DIRECTION('',(0.,-0.,1.));
#6574 = ORIENTED_EDGE('',*,*,#6289,.T.);
#6575 = CYLINDRICAL_SURFACE('',#6576,0.1375);
#6576 = AXIS2_PLACEMENT_3D('',#6577,#6578,#6579);
#6577 = CARTESIAN_POINT('',(-0.5,1.43,-1.15));
#6578 = DIRECTION('',(-0.,1.,-0.));
#6579 = DIRECTION('',(0.,0.,1.));
#6580 = ADVANCED_FACE('',(#6581),#6585,.T.);
#6581 = FACE_BOUND('',#6582,.T.);
#6582 = EDGE_LOOP('',(#6583,#6584));
#6583 = ORIENTED_EDGE('',*,*,#6568,.T.);
#6584 = ORIENTED_EDGE('',*,*,#6297,.T.);
#6585 = PLANE('',#6586);
#6586 = AXIS2_PLACEMENT_3D('',#6587,#6588,#6589);
#6587 = CARTESIAN_POINT('',(-0.5,1.43,-1.15));
#6588 = DIRECTION('',(0.,1.,0.));
#6589 = DIRECTION('',(0.,-0.,1.));
#6590 = MANIFOLD_SOLID_BREP('',#6591);
#6591 = CLOSED_SHELL('',(#6592,#6634,#6658,#6668));
#6592 = ADVANCED_FACE('',(#6593),#6629,.T.);
#6593 = FACE_BOUND('',#6594,.T.);
#6594 = EDGE_LOOP('',(#6595,#6606,#6614,#6623));
#6595 = ORIENTED_EDGE('',*,*,#6596,.T.);
#6596 = EDGE_CURVE('',#6597,#6599,#6601,.T.);
#6597 = VERTEX_POINT('',#6598);
#6598 = CARTESIAN_POINT('',(-0.5,1.43,-1.0125));
#6599 = VERTEX_POINT('',#6600);
#6600 = CARTESIAN_POINT('',(-0.5,1.43,-1.2875));
#6601 = CIRCLE('',#6602,0.1375);
#6602 = AXIS2_PLACEMENT_3D('',#6603,#6604,#6605);
#6603 = CARTESIAN_POINT('',(-0.5,1.43,-1.15));
#6604 = DIRECTION('',(0.,1.,0.));
#6605 = DIRECTION('',(0.,-0.,1.));
#6606 = ORIENTED_EDGE('',*,*,#6607,.T.);
#6607 = EDGE_CURVE('',#6599,#6608,#6610,.T.);
#6608 = VERTEX_POINT('',#6609);
#6609 = CARTESIAN_POINT('',(-0.5,1.45,-1.2875));
#6610 = LINE('',#6611,#6612);
#6611 = CARTESIAN_POINT('',(-0.5,1.43,-1.2875));
#6612 = VECTOR('',#6613,1.);
#6613 = DIRECTION('',(0.,1.,0.));
#6614 = ORIENTED_EDGE('',*,*,#6615,.F.);
#6615 = EDGE_CURVE('',#6616,#6608,#6618,.T.);
#6616 = VERTEX_POINT('',#6617);
#6617 = CARTESIAN_POINT('',(-0.5,1.45,-1.0125));
#6618 = CIRCLE('',#6619,0.1375);
#6619 = AXIS2_PLACEMENT_3D('',#6620,#6621,#6622);
#6620 = CARTESIAN_POINT('',(-0.5,1.45,-1.15));
#6621 = DIRECTION('',(0.,1.,0.));
#6622 = DIRECTION('',(0.,-0.,1.));
#6623 = ORIENTED_EDGE('',*,*,#6624,.F.);
#6624 = EDGE_CURVE('',#6597,#6616,#6625,.T.);
#6625 = LINE('',#6626,#6627);
#6626 = CARTESIAN_POINT('',(-0.5,1.43,-1.0125));
#6627 = VECTOR('',#6628,1.);
#6628 = DIRECTION('',(0.,1.,0.));
#6629 = CYLINDRICAL_SURFACE('',#6630,0.1375);
#6630 = AXIS2_PLACEMENT_3D('',#6631,#6632,#6633);
#6631 = CARTESIAN_POINT('',(-0.5,1.43,-1.15));
#6632 = DIRECTION('',(0.,1.,0.));
#6633 = DIRECTION('',(0.,-0.,1.));
#6634 = ADVANCED_FACE('',(#6635),#6653,.T.);
#6635 = FACE_BOUND('',#6636,.T.);
#6636 = EDGE_LOOP('',(#6637,#6638,#6645,#6646));
#6637 = ORIENTED_EDGE('',*,*,#6607,.F.);
#6638 = ORIENTED_EDGE('',*,*,#6639,.T.);
#6639 = EDGE_CURVE('',#6599,#6597,#6640,.T.);
#6640 = CIRCLE('',#6641,0.1375);
#6641 = AXIS2_PLACEMENT_3D('',#6642,#6643,#6644);
#6642 = CARTESIAN_POINT('',(-0.5,1.43,-1.15));
#6643 = DIRECTION('',(0.,1.,0.));
#6644 = DIRECTION('',(0.,-0.,1.));
#6645 = ORIENTED_EDGE('',*,*,#6624,.T.);
#6646 = ORIENTED_EDGE('',*,*,#6647,.F.);
#6647 = EDGE_CURVE('',#6608,#6616,#6648,.T.);
#6648 = CIRCLE('',#6649,0.1375);
#6649 = AXIS2_PLACEMENT_3D('',#6650,#6651,#6652);
#6650 = CARTESIAN_POINT('',(-0.5,1.45,-1.15));
#6651 = DIRECTION('',(0.,1.,0.));
#6652 = DIRECTION('',(0.,-0.,1.));
#6653 = CYLINDRICAL_SURFACE('',#6654,0.1375);
#6654 = AXIS2_PLACEMENT_3D('',#6655,#6656,#6657);
#6655 = CARTESIAN_POINT('',(-0.5,1.43,-1.15));
#6656 = DIRECTION('',(0.,1.,0.));
#6657 = DIRECTION('',(0.,-0.,1.));
#6658 = ADVANCED_FACE('',(#6659),#6663,.F.);
#6659 = FACE_BOUND('',#6660,.T.);
#6660 = EDGE_LOOP('',(#6661,#6662));
#6661 = ORIENTED_EDGE('',*,*,#6596,.F.);
#6662 = ORIENTED_EDGE('',*,*,#6639,.F.);
#6663 = PLANE('',#6664);
#6664 = AXIS2_PLACEMENT_3D('',#6665,#6666,#6667);
#6665 = CARTESIAN_POINT('',(-0.5,1.43,-1.15));
#6666 = DIRECTION('',(0.,1.,0.));
#6667 = DIRECTION('',(0.,-0.,1.));
#6668 = ADVANCED_FACE('',(#6669),#6673,.T.);
#6669 = FACE_BOUND('',#6670,.T.);
#6670 = EDGE_LOOP('',(#6671,#6672));
#6671 = ORIENTED_EDGE('',*,*,#6615,.T.);
#6672 = ORIENTED_EDGE('',*,*,#6647,.T.);
#6673 = PLANE('',#6674);
#6674 = AXIS2_PLACEMENT_3D('',#6675,#6676,#6677);
#6675 = CARTESIAN_POINT('',(-0.5,1.45,-1.15));
#6676 = DIRECTION('',(0.,1.,0.));
#6677 = DIRECTION('',(0.,-0.,1.));
#6678 = MANIFOLD_SOLID_BREP('',#6679);
#6679 = CLOSED_SHELL('',(#6680,#6722,#6753,#6784,#6815,#6846,#6879,#6910
    ,#6943,#6974,#7005,#7036,#7069,#7091,#7112));
#6680 = ADVANCED_FACE('',(#6681),#6717,.T.);
#6681 = FACE_BOUND('',#6682,.T.);
#6682 = EDGE_LOOP('',(#6683,#6694,#6702,#6711));
#6683 = ORIENTED_EDGE('',*,*,#6684,.T.);
#6684 = EDGE_CURVE('',#6685,#6687,#6689,.T.);
#6685 = VERTEX_POINT('',#6686);
#6686 = CARTESIAN_POINT('',(1.1,0.799748117663,-1.15));
#6687 = VERTEX_POINT('',#6688);
#6688 = CARTESIAN_POINT('',(0.925,0.974748117663,-1.15));
#6689 = CIRCLE('',#6690,0.175);
#6690 = AXIS2_PLACEMENT_3D('',#6691,#6692,#6693);
#6691 = CARTESIAN_POINT('',(0.925,0.799748117663,-1.15));
#6692 = DIRECTION('',(0.,0.,1.));
#6693 = DIRECTION('',(-1.,0.,0.));
#6694 = ORIENTED_EDGE('',*,*,#6695,.F.);
#6695 = EDGE_CURVE('',#6696,#6687,#6698,.T.);
#6696 = VERTEX_POINT('',#6697);
#6697 = CARTESIAN_POINT('',(0.925,0.974748117663,-0.75));
#6698 = LINE('',#6699,#6700);
#6699 = CARTESIAN_POINT('',(0.925,0.974748117663,-0.75));
#6700 = VECTOR('',#6701,1.);
#6701 = DIRECTION('',(-0.,-0.,-1.));
#6702 = ORIENTED_EDGE('',*,*,#6703,.F.);
#6703 = EDGE_CURVE('',#6704,#6696,#6706,.T.);
#6704 = VERTEX_POINT('',#6705);
#6705 = CARTESIAN_POINT('',(1.1,0.799748117663,-0.75));
#6706 = CIRCLE('',#6707,0.175);
#6707 = AXIS2_PLACEMENT_3D('',#6708,#6709,#6710);
#6708 = CARTESIAN_POINT('',(0.925,0.799748117663,-0.75));
#6709 = DIRECTION('',(0.,0.,1.));
#6710 = DIRECTION('',(-1.,0.,0.));
#6711 = ORIENTED_EDGE('',*,*,#6712,.T.);
#6712 = EDGE_CURVE('',#6704,#6685,#6713,.T.);
#6713 = LINE('',#6714,#6715);
#6714 = CARTESIAN_POINT('',(1.1,0.799748117663,-0.75));
#6715 = VECTOR('',#6716,1.);
#6716 = DIRECTION('',(-0.,-0.,-1.));
#6717 = CYLINDRICAL_SURFACE('',#6718,0.175);
#6718 = AXIS2_PLACEMENT_3D('',#6719,#6720,#6721);
#6719 = CARTESIAN_POINT('',(0.925,0.799748117663,-0.75));
#6720 = DIRECTION('',(-0.,-0.,-1.));
#6721 = DIRECTION('',(-1.,0.,0.));
#6722 = ADVANCED_FACE('',(#6723),#6748,.F.);
#6723 = FACE_BOUND('',#6724,.T.);
#6724 = EDGE_LOOP('',(#6725,#6733,#6741,#6747));
#6725 = ORIENTED_EDGE('',*,*,#6726,.T.);
#6726 = EDGE_CURVE('',#6687,#6727,#6729,.T.);
#6727 = VERTEX_POINT('',#6728);
#6728 = CARTESIAN_POINT('',(0.786819890099,0.974748117663,-1.15));
#6729 = LINE('',#6730,#6731);
#6730 = CARTESIAN_POINT('',(0.786819890099,0.974748117663,-1.15));
#6731 = VECTOR('',#6732,1.);
#6732 = DIRECTION('',(-1.,-7.846296932758E-16,-0.));
#6733 = ORIENTED_EDGE('',*,*,#6734,.F.);
#6734 = EDGE_CURVE('',#6735,#6727,#6737,.T.);
#6735 = VERTEX_POINT('',#6736);
#6736 = CARTESIAN_POINT('',(0.786819890099,0.974748117663,-0.75));
#6737 = LINE('',#6738,#6739);
#6738 = CARTESIAN_POINT('',(0.786819890099,0.974748117663,-0.75));
#6739 = VECTOR('',#6740,1.);
#6740 = DIRECTION('',(-0.,-0.,-1.));
#6741 = ORIENTED_EDGE('',*,*,#6742,.F.);
#6742 = EDGE_CURVE('',#6696,#6735,#6743,.T.);
#6743 = LINE('',#6744,#6745);
#6744 = CARTESIAN_POINT('',(0.786819890099,0.974748117663,-0.75));
#6745 = VECTOR('',#6746,1.);
#6746 = DIRECTION('',(-1.,-7.846296932758E-16,-0.));
#6747 = ORIENTED_EDGE('',*,*,#6695,.T.);
#6748 = PLANE('',#6749);
#6749 = AXIS2_PLACEMENT_3D('',#6750,#6751,#6752);
#6750 = CARTESIAN_POINT('',(0.786819890099,0.974748117663,-0.75));
#6751 = DIRECTION('',(7.846296932758E-16,-1.,0.));
#6752 = DIRECTION('',(1.,7.846296932758E-16,0.));
#6753 = ADVANCED_FACE('',(#6754),#6779,.F.);
#6754 = FACE_BOUND('',#6755,.T.);
#6755 = EDGE_LOOP('',(#6756,#6764,#6772,#6778));
#6756 = ORIENTED_EDGE('',*,*,#6757,.T.);
#6757 = EDGE_CURVE('',#6727,#6758,#6760,.T.);
#6758 = VERTEX_POINT('',#6759);
#6759 = CARTESIAN_POINT('',(0.8,0.9,-1.15));
#6760 = LINE('',#6761,#6762);
#6761 = CARTESIAN_POINT('',(0.786819890099,0.974748117663,-1.15));
#6762 = VECTOR('',#6763,1.);
#6763 = DIRECTION('',(0.173648177667,-0.984807753012,0.));
#6764 = ORIENTED_EDGE('',*,*,#6765,.F.);
#6765 = EDGE_CURVE('',#6766,#6758,#6768,.T.);
#6766 = VERTEX_POINT('',#6767);
#6767 = CARTESIAN_POINT('',(0.8,0.9,-0.75));
#6768 = LINE('',#6769,#6770);
#6769 = CARTESIAN_POINT('',(0.8,0.9,-0.75));
#6770 = VECTOR('',#6771,1.);
#6771 = DIRECTION('',(-0.,-0.,-1.));
#6772 = ORIENTED_EDGE('',*,*,#6773,.F.);
#6773 = EDGE_CURVE('',#6735,#6766,#6774,.T.);
#6774 = LINE('',#6775,#6776);
#6775 = CARTESIAN_POINT('',(0.786819890099,0.974748117663,-0.75));
#6776 = VECTOR('',#6777,1.);
#6777 = DIRECTION('',(0.173648177667,-0.984807753012,0.));
#6778 = ORIENTED_EDGE('',*,*,#6734,.T.);
#6779 = PLANE('',#6780);
#6780 = AXIS2_PLACEMENT_3D('',#6781,#6782,#6783);
#6781 = CARTESIAN_POINT('',(0.786819890099,0.974748117663,-0.75));
#6782 = DIRECTION('',(0.984807753012,0.173648177667,-0.));
#6783 = DIRECTION('',(-0.173648177667,0.984807753012,0.));
#6784 = ADVANCED_FACE('',(#6785),#6810,.F.);
#6785 = FACE_BOUND('',#6786,.T.);
#6786 = EDGE_LOOP('',(#6787,#6795,#6803,#6809));
#6787 = ORIENTED_EDGE('',*,*,#6788,.T.);
#6788 = EDGE_CURVE('',#6758,#6789,#6791,.T.);
#6789 = VERTEX_POINT('',#6790);
#6790 = CARTESIAN_POINT('',(0.790092901742,0.824748117663,-1.15));
#6791 = LINE('',#6792,#6793);
#6792 = CARTESIAN_POINT('',(0.8,0.9,-1.15));
#6793 = VECTOR('',#6794,1.);
#6794 = DIRECTION('',(-0.13052619222,-0.991444861374,0.));
#6795 = ORIENTED_EDGE('',*,*,#6796,.F.);
#6796 = EDGE_CURVE('',#6797,#6789,#6799,.T.);
#6797 = VERTEX_POINT('',#6798);
#6798 = CARTESIAN_POINT('',(0.790092901742,0.824748117663,-0.75));
#6799 = LINE('',#6800,#6801);
#6800 = CARTESIAN_POINT('',(0.790092901742,0.824748117663,-0.75));
#6801 = VECTOR('',#6802,1.);
#6802 = DIRECTION('',(-0.,-0.,-1.));
#6803 = ORIENTED_EDGE('',*,*,#6804,.F.);
#6804 = EDGE_CURVE('',#6766,#6797,#6805,.T.);
#6805 = LINE('',#6806,#6807);
#6806 = CARTESIAN_POINT('',(0.8,0.9,-0.75));
#6807 = VECTOR('',#6808,1.);
#6808 = DIRECTION('',(-0.13052619222,-0.991444861374,0.));
#6809 = ORIENTED_EDGE('',*,*,#6765,.T.);
#6810 = PLANE('',#6811);
#6811 = AXIS2_PLACEMENT_3D('',#6812,#6813,#6814);
#6812 = CARTESIAN_POINT('',(0.8,0.9,-0.75));
#6813 = DIRECTION('',(0.991444861374,-0.13052619222,0.));
#6814 = DIRECTION('',(0.13052619222,0.991444861374,0.));
#6815 = ADVANCED_FACE('',(#6816),#6841,.F.);
#6816 = FACE_BOUND('',#6817,.T.);
#6817 = EDGE_LOOP('',(#6818,#6826,#6834,#6840));
#6818 = ORIENTED_EDGE('',*,*,#6819,.T.);
#6819 = EDGE_CURVE('',#6789,#6820,#6822,.T.);
#6820 = VERTEX_POINT('',#6821);
#6821 = CARTESIAN_POINT('',(0.925,0.824748117663,-1.15));
#6822 = LINE('',#6823,#6824);
#6823 = CARTESIAN_POINT('',(0.925,0.824748117663,-1.15));
#6824 = VECTOR('',#6825,1.);
#6825 = DIRECTION('',(1.,-0.,-0.));
#6826 = ORIENTED_EDGE('',*,*,#6827,.F.);
#6827 = EDGE_CURVE('',#6828,#6820,#6830,.T.);
#6828 = VERTEX_POINT('',#6829);
#6829 = CARTESIAN_POINT('',(0.925,0.824748117663,-0.75));
#6830 = LINE('',#6831,#6832);
#6831 = CARTESIAN_POINT('',(0.925,0.824748117663,-0.75));
#6832 = VECTOR('',#6833,1.);
#6833 = DIRECTION('',(-0.,-0.,-1.));
#6834 = ORIENTED_EDGE('',*,*,#6835,.F.);
#6835 = EDGE_CURVE('',#6797,#6828,#6836,.T.);
#6836 = LINE('',#6837,#6838);
#6837 = CARTESIAN_POINT('',(0.925,0.824748117663,-0.75));
#6838 = VECTOR('',#6839,1.);
#6839 = DIRECTION('',(1.,-0.,-0.));
#6840 = ORIENTED_EDGE('',*,*,#6796,.T.);
#6841 = PLANE('',#6842);
#6842 = AXIS2_PLACEMENT_3D('',#6843,#6844,#6845);
#6843 = CARTESIAN_POINT('',(0.925,0.824748117663,-0.75));
#6844 = DIRECTION('',(0.,1.,-0.));
#6845 = DIRECTION('',(0.,0.,1.));
#6846 = ADVANCED_FACE('',(#6847),#6874,.F.);
#6847 = FACE_BOUND('',#6848,.F.);
#6848 = EDGE_LOOP('',(#6849,#6850,#6859,#6867));
#6849 = ORIENTED_EDGE('',*,*,#6827,.F.);
#6850 = ORIENTED_EDGE('',*,*,#6851,.T.);
#6851 = EDGE_CURVE('',#6828,#6852,#6854,.T.);
#6852 = VERTEX_POINT('',#6853);
#6853 = CARTESIAN_POINT('',(0.95,0.799748117663,-0.75));
#6854 = CIRCLE('',#6855,2.5E-02);
#6855 = AXIS2_PLACEMENT_3D('',#6856,#6857,#6858);
#6856 = CARTESIAN_POINT('',(0.925,0.799748117663,-0.75));
#6857 = DIRECTION('',(0.,0.,-1.));
#6858 = DIRECTION('',(1.,0.,0.));
#6859 = ORIENTED_EDGE('',*,*,#6860,.T.);
#6860 = EDGE_CURVE('',#6852,#6861,#6863,.T.);
#6861 = VERTEX_POINT('',#6862);
#6862 = CARTESIAN_POINT('',(0.95,0.799748117663,-1.15));
#6863 = LINE('',#6864,#6865);
#6864 = CARTESIAN_POINT('',(0.95,0.799748117663,-0.75));
#6865 = VECTOR('',#6866,1.);
#6866 = DIRECTION('',(-0.,-0.,-1.));
#6867 = ORIENTED_EDGE('',*,*,#6868,.F.);
#6868 = EDGE_CURVE('',#6820,#6861,#6869,.T.);
#6869 = CIRCLE('',#6870,2.5E-02);
#6870 = AXIS2_PLACEMENT_3D('',#6871,#6872,#6873);
#6871 = CARTESIAN_POINT('',(0.925,0.799748117663,-1.15));
#6872 = DIRECTION('',(0.,0.,-1.));
#6873 = DIRECTION('',(1.,0.,0.));
#6874 = CYLINDRICAL_SURFACE('',#6875,2.5E-02);
#6875 = AXIS2_PLACEMENT_3D('',#6876,#6877,#6878);
#6876 = CARTESIAN_POINT('',(0.925,0.799748117663,-0.75));
#6877 = DIRECTION('',(-0.,-0.,-1.));
#6878 = DIRECTION('',(-1.,0.,0.));
#6879 = ADVANCED_FACE('',(#6880),#6905,.F.);
#6880 = FACE_BOUND('',#6881,.T.);
#6881 = EDGE_LOOP('',(#6882,#6890,#6898,#6904));
#6882 = ORIENTED_EDGE('',*,*,#6883,.T.);
#6883 = EDGE_CURVE('',#6861,#6884,#6886,.T.);
#6884 = VERTEX_POINT('',#6885);
#6885 = CARTESIAN_POINT('',(0.95,0.198584083122,-1.15));
#6886 = LINE('',#6887,#6888);
#6887 = CARTESIAN_POINT('',(0.95,0.198584083122,-1.15));
#6888 = VECTOR('',#6889,1.);
#6889 = DIRECTION('',(1.803504717832E-16,-1.,-0.));
#6890 = ORIENTED_EDGE('',*,*,#6891,.F.);
#6891 = EDGE_CURVE('',#6892,#6884,#6894,.T.);
#6892 = VERTEX_POINT('',#6893);
#6893 = CARTESIAN_POINT('',(0.95,0.198584083122,-0.75));
#6894 = LINE('',#6895,#6896);
#6895 = CARTESIAN_POINT('',(0.95,0.198584083122,-0.75));
#6896 = VECTOR('',#6897,1.);
#6897 = DIRECTION('',(-0.,-0.,-1.));
#6898 = ORIENTED_EDGE('',*,*,#6899,.F.);
#6899 = EDGE_CURVE('',#6852,#6892,#6900,.T.);
#6900 = LINE('',#6901,#6902);
#6901 = CARTESIAN_POINT('',(0.95,0.198584083122,-0.75));
#6902 = VECTOR('',#6903,1.);
#6903 = DIRECTION('',(1.803504717832E-16,-1.,-0.));
#6904 = ORIENTED_EDGE('',*,*,#6860,.T.);
#6905 = PLANE('',#6906);
#6906 = AXIS2_PLACEMENT_3D('',#6907,#6908,#6909);
#6907 = CARTESIAN_POINT('',(0.95,0.198584083122,-0.75));
#6908 = DIRECTION('',(1.,1.803504717832E-16,-0.));
#6909 = DIRECTION('',(-1.803504717832E-16,1.,0.));
#6910 = ADVANCED_FACE('',(#6911),#6938,.T.);
#6911 = FACE_BOUND('',#6912,.T.);
#6912 = EDGE_LOOP('',(#6913,#6922,#6930,#6937));
#6913 = ORIENTED_EDGE('',*,*,#6914,.T.);
#6914 = EDGE_CURVE('',#6884,#6915,#6917,.T.);
#6915 = VERTEX_POINT('',#6916);
#6916 = CARTESIAN_POINT('',(1.109747745019,2.425001095592E-02,-1.15));
#6917 = CIRCLE('',#6918,0.175);
#6918 = AXIS2_PLACEMENT_3D('',#6919,#6920,#6921);
#6919 = CARTESIAN_POINT('',(1.125,0.198584083122,-1.15));
#6920 = DIRECTION('',(0.,0.,1.));
#6921 = DIRECTION('',(-1.,0.,0.));
#6922 = ORIENTED_EDGE('',*,*,#6923,.F.);
#6923 = EDGE_CURVE('',#6924,#6915,#6926,.T.);
#6924 = VERTEX_POINT('',#6925);
#6925 = CARTESIAN_POINT('',(1.109747745019,2.425001095592E-02,-0.75));
#6926 = LINE('',#6927,#6928);
#6927 = CARTESIAN_POINT('',(1.109747745019,2.425001095592E-02,-0.75));
#6928 = VECTOR('',#6929,1.);
#6929 = DIRECTION('',(-0.,-0.,-1.));
#6930 = ORIENTED_EDGE('',*,*,#6931,.F.);
#6931 = EDGE_CURVE('',#6892,#6924,#6932,.T.);
#6932 = CIRCLE('',#6933,0.175);
#6933 = AXIS2_PLACEMENT_3D('',#6934,#6935,#6936);
#6934 = CARTESIAN_POINT('',(1.125,0.198584083122,-0.75));
#6935 = DIRECTION('',(0.,0.,1.));
#6936 = DIRECTION('',(-1.,0.,0.));
#6937 = ORIENTED_EDGE('',*,*,#6891,.T.);
#6938 = CYLINDRICAL_SURFACE('',#6939,0.175);
#6939 = AXIS2_PLACEMENT_3D('',#6940,#6941,#6942);
#6940 = CARTESIAN_POINT('',(1.125,0.198584083122,-0.75));
#6941 = DIRECTION('',(-0.,-0.,-1.));
#6942 = DIRECTION('',(-1.,0.,0.));
#6943 = ADVANCED_FACE('',(#6944),#6969,.F.);
#6944 = FACE_BOUND('',#6945,.T.);
#6945 = EDGE_LOOP('',(#6946,#6954,#6962,#6968));
#6946 = ORIENTED_EDGE('',*,*,#6947,.T.);
#6947 = EDGE_CURVE('',#6915,#6948,#6950,.T.);
#6948 = VERTEX_POINT('',#6949);
#6949 = CARTESIAN_POINT('',(1.386926638588,4.137649479116E-16,-1.15));
#6950 = LINE('',#6951,#6952);
#6951 = CARTESIAN_POINT('',(1.386926638588,4.137649479116E-16,-1.15));
#6952 = VECTOR('',#6953,1.);
#6953 = DIRECTION('',(0.996194698092,-8.715574274766E-02,-0.));
#6954 = ORIENTED_EDGE('',*,*,#6955,.F.);
#6955 = EDGE_CURVE('',#6956,#6948,#6958,.T.);
#6956 = VERTEX_POINT('',#6957);
#6957 = CARTESIAN_POINT('',(1.386926638588,4.137649479116E-16,-0.75));
#6958 = LINE('',#6959,#6960);
#6959 = CARTESIAN_POINT('',(1.386926638588,4.137649479116E-16,-0.75));
#6960 = VECTOR('',#6961,1.);
#6961 = DIRECTION('',(-0.,-0.,-1.));
#6962 = ORIENTED_EDGE('',*,*,#6963,.F.);
#6963 = EDGE_CURVE('',#6924,#6956,#6964,.T.);
#6964 = LINE('',#6965,#6966);
#6965 = CARTESIAN_POINT('',(1.386926638588,4.137649479116E-16,-0.75));
#6966 = VECTOR('',#6967,1.);
#6967 = DIRECTION('',(0.996194698092,-8.715574274766E-02,-0.));
#6968 = ORIENTED_EDGE('',*,*,#6923,.T.);
#6969 = PLANE('',#6970);
#6970 = AXIS2_PLACEMENT_3D('',#6971,#6972,#6973);
#6971 = CARTESIAN_POINT('',(1.386926638588,4.137649479116E-16,-0.75));
#6972 = DIRECTION('',(8.715574274766E-02,0.996194698092,-0.));
#6973 = DIRECTION('',(-0.996194698092,8.715574274766E-02,0.));
#6974 = ADVANCED_FACE('',(#6975),#7000,.F.);
#6975 = FACE_BOUND('',#6976,.T.);
#6976 = EDGE_LOOP('',(#6977,#6985,#6993,#6999));
#6977 = ORIENTED_EDGE('',*,*,#6978,.T.);
#6978 = EDGE_CURVE('',#6948,#6979,#6981,.T.);
#6979 = VERTEX_POINT('',#6980);
#6980 = CARTESIAN_POINT('',(1.4,0.149429204714,-1.15));
#6981 = LINE('',#6982,#6983);
#6982 = CARTESIAN_POINT('',(1.4,0.149429204714,-1.15));
#6983 = VECTOR('',#6984,1.);
#6984 = DIRECTION('',(8.715574274766E-02,0.996194698092,-0.));
#6985 = ORIENTED_EDGE('',*,*,#6986,.F.);
#6986 = EDGE_CURVE('',#6987,#6979,#6989,.T.);
#6987 = VERTEX_POINT('',#6988);
#6988 = CARTESIAN_POINT('',(1.4,0.149429204714,-0.75));
#6989 = LINE('',#6990,#6991);
#6990 = CARTESIAN_POINT('',(1.4,0.149429204714,-0.75));
#6991 = VECTOR('',#6992,1.);
#6992 = DIRECTION('',(-0.,-0.,-1.));
#6993 = ORIENTED_EDGE('',*,*,#6994,.F.);
#6994 = EDGE_CURVE('',#6956,#6987,#6995,.T.);
#6995 = LINE('',#6996,#6997);
#6996 = CARTESIAN_POINT('',(1.4,0.149429204714,-0.75));
#6997 = VECTOR('',#6998,1.);
#6998 = DIRECTION('',(8.715574274766E-02,0.996194698092,-0.));
#6999 = ORIENTED_EDGE('',*,*,#6955,.T.);
#7000 = PLANE('',#7001);
#7001 = AXIS2_PLACEMENT_3D('',#7002,#7003,#7004);
#7002 = CARTESIAN_POINT('',(1.4,0.149429204714,-0.75));
#7003 = DIRECTION('',(-0.996194698092,8.715574274766E-02,0.));
#7004 = DIRECTION('',(-8.715574274766E-02,-0.996194698092,0.));
#7005 = ADVANCED_FACE('',(#7006),#7031,.F.);
#7006 = FACE_BOUND('',#7007,.T.);
#7007 = EDGE_LOOP('',(#7008,#7016,#7024,#7030));
#7008 = ORIENTED_EDGE('',*,*,#7009,.T.);
#7009 = EDGE_CURVE('',#6979,#7010,#7012,.T.);
#7010 = VERTEX_POINT('',#7011);
#7011 = CARTESIAN_POINT('',(1.122821106431,0.17367921567,-1.15));
#7012 = LINE('',#7013,#7014);
#7013 = CARTESIAN_POINT('',(1.122821106431,0.17367921567,-1.15));
#7014 = VECTOR('',#7015,1.);
#7015 = DIRECTION('',(-0.996194698092,8.715574274766E-02,-0.));
#7016 = ORIENTED_EDGE('',*,*,#7017,.F.);
#7017 = EDGE_CURVE('',#7018,#7010,#7020,.T.);
#7018 = VERTEX_POINT('',#7019);
#7019 = CARTESIAN_POINT('',(1.122821106431,0.17367921567,-0.75));
#7020 = LINE('',#7021,#7022);
#7021 = CARTESIAN_POINT('',(1.122821106431,0.17367921567,-0.75));
#7022 = VECTOR('',#7023,1.);
#7023 = DIRECTION('',(-0.,-0.,-1.));
#7024 = ORIENTED_EDGE('',*,*,#7025,.F.);
#7025 = EDGE_CURVE('',#6987,#7018,#7026,.T.);
#7026 = LINE('',#7027,#7028);
#7027 = CARTESIAN_POINT('',(1.122821106431,0.17367921567,-0.75));
#7028 = VECTOR('',#7029,1.);
#7029 = DIRECTION('',(-0.996194698092,8.715574274766E-02,-0.));
#7030 = ORIENTED_EDGE('',*,*,#6986,.T.);
#7031 = PLANE('',#7032);
#7032 = AXIS2_PLACEMENT_3D('',#7033,#7034,#7035);
#7033 = CARTESIAN_POINT('',(1.122821106431,0.17367921567,-0.75));
#7034 = DIRECTION('',(-8.715574274766E-02,-0.996194698092,0.));
#7035 = DIRECTION('',(0.996194698092,-8.715574274766E-02,0.));
#7036 = ADVANCED_FACE('',(#7037),#7064,.F.);
#7037 = FACE_BOUND('',#7038,.F.);
#7038 = EDGE_LOOP('',(#7039,#7040,#7049,#7057));
#7039 = ORIENTED_EDGE('',*,*,#7017,.F.);
#7040 = ORIENTED_EDGE('',*,*,#7041,.T.);
#7041 = EDGE_CURVE('',#7018,#7042,#7044,.T.);
#7042 = VERTEX_POINT('',#7043);
#7043 = CARTESIAN_POINT('',(1.1,0.198584083122,-0.75));
#7044 = CIRCLE('',#7045,2.5E-02);
#7045 = AXIS2_PLACEMENT_3D('',#7046,#7047,#7048);
#7046 = CARTESIAN_POINT('',(1.125,0.198584083122,-0.75));
#7047 = DIRECTION('',(0.,0.,-1.));
#7048 = DIRECTION('',(1.,0.,0.));
#7049 = ORIENTED_EDGE('',*,*,#7050,.T.);
#7050 = EDGE_CURVE('',#7042,#7051,#7053,.T.);
#7051 = VERTEX_POINT('',#7052);
#7052 = CARTESIAN_POINT('',(1.1,0.198584083122,-1.15));
#7053 = LINE('',#7054,#7055);
#7054 = CARTESIAN_POINT('',(1.1,0.198584083122,-0.75));
#7055 = VECTOR('',#7056,1.);
#7056 = DIRECTION('',(-0.,-0.,-1.));
#7057 = ORIENTED_EDGE('',*,*,#7058,.F.);
#7058 = EDGE_CURVE('',#7010,#7051,#7059,.T.);
#7059 = CIRCLE('',#7060,2.5E-02);
#7060 = AXIS2_PLACEMENT_3D('',#7061,#7062,#7063);
#7061 = CARTESIAN_POINT('',(1.125,0.198584083122,-1.15));
#7062 = DIRECTION('',(0.,0.,-1.));
#7063 = DIRECTION('',(1.,0.,0.));
#7064 = CYLINDRICAL_SURFACE('',#7065,2.5E-02);
#7065 = AXIS2_PLACEMENT_3D('',#7066,#7067,#7068);
#7066 = CARTESIAN_POINT('',(1.125,0.198584083122,-0.75));
#7067 = DIRECTION('',(-0.,-0.,-1.));
#7068 = DIRECTION('',(-1.,0.,0.));
#7069 = ADVANCED_FACE('',(#7070),#7086,.F.);
#7070 = FACE_BOUND('',#7071,.T.);
#7071 = EDGE_LOOP('',(#7072,#7078,#7079,#7085));
#7072 = ORIENTED_EDGE('',*,*,#7073,.T.);
#7073 = EDGE_CURVE('',#7051,#6685,#7074,.T.);
#7074 = LINE('',#7075,#7076);
#7075 = CARTESIAN_POINT('',(1.1,0.799748117663,-1.15));
#7076 = VECTOR('',#7077,1.);
#7077 = DIRECTION('',(-7.214018871328E-16,1.,-0.));
#7078 = ORIENTED_EDGE('',*,*,#6712,.F.);
#7079 = ORIENTED_EDGE('',*,*,#7080,.F.);
#7080 = EDGE_CURVE('',#7042,#6704,#7081,.T.);
#7081 = LINE('',#7082,#7083);
#7082 = CARTESIAN_POINT('',(1.1,0.799748117663,-0.75));
#7083 = VECTOR('',#7084,1.);
#7084 = DIRECTION('',(-7.214018871328E-16,1.,-0.));
#7085 = ORIENTED_EDGE('',*,*,#7050,.T.);
#7086 = PLANE('',#7087);
#7087 = AXIS2_PLACEMENT_3D('',#7088,#7089,#7090);
#7088 = CARTESIAN_POINT('',(1.1,0.799748117663,-0.75));
#7089 = DIRECTION('',(-1.,-7.214018871328E-16,0.));
#7090 = DIRECTION('',(7.214018871328E-16,-1.,0.));
#7091 = ADVANCED_FACE('',(#7092),#7107,.F.);
#7092 = FACE_BOUND('',#7093,.T.);
#7093 = EDGE_LOOP('',(#7094,#7095,#7096,#7097,#7098,#7099,#7100,#7101,
    #7102,#7103,#7104,#7105,#7106));
#7094 = ORIENTED_EDGE('',*,*,#6703,.T.);
#7095 = ORIENTED_EDGE('',*,*,#6742,.T.);
#7096 = ORIENTED_EDGE('',*,*,#6773,.T.);
#7097 = ORIENTED_EDGE('',*,*,#6804,.T.);
#7098 = ORIENTED_EDGE('',*,*,#6835,.T.);
#7099 = ORIENTED_EDGE('',*,*,#6851,.T.);
#7100 = ORIENTED_EDGE('',*,*,#6899,.T.);
#7101 = ORIENTED_EDGE('',*,*,#6931,.T.);
#7102 = ORIENTED_EDGE('',*,*,#6963,.T.);
#7103 = ORIENTED_EDGE('',*,*,#6994,.T.);
#7104 = ORIENTED_EDGE('',*,*,#7025,.T.);
#7105 = ORIENTED_EDGE('',*,*,#7041,.T.);
#7106 = ORIENTED_EDGE('',*,*,#7080,.T.);
#7107 = PLANE('',#7108);
#7108 = AXIS2_PLACEMENT_3D('',#7109,#7110,#7111);
#7109 = CARTESIAN_POINT('',(0.925,0.799748117663,-0.75));
#7110 = DIRECTION('',(-0.,0.,-1.));
#7111 = DIRECTION('',(-1.,0.,0.));
#7112 = ADVANCED_FACE('',(#7113),#7128,.T.);
#7113 = FACE_BOUND('',#7114,.T.);
#7114 = EDGE_LOOP('',(#7115,#7116,#7117,#7118,#7119,#7120,#7121,#7122,
    #7123,#7124,#7125,#7126,#7127));
#7115 = ORIENTED_EDGE('',*,*,#6684,.F.);
#7116 = ORIENTED_EDGE('',*,*,#7073,.F.);
#7117 = ORIENTED_EDGE('',*,*,#7058,.F.);
#7118 = ORIENTED_EDGE('',*,*,#7009,.F.);
#7119 = ORIENTED_EDGE('',*,*,#6978,.F.);
#7120 = ORIENTED_EDGE('',*,*,#6947,.F.);
#7121 = ORIENTED_EDGE('',*,*,#6914,.F.);
#7122 = ORIENTED_EDGE('',*,*,#6883,.F.);
#7123 = ORIENTED_EDGE('',*,*,#6868,.F.);
#7124 = ORIENTED_EDGE('',*,*,#6819,.F.);
#7125 = ORIENTED_EDGE('',*,*,#6788,.F.);
#7126 = ORIENTED_EDGE('',*,*,#6757,.F.);
#7127 = ORIENTED_EDGE('',*,*,#6726,.F.);
#7128 = PLANE('',#7129);
#7129 = AXIS2_PLACEMENT_3D('',#7130,#7131,#7132);
#7130 = CARTESIAN_POINT('',(0.925,0.799748117663,-1.15));
#7131 = DIRECTION('',(-0.,0.,-1.));
#7132 = DIRECTION('',(-1.,0.,0.));
#7133 = MANIFOLD_SOLID_BREP('',#7134);
#7134 = CLOSED_SHELL('',(#7135,#7177,#7208,#7239,#7270,#7301,#7334,#7365
    ,#7398,#7429,#7460,#7491,#7524,#7546,#7567));
#7135 = ADVANCED_FACE('',(#7136),#7172,.T.);
#7136 = FACE_BOUND('',#7137,.T.);
#7137 = EDGE_LOOP('',(#7138,#7149,#7157,#7166));
#7138 = ORIENTED_EDGE('',*,*,#7139,.T.);
#7139 = EDGE_CURVE('',#7140,#7142,#7144,.T.);
#7140 = VERTEX_POINT('',#7141);
#7141 = CARTESIAN_POINT('',(1.1,0.799748117663,0.75));
#7142 = VERTEX_POINT('',#7143);
#7143 = CARTESIAN_POINT('',(0.925,0.974748117663,0.75));
#7144 = CIRCLE('',#7145,0.175);
#7145 = AXIS2_PLACEMENT_3D('',#7146,#7147,#7148);
#7146 = CARTESIAN_POINT('',(0.925,0.799748117663,0.75));
#7147 = DIRECTION('',(0.,0.,1.));
#7148 = DIRECTION('',(-1.,0.,0.));
#7149 = ORIENTED_EDGE('',*,*,#7150,.F.);
#7150 = EDGE_CURVE('',#7151,#7142,#7153,.T.);
#7151 = VERTEX_POINT('',#7152);
#7152 = CARTESIAN_POINT('',(0.925,0.974748117663,1.15));
#7153 = LINE('',#7154,#7155);
#7154 = CARTESIAN_POINT('',(0.925,0.974748117663,1.15));
#7155 = VECTOR('',#7156,1.);
#7156 = DIRECTION('',(-0.,-0.,-1.));
#7157 = ORIENTED_EDGE('',*,*,#7158,.F.);
#7158 = EDGE_CURVE('',#7159,#7151,#7161,.T.);
#7159 = VERTEX_POINT('',#7160);
#7160 = CARTESIAN_POINT('',(1.1,0.799748117663,1.15));
#7161 = CIRCLE('',#7162,0.175);
#7162 = AXIS2_PLACEMENT_3D('',#7163,#7164,#7165);
#7163 = CARTESIAN_POINT('',(0.925,0.799748117663,1.15));
#7164 = DIRECTION('',(0.,0.,1.));
#7165 = DIRECTION('',(-1.,0.,0.));
#7166 = ORIENTED_EDGE('',*,*,#7167,.T.);
#7167 = EDGE_CURVE('',#7159,#7140,#7168,.T.);
#7168 = LINE('',#7169,#7170);
#7169 = CARTESIAN_POINT('',(1.1,0.799748117663,1.15));
#7170 = VECTOR('',#7171,1.);
#7171 = DIRECTION('',(-0.,-0.,-1.));
#7172 = CYLINDRICAL_SURFACE('',#7173,0.175);
#7173 = AXIS2_PLACEMENT_3D('',#7174,#7175,#7176);
#7174 = CARTESIAN_POINT('',(0.925,0.799748117663,1.15));
#7175 = DIRECTION('',(-0.,-0.,-1.));
#7176 = DIRECTION('',(-1.,0.,0.));
#7177 = ADVANCED_FACE('',(#7178),#7203,.F.);
#7178 = FACE_BOUND('',#7179,.T.);
#7179 = EDGE_LOOP('',(#7180,#7188,#7196,#7202));
#7180 = ORIENTED_EDGE('',*,*,#7181,.T.);
#7181 = EDGE_CURVE('',#7142,#7182,#7184,.T.);
#7182 = VERTEX_POINT('',#7183);
#7183 = CARTESIAN_POINT('',(0.786819890099,0.974748117663,0.75));
#7184 = LINE('',#7185,#7186);
#7185 = CARTESIAN_POINT('',(0.786819890099,0.974748117663,0.75));
#7186 = VECTOR('',#7187,1.);
#7187 = DIRECTION('',(-1.,-7.846296932758E-16,-0.));
#7188 = ORIENTED_EDGE('',*,*,#7189,.F.);
#7189 = EDGE_CURVE('',#7190,#7182,#7192,.T.);
#7190 = VERTEX_POINT('',#7191);
#7191 = CARTESIAN_POINT('',(0.786819890099,0.974748117663,1.15));
#7192 = LINE('',#7193,#7194);
#7193 = CARTESIAN_POINT('',(0.786819890099,0.974748117663,1.15));
#7194 = VECTOR('',#7195,1.);
#7195 = DIRECTION('',(-0.,-0.,-1.));
#7196 = ORIENTED_EDGE('',*,*,#7197,.F.);
#7197 = EDGE_CURVE('',#7151,#7190,#7198,.T.);
#7198 = LINE('',#7199,#7200);
#7199 = CARTESIAN_POINT('',(0.786819890099,0.974748117663,1.15));
#7200 = VECTOR('',#7201,1.);
#7201 = DIRECTION('',(-1.,-7.846296932758E-16,-0.));
#7202 = ORIENTED_EDGE('',*,*,#7150,.T.);
#7203 = PLANE('',#7204);
#7204 = AXIS2_PLACEMENT_3D('',#7205,#7206,#7207);
#7205 = CARTESIAN_POINT('',(0.786819890099,0.974748117663,1.15));
#7206 = DIRECTION('',(7.846296932758E-16,-1.,0.));
#7207 = DIRECTION('',(1.,7.846296932758E-16,0.));
#7208 = ADVANCED_FACE('',(#7209),#7234,.F.);
#7209 = FACE_BOUND('',#7210,.T.);
#7210 = EDGE_LOOP('',(#7211,#7219,#7227,#7233));
#7211 = ORIENTED_EDGE('',*,*,#7212,.T.);
#7212 = EDGE_CURVE('',#7182,#7213,#7215,.T.);
#7213 = VERTEX_POINT('',#7214);
#7214 = CARTESIAN_POINT('',(0.8,0.9,0.75));
#7215 = LINE('',#7216,#7217);
#7216 = CARTESIAN_POINT('',(0.786819890099,0.974748117663,0.75));
#7217 = VECTOR('',#7218,1.);
#7218 = DIRECTION('',(0.173648177667,-0.984807753012,0.));
#7219 = ORIENTED_EDGE('',*,*,#7220,.F.);
#7220 = EDGE_CURVE('',#7221,#7213,#7223,.T.);
#7221 = VERTEX_POINT('',#7222);
#7222 = CARTESIAN_POINT('',(0.8,0.9,1.15));
#7223 = LINE('',#7224,#7225);
#7224 = CARTESIAN_POINT('',(0.8,0.9,1.15));
#7225 = VECTOR('',#7226,1.);
#7226 = DIRECTION('',(-0.,-0.,-1.));
#7227 = ORIENTED_EDGE('',*,*,#7228,.F.);
#7228 = EDGE_CURVE('',#7190,#7221,#7229,.T.);
#7229 = LINE('',#7230,#7231);
#7230 = CARTESIAN_POINT('',(0.786819890099,0.974748117663,1.15));
#7231 = VECTOR('',#7232,1.);
#7232 = DIRECTION('',(0.173648177667,-0.984807753012,0.));
#7233 = ORIENTED_EDGE('',*,*,#7189,.T.);
#7234 = PLANE('',#7235);
#7235 = AXIS2_PLACEMENT_3D('',#7236,#7237,#7238);
#7236 = CARTESIAN_POINT('',(0.786819890099,0.974748117663,1.15));
#7237 = DIRECTION('',(0.984807753012,0.173648177667,-0.));
#7238 = DIRECTION('',(-0.173648177667,0.984807753012,0.));
#7239 = ADVANCED_FACE('',(#7240),#7265,.F.);
#7240 = FACE_BOUND('',#7241,.T.);
#7241 = EDGE_LOOP('',(#7242,#7250,#7258,#7264));
#7242 = ORIENTED_EDGE('',*,*,#7243,.T.);
#7243 = EDGE_CURVE('',#7213,#7244,#7246,.T.);
#7244 = VERTEX_POINT('',#7245);
#7245 = CARTESIAN_POINT('',(0.790092901742,0.824748117663,0.75));
#7246 = LINE('',#7247,#7248);
#7247 = CARTESIAN_POINT('',(0.8,0.9,0.75));
#7248 = VECTOR('',#7249,1.);
#7249 = DIRECTION('',(-0.13052619222,-0.991444861374,0.));
#7250 = ORIENTED_EDGE('',*,*,#7251,.F.);
#7251 = EDGE_CURVE('',#7252,#7244,#7254,.T.);
#7252 = VERTEX_POINT('',#7253);
#7253 = CARTESIAN_POINT('',(0.790092901742,0.824748117663,1.15));
#7254 = LINE('',#7255,#7256);
#7255 = CARTESIAN_POINT('',(0.790092901742,0.824748117663,1.15));
#7256 = VECTOR('',#7257,1.);
#7257 = DIRECTION('',(-0.,-0.,-1.));
#7258 = ORIENTED_EDGE('',*,*,#7259,.F.);
#7259 = EDGE_CURVE('',#7221,#7252,#7260,.T.);
#7260 = LINE('',#7261,#7262);
#7261 = CARTESIAN_POINT('',(0.8,0.9,1.15));
#7262 = VECTOR('',#7263,1.);
#7263 = DIRECTION('',(-0.13052619222,-0.991444861374,0.));
#7264 = ORIENTED_EDGE('',*,*,#7220,.T.);
#7265 = PLANE('',#7266);
#7266 = AXIS2_PLACEMENT_3D('',#7267,#7268,#7269);
#7267 = CARTESIAN_POINT('',(0.8,0.9,1.15));
#7268 = DIRECTION('',(0.991444861374,-0.13052619222,0.));
#7269 = DIRECTION('',(0.13052619222,0.991444861374,0.));
#7270 = ADVANCED_FACE('',(#7271),#7296,.F.);
#7271 = FACE_BOUND('',#7272,.T.);
#7272 = EDGE_LOOP('',(#7273,#7281,#7289,#7295));
#7273 = ORIENTED_EDGE('',*,*,#7274,.T.);
#7274 = EDGE_CURVE('',#7244,#7275,#7277,.T.);
#7275 = VERTEX_POINT('',#7276);
#7276 = CARTESIAN_POINT('',(0.925,0.824748117663,0.75));
#7277 = LINE('',#7278,#7279);
#7278 = CARTESIAN_POINT('',(0.925,0.824748117663,0.75));
#7279 = VECTOR('',#7280,1.);
#7280 = DIRECTION('',(1.,-0.,-0.));
#7281 = ORIENTED_EDGE('',*,*,#7282,.F.);
#7282 = EDGE_CURVE('',#7283,#7275,#7285,.T.);
#7283 = VERTEX_POINT('',#7284);
#7284 = CARTESIAN_POINT('',(0.925,0.824748117663,1.15));
#7285 = LINE('',#7286,#7287);
#7286 = CARTESIAN_POINT('',(0.925,0.824748117663,1.15));
#7287 = VECTOR('',#7288,1.);
#7288 = DIRECTION('',(-0.,-0.,-1.));
#7289 = ORIENTED_EDGE('',*,*,#7290,.F.);
#7290 = EDGE_CURVE('',#7252,#7283,#7291,.T.);
#7291 = LINE('',#7292,#7293);
#7292 = CARTESIAN_POINT('',(0.925,0.824748117663,1.15));
#7293 = VECTOR('',#7294,1.);
#7294 = DIRECTION('',(1.,-0.,-0.));
#7295 = ORIENTED_EDGE('',*,*,#7251,.T.);
#7296 = PLANE('',#7297);
#7297 = AXIS2_PLACEMENT_3D('',#7298,#7299,#7300);
#7298 = CARTESIAN_POINT('',(0.925,0.824748117663,1.15));
#7299 = DIRECTION('',(0.,1.,-0.));
#7300 = DIRECTION('',(0.,0.,1.));
#7301 = ADVANCED_FACE('',(#7302),#7329,.F.);
#7302 = FACE_BOUND('',#7303,.F.);
#7303 = EDGE_LOOP('',(#7304,#7305,#7314,#7322));
#7304 = ORIENTED_EDGE('',*,*,#7282,.F.);
#7305 = ORIENTED_EDGE('',*,*,#7306,.T.);
#7306 = EDGE_CURVE('',#7283,#7307,#7309,.T.);
#7307 = VERTEX_POINT('',#7308);
#7308 = CARTESIAN_POINT('',(0.95,0.799748117663,1.15));
#7309 = CIRCLE('',#7310,2.5E-02);
#7310 = AXIS2_PLACEMENT_3D('',#7311,#7312,#7313);
#7311 = CARTESIAN_POINT('',(0.925,0.799748117663,1.15));
#7312 = DIRECTION('',(0.,0.,-1.));
#7313 = DIRECTION('',(1.,0.,0.));
#7314 = ORIENTED_EDGE('',*,*,#7315,.T.);
#7315 = EDGE_CURVE('',#7307,#7316,#7318,.T.);
#7316 = VERTEX_POINT('',#7317);
#7317 = CARTESIAN_POINT('',(0.95,0.799748117663,0.75));
#7318 = LINE('',#7319,#7320);
#7319 = CARTESIAN_POINT('',(0.95,0.799748117663,1.15));
#7320 = VECTOR('',#7321,1.);
#7321 = DIRECTION('',(-0.,-0.,-1.));
#7322 = ORIENTED_EDGE('',*,*,#7323,.F.);
#7323 = EDGE_CURVE('',#7275,#7316,#7324,.T.);
#7324 = CIRCLE('',#7325,2.5E-02);
#7325 = AXIS2_PLACEMENT_3D('',#7326,#7327,#7328);
#7326 = CARTESIAN_POINT('',(0.925,0.799748117663,0.75));
#7327 = DIRECTION('',(0.,0.,-1.));
#7328 = DIRECTION('',(1.,0.,0.));
#7329 = CYLINDRICAL_SURFACE('',#7330,2.5E-02);
#7330 = AXIS2_PLACEMENT_3D('',#7331,#7332,#7333);
#7331 = CARTESIAN_POINT('',(0.925,0.799748117663,1.15));
#7332 = DIRECTION('',(-0.,-0.,-1.));
#7333 = DIRECTION('',(-1.,0.,0.));
#7334 = ADVANCED_FACE('',(#7335),#7360,.F.);
#7335 = FACE_BOUND('',#7336,.T.);
#7336 = EDGE_LOOP('',(#7337,#7345,#7353,#7359));
#7337 = ORIENTED_EDGE('',*,*,#7338,.T.);
#7338 = EDGE_CURVE('',#7316,#7339,#7341,.T.);
#7339 = VERTEX_POINT('',#7340);
#7340 = CARTESIAN_POINT('',(0.95,0.198584083122,0.75));
#7341 = LINE('',#7342,#7343);
#7342 = CARTESIAN_POINT('',(0.95,0.198584083122,0.75));
#7343 = VECTOR('',#7344,1.);
#7344 = DIRECTION('',(1.803504717832E-16,-1.,-0.));
#7345 = ORIENTED_EDGE('',*,*,#7346,.F.);
#7346 = EDGE_CURVE('',#7347,#7339,#7349,.T.);
#7347 = VERTEX_POINT('',#7348);
#7348 = CARTESIAN_POINT('',(0.95,0.198584083122,1.15));
#7349 = LINE('',#7350,#7351);
#7350 = CARTESIAN_POINT('',(0.95,0.198584083122,1.15));
#7351 = VECTOR('',#7352,1.);
#7352 = DIRECTION('',(-0.,-0.,-1.));
#7353 = ORIENTED_EDGE('',*,*,#7354,.F.);
#7354 = EDGE_CURVE('',#7307,#7347,#7355,.T.);
#7355 = LINE('',#7356,#7357);
#7356 = CARTESIAN_POINT('',(0.95,0.198584083122,1.15));
#7357 = VECTOR('',#7358,1.);
#7358 = DIRECTION('',(1.803504717832E-16,-1.,-0.));
#7359 = ORIENTED_EDGE('',*,*,#7315,.T.);
#7360 = PLANE('',#7361);
#7361 = AXIS2_PLACEMENT_3D('',#7362,#7363,#7364);
#7362 = CARTESIAN_POINT('',(0.95,0.198584083122,1.15));
#7363 = DIRECTION('',(1.,1.803504717832E-16,-0.));
#7364 = DIRECTION('',(-1.803504717832E-16,1.,0.));
#7365 = ADVANCED_FACE('',(#7366),#7393,.T.);
#7366 = FACE_BOUND('',#7367,.T.);
#7367 = EDGE_LOOP('',(#7368,#7377,#7385,#7392));
#7368 = ORIENTED_EDGE('',*,*,#7369,.T.);
#7369 = EDGE_CURVE('',#7339,#7370,#7372,.T.);
#7370 = VERTEX_POINT('',#7371);
#7371 = CARTESIAN_POINT('',(1.109747745019,2.425001095592E-02,0.75));
#7372 = CIRCLE('',#7373,0.175);
#7373 = AXIS2_PLACEMENT_3D('',#7374,#7375,#7376);
#7374 = CARTESIAN_POINT('',(1.125,0.198584083122,0.75));
#7375 = DIRECTION('',(0.,0.,1.));
#7376 = DIRECTION('',(-1.,0.,0.));
#7377 = ORIENTED_EDGE('',*,*,#7378,.F.);
#7378 = EDGE_CURVE('',#7379,#7370,#7381,.T.);
#7379 = VERTEX_POINT('',#7380);
#7380 = CARTESIAN_POINT('',(1.109747745019,2.425001095592E-02,1.15));
#7381 = LINE('',#7382,#7383);
#7382 = CARTESIAN_POINT('',(1.109747745019,2.425001095592E-02,1.15));
#7383 = VECTOR('',#7384,1.);
#7384 = DIRECTION('',(-0.,-0.,-1.));
#7385 = ORIENTED_EDGE('',*,*,#7386,.F.);
#7386 = EDGE_CURVE('',#7347,#7379,#7387,.T.);
#7387 = CIRCLE('',#7388,0.175);
#7388 = AXIS2_PLACEMENT_3D('',#7389,#7390,#7391);
#7389 = CARTESIAN_POINT('',(1.125,0.198584083122,1.15));
#7390 = DIRECTION('',(0.,0.,1.));
#7391 = DIRECTION('',(-1.,0.,0.));
#7392 = ORIENTED_EDGE('',*,*,#7346,.T.);
#7393 = CYLINDRICAL_SURFACE('',#7394,0.175);
#7394 = AXIS2_PLACEMENT_3D('',#7395,#7396,#7397);
#7395 = CARTESIAN_POINT('',(1.125,0.198584083122,1.15));
#7396 = DIRECTION('',(-0.,-0.,-1.));
#7397 = DIRECTION('',(-1.,0.,0.));
#7398 = ADVANCED_FACE('',(#7399),#7424,.F.);
#7399 = FACE_BOUND('',#7400,.T.);
#7400 = EDGE_LOOP('',(#7401,#7409,#7417,#7423));
#7401 = ORIENTED_EDGE('',*,*,#7402,.T.);
#7402 = EDGE_CURVE('',#7370,#7403,#7405,.T.);
#7403 = VERTEX_POINT('',#7404);
#7404 = CARTESIAN_POINT('',(1.386926638588,4.137649479116E-16,0.75));
#7405 = LINE('',#7406,#7407);
#7406 = CARTESIAN_POINT('',(1.386926638588,4.137649479116E-16,0.75));
#7407 = VECTOR('',#7408,1.);
#7408 = DIRECTION('',(0.996194698092,-8.715574274766E-02,-0.));
#7409 = ORIENTED_EDGE('',*,*,#7410,.F.);
#7410 = EDGE_CURVE('',#7411,#7403,#7413,.T.);
#7411 = VERTEX_POINT('',#7412);
#7412 = CARTESIAN_POINT('',(1.386926638588,4.137649479116E-16,1.15));
#7413 = LINE('',#7414,#7415);
#7414 = CARTESIAN_POINT('',(1.386926638588,4.137649479116E-16,1.15));
#7415 = VECTOR('',#7416,1.);
#7416 = DIRECTION('',(-0.,-0.,-1.));
#7417 = ORIENTED_EDGE('',*,*,#7418,.F.);
#7418 = EDGE_CURVE('',#7379,#7411,#7419,.T.);
#7419 = LINE('',#7420,#7421);
#7420 = CARTESIAN_POINT('',(1.386926638588,4.137649479116E-16,1.15));
#7421 = VECTOR('',#7422,1.);
#7422 = DIRECTION('',(0.996194698092,-8.715574274766E-02,-0.));
#7423 = ORIENTED_EDGE('',*,*,#7378,.T.);
#7424 = PLANE('',#7425);
#7425 = AXIS2_PLACEMENT_3D('',#7426,#7427,#7428);
#7426 = CARTESIAN_POINT('',(1.386926638588,4.137649479116E-16,1.15));
#7427 = DIRECTION('',(8.715574274766E-02,0.996194698092,-0.));
#7428 = DIRECTION('',(-0.996194698092,8.715574274766E-02,0.));
#7429 = ADVANCED_FACE('',(#7430),#7455,.F.);
#7430 = FACE_BOUND('',#7431,.T.);
#7431 = EDGE_LOOP('',(#7432,#7440,#7448,#7454));
#7432 = ORIENTED_EDGE('',*,*,#7433,.T.);
#7433 = EDGE_CURVE('',#7403,#7434,#7436,.T.);
#7434 = VERTEX_POINT('',#7435);
#7435 = CARTESIAN_POINT('',(1.4,0.149429204714,0.75));
#7436 = LINE('',#7437,#7438);
#7437 = CARTESIAN_POINT('',(1.4,0.149429204714,0.75));
#7438 = VECTOR('',#7439,1.);
#7439 = DIRECTION('',(8.715574274766E-02,0.996194698092,-0.));
#7440 = ORIENTED_EDGE('',*,*,#7441,.F.);
#7441 = EDGE_CURVE('',#7442,#7434,#7444,.T.);
#7442 = VERTEX_POINT('',#7443);
#7443 = CARTESIAN_POINT('',(1.4,0.149429204714,1.15));
#7444 = LINE('',#7445,#7446);
#7445 = CARTESIAN_POINT('',(1.4,0.149429204714,1.15));
#7446 = VECTOR('',#7447,1.);
#7447 = DIRECTION('',(-0.,-0.,-1.));
#7448 = ORIENTED_EDGE('',*,*,#7449,.F.);
#7449 = EDGE_CURVE('',#7411,#7442,#7450,.T.);
#7450 = LINE('',#7451,#7452);
#7451 = CARTESIAN_POINT('',(1.4,0.149429204714,1.15));
#7452 = VECTOR('',#7453,1.);
#7453 = DIRECTION('',(8.715574274766E-02,0.996194698092,-0.));
#7454 = ORIENTED_EDGE('',*,*,#7410,.T.);
#7455 = PLANE('',#7456);
#7456 = AXIS2_PLACEMENT_3D('',#7457,#7458,#7459);
#7457 = CARTESIAN_POINT('',(1.4,0.149429204714,1.15));
#7458 = DIRECTION('',(-0.996194698092,8.715574274766E-02,0.));
#7459 = DIRECTION('',(-8.715574274766E-02,-0.996194698092,0.));
#7460 = ADVANCED_FACE('',(#7461),#7486,.F.);
#7461 = FACE_BOUND('',#7462,.T.);
#7462 = EDGE_LOOP('',(#7463,#7471,#7479,#7485));
#7463 = ORIENTED_EDGE('',*,*,#7464,.T.);
#7464 = EDGE_CURVE('',#7434,#7465,#7467,.T.);
#7465 = VERTEX_POINT('',#7466);
#7466 = CARTESIAN_POINT('',(1.122821106431,0.17367921567,0.75));
#7467 = LINE('',#7468,#7469);
#7468 = CARTESIAN_POINT('',(1.122821106431,0.17367921567,0.75));
#7469 = VECTOR('',#7470,1.);
#7470 = DIRECTION('',(-0.996194698092,8.715574274766E-02,-0.));
#7471 = ORIENTED_EDGE('',*,*,#7472,.F.);
#7472 = EDGE_CURVE('',#7473,#7465,#7475,.T.);
#7473 = VERTEX_POINT('',#7474);
#7474 = CARTESIAN_POINT('',(1.122821106431,0.17367921567,1.15));
#7475 = LINE('',#7476,#7477);
#7476 = CARTESIAN_POINT('',(1.122821106431,0.17367921567,1.15));
#7477 = VECTOR('',#7478,1.);
#7478 = DIRECTION('',(-0.,-0.,-1.));
#7479 = ORIENTED_EDGE('',*,*,#7480,.F.);
#7480 = EDGE_CURVE('',#7442,#7473,#7481,.T.);
#7481 = LINE('',#7482,#7483);
#7482 = CARTESIAN_POINT('',(1.122821106431,0.17367921567,1.15));
#7483 = VECTOR('',#7484,1.);
#7484 = DIRECTION('',(-0.996194698092,8.715574274766E-02,-0.));
#7485 = ORIENTED_EDGE('',*,*,#7441,.T.);
#7486 = PLANE('',#7487);
#7487 = AXIS2_PLACEMENT_3D('',#7488,#7489,#7490);
#7488 = CARTESIAN_POINT('',(1.122821106431,0.17367921567,1.15));
#7489 = DIRECTION('',(-8.715574274766E-02,-0.996194698092,0.));
#7490 = DIRECTION('',(0.996194698092,-8.715574274766E-02,0.));
#7491 = ADVANCED_FACE('',(#7492),#7519,.F.);
#7492 = FACE_BOUND('',#7493,.F.);
#7493 = EDGE_LOOP('',(#7494,#7495,#7504,#7512));
#7494 = ORIENTED_EDGE('',*,*,#7472,.F.);
#7495 = ORIENTED_EDGE('',*,*,#7496,.T.);
#7496 = EDGE_CURVE('',#7473,#7497,#7499,.T.);
#7497 = VERTEX_POINT('',#7498);
#7498 = CARTESIAN_POINT('',(1.1,0.198584083122,1.15));
#7499 = CIRCLE('',#7500,2.5E-02);
#7500 = AXIS2_PLACEMENT_3D('',#7501,#7502,#7503);
#7501 = CARTESIAN_POINT('',(1.125,0.198584083122,1.15));
#7502 = DIRECTION('',(0.,0.,-1.));
#7503 = DIRECTION('',(1.,0.,0.));
#7504 = ORIENTED_EDGE('',*,*,#7505,.T.);
#7505 = EDGE_CURVE('',#7497,#7506,#7508,.T.);
#7506 = VERTEX_POINT('',#7507);
#7507 = CARTESIAN_POINT('',(1.1,0.198584083122,0.75));
#7508 = LINE('',#7509,#7510);
#7509 = CARTESIAN_POINT('',(1.1,0.198584083122,1.15));
#7510 = VECTOR('',#7511,1.);
#7511 = DIRECTION('',(-0.,-0.,-1.));
#7512 = ORIENTED_EDGE('',*,*,#7513,.F.);
#7513 = EDGE_CURVE('',#7465,#7506,#7514,.T.);
#7514 = CIRCLE('',#7515,2.5E-02);
#7515 = AXIS2_PLACEMENT_3D('',#7516,#7517,#7518);
#7516 = CARTESIAN_POINT('',(1.125,0.198584083122,0.75));
#7517 = DIRECTION('',(0.,0.,-1.));
#7518 = DIRECTION('',(1.,0.,0.));
#7519 = CYLINDRICAL_SURFACE('',#7520,2.5E-02);
#7520 = AXIS2_PLACEMENT_3D('',#7521,#7522,#7523);
#7521 = CARTESIAN_POINT('',(1.125,0.198584083122,1.15));
#7522 = DIRECTION('',(-0.,-0.,-1.));
#7523 = DIRECTION('',(-1.,0.,0.));
#7524 = ADVANCED_FACE('',(#7525),#7541,.F.);
#7525 = FACE_BOUND('',#7526,.T.);
#7526 = EDGE_LOOP('',(#7527,#7533,#7534,#7540));
#7527 = ORIENTED_EDGE('',*,*,#7528,.T.);
#7528 = EDGE_CURVE('',#7506,#7140,#7529,.T.);
#7529 = LINE('',#7530,#7531);
#7530 = CARTESIAN_POINT('',(1.1,0.799748117663,0.75));
#7531 = VECTOR('',#7532,1.);
#7532 = DIRECTION('',(-7.214018871328E-16,1.,-0.));
#7533 = ORIENTED_EDGE('',*,*,#7167,.F.);
#7534 = ORIENTED_EDGE('',*,*,#7535,.F.);
#7535 = EDGE_CURVE('',#7497,#7159,#7536,.T.);
#7536 = LINE('',#7537,#7538);
#7537 = CARTESIAN_POINT('',(1.1,0.799748117663,1.15));
#7538 = VECTOR('',#7539,1.);
#7539 = DIRECTION('',(-7.214018871328E-16,1.,-0.));
#7540 = ORIENTED_EDGE('',*,*,#7505,.T.);
#7541 = PLANE('',#7542);
#7542 = AXIS2_PLACEMENT_3D('',#7543,#7544,#7545);
#7543 = CARTESIAN_POINT('',(1.1,0.799748117663,1.15));
#7544 = DIRECTION('',(-1.,-7.214018871328E-16,0.));
#7545 = DIRECTION('',(7.214018871328E-16,-1.,0.));
#7546 = ADVANCED_FACE('',(#7547),#7562,.F.);
#7547 = FACE_BOUND('',#7548,.T.);
#7548 = EDGE_LOOP('',(#7549,#7550,#7551,#7552,#7553,#7554,#7555,#7556,
    #7557,#7558,#7559,#7560,#7561));
#7549 = ORIENTED_EDGE('',*,*,#7158,.T.);
#7550 = ORIENTED_EDGE('',*,*,#7197,.T.);
#7551 = ORIENTED_EDGE('',*,*,#7228,.T.);
#7552 = ORIENTED_EDGE('',*,*,#7259,.T.);
#7553 = ORIENTED_EDGE('',*,*,#7290,.T.);
#7554 = ORIENTED_EDGE('',*,*,#7306,.T.);
#7555 = ORIENTED_EDGE('',*,*,#7354,.T.);
#7556 = ORIENTED_EDGE('',*,*,#7386,.T.);
#7557 = ORIENTED_EDGE('',*,*,#7418,.T.);
#7558 = ORIENTED_EDGE('',*,*,#7449,.T.);
#7559 = ORIENTED_EDGE('',*,*,#7480,.T.);
#7560 = ORIENTED_EDGE('',*,*,#7496,.T.);
#7561 = ORIENTED_EDGE('',*,*,#7535,.T.);
#7562 = PLANE('',#7563);
#7563 = AXIS2_PLACEMENT_3D('',#7564,#7565,#7566);
#7564 = CARTESIAN_POINT('',(0.925,0.799748117663,1.15));
#7565 = DIRECTION('',(-0.,0.,-1.));
#7566 = DIRECTION('',(-1.,0.,0.));
#7567 = ADVANCED_FACE('',(#7568),#7583,.T.);
#7568 = FACE_BOUND('',#7569,.T.);
#7569 = EDGE_LOOP('',(#7570,#7571,#7572,#7573,#7574,#7575,#7576,#7577,
    #7578,#7579,#7580,#7581,#7582));
#7570 = ORIENTED_EDGE('',*,*,#7139,.F.);
#7571 = ORIENTED_EDGE('',*,*,#7528,.F.);
#7572 = ORIENTED_EDGE('',*,*,#7513,.F.);
#7573 = ORIENTED_EDGE('',*,*,#7464,.F.);
#7574 = ORIENTED_EDGE('',*,*,#7433,.F.);
#7575 = ORIENTED_EDGE('',*,*,#7402,.F.);
#7576 = ORIENTED_EDGE('',*,*,#7369,.F.);
#7577 = ORIENTED_EDGE('',*,*,#7338,.F.);
#7578 = ORIENTED_EDGE('',*,*,#7323,.F.);
#7579 = ORIENTED_EDGE('',*,*,#7274,.F.);
#7580 = ORIENTED_EDGE('',*,*,#7243,.F.);
#7581 = ORIENTED_EDGE('',*,*,#7212,.F.);
#7582 = ORIENTED_EDGE('',*,*,#7181,.F.);
#7583 = PLANE('',#7584);
#7584 = AXIS2_PLACEMENT_3D('',#7585,#7586,#7587);
#7585 = CARTESIAN_POINT('',(0.925,0.799748117663,0.75));
#7586 = DIRECTION('',(-0.,0.,-1.));
#7587 = DIRECTION('',(-1.,0.,0.));
#7588 = ( GEOMETRIC_REPRESENTATION_CONTEXT(3) 
GLOBAL_UNCERTAINTY_ASSIGNED_CONTEXT((#7592)) 
GLOBAL_UNIT_ASSIGNED_CONTEXT((#7589,#7590,#7591)) REPRESENTATION_CONTEXT
('Context #1','3D Context with UNIT and UNCERTAINTY') );
#7589 = ( LENGTH_UNIT() NAMED_UNIT(*) SI_UNIT(.MILLI.,.METRE.) );
#7590 = ( NAMED_UNIT(*) PLANE_ANGLE_UNIT() SI_UNIT($,.RADIAN.) );
#7591 = ( NAMED_UNIT(*) SI_UNIT($,.STERADIAN.) SOLID_ANGLE_UNIT() );
#7592 = UNCERTAINTY_MEASURE_WITH_UNIT(LENGTH_MEASURE(1.E-07),#7589,
  'distance_accuracy_value','confusion accuracy');
#7593 = CONTEXT_DEPENDENT_SHAPE_REPRESENTATION(#7594,#7596);
#7594 = ( REPRESENTATION_RELATIONSHIP('','',#4898,#10) 
REPRESENTATION_RELATIONSHIP_WITH_TRANSFORMATION(#7595) 
SHAPE_REPRESENTATION_RELATIONSHIP() );
#7595 = ITEM_DEFINED_TRANSFORMATION('','',#11,#23);
#7596 = PRODUCT_DEFINITION_SHAPE('Placement','Placement of an item',
  #7597);
#7597 = NEXT_ASSEMBLY_USAGE_OCCURRENCE('4','U2','',#5,#4893,$);
#7598 = PRODUCT_RELATED_PRODUCT_CATEGORY('part',$,(#4895));
#7599 = SHAPE_DEFINITION_REPRESENTATION(#7600,#7606);
#7600 = PRODUCT_DEFINITION_SHAPE('','',#7601);
#7601 = PRODUCT_DEFINITION('design','',#7602,#7605);
#7602 = PRODUCT_DEFINITION_FORMATION('','',#7603);
#7603 = PRODUCT('R_1206_3216Metric','R_1206_3216Metric','',(#7604));
#7604 = PRODUCT_CONTEXT('',#2,'mechanical');
#7605 = PRODUCT_DEFINITION_CONTEXT('part definition',#2,'design');
#7606 = ADVANCED_BREP_SHAPE_REPRESENTATION('',(#11,#7607),#8397);
#7607 = MANIFOLD_SOLID_BREP('',#7608);
#7608 = CLOSED_SHELL('',(#7609,#7649,#7732,#7757,#7782,#7849,#7866,#7883
    ,#7932,#7949,#7966,#8015,#8032,#8101,#8132,#8156,#8225,#8249,#8266,
    #8283,#8300,#8317,#8334,#8351,#8368,#8385));
#7609 = ADVANCED_FACE('',(#7610),#7644,.F.);
#7610 = FACE_BOUND('',#7611,.F.);
#7611 = EDGE_LOOP('',(#7612,#7622,#7630,#7638));
#7612 = ORIENTED_EDGE('',*,*,#7613,.F.);
#7613 = EDGE_CURVE('',#7614,#7616,#7618,.T.);
#7614 = VERTEX_POINT('',#7615);
#7615 = CARTESIAN_POINT('',(-1.6,-0.8,5.5E-02));
#7616 = VERTEX_POINT('',#7617);
#7617 = CARTESIAN_POINT('',(-1.6,-0.8,0.495));
#7618 = LINE('',#7619,#7620);
#7619 = CARTESIAN_POINT('',(-1.6,-0.8,0.));
#7620 = VECTOR('',#7621,1.);
#7621 = DIRECTION('',(0.,0.,1.));
#7622 = ORIENTED_EDGE('',*,*,#7623,.T.);
#7623 = EDGE_CURVE('',#7614,#7624,#7626,.T.);
#7624 = VERTEX_POINT('',#7625);
#7625 = CARTESIAN_POINT('',(-1.6,0.8,5.5E-02));
#7626 = LINE('',#7627,#7628);
#7627 = CARTESIAN_POINT('',(-1.6,-0.8,5.5E-02));
#7628 = VECTOR('',#7629,1.);
#7629 = DIRECTION('',(0.,1.,0.));
#7630 = ORIENTED_EDGE('',*,*,#7631,.T.);
#7631 = EDGE_CURVE('',#7624,#7632,#7634,.T.);
#7632 = VERTEX_POINT('',#7633);
#7633 = CARTESIAN_POINT('',(-1.6,0.8,0.495));
#7634 = LINE('',#7635,#7636);
#7635 = CARTESIAN_POINT('',(-1.6,0.8,0.));
#7636 = VECTOR('',#7637,1.);
#7637 = DIRECTION('',(0.,0.,1.));
#7638 = ORIENTED_EDGE('',*,*,#7639,.F.);
#7639 = EDGE_CURVE('',#7616,#7632,#7640,.T.);
#7640 = LINE('',#7641,#7642);
#7641 = CARTESIAN_POINT('',(-1.6,-0.8,0.495));
#7642 = VECTOR('',#7643,1.);
#7643 = DIRECTION('',(0.,1.,0.));
#7644 = PLANE('',#7645);
#7645 = AXIS2_PLACEMENT_3D('',#7646,#7647,#7648);
#7646 = CARTESIAN_POINT('',(-1.6,-0.8,0.));
#7647 = DIRECTION('',(1.,0.,-0.));
#7648 = DIRECTION('',(0.,0.,1.));
#7649 = ADVANCED_FACE('',(#7650),#7727,.F.);
#7650 = FACE_BOUND('',#7651,.F.);
#7651 = EDGE_LOOP('',(#7652,#7662,#7669,#7670,#7679,#7687,#7696,#7704,
    #7712,#7720));
#7652 = ORIENTED_EDGE('',*,*,#7653,.F.);
#7653 = EDGE_CURVE('',#7654,#7656,#7658,.T.);
#7654 = VERTEX_POINT('',#7655);
#7655 = CARTESIAN_POINT('',(-1.545,-0.8,0.));
#7656 = VERTEX_POINT('',#7657);
#7657 = CARTESIAN_POINT('',(-1.255,-0.8,0.));
#7658 = LINE('',#7659,#7660);
#7659 = CARTESIAN_POINT('',(-1.6,-0.8,0.));
#7660 = VECTOR('',#7661,1.);
#7661 = DIRECTION('',(1.,0.,-0.));
#7662 = ORIENTED_EDGE('',*,*,#7663,.F.);
#7663 = EDGE_CURVE('',#7614,#7654,#7664,.T.);
#7664 = CIRCLE('',#7665,5.5E-02);
#7665 = AXIS2_PLACEMENT_3D('',#7666,#7667,#7668);
#7666 = CARTESIAN_POINT('',(-1.545,-0.8,5.5E-02));
#7667 = DIRECTION('',(0.,-1.,0.));
#7668 = DIRECTION('',(0.,0.,1.));
#7669 = ORIENTED_EDGE('',*,*,#7613,.T.);
#7670 = ORIENTED_EDGE('',*,*,#7671,.T.);
#7671 = EDGE_CURVE('',#7616,#7672,#7674,.T.);
#7672 = VERTEX_POINT('',#7673);
#7673 = CARTESIAN_POINT('',(-1.545,-0.8,0.55));
#7674 = CIRCLE('',#7675,5.5E-02);
#7675 = AXIS2_PLACEMENT_3D('',#7676,#7677,#7678);
#7676 = CARTESIAN_POINT('',(-1.545,-0.8,0.495));
#7677 = DIRECTION('',(0.,1.,0.));
#7678 = DIRECTION('',(0.,-0.,1.));
#7679 = ORIENTED_EDGE('',*,*,#7680,.T.);
#7680 = EDGE_CURVE('',#7672,#7681,#7683,.T.);
#7681 = VERTEX_POINT('',#7682);
#7682 = CARTESIAN_POINT('',(-1.255,-0.8,0.55));
#7683 = LINE('',#7684,#7685);
#7684 = CARTESIAN_POINT('',(-1.6,-0.8,0.55));
#7685 = VECTOR('',#7686,1.);
#7686 = DIRECTION('',(1.,0.,-0.));
#7687 = ORIENTED_EDGE('',*,*,#7688,.F.);
#7688 = EDGE_CURVE('',#7689,#7681,#7691,.T.);
#7689 = VERTEX_POINT('',#7690);
#7690 = CARTESIAN_POINT('',(-1.2,-0.8,0.495));
#7691 = CIRCLE('',#7692,5.5E-02);
#7692 = AXIS2_PLACEMENT_3D('',#7693,#7694,#7695);
#7693 = CARTESIAN_POINT('',(-1.255,-0.8,0.495));
#7694 = DIRECTION('',(0.,-1.,0.));
#7695 = DIRECTION('',(0.,0.,1.));
#7696 = ORIENTED_EDGE('',*,*,#7697,.F.);
#7697 = EDGE_CURVE('',#7698,#7689,#7700,.T.);
#7698 = VERTEX_POINT('',#7699);
#7699 = CARTESIAN_POINT('',(-1.545,-0.8,0.495));
#7700 = LINE('',#7701,#7702);
#7701 = CARTESIAN_POINT('',(-1.545,-0.8,0.495));
#7702 = VECTOR('',#7703,1.);
#7703 = DIRECTION('',(1.,0.,-0.));
#7704 = ORIENTED_EDGE('',*,*,#7705,.F.);
#7705 = EDGE_CURVE('',#7706,#7698,#7708,.T.);
#7706 = VERTEX_POINT('',#7707);
#7707 = CARTESIAN_POINT('',(-1.545,-0.8,5.5E-02));
#7708 = LINE('',#7709,#7710);
#7709 = CARTESIAN_POINT('',(-1.545,-0.8,5.5E-02));
#7710 = VECTOR('',#7711,1.);
#7711 = DIRECTION('',(0.,0.,1.));
#7712 = ORIENTED_EDGE('',*,*,#7713,.T.);
#7713 = EDGE_CURVE('',#7706,#7714,#7716,.T.);
#7714 = VERTEX_POINT('',#7715);
#7715 = CARTESIAN_POINT('',(-1.2,-0.8,5.5E-02));
#7716 = LINE('',#7717,#7718);
#7717 = CARTESIAN_POINT('',(-1.545,-0.8,5.5E-02));
#7718 = VECTOR('',#7719,1.);
#7719 = DIRECTION('',(1.,0.,-0.));
#7720 = ORIENTED_EDGE('',*,*,#7721,.T.);
#7721 = EDGE_CURVE('',#7714,#7656,#7722,.T.);
#7722 = CIRCLE('',#7723,5.5E-02);
#7723 = AXIS2_PLACEMENT_3D('',#7724,#7725,#7726);
#7724 = CARTESIAN_POINT('',(-1.255,-0.8,5.5E-02));
#7725 = DIRECTION('',(0.,1.,0.));
#7726 = DIRECTION('',(0.,-0.,1.));
#7727 = PLANE('',#7728);
#7728 = AXIS2_PLACEMENT_3D('',#7729,#7730,#7731);
#7729 = CARTESIAN_POINT('',(-1.6,-0.8,0.));
#7730 = DIRECTION('',(0.,1.,0.));
#7731 = DIRECTION('',(0.,-0.,1.));
#7732 = ADVANCED_FACE('',(#7733),#7752,.T.);
#7733 = FACE_BOUND('',#7734,.T.);
#7734 = EDGE_LOOP('',(#7735,#7736,#7745,#7751));
#7735 = ORIENTED_EDGE('',*,*,#7623,.T.);
#7736 = ORIENTED_EDGE('',*,*,#7737,.T.);
#7737 = EDGE_CURVE('',#7624,#7738,#7740,.T.);
#7738 = VERTEX_POINT('',#7739);
#7739 = CARTESIAN_POINT('',(-1.545,0.8,0.));
#7740 = CIRCLE('',#7741,5.5E-02);
#7741 = AXIS2_PLACEMENT_3D('',#7742,#7743,#7744);
#7742 = CARTESIAN_POINT('',(-1.545,0.8,5.5E-02));
#7743 = DIRECTION('',(0.,-1.,0.));
#7744 = DIRECTION('',(0.,0.,1.));
#7745 = ORIENTED_EDGE('',*,*,#7746,.F.);
#7746 = EDGE_CURVE('',#7654,#7738,#7747,.T.);
#7747 = LINE('',#7748,#7749);
#7748 = CARTESIAN_POINT('',(-1.545,-0.8,0.));
#7749 = VECTOR('',#7750,1.);
#7750 = DIRECTION('',(0.,1.,0.));
#7751 = ORIENTED_EDGE('',*,*,#7663,.F.);
#7752 = CYLINDRICAL_SURFACE('',#7753,5.5E-02);
#7753 = AXIS2_PLACEMENT_3D('',#7754,#7755,#7756);
#7754 = CARTESIAN_POINT('',(-1.545,-0.8,5.5E-02));
#7755 = DIRECTION('',(0.,1.,0.));
#7756 = DIRECTION('',(-1.,0.,0.));
#7757 = ADVANCED_FACE('',(#7758),#7777,.T.);
#7758 = FACE_BOUND('',#7759,.T.);
#7759 = EDGE_LOOP('',(#7760,#7761,#7769,#7776));
#7760 = ORIENTED_EDGE('',*,*,#7671,.T.);
#7761 = ORIENTED_EDGE('',*,*,#7762,.T.);
#7762 = EDGE_CURVE('',#7672,#7763,#7765,.T.);
#7763 = VERTEX_POINT('',#7764);
#7764 = CARTESIAN_POINT('',(-1.545,0.8,0.55));
#7765 = LINE('',#7766,#7767);
#7766 = CARTESIAN_POINT('',(-1.545,-0.8,0.55));
#7767 = VECTOR('',#7768,1.);
#7768 = DIRECTION('',(0.,1.,0.));
#7769 = ORIENTED_EDGE('',*,*,#7770,.F.);
#7770 = EDGE_CURVE('',#7632,#7763,#7771,.T.);
#7771 = CIRCLE('',#7772,5.5E-02);
#7772 = AXIS2_PLACEMENT_3D('',#7773,#7774,#7775);
#7773 = CARTESIAN_POINT('',(-1.545,0.8,0.495));
#7774 = DIRECTION('',(0.,1.,0.));
#7775 = DIRECTION('',(0.,-0.,1.));
#7776 = ORIENTED_EDGE('',*,*,#7639,.F.);
#7777 = CYLINDRICAL_SURFACE('',#7778,5.5E-02);
#7778 = AXIS2_PLACEMENT_3D('',#7779,#7780,#7781);
#7779 = CARTESIAN_POINT('',(-1.545,-0.8,0.495));
#7780 = DIRECTION('',(0.,1.,0.));
#7781 = DIRECTION('',(-1.,0.,0.));
#7782 = ADVANCED_FACE('',(#7783),#7844,.T.);
#7783 = FACE_BOUND('',#7784,.T.);
#7784 = EDGE_LOOP('',(#7785,#7793,#7794,#7795,#7796,#7804,#7813,#7821,
    #7829,#7837));
#7785 = ORIENTED_EDGE('',*,*,#7786,.F.);
#7786 = EDGE_CURVE('',#7738,#7787,#7789,.T.);
#7787 = VERTEX_POINT('',#7788);
#7788 = CARTESIAN_POINT('',(-1.255,0.8,0.));
#7789 = LINE('',#7790,#7791);
#7790 = CARTESIAN_POINT('',(-1.6,0.8,0.));
#7791 = VECTOR('',#7792,1.);
#7792 = DIRECTION('',(1.,0.,-0.));
#7793 = ORIENTED_EDGE('',*,*,#7737,.F.);
#7794 = ORIENTED_EDGE('',*,*,#7631,.T.);
#7795 = ORIENTED_EDGE('',*,*,#7770,.T.);
#7796 = ORIENTED_EDGE('',*,*,#7797,.T.);
#7797 = EDGE_CURVE('',#7763,#7798,#7800,.T.);
#7798 = VERTEX_POINT('',#7799);
#7799 = CARTESIAN_POINT('',(-1.255,0.8,0.55));
#7800 = LINE('',#7801,#7802);
#7801 = CARTESIAN_POINT('',(-1.6,0.8,0.55));
#7802 = VECTOR('',#7803,1.);
#7803 = DIRECTION('',(1.,0.,-0.));
#7804 = ORIENTED_EDGE('',*,*,#7805,.F.);
#7805 = EDGE_CURVE('',#7806,#7798,#7808,.T.);
#7806 = VERTEX_POINT('',#7807);
#7807 = CARTESIAN_POINT('',(-1.2,0.8,0.495));
#7808 = CIRCLE('',#7809,5.5E-02);
#7809 = AXIS2_PLACEMENT_3D('',#7810,#7811,#7812);
#7810 = CARTESIAN_POINT('',(-1.255,0.8,0.495));
#7811 = DIRECTION('',(0.,-1.,0.));
#7812 = DIRECTION('',(0.,0.,1.));
#7813 = ORIENTED_EDGE('',*,*,#7814,.F.);
#7814 = EDGE_CURVE('',#7815,#7806,#7817,.T.);
#7815 = VERTEX_POINT('',#7816);
#7816 = CARTESIAN_POINT('',(-1.545,0.8,0.495));
#7817 = LINE('',#7818,#7819);
#7818 = CARTESIAN_POINT('',(-1.545,0.8,0.495));
#7819 = VECTOR('',#7820,1.);
#7820 = DIRECTION('',(1.,0.,-0.));
#7821 = ORIENTED_EDGE('',*,*,#7822,.F.);
#7822 = EDGE_CURVE('',#7823,#7815,#7825,.T.);
#7823 = VERTEX_POINT('',#7824);
#7824 = CARTESIAN_POINT('',(-1.545,0.8,5.5E-02));
#7825 = LINE('',#7826,#7827);
#7826 = CARTESIAN_POINT('',(-1.545,0.8,5.5E-02));
#7827 = VECTOR('',#7828,1.);
#7828 = DIRECTION('',(0.,0.,1.));
#7829 = ORIENTED_EDGE('',*,*,#7830,.T.);
#7830 = EDGE_CURVE('',#7823,#7831,#7833,.T.);
#7831 = VERTEX_POINT('',#7832);
#7832 = CARTESIAN_POINT('',(-1.2,0.8,5.5E-02));
#7833 = LINE('',#7834,#7835);
#7834 = CARTESIAN_POINT('',(-1.545,0.8,5.5E-02));
#7835 = VECTOR('',#7836,1.);
#7836 = DIRECTION('',(1.,0.,-0.));
#7837 = ORIENTED_EDGE('',*,*,#7838,.T.);
#7838 = EDGE_CURVE('',#7831,#7787,#7839,.T.);
#7839 = CIRCLE('',#7840,5.5E-02);
#7840 = AXIS2_PLACEMENT_3D('',#7841,#7842,#7843);
#7841 = CARTESIAN_POINT('',(-1.255,0.8,5.5E-02));
#7842 = DIRECTION('',(0.,1.,0.));
#7843 = DIRECTION('',(0.,-0.,1.));
#7844 = PLANE('',#7845);
#7845 = AXIS2_PLACEMENT_3D('',#7846,#7847,#7848);
#7846 = CARTESIAN_POINT('',(-1.6,0.8,0.));
#7847 = DIRECTION('',(0.,1.,0.));
#7848 = DIRECTION('',(0.,-0.,1.));
#7849 = ADVANCED_FACE('',(#7850),#7861,.F.);
#7850 = FACE_BOUND('',#7851,.F.);
#7851 = EDGE_LOOP('',(#7852,#7853,#7854,#7855));
#7852 = ORIENTED_EDGE('',*,*,#7786,.F.);
#7853 = ORIENTED_EDGE('',*,*,#7746,.F.);
#7854 = ORIENTED_EDGE('',*,*,#7653,.T.);
#7855 = ORIENTED_EDGE('',*,*,#7856,.T.);
#7856 = EDGE_CURVE('',#7656,#7787,#7857,.T.);
#7857 = LINE('',#7858,#7859);
#7858 = CARTESIAN_POINT('',(-1.255,-0.8,0.));
#7859 = VECTOR('',#7860,1.);
#7860 = DIRECTION('',(0.,1.,0.));
#7861 = PLANE('',#7862);
#7862 = AXIS2_PLACEMENT_3D('',#7863,#7864,#7865);
#7863 = CARTESIAN_POINT('',(-1.6,-0.8,0.));
#7864 = DIRECTION('',(0.,0.,1.));
#7865 = DIRECTION('',(1.,0.,-0.));
#7866 = ADVANCED_FACE('',(#7867),#7878,.T.);
#7867 = FACE_BOUND('',#7868,.T.);
#7868 = EDGE_LOOP('',(#7869,#7870,#7871,#7872));
#7869 = ORIENTED_EDGE('',*,*,#7721,.T.);
#7870 = ORIENTED_EDGE('',*,*,#7856,.T.);
#7871 = ORIENTED_EDGE('',*,*,#7838,.F.);
#7872 = ORIENTED_EDGE('',*,*,#7873,.F.);
#7873 = EDGE_CURVE('',#7714,#7831,#7874,.T.);
#7874 = LINE('',#7875,#7876);
#7875 = CARTESIAN_POINT('',(-1.2,-0.8,5.5E-02));
#7876 = VECTOR('',#7877,1.);
#7877 = DIRECTION('',(0.,1.,0.));
#7878 = CYLINDRICAL_SURFACE('',#7879,5.5E-02);
#7879 = AXIS2_PLACEMENT_3D('',#7880,#7881,#7882);
#7880 = CARTESIAN_POINT('',(-1.255,-0.8,5.5E-02));
#7881 = DIRECTION('',(0.,1.,0.));
#7882 = DIRECTION('',(1.,0.,-0.));
#7883 = ADVANCED_FACE('',(#7884),#7927,.F.);
#7884 = FACE_BOUND('',#7885,.F.);
#7885 = EDGE_LOOP('',(#7886,#7887,#7888,#7889,#7897,#7905,#7913,#7921));
#7886 = ORIENTED_EDGE('',*,*,#7713,.F.);
#7887 = ORIENTED_EDGE('',*,*,#7705,.T.);
#7888 = ORIENTED_EDGE('',*,*,#7697,.T.);
#7889 = ORIENTED_EDGE('',*,*,#7890,.T.);
#7890 = EDGE_CURVE('',#7689,#7891,#7893,.T.);
#7891 = VERTEX_POINT('',#7892);
#7892 = CARTESIAN_POINT('',(1.2,-0.8,0.495));
#7893 = LINE('',#7894,#7895);
#7894 = CARTESIAN_POINT('',(-1.2,-0.8,0.495));
#7895 = VECTOR('',#7896,1.);
#7896 = DIRECTION('',(1.,0.,-0.));
#7897 = ORIENTED_EDGE('',*,*,#7898,.T.);
#7898 = EDGE_CURVE('',#7891,#7899,#7901,.T.);
#7899 = VERTEX_POINT('',#7900);
#7900 = CARTESIAN_POINT('',(1.545,-0.8,0.495));
#7901 = LINE('',#7902,#7903);
#7902 = CARTESIAN_POINT('',(-1.545,-0.8,0.495));
#7903 = VECTOR('',#7904,1.);
#7904 = DIRECTION('',(1.,0.,-0.));
#7905 = ORIENTED_EDGE('',*,*,#7906,.F.);
#7906 = EDGE_CURVE('',#7907,#7899,#7909,.T.);
#7907 = VERTEX_POINT('',#7908);
#7908 = CARTESIAN_POINT('',(1.545,-0.8,5.5E-02));
#7909 = LINE('',#7910,#7911);
#7910 = CARTESIAN_POINT('',(1.545,-0.8,5.5E-02));
#7911 = VECTOR('',#7912,1.);
#7912 = DIRECTION('',(0.,0.,1.));
#7913 = ORIENTED_EDGE('',*,*,#7914,.F.);
#7914 = EDGE_CURVE('',#7915,#7907,#7917,.T.);
#7915 = VERTEX_POINT('',#7916);
#7916 = CARTESIAN_POINT('',(1.2,-0.8,5.5E-02));
#7917 = LINE('',#7918,#7919);
#7918 = CARTESIAN_POINT('',(-1.545,-0.8,5.5E-02));
#7919 = VECTOR('',#7920,1.);
#7920 = DIRECTION('',(1.,0.,-0.));
#7921 = ORIENTED_EDGE('',*,*,#7922,.F.);
#7922 = EDGE_CURVE('',#7714,#7915,#7923,.T.);
#7923 = LINE('',#7924,#7925);
#7924 = CARTESIAN_POINT('',(-1.545,-0.8,5.5E-02));
#7925 = VECTOR('',#7926,1.);
#7926 = DIRECTION('',(1.,0.,-0.));
#7927 = PLANE('',#7928);
#7928 = AXIS2_PLACEMENT_3D('',#7929,#7930,#7931);
#7929 = CARTESIAN_POINT('',(-1.545,-0.8,5.5E-02));
#7930 = DIRECTION('',(0.,1.,0.));
#7931 = DIRECTION('',(0.,-0.,1.));
#7932 = ADVANCED_FACE('',(#7933),#7944,.T.);
#7933 = FACE_BOUND('',#7934,.T.);
#7934 = EDGE_LOOP('',(#7935,#7936,#7937,#7938));
#7935 = ORIENTED_EDGE('',*,*,#7797,.F.);
#7936 = ORIENTED_EDGE('',*,*,#7762,.F.);
#7937 = ORIENTED_EDGE('',*,*,#7680,.T.);
#7938 = ORIENTED_EDGE('',*,*,#7939,.T.);
#7939 = EDGE_CURVE('',#7681,#7798,#7940,.T.);
#7940 = LINE('',#7941,#7942);
#7941 = CARTESIAN_POINT('',(-1.255,-0.8,0.55));
#7942 = VECTOR('',#7943,1.);
#7943 = DIRECTION('',(0.,1.,0.));
#7944 = PLANE('',#7945);
#7945 = AXIS2_PLACEMENT_3D('',#7946,#7947,#7948);
#7946 = CARTESIAN_POINT('',(-1.6,-0.8,0.55));
#7947 = DIRECTION('',(0.,0.,1.));
#7948 = DIRECTION('',(1.,0.,-0.));
#7949 = ADVANCED_FACE('',(#7950),#7961,.T.);
#7950 = FACE_BOUND('',#7951,.T.);
#7951 = EDGE_LOOP('',(#7952,#7958,#7959,#7960));
#7952 = ORIENTED_EDGE('',*,*,#7953,.T.);
#7953 = EDGE_CURVE('',#7689,#7806,#7954,.T.);
#7954 = LINE('',#7955,#7956);
#7955 = CARTESIAN_POINT('',(-1.2,-0.8,0.495));
#7956 = VECTOR('',#7957,1.);
#7957 = DIRECTION('',(0.,1.,0.));
#7958 = ORIENTED_EDGE('',*,*,#7805,.T.);
#7959 = ORIENTED_EDGE('',*,*,#7939,.F.);
#7960 = ORIENTED_EDGE('',*,*,#7688,.F.);
#7961 = CYLINDRICAL_SURFACE('',#7962,5.5E-02);
#7962 = AXIS2_PLACEMENT_3D('',#7963,#7964,#7965);
#7963 = CARTESIAN_POINT('',(-1.255,-0.8,0.495));
#7964 = DIRECTION('',(0.,1.,0.));
#7965 = DIRECTION('',(1.,0.,-0.));
#7966 = ADVANCED_FACE('',(#7967),#8010,.T.);
#7967 = FACE_BOUND('',#7968,.T.);
#7968 = EDGE_LOOP('',(#7969,#7970,#7971,#7972,#7980,#7988,#7996,#8004));
#7969 = ORIENTED_EDGE('',*,*,#7830,.F.);
#7970 = ORIENTED_EDGE('',*,*,#7822,.T.);
#7971 = ORIENTED_EDGE('',*,*,#7814,.T.);
#7972 = ORIENTED_EDGE('',*,*,#7973,.T.);
#7973 = EDGE_CURVE('',#7806,#7974,#7976,.T.);
#7974 = VERTEX_POINT('',#7975);
#7975 = CARTESIAN_POINT('',(1.2,0.8,0.495));
#7976 = LINE('',#7977,#7978);
#7977 = CARTESIAN_POINT('',(-1.2,0.8,0.495));
#7978 = VECTOR('',#7979,1.);
#7979 = DIRECTION('',(1.,0.,-0.));
#7980 = ORIENTED_EDGE('',*,*,#7981,.T.);
#7981 = EDGE_CURVE('',#7974,#7982,#7984,.T.);
#7982 = VERTEX_POINT('',#7983);
#7983 = CARTESIAN_POINT('',(1.545,0.8,0.495));
#7984 = LINE('',#7985,#7986);
#7985 = CARTESIAN_POINT('',(-1.545,0.8,0.495));
#7986 = VECTOR('',#7987,1.);
#7987 = DIRECTION('',(1.,0.,-0.));
#7988 = ORIENTED_EDGE('',*,*,#7989,.F.);
#7989 = EDGE_CURVE('',#7990,#7982,#7992,.T.);
#7990 = VERTEX_POINT('',#7991);
#7991 = CARTESIAN_POINT('',(1.545,0.8,5.5E-02));
#7992 = LINE('',#7993,#7994);
#7993 = CARTESIAN_POINT('',(1.545,0.8,5.5E-02));
#7994 = VECTOR('',#7995,1.);
#7995 = DIRECTION('',(0.,0.,1.));
#7996 = ORIENTED_EDGE('',*,*,#7997,.F.);
#7997 = EDGE_CURVE('',#7998,#7990,#8000,.T.);
#7998 = VERTEX_POINT('',#7999);
#7999 = CARTESIAN_POINT('',(1.2,0.8,5.5E-02));
#8000 = LINE('',#8001,#8002);
#8001 = CARTESIAN_POINT('',(-1.545,0.8,5.5E-02));
#8002 = VECTOR('',#8003,1.);
#8003 = DIRECTION('',(1.,0.,-0.));
#8004 = ORIENTED_EDGE('',*,*,#8005,.F.);
#8005 = EDGE_CURVE('',#7831,#7998,#8006,.T.);
#8006 = LINE('',#8007,#8008);
#8007 = CARTESIAN_POINT('',(-1.545,0.8,5.5E-02));
#8008 = VECTOR('',#8009,1.);
#8009 = DIRECTION('',(1.,0.,-0.));
#8010 = PLANE('',#8011);
#8011 = AXIS2_PLACEMENT_3D('',#8012,#8013,#8014);
#8012 = CARTESIAN_POINT('',(-1.545,0.8,5.5E-02));
#8013 = DIRECTION('',(0.,1.,0.));
#8014 = DIRECTION('',(0.,-0.,1.));
#8015 = ADVANCED_FACE('',(#8016),#8027,.F.);
#8016 = FACE_BOUND('',#8017,.F.);
#8017 = EDGE_LOOP('',(#8018,#8019,#8020,#8026));
#8018 = ORIENTED_EDGE('',*,*,#7873,.F.);
#8019 = ORIENTED_EDGE('',*,*,#7922,.T.);
#8020 = ORIENTED_EDGE('',*,*,#8021,.T.);
#8021 = EDGE_CURVE('',#7915,#7998,#8022,.T.);
#8022 = LINE('',#8023,#8024);
#8023 = CARTESIAN_POINT('',(1.2,-0.8,5.5E-02));
#8024 = VECTOR('',#8025,1.);
#8025 = DIRECTION('',(0.,1.,0.));
#8026 = ORIENTED_EDGE('',*,*,#8005,.F.);
#8027 = PLANE('',#8028);
#8028 = AXIS2_PLACEMENT_3D('',#8029,#8030,#8031);
#8029 = CARTESIAN_POINT('',(-1.545,-0.8,5.5E-02));
#8030 = DIRECTION('',(0.,0.,1.));
#8031 = DIRECTION('',(1.,0.,-0.));
#8032 = ADVANCED_FACE('',(#8033),#8096,.F.);
#8033 = FACE_BOUND('',#8034,.F.);
#8034 = EDGE_LOOP('',(#8035,#8045,#8052,#8053,#8054,#8055,#8064,#8072,
    #8081,#8089));
#8035 = ORIENTED_EDGE('',*,*,#8036,.F.);
#8036 = EDGE_CURVE('',#8037,#8039,#8041,.T.);
#8037 = VERTEX_POINT('',#8038);
#8038 = CARTESIAN_POINT('',(1.255,-0.8,0.));
#8039 = VERTEX_POINT('',#8040);
#8040 = CARTESIAN_POINT('',(1.545,-0.8,0.));
#8041 = LINE('',#8042,#8043);
#8042 = CARTESIAN_POINT('',(1.2,-0.8,0.));
#8043 = VECTOR('',#8044,1.);
#8044 = DIRECTION('',(1.,0.,-0.));
#8045 = ORIENTED_EDGE('',*,*,#8046,.F.);
#8046 = EDGE_CURVE('',#7915,#8037,#8047,.T.);
#8047 = CIRCLE('',#8048,5.5E-02);
#8048 = AXIS2_PLACEMENT_3D('',#8049,#8050,#8051);
#8049 = CARTESIAN_POINT('',(1.255,-0.8,5.5E-02));
#8050 = DIRECTION('',(0.,-1.,0.));
#8051 = DIRECTION('',(0.,0.,1.));
#8052 = ORIENTED_EDGE('',*,*,#7914,.T.);
#8053 = ORIENTED_EDGE('',*,*,#7906,.T.);
#8054 = ORIENTED_EDGE('',*,*,#7898,.F.);
#8055 = ORIENTED_EDGE('',*,*,#8056,.T.);
#8056 = EDGE_CURVE('',#7891,#8057,#8059,.T.);
#8057 = VERTEX_POINT('',#8058);
#8058 = CARTESIAN_POINT('',(1.255,-0.8,0.55));
#8059 = CIRCLE('',#8060,5.5E-02);
#8060 = AXIS2_PLACEMENT_3D('',#8061,#8062,#8063);
#8061 = CARTESIAN_POINT('',(1.255,-0.8,0.495));
#8062 = DIRECTION('',(0.,1.,0.));
#8063 = DIRECTION('',(0.,-0.,1.));
#8064 = ORIENTED_EDGE('',*,*,#8065,.T.);
#8065 = EDGE_CURVE('',#8057,#8066,#8068,.T.);
#8066 = VERTEX_POINT('',#8067);
#8067 = CARTESIAN_POINT('',(1.545,-0.8,0.55));
#8068 = LINE('',#8069,#8070);
#8069 = CARTESIAN_POINT('',(1.2,-0.8,0.55));
#8070 = VECTOR('',#8071,1.);
#8071 = DIRECTION('',(1.,0.,-0.));
#8072 = ORIENTED_EDGE('',*,*,#8073,.F.);
#8073 = EDGE_CURVE('',#8074,#8066,#8076,.T.);
#8074 = VERTEX_POINT('',#8075);
#8075 = CARTESIAN_POINT('',(1.6,-0.8,0.495));
#8076 = CIRCLE('',#8077,5.5E-02);
#8077 = AXIS2_PLACEMENT_3D('',#8078,#8079,#8080);
#8078 = CARTESIAN_POINT('',(1.545,-0.8,0.495));
#8079 = DIRECTION('',(0.,-1.,0.));
#8080 = DIRECTION('',(0.,0.,1.));
#8081 = ORIENTED_EDGE('',*,*,#8082,.F.);
#8082 = EDGE_CURVE('',#8083,#8074,#8085,.T.);
#8083 = VERTEX_POINT('',#8084);
#8084 = CARTESIAN_POINT('',(1.6,-0.8,5.5E-02));
#8085 = LINE('',#8086,#8087);
#8086 = CARTESIAN_POINT('',(1.6,-0.8,0.));
#8087 = VECTOR('',#8088,1.);
#8088 = DIRECTION('',(0.,0.,1.));
#8089 = ORIENTED_EDGE('',*,*,#8090,.T.);
#8090 = EDGE_CURVE('',#8083,#8039,#8091,.T.);
#8091 = CIRCLE('',#8092,5.5E-02);
#8092 = AXIS2_PLACEMENT_3D('',#8093,#8094,#8095);
#8093 = CARTESIAN_POINT('',(1.545,-0.8,5.5E-02));
#8094 = DIRECTION('',(0.,1.,0.));
#8095 = DIRECTION('',(0.,-0.,1.));
#8096 = PLANE('',#8097);
#8097 = AXIS2_PLACEMENT_3D('',#8098,#8099,#8100);
#8098 = CARTESIAN_POINT('',(1.2,-0.8,0.));
#8099 = DIRECTION('',(0.,1.,0.));
#8100 = DIRECTION('',(0.,-0.,1.));
#8101 = ADVANCED_FACE('',(#8102),#8127,.F.);
#8102 = FACE_BOUND('',#8103,.F.);
#8103 = EDGE_LOOP('',(#8104,#8105,#8113,#8121));
#8104 = ORIENTED_EDGE('',*,*,#7890,.F.);
#8105 = ORIENTED_EDGE('',*,*,#8106,.T.);
#8106 = EDGE_CURVE('',#7689,#8107,#8109,.T.);
#8107 = VERTEX_POINT('',#8108);
#8108 = CARTESIAN_POINT('',(-1.2,-0.8,0.55));
#8109 = LINE('',#8110,#8111);
#8110 = CARTESIAN_POINT('',(-1.2,-0.8,0.495));
#8111 = VECTOR('',#8112,1.);
#8112 = DIRECTION('',(0.,0.,1.));
#8113 = ORIENTED_EDGE('',*,*,#8114,.T.);
#8114 = EDGE_CURVE('',#8107,#8115,#8117,.T.);
#8115 = VERTEX_POINT('',#8116);
#8116 = CARTESIAN_POINT('',(1.2,-0.8,0.55));
#8117 = LINE('',#8118,#8119);
#8118 = CARTESIAN_POINT('',(-1.2,-0.8,0.55));
#8119 = VECTOR('',#8120,1.);
#8120 = DIRECTION('',(1.,0.,-0.));
#8121 = ORIENTED_EDGE('',*,*,#8122,.F.);
#8122 = EDGE_CURVE('',#7891,#8115,#8123,.T.);
#8123 = LINE('',#8124,#8125);
#8124 = CARTESIAN_POINT('',(1.2,-0.8,0.495));
#8125 = VECTOR('',#8126,1.);
#8126 = DIRECTION('',(0.,0.,1.));
#8127 = PLANE('',#8128);
#8128 = AXIS2_PLACEMENT_3D('',#8129,#8130,#8131);
#8129 = CARTESIAN_POINT('',(-1.2,-0.8,0.495));
#8130 = DIRECTION('',(0.,1.,0.));
#8131 = DIRECTION('',(0.,-0.,1.));
#8132 = ADVANCED_FACE('',(#8133),#8151,.F.);
#8133 = FACE_BOUND('',#8134,.F.);
#8134 = EDGE_LOOP('',(#8135,#8136,#8137,#8145));
#8135 = ORIENTED_EDGE('',*,*,#8106,.F.);
#8136 = ORIENTED_EDGE('',*,*,#7953,.T.);
#8137 = ORIENTED_EDGE('',*,*,#8138,.T.);
#8138 = EDGE_CURVE('',#7806,#8139,#8141,.T.);
#8139 = VERTEX_POINT('',#8140);
#8140 = CARTESIAN_POINT('',(-1.2,0.8,0.55));
#8141 = LINE('',#8142,#8143);
#8142 = CARTESIAN_POINT('',(-1.2,0.8,0.495));
#8143 = VECTOR('',#8144,1.);
#8144 = DIRECTION('',(0.,0.,1.));
#8145 = ORIENTED_EDGE('',*,*,#8146,.F.);
#8146 = EDGE_CURVE('',#8107,#8139,#8147,.T.);
#8147 = LINE('',#8148,#8149);
#8148 = CARTESIAN_POINT('',(-1.2,-0.8,0.55));
#8149 = VECTOR('',#8150,1.);
#8150 = DIRECTION('',(0.,1.,0.));
#8151 = PLANE('',#8152);
#8152 = AXIS2_PLACEMENT_3D('',#8153,#8154,#8155);
#8153 = CARTESIAN_POINT('',(-1.2,-0.8,0.495));
#8154 = DIRECTION('',(1.,0.,-0.));
#8155 = DIRECTION('',(0.,0.,1.));
#8156 = ADVANCED_FACE('',(#8157),#8220,.T.);
#8157 = FACE_BOUND('',#8158,.T.);
#8158 = EDGE_LOOP('',(#8159,#8169,#8176,#8177,#8178,#8179,#8188,#8196,
    #8205,#8213));
#8159 = ORIENTED_EDGE('',*,*,#8160,.F.);
#8160 = EDGE_CURVE('',#8161,#8163,#8165,.T.);
#8161 = VERTEX_POINT('',#8162);
#8162 = CARTESIAN_POINT('',(1.255,0.8,0.));
#8163 = VERTEX_POINT('',#8164);
#8164 = CARTESIAN_POINT('',(1.545,0.8,0.));
#8165 = LINE('',#8166,#8167);
#8166 = CARTESIAN_POINT('',(1.2,0.8,0.));
#8167 = VECTOR('',#8168,1.);
#8168 = DIRECTION('',(1.,0.,-0.));
#8169 = ORIENTED_EDGE('',*,*,#8170,.F.);
#8170 = EDGE_CURVE('',#7998,#8161,#8171,.T.);
#8171 = CIRCLE('',#8172,5.5E-02);
#8172 = AXIS2_PLACEMENT_3D('',#8173,#8174,#8175);
#8173 = CARTESIAN_POINT('',(1.255,0.8,5.5E-02));
#8174 = DIRECTION('',(0.,-1.,0.));
#8175 = DIRECTION('',(0.,0.,1.));
#8176 = ORIENTED_EDGE('',*,*,#7997,.T.);
#8177 = ORIENTED_EDGE('',*,*,#7989,.T.);
#8178 = ORIENTED_EDGE('',*,*,#7981,.F.);
#8179 = ORIENTED_EDGE('',*,*,#8180,.T.);
#8180 = EDGE_CURVE('',#7974,#8181,#8183,.T.);
#8181 = VERTEX_POINT('',#8182);
#8182 = CARTESIAN_POINT('',(1.255,0.8,0.55));
#8183 = CIRCLE('',#8184,5.5E-02);
#8184 = AXIS2_PLACEMENT_3D('',#8185,#8186,#8187);
#8185 = CARTESIAN_POINT('',(1.255,0.8,0.495));
#8186 = DIRECTION('',(0.,1.,0.));
#8187 = DIRECTION('',(0.,-0.,1.));
#8188 = ORIENTED_EDGE('',*,*,#8189,.T.);
#8189 = EDGE_CURVE('',#8181,#8190,#8192,.T.);
#8190 = VERTEX_POINT('',#8191);
#8191 = CARTESIAN_POINT('',(1.545,0.8,0.55));
#8192 = LINE('',#8193,#8194);
#8193 = CARTESIAN_POINT('',(1.2,0.8,0.55));
#8194 = VECTOR('',#8195,1.);
#8195 = DIRECTION('',(1.,0.,-0.));
#8196 = ORIENTED_EDGE('',*,*,#8197,.F.);
#8197 = EDGE_CURVE('',#8198,#8190,#8200,.T.);
#8198 = VERTEX_POINT('',#8199);
#8199 = CARTESIAN_POINT('',(1.6,0.8,0.495));
#8200 = CIRCLE('',#8201,5.5E-02);
#8201 = AXIS2_PLACEMENT_3D('',#8202,#8203,#8204);
#8202 = CARTESIAN_POINT('',(1.545,0.8,0.495));
#8203 = DIRECTION('',(0.,-1.,0.));
#8204 = DIRECTION('',(0.,0.,1.));
#8205 = ORIENTED_EDGE('',*,*,#8206,.F.);
#8206 = EDGE_CURVE('',#8207,#8198,#8209,.T.);
#8207 = VERTEX_POINT('',#8208);
#8208 = CARTESIAN_POINT('',(1.6,0.8,5.5E-02));
#8209 = LINE('',#8210,#8211);
#8210 = CARTESIAN_POINT('',(1.6,0.8,0.));
#8211 = VECTOR('',#8212,1.);
#8212 = DIRECTION('',(0.,0.,1.));
#8213 = ORIENTED_EDGE('',*,*,#8214,.T.);
#8214 = EDGE_CURVE('',#8207,#8163,#8215,.T.);
#8215 = CIRCLE('',#8216,5.5E-02);
#8216 = AXIS2_PLACEMENT_3D('',#8217,#8218,#8219);
#8217 = CARTESIAN_POINT('',(1.545,0.8,5.5E-02));
#8218 = DIRECTION('',(0.,1.,0.));
#8219 = DIRECTION('',(0.,-0.,1.));
#8220 = PLANE('',#8221);
#8221 = AXIS2_PLACEMENT_3D('',#8222,#8223,#8224);
#8222 = CARTESIAN_POINT('',(1.2,0.8,0.));
#8223 = DIRECTION('',(0.,1.,0.));
#8224 = DIRECTION('',(0.,-0.,1.));
#8225 = ADVANCED_FACE('',(#8226),#8244,.T.);
#8226 = FACE_BOUND('',#8227,.T.);
#8227 = EDGE_LOOP('',(#8228,#8229,#8230,#8238));
#8228 = ORIENTED_EDGE('',*,*,#7973,.F.);
#8229 = ORIENTED_EDGE('',*,*,#8138,.T.);
#8230 = ORIENTED_EDGE('',*,*,#8231,.T.);
#8231 = EDGE_CURVE('',#8139,#8232,#8234,.T.);
#8232 = VERTEX_POINT('',#8233);
#8233 = CARTESIAN_POINT('',(1.2,0.8,0.55));
#8234 = LINE('',#8235,#8236);
#8235 = CARTESIAN_POINT('',(-1.2,0.8,0.55));
#8236 = VECTOR('',#8237,1.);
#8237 = DIRECTION('',(1.,0.,-0.));
#8238 = ORIENTED_EDGE('',*,*,#8239,.F.);
#8239 = EDGE_CURVE('',#7974,#8232,#8240,.T.);
#8240 = LINE('',#8241,#8242);
#8241 = CARTESIAN_POINT('',(1.2,0.8,0.495));
#8242 = VECTOR('',#8243,1.);
#8243 = DIRECTION('',(0.,0.,1.));
#8244 = PLANE('',#8245);
#8245 = AXIS2_PLACEMENT_3D('',#8246,#8247,#8248);
#8246 = CARTESIAN_POINT('',(-1.2,0.8,0.495));
#8247 = DIRECTION('',(0.,1.,0.));
#8248 = DIRECTION('',(0.,-0.,1.));
#8249 = ADVANCED_FACE('',(#8250),#8261,.T.);
#8250 = FACE_BOUND('',#8251,.T.);
#8251 = EDGE_LOOP('',(#8252,#8253,#8254,#8260));
#8252 = ORIENTED_EDGE('',*,*,#8021,.T.);
#8253 = ORIENTED_EDGE('',*,*,#8170,.T.);
#8254 = ORIENTED_EDGE('',*,*,#8255,.F.);
#8255 = EDGE_CURVE('',#8037,#8161,#8256,.T.);
#8256 = LINE('',#8257,#8258);
#8257 = CARTESIAN_POINT('',(1.255,-0.8,0.));
#8258 = VECTOR('',#8259,1.);
#8259 = DIRECTION('',(0.,1.,0.));
#8260 = ORIENTED_EDGE('',*,*,#8046,.F.);
#8261 = CYLINDRICAL_SURFACE('',#8262,5.5E-02);
#8262 = AXIS2_PLACEMENT_3D('',#8263,#8264,#8265);
#8263 = CARTESIAN_POINT('',(1.255,-0.8,5.5E-02));
#8264 = DIRECTION('',(0.,1.,0.));
#8265 = DIRECTION('',(-1.,0.,0.));
#8266 = ADVANCED_FACE('',(#8267),#8278,.F.);
#8267 = FACE_BOUND('',#8268,.F.);
#8268 = EDGE_LOOP('',(#8269,#8270,#8271,#8272));
#8269 = ORIENTED_EDGE('',*,*,#8160,.F.);
#8270 = ORIENTED_EDGE('',*,*,#8255,.F.);
#8271 = ORIENTED_EDGE('',*,*,#8036,.T.);
#8272 = ORIENTED_EDGE('',*,*,#8273,.T.);
#8273 = EDGE_CURVE('',#8039,#8163,#8274,.T.);
#8274 = LINE('',#8275,#8276);
#8275 = CARTESIAN_POINT('',(1.545,-0.8,0.));
#8276 = VECTOR('',#8277,1.);
#8277 = DIRECTION('',(0.,1.,0.));
#8278 = PLANE('',#8279);
#8279 = AXIS2_PLACEMENT_3D('',#8280,#8281,#8282);
#8280 = CARTESIAN_POINT('',(1.2,-0.8,0.));
#8281 = DIRECTION('',(0.,0.,1.));
#8282 = DIRECTION('',(1.,0.,-0.));
#8283 = ADVANCED_FACE('',(#8284),#8295,.T.);
#8284 = FACE_BOUND('',#8285,.T.);
#8285 = EDGE_LOOP('',(#8286,#8287,#8288,#8289));
#8286 = ORIENTED_EDGE('',*,*,#8090,.T.);
#8287 = ORIENTED_EDGE('',*,*,#8273,.T.);
#8288 = ORIENTED_EDGE('',*,*,#8214,.F.);
#8289 = ORIENTED_EDGE('',*,*,#8290,.F.);
#8290 = EDGE_CURVE('',#8083,#8207,#8291,.T.);
#8291 = LINE('',#8292,#8293);
#8292 = CARTESIAN_POINT('',(1.6,-0.8,5.5E-02));
#8293 = VECTOR('',#8294,1.);
#8294 = DIRECTION('',(0.,1.,0.));
#8295 = CYLINDRICAL_SURFACE('',#8296,5.5E-02);
#8296 = AXIS2_PLACEMENT_3D('',#8297,#8298,#8299);
#8297 = CARTESIAN_POINT('',(1.545,-0.8,5.5E-02));
#8298 = DIRECTION('',(0.,1.,0.));
#8299 = DIRECTION('',(1.,0.,-0.));
#8300 = ADVANCED_FACE('',(#8301),#8312,.T.);
#8301 = FACE_BOUND('',#8302,.T.);
#8302 = EDGE_LOOP('',(#8303,#8304,#8305,#8306));
#8303 = ORIENTED_EDGE('',*,*,#8082,.F.);
#8304 = ORIENTED_EDGE('',*,*,#8290,.T.);
#8305 = ORIENTED_EDGE('',*,*,#8206,.T.);
#8306 = ORIENTED_EDGE('',*,*,#8307,.F.);
#8307 = EDGE_CURVE('',#8074,#8198,#8308,.T.);
#8308 = LINE('',#8309,#8310);
#8309 = CARTESIAN_POINT('',(1.6,-0.8,0.495));
#8310 = VECTOR('',#8311,1.);
#8311 = DIRECTION('',(0.,1.,0.));
#8312 = PLANE('',#8313);
#8313 = AXIS2_PLACEMENT_3D('',#8314,#8315,#8316);
#8314 = CARTESIAN_POINT('',(1.6,-0.8,0.));
#8315 = DIRECTION('',(1.,0.,-0.));
#8316 = DIRECTION('',(0.,0.,1.));
#8317 = ADVANCED_FACE('',(#8318),#8329,.T.);
#8318 = FACE_BOUND('',#8319,.T.);
#8319 = EDGE_LOOP('',(#8320,#8321,#8322,#8328));
#8320 = ORIENTED_EDGE('',*,*,#8307,.T.);
#8321 = ORIENTED_EDGE('',*,*,#8197,.T.);
#8322 = ORIENTED_EDGE('',*,*,#8323,.F.);
#8323 = EDGE_CURVE('',#8066,#8190,#8324,.T.);
#8324 = LINE('',#8325,#8326);
#8325 = CARTESIAN_POINT('',(1.545,-0.8,0.55));
#8326 = VECTOR('',#8327,1.);
#8327 = DIRECTION('',(0.,1.,0.));
#8328 = ORIENTED_EDGE('',*,*,#8073,.F.);
#8329 = CYLINDRICAL_SURFACE('',#8330,5.5E-02);
#8330 = AXIS2_PLACEMENT_3D('',#8331,#8332,#8333);
#8331 = CARTESIAN_POINT('',(1.545,-0.8,0.495));
#8332 = DIRECTION('',(0.,1.,0.));
#8333 = DIRECTION('',(1.,0.,-0.));
#8334 = ADVANCED_FACE('',(#8335),#8346,.T.);
#8335 = FACE_BOUND('',#8336,.T.);
#8336 = EDGE_LOOP('',(#8337,#8338,#8344,#8345));
#8337 = ORIENTED_EDGE('',*,*,#8189,.F.);
#8338 = ORIENTED_EDGE('',*,*,#8339,.F.);
#8339 = EDGE_CURVE('',#8057,#8181,#8340,.T.);
#8340 = LINE('',#8341,#8342);
#8341 = CARTESIAN_POINT('',(1.255,-0.8,0.55));
#8342 = VECTOR('',#8343,1.);
#8343 = DIRECTION('',(0.,1.,0.));
#8344 = ORIENTED_EDGE('',*,*,#8065,.T.);
#8345 = ORIENTED_EDGE('',*,*,#8323,.T.);
#8346 = PLANE('',#8347);
#8347 = AXIS2_PLACEMENT_3D('',#8348,#8349,#8350);
#8348 = CARTESIAN_POINT('',(1.2,-0.8,0.55));
#8349 = DIRECTION('',(0.,0.,1.));
#8350 = DIRECTION('',(1.,0.,-0.));
#8351 = ADVANCED_FACE('',(#8352),#8363,.T.);
#8352 = FACE_BOUND('',#8353,.T.);
#8353 = EDGE_LOOP('',(#8354,#8355,#8356,#8357));
#8354 = ORIENTED_EDGE('',*,*,#8056,.T.);
#8355 = ORIENTED_EDGE('',*,*,#8339,.T.);
#8356 = ORIENTED_EDGE('',*,*,#8180,.F.);
#8357 = ORIENTED_EDGE('',*,*,#8358,.F.);
#8358 = EDGE_CURVE('',#7891,#7974,#8359,.T.);
#8359 = LINE('',#8360,#8361);
#8360 = CARTESIAN_POINT('',(1.2,-0.8,0.495));
#8361 = VECTOR('',#8362,1.);
#8362 = DIRECTION('',(0.,1.,0.));
#8363 = CYLINDRICAL_SURFACE('',#8364,5.5E-02);
#8364 = AXIS2_PLACEMENT_3D('',#8365,#8366,#8367);
#8365 = CARTESIAN_POINT('',(1.255,-0.8,0.495));
#8366 = DIRECTION('',(0.,1.,0.));
#8367 = DIRECTION('',(-1.,0.,0.));
#8368 = ADVANCED_FACE('',(#8369),#8380,.T.);
#8369 = FACE_BOUND('',#8370,.T.);
#8370 = EDGE_LOOP('',(#8371,#8372,#8373,#8374));
#8371 = ORIENTED_EDGE('',*,*,#8122,.F.);
#8372 = ORIENTED_EDGE('',*,*,#8358,.T.);
#8373 = ORIENTED_EDGE('',*,*,#8239,.T.);
#8374 = ORIENTED_EDGE('',*,*,#8375,.F.);
#8375 = EDGE_CURVE('',#8115,#8232,#8376,.T.);
#8376 = LINE('',#8377,#8378);
#8377 = CARTESIAN_POINT('',(1.2,-0.8,0.55));
#8378 = VECTOR('',#8379,1.);
#8379 = DIRECTION('',(0.,1.,0.));
#8380 = PLANE('',#8381);
#8381 = AXIS2_PLACEMENT_3D('',#8382,#8383,#8384);
#8382 = CARTESIAN_POINT('',(1.2,-0.8,0.495));
#8383 = DIRECTION('',(1.,0.,-0.));
#8384 = DIRECTION('',(0.,0.,1.));
#8385 = ADVANCED_FACE('',(#8386),#8392,.T.);
#8386 = FACE_BOUND('',#8387,.T.);
#8387 = EDGE_LOOP('',(#8388,#8389,#8390,#8391));
#8388 = ORIENTED_EDGE('',*,*,#8146,.F.);
#8389 = ORIENTED_EDGE('',*,*,#8114,.T.);
#8390 = ORIENTED_EDGE('',*,*,#8375,.T.);
#8391 = ORIENTED_EDGE('',*,*,#8231,.F.);
#8392 = PLANE('',#8393);
#8393 = AXIS2_PLACEMENT_3D('',#8394,#8395,#8396);
#8394 = CARTESIAN_POINT('',(-1.2,-0.8,0.55));
#8395 = DIRECTION('',(0.,0.,1.));
#8396 = DIRECTION('',(1.,0.,-0.));
#8397 = ( GEOMETRIC_REPRESENTATION_CONTEXT(3) 
GLOBAL_UNCERTAINTY_ASSIGNED_CONTEXT((#8401)) 
GLOBAL_UNIT_ASSIGNED_CONTEXT((#8398,#8399,#8400)) REPRESENTATION_CONTEXT
('Context #1','3D Context with UNIT and UNCERTAINTY') );
#8398 = ( LENGTH_UNIT() NAMED_UNIT(*) SI_UNIT(.MILLI.,.METRE.) );
#8399 = ( NAMED_UNIT(*) PLANE_ANGLE_UNIT() SI_UNIT($,.RADIAN.) );
#8400 = ( NAMED_UNIT(*) SI_UNIT($,.STERADIAN.) SOLID_ANGLE_UNIT() );
#8401 = UNCERTAINTY_MEASURE_WITH_UNIT(LENGTH_MEASURE(1.E-07),#8398,
  'distance_accuracy_value','confusion accuracy');
#8402 = CONTEXT_DEPENDENT_SHAPE_REPRESENTATION(#8403,#8405);
#8403 = ( REPRESENTATION_RELATIONSHIP('','',#7606,#10) 
REPRESENTATION_RELATIONSHIP_WITH_TRANSFORMATION(#8404) 
SHAPE_REPRESENTATION_RELATIONSHIP() );
#8404 = ITEM_DEFINED_TRANSFORMATION('','',#11,#27);
#8405 = PRODUCT_DEFINITION_SHAPE('Placement','Placement of an item',
  #8406);
#8406 = NEXT_ASSEMBLY_USAGE_OCCURRENCE('5','R1','',#5,#7601,$);
#8407 = PRODUCT_RELATED_PRODUCT_CATEGORY('part',$,(#7603));
#8408 = SHAPE_DEFINITION_REPRESENTATION(#8409,#8415);
#8409 = PRODUCT_DEFINITION_SHAPE('','',#8410);
#8410 = PRODUCT_DEFINITION('design','',#8411,#8414);
#8411 = PRODUCT_DEFINITION_FORMATION('','',#8412);
#8412 = PRODUCT('readout1_PCB','readout1_PCB','',(#8413));
#8413 = PRODUCT_CONTEXT('',#2,'mechanical');
#8414 = PRODUCT_DEFINITION_CONTEXT('part definition',#2,'design');
#8415 = ADVANCED_BREP_SHAPE_REPRESENTATION('',(#11,#8416),#8956);
#8416 = MANIFOLD_SOLID_BREP('',#8417);
#8417 = CLOSED_SHELL('',(#8418,#8458,#8489,#8520,#8647,#8774,#8786,#8803
    ,#8820,#8837,#8854,#8871,#8888,#8905,#8922,#8939));
#8418 = ADVANCED_FACE('',(#8419),#8453,.T.);
#8419 = FACE_BOUND('',#8420,.T.);
#8420 = EDGE_LOOP('',(#8421,#8431,#8439,#8447));
#8421 = ORIENTED_EDGE('',*,*,#8422,.T.);
#8422 = EDGE_CURVE('',#8423,#8425,#8427,.T.);
#8423 = VERTEX_POINT('',#8424);
#8424 = CARTESIAN_POINT('',(11.,-11.,0.));
#8425 = VERTEX_POINT('',#8426);
#8426 = CARTESIAN_POINT('',(11.,-11.,1.510198));
#8427 = LINE('',#8428,#8429);
#8428 = CARTESIAN_POINT('',(11.,-11.,0.));
#8429 = VECTOR('',#8430,1.);
#8430 = DIRECTION('',(0.,0.,1.));
#8431 = ORIENTED_EDGE('',*,*,#8432,.T.);
#8432 = EDGE_CURVE('',#8425,#8433,#8435,.T.);
#8433 = VERTEX_POINT('',#8434);
#8434 = CARTESIAN_POINT('',(-11.,-11.,1.510198));
#8435 = LINE('',#8436,#8437);
#8436 = CARTESIAN_POINT('',(11.,-11.,1.510198));
#8437 = VECTOR('',#8438,1.);
#8438 = DIRECTION('',(-1.,0.,0.));
#8439 = ORIENTED_EDGE('',*,*,#8440,.F.);
#8440 = EDGE_CURVE('',#8441,#8433,#8443,.T.);
#8441 = VERTEX_POINT('',#8442);
#8442 = CARTESIAN_POINT('',(-11.,-11.,0.));
#8443 = LINE('',#8444,#8445);
#8444 = CARTESIAN_POINT('',(-11.,-11.,0.));
#8445 = VECTOR('',#8446,1.);
#8446 = DIRECTION('',(0.,0.,1.));
#8447 = ORIENTED_EDGE('',*,*,#8448,.F.);
#8448 = EDGE_CURVE('',#8423,#8441,#8449,.T.);
#8449 = LINE('',#8450,#8451);
#8450 = CARTESIAN_POINT('',(11.,-11.,0.));
#8451 = VECTOR('',#8452,1.);
#8452 = DIRECTION('',(-1.,0.,0.));
#8453 = PLANE('',#8454);
#8454 = AXIS2_PLACEMENT_3D('',#8455,#8456,#8457);
#8455 = CARTESIAN_POINT('',(11.,-11.,0.));
#8456 = DIRECTION('',(0.,-1.,0.));
#8457 = DIRECTION('',(-1.,0.,0.));
#8458 = ADVANCED_FACE('',(#8459),#8484,.T.);
#8459 = FACE_BOUND('',#8460,.T.);
#8460 = EDGE_LOOP('',(#8461,#8471,#8477,#8478));
#8461 = ORIENTED_EDGE('',*,*,#8462,.T.);
#8462 = EDGE_CURVE('',#8463,#8465,#8467,.T.);
#8463 = VERTEX_POINT('',#8464);
#8464 = CARTESIAN_POINT('',(11.,11.,0.));
#8465 = VERTEX_POINT('',#8466);
#8466 = CARTESIAN_POINT('',(11.,11.,1.510198));
#8467 = LINE('',#8468,#8469);
#8468 = CARTESIAN_POINT('',(11.,11.,0.));
#8469 = VECTOR('',#8470,1.);
#8470 = DIRECTION('',(0.,0.,1.));
#8471 = ORIENTED_EDGE('',*,*,#8472,.T.);
#8472 = EDGE_CURVE('',#8465,#8425,#8473,.T.);
#8473 = LINE('',#8474,#8475);
#8474 = CARTESIAN_POINT('',(11.,11.,1.510198));
#8475 = VECTOR('',#8476,1.);
#8476 = DIRECTION('',(0.,-1.,0.));
#8477 = ORIENTED_EDGE('',*,*,#8422,.F.);
#8478 = ORIENTED_EDGE('',*,*,#8479,.F.);
#8479 = EDGE_CURVE('',#8463,#8423,#8480,.T.);
#8480 = LINE('',#8481,#8482);
#8481 = CARTESIAN_POINT('',(11.,11.,0.));
#8482 = VECTOR('',#8483,1.);
#8483 = DIRECTION('',(0.,-1.,0.));
#8484 = PLANE('',#8485);
#8485 = AXIS2_PLACEMENT_3D('',#8486,#8487,#8488);
#8486 = CARTESIAN_POINT('',(11.,11.,0.));
#8487 = DIRECTION('',(1.,0.,-0.));
#8488 = DIRECTION('',(0.,-1.,0.));
#8489 = ADVANCED_FACE('',(#8490),#8515,.T.);
#8490 = FACE_BOUND('',#8491,.T.);
#8491 = EDGE_LOOP('',(#8492,#8493,#8501,#8509));
#8492 = ORIENTED_EDGE('',*,*,#8440,.T.);
#8493 = ORIENTED_EDGE('',*,*,#8494,.T.);
#8494 = EDGE_CURVE('',#8433,#8495,#8497,.T.);
#8495 = VERTEX_POINT('',#8496);
#8496 = CARTESIAN_POINT('',(-11.,11.,1.510198));
#8497 = LINE('',#8498,#8499);
#8498 = CARTESIAN_POINT('',(-11.,-11.,1.510198));
#8499 = VECTOR('',#8500,1.);
#8500 = DIRECTION('',(0.,1.,0.));
#8501 = ORIENTED_EDGE('',*,*,#8502,.F.);
#8502 = EDGE_CURVE('',#8503,#8495,#8505,.T.);
#8503 = VERTEX_POINT('',#8504);
#8504 = CARTESIAN_POINT('',(-11.,11.,0.));
#8505 = LINE('',#8506,#8507);
#8506 = CARTESIAN_POINT('',(-11.,11.,0.));
#8507 = VECTOR('',#8508,1.);
#8508 = DIRECTION('',(0.,0.,1.));
#8509 = ORIENTED_EDGE('',*,*,#8510,.F.);
#8510 = EDGE_CURVE('',#8441,#8503,#8511,.T.);
#8511 = LINE('',#8512,#8513);
#8512 = CARTESIAN_POINT('',(-11.,-11.,0.));
#8513 = VECTOR('',#8514,1.);
#8514 = DIRECTION('',(0.,1.,0.));
#8515 = PLANE('',#8516);
#8516 = AXIS2_PLACEMENT_3D('',#8517,#8518,#8519);
#8517 = CARTESIAN_POINT('',(-11.,-11.,0.));
#8518 = DIRECTION('',(-1.,0.,0.));
#8519 = DIRECTION('',(0.,1.,0.));
#8520 = ADVANCED_FACE('',(#8521,#8532,#8543,#8554,#8565,#8576,#8587,
    #8598,#8609,#8620,#8631),#8642,.F.);
#8521 = FACE_BOUND('',#8522,.F.);
#8522 = EDGE_LOOP('',(#8523,#8524,#8525,#8531));
#8523 = ORIENTED_EDGE('',*,*,#8448,.F.);
#8524 = ORIENTED_EDGE('',*,*,#8479,.F.);
#8525 = ORIENTED_EDGE('',*,*,#8526,.F.);
#8526 = EDGE_CURVE('',#8503,#8463,#8527,.T.);
#8527 = LINE('',#8528,#8529);
#8528 = CARTESIAN_POINT('',(-11.,11.,0.));
#8529 = VECTOR('',#8530,1.);
#8530 = DIRECTION('',(1.,0.,0.));
#8531 = ORIENTED_EDGE('',*,*,#8510,.F.);
#8532 = FACE_BOUND('',#8533,.F.);
#8533 = EDGE_LOOP('',(#8534));
#8534 = ORIENTED_EDGE('',*,*,#8535,.T.);
#8535 = EDGE_CURVE('',#8536,#8536,#8538,.T.);
#8536 = VERTEX_POINT('',#8537);
#8537 = CARTESIAN_POINT('',(-8.,-9.6,0.));
#8538 = CIRCLE('',#8539,1.6);
#8539 = AXIS2_PLACEMENT_3D('',#8540,#8541,#8542);
#8540 = CARTESIAN_POINT('',(-8.,-8.,0.));
#8541 = DIRECTION('',(-0.,0.,-1.));
#8542 = DIRECTION('',(-0.,-1.,0.));
#8543 = FACE_BOUND('',#8544,.F.);
#8544 = EDGE_LOOP('',(#8545));
#8545 = ORIENTED_EDGE('',*,*,#8546,.T.);
#8546 = EDGE_CURVE('',#8547,#8547,#8549,.T.);
#8547 = VERTEX_POINT('',#8548);
#8548 = CARTESIAN_POINT('',(-8.5,-3.08,0.));
#8549 = CIRCLE('',#8550,0.5);
#8550 = AXIS2_PLACEMENT_3D('',#8551,#8552,#8553);
#8551 = CARTESIAN_POINT('',(-8.5,-2.58,0.));
#8552 = DIRECTION('',(-0.,0.,-1.));
#8553 = DIRECTION('',(-0.,-1.,0.));
#8554 = FACE_BOUND('',#8555,.F.);
#8555 = EDGE_LOOP('',(#8556));
#8556 = ORIENTED_EDGE('',*,*,#8557,.T.);
#8557 = EDGE_CURVE('',#8558,#8558,#8560,.T.);
#8558 = VERTEX_POINT('',#8559);
#8559 = CARTESIAN_POINT('',(-8.5,-0.54,0.));
#8560 = CIRCLE('',#8561,0.5);
#8561 = AXIS2_PLACEMENT_3D('',#8562,#8563,#8564);
#8562 = CARTESIAN_POINT('',(-8.5,-4.E-02,0.));
#8563 = DIRECTION('',(-0.,0.,-1.));
#8564 = DIRECTION('',(-0.,-1.,0.));
#8565 = FACE_BOUND('',#8566,.F.);
#8566 = EDGE_LOOP('',(#8567));
#8567 = ORIENTED_EDGE('',*,*,#8568,.T.);
#8568 = EDGE_CURVE('',#8569,#8569,#8571,.T.);
#8569 = VERTEX_POINT('',#8570);
#8570 = CARTESIAN_POINT('',(8.,-9.6,0.));
#8571 = CIRCLE('',#8572,1.6);
#8572 = AXIS2_PLACEMENT_3D('',#8573,#8574,#8575);
#8573 = CARTESIAN_POINT('',(8.,-8.,0.));
#8574 = DIRECTION('',(-0.,0.,-1.));
#8575 = DIRECTION('',(-0.,-1.,0.));
#8576 = FACE_BOUND('',#8577,.F.);
#8577 = EDGE_LOOP('',(#8578));
#8578 = ORIENTED_EDGE('',*,*,#8579,.T.);
#8579 = EDGE_CURVE('',#8580,#8580,#8582,.T.);
#8580 = VERTEX_POINT('',#8581);
#8581 = CARTESIAN_POINT('',(8.5,-3.08,0.));
#8582 = CIRCLE('',#8583,0.5);
#8583 = AXIS2_PLACEMENT_3D('',#8584,#8585,#8586);
#8584 = CARTESIAN_POINT('',(8.5,-2.58,0.));
#8585 = DIRECTION('',(-0.,0.,-1.));
#8586 = DIRECTION('',(-0.,-1.,0.));
#8587 = FACE_BOUND('',#8588,.F.);
#8588 = EDGE_LOOP('',(#8589));
#8589 = ORIENTED_EDGE('',*,*,#8590,.T.);
#8590 = EDGE_CURVE('',#8591,#8591,#8593,.T.);
#8591 = VERTEX_POINT('',#8592);
#8592 = CARTESIAN_POINT('',(8.5,-0.54,0.));
#8593 = CIRCLE('',#8594,0.5);
#8594 = AXIS2_PLACEMENT_3D('',#8595,#8596,#8597);
#8595 = CARTESIAN_POINT('',(8.5,-4.E-02,0.));
#8596 = DIRECTION('',(-0.,0.,-1.));
#8597 = DIRECTION('',(-0.,-1.,0.));
#8598 = FACE_BOUND('',#8599,.F.);
#8599 = EDGE_LOOP('',(#8600));
#8600 = ORIENTED_EDGE('',*,*,#8601,.T.);
#8601 = EDGE_CURVE('',#8602,#8602,#8604,.T.);
#8602 = VERTEX_POINT('',#8603);
#8603 = CARTESIAN_POINT('',(-8.5,2.,0.));
#8604 = CIRCLE('',#8605,0.5);
#8605 = AXIS2_PLACEMENT_3D('',#8606,#8607,#8608);
#8606 = CARTESIAN_POINT('',(-8.5,2.5,0.));
#8607 = DIRECTION('',(-0.,0.,-1.));
#8608 = DIRECTION('',(-0.,-1.,0.));
#8609 = FACE_BOUND('',#8610,.F.);
#8610 = EDGE_LOOP('',(#8611));
#8611 = ORIENTED_EDGE('',*,*,#8612,.T.);
#8612 = EDGE_CURVE('',#8613,#8613,#8615,.T.);
#8613 = VERTEX_POINT('',#8614);
#8614 = CARTESIAN_POINT('',(-8.,6.4,0.));
#8615 = CIRCLE('',#8616,1.6);
#8616 = AXIS2_PLACEMENT_3D('',#8617,#8618,#8619);
#8617 = CARTESIAN_POINT('',(-8.,8.,0.));
#8618 = DIRECTION('',(-0.,0.,-1.));
#8619 = DIRECTION('',(-0.,-1.,0.));
#8620 = FACE_BOUND('',#8621,.F.);
#8621 = EDGE_LOOP('',(#8622));
#8622 = ORIENTED_EDGE('',*,*,#8623,.T.);
#8623 = EDGE_CURVE('',#8624,#8624,#8626,.T.);
#8624 = VERTEX_POINT('',#8625);
#8625 = CARTESIAN_POINT('',(8.5,2.,0.));
#8626 = CIRCLE('',#8627,0.5);
#8627 = AXIS2_PLACEMENT_3D('',#8628,#8629,#8630);
#8628 = CARTESIAN_POINT('',(8.5,2.5,0.));
#8629 = DIRECTION('',(-0.,0.,-1.));
#8630 = DIRECTION('',(-0.,-1.,0.));
#8631 = FACE_BOUND('',#8632,.F.);
#8632 = EDGE_LOOP('',(#8633));
#8633 = ORIENTED_EDGE('',*,*,#8634,.T.);
#8634 = EDGE_CURVE('',#8635,#8635,#8637,.T.);
#8635 = VERTEX_POINT('',#8636);
#8636 = CARTESIAN_POINT('',(8.,6.4,0.));
#8637 = CIRCLE('',#8638,1.6);
#8638 = AXIS2_PLACEMENT_3D('',#8639,#8640,#8641);
#8639 = CARTESIAN_POINT('',(8.,8.,0.));
#8640 = DIRECTION('',(-0.,0.,-1.));
#8641 = DIRECTION('',(-0.,-1.,0.));
#8642 = PLANE('',#8643);
#8643 = AXIS2_PLACEMENT_3D('',#8644,#8645,#8646);
#8644 = CARTESIAN_POINT('',(0.,0.,0.));
#8645 = DIRECTION('',(0.,0.,1.));
#8646 = DIRECTION('',(1.,0.,-0.));
#8647 = ADVANCED_FACE('',(#8648,#8659,#8670,#8681,#8692,#8703,#8714,
    #8725,#8736,#8747,#8758),#8769,.T.);
#8648 = FACE_BOUND('',#8649,.T.);
#8649 = EDGE_LOOP('',(#8650,#8651,#8652,#8658));
#8650 = ORIENTED_EDGE('',*,*,#8432,.F.);
#8651 = ORIENTED_EDGE('',*,*,#8472,.F.);
#8652 = ORIENTED_EDGE('',*,*,#8653,.F.);
#8653 = EDGE_CURVE('',#8495,#8465,#8654,.T.);
#8654 = LINE('',#8655,#8656);
#8655 = CARTESIAN_POINT('',(-11.,11.,1.510198));
#8656 = VECTOR('',#8657,1.);
#8657 = DIRECTION('',(1.,0.,0.));
#8658 = ORIENTED_EDGE('',*,*,#8494,.F.);
#8659 = FACE_BOUND('',#8660,.T.);
#8660 = EDGE_LOOP('',(#8661));
#8661 = ORIENTED_EDGE('',*,*,#8662,.T.);
#8662 = EDGE_CURVE('',#8663,#8663,#8665,.T.);
#8663 = VERTEX_POINT('',#8664);
#8664 = CARTESIAN_POINT('',(-8.,-9.6,1.510198));
#8665 = CIRCLE('',#8666,1.6);
#8666 = AXIS2_PLACEMENT_3D('',#8667,#8668,#8669);
#8667 = CARTESIAN_POINT('',(-8.,-8.,1.510198));
#8668 = DIRECTION('',(-0.,0.,-1.));
#8669 = DIRECTION('',(-0.,-1.,0.));
#8670 = FACE_BOUND('',#8671,.T.);
#8671 = EDGE_LOOP('',(#8672));
#8672 = ORIENTED_EDGE('',*,*,#8673,.T.);
#8673 = EDGE_CURVE('',#8674,#8674,#8676,.T.);
#8674 = VERTEX_POINT('',#8675);
#8675 = CARTESIAN_POINT('',(-8.5,-3.08,1.510198));
#8676 = CIRCLE('',#8677,0.5);
#8677 = AXIS2_PLACEMENT_3D('',#8678,#8679,#8680);
#8678 = CARTESIAN_POINT('',(-8.5,-2.58,1.510198));
#8679 = DIRECTION('',(-0.,0.,-1.));
#8680 = DIRECTION('',(-0.,-1.,0.));
#8681 = FACE_BOUND('',#8682,.T.);
#8682 = EDGE_LOOP('',(#8683));
#8683 = ORIENTED_EDGE('',*,*,#8684,.T.);
#8684 = EDGE_CURVE('',#8685,#8685,#8687,.T.);
#8685 = VERTEX_POINT('',#8686);
#8686 = CARTESIAN_POINT('',(-8.5,-0.54,1.510198));
#8687 = CIRCLE('',#8688,0.5);
#8688 = AXIS2_PLACEMENT_3D('',#8689,#8690,#8691);
#8689 = CARTESIAN_POINT('',(-8.5,-4.E-02,1.510198));
#8690 = DIRECTION('',(-0.,0.,-1.));
#8691 = DIRECTION('',(-0.,-1.,0.));
#8692 = FACE_BOUND('',#8693,.T.);
#8693 = EDGE_LOOP('',(#8694));
#8694 = ORIENTED_EDGE('',*,*,#8695,.T.);
#8695 = EDGE_CURVE('',#8696,#8696,#8698,.T.);
#8696 = VERTEX_POINT('',#8697);
#8697 = CARTESIAN_POINT('',(8.,-9.6,1.510198));
#8698 = CIRCLE('',#8699,1.6);
#8699 = AXIS2_PLACEMENT_3D('',#8700,#8701,#8702);
#8700 = CARTESIAN_POINT('',(8.,-8.,1.510198));
#8701 = DIRECTION('',(-0.,0.,-1.));
#8702 = DIRECTION('',(-0.,-1.,0.));
#8703 = FACE_BOUND('',#8704,.T.);
#8704 = EDGE_LOOP('',(#8705));
#8705 = ORIENTED_EDGE('',*,*,#8706,.T.);
#8706 = EDGE_CURVE('',#8707,#8707,#8709,.T.);
#8707 = VERTEX_POINT('',#8708);
#8708 = CARTESIAN_POINT('',(8.5,-3.08,1.510198));
#8709 = CIRCLE('',#8710,0.5);
#8710 = AXIS2_PLACEMENT_3D('',#8711,#8712,#8713);
#8711 = CARTESIAN_POINT('',(8.5,-2.58,1.510198));
#8712 = DIRECTION('',(-0.,0.,-1.));
#8713 = DIRECTION('',(-0.,-1.,0.));
#8714 = FACE_BOUND('',#8715,.T.);
#8715 = EDGE_LOOP('',(#8716));
#8716 = ORIENTED_EDGE('',*,*,#8717,.T.);
#8717 = EDGE_CURVE('',#8718,#8718,#8720,.T.);
#8718 = VERTEX_POINT('',#8719);
#8719 = CARTESIAN_POINT('',(8.5,-0.54,1.510198));
#8720 = CIRCLE('',#8721,0.5);
#8721 = AXIS2_PLACEMENT_3D('',#8722,#8723,#8724);
#8722 = CARTESIAN_POINT('',(8.5,-4.E-02,1.510198));
#8723 = DIRECTION('',(-0.,0.,-1.));
#8724 = DIRECTION('',(-0.,-1.,0.));
#8725 = FACE_BOUND('',#8726,.T.);
#8726 = EDGE_LOOP('',(#8727));
#8727 = ORIENTED_EDGE('',*,*,#8728,.T.);
#8728 = EDGE_CURVE('',#8729,#8729,#8731,.T.);
#8729 = VERTEX_POINT('',#8730);
#8730 = CARTESIAN_POINT('',(-8.5,2.,1.510198));
#8731 = CIRCLE('',#8732,0.5);
#8732 = AXIS2_PLACEMENT_3D('',#8733,#8734,#8735);
#8733 = CARTESIAN_POINT('',(-8.5,2.5,1.510198));
#8734 = DIRECTION('',(-0.,0.,-1.));
#8735 = DIRECTION('',(-0.,-1.,0.));
#8736 = FACE_BOUND('',#8737,.T.);
#8737 = EDGE_LOOP('',(#8738));
#8738 = ORIENTED_EDGE('',*,*,#8739,.T.);
#8739 = EDGE_CURVE('',#8740,#8740,#8742,.T.);
#8740 = VERTEX_POINT('',#8741);
#8741 = CARTESIAN_POINT('',(-8.,6.4,1.510198));
#8742 = CIRCLE('',#8743,1.6);
#8743 = AXIS2_PLACEMENT_3D('',#8744,#8745,#8746);
#8744 = CARTESIAN_POINT('',(-8.,8.,1.510198));
#8745 = DIRECTION('',(-0.,0.,-1.));
#8746 = DIRECTION('',(-0.,-1.,0.));
#8747 = FACE_BOUND('',#8748,.T.);
#8748 = EDGE_LOOP('',(#8749));
#8749 = ORIENTED_EDGE('',*,*,#8750,.T.);
#8750 = EDGE_CURVE('',#8751,#8751,#8753,.T.);
#8751 = VERTEX_POINT('',#8752);
#8752 = CARTESIAN_POINT('',(8.5,2.,1.510198));
#8753 = CIRCLE('',#8754,0.5);
#8754 = AXIS2_PLACEMENT_3D('',#8755,#8756,#8757);
#8755 = CARTESIAN_POINT('',(8.5,2.5,1.510198));
#8756 = DIRECTION('',(-0.,0.,-1.));
#8757 = DIRECTION('',(-0.,-1.,0.));
#8758 = FACE_BOUND('',#8759,.T.);
#8759 = EDGE_LOOP('',(#8760));
#8760 = ORIENTED_EDGE('',*,*,#8761,.T.);
#8761 = EDGE_CURVE('',#8762,#8762,#8764,.T.);
#8762 = VERTEX_POINT('',#8763);
#8763 = CARTESIAN_POINT('',(8.,6.4,1.510198));
#8764 = CIRCLE('',#8765,1.6);
#8765 = AXIS2_PLACEMENT_3D('',#8766,#8767,#8768);
#8766 = CARTESIAN_POINT('',(8.,8.,1.510198));
#8767 = DIRECTION('',(-0.,0.,-1.));
#8768 = DIRECTION('',(-0.,-1.,0.));
#8769 = PLANE('',#8770);
#8770 = AXIS2_PLACEMENT_3D('',#8771,#8772,#8773);
#8771 = CARTESIAN_POINT('',(0.,0.,1.510198));
#8772 = DIRECTION('',(0.,0.,1.));
#8773 = DIRECTION('',(1.,0.,-0.));
#8774 = ADVANCED_FACE('',(#8775),#8781,.T.);
#8775 = FACE_BOUND('',#8776,.T.);
#8776 = EDGE_LOOP('',(#8777,#8778,#8779,#8780));
#8777 = ORIENTED_EDGE('',*,*,#8502,.T.);
#8778 = ORIENTED_EDGE('',*,*,#8653,.T.);
#8779 = ORIENTED_EDGE('',*,*,#8462,.F.);
#8780 = ORIENTED_EDGE('',*,*,#8526,.F.);
#8781 = PLANE('',#8782);
#8782 = AXIS2_PLACEMENT_3D('',#8783,#8784,#8785);
#8783 = CARTESIAN_POINT('',(-11.,11.,0.));
#8784 = DIRECTION('',(0.,1.,0.));
#8785 = DIRECTION('',(1.,0.,0.));
#8786 = ADVANCED_FACE('',(#8787),#8798,.F.);
#8787 = FACE_BOUND('',#8788,.T.);
#8788 = EDGE_LOOP('',(#8789,#8790,#8796,#8797));
#8789 = ORIENTED_EDGE('',*,*,#8535,.T.);
#8790 = ORIENTED_EDGE('',*,*,#8791,.T.);
#8791 = EDGE_CURVE('',#8536,#8663,#8792,.T.);
#8792 = LINE('',#8793,#8794);
#8793 = CARTESIAN_POINT('',(-8.,-9.6,-4.6E-02));
#8794 = VECTOR('',#8795,1.);
#8795 = DIRECTION('',(0.,0.,1.));
#8796 = ORIENTED_EDGE('',*,*,#8662,.F.);
#8797 = ORIENTED_EDGE('',*,*,#8791,.F.);
#8798 = CYLINDRICAL_SURFACE('',#8799,1.6);
#8799 = AXIS2_PLACEMENT_3D('',#8800,#8801,#8802);
#8800 = CARTESIAN_POINT('',(-8.,-8.,-4.6E-02));
#8801 = DIRECTION('',(-0.,-0.,-1.));
#8802 = DIRECTION('',(-0.,-1.,0.));
#8803 = ADVANCED_FACE('',(#8804),#8815,.F.);
#8804 = FACE_BOUND('',#8805,.T.);
#8805 = EDGE_LOOP('',(#8806,#8807,#8813,#8814));
#8806 = ORIENTED_EDGE('',*,*,#8546,.T.);
#8807 = ORIENTED_EDGE('',*,*,#8808,.T.);
#8808 = EDGE_CURVE('',#8547,#8674,#8809,.T.);
#8809 = LINE('',#8810,#8811);
#8810 = CARTESIAN_POINT('',(-8.5,-3.08,-4.6E-02));
#8811 = VECTOR('',#8812,1.);
#8812 = DIRECTION('',(0.,0.,1.));
#8813 = ORIENTED_EDGE('',*,*,#8673,.F.);
#8814 = ORIENTED_EDGE('',*,*,#8808,.F.);
#8815 = CYLINDRICAL_SURFACE('',#8816,0.5);
#8816 = AXIS2_PLACEMENT_3D('',#8817,#8818,#8819);
#8817 = CARTESIAN_POINT('',(-8.5,-2.58,-4.6E-02));
#8818 = DIRECTION('',(-0.,-0.,-1.));
#8819 = DIRECTION('',(-0.,-1.,0.));
#8820 = ADVANCED_FACE('',(#8821),#8832,.F.);
#8821 = FACE_BOUND('',#8822,.T.);
#8822 = EDGE_LOOP('',(#8823,#8824,#8830,#8831));
#8823 = ORIENTED_EDGE('',*,*,#8557,.T.);
#8824 = ORIENTED_EDGE('',*,*,#8825,.T.);
#8825 = EDGE_CURVE('',#8558,#8685,#8826,.T.);
#8826 = LINE('',#8827,#8828);
#8827 = CARTESIAN_POINT('',(-8.5,-0.54,-4.6E-02));
#8828 = VECTOR('',#8829,1.);
#8829 = DIRECTION('',(0.,0.,1.));
#8830 = ORIENTED_EDGE('',*,*,#8684,.F.);
#8831 = ORIENTED_EDGE('',*,*,#8825,.F.);
#8832 = CYLINDRICAL_SURFACE('',#8833,0.5);
#8833 = AXIS2_PLACEMENT_3D('',#8834,#8835,#8836);
#8834 = CARTESIAN_POINT('',(-8.5,-4.E-02,-4.6E-02));
#8835 = DIRECTION('',(-0.,-0.,-1.));
#8836 = DIRECTION('',(-0.,-1.,0.));
#8837 = ADVANCED_FACE('',(#8838),#8849,.F.);
#8838 = FACE_BOUND('',#8839,.T.);
#8839 = EDGE_LOOP('',(#8840,#8841,#8847,#8848));
#8840 = ORIENTED_EDGE('',*,*,#8568,.T.);
#8841 = ORIENTED_EDGE('',*,*,#8842,.T.);
#8842 = EDGE_CURVE('',#8569,#8696,#8843,.T.);
#8843 = LINE('',#8844,#8845);
#8844 = CARTESIAN_POINT('',(8.,-9.6,-4.6E-02));
#8845 = VECTOR('',#8846,1.);
#8846 = DIRECTION('',(0.,0.,1.));
#8847 = ORIENTED_EDGE('',*,*,#8695,.F.);
#8848 = ORIENTED_EDGE('',*,*,#8842,.F.);
#8849 = CYLINDRICAL_SURFACE('',#8850,1.6);
#8850 = AXIS2_PLACEMENT_3D('',#8851,#8852,#8853);
#8851 = CARTESIAN_POINT('',(8.,-8.,-4.6E-02));
#8852 = DIRECTION('',(-0.,-0.,-1.));
#8853 = DIRECTION('',(-0.,-1.,0.));
#8854 = ADVANCED_FACE('',(#8855),#8866,.F.);
#8855 = FACE_BOUND('',#8856,.T.);
#8856 = EDGE_LOOP('',(#8857,#8858,#8864,#8865));
#8857 = ORIENTED_EDGE('',*,*,#8579,.T.);
#8858 = ORIENTED_EDGE('',*,*,#8859,.T.);
#8859 = EDGE_CURVE('',#8580,#8707,#8860,.T.);
#8860 = LINE('',#8861,#8862);
#8861 = CARTESIAN_POINT('',(8.5,-3.08,-4.6E-02));
#8862 = VECTOR('',#8863,1.);
#8863 = DIRECTION('',(0.,0.,1.));
#8864 = ORIENTED_EDGE('',*,*,#8706,.F.);
#8865 = ORIENTED_EDGE('',*,*,#8859,.F.);
#8866 = CYLINDRICAL_SURFACE('',#8867,0.5);
#8867 = AXIS2_PLACEMENT_3D('',#8868,#8869,#8870);
#8868 = CARTESIAN_POINT('',(8.5,-2.58,-4.6E-02));
#8869 = DIRECTION('',(-0.,-0.,-1.));
#8870 = DIRECTION('',(-0.,-1.,0.));
#8871 = ADVANCED_FACE('',(#8872),#8883,.F.);
#8872 = FACE_BOUND('',#8873,.T.);
#8873 = EDGE_LOOP('',(#8874,#8875,#8881,#8882));
#8874 = ORIENTED_EDGE('',*,*,#8590,.T.);
#8875 = ORIENTED_EDGE('',*,*,#8876,.T.);
#8876 = EDGE_CURVE('',#8591,#8718,#8877,.T.);
#8877 = LINE('',#8878,#8879);
#8878 = CARTESIAN_POINT('',(8.5,-0.54,-4.6E-02));
#8879 = VECTOR('',#8880,1.);
#8880 = DIRECTION('',(0.,0.,1.));
#8881 = ORIENTED_EDGE('',*,*,#8717,.F.);
#8882 = ORIENTED_EDGE('',*,*,#8876,.F.);
#8883 = CYLINDRICAL_SURFACE('',#8884,0.5);
#8884 = AXIS2_PLACEMENT_3D('',#8885,#8886,#8887);
#8885 = CARTESIAN_POINT('',(8.5,-4.E-02,-4.6E-02));
#8886 = DIRECTION('',(-0.,-0.,-1.));
#8887 = DIRECTION('',(-0.,-1.,0.));
#8888 = ADVANCED_FACE('',(#8889),#8900,.F.);
#8889 = FACE_BOUND('',#8890,.T.);
#8890 = EDGE_LOOP('',(#8891,#8892,#8898,#8899));
#8891 = ORIENTED_EDGE('',*,*,#8601,.T.);
#8892 = ORIENTED_EDGE('',*,*,#8893,.T.);
#8893 = EDGE_CURVE('',#8602,#8729,#8894,.T.);
#8894 = LINE('',#8895,#8896);
#8895 = CARTESIAN_POINT('',(-8.5,2.,-4.6E-02));
#8896 = VECTOR('',#8897,1.);
#8897 = DIRECTION('',(0.,0.,1.));
#8898 = ORIENTED_EDGE('',*,*,#8728,.F.);
#8899 = ORIENTED_EDGE('',*,*,#8893,.F.);
#8900 = CYLINDRICAL_SURFACE('',#8901,0.5);
#8901 = AXIS2_PLACEMENT_3D('',#8902,#8903,#8904);
#8902 = CARTESIAN_POINT('',(-8.5,2.5,-4.6E-02));
#8903 = DIRECTION('',(-0.,-0.,-1.));
#8904 = DIRECTION('',(-0.,-1.,0.));
#8905 = ADVANCED_FACE('',(#8906),#8917,.F.);
#8906 = FACE_BOUND('',#8907,.T.);
#8907 = EDGE_LOOP('',(#8908,#8909,#8915,#8916));
#8908 = ORIENTED_EDGE('',*,*,#8612,.T.);
#8909 = ORIENTED_EDGE('',*,*,#8910,.T.);
#8910 = EDGE_CURVE('',#8613,#8740,#8911,.T.);
#8911 = LINE('',#8912,#8913);
#8912 = CARTESIAN_POINT('',(-8.,6.4,-4.6E-02));
#8913 = VECTOR('',#8914,1.);
#8914 = DIRECTION('',(0.,0.,1.));
#8915 = ORIENTED_EDGE('',*,*,#8739,.F.);
#8916 = ORIENTED_EDGE('',*,*,#8910,.F.);
#8917 = CYLINDRICAL_SURFACE('',#8918,1.6);
#8918 = AXIS2_PLACEMENT_3D('',#8919,#8920,#8921);
#8919 = CARTESIAN_POINT('',(-8.,8.,-4.6E-02));
#8920 = DIRECTION('',(-0.,-0.,-1.));
#8921 = DIRECTION('',(-0.,-1.,0.));
#8922 = ADVANCED_FACE('',(#8923),#8934,.F.);
#8923 = FACE_BOUND('',#8924,.T.);
#8924 = EDGE_LOOP('',(#8925,#8926,#8932,#8933));
#8925 = ORIENTED_EDGE('',*,*,#8623,.T.);
#8926 = ORIENTED_EDGE('',*,*,#8927,.T.);
#8927 = EDGE_CURVE('',#8624,#8751,#8928,.T.);
#8928 = LINE('',#8929,#8930);
#8929 = CARTESIAN_POINT('',(8.5,2.,-4.6E-02));
#8930 = VECTOR('',#8931,1.);
#8931 = DIRECTION('',(0.,0.,1.));
#8932 = ORIENTED_EDGE('',*,*,#8750,.F.);
#8933 = ORIENTED_EDGE('',*,*,#8927,.F.);
#8934 = CYLINDRICAL_SURFACE('',#8935,0.5);
#8935 = AXIS2_PLACEMENT_3D('',#8936,#8937,#8938);
#8936 = CARTESIAN_POINT('',(8.5,2.5,-4.6E-02));
#8937 = DIRECTION('',(-0.,-0.,-1.));
#8938 = DIRECTION('',(-0.,-1.,0.));
#8939 = ADVANCED_FACE('',(#8940),#8951,.F.);
#8940 = FACE_BOUND('',#8941,.T.);
#8941 = EDGE_LOOP('',(#8942,#8943,#8949,#8950));
#8942 = ORIENTED_EDGE('',*,*,#8634,.T.);
#8943 = ORIENTED_EDGE('',*,*,#8944,.T.);
#8944 = EDGE_CURVE('',#8635,#8762,#8945,.T.);
#8945 = LINE('',#8946,#8947);
#8946 = CARTESIAN_POINT('',(8.,6.4,-4.6E-02));
#8947 = VECTOR('',#8948,1.);
#8948 = DIRECTION('',(0.,0.,1.));
#8949 = ORIENTED_EDGE('',*,*,#8761,.F.);
#8950 = ORIENTED_EDGE('',*,*,#8944,.F.);
#8951 = CYLINDRICAL_SURFACE('',#8952,1.6);
#8952 = AXIS2_PLACEMENT_3D('',#8953,#8954,#8955);
#8953 = CARTESIAN_POINT('',(8.,8.,-4.6E-02));
#8954 = DIRECTION('',(-0.,-0.,-1.));
#8955 = DIRECTION('',(-0.,-1.,0.));
#8956 = ( GEOMETRIC_REPRESENTATION_CONTEXT(3) 
GLOBAL_UNCERTAINTY_ASSIGNED_CONTEXT((#8960)) 
GLOBAL_UNIT_ASSIGNED_CONTEXT((#8957,#8958,#8959)) REPRESENTATION_CONTEXT
('Context #1','3D Context with UNIT and UNCERTAINTY') );
#8957 = ( LENGTH_UNIT() NAMED_UNIT(*) SI_UNIT(.MILLI.,.METRE.) );
#8958 = ( NAMED_UNIT(*) PLANE_ANGLE_UNIT() SI_UNIT($,.RADIAN.) );
#8959 = ( NAMED_UNIT(*) SI_UNIT($,.STERADIAN.) SOLID_ANGLE_UNIT() );
#8960 = UNCERTAINTY_MEASURE_WITH_UNIT(LENGTH_MEASURE(1.E-07),#8957,
  'distance_accuracy_value','confusion accuracy');
#8961 = CONTEXT_DEPENDENT_SHAPE_REPRESENTATION(#8962,#8964);
#8962 = ( REPRESENTATION_RELATIONSHIP('','',#8415,#10) 
REPRESENTATION_RELATIONSHIP_WITH_TRANSFORMATION(#8963) 
SHAPE_REPRESENTATION_RELATIONSHIP() );
#8963 = ITEM_DEFINED_TRANSFORMATION('','',#11,#31);
#8964 = PRODUCT_DEFINITION_SHAPE('Placement','Placement of an item',
  #8965);
#8965 = NEXT_ASSEMBLY_USAGE_OCCURRENCE('6','=>[0:1:1:6]','',#5,#8410,$);
#8966 = PRODUCT_RELATED_PRODUCT_CATEGORY('part',$,(#8412));
#8967 = MECHANICAL_DESIGN_GEOMETRIC_PRESENTATION_REPRESENTATION('',(
    #8968,#8976,#8983,#8990,#8998,#9006,#9013),#7588);
#8968 = STYLED_ITEM('color',(#8969),#4899);
#8969 = PRESENTATION_STYLE_ASSIGNMENT((#8970));
#8970 = SURFACE_STYLE_USAGE(.BOTH.,#8971);
#8971 = SURFACE_SIDE_STYLE('',(#8972));
#8972 = SURFACE_STYLE_FILL_AREA(#8973);
#8973 = FILL_AREA_STYLE('',(#8974));
#8974 = FILL_AREA_STYLE_COLOUR('',#8975);
#8975 = COLOUR_RGB('',0.792156867455,0.819607826924,0.933333342953);
#8976 = STYLED_ITEM('color',(#8977),#5354);
#8977 = PRESENTATION_STYLE_ASSIGNMENT((#8978));
#8978 = SURFACE_STYLE_USAGE(.BOTH.,#8979);
#8979 = SURFACE_SIDE_STYLE('',(#8980));
#8980 = SURFACE_STYLE_FILL_AREA(#8981);
#8981 = FILL_AREA_STYLE('',(#8982));
#8982 = FILL_AREA_STYLE_COLOUR('',#8975);
#8983 = STYLED_ITEM('color',(#8984),#5809);
#8984 = PRESENTATION_STYLE_ASSIGNMENT((#8985));
#8985 = SURFACE_STYLE_USAGE(.BOTH.,#8986);
#8986 = SURFACE_SIDE_STYLE('',(#8987));
#8987 = SURFACE_STYLE_FILL_AREA(#8988);
#8988 = FILL_AREA_STYLE('',(#8989));
#8989 = FILL_AREA_STYLE_COLOUR('',#8975);
#8990 = STYLED_ITEM('color',(#8991),#6264);
#8991 = PRESENTATION_STYLE_ASSIGNMENT((#8992));
#8992 = SURFACE_STYLE_USAGE(.BOTH.,#8993);
#8993 = SURFACE_SIDE_STYLE('',(#8994));
#8994 = SURFACE_STYLE_FILL_AREA(#8995);
#8995 = FILL_AREA_STYLE('',(#8996));
#8996 = FILL_AREA_STYLE_COLOUR('',#8997);
#8997 = COLOUR_RGB('',0.250980388104,0.250980388104,0.250980388104);
#8998 = STYLED_ITEM('color',(#8999),#6590);
#8999 = PRESENTATION_STYLE_ASSIGNMENT((#9000));
#9000 = SURFACE_STYLE_USAGE(.BOTH.,#9001);
#9001 = SURFACE_SIDE_STYLE('',(#9002));
#9002 = SURFACE_STYLE_FILL_AREA(#9003);
#9003 = FILL_AREA_STYLE('',(#9004));
#9004 = FILL_AREA_STYLE_COLOUR('',#9005);
#9005 = DRAUGHTING_PRE_DEFINED_COLOUR('white');
#9006 = STYLED_ITEM('color',(#9007),#6678);
#9007 = PRESENTATION_STYLE_ASSIGNMENT((#9008));
#9008 = SURFACE_STYLE_USAGE(.BOTH.,#9009);
#9009 = SURFACE_SIDE_STYLE('',(#9010));
#9010 = SURFACE_STYLE_FILL_AREA(#9011);
#9011 = FILL_AREA_STYLE('',(#9012));
#9012 = FILL_AREA_STYLE_COLOUR('',#8975);
#9013 = STYLED_ITEM('color',(#9014),#7133);
#9014 = PRESENTATION_STYLE_ASSIGNMENT((#9015));
#9015 = SURFACE_STYLE_USAGE(.BOTH.,#9016);
#9016 = SURFACE_SIDE_STYLE('',(#9017));
#9017 = SURFACE_STYLE_FILL_AREA(#9018);
#9018 = FILL_AREA_STYLE('',(#9019));
#9019 = FILL_AREA_STYLE_COLOUR('',#8975);
#9020 = MECHANICAL_DESIGN_GEOMETRIC_PRESENTATION_REPRESENTATION('',(
    #9021,#9029,#9036,#9043,#9050,#9057,#9064,#9071,#9079,#9086,#9093,
    #9100,#9107,#9114,#9122,#9129,#9136,#9143,#9150,#9157,#9164,#9171,
    #9178,#9185,#9192,#9199),#8397);
#9021 = STYLED_ITEM('color',(#9022),#7609);
#9022 = PRESENTATION_STYLE_ASSIGNMENT((#9023));
#9023 = SURFACE_STYLE_USAGE(.BOTH.,#9024);
#9024 = SURFACE_SIDE_STYLE('',(#9025));
#9025 = SURFACE_STYLE_FILL_AREA(#9026);
#9026 = FILL_AREA_STYLE('',(#9027));
#9027 = FILL_AREA_STYLE_COLOUR('',#9028);
#9028 = COLOUR_RGB('',0.823999987314,0.819999987296,0.781000009244);
#9029 = STYLED_ITEM('color',(#9030),#7649);
#9030 = PRESENTATION_STYLE_ASSIGNMENT((#9031));
#9031 = SURFACE_STYLE_USAGE(.BOTH.,#9032);
#9032 = SURFACE_SIDE_STYLE('',(#9033));
#9033 = SURFACE_STYLE_FILL_AREA(#9034);
#9034 = FILL_AREA_STYLE('',(#9035));
#9035 = FILL_AREA_STYLE_COLOUR('',#9028);
#9036 = STYLED_ITEM('color',(#9037),#7732);
#9037 = PRESENTATION_STYLE_ASSIGNMENT((#9038));
#9038 = SURFACE_STYLE_USAGE(.BOTH.,#9039);
#9039 = SURFACE_SIDE_STYLE('',(#9040));
#9040 = SURFACE_STYLE_FILL_AREA(#9041);
#9041 = FILL_AREA_STYLE('',(#9042));
#9042 = FILL_AREA_STYLE_COLOUR('',#9028);
#9043 = STYLED_ITEM('color',(#9044),#7757);
#9044 = PRESENTATION_STYLE_ASSIGNMENT((#9045));
#9045 = SURFACE_STYLE_USAGE(.BOTH.,#9046);
#9046 = SURFACE_SIDE_STYLE('',(#9047));
#9047 = SURFACE_STYLE_FILL_AREA(#9048);
#9048 = FILL_AREA_STYLE('',(#9049));
#9049 = FILL_AREA_STYLE_COLOUR('',#9028);
#9050 = STYLED_ITEM('color',(#9051),#7782);
#9051 = PRESENTATION_STYLE_ASSIGNMENT((#9052));
#9052 = SURFACE_STYLE_USAGE(.BOTH.,#9053);
#9053 = SURFACE_SIDE_STYLE('',(#9054));
#9054 = SURFACE_STYLE_FILL_AREA(#9055);
#9055 = FILL_AREA_STYLE('',(#9056));
#9056 = FILL_AREA_STYLE_COLOUR('',#9028);
#9057 = STYLED_ITEM('color',(#9058),#7849);
#9058 = PRESENTATION_STYLE_ASSIGNMENT((#9059));
#9059 = SURFACE_STYLE_USAGE(.BOTH.,#9060);
#9060 = SURFACE_SIDE_STYLE('',(#9061));
#9061 = SURFACE_STYLE_FILL_AREA(#9062);
#9062 = FILL_AREA_STYLE('',(#9063));
#9063 = FILL_AREA_STYLE_COLOUR('',#9028);
#9064 = STYLED_ITEM('color',(#9065),#7866);
#9065 = PRESENTATION_STYLE_ASSIGNMENT((#9066));
#9066 = SURFACE_STYLE_USAGE(.BOTH.,#9067);
#9067 = SURFACE_SIDE_STYLE('',(#9068));
#9068 = SURFACE_STYLE_FILL_AREA(#9069);
#9069 = FILL_AREA_STYLE('',(#9070));
#9070 = FILL_AREA_STYLE_COLOUR('',#9028);
#9071 = STYLED_ITEM('color',(#9072),#7883);
#9072 = PRESENTATION_STYLE_ASSIGNMENT((#9073));
#9073 = SURFACE_STYLE_USAGE(.BOTH.,#9074);
#9074 = SURFACE_SIDE_STYLE('',(#9075));
#9075 = SURFACE_STYLE_FILL_AREA(#9076);
#9076 = FILL_AREA_STYLE('',(#9077));
#9077 = FILL_AREA_STYLE_COLOUR('',#9078);
#9078 = COLOUR_RGB('',0.894999966383,0.890999961016,0.813000030345);
#9079 = STYLED_ITEM('color',(#9080),#7932);
#9080 = PRESENTATION_STYLE_ASSIGNMENT((#9081));
#9081 = SURFACE_STYLE_USAGE(.BOTH.,#9082);
#9082 = SURFACE_SIDE_STYLE('',(#9083));
#9083 = SURFACE_STYLE_FILL_AREA(#9084);
#9084 = FILL_AREA_STYLE('',(#9085));
#9085 = FILL_AREA_STYLE_COLOUR('',#9028);
#9086 = STYLED_ITEM('color',(#9087),#7949);
#9087 = PRESENTATION_STYLE_ASSIGNMENT((#9088));
#9088 = SURFACE_STYLE_USAGE(.BOTH.,#9089);
#9089 = SURFACE_SIDE_STYLE('',(#9090));
#9090 = SURFACE_STYLE_FILL_AREA(#9091);
#9091 = FILL_AREA_STYLE('',(#9092));
#9092 = FILL_AREA_STYLE_COLOUR('',#9028);
#9093 = STYLED_ITEM('color',(#9094),#7966);
#9094 = PRESENTATION_STYLE_ASSIGNMENT((#9095));
#9095 = SURFACE_STYLE_USAGE(.BOTH.,#9096);
#9096 = SURFACE_SIDE_STYLE('',(#9097));
#9097 = SURFACE_STYLE_FILL_AREA(#9098);
#9098 = FILL_AREA_STYLE('',(#9099));
#9099 = FILL_AREA_STYLE_COLOUR('',#9078);
#9100 = STYLED_ITEM('color',(#9101),#8015);
#9101 = PRESENTATION_STYLE_ASSIGNMENT((#9102));
#9102 = SURFACE_STYLE_USAGE(.BOTH.,#9103);
#9103 = SURFACE_SIDE_STYLE('',(#9104));
#9104 = SURFACE_STYLE_FILL_AREA(#9105);
#9105 = FILL_AREA_STYLE('',(#9106));
#9106 = FILL_AREA_STYLE_COLOUR('',#9078);
#9107 = STYLED_ITEM('color',(#9108),#8032);
#9108 = PRESENTATION_STYLE_ASSIGNMENT((#9109));
#9109 = SURFACE_STYLE_USAGE(.BOTH.,#9110);
#9110 = SURFACE_SIDE_STYLE('',(#9111));
#9111 = SURFACE_STYLE_FILL_AREA(#9112);
#9112 = FILL_AREA_STYLE('',(#9113));
#9113 = FILL_AREA_STYLE_COLOUR('',#9028);
#9114 = STYLED_ITEM('color',(#9115),#8101);
#9115 = PRESENTATION_STYLE_ASSIGNMENT((#9116));
#9116 = SURFACE_STYLE_USAGE(.BOTH.,#9117);
#9117 = SURFACE_SIDE_STYLE('',(#9118));
#9118 = SURFACE_STYLE_FILL_AREA(#9119);
#9119 = FILL_AREA_STYLE('',(#9120));
#9120 = FILL_AREA_STYLE_COLOUR('',#9121);
#9121 = COLOUR_RGB('',8.200000279077E-02,8.600000121357E-02,
  9.399999706163E-02);
#9122 = STYLED_ITEM('color',(#9123),#8132);
#9123 = PRESENTATION_STYLE_ASSIGNMENT((#9124));
#9124 = SURFACE_STYLE_USAGE(.BOTH.,#9125);
#9125 = SURFACE_SIDE_STYLE('',(#9126));
#9126 = SURFACE_STYLE_FILL_AREA(#9127);
#9127 = FILL_AREA_STYLE('',(#9128));
#9128 = FILL_AREA_STYLE_COLOUR('',#9121);
#9129 = STYLED_ITEM('color',(#9130),#8156);
#9130 = PRESENTATION_STYLE_ASSIGNMENT((#9131));
#9131 = SURFACE_STYLE_USAGE(.BOTH.,#9132);
#9132 = SURFACE_SIDE_STYLE('',(#9133));
#9133 = SURFACE_STYLE_FILL_AREA(#9134);
#9134 = FILL_AREA_STYLE('',(#9135));
#9135 = FILL_AREA_STYLE_COLOUR('',#9028);
#9136 = STYLED_ITEM('color',(#9137),#8225);
#9137 = PRESENTATION_STYLE_ASSIGNMENT((#9138));
#9138 = SURFACE_STYLE_USAGE(.BOTH.,#9139);
#9139 = SURFACE_SIDE_STYLE('',(#9140));
#9140 = SURFACE_STYLE_FILL_AREA(#9141);
#9141 = FILL_AREA_STYLE('',(#9142));
#9142 = FILL_AREA_STYLE_COLOUR('',#9121);
#9143 = STYLED_ITEM('color',(#9144),#8249);
#9144 = PRESENTATION_STYLE_ASSIGNMENT((#9145));
#9145 = SURFACE_STYLE_USAGE(.BOTH.,#9146);
#9146 = SURFACE_SIDE_STYLE('',(#9147));
#9147 = SURFACE_STYLE_FILL_AREA(#9148);
#9148 = FILL_AREA_STYLE('',(#9149));
#9149 = FILL_AREA_STYLE_COLOUR('',#9028);
#9150 = STYLED_ITEM('color',(#9151),#8266);
#9151 = PRESENTATION_STYLE_ASSIGNMENT((#9152));
#9152 = SURFACE_STYLE_USAGE(.BOTH.,#9153);
#9153 = SURFACE_SIDE_STYLE('',(#9154));
#9154 = SURFACE_STYLE_FILL_AREA(#9155);
#9155 = FILL_AREA_STYLE('',(#9156));
#9156 = FILL_AREA_STYLE_COLOUR('',#9028);
#9157 = STYLED_ITEM('color',(#9158),#8283);
#9158 = PRESENTATION_STYLE_ASSIGNMENT((#9159));
#9159 = SURFACE_STYLE_USAGE(.BOTH.,#9160);
#9160 = SURFACE_SIDE_STYLE('',(#9161));
#9161 = SURFACE_STYLE_FILL_AREA(#9162);
#9162 = FILL_AREA_STYLE('',(#9163));
#9163 = FILL_AREA_STYLE_COLOUR('',#9028);
#9164 = STYLED_ITEM('color',(#9165),#8300);
#9165 = PRESENTATION_STYLE_ASSIGNMENT((#9166));
#9166 = SURFACE_STYLE_USAGE(.BOTH.,#9167);
#9167 = SURFACE_SIDE_STYLE('',(#9168));
#9168 = SURFACE_STYLE_FILL_AREA(#9169);
#9169 = FILL_AREA_STYLE('',(#9170));
#9170 = FILL_AREA_STYLE_COLOUR('',#9028);
#9171 = STYLED_ITEM('color',(#9172),#8317);
#9172 = PRESENTATION_STYLE_ASSIGNMENT((#9173));
#9173 = SURFACE_STYLE_USAGE(.BOTH.,#9174);
#9174 = SURFACE_SIDE_STYLE('',(#9175));
#9175 = SURFACE_STYLE_FILL_AREA(#9176);
#9176 = FILL_AREA_STYLE('',(#9177));
#9177 = FILL_AREA_STYLE_COLOUR('',#9028);
#9178 = STYLED_ITEM('color',(#9179),#8334);
#9179 = PRESENTATION_STYLE_ASSIGNMENT((#9180));
#9180 = SURFACE_STYLE_USAGE(.BOTH.,#9181);
#9181 = SURFACE_SIDE_STYLE('',(#9182));
#9182 = SURFACE_STYLE_FILL_AREA(#9183);
#9183 = FILL_AREA_STYLE('',(#9184));
#9184 = FILL_AREA_STYLE_COLOUR('',#9028);
#9185 = STYLED_ITEM('color',(#9186),#8351);
#9186 = PRESENTATION_STYLE_ASSIGNMENT((#9187));
#9187 = SURFACE_STYLE_USAGE(.BOTH.,#9188);
#9188 = SURFACE_SIDE_STYLE('',(#9189));
#9189 = SURFACE_STYLE_FILL_AREA(#9190);
#9190 = FILL_AREA_STYLE('',(#9191));
#9191 = FILL_AREA_STYLE_COLOUR('',#9028);
#9192 = STYLED_ITEM('color',(#9193),#8368);
#9193 = PRESENTATION_STYLE_ASSIGNMENT((#9194));
#9194 = SURFACE_STYLE_USAGE(.BOTH.,#9195);
#9195 = SURFACE_SIDE_STYLE('',(#9196));
#9196 = SURFACE_STYLE_FILL_AREA(#9197);
#9197 = FILL_AREA_STYLE('',(#9198));
#9198 = FILL_AREA_STYLE_COLOUR('',#9121);
#9199 = STYLED_ITEM('color',(#9200),#8385);
#9200 = PRESENTATION_STYLE_ASSIGNMENT((#9201));
#9201 = SURFACE_STYLE_USAGE(.BOTH.,#9202);
#9202 = SURFACE_SIDE_STYLE('',(#9203));
#9203 = SURFACE_STYLE_FILL_AREA(#9204);
#9204 = FILL_AREA_STYLE('',(#9205));
#9205 = FILL_AREA_STYLE_COLOUR('',#9121);
#9206 = MECHANICAL_DESIGN_GEOMETRIC_PRESENTATION_REPRESENTATION('',(
    #9207,#9214,#9221,#9228,#9235,#9242,#9249,#9256,#9263,#9270,#9277,
    #9285,#9292,#9299,#9306,#9313,#9320,#9327,#9334,#9341,#9348,#9355,
    #9362,#9369,#9376,#9383,#9390,#9397),#903);
#9207 = STYLED_ITEM('color',(#9208),#51);
#9208 = PRESENTATION_STYLE_ASSIGNMENT((#9209));
#9209 = SURFACE_STYLE_USAGE(.BOTH.,#9210);
#9210 = SURFACE_SIDE_STYLE('',(#9211));
#9211 = SURFACE_STYLE_FILL_AREA(#9212);
#9212 = FILL_AREA_STYLE('',(#9213));
#9213 = FILL_AREA_STYLE_COLOUR('',#9028);
#9214 = STYLED_ITEM('color',(#9215),#127);
#9215 = PRESENTATION_STYLE_ASSIGNMENT((#9216));
#9216 = SURFACE_STYLE_USAGE(.BOTH.,#9217);
#9217 = SURFACE_SIDE_STYLE('',(#9218));
#9218 = SURFACE_STYLE_FILL_AREA(#9219);
#9219 = FILL_AREA_STYLE('',(#9220));
#9220 = FILL_AREA_STYLE_COLOUR('',#9028);
#9221 = STYLED_ITEM('color',(#9222),#158);
#9222 = PRESENTATION_STYLE_ASSIGNMENT((#9223));
#9223 = SURFACE_STYLE_USAGE(.BOTH.,#9224);
#9224 = SURFACE_SIDE_STYLE('',(#9225));
#9225 = SURFACE_STYLE_FILL_AREA(#9226);
#9226 = FILL_AREA_STYLE('',(#9227));
#9227 = FILL_AREA_STYLE_COLOUR('',#9028);
#9228 = STYLED_ITEM('color',(#9229),#183);
#9229 = PRESENTATION_STYLE_ASSIGNMENT((#9230));
#9230 = SURFACE_STYLE_USAGE(.BOTH.,#9231);
#9231 = SURFACE_SIDE_STYLE('',(#9232));
#9232 = SURFACE_STYLE_FILL_AREA(#9233);
#9233 = FILL_AREA_STYLE('',(#9234));
#9234 = FILL_AREA_STYLE_COLOUR('',#9028);
#9235 = STYLED_ITEM('color',(#9236),#208);
#9236 = PRESENTATION_STYLE_ASSIGNMENT((#9237));
#9237 = SURFACE_STYLE_USAGE(.BOTH.,#9238);
#9238 = SURFACE_SIDE_STYLE('',(#9239));
#9239 = SURFACE_STYLE_FILL_AREA(#9240);
#9240 = FILL_AREA_STYLE('',(#9241));
#9241 = FILL_AREA_STYLE_COLOUR('',#9028);
#9242 = STYLED_ITEM('color',(#9243),#232);
#9243 = PRESENTATION_STYLE_ASSIGNMENT((#9244));
#9244 = SURFACE_STYLE_USAGE(.BOTH.,#9245);
#9245 = SURFACE_SIDE_STYLE('',(#9246));
#9246 = SURFACE_STYLE_FILL_AREA(#9247);
#9247 = FILL_AREA_STYLE('',(#9248));
#9248 = FILL_AREA_STYLE_COLOUR('',#9028);
#9249 = STYLED_ITEM('color',(#9250),#256);
#9250 = PRESENTATION_STYLE_ASSIGNMENT((#9251));
#9251 = SURFACE_STYLE_USAGE(.BOTH.,#9252);
#9252 = SURFACE_SIDE_STYLE('',(#9253));
#9253 = SURFACE_STYLE_FILL_AREA(#9254);
#9254 = FILL_AREA_STYLE('',(#9255));
#9255 = FILL_AREA_STYLE_COLOUR('',#9028);
#9256 = STYLED_ITEM('color',(#9257),#281);
#9257 = PRESENTATION_STYLE_ASSIGNMENT((#9258));
#9258 = SURFACE_STYLE_USAGE(.BOTH.,#9259);
#9259 = SURFACE_SIDE_STYLE('',(#9260));
#9260 = SURFACE_STYLE_FILL_AREA(#9261);
#9261 = FILL_AREA_STYLE('',(#9262));
#9262 = FILL_AREA_STYLE_COLOUR('',#9028);
#9263 = STYLED_ITEM('color',(#9264),#306);
#9264 = PRESENTATION_STYLE_ASSIGNMENT((#9265));
#9265 = SURFACE_STYLE_USAGE(.BOTH.,#9266);
#9266 = SURFACE_SIDE_STYLE('',(#9267));
#9267 = SURFACE_STYLE_FILL_AREA(#9268);
#9268 = FILL_AREA_STYLE('',(#9269));
#9269 = FILL_AREA_STYLE_COLOUR('',#9028);
#9270 = STYLED_ITEM('color',(#9271),#323);
#9271 = PRESENTATION_STYLE_ASSIGNMENT((#9272));
#9272 = SURFACE_STYLE_USAGE(.BOTH.,#9273);
#9273 = SURFACE_SIDE_STYLE('',(#9274));
#9274 = SURFACE_STYLE_FILL_AREA(#9275);
#9275 = FILL_AREA_STYLE('',(#9276));
#9276 = FILL_AREA_STYLE_COLOUR('',#9028);
#9277 = STYLED_ITEM('color',(#9278),#409);
#9278 = PRESENTATION_STYLE_ASSIGNMENT((#9279));
#9279 = SURFACE_STYLE_USAGE(.BOTH.,#9280);
#9280 = SURFACE_SIDE_STYLE('',(#9281));
#9281 = SURFACE_STYLE_FILL_AREA(#9282);
#9282 = FILL_AREA_STYLE('',(#9283));
#9283 = FILL_AREA_STYLE_COLOUR('',#9284);
#9284 = COLOUR_RGB('',0.379000005575,0.270000008848,0.214999999939);
#9285 = STYLED_ITEM('color',(#9286),#441);
#9286 = PRESENTATION_STYLE_ASSIGNMENT((#9287));
#9287 = SURFACE_STYLE_USAGE(.BOTH.,#9288);
#9288 = SURFACE_SIDE_STYLE('',(#9289));
#9289 = SURFACE_STYLE_FILL_AREA(#9290);
#9290 = FILL_AREA_STYLE('',(#9291));
#9291 = FILL_AREA_STYLE_COLOUR('',#9284);
#9292 = STYLED_ITEM('color',(#9293),#465);
#9293 = PRESENTATION_STYLE_ASSIGNMENT((#9294));
#9294 = SURFACE_STYLE_USAGE(.BOTH.,#9295);
#9295 = SURFACE_SIDE_STYLE('',(#9296));
#9296 = SURFACE_STYLE_FILL_AREA(#9297);
#9297 = FILL_AREA_STYLE('',(#9298));
#9298 = FILL_AREA_STYLE_COLOUR('',#9284);
#9299 = STYLED_ITEM('color',(#9300),#490);
#9300 = PRESENTATION_STYLE_ASSIGNMENT((#9301));
#9301 = SURFACE_STYLE_USAGE(.BOTH.,#9302);
#9302 = SURFACE_SIDE_STYLE('',(#9303));
#9303 = SURFACE_STYLE_FILL_AREA(#9304);
#9304 = FILL_AREA_STYLE('',(#9305));
#9305 = FILL_AREA_STYLE_COLOUR('',#9284);
#9306 = STYLED_ITEM('color',(#9307),#514);
#9307 = PRESENTATION_STYLE_ASSIGNMENT((#9308));
#9308 = SURFACE_STYLE_USAGE(.BOTH.,#9309);
#9309 = SURFACE_SIDE_STYLE('',(#9310));
#9310 = SURFACE_STYLE_FILL_AREA(#9311);
#9311 = FILL_AREA_STYLE('',(#9312));
#9312 = FILL_AREA_STYLE_COLOUR('',#9284);
#9313 = STYLED_ITEM('color',(#9314),#539);
#9314 = PRESENTATION_STYLE_ASSIGNMENT((#9315));
#9315 = SURFACE_STYLE_USAGE(.BOTH.,#9316);
#9316 = SURFACE_SIDE_STYLE('',(#9317));
#9317 = SURFACE_STYLE_FILL_AREA(#9318);
#9318 = FILL_AREA_STYLE('',(#9319));
#9319 = FILL_AREA_STYLE_COLOUR('',#9284);
#9320 = STYLED_ITEM('color',(#9321),#563);
#9321 = PRESENTATION_STYLE_ASSIGNMENT((#9322));
#9322 = SURFACE_STYLE_USAGE(.BOTH.,#9323);
#9323 = SURFACE_SIDE_STYLE('',(#9324));
#9324 = SURFACE_STYLE_FILL_AREA(#9325);
#9325 = FILL_AREA_STYLE('',(#9326));
#9326 = FILL_AREA_STYLE_COLOUR('',#9284);
#9327 = STYLED_ITEM('color',(#9328),#588);
#9328 = PRESENTATION_STYLE_ASSIGNMENT((#9329));
#9329 = SURFACE_STYLE_USAGE(.BOTH.,#9330);
#9330 = SURFACE_SIDE_STYLE('',(#9331));
#9331 = SURFACE_STYLE_FILL_AREA(#9332);
#9332 = FILL_AREA_STYLE('',(#9333));
#9333 = FILL_AREA_STYLE_COLOUR('',#9284);
#9334 = STYLED_ITEM('color',(#9335),#605);
#9335 = PRESENTATION_STYLE_ASSIGNMENT((#9336));
#9336 = SURFACE_STYLE_USAGE(.BOTH.,#9337);
#9337 = SURFACE_SIDE_STYLE('',(#9338));
#9338 = SURFACE_STYLE_FILL_AREA(#9339);
#9339 = FILL_AREA_STYLE('',(#9340));
#9340 = FILL_AREA_STYLE_COLOUR('',#9028);
#9341 = STYLED_ITEM('color',(#9342),#691);
#9342 = PRESENTATION_STYLE_ASSIGNMENT((#9343));
#9343 = SURFACE_STYLE_USAGE(.BOTH.,#9344);
#9344 = SURFACE_SIDE_STYLE('',(#9345));
#9345 = SURFACE_STYLE_FILL_AREA(#9346);
#9346 = FILL_AREA_STYLE('',(#9347));
#9347 = FILL_AREA_STYLE_COLOUR('',#9028);
#9348 = STYLED_ITEM('color',(#9349),#722);
#9349 = PRESENTATION_STYLE_ASSIGNMENT((#9350));
#9350 = SURFACE_STYLE_USAGE(.BOTH.,#9351);
#9351 = SURFACE_SIDE_STYLE('',(#9352));
#9352 = SURFACE_STYLE_FILL_AREA(#9353);
#9353 = FILL_AREA_STYLE('',(#9354));
#9354 = FILL_AREA_STYLE_COLOUR('',#9028);
#9355 = STYLED_ITEM('color',(#9356),#747);
#9356 = PRESENTATION_STYLE_ASSIGNMENT((#9357));
#9357 = SURFACE_STYLE_USAGE(.BOTH.,#9358);
#9358 = SURFACE_SIDE_STYLE('',(#9359));
#9359 = SURFACE_STYLE_FILL_AREA(#9360);
#9360 = FILL_AREA_STYLE('',(#9361));
#9361 = FILL_AREA_STYLE_COLOUR('',#9028);
#9362 = STYLED_ITEM('color',(#9363),#772);
#9363 = PRESENTATION_STYLE_ASSIGNMENT((#9364));
#9364 = SURFACE_STYLE_USAGE(.BOTH.,#9365);
#9365 = SURFACE_SIDE_STYLE('',(#9366));
#9366 = SURFACE_STYLE_FILL_AREA(#9367);
#9367 = FILL_AREA_STYLE('',(#9368));
#9368 = FILL_AREA_STYLE_COLOUR('',#9028);
#9369 = STYLED_ITEM('color',(#9370),#796);
#9370 = PRESENTATION_STYLE_ASSIGNMENT((#9371));
#9371 = SURFACE_STYLE_USAGE(.BOTH.,#9372);
#9372 = SURFACE_SIDE_STYLE('',(#9373));
#9373 = SURFACE_STYLE_FILL_AREA(#9374);
#9374 = FILL_AREA_STYLE('',(#9375));
#9375 = FILL_AREA_STYLE_COLOUR('',#9028);
#9376 = STYLED_ITEM('color',(#9377),#820);
#9377 = PRESENTATION_STYLE_ASSIGNMENT((#9378));
#9378 = SURFACE_STYLE_USAGE(.BOTH.,#9379);
#9379 = SURFACE_SIDE_STYLE('',(#9380));
#9380 = SURFACE_STYLE_FILL_AREA(#9381);
#9381 = FILL_AREA_STYLE('',(#9382));
#9382 = FILL_AREA_STYLE_COLOUR('',#9028);
#9383 = STYLED_ITEM('color',(#9384),#845);
#9384 = PRESENTATION_STYLE_ASSIGNMENT((#9385));
#9385 = SURFACE_STYLE_USAGE(.BOTH.,#9386);
#9386 = SURFACE_SIDE_STYLE('',(#9387));
#9387 = SURFACE_STYLE_FILL_AREA(#9388);
#9388 = FILL_AREA_STYLE('',(#9389));
#9389 = FILL_AREA_STYLE_COLOUR('',#9028);
#9390 = STYLED_ITEM('color',(#9391),#870);
#9391 = PRESENTATION_STYLE_ASSIGNMENT((#9392));
#9392 = SURFACE_STYLE_USAGE(.BOTH.,#9393);
#9393 = SURFACE_SIDE_STYLE('',(#9394));
#9394 = SURFACE_STYLE_FILL_AREA(#9395);
#9395 = FILL_AREA_STYLE('',(#9396));
#9396 = FILL_AREA_STYLE_COLOUR('',#9028);
#9397 = STYLED_ITEM('color',(#9398),#887);
#9398 = PRESENTATION_STYLE_ASSIGNMENT((#9399));
#9399 = SURFACE_STYLE_USAGE(.BOTH.,#9400);
#9400 = SURFACE_SIDE_STYLE('',(#9401));
#9401 = SURFACE_STYLE_FILL_AREA(#9402);
#9402 = FILL_AREA_STYLE('',(#9403));
#9403 = FILL_AREA_STYLE_COLOUR('',#9028);
#9404 = MECHANICAL_DESIGN_GEOMETRIC_PRESENTATION_REPRESENTATION('',(
    #9405),#8956);
#9405 = STYLED_ITEM('color',(#9406),#8416);
#9406 = PRESENTATION_STYLE_ASSIGNMENT((#9407));
#9407 = SURFACE_STYLE_USAGE(.BOTH.,#9408);
#9408 = SURFACE_SIDE_STYLE('',(#9409));
#9409 = SURFACE_STYLE_FILL_AREA(#9410);
#9410 = FILL_AREA_STYLE('',(#9411));
#9411 = FILL_AREA_STYLE_COLOUR('',#9412);
#9412 = COLOUR_RGB('',0.313304153717,0.484529207832,0.410020903123);
#9413 = MECHANICAL_DESIGN_GEOMETRIC_PRESENTATION_REPRESENTATION('',(
    #9414,#9422,#9429,#9436,#9443,#9451,#9458,#9466,#9473,#9480,#9487,
    #9494,#9501),#4880);
#9414 = STYLED_ITEM('color',(#9415),#945);
#9415 = PRESENTATION_STYLE_ASSIGNMENT((#9416));
#9416 = SURFACE_STYLE_USAGE(.BOTH.,#9417);
#9417 = SURFACE_SIDE_STYLE('',(#9418));
#9418 = SURFACE_STYLE_FILL_AREA(#9419);
#9419 = FILL_AREA_STYLE('',(#9420));
#9420 = FILL_AREA_STYLE_COLOUR('',#9421);
#9421 = COLOUR_RGB('',0.752941164258,0.752941164258,0.752941164258);
#9422 = STYLED_ITEM('color',(#9423),#1095);
#9423 = PRESENTATION_STYLE_ASSIGNMENT((#9424));
#9424 = SURFACE_STYLE_USAGE(.BOTH.,#9425);
#9425 = SURFACE_SIDE_STYLE('',(#9426));
#9426 = SURFACE_STYLE_FILL_AREA(#9427);
#9427 = FILL_AREA_STYLE('',(#9428));
#9428 = FILL_AREA_STYLE_COLOUR('',#9421);
#9429 = STYLED_ITEM('color',(#9430),#1245);
#9430 = PRESENTATION_STYLE_ASSIGNMENT((#9431));
#9431 = SURFACE_STYLE_USAGE(.BOTH.,#9432);
#9432 = SURFACE_SIDE_STYLE('',(#9433));
#9433 = SURFACE_STYLE_FILL_AREA(#9434);
#9434 = FILL_AREA_STYLE('',(#9435));
#9435 = FILL_AREA_STYLE_COLOUR('',#9421);
#9436 = STYLED_ITEM('color',(#9437),#1395);
#9437 = PRESENTATION_STYLE_ASSIGNMENT((#9438));
#9438 = SURFACE_STYLE_USAGE(.BOTH.,#9439);
#9439 = SURFACE_SIDE_STYLE('',(#9440));
#9440 = SURFACE_STYLE_FILL_AREA(#9441);
#9441 = FILL_AREA_STYLE('',(#9442));
#9442 = FILL_AREA_STYLE_COLOUR('',#8997);
#9443 = STYLED_ITEM('color',(#9444),#1809);
#9444 = PRESENTATION_STYLE_ASSIGNMENT((#9445));
#9445 = SURFACE_STYLE_USAGE(.BOTH.,#9446);
#9446 = SURFACE_SIDE_STYLE('',(#9447));
#9447 = SURFACE_STYLE_FILL_AREA(#9448);
#9448 = FILL_AREA_STYLE('',(#9449));
#9449 = FILL_AREA_STYLE_COLOUR('',#9450);
#9450 = COLOUR_RGB('',0.501960785193,0.501960785193,0.501960785193);
#9451 = STYLED_ITEM('color',(#9452),#2933);
#9452 = PRESENTATION_STYLE_ASSIGNMENT((#9453));
#9453 = SURFACE_STYLE_USAGE(.BOTH.,#9454);
#9454 = SURFACE_SIDE_STYLE('',(#9455));
#9455 = SURFACE_STYLE_FILL_AREA(#9456);
#9456 = FILL_AREA_STYLE('',(#9457));
#9457 = FILL_AREA_STYLE_COLOUR('',#9421);
#9458 = STYLED_ITEM('color',(#9459),#3083);
#9459 = PRESENTATION_STYLE_ASSIGNMENT((#9460));
#9460 = SURFACE_STYLE_USAGE(.BOTH.,#9461);
#9461 = SURFACE_SIDE_STYLE('',(#9462));
#9462 = SURFACE_STYLE_FILL_AREA(#9463);
#9463 = FILL_AREA_STYLE('',(#9464));
#9464 = FILL_AREA_STYLE_COLOUR('',#9465);
#9465 = COLOUR_RGB('',1.,0.811764696686,0.501960785193);
#9466 = STYLED_ITEM('color',(#9467),#3777);
#9467 = PRESENTATION_STYLE_ASSIGNMENT((#9468));
#9468 = SURFACE_STYLE_USAGE(.BOTH.,#9469);
#9469 = SURFACE_SIDE_STYLE('',(#9470));
#9470 = SURFACE_STYLE_FILL_AREA(#9471);
#9471 = FILL_AREA_STYLE('',(#9472));
#9472 = FILL_AREA_STYLE_COLOUR('',#9465);
#9473 = STYLED_ITEM('color',(#9474),#3929);
#9474 = PRESENTATION_STYLE_ASSIGNMENT((#9475));
#9475 = SURFACE_STYLE_USAGE(.BOTH.,#9476);
#9476 = SURFACE_SIDE_STYLE('',(#9477));
#9477 = SURFACE_STYLE_FILL_AREA(#9478);
#9478 = FILL_AREA_STYLE('',(#9479));
#9479 = FILL_AREA_STYLE_COLOUR('',#9465);
#9480 = STYLED_ITEM('color',(#9481),#4081);
#9481 = PRESENTATION_STYLE_ASSIGNMENT((#9482));
#9482 = SURFACE_STYLE_USAGE(.BOTH.,#9483);
#9483 = SURFACE_SIDE_STYLE('',(#9484));
#9484 = SURFACE_STYLE_FILL_AREA(#9485);
#9485 = FILL_AREA_STYLE('',(#9486));
#9486 = FILL_AREA_STYLE_COLOUR('',#9465);
#9487 = STYLED_ITEM('color',(#9488),#4268);
#9488 = PRESENTATION_STYLE_ASSIGNMENT((#9489));
#9489 = SURFACE_STYLE_USAGE(.BOTH.,#9490);
#9490 = SURFACE_SIDE_STYLE('',(#9491));
#9491 = SURFACE_STYLE_FILL_AREA(#9492);
#9492 = FILL_AREA_STYLE('',(#9493));
#9493 = FILL_AREA_STYLE_COLOUR('',#9465);
#9494 = STYLED_ITEM('color',(#9495),#4420);
#9495 = PRESENTATION_STYLE_ASSIGNMENT((#9496));
#9496 = SURFACE_STYLE_USAGE(.BOTH.,#9497);
#9497 = SURFACE_SIDE_STYLE('',(#9498));
#9498 = SURFACE_STYLE_FILL_AREA(#9499);
#9499 = FILL_AREA_STYLE('',(#9500));
#9500 = FILL_AREA_STYLE_COLOUR('',#9421);
#9501 = STYLED_ITEM('color',(#9502),#4792);
#9502 = PRESENTATION_STYLE_ASSIGNMENT((#9503));
#9503 = SURFACE_STYLE_USAGE(.BOTH.,#9504);
#9504 = SURFACE_SIDE_STYLE('',(#9505));
#9505 = SURFACE_STYLE_FILL_AREA(#9506);
#9506 = FILL_AREA_STYLE('',(#9507));
#9507 = FILL_AREA_STYLE_COLOUR('',#9005);
ENDSEC;
END-ISO-10303-21;
